PseudoTimeSec,PseudoTimestamp,QX,QY,QZ,QW,AX,AY,AZ
0.01,09-22-2026 23:25:52:405,-0.186000004410744,-0.562200009822845,1.84609997272491,0,-2.9978,0.3976,1.2189
0.02,09-22-2026 23:25:52:415,-0.145199999213219,0.244200006127357,0.169699996709824,0.939800024032593,-0.4197,-0.119,0.7064
0.03,09-22-2026 23:25:52:425,-0.145199999213219,0.244200006127357,0.169699996709824,0.939800024032593,-0.4197,-0.119,0.7105
0.04,09-22-2026 23:25:52:435,-0.145199999213219,0.244200006127357,0.169699996709824,0.939800024032593,-0.4197,-0.119,0.7105
0.05,09-22-2026 23:25:52:445,-0.145199999213219,0.244200006127357,0.169699996709824,0.939800024032593,-0.4197,-0.119,0.7105
0.06,09-22-2026 23:25:52:455,-0.145199999213219,0.244200006127357,0.169699996709824,0.939800024032593,-0.4197,-0.119,0.7105
0.07,09-22-2026 23:25:52:465,-0.145199999213219,0.244200006127357,0.169699996709824,0.939800024032593,-0.4197,-0.119,0.7064
0.08,09-22-2026 23:25:52:475,-0.145199999213219,0.244200006127357,0.169699996709824,0.939800024032593,-0.4197,-0.119,0.7064
0.09,09-22-2026 23:25:52:485,-0.145199999213219,0.244200006127357,0.169699996709824,0.939800024032593,-0.4197,-0.119,0.7064
0.1,09-22-2026 23:25:52:495,-0.145199999213219,0.244200006127357,0.169699996709824,0.939800024032593,-0.4197,-0.119,0.7064
0.11,09-22-2026 23:25:52:505,-0.153699994087219,0.240600004792213,0.179800003767014,0.941399991512299,-0.391,-0.1226,0.709
0.12,09-22-2026 23:25:52:515,-0.153799995779991,0.240600004792213,0.179700002074242,0.941399991512299,-0.3929,-0.1217,0.7099
0.13,09-22-2026 23:25:52:525,-0.153899997472763,0.240600004792213,0.179700002074242,0.941299974918365,-0.3936,-0.121,0.7107
0.14,09-22-2026 23:25:52:535,-0.153999999165535,0.240500003099442,0.179700002074242,0.941299974918365,-0.3935,-0.1212,0.7096
0.15,09-22-2026 23:25:52:545,-0.154100000858307,0.240500003099442,0.179700002074242,0.941299974918365,-0.3933,-0.1213,0.7093
0.16,09-22-2026 23:25:52:555,-0.154200002551079,0.24040000140667,0.179700002074242,0.941299974918365,-0.3939,-0.1212,0.7097
0.17,09-22-2026 23:25:52:565,-0.154200002551079,0.24040000140667,0.179700002074242,0.941299974918365,-0.395,-0.1204,0.7103
0.18,09-22-2026 23:25:52:575,-0.154200002551079,0.24040000140667,0.179700002074242,0.941299974918365,-0.3961,-0.1201,0.7102
0.19,09-22-2026 23:25:52:585,-0.154300004243851,0.240299999713898,0.179700002074242,0.941299974918365,-0.3968,-0.1201,0.7103
0.2,09-22-2026 23:25:52:595,-0.154300004243851,0.240299999713898,0.179700002074242,0.941299974918365,-0.3972,-0.1207,0.7102
0.21,09-22-2026 23:25:52:605,-0.152500003576279,0.240199998021126,0.179800003767014,0.941500008106232,-0.3961,-0.1227,0.7093
0.22,09-22-2026 23:25:52:615,-0.152600005269051,0.240199998021126,0.179800003767014,0.941500008106232,-0.3965,-0.1239,0.7095
0.23,09-22-2026 23:25:52:625,-0.152700006961823,0.240199998021126,0.179900005459785,0.941500008106232,-0.3964,-0.1245,0.7106
0.24,09-22-2026 23:25:52:635,-0.152799993753433,0.240199998021126,0.179900005459785,0.941500008106232,-0.3973,-0.1258,0.7128
0.25,09-22-2026 23:25:52:645,-0.152899995446205,0.240199998021126,0.179900005459785,0.941500008106232,-0.3969,-0.1262,0.7147
0.26,09-22-2026 23:25:52:655,-0.152999997138977,0.240099996328354,0.180000007152557,0.941500008106232,-0.3968,-0.1274,0.715
0.27,09-22-2026 23:25:52:665,-0.153099998831749,0.240099996328354,0.180000007152557,0.941500008106232,-0.3961,-0.1282,0.7156
0.28,09-22-2026 23:25:52:675,-0.153200000524521,0.240099996328354,0.180000007152557,0.941500008106232,-0.3964,-0.1286,0.7151
0.29,09-22-2026 23:25:52:685,-0.153300002217293,0.240099996328354,0.180000007152557,0.941399991512299,-0.3967,-0.1286,0.7148
0.3,09-22-2026 23:25:52:695,-0.153400003910065,0.240099996328354,0.180099993944168,0.941399991512299,-0.3968,-0.129,0.7146
0.31,09-22-2026 23:25:52:705,-0.153699994087219,0.240600004792213,0.179800003767014,0.941399991512299,-0.3887,-0.1232,0.7048
0.32,09-22-2026 23:25:52:715,-0.153799995779991,0.240600004792213,0.179700002074242,0.941399991512299,-0.3895,-0.1228,0.7054
0.33,09-22-2026 23:25:52:725,-0.153899997472763,0.240600004792213,0.179700002074242,0.941299974918365,-0.3911,-0.1233,0.7072
0.34,09-22-2026 23:25:52:735,-0.153999999165535,0.240500003099442,0.179700002074242,0.941299974918365,-0.3923,-0.1234,0.711
0.35,09-22-2026 23:25:52:745,-0.154100000858307,0.240500003099442,0.179700002074242,0.941299974918365,-0.3931,-0.1236,0.7126
0.36,09-22-2026 23:25:52:755,-0.154200002551079,0.24040000140667,0.179700002074242,0.941299974918365,-0.3926,-0.1247,0.7114
0.37,09-22-2026 23:25:52:765,-0.154200002551079,0.24040000140667,0.179700002074242,0.941299974918365,-0.3906,-0.126,0.7107
0.38,09-22-2026 23:25:52:775,-0.154200002551079,0.24040000140667,0.179700002074242,0.941299974918365,-0.3897,-0.1268,0.7125
0.39,09-22-2026 23:25:52:785,-0.154300004243851,0.240299999713898,0.179700002074242,0.941299974918365,-0.3893,-0.1268,0.7141
0.4,09-22-2026 23:25:52:795,-0.154300004243851,0.240299999713898,0.179700002074242,0.941299974918365,-0.3889,-0.1266,0.7126
0.41,09-22-2026 23:25:52:805,-0.152500003576279,0.240199998021126,0.179800003767014,0.941500008106232,-0.391,-0.1226,0.709
0.42,09-22-2026 23:25:52:815,-0.152600005269051,0.240199998021126,0.179800003767014,0.941500008106232,-0.3929,-0.1217,0.7099
0.43,09-22-2026 23:25:52:825,-0.152700006961823,0.240199998021126,0.179900005459785,0.941500008106232,-0.3936,-0.121,0.7107
0.44,09-22-2026 23:25:52:835,-0.152799993753433,0.240199998021126,0.179900005459785,0.941500008106232,-0.3935,-0.1212,0.7096
0.45,09-22-2026 23:25:52:845,-0.152899995446205,0.240199998021126,0.179900005459785,0.941500008106232,-0.3933,-0.1213,0.7093
0.46,09-22-2026 23:25:52:855,-0.152999997138977,0.240099996328354,0.180000007152557,0.941500008106232,-0.3939,-0.1212,0.7097
0.47,09-22-2026 23:25:52:865,-0.153099998831749,0.240099996328354,0.180000007152557,0.941500008106232,-0.395,-0.1204,0.7103
0.48,09-22-2026 23:25:52:875,-0.153200000524521,0.240099996328354,0.180000007152557,0.941500008106232,-0.3961,-0.1201,0.7102
0.49,09-22-2026 23:25:52:885,-0.153300002217293,0.240099996328354,0.180000007152557,0.941399991512299,-0.3968,-0.1201,0.7103
0.5,09-22-2026 23:25:52:895,-0.153400003910065,0.240099996328354,0.180099993944168,0.941399991512299,-0.3972,-0.1207,0.7102
0.51,09-22-2026 23:25:52:905,-0.153699994087219,0.240600004792213,0.179800003767014,0.941399991512299,-0.3961,-0.1227,0.7093
0.52,09-22-2026 23:25:52:915,-0.153799995779991,0.240600004792213,0.179700002074242,0.941399991512299,-0.3965,-0.1239,0.7095
0.53,09-22-2026 23:25:52:925,-0.153899997472763,0.240600004792213,0.179700002074242,0.941299974918365,-0.3964,-0.1245,0.7106
0.54,09-22-2026 23:25:52:935,-0.153999999165535,0.240500003099442,0.179700002074242,0.941299974918365,-0.3973,-0.1258,0.7128
0.55,09-22-2026 23:25:52:945,-0.154100000858307,0.240500003099442,0.179700002074242,0.941299974918365,-0.3969,-0.1262,0.7147
0.56,09-22-2026 23:25:52:955,-0.154200002551079,0.24040000140667,0.179700002074242,0.941299974918365,-0.3968,-0.1274,0.715
0.57,09-22-2026 23:25:52:965,-0.154200002551079,0.24040000140667,0.179700002074242,0.941299974918365,-0.3961,-0.1282,0.7156
0.58,09-22-2026 23:25:52:975,-0.154200002551079,0.24040000140667,0.179700002074242,0.941299974918365,-0.3964,-0.1286,0.7151
0.59,09-22-2026 23:25:52:985,-0.154300004243851,0.240299999713898,0.179700002074242,0.941299974918365,-0.3967,-0.1286,0.7148
0.6,09-22-2026 23:25:52:995,-0.154300004243851,0.240299999713898,0.179700002074242,0.941299974918365,-0.3968,-0.129,0.7146
0.61,09-22-2026 23:25:53:005,-0.152500003576279,0.240199998021126,0.179800003767014,0.941500008106232,-0.3887,-0.1232,0.7048
0.62,09-22-2026 23:25:53:015,-0.152600005269051,0.240199998021126,0.179800003767014,0.941500008106232,-0.3895,-0.1228,0.7054
0.63,09-22-2026 23:25:53:025,-0.152700006961823,0.240199998021126,0.179900005459785,0.941500008106232,-0.3911,-0.1233,0.7072
0.64,09-22-2026 23:25:53:035,-0.152799993753433,0.240199998021126,0.179900005459785,0.941500008106232,-0.3923,-0.1234,0.711
0.65,09-22-2026 23:25:53:045,-0.152899995446205,0.240199998021126,0.179900005459785,0.941500008106232,-0.3931,-0.1236,0.7126
0.66,09-22-2026 23:25:53:055,-0.152999997138977,0.240099996328354,0.180000007152557,0.941500008106232,-0.3926,-0.1247,0.7114
0.67,09-22-2026 23:25:53:065,-0.153099998831749,0.240099996328354,0.180000007152557,0.941500008106232,-0.3906,-0.126,0.7107
0.68,09-22-2026 23:25:53:075,-0.153200000524521,0.240099996328354,0.180000007152557,0.941500008106232,-0.3897,-0.1268,0.7125
0.69,09-22-2026 23:25:53:085,-0.153300002217293,0.240099996328354,0.180000007152557,0.941399991512299,-0.3893,-0.1268,0.7141
0.7,09-22-2026 23:25:53:095,-0.153400003910065,0.240099996328354,0.180099993944168,0.941399991512299,-0.3889,-0.1266,0.7126
0.71,09-22-2026 23:25:53:105,-0.153699994087219,0.240600004792213,0.179800003767014,0.941399991512299,-0.391,-0.1226,0.709
0.72,09-22-2026 23:25:53:115,-0.153799995779991,0.240600004792213,0.179700002074242,0.941399991512299,-0.3929,-0.1217,0.7099
0.73,09-22-2026 23:25:53:125,-0.153899997472763,0.240600004792213,0.179700002074242,0.941299974918365,-0.3936,-0.121,0.7107
0.74,09-22-2026 23:25:53:135,-0.153999999165535,0.240500003099442,0.179700002074242,0.941299974918365,-0.3935,-0.1212,0.7096
0.75,09-22-2026 23:25:53:145,-0.154100000858307,0.240500003099442,0.179700002074242,0.941299974918365,-0.3933,-0.1213,0.7093
0.76,09-22-2026 23:25:53:155,-0.154200002551079,0.24040000140667,0.179700002074242,0.941299974918365,-0.3939,-0.1212,0.7097
0.77,09-22-2026 23:25:53:165,-0.154200002551079,0.24040000140667,0.179700002074242,0.941299974918365,-0.395,-0.1204,0.7103
0.78,09-22-2026 23:25:53:175,-0.154200002551079,0.24040000140667,0.179700002074242,0.941299974918365,-0.3961,-0.1201,0.7102
0.79,09-22-2026 23:25:53:185,-0.154300004243851,0.240299999713898,0.179700002074242,0.941299974918365,-0.3968,-0.1201,0.7103
0.8,09-22-2026 23:25:53:195,-0.154300004243851,0.240299999713898,0.179700002074242,0.941299974918365,-0.3972,-0.1207,0.7102
0.81,09-22-2026 23:25:53:205,-0.154300004243851,0.240199998021126,0.179800003767014,0.941299974918365,-0.3961,-0.1227,0.7093
0.82,09-22-2026 23:25:53:215,-0.154200002551079,0.240199998021126,0.179800003767014,0.941299974918365,-0.3965,-0.1239,0.7095
0.83,09-22-2026 23:25:53:225,-0.154200002551079,0.240199998021126,0.179900005459785,0.941299974918365,-0.3964,-0.1245,0.7106
0.84,09-22-2026 23:25:53:235,-0.154100000858307,0.240199998021126,0.179900005459785,0.941299974918365,-0.3973,-0.1258,0.7128
0.85,09-22-2026 23:25:53:245,-0.153999999165535,0.240199998021126,0.179900005459785,0.941299974918365,-0.3969,-0.1262,0.7147
0.86,09-22-2026 23:25:53:255,-0.153999999165535,0.240099996328354,0.180000007152557,0.941299974918365,-0.3968,-0.1274,0.715
0.87,09-22-2026 23:25:53:265,-0.153899997472763,0.240099996328354,0.180000007152557,0.941299974918365,-0.3961,-0.1282,0.7156
0.88,09-22-2026 23:25:53:275,-0.153799995779991,0.240099996328354,0.180000007152557,0.941299974918365,-0.3964,-0.1286,0.7151
0.89,09-22-2026 23:25:53:285,-0.153699994087219,0.240099996328354,0.180000007152557,0.941299974918365,-0.3967,-0.1286,0.7148
0.9,09-22-2026 23:25:53:295,-0.153699994087219,0.240099996328354,0.180099993944168,0.941299974918365,-0.3968,-0.129,0.7146
0.91,09-22-2026 23:25:53:305,-0.153400003910065,0.239999994635582,0.180099993944168,0.941200017929077,-0.3887,-0.1232,0.7048
0.92,09-22-2026 23:25:53:315,-0.153400003910065,0.239999994635582,0.180099993944168,0.941100001335144,-0.3895,-0.1228,0.7054
0.93,09-22-2026 23:25:53:325,-0.153400003910065,0.239999994635582,0.18019999563694,0.941100001335144,-0.3911,-0.1233,0.7072
0.94,09-22-2026 23:25:53:335,-0.153300002217293,0.239999994635582,0.18019999563694,0.941100001335144,-0.3923,-0.1234,0.711
0.95,09-22-2026 23:25:53:345,-0.153300002217293,0.239999994635582,0.18019999563694,0.940999984741211,-0.3931,-0.1236,0.7126
0.96,09-22-2026 23:25:53:355,-0.153300002217293,0.239999994635582,0.180299997329712,0.940999984741211,-0.3926,-0.1247,0.7114
0.97,09-22-2026 23:25:53:365,-0.153300002217293,0.240099996328354,0.180299997329712,0.940999984741211,-0.3906,-0.126,0.7107
0.98,09-22-2026 23:25:53:375,-0.153300002217293,0.240099996328354,0.180399999022484,0.940900027751923,-0.3897,-0.1268,0.7125
0.99,09-22-2026 23:25:53:385,-0.153300002217293,0.240099996328354,0.180399999022484,0.940900027751923,-0.3893,-0.1268,0.7141
1,09-22-2026 23:25:53:395,-0.153300002217293,0.240199998021126,0.180500000715256,0.940900027751923,-0.3889,-0.1266,0.7126
1.01,09-22-2026 23:25:53:405,-0.153300002217293,0.240299999713898,0.180999994277954,0.940699994564056,-0.391,-0.1226,0.709
1.02,09-22-2026 23:25:53:415,-0.153300002217293,0.24040000140667,0.181099995970726,0.940699994564056,-0.3929,-0.1217,0.7099
1.03,09-22-2026 23:25:53:425,-0.153400003910065,0.24040000140667,0.181199997663498,0.940599977970123,-0.3936,-0.121,0.7107
1.04,09-22-2026 23:25:53:435,-0.153400003910065,0.240500003099442,0.181400001049042,0.940599977970123,-0.3935,-0.1212,0.7096
1.05,09-22-2026 23:25:53:445,-0.153400003910065,0.240500003099442,0.181500002741814,0.940599977970123,-0.3933,-0.1213,0.7093
1.06,09-22-2026 23:25:53:455,-0.153500005602837,0.240600004792213,0.181700006127357,0.940500020980835,-0.3939,-0.1212,0.7097
1.07,09-22-2026 23:25:53:465,-0.153500005602837,0.240600004792213,0.181799992918968,0.940500020980835,-0.395,-0.1204,0.7103
1.08,09-22-2026 23:25:53:475,-0.153600007295609,0.240600004792213,0.18189999461174,0.940400004386902,-0.3961,-0.1201,0.7102
1.09,09-22-2026 23:25:53:485,-0.153600007295609,0.240700006484985,0.181999996304512,0.940400004386902,-0.3968,-0.1201,0.7103
1.1,09-22-2026 23:25:53:495,-0.153699994087219,0.240700006484985,0.182199999690056,0.940299987792969,-0.3972,-0.1207,0.7102
1.11,09-22-2026 23:25:53:505,-0.153799995779991,0.240899994969368,0.182600006461143,0.940199971199036,-0.3961,-0.1227,0.7093
1.12,09-22-2026 23:25:53:515,-0.153899997472763,0.240899994969368,0.182699993252754,0.940100014209747,-0.3965,-0.1239,0.7095
1.13,09-22-2026 23:25:53:525,-0.153899997472763,0.24099999666214,0.182899996638298,0.940100014209747,-0.3964,-0.1245,0.7106
1.14,09-22-2026 23:25:53:535,-0.153899997472763,0.24099999666214,0.18299999833107,0.940100014209747,-0.3973,-0.1258,0.7128
1.15,09-22-2026 23:25:53:545,-0.153899997472763,0.241099998354912,0.183200001716614,0.939999997615814,-0.3969,-0.1262,0.7147
1.16,09-22-2026 23:25:53:555,-0.153999999165535,0.241099998354912,0.183300003409386,0.939999997615814,-0.3968,-0.1274,0.715
1.17,09-22-2026 23:25:53:565,-0.153999999165535,0.241099998354912,0.18350000679493,0.939999997615814,-0.3961,-0.1282,0.7156
1.18,09-22-2026 23:25:53:575,-0.153999999165535,0.241099998354912,0.183699995279312,0.939999997615814,-0.3964,-0.1286,0.7151
1.19,09-22-2026 23:25:53:585,-0.153999999165535,0.241200000047684,0.183799996972084,0.939999997615814,-0.3967,-0.1286,0.7148
1.2,09-22-2026 23:25:53:595,-0.153999999165535,0.241200000047684,0.184000000357628,0.939899981021881,-0.3968,-0.129,0.7146
1.21,09-22-2026 23:25:53:605,-0.153899997472763,0.241200000047684,0.184599995613098,0.939899981021881,-0.3992,-0.1273,0.7131
1.22,09-22-2026 23:25:53:615,-0.153899997472763,0.241200000047684,0.18469999730587,0.939800024032593,-0.3995,-0.1267,0.7126
1.23,09-22-2026 23:25:53:625,-0.153799995779991,0.241200000047684,0.184900000691414,0.939800024032593,-0.4007,-0.1268,0.712
1.24,09-22-2026 23:25:53:635,-0.153799995779991,0.241200000047684,0.185000002384186,0.939800024032593,-0.4013,-0.1263,0.7111
1.25,09-22-2026 23:25:53:645,-0.153799995779991,0.241200000047684,0.18520000576973,0.939800024032593,-0.4024,-0.1257,0.7095
1.26,09-22-2026 23:25:53:655,-0.153799995779991,0.241099998354912,0.185399994254112,0.93970000743866,-0.4031,-0.125,0.7082
1.27,09-22-2026 23:25:53:665,-0.153899997472763,0.241099998354912,0.185499995946884,0.93970000743866,-0.4032,-0.1235,0.7079
1.28,09-22-2026 23:25:53:675,-0.153899997472763,0.24099999666214,0.185699999332428,0.93970000743866,-0.4031,-0.1226,0.7058
1.29,09-22-2026 23:25:53:685,-0.153899997472763,0.24099999666214,0.1858000010252,0.93970000743866,-0.4028,-0.1216,0.7046
1.3,09-22-2026 23:25:53:695,-0.153899997472763,0.240899994969368,0.186000004410744,0.939599990844727,-0.4023,-0.1202,0.7052
1.31,09-22-2026 23:25:53:705,-0.153999999165535,0.240899994969368,0.186499997973442,0.939499974250793,-0.402,-0.1196,0.7027
1.32,09-22-2026 23:25:53:715,-0.153999999165535,0.240899994969368,0.186700001358986,0.939499974250793,-0.4027,-0.1204,0.7028
1.33,09-22-2026 23:25:53:725,-0.153899997472763,0.240799993276596,0.186800003051758,0.939499974250793,-0.403,-0.1214,0.7031
1.34,09-22-2026 23:25:53:735,-0.153899997472763,0.240799993276596,0.187000006437302,0.939499974250793,-0.403,-0.1223,0.703
1.35,09-22-2026 23:25:53:745,-0.153899997472763,0.240799993276596,0.187199994921684,0.939499974250793,-0.4023,-0.1235,0.7032
1.36,09-22-2026 23:25:53:755,-0.153899997472763,0.240799993276596,0.187299996614456,0.939499974250793,-0.4018,-0.1243,0.7026
1.37,09-22-2026 23:25:53:765,-0.153899997472763,0.240700006484985,0.1875,0.939400017261505,-0.4014,-0.1246,0.7028
1.38,09-22-2026 23:25:53:775,-0.153899997472763,0.240700006484985,0.187600001692772,0.939400017261505,-0.4018,-0.1246,0.7031
1.39,09-22-2026 23:25:53:785,-0.153899997472763,0.240700006484985,0.187800005078316,0.939400017261505,-0.4016,-0.1246,0.7028
1.4,09-22-2026 23:25:53:795,-0.153899997472763,0.240700006484985,0.187900006771088,0.939400017261505,-0.4027,-0.1246,0.7031
1.41,09-22-2026 23:25:53:805,-0.153899997472763,0.240700006484985,0.188299998641014,0.939300000667572,-0.4036,-0.1244,0.7022
1.42,09-22-2026 23:25:53:815,-0.153999999165535,0.240700006484985,0.188400000333786,0.939300000667572,-0.4033,-0.1242,0.7019
1.43,09-22-2026 23:25:53:825,-0.153999999165535,0.240700006484985,0.188500002026558,0.939300000667572,-0.403,-0.1243,0.7022
1.44,09-22-2026 23:25:53:835,-0.153999999165535,0.240700006484985,0.18860000371933,0.939199984073639,-0.4029,-0.1251,0.7026
1.45,09-22-2026 23:25:53:845,-0.153999999165535,0.240700006484985,0.188700005412102,0.939199984073639,-0.4029,-0.1249,0.7031
1.46,09-22-2026 23:25:53:855,-0.153999999165535,0.240700006484985,0.188700005412102,0.939199984073639,-0.4031,-0.1253,0.7051
1.47,09-22-2026 23:25:53:865,-0.153999999165535,0.240799993276596,0.188800007104874,0.939199984073639,-0.4028,-0.1258,0.7064
1.48,09-22-2026 23:25:53:875,-0.154100000858307,0.240799993276596,0.188899993896484,0.939100027084351,-0.4022,-0.1272,0.7059
1.49,09-22-2026 23:25:53:885,-0.154100000858307,0.240799993276596,0.188899993896484,0.939100027084351,-0.4014,-0.128,0.7066
1.5,09-22-2026 23:25:53:895,-0.154100000858307,0.240799993276596,0.188999995589256,0.939100027084351,-0.4008,-0.128,0.7074
1.51,09-22-2026 23:25:53:905,-0.154200002551079,0.240899994969368,0.1891999989748,0.939000010490417,-0.4027,-0.1288,0.7097
1.52,09-22-2026 23:25:53:915,-0.154200002551079,0.240899994969368,0.1891999989748,0.939000010490417,-0.4024,-0.1288,0.7111
1.53,09-22-2026 23:25:53:925,-0.154300004243851,0.24099999666214,0.189300000667572,0.939000010490417,-0.4021,-0.1285,0.7114
1.54,09-22-2026 23:25:53:935,-0.154300004243851,0.24099999666214,0.189400002360344,0.938899993896484,-0.4021,-0.1283,0.7108
1.55,09-22-2026 23:25:53:945,-0.154300004243851,0.24099999666214,0.189400002360344,0.938899993896484,-0.4007,-0.1286,0.7113
1.56,09-22-2026 23:25:53:955,-0.154300004243851,0.241099998354912,0.189500004053116,0.938899993896484,-0.3997,-0.129,0.7113
1.57,09-22-2026 23:25:53:965,-0.154300004243851,0.241099998354912,0.189600005745888,0.938899993896484,-0.3988,-0.129,0.7102
1.58,09-22-2026 23:25:53:975,-0.154300004243851,0.241099998354912,0.18970000743866,0.938799977302551,-0.3983,-0.1288,0.7091
1.59,09-22-2026 23:25:53:985,-0.154300004243851,0.241200000047684,0.18970000743866,0.938799977302551,-0.3979,-0.1289,0.7085
1.6,09-22-2026 23:25:53:995,-0.154300004243851,0.241200000047684,0.18979999423027,0.938799977302551,-0.3985,-0.1282,0.7089
1.61,09-22-2026 23:25:54:005,-0.154200002551079,0.241200000047684,0.189999997615814,0.938700020313263,-0.3997,-0.1246,0.7067
1.62,09-22-2026 23:25:54:015,-0.154200002551079,0.241300001740456,0.190099999308586,0.93860000371933,-0.3999,-0.1241,0.7056
1.63,09-22-2026 23:25:54:025,-0.154200002551079,0.241300001740456,0.190099999308586,0.93860000371933,-0.3996,-0.1243,0.7045
1.64,09-22-2026 23:25:54:035,-0.154200002551079,0.241300001740456,0.190200001001358,0.93860000371933,-0.3997,-0.1243,0.7043
1.65,09-22-2026 23:25:54:045,-0.154200002551079,0.241400003433228,0.19030000269413,0.93860000371933,-0.3988,-0.1245,0.7043
1.66,09-22-2026 23:25:54:055,-0.154200002551079,0.241400003433228,0.190400004386902,0.938499987125397,-0.3981,-0.1263,0.7044
1.67,09-22-2026 23:25:54:065,-0.154200002551079,0.241500005125999,0.190500006079674,0.938499987125397,-0.398,-0.1274,0.7055
1.68,09-22-2026 23:25:54:075,-0.154200002551079,0.241500005125999,0.190599992871284,0.938499987125397,-0.3977,-0.1286,0.7065
1.69,09-22-2026 23:25:54:085,-0.154200002551079,0.241500005125999,0.190699994564056,0.938499987125397,-0.3965,-0.1298,0.707
1.7,09-22-2026 23:25:54:095,-0.154200002551079,0.241600006818771,0.190799996256828,0.938499987125397,-0.3953,-0.1304,0.7079
1.71,09-22-2026 23:25:54:105,-0.154300004243851,0.241799995303154,0.191100001335144,0.938399970531464,-0.396,-0.1289,0.7097
1.72,09-22-2026 23:25:54:115,-0.154300004243851,0.241799995303154,0.191200003027916,0.938399970531464,-0.3962,-0.1281,0.7088
1.73,09-22-2026 23:25:54:125,-0.154300004243851,0.241899996995926,0.191300004720688,0.938399970531464,-0.3963,-0.1277,0.7087
1.74,09-22-2026 23:25:54:135,-0.154300004243851,0.241899996995926,0.19140000641346,0.938300013542175,-0.3965,-0.1278,0.708
1.75,09-22-2026 23:25:54:145,-0.154300004243851,0.241899996995926,0.19140000641346,0.938300013542175,-0.3958,-0.1276,0.7074
1.76,09-22-2026 23:25:54:155,-0.154300004243851,0.241999998688698,0.19149999320507,0.938300013542175,-0.3948,-0.1277,0.7062
1.77,09-22-2026 23:25:54:165,-0.154300004243851,0.241999998688698,0.19149999320507,0.938300013542175,-0.3937,-0.1278,0.7061
1.78,09-22-2026 23:25:54:175,-0.154300004243851,0.241999998688698,0.191599994897842,0.938300013542175,-0.3932,-0.1268,0.7069
1.79,09-22-2026 23:25:54:185,-0.154300004243851,0.241999998688698,0.191599994897842,0.938199996948242,-0.3938,-0.1262,0.7055
1.8,09-22-2026 23:25:54:195,-0.154300004243851,0.241999998688698,0.191699996590614,0.938199996948242,-0.3946,-0.1253,0.7055
1.81,09-22-2026 23:25:54:205,-0.154400005936623,0.24210000038147,0.191899999976158,0.938099980354309,-0.3981,-0.1244,0.7069
1.82,09-22-2026 23:25:54:215,-0.154400005936623,0.24210000038147,0.191899999976158,0.938099980354309,-0.3983,-0.1243,0.7069
1.83,09-22-2026 23:25:54:225,-0.154400005936623,0.242200002074242,0.19200000166893,0.938099980354309,-0.3983,-0.1245,0.7083
1.84,09-22-2026 23:25:54:235,-0.154400005936623,0.242200002074242,0.192100003361702,0.938099980354309,-0.3979,-0.125,0.7085
1.85,09-22-2026 23:25:54:245,-0.154400005936623,0.242200002074242,0.192100003361702,0.938000023365021,-0.3983,-0.1251,0.7079
1.86,09-22-2026 23:25:54:255,-0.154400005936623,0.242300003767014,0.192200005054474,0.938000023365021,-0.3985,-0.1249,0.7073
1.87,09-22-2026 23:25:54:265,-0.154400005936623,0.242300003767014,0.192300006747246,0.938000023365021,-0.3985,-0.1246,0.7075
1.88,09-22-2026 23:25:54:275,-0.154400005936623,0.242300003767014,0.192300006747246,0.938000023365021,-0.3976,-0.1251,0.7071
1.89,09-22-2026 23:25:54:285,-0.154400005936623,0.242400005459785,0.192399993538857,0.938000023365021,-0.3975,-0.1251,0.7067
1.9,09-22-2026 23:25:54:295,-0.154400005936623,0.242400005459785,0.192499995231628,0.938000023365021,-0.3972,-0.1255,0.7069
1.91,09-22-2026 23:25:54:305,-0.154400005936623,0.242500007152557,0.192699998617172,0.937900006771088,-0.3984,-0.1256,0.7085
1.92,09-22-2026 23:25:54:315,-0.154400005936623,0.242599993944168,0.192800000309944,0.937900006771088,-0.3994,-0.1248,0.7087
1.93,09-22-2026 23:25:54:325,-0.154499992728233,0.242599993944168,0.192900002002716,0.937900006771088,-0.3997,-0.1242,0.7087
1.94,09-22-2026 23:25:54:335,-0.154499992728233,0.242599993944168,0.192900002002716,0.937799990177155,-0.401,-0.1232,0.708
1.95,09-22-2026 23:25:54:345,-0.154499992728233,0.242599993944168,0.193000003695488,0.937799990177155,-0.4028,-0.1217,0.7081
1.96,09-22-2026 23:25:54:355,-0.154599994421005,0.242599993944168,0.19310000538826,0.937799990177155,-0.4034,-0.1207,0.7071
1.97,09-22-2026 23:25:54:365,-0.154599994421005,0.242599993944168,0.19310000538826,0.937799990177155,-0.4034,-0.1205,0.7066
1.98,09-22-2026 23:25:54:375,-0.154699996113777,0.242599993944168,0.193200007081032,0.937699973583221,-0.4039,-0.1205,0.7071
1.99,09-22-2026 23:25:54:385,-0.154699996113777,0.242599993944168,0.193299993872643,0.937699973583221,-0.4037,-0.1207,0.7068
2,09-22-2026 23:25:54:395,-0.154799997806549,0.242599993944168,0.193399995565414,0.937699973583221,-0.4035,-0.1215,0.7065
2.01,09-22-2026 23:25:54:405,-0.154899999499321,0.242500007152557,0.19370000064373,0.937600016593933,-0.4008,-0.1221,0.7068
2.02,09-22-2026 23:25:54:415,-0.155000001192093,0.242500007152557,0.193800002336502,0.937600016593933,-0.4016,-0.1212,0.7071
2.03,09-22-2026 23:25:54:425,-0.155000001192093,0.242500007152557,0.193900004029274,0.9375,-0.4025,-0.1207,0.7062
2.04,09-22-2026 23:25:54:435,-0.155100002884865,0.242500007152557,0.194000005722046,0.9375,-0.4027,-0.1197,0.7054
2.05,09-22-2026 23:25:54:445,-0.155100002884865,0.242500007152557,0.194100007414818,0.9375,-0.4022,-0.1191,0.7058
2.06,09-22-2026 23:25:54:455,-0.155200004577637,0.242500007152557,0.1942999958992,0.9375,-0.4031,-0.1184,0.706
2.07,09-22-2026 23:25:54:465,-0.155200004577637,0.242500007152557,0.194399997591972,0.9375,-0.4018,-0.1198,0.7057
2.08,09-22-2026 23:25:54:475,-0.155300006270409,0.242400005459785,0.194499999284744,0.9375,-0.4031,-0.119,0.7058
2.09,09-22-2026 23:25:54:485,-0.155300006270409,0.242400005459785,0.194600000977516,0.937399983406067,-0.4038,-0.1179,0.7058
2.1,09-22-2026 23:25:54:495,-0.155300006270409,0.242400005459785,0.194700002670288,0.937399983406067,-0.4032,-0.1188,0.7042
2.11,09-22-2026 23:25:54:505,-0.155399993062019,0.242200002074242,0.195199996232986,0.937399983406067,-0.4048,-0.1166,0.705
2.12,09-22-2026 23:25:54:515,-0.155499994754791,0.242200002074242,0.195299997925758,0.937399983406067,-0.4051,-0.1165,0.7064
2.13,09-22-2026 23:25:54:525,-0.155499994754791,0.24210000038147,0.195500001311302,0.937399983406067,-0.4048,-0.1167,0.7074
2.14,09-22-2026 23:25:54:535,-0.155599996447563,0.241999998688698,0.195600003004074,0.937300026416779,-0.404,-0.1168,0.7074
2.15,09-22-2026 23:25:54:545,-0.155599996447563,0.241999998688698,0.195700004696846,0.937300026416779,-0.4039,-0.1173,0.7073
2.16,09-22-2026 23:25:54:555,-0.155599996447563,0.241899996995926,0.195800006389618,0.937300026416779,-0.4042,-0.1172,0.7082
2.17,09-22-2026 23:25:54:565,-0.155699998140335,0.241899996995926,0.195899993181229,0.937300026416779,-0.405,-0.1176,0.7079
2.18,09-22-2026 23:25:54:575,-0.155699998140335,0.241799995303154,0.195999994874001,0.937300026416779,-0.4052,-0.1185,0.7072
2.19,09-22-2026 23:25:54:585,-0.155799999833107,0.241799995303154,0.196099996566772,0.937300026416779,-0.4057,-0.1186,0.7063
2.2,09-22-2026 23:25:54:595,-0.155799999833107,0.241699993610382,0.196299999952316,0.937300026416779,-0.4066,-0.1186,0.7064
2.21,09-22-2026 23:25:54:605,-0.155900001525879,0.241600006818771,0.196600005030632,0.937200009822845,-0.4073,-0.1195,0.7049
2.22,09-22-2026 23:25:54:615,-0.156000003218651,0.241500005125999,0.196700006723404,0.937200009822845,-0.4068,-0.1198,0.7052
2.23,09-22-2026 23:25:54:625,-0.156000003218651,0.241500005125999,0.196799993515015,0.937200009822845,-0.4065,-0.1202,0.7052
2.24,09-22-2026 23:25:54:635,-0.156100004911423,0.241400003433228,0.196899995207787,0.937200009822845,-0.4061,-0.1197,0.7053
2.25,09-22-2026 23:25:54:645,-0.156100004911423,0.241300001740456,0.196999996900558,0.937200009822845,-0.4064,-0.1191,0.7056
2.26,09-22-2026 23:25:54:655,-0.156200006604195,0.241300001740456,0.19709999859333,0.937200009822845,-0.4058,-0.1188,0.705
2.27,09-22-2026 23:25:54:665,-0.156200006604195,0.241200000047684,0.19709999859333,0.937099993228912,-0.4061,-0.1184,0.7044
2.28,09-22-2026 23:25:54:675,-0.156299993395805,0.241200000047684,0.197200000286102,0.937099993228912,-0.4059,-0.1181,0.704
2.29,09-22-2026 23:25:54:685,-0.156399995088577,0.241099998354912,0.197300001978874,0.937099993228912,-0.4063,-0.1184,0.7037
2.3,09-22-2026 23:25:54:695,-0.156399995088577,0.241099998354912,0.197400003671646,0.937099993228912,-0.4061,-0.1184,0.7034
2.31,09-22-2026 23:25:54:705,-0.156499996781349,0.24099999666214,0.19760000705719,0.936999976634979,-0.4064,-0.1181,0.7024
2.32,09-22-2026 23:25:54:715,-0.156499996781349,0.240899994969368,0.197699993848801,0.936999976634979,-0.4062,-0.1184,0.702
2.33,09-22-2026 23:25:54:725,-0.156499996781349,0.240899994969368,0.197799995541573,0.936999976634979,-0.4066,-0.1179,0.702
2.34,09-22-2026 23:25:54:735,-0.156499996781349,0.240899994969368,0.197799995541573,0.936999976634979,-0.4068,-0.1177,0.7027
2.35,09-22-2026 23:25:54:745,-0.156499996781349,0.240799993276596,0.197899997234344,0.936999976634979,-0.4063,-0.1191,0.7031
2.36,09-22-2026 23:25:54:755,-0.156499996781349,0.240799993276596,0.197999998927116,0.936999976634979,-0.4057,-0.1191,0.7039
2.37,09-22-2026 23:25:54:765,-0.156499996781349,0.240700006484985,0.198100000619888,0.936999976634979,-0.4049,-0.1194,0.7049
2.38,09-22-2026 23:25:54:775,-0.156399995088577,0.240700006484985,0.19820000231266,0.936999976634979,-0.404,-0.1199,0.7051
2.39,09-22-2026 23:25:54:785,-0.156399995088577,0.240600004792213,0.198300004005432,0.936999976634979,-0.4042,-0.1205,0.7046
2.4,09-22-2026 23:25:54:795,-0.156399995088577,0.240600004792213,0.198400005698204,0.936999976634979,-0.4042,-0.121,0.7056
2.41,09-22-2026 23:25:54:805,-0.156200006604195,0.24040000140667,0.19879999756813,0.936900019645691,-0.4044,-0.1221,0.7081
2.42,09-22-2026 23:25:54:815,-0.156100004911423,0.24040000140667,0.198899999260902,0.936900019645691,-0.404,-0.122,0.7082
2.43,09-22-2026 23:25:54:825,-0.156100004911423,0.240299999713898,0.199000000953674,0.936900019645691,-0.4036,-0.123,0.7063
2.44,09-22-2026 23:25:54:835,-0.156000003218651,0.240299999713898,0.199100002646446,0.936900019645691,-0.4037,-0.1225,0.7055
2.45,09-22-2026 23:25:54:845,-0.156000003218651,0.240199998021126,0.199200004339218,0.936900019645691,-0.4046,-0.1224,0.7056
2.46,09-22-2026 23:25:54:855,-0.155900001525879,0.240199998021126,0.19930000603199,0.936900019645691,-0.4052,-0.1226,0.7056
2.47,09-22-2026 23:25:54:865,-0.155900001525879,0.240099996328354,0.199399992823601,0.936900019645691,-0.405,-0.123,0.7052
2.48,09-22-2026 23:25:54:875,-0.155799999833107,0.240099996328354,0.199499994516373,0.936900019645691,-0.4048,-0.1235,0.7057
2.49,09-22-2026 23:25:54:885,-0.155799999833107,0.240099996328354,0.199499994516373,0.936900019645691,-0.404,-0.1235,0.7063
2.5,09-22-2026 23:25:54:895,-0.155699998140335,0.239999994635582,0.199699997901917,0.936900019645691,-0.4032,-0.1236,0.7064
2.51,09-22-2026 23:25:54:905,-0.155499994754791,0.23989999294281,0.200100004673004,0.936900019645691,-0.4009,-0.1242,0.7062
2.52,09-22-2026 23:25:54:915,-0.155499994754791,0.23989999294281,0.200200006365776,0.936900019645691,-0.3998,-0.1249,0.7063
2.53,09-22-2026 23:25:54:925,-0.155399993062019,0.23989999294281,0.200299993157387,0.936800003051758,-0.3994,-0.1244,0.7057
2.54,09-22-2026 23:25:54:935,-0.155399993062019,0.239800006151199,0.200399994850159,0.936800003051758,-0.3994,-0.1238,0.7058
2.55,09-22-2026 23:25:54:945,-0.155399993062019,0.239800006151199,0.200499996542931,0.936800003051758,-0.3993,-0.1239,0.7063
2.56,09-22-2026 23:25:54:955,-0.155300006270409,0.239800006151199,0.200499996542931,0.936800003051758,-0.3987,-0.1239,0.7059
2.57,09-22-2026 23:25:54:965,-0.155300006270409,0.239700004458427,0.200599998235703,0.936800003051758,-0.3988,-0.124,0.7063
2.58,09-22-2026 23:25:54:975,-0.155399993062019,0.239700004458427,0.200699999928474,0.936800003051758,-0.3982,-0.1244,0.7061
2.59,09-22-2026 23:25:54:985,-0.155399993062019,0.239700004458427,0.200800001621246,0.936800003051758,-0.3984,-0.1245,0.7057
2.6,09-22-2026 23:25:54:995,-0.155399993062019,0.239700004458427,0.200900003314018,0.936699986457825,-0.3991,-0.124,0.7052
2.61,09-22-2026 23:25:55:005,-0.155499994754791,0.239600002765656,0.201299995183945,0.936699986457825,-0.401,-0.1225,0.7063
2.62,09-22-2026 23:25:55:015,-0.155499994754791,0.239600002765656,0.201399996876717,0.936699986457825,-0.4018,-0.1224,0.706
2.63,09-22-2026 23:25:55:025,-0.155499994754791,0.239600002765656,0.201499998569489,0.936699986457825,-0.4016,-0.1217,0.7054
2.64,09-22-2026 23:25:55:035,-0.155599996447563,0.239600002765656,0.20160000026226,0.936600029468536,-0.4016,-0.1215,0.7059
2.65,09-22-2026 23:25:55:045,-0.155599996447563,0.239500001072884,0.201700001955032,0.936600029468536,-0.4015,-0.1216,0.7061
2.66,09-22-2026 23:25:55:055,-0.155599996447563,0.239500001072884,0.201800003647804,0.936600029468536,-0.4021,-0.1219,0.7061
2.67,09-22-2026 23:25:55:065,-0.155599996447563,0.239500001072884,0.201900005340576,0.936600029468536,-0.4029,-0.1227,0.7065
2.68,09-22-2026 23:25:55:075,-0.155599996447563,0.239500001072884,0.202000007033348,0.936600029468536,-0.4036,-0.1232,0.7074
2.69,09-22-2026 23:25:55:085,-0.155599996447563,0.239500001072884,0.202099993824959,0.936600029468536,-0.404,-0.1235,0.708
2.7,09-22-2026 23:25:55:095,-0.155599996447563,0.239500001072884,0.202099993824959,0.936600029468536,-0.4041,-0.1243,0.7083
2.71,09-22-2026 23:25:55:105,-0.155699998140335,0.239500001072884,0.202399998903275,0.936500012874603,-0.4031,-0.1254,0.7089
2.72,09-22-2026 23:25:55:115,-0.155699998140335,0.239500001072884,0.202399998903275,0.936500012874603,-0.4029,-0.1256,0.7095
2.73,09-22-2026 23:25:55:125,-0.155699998140335,0.239399999380112,0.202500000596046,0.936500012874603,-0.4022,-0.1258,0.7099
2.74,09-22-2026 23:25:55:135,-0.155699998140335,0.239399999380112,0.202600002288818,0.936500012874603,-0.4017,-0.1257,0.7093
2.75,09-22-2026 23:25:55:145,-0.155699998140335,0.239399999380112,0.20270000398159,0.93639999628067,-0.4021,-0.1256,0.7085
2.76,09-22-2026 23:25:55:155,-0.155799999833107,0.23929999768734,0.20270000398159,0.93639999628067,-0.4028,-0.1255,0.7086
2.77,09-22-2026 23:25:55:165,-0.155799999833107,0.23929999768734,0.202800005674362,0.93639999628067,-0.4031,-0.1247,0.7093
2.78,09-22-2026 23:25:55:175,-0.155799999833107,0.23929999768734,0.202900007367134,0.93639999628067,-0.4038,-0.1242,0.7095
2.79,09-22-2026 23:25:55:185,-0.155799999833107,0.23929999768734,0.202999994158745,0.93639999628067,-0.4041,-0.124,0.7086
2.8,09-22-2026 23:25:55:195,-0.155799999833107,0.239199995994568,0.203099995851517,0.93639999628067,-0.4039,-0.1242,0.708
2.81,09-22-2026 23:25:55:205,-0.155799999833107,0.239099994301796,0.203500002622604,0.936299979686737,-0.4022,-0.1228,0.7079
2.82,09-22-2026 23:25:55:215,-0.155799999833107,0.239099994301796,0.203600004315376,0.936299979686737,-0.4014,-0.1224,0.7083
2.83,09-22-2026 23:25:55:225,-0.155699998140335,0.238999992609024,0.203700006008148,0.936299979686737,-0.4013,-0.122,0.7087
2.84,09-22-2026 23:25:55:235,-0.155699998140335,0.238999992609024,0.203799992799759,0.936299979686737,-0.4004,-0.1222,0.7086
2.85,09-22-2026 23:25:55:245,-0.155699998140335,0.238900005817413,0.203999996185303,0.936200022697449,-0.3992,-0.1217,0.707
2.86,09-22-2026 23:25:55:255,-0.155799999833107,0.238800004124641,0.204099997878075,0.936200022697449,-0.3996,-0.1214,0.7059
2.87,09-22-2026 23:25:55:265,-0.155799999833107,0.238800004124641,0.204199999570847,0.936200022697449,-0.3997,-0.1205,0.7057
2.88,09-22-2026 23:25:55:275,-0.155799999833107,0.23870000243187,0.204300001263618,0.936200022697449,-0.4003,-0.1195,0.7057
2.89,09-22-2026 23:25:55:285,-0.155900001525879,0.23870000243187,0.204500004649162,0.936100006103516,-0.4003,-0.1189,0.7051
2.9,09-22-2026 23:25:55:295,-0.156000003218651,0.238600000739098,0.204600006341934,0.936100006103516,-0.4003,-0.1177,0.7048
2.91,09-22-2026 23:25:55:305,-0.156200006604195,0.238399997353554,0.205099999904633,0.935999989509583,-0.3998,-0.1173,0.7067
2.92,09-22-2026 23:25:55:315,-0.156299993395805,0.238399997353554,0.205200001597404,0.935899972915649,-0.3986,-0.1173,0.7065
2.93,09-22-2026 23:25:55:325,-0.156299993395805,0.238299995660782,0.205400004982948,0.935899972915649,-0.3981,-0.1181,0.7066
2.94,09-22-2026 23:25:55:335,-0.156399995088577,0.238299995660782,0.20550000667572,0.935800015926361,-0.3978,-0.1187,0.7059
2.95,09-22-2026 23:25:55:345,-0.156399995088577,0.23819999396801,0.205599993467331,0.935800015926361,-0.3974,-0.1187,0.7045
2.96,09-22-2026 23:25:55:355,-0.156499996781349,0.23819999396801,0.205799996852875,0.935800015926361,-0.3967,-0.1186,0.704
2.97,09-22-2026 23:25:55:365,-0.156499996781349,0.238100007176399,0.205899998545647,0.935699999332428,-0.3971,-0.1182,0.7038
2.98,09-22-2026 23:25:55:375,-0.156499996781349,0.238100007176399,0.206000000238419,0.935699999332428,-0.3975,-0.1184,0.7036
2.99,09-22-2026 23:25:55:385,-0.156599998474121,0.238000005483627,0.206200003623962,0.935699999332428,-0.3992,-0.1177,0.7033
3,09-22-2026 23:25:55:395,-0.156599998474121,0.238000005483627,0.206400007009506,0.935699999332428,-0.4002,-0.1179,0.7045
3.01,09-22-2026 23:25:55:405,-0.156700000166893,0.237900003790855,0.207000002264977,0.935599982738495,-0.4017,-0.1194,0.7083
3.02,09-22-2026 23:25:55:415,-0.156700000166893,0.237900003790855,0.207100003957748,0.935599982738495,-0.4012,-0.1201,0.7084
3.03,09-22-2026 23:25:55:425,-0.156700000166893,0.237900003790855,0.20720000565052,0.935599982738495,-0.4002,-0.1207,0.7077
3.04,09-22-2026 23:25:55:435,-0.156700000166893,0.237900003790855,0.207399994134903,0.935599982738495,-0.3997,-0.1207,0.7072
3.05,09-22-2026 23:25:55:445,-0.156700000166893,0.237900003790855,0.207499995827675,0.935599982738495,-0.4002,-0.1203,0.7075
3.06,09-22-2026 23:25:55:455,-0.156700000166893,0.237900003790855,0.207699999213219,0.935599982738495,-0.401,-0.1199,0.7073
3.07,09-22-2026 23:25:55:465,-0.156700000166893,0.237800002098083,0.207800000905991,0.935599982738495,-0.4019,-0.1199,0.7065
3.08,09-22-2026 23:25:55:475,-0.156700000166893,0.237800002098083,0.207900002598763,0.935599982738495,-0.4031,-0.1195,0.7076
3.09,09-22-2026 23:25:55:485,-0.156700000166893,0.237800002098083,0.208000004291534,0.935599982738495,-0.4034,-0.1194,0.7078
3.1,09-22-2026 23:25:55:495,-0.156700000166893,0.237700000405312,0.208100005984306,0.935599982738495,-0.404,-0.1195,0.707
3.11,09-22-2026 23:25:55:505,-0.156700000166893,0.237499997019768,0.208399996161461,0.935599982738495,-0.4028,-0.1213,0.7084
3.12,09-22-2026 23:25:55:515,-0.156700000166893,0.237499997019768,0.208499997854233,0.935599982738495,-0.4025,-0.1228,0.7085
3.13,09-22-2026 23:25:55:525,-0.156800001859665,0.237399995326996,0.208599999547005,0.935599982738495,-0.4026,-0.123,0.7093
3.14,09-22-2026 23:25:55:535,-0.156800001859665,0.237399995326996,0.208599999547005,0.935599982738495,-0.4029,-0.1234,0.7088
3.15,09-22-2026 23:25:55:545,-0.156800001859665,0.237399995326996,0.208700001239777,0.935599982738495,-0.4026,-0.1238,0.7088
3.16,09-22-2026 23:25:55:555,-0.156900003552437,0.237299993634224,0.208700001239777,0.935599982738495,-0.4022,-0.1243,0.7086
3.17,09-22-2026 23:25:55:565,-0.156900003552437,0.237299993634224,0.208800002932549,0.935599982738495,-0.4016,-0.1239,0.7073
3.18,09-22-2026 23:25:55:575,-0.157000005245209,0.237299993634224,0.208800002932549,0.935599982738495,-0.4012,-0.124,0.7081
3.19,09-22-2026 23:25:55:585,-0.157000005245209,0.237299993634224,0.20890000462532,0.935599982738495,-0.4008,-0.1236,0.7091
3.2,09-22-2026 23:25:55:595,-0.157000005245209,0.237200006842613,0.20890000462532,0.935500025749207,-0.4008,-0.123,0.709
3.21,09-22-2026 23:25:55:605,-0.157100006937981,0.237100005149841,0.209099993109703,0.935500025749207,-0.3983,-0.1224,0.7085
3.22,09-22-2026 23:25:55:615,-0.157199993729591,0.237100005149841,0.209099993109703,0.935500025749207,-0.3975,-0.1216,0.7069
3.23,09-22-2026 23:25:55:625,-0.157199993729591,0.237000003457069,0.209199994802475,0.935500025749207,-0.3973,-0.1209,0.706
3.24,09-22-2026 23:25:55:635,-0.157199993729591,0.237000003457069,0.209199994802475,0.935500025749207,-0.3972,-0.1199,0.705
3.25,09-22-2026 23:25:55:645,-0.157199993729591,0.236900001764297,0.209299996495247,0.935500025749207,-0.397,-0.1194,0.7033
3.26,09-22-2026 23:25:55:655,-0.157199993729591,0.236900001764297,0.209299996495247,0.935500025749207,-0.3972,-0.1191,0.7028
3.27,09-22-2026 23:25:55:665,-0.157199993729591,0.236800000071526,0.209399998188019,0.935400009155273,-0.3977,-0.1191,0.7027
3.28,09-22-2026 23:25:55:675,-0.157199993729591,0.236800000071526,0.209399998188019,0.935400009155273,-0.3975,-0.1194,0.7027
3.29,09-22-2026 23:25:55:685,-0.157199993729591,0.236699998378754,0.209499999880791,0.935400009155273,-0.3978,-0.1199,0.7035
3.3,09-22-2026 23:25:55:695,-0.157199993729591,0.236699998378754,0.209600001573563,0.935400009155273,-0.3981,-0.1203,0.7052
3.31,09-22-2026 23:25:55:705,-0.157299995422363,0.23649999499321,0.209800004959106,0.93529999256134,-0.3986,-0.1227,0.7085
3.32,09-22-2026 23:25:55:715,-0.157399997115135,0.23649999499321,0.209900006651878,0.93529999256134,-0.3987,-0.1235,0.7089
3.33,09-22-2026 23:25:55:725,-0.157399997115135,0.23649999499321,0.209999993443489,0.935199975967407,-0.3984,-0.124,0.7094
3.34,09-22-2026 23:25:55:735,-0.157399997115135,0.236399993300438,0.209999993443489,0.935199975967407,-0.3985,-0.1246,0.71
3.35,09-22-2026 23:25:55:745,-0.157399997115135,0.236399993300438,0.210099995136261,0.935199975967407,-0.3986,-0.1244,0.7105
3.36,09-22-2026 23:25:55:755,-0.157499998807907,0.236399993300438,0.210199996829033,0.935199975967407,-0.3981,-0.125,0.7104
3.37,09-22-2026 23:25:55:765,-0.157499998807907,0.236399993300438,0.210299998521805,0.935199975967407,-0.398,-0.1254,0.7106
3.38,09-22-2026 23:25:55:775,-0.157499998807907,0.236300006508827,0.210400000214577,0.935100018978119,-0.3977,-0.1253,0.7118
3.39,09-22-2026 23:25:55:785,-0.157600000500679,0.236300006508827,0.210500001907349,0.935100018978119,-0.3975,-0.1252,0.7113
3.4,09-22-2026 23:25:55:795,-0.157600000500679,0.236300006508827,0.210500001907349,0.935100018978119,-0.3969,-0.125,0.711
3.41,09-22-2026 23:25:55:805,-0.157700002193451,0.236399993300438,0.210899993777275,0.935000002384186,-0.3987,-0.1228,0.7097
3.42,09-22-2026 23:25:55:815,-0.157700002193451,0.236300006508827,0.210999995470047,0.935000002384186,-0.3986,-0.1221,0.7099
3.43,09-22-2026 23:25:55:825,-0.157700002193451,0.236300006508827,0.211099997162819,0.935000002384186,-0.3986,-0.1216,0.7089
3.44,09-22-2026 23:25:55:835,-0.157800003886223,0.236300006508827,0.211199998855591,0.935000002384186,-0.3979,-0.1215,0.7084
3.45,09-22-2026 23:25:55:845,-0.157800003886223,0.236300006508827,0.211300000548363,0.935000002384186,-0.3976,-0.1208,0.7077
3.46,09-22-2026 23:25:55:855,-0.157800003886223,0.236300006508827,0.211400002241135,0.935000002384186,-0.3975,-0.1206,0.7074
3.47,09-22-2026 23:25:55:865,-0.157900005578995,0.236300006508827,0.211400002241135,0.934899985790253,-0.3967,-0.1204,0.7068
3.48,09-22-2026 23:25:55:875,-0.157900005578995,0.236200004816055,0.211500003933907,0.934899985790253,-0.3967,-0.1199,0.7058
3.49,09-22-2026 23:25:55:885,-0.158000007271767,0.236200004816055,0.211600005626678,0.934899985790253,-0.3966,-0.1191,0.7052
3.5,09-22-2026 23:25:55:895,-0.158000007271767,0.236200004816055,0.21170000731945,0.934899985790253,-0.3972,-0.1187,0.7051
3.51,09-22-2026 23:25:55:905,-0.158199995756149,0.236100003123283,0.211999997496605,0.934899985790253,-0.3982,-0.1192,0.7054
3.52,09-22-2026 23:25:55:915,-0.158199995756149,0.236100003123283,0.212099999189377,0.934899985790253,-0.3973,-0.1198,0.7056
3.53,09-22-2026 23:25:55:925,-0.158199995756149,0.236100003123283,0.212200000882149,0.934899985790253,-0.3971,-0.12,0.7062
3.54,09-22-2026 23:25:55:935,-0.158199995756149,0.236100003123283,0.212200000882149,0.934899985790253,-0.3973,-0.1198,0.7068
3.55,09-22-2026 23:25:55:945,-0.158199995756149,0.236000001430511,0.212300002574921,0.934899985790253,-0.3979,-0.1201,0.7069
3.56,09-22-2026 23:25:55:955,-0.158199995756149,0.236000001430511,0.212400004267693,0.934899985790253,-0.398,-0.1201,0.7072
3.57,09-22-2026 23:25:55:965,-0.158199995756149,0.23589999973774,0.212400004267693,0.934899985790253,-0.3982,-0.1199,0.7081
3.58,09-22-2026 23:25:55:975,-0.158099994063377,0.23589999973774,0.212500005960464,0.934899985790253,-0.3981,-0.1203,0.7087
3.59,09-22-2026 23:25:55:985,-0.158099994063377,0.23589999973774,0.212599992752075,0.934899985790253,-0.3975,-0.1201,0.7088
3.6,09-22-2026 23:25:55:995,-0.158099994063377,0.235799998044968,0.212599992752075,0.934899985790253,-0.3977,-0.1207,0.7091
3.61,09-22-2026 23:25:56:005,-0.158099994063377,0.235699996352196,0.212799996137619,0.934899985790253,-0.3991,-0.1191,0.7103
3.62,09-22-2026 23:25:56:015,-0.158099994063377,0.235699996352196,0.212899997830391,0.934899985790253,-0.3995,-0.1188,0.7107
3.63,09-22-2026 23:25:56:025,-0.158099994063377,0.235599994659424,0.212899997830391,0.934899985790253,-0.3992,-0.1189,0.7107
3.64,09-22-2026 23:25:56:035,-0.158099994063377,0.235599994659424,0.212999999523163,0.934899985790253,-0.3996,-0.119,0.7105
3.65,09-22-2026 23:25:56:045,-0.158099994063377,0.235599994659424,0.212999999523163,0.934800028800964,-0.3991,-0.1188,0.7104
3.66,09-22-2026 23:25:56:055,-0.158199995756149,0.235499992966652,0.212999999523163,0.934800028800964,-0.3987,-0.1191,0.7101
3.67,09-22-2026 23:25:56:065,-0.158199995756149,0.235499992966652,0.213100001215935,0.934800028800964,-0.398,-0.1196,0.71
3.68,09-22-2026 23:25:56:075,-0.158199995756149,0.235400006175041,0.213100001215935,0.934800028800964,-0.3977,-0.119,0.7096
3.69,09-22-2026 23:25:56:085,-0.158199995756149,0.235400006175041,0.213200002908707,0.934800028800964,-0.3967,-0.1195,0.7085
3.7,09-22-2026 23:25:56:095,-0.158199995756149,0.235400006175041,0.213200002908707,0.934800028800964,-0.3965,-0.1195,0.708
3.71,09-22-2026 23:25:56:105,-0.158199995756149,0.235300004482269,0.213300004601479,0.934700012207031,-0.399,-0.1197,0.7091
3.72,09-22-2026 23:25:56:115,-0.158299997448921,0.235300004482269,0.21340000629425,0.934700012207031,-0.3995,-0.1206,0.7091
3.73,09-22-2026 23:25:56:125,-0.158299997448921,0.235200002789497,0.21340000629425,0.934700012207031,-0.3992,-0.1211,0.7094
3.74,09-22-2026 23:25:56:135,-0.158299997448921,0.235200002789497,0.213499993085861,0.934700012207031,-0.3975,-0.1218,0.7086
3.75,09-22-2026 23:25:56:145,-0.158299997448921,0.235200002789497,0.213499993085861,0.934700012207031,-0.3963,-0.122,0.7088
3.76,09-22-2026 23:25:56:155,-0.158399999141693,0.235100001096725,0.213599994778633,0.934700012207031,-0.396,-0.1218,0.7088
3.77,09-22-2026 23:25:56:165,-0.158399999141693,0.235100001096725,0.213599994778633,0.934700012207031,-0.3958,-0.121,0.7078
3.78,09-22-2026 23:25:56:175,-0.158500000834465,0.235100001096725,0.213699996471405,0.934700012207031,-0.3955,-0.1208,0.7076
3.79,09-22-2026 23:25:56:185,-0.158500000834465,0.235100001096725,0.213699996471405,0.934599995613098,-0.3958,-0.1208,0.7073
3.8,09-22-2026 23:25:56:195,-0.158500000834465,0.235100001096725,0.213799998164177,0.934599995613098,-0.3965,-0.1201,0.7077
3.81,09-22-2026 23:25:56:205,-0.158700004220009,0.235100001096725,0.214000001549721,0.934499979019165,-0.3969,-0.1202,0.7081
3.82,09-22-2026 23:25:56:215,-0.158800005912781,0.235100001096725,0.214100003242493,0.934499979019165,-0.397,-0.1206,0.7079
3.83,09-22-2026 23:25:56:225,-0.158899992704391,0.234999999403954,0.214100003242493,0.934499979019165,-0.3972,-0.1214,0.7088
3.84,09-22-2026 23:25:56:235,-0.158899992704391,0.234999999403954,0.214200004935265,0.934499979019165,-0.3974,-0.121,0.7085
3.85,09-22-2026 23:25:56:245,-0.158999994397163,0.234999999403954,0.214200004935265,0.934400022029877,-0.3972,-0.1207,0.7084
3.86,09-22-2026 23:25:56:255,-0.158999994397163,0.234999999403954,0.214300006628036,0.934400022029877,-0.3969,-0.1208,0.7077
3.87,09-22-2026 23:25:56:265,-0.159099996089935,0.234999999403954,0.214300006628036,0.934400022029877,-0.3959,-0.121,0.7076
3.88,09-22-2026 23:25:56:275,-0.159099996089935,0.234999999403954,0.214399993419647,0.934400022029877,-0.3959,-0.121,0.708
3.89,09-22-2026 23:25:56:285,-0.159199997782707,0.234999999403954,0.214399993419647,0.934300005435944,-0.3961,-0.1218,0.709
3.9,09-22-2026 23:25:56:295,-0.159199997782707,0.234999999403954,0.214399993419647,0.934300005435944,-0.3964,-0.1224,0.7102
3.91,09-22-2026 23:25:56:305,-0.159400001168251,0.234999999403954,0.214599996805191,0.934300005435944,-0.3982,-0.123,0.7139
3.92,09-22-2026 23:25:56:315,-0.159400001168251,0.234999999403954,0.214699998497963,0.93419998884201,-0.3973,-0.1226,0.7137
3.93,09-22-2026 23:25:56:325,-0.159400001168251,0.234999999403954,0.214800000190735,0.93419998884201,-0.397,-0.1223,0.7131
3.94,09-22-2026 23:25:56:335,-0.159400001168251,0.234999999403954,0.214900001883507,0.93419998884201,-0.3967,-0.1227,0.7121
3.95,09-22-2026 23:25:56:345,-0.159500002861023,0.234999999403954,0.214900001883507,0.93419998884201,-0.3972,-0.1223,0.7114
3.96,09-22-2026 23:25:56:355,-0.159500002861023,0.234999999403954,0.215000003576279,0.93419998884201,-0.397,-0.1221,0.7099
3.97,09-22-2026 23:25:56:365,-0.159500002861023,0.234999999403954,0.215100005269051,0.93419998884201,-0.3973,-0.1221,0.7089
3.98,09-22-2026 23:25:56:375,-0.159500002861023,0.234899997711182,0.215100005269051,0.93419998884201,-0.3972,-0.1212,0.7084
3.99,09-22-2026 23:25:56:385,-0.159500002861023,0.234899997711182,0.215200006961823,0.93419998884201,-0.3969,-0.1208,0.7083
4,09-22-2026 23:25:56:395,-0.159500002861023,0.234899997711182,0.215299993753433,0.93419998884201,-0.3965,-0.121,0.7079
4.01,09-22-2026 23:25:56:405,-0.159500002861023,0.234899997711182,0.215499997138977,0.93419998884201,-0.3965,-0.122,0.7092
4.02,09-22-2026 23:25:56:415,-0.159500002861023,0.234899997711182,0.215599998831749,0.93419998884201,-0.3961,-0.1223,0.7095
4.03,09-22-2026 23:25:56:425,-0.159500002861023,0.23479999601841,0.215599998831749,0.93419998884201,-0.3961,-0.1217,0.7088
4.04,09-22-2026 23:25:56:435,-0.159500002861023,0.23479999601841,0.215700000524521,0.93419998884201,-0.3956,-0.1212,0.7074
4.05,09-22-2026 23:25:56:445,-0.159500002861023,0.23479999601841,0.215700000524521,0.934099972248077,-0.3964,-0.1205,0.7076
4.06,09-22-2026 23:25:56:455,-0.159500002861023,0.234699994325638,0.215700000524521,0.934099972248077,-0.3961,-0.1204,0.7075
4.07,09-22-2026 23:25:56:465,-0.159500002861023,0.234699994325638,0.215800002217293,0.934099972248077,-0.3962,-0.1208,0.7076
4.08,09-22-2026 23:25:56:475,-0.159500002861023,0.234699994325638,0.215800002217293,0.934099972248077,-0.3966,-0.1201,0.7082
4.09,09-22-2026 23:25:56:485,-0.159600004553795,0.234599992632866,0.215900003910065,0.934099972248077,-0.3966,-0.1203,0.7081
4.1,09-22-2026 23:25:56:495,-0.159600004553795,0.234599992632866,0.215900003910065,0.934099972248077,-0.3972,-0.1204,0.7079
4.11,09-22-2026 23:25:56:505,-0.159799993038177,0.234599992632866,0.216100007295609,0.934000015258789,-0.3961,-0.1204,0.7077
4.12,09-22-2026 23:25:56:515,-0.159899994730949,0.234599992632866,0.216100007295609,0.934000015258789,-0.3957,-0.1196,0.7073
4.13,09-22-2026 23:25:56:525,-0.159899994730949,0.234599992632866,0.216199994087219,0.934000015258789,-0.3955,-0.1193,0.7082
4.14,09-22-2026 23:25:56:535,-0.159999996423721,0.234599992632866,0.216199994087219,0.933899998664856,-0.3953,-0.119,0.708
4.15,09-22-2026 23:25:56:545,-0.160099998116493,0.234599992632866,0.216199994087219,0.933899998664856,-0.395,-0.1195,0.7071
4.16,09-22-2026 23:25:56:555,-0.160099998116493,0.234599992632866,0.216299995779991,0.933899998664856,-0.3954,-0.1194,0.7069
4.17,09-22-2026 23:25:56:565,-0.160199999809265,0.234599992632866,0.216299995779991,0.933899998664856,-0.3963,-0.1189,0.7075
4.18,09-22-2026 23:25:56:575,-0.160199999809265,0.234599992632866,0.216399997472763,0.933899998664856,-0.3965,-0.119,0.7074
4.19,09-22-2026 23:25:56:585,-0.160300001502037,0.234599992632866,0.216399997472763,0.933899998664856,-0.3967,-0.1192,0.7071
4.2,09-22-2026 23:25:56:595,-0.160400003194809,0.234599992632866,0.216499999165535,0.933899998664856,-0.3971,-0.1198,0.7072
4.21,09-22-2026 23:25:56:605,-0.160600006580353,0.234599992632866,0.216600000858307,0.933799982070923,-0.3995,-0.1199,0.7094
4.22,09-22-2026 23:25:56:615,-0.160600006580353,0.234599992632866,0.216700002551079,0.933799982070923,-0.3999,-0.1202,0.7091
4.23,09-22-2026 23:25:56:625,-0.160600006580353,0.234599992632866,0.216700002551079,0.933799982070923,-0.3996,-0.1204,0.7091
4.24,09-22-2026 23:25:56:635,-0.160600006580353,0.234599992632866,0.216700002551079,0.933799982070923,-0.3997,-0.1208,0.7088
4.25,09-22-2026 23:25:56:645,-0.160699993371964,0.234599992632866,0.216800004243851,0.933799982070923,-0.3992,-0.1215,0.7079
4.26,09-22-2026 23:25:56:655,-0.160699993371964,0.234599992632866,0.216800004243851,0.933799982070923,-0.399,-0.1219,0.7086
4.27,09-22-2026 23:25:56:665,-0.160699993371964,0.234599992632866,0.216800004243851,0.933799982070923,-0.3993,-0.1224,0.7097
4.28,09-22-2026 23:25:56:675,-0.160699993371964,0.234599992632866,0.216800004243851,0.933799982070923,-0.4002,-0.1225,0.7104
4.29,09-22-2026 23:25:56:685,-0.160699993371964,0.234599992632866,0.216800004243851,0.933799982070923,-0.3996,-0.1231,0.7108
4.3,09-22-2026 23:25:56:695,-0.160699993371964,0.234599992632866,0.216800004243851,0.933799982070923,-0.4,-0.1238,0.7106
4.31,09-22-2026 23:25:56:705,-0.160699993371964,0.234500005841255,0.216800004243851,0.933799982070923,-0.3992,-0.1238,0.7118
4.32,09-22-2026 23:25:56:715,-0.160600006580353,0.234500005841255,0.216800004243851,0.933799982070923,-0.3981,-0.1237,0.7124
4.33,09-22-2026 23:25:56:725,-0.160600006580353,0.234500005841255,0.216800004243851,0.933799982070923,-0.3976,-0.1233,0.7115
4.34,09-22-2026 23:25:56:735,-0.160500004887581,0.234500005841255,0.216800004243851,0.933799982070923,-0.3974,-0.1231,0.711
4.35,09-22-2026 23:25:56:745,-0.160500004887581,0.234400004148483,0.216800004243851,0.933799982070923,-0.3971,-0.123,0.7108
4.36,09-22-2026 23:25:56:755,-0.160500004887581,0.234400004148483,0.216900005936623,0.933799982070923,-0.3962,-0.1228,0.7097
4.37,09-22-2026 23:25:56:765,-0.160400003194809,0.234400004148483,0.216900005936623,0.933799982070923,-0.3965,-0.122,0.709
4.38,09-22-2026 23:25:56:775,-0.160400003194809,0.234300002455711,0.216999992728233,0.933799982070923,-0.3972,-0.1216,0.7094
4.39,09-22-2026 23:25:56:785,-0.160300001502037,0.234300002455711,0.216999992728233,0.933799982070923,-0.3977,-0.121,0.7095
4.4,09-22-2026 23:25:56:795,-0.160300001502037,0.234300002455711,0.217099994421005,0.933799982070923,-0.3979,-0.1209,0.7088
4.41,09-22-2026 23:25:56:805,-0.160199999809265,0.234200000762939,0.217299997806549,0.933799982070923,-0.3967,-0.1197,0.7086
4.42,09-22-2026 23:25:56:815,-0.160199999809265,0.234200000762939,0.217399999499321,0.933799982070923,-0.3967,-0.1197,0.7084
4.43,09-22-2026 23:25:56:825,-0.160199999809265,0.234200000762939,0.217399999499321,0.933799982070923,-0.397,-0.1193,0.7088
4.44,09-22-2026 23:25:56:835,-0.160199999809265,0.234099999070168,0.217399999499321,0.933700025081635,-0.397,-0.1193,0.708
4.45,09-22-2026 23:25:56:845,-0.160199999809265,0.234099999070168,0.217500001192093,0.933700025081635,-0.3968,-0.1193,0.7073
4.46,09-22-2026 23:25:56:855,-0.160199999809265,0.234099999070168,0.217500001192093,0.933700025081635,-0.3966,-0.1191,0.7062
4.47,09-22-2026 23:25:56:865,-0.160199999809265,0.234099999070168,0.217500001192093,0.933700025081635,-0.3963,-0.1195,0.705
4.48,09-22-2026 23:25:56:875,-0.160199999809265,0.234099999070168,0.217600002884865,0.933700025081635,-0.3966,-0.1196,0.7046
4.49,09-22-2026 23:25:56:885,-0.160199999809265,0.233999997377396,0.217600002884865,0.933700025081635,-0.3966,-0.1195,0.7043
4.5,09-22-2026 23:25:56:895,-0.160199999809265,0.233999997377396,0.217700004577637,0.933700025081635,-0.3966,-0.1198,0.7055
4.51,09-22-2026 23:25:56:905,-0.160300001502037,0.233999997377396,0.217899993062019,0.933700025081635,-0.3964,-0.1213,0.7079
4.52,09-22-2026 23:25:56:915,-0.160300001502037,0.233999997377396,0.217999994754791,0.933700025081635,-0.3956,-0.1219,0.708
4.53,09-22-2026 23:25:56:925,-0.160400003194809,0.233999997377396,0.217999994754791,0.933700025081635,-0.3952,-0.1224,0.7082
4.54,09-22-2026 23:25:56:935,-0.160500004887581,0.233999997377396,0.218099996447563,0.933700025081635,-0.3953,-0.1227,0.7085
4.55,09-22-2026 23:25:56:945,-0.160500004887581,0.233999997377396,0.218099996447563,0.933700025081635,-0.3953,-0.1235,0.709
4.56,09-22-2026 23:25:56:955,-0.160600006580353,0.233999997377396,0.218099996447563,0.933700025081635,-0.3951,-0.1241,0.709
4.57,09-22-2026 23:25:56:965,-0.160699993371964,0.233999997377396,0.218199998140335,0.933700025081635,-0.3958,-0.1244,0.7094
4.58,09-22-2026 23:25:56:975,-0.160799995064735,0.233999997377396,0.218199998140335,0.933700025081635,-0.3967,-0.1241,0.7085
4.59,09-22-2026 23:25:56:985,-0.160799995064735,0.233899995684624,0.218299999833107,0.933700025081635,-0.3968,-0.124,0.7081
4.6,09-22-2026 23:25:56:995,-0.160899996757507,0.233899995684624,0.218299999833107,0.933600008487701,-0.3969,-0.1237,0.7083
4.61,09-22-2026 23:25:57:005,-0.161300003528595,0.233700007200241,0.218400001525879,0.933600008487701,-0.399,-0.1221,0.7113
4.62,09-22-2026 23:25:57:015,-0.161400005221367,0.233600005507469,0.218400001525879,0.933499991893768,-0.399,-0.1213,0.7119
4.63,09-22-2026 23:25:57:025,-0.161500006914139,0.233600005507469,0.218400001525879,0.933499991893768,-0.3998,-0.1211,0.712
4.64,09-22-2026 23:25:57:035,-0.16159999370575,0.233500003814697,0.218400001525879,0.933499991893768,-0.4006,-0.1213,0.7115
4.65,09-22-2026 23:25:57:045,-0.161699995398521,0.233500003814697,0.218500003218651,0.933499991893768,-0.4013,-0.122,0.7108
4.66,09-22-2026 23:25:57:055,-0.161799997091293,0.233500003814697,0.218500003218651,0.933399975299835,-0.401,-0.1219,0.71
4.67,09-22-2026 23:25:57:065,-0.161799997091293,0.233400002121925,0.218500003218651,0.933399975299835,-0.4013,-0.1223,0.7093
4.68,09-22-2026 23:25:57:075,-0.161899998784065,0.233400002121925,0.218600004911423,0.933399975299835,-0.4013,-0.123,0.7096
4.69,09-22-2026 23:25:57:085,-0.161899998784065,0.233400002121925,0.218600004911423,0.933399975299835,-0.4018,-0.1237,0.7108
4.7,09-22-2026 23:25:57:095,-0.162000000476837,0.233300000429153,0.218700006604195,0.933399975299835,-0.4015,-0.1246,0.7111
4.71,09-22-2026 23:25:57:105,-0.162100002169609,0.23309999704361,0.218999996781349,0.933399975299835,-0.3959,-0.1276,0.7128
4.72,09-22-2026 23:25:57:115,-0.162100002169609,0.23309999704361,0.218999996781349,0.933399975299835,-0.3961,-0.1277,0.7128
4.73,09-22-2026 23:25:57:125,-0.162100002169609,0.232999995350838,0.219099998474121,0.933399975299835,-0.396,-0.1277,0.7123
4.74,09-22-2026 23:25:57:135,-0.162200003862381,0.232999995350838,0.219200000166893,0.933300018310547,-0.397,-0.1267,0.7125
4.75,09-22-2026 23:25:57:145,-0.162200003862381,0.232999995350838,0.219200000166893,0.933300018310547,-0.3978,-0.1259,0.7118
4.76,09-22-2026 23:25:57:155,-0.162200003862381,0.232899993658066,0.219300001859665,0.933300018310547,-0.3993,-0.1248,0.7098
4.77,09-22-2026 23:25:57:165,-0.162200003862381,0.232899993658066,0.219400003552437,0.933300018310547,-0.4003,-0.1236,0.7083
4.78,09-22-2026 23:25:57:175,-0.162300005555153,0.232899993658066,0.219400003552437,0.933300018310547,-0.401,-0.1228,0.7073
4.79,09-22-2026 23:25:57:185,-0.162300005555153,0.232800006866455,0.219500005245209,0.933300018310547,-0.4014,-0.1235,0.7065
4.8,09-22-2026 23:25:57:195,-0.162400007247925,0.232800006866455,0.219500005245209,0.933300018310547,-0.4012,-0.1237,0.7054
4.81,09-22-2026 23:25:57:205,-0.162599995732307,0.232600003480911,0.219699993729591,0.933300018310547,-0.3994,-0.1241,0.7038
4.82,09-22-2026 23:25:57:215,-0.162699997425079,0.232600003480911,0.219799995422363,0.933200001716614,-0.3988,-0.1238,0.7046
4.83,09-22-2026 23:25:57:225,-0.162799999117851,0.232500001788139,0.219899997115135,0.933200001716614,-0.3986,-0.1231,0.7055
4.84,09-22-2026 23:25:57:235,-0.162900000810623,0.232500001788139,0.219899997115135,0.933200001716614,-0.3981,-0.1226,0.7057
4.85,09-22-2026 23:25:57:245,-0.163000002503395,0.232400000095367,0.219999998807907,0.933200001716614,-0.3967,-0.1225,0.7067
4.86,09-22-2026 23:25:57:255,-0.163100004196167,0.232400000095367,0.220100000500679,0.933200001716614,-0.3967,-0.1216,0.7079
4.87,09-22-2026 23:25:57:265,-0.163200005888939,0.232299998402596,0.220100000500679,0.933200001716614,-0.3961,-0.1212,0.7075
4.88,09-22-2026 23:25:57:275,-0.163200005888939,0.232299998402596,0.220200002193451,0.933099985122681,-0.3956,-0.1214,0.7068
4.89,09-22-2026 23:25:57:285,-0.16329999268055,0.232199996709824,0.220300003886223,0.933099985122681,-0.3951,-0.1203,0.7074
4.9,09-22-2026 23:25:57:295,-0.163399994373322,0.232099995017052,0.220300003886223,0.933099985122681,-0.3949,-0.1198,0.706
4.91,09-22-2026 23:25:57:305,-0.163800001144409,0.231800004839897,0.220699995756149,0.933000028133392,-0.3946,-0.1175,0.7034
4.92,09-22-2026 23:25:57:315,-0.164000004529953,0.231700003147125,0.220799997448921,0.933000028133392,-0.3945,-0.1175,0.7039
4.93,09-22-2026 23:25:57:325,-0.164100006222725,0.231600001454353,0.220799997448921,0.933000028133392,-0.3943,-0.1174,0.7043
4.94,09-22-2026 23:25:57:335,-0.164199993014336,0.231600001454353,0.220899999141693,0.933000028133392,-0.395,-0.1173,0.704
4.95,09-22-2026 23:25:57:345,-0.164399996399879,0.231499999761581,0.221000000834465,0.933000028133392,-0.3962,-0.1169,0.7048
4.96,09-22-2026 23:25:57:355,-0.164499998092651,0.23139999806881,0.221000000834465,0.932900011539459,-0.3973,-0.1166,0.7052
4.97,09-22-2026 23:25:57:365,-0.164599999785423,0.23139999806881,0.221100002527237,0.932900011539459,-0.3979,-0.1172,0.7058
4.98,09-22-2026 23:25:57:375,-0.164800003170967,0.231299996376038,0.221200004220009,0.932900011539459,-0.3987,-0.1174,0.7063
4.99,09-22-2026 23:25:57:385,-0.164900004863739,0.231299996376038,0.221200004220009,0.932799994945526,-0.3989,-0.1182,0.7066
5,09-22-2026 23:25:57:395,-0.165099993348122,0.231199994683266,0.221300005912781,0.932799994945526,-0.3981,-0.1198,0.7069
5.01,09-22-2026 23:25:57:405,-0.165500000119209,0.231099992990494,0.221399992704391,0.932699978351593,-0.3973,-0.1233,0.7103
5.02,09-22-2026 23:25:57:415,-0.165600001811981,0.231000006198883,0.221499994397163,0.932699978351593,-0.3983,-0.1237,0.7111
5.03,09-22-2026 23:25:57:425,-0.165700003504753,0.231000006198883,0.221499994397163,0.932699978351593,-0.3986,-0.1247,0.7121
5.04,09-22-2026 23:25:57:435,-0.165800005197525,0.231000006198883,0.221499994397163,0.932600021362305,-0.3979,-0.1253,0.7126
5.05,09-22-2026 23:25:57:445,-0.165900006890297,0.231000006198883,0.221499994397163,0.932600021362305,-0.3979,-0.1263,0.7137
5.06,09-22-2026 23:25:57:455,-0.165900006890297,0.231000006198883,0.221599996089935,0.932600021362305,-0.3976,-0.1261,0.7137
5.07,09-22-2026 23:25:57:465,-0.165999993681908,0.230900004506111,0.221599996089935,0.932600021362305,-0.3962,-0.1261,0.7131
5.08,09-22-2026 23:25:57:475,-0.16609999537468,0.230900004506111,0.221599996089935,0.932600021362305,-0.3963,-0.1258,0.7131
5.09,09-22-2026 23:25:57:485,-0.16609999537468,0.230900004506111,0.221699997782707,0.932600021362305,-0.3968,-0.1256,0.713
5.1,09-22-2026 23:25:57:495,-0.16609999537468,0.230900004506111,0.221699997782707,0.932600021362305,-0.3976,-0.1246,0.7121
5.11,09-22-2026 23:25:57:505,-0.166199997067451,0.230900004506111,0.221799999475479,0.932500004768372,-0.3966,-0.1239,0.7106
5.12,09-22-2026 23:25:57:515,-0.166199997067451,0.230900004506111,0.221900001168251,0.932500004768372,-0.3965,-0.1242,0.7102
5.13,09-22-2026 23:25:57:525,-0.166199997067451,0.230800002813339,0.221900001168251,0.932500004768372,-0.397,-0.1247,0.7094
5.14,09-22-2026 23:25:57:535,-0.166199997067451,0.230800002813339,0.221900001168251,0.932500004768372,-0.3965,-0.1241,0.7091
5.15,09-22-2026 23:25:57:545,-0.166199997067451,0.230800002813339,0.221900001168251,0.932500004768372,-0.3969,-0.1232,0.7086
5.16,09-22-2026 23:25:57:555,-0.166199997067451,0.230800002813339,0.221900001168251,0.932500004768372,-0.3964,-0.123,0.7082
5.17,09-22-2026 23:25:57:565,-0.166199997067451,0.230800002813339,0.222000002861023,0.932500004768372,-0.3966,-0.1225,0.7075
5.18,09-22-2026 23:25:57:575,-0.166199997067451,0.230800002813339,0.222000002861023,0.932500004768372,-0.3957,-0.1219,0.7073
5.19,09-22-2026 23:25:57:585,-0.166199997067451,0.230800002813339,0.222000002861023,0.932500004768372,-0.3947,-0.1217,0.7064
5.2,09-22-2026 23:25:57:595,-0.16609999537468,0.230800002813339,0.222100004553795,0.932500004768372,-0.3943,-0.1221,0.7065
5.21,09-22-2026 23:25:57:605,-0.166199997067451,0.230700001120567,0.222200006246567,0.932500004768372,-0.391,-0.1254,0.7069
5.22,09-22-2026 23:25:57:615,-0.166199997067451,0.230700001120567,0.222200006246567,0.932500004768372,-0.3911,-0.126,0.7058
5.23,09-22-2026 23:25:57:625,-0.166199997067451,0.230599999427795,0.222299993038177,0.932500004768372,-0.391,-0.1254,0.7063
5.24,09-22-2026 23:25:57:635,-0.166199997067451,0.230599999427795,0.222299993038177,0.932500004768372,-0.3915,-0.1252,0.7075
5.25,09-22-2026 23:25:57:645,-0.166299998760223,0.230599999427795,0.222299993038177,0.932500004768372,-0.3921,-0.1256,0.7077
5.26,09-22-2026 23:25:57:655,-0.166299998760223,0.230499997735023,0.222399994730949,0.932399988174438,-0.3915,-0.1269,0.7081
5.27,09-22-2026 23:25:57:665,-0.166400000452995,0.230499997735023,0.222399994730949,0.932399988174438,-0.3913,-0.128,0.7091
5.28,09-22-2026 23:25:57:675,-0.166400000452995,0.230499997735023,0.222399994730949,0.932399988174438,-0.3907,-0.1292,0.7102
5.29,09-22-2026 23:25:57:685,-0.166500002145767,0.230499997735023,0.222399994730949,0.932399988174438,-0.3904,-0.1294,0.7101
5.3,09-22-2026 23:25:57:695,-0.166500002145767,0.230399996042252,0.222499996423721,0.932299971580505,-0.3901,-0.1297,0.7093
5.31,09-22-2026 23:25:57:705,-0.166700005531311,0.230399996042252,0.222599998116493,0.932200014591217,-0.3899,-0.1306,0.7064
5.32,09-22-2026 23:25:57:715,-0.166800007224083,0.230399996042252,0.222599998116493,0.932200014591217,-0.3906,-0.1308,0.7061
5.33,09-22-2026 23:25:57:725,-0.166899994015694,0.230399996042252,0.222699999809265,0.932200014591217,-0.3914,-0.1308,0.7071
5.34,09-22-2026 23:25:57:735,-0.166899994015694,0.230399996042252,0.222699999809265,0.932099997997284,-0.392,-0.1317,0.7081
5.35,09-22-2026 23:25:57:745,-0.166999995708466,0.23029999434948,0.222800001502037,0.932099997997284,-0.3922,-0.1322,0.7077
5.36,09-22-2026 23:25:57:755,-0.167099997401237,0.23029999434948,0.222900003194809,0.931999981403351,-0.3921,-0.1332,0.7079
5.37,09-22-2026 23:25:57:765,-0.167099997401237,0.230399996042252,0.222900003194809,0.931999981403351,-0.393,-0.1335,0.7086
5.38,09-22-2026 23:25:57:775,-0.167199999094009,0.230399996042252,0.223000004887581,0.931900024414063,-0.3936,-0.1342,0.7097
5.39,09-22-2026 23:25:57:785,-0.167199999094009,0.230399996042252,0.223000004887581,0.931900024414063,-0.3935,-0.1347,0.71
5.4,09-22-2026 23:25:57:795,-0.167199999094009,0.230399996042252,0.223100006580353,0.931800007820129,-0.3937,-0.135,0.7099
5.41,09-22-2026 23:25:57:805,-0.167300000786781,0.23029999434948,0.223499998450279,0.931599974632263,-0.3943,-0.1361,0.7125
5.42,09-22-2026 23:25:57:815,-0.167300000786781,0.23029999434948,0.223600000143051,0.931599974632263,-0.3955,-0.1357,0.7129
5.43,09-22-2026 23:25:57:825,-0.167300000786781,0.23029999434948,0.223700001835823,0.931500017642975,-0.3954,-0.1359,0.7125
5.44,09-22-2026 23:25:57:835,-0.167300000786781,0.23029999434948,0.223800003528595,0.931500017642975,-0.3958,-0.1356,0.712
5.45,09-22-2026 23:25:57:845,-0.167400002479553,0.23029999434948,0.223900005221367,0.931500017642975,-0.396,-0.1353,0.7128
5.46,09-22-2026 23:25:57:855,-0.167400002479553,0.23029999434948,0.224000006914139,0.931400001049042,-0.3971,-0.1348,0.7122
5.47,09-22-2026 23:25:57:865,-0.167400002479553,0.23029999434948,0.224199995398521,0.931400001049042,-0.397,-0.1345,0.7112
5.48,09-22-2026 23:25:57:875,-0.167400002479553,0.230399996042252,0.224299997091293,0.931400001049042,-0.398,-0.1344,0.7115
5.49,09-22-2026 23:25:57:885,-0.167400002479553,0.230399996042252,0.224500000476837,0.931400001049042,-0.3982,-0.1342,0.7113
5.5,09-22-2026 23:25:57:895,-0.167400002479553,0.230399996042252,0.224700003862381,0.931299984455109,-0.3985,-0.1349,0.7108
5.51,09-22-2026 23:25:57:905,-0.167500004172325,0.230599999427795,0.225299999117851,0.93120002746582,-0.397,-0.1338,0.7113
5.52,09-22-2026 23:25:57:915,-0.167500004172325,0.230599999427795,0.225400000810623,0.93120002746582,-0.3959,-0.1342,0.7122
5.53,09-22-2026 23:25:57:925,-0.167600005865097,0.230599999427795,0.225600004196167,0.93120002746582,-0.3945,-0.1339,0.7121
5.54,09-22-2026 23:25:57:935,-0.167600005865097,0.230599999427795,0.22579999268055,0.931100010871887,-0.3936,-0.1336,0.7115
5.55,09-22-2026 23:25:57:945,-0.167699992656708,0.230599999427795,0.225899994373322,0.931100010871887,-0.3936,-0.1322,0.7107
5.56,09-22-2026 23:25:57:955,-0.16779999434948,0.230599999427795,0.226099997758865,0.930999994277954,-0.3935,-0.131,0.7093
5.57,09-22-2026 23:25:57:965,-0.167899996042252,0.230599999427795,0.226199999451637,0.930999994277954,-0.3941,-0.1301,0.7085
5.58,09-22-2026 23:25:57:975,-0.167999997735023,0.230499997735023,0.226300001144409,0.930899977684021,-0.3941,-0.1297,0.7072
5.59,09-22-2026 23:25:57:985,-0.168099999427795,0.230399996042252,0.226500004529953,0.930899977684021,-0.3943,-0.1292,0.7057
5.6,09-22-2026 23:25:57:995,-0.168200001120567,0.230399996042252,0.226600006222725,0.930800020694733,-0.3943,-0.1281,0.7052
5.61,09-22-2026 23:25:58:005,-0.168599992990494,0.230199992656708,0.227200001478195,0.9307000041008,-0.3946,-0.1264,0.7045
5.62,09-22-2026 23:25:58:015,-0.168599992990494,0.230100005865097,0.227300003170967,0.9307000041008,-0.3946,-0.1269,0.7053
5.63,09-22-2026 23:25:58:025,-0.168699994683266,0.230100005865097,0.227500006556511,0.9307000041008,-0.3946,-0.1274,0.7052
5.64,09-22-2026 23:25:58:035,-0.168699994683266,0.230100005865097,0.227699995040894,0.9307000041008,-0.3942,-0.1278,0.705
5.65,09-22-2026 23:25:58:045,-0.168699994683266,0.230000004172325,0.227799996733665,0.9307000041008,-0.3948,-0.1285,0.7052
5.66,09-22-2026 23:25:58:055,-0.168799996376038,0.230000004172325,0.228000000119209,0.9307000041008,-0.3953,-0.129,0.7049
5.67,09-22-2026 23:25:58:065,-0.168799996376038,0.230000004172325,0.228200003504753,0.930599987506866,-0.3965,-0.1288,0.7059
5.68,09-22-2026 23:25:58:075,-0.168799996376038,0.229900002479553,0.228300005197525,0.930599987506866,-0.3975,-0.1293,0.707
5.69,09-22-2026 23:25:58:085,-0.16889999806881,0.229900002479553,0.228499993681908,0.930599987506866,-0.3979,-0.1286,0.707
5.7,09-22-2026 23:25:58:095,-0.16889999806881,0.229800000786781,0.228699997067451,0.930599987506866,-0.3989,-0.128,0.7075
5.71,09-22-2026 23:25:58:105,-0.169100001454353,0.229599997401237,0.229100003838539,0.930499970912933,-0.4005,-0.1287,0.708
5.72,09-22-2026 23:25:58:115,-0.169200003147125,0.229499995708466,0.229200005531311,0.930400013923645,-0.4007,-0.1283,0.7074
5.73,09-22-2026 23:25:58:125,-0.169300004839897,0.229399994015694,0.229300007224083,0.930400013923645,-0.4011,-0.1276,0.707
5.74,09-22-2026 23:25:58:135,-0.169300004839897,0.229399994015694,0.229399994015694,0.930400013923645,-0.4022,-0.127,0.7076
5.75,09-22-2026 23:25:58:145,-0.169400006532669,0.229300007224083,0.229399994015694,0.930299997329712,-0.4027,-0.1275,0.7076
5.76,09-22-2026 23:25:58:155,-0.169400006532669,0.229300007224083,0.229499995708466,0.930299997329712,-0.4028,-0.1279,0.7082
5.77,09-22-2026 23:25:58:165,-0.16949999332428,0.229200005531311,0.229599997401237,0.930299997329712,-0.4038,-0.1281,0.7094
5.78,09-22-2026 23:25:58:175,-0.16949999332428,0.229200005531311,0.229699999094009,0.930299997329712,-0.4033,-0.129,0.7103
5.79,09-22-2026 23:25:58:185,-0.16949999332428,0.229100003838539,0.229800000786781,0.930299997329712,-0.4026,-0.1299,0.7106
5.8,09-22-2026 23:25:58:195,-0.16949999332428,0.229100003838539,0.229900002479553,0.930299997329712,-0.4008,-0.1306,0.7098
5.81,09-22-2026 23:25:58:205,-0.16949999332428,0.229000002145767,0.230199992656708,0.930299997329712,-0.3966,-0.1317,0.7107
5.82,09-22-2026 23:25:58:215,-0.16949999332428,0.229000002145767,0.23029999434948,0.930299997329712,-0.3961,-0.1313,0.7111
5.83,09-22-2026 23:25:58:225,-0.16949999332428,0.229000002145767,0.230399996042252,0.930299997329712,-0.3963,-0.1312,0.711
5.84,09-22-2026 23:25:58:235,-0.16949999332428,0.229000002145767,0.230499997735023,0.930299997329712,-0.3963,-0.1315,0.7111
5.85,09-22-2026 23:25:58:245,-0.16949999332428,0.229000002145767,0.230599999427795,0.930199980735779,-0.3953,-0.1316,0.7103
5.86,09-22-2026 23:25:58:255,-0.16949999332428,0.229000002145767,0.230700001120567,0.930199980735779,-0.3949,-0.1317,0.7098
5.87,09-22-2026 23:25:58:265,-0.169599995017052,0.228900000452995,0.230800002813339,0.930199980735779,-0.3956,-0.131,0.7102
5.88,09-22-2026 23:25:58:275,-0.169599995017052,0.228900000452995,0.230900004506111,0.930199980735779,-0.3957,-0.1304,0.709
5.89,09-22-2026 23:25:58:285,-0.169599995017052,0.228900000452995,0.230900004506111,0.930199980735779,-0.396,-0.1295,0.7064
5.9,09-22-2026 23:25:58:295,-0.169699996709824,0.228799998760223,0.231000006198883,0.930199980735779,-0.3971,-0.1284,0.7047
5.91,09-22-2026 23:25:58:305,-0.169799998402596,0.22859999537468,0.231199994683266,0.93010002374649,-0.3995,-0.1266,0.7004
5.92,09-22-2026 23:25:58:315,-0.169799998402596,0.22859999537468,0.231299996376038,0.93010002374649,-0.3992,-0.1268,0.7009
5.93,09-22-2026 23:25:58:325,-0.169900000095367,0.22859999537468,0.231299996376038,0.93010002374649,-0.3986,-0.1273,0.7011
5.94,09-22-2026 23:25:58:335,-0.169900000095367,0.228499993681908,0.231299996376038,0.93010002374649,-0.3969,-0.1283,0.701
5.95,09-22-2026 23:25:58:345,-0.169900000095367,0.228499993681908,0.23139999806881,0.93010002374649,-0.3952,-0.1294,0.7015
5.96,09-22-2026 23:25:58:355,-0.169900000095367,0.228499993681908,0.23139999806881,0.93010002374649,-0.3944,-0.1304,0.7036
5.97,09-22-2026 23:25:58:365,-0.169900000095367,0.228400006890297,0.231499999761581,0.93010002374649,-0.394,-0.1304,0.7062
5.98,09-22-2026 23:25:58:375,-0.169900000095367,0.228400006890297,0.231499999761581,0.930199980735779,-0.393,-0.1307,0.7076
5.99,09-22-2026 23:25:58:385,-0.169900000095367,0.228400006890297,0.231600001454353,0.930199980735779,-0.3931,-0.1312,0.7096
6,09-22-2026 23:25:58:395,-0.169900000095367,0.228400006890297,0.231600001454353,0.930199980735779,-0.3922,-0.1323,0.7123
6.01,09-22-2026 23:25:58:405,-0.170100003480911,0.228300005197525,0.231800004839897,0.93010002374649,-0.3883,-0.1352,0.7145
6.02,09-22-2026 23:25:58:415,-0.170100003480911,0.228300005197525,0.231800004839897,0.93010002374649,-0.3889,-0.1345,0.7132
6.03,09-22-2026 23:25:58:425,-0.170200005173683,0.228200003504753,0.231900006532669,0.93010002374649,-0.3896,-0.1329,0.713
6.04,09-22-2026 23:25:58:435,-0.170200005173683,0.228200003504753,0.231900006532669,0.930000007152557,-0.3907,-0.1323,0.7124
6.05,09-22-2026 23:25:58:445,-0.170300006866455,0.228100001811981,0.231900006532669,0.930000007152557,-0.3918,-0.131,0.7122
6.06,09-22-2026 23:25:58:455,-0.170300006866455,0.228100001811981,0.231900006532669,0.930000007152557,-0.3933,-0.1303,0.7111
6.07,09-22-2026 23:25:58:465,-0.170300006866455,0.228100001811981,0.231900006532669,0.930000007152557,-0.3936,-0.1299,0.7103
6.08,09-22-2026 23:25:58:475,-0.170399993658066,0.228000000119209,0.231900006532669,0.930000007152557,-0.3929,-0.1298,0.7092
6.09,09-22-2026 23:25:58:485,-0.170399993658066,0.228000000119209,0.23199999332428,0.930000007152557,-0.3922,-0.1311,0.7075
6.1,09-22-2026 23:25:58:495,-0.170399993658066,0.228000000119209,0.23199999332428,0.929899990558624,-0.3929,-0.1312,0.7065
6.11,09-22-2026 23:25:58:505,-0.170399993658066,0.227899998426437,0.232199996709824,0.929899990558624,-0.3948,-0.1323,0.7075
6.12,09-22-2026 23:25:58:515,-0.170399993658066,0.227799996733665,0.232199996709824,0.929899990558624,-0.3954,-0.1332,0.7081
6.13,09-22-2026 23:25:58:525,-0.170399993658066,0.227799996733665,0.232299998402596,0.929899990558624,-0.3953,-0.1342,0.7096
6.14,09-22-2026 23:25:58:535,-0.170399993658066,0.227799996733665,0.232400000095367,0.929899990558624,-0.3953,-0.1339,0.7106
6.15,09-22-2026 23:25:58:545,-0.170399993658066,0.227799996733665,0.232500001788139,0.929899990558624,-0.3947,-0.1348,0.7113
6.16,09-22-2026 23:25:58:555,-0.170399993658066,0.227799996733665,0.232500001788139,0.929899990558624,-0.3932,-0.1353,0.7123
6.17,09-22-2026 23:25:58:565,-0.170399993658066,0.227799996733665,0.232600003480911,0.929899990558624,-0.3926,-0.1359,0.7128
6.18,09-22-2026 23:25:58:575,-0.170499995350838,0.227699995040894,0.232600003480911,0.929899990558624,-0.392,-0.1357,0.7137
6.19,09-22-2026 23:25:58:585,-0.170499995350838,0.227699995040894,0.232700005173683,0.929899990558624,-0.391,-0.1356,0.7134
6.2,09-22-2026 23:25:58:595,-0.170499995350838,0.227699995040894,0.232700005173683,0.929799973964691,-0.3901,-0.1356,0.7121
6.21,09-22-2026 23:25:58:605,-0.17059999704361,0.227699995040894,0.232800006866455,0.929799973964691,-0.3913,-0.1343,0.7089
6.22,09-22-2026 23:25:58:615,-0.17059999704361,0.227599993348122,0.232899993658066,0.929799973964691,-0.3927,-0.1337,0.7079
6.23,09-22-2026 23:25:58:625,-0.17059999704361,0.227599993348122,0.232899993658066,0.929799973964691,-0.394,-0.1334,0.7088
6.24,09-22-2026 23:25:58:635,-0.17059999704361,0.227599993348122,0.232899993658066,0.929700016975403,-0.3942,-0.1333,0.7077
6.25,09-22-2026 23:25:58:645,-0.170699998736382,0.227599993348122,0.232999995350838,0.929700016975403,-0.394,-0.133,0.7064
6.26,09-22-2026 23:25:58:655,-0.170699998736382,0.227599993348122,0.232999995350838,0.929700016975403,-0.3945,-0.1328,0.7062
6.27,09-22-2026 23:25:58:665,-0.170699998736382,0.227599993348122,0.23309999704361,0.929700016975403,-0.3936,-0.133,0.7061
6.28,09-22-2026 23:25:58:675,-0.170800000429153,0.227500006556511,0.23309999704361,0.929700016975403,-0.3936,-0.1338,0.7063
6.29,09-22-2026 23:25:58:685,-0.170800000429153,0.227500006556511,0.233199998736382,0.929700016975403,-0.3929,-0.134,0.7074
6.3,09-22-2026 23:25:58:695,-0.170900002121925,0.227500006556511,0.233199998736382,0.929700016975403,-0.3934,-0.1348,0.7081
6.31,09-22-2026 23:25:58:705,-0.171100005507469,0.227500006556511,0.233400002121925,0.92960000038147,-0.3916,-0.1367,0.7108
6.32,09-22-2026 23:25:58:715,-0.171100005507469,0.227500006556511,0.233400002121925,0.92960000038147,-0.3905,-0.137,0.7103
6.33,09-22-2026 23:25:58:725,-0.171100005507469,0.227500006556511,0.233500003814697,0.92960000038147,-0.3903,-0.1377,0.7106
6.34,09-22-2026 23:25:58:735,-0.171200007200241,0.227500006556511,0.233600005507469,0.929499983787537,-0.3902,-0.1369,0.7103
6.35,09-22-2026 23:25:58:745,-0.171200007200241,0.227500006556511,0.233600005507469,0.929499983787537,-0.3906,-0.1364,0.7094
6.36,09-22-2026 23:25:58:755,-0.171299993991852,0.227500006556511,0.233600005507469,0.929499983787537,-0.3916,-0.1351,0.7083
6.37,09-22-2026 23:25:58:765,-0.171299993991852,0.227500006556511,0.233700007200241,0.929499983787537,-0.3919,-0.1339,0.7083
6.38,09-22-2026 23:25:58:775,-0.171299993991852,0.227500006556511,0.233700007200241,0.929499983787537,-0.393,-0.1323,0.7066
6.39,09-22-2026 23:25:58:785,-0.171299993991852,0.227400004863739,0.233799993991852,0.929499983787537,-0.3938,-0.1315,0.7045
6.4,09-22-2026 23:25:58:795,-0.171299993991852,0.227400004863739,0.233799993991852,0.929499983787537,-0.3947,-0.1306,0.7038
6.41,09-22-2026 23:25:58:805,-0.171399995684624,0.227300003170967,0.233999997377396,0.929400026798248,-0.3962,-0.1321,0.7061
6.42,09-22-2026 23:25:58:815,-0.171399995684624,0.227300003170967,0.234099999070168,0.929400026798248,-0.3953,-0.1329,0.7071
6.43,09-22-2026 23:25:58:825,-0.171399995684624,0.227300003170967,0.234099999070168,0.929300010204315,-0.3947,-0.1336,0.7085
6.44,09-22-2026 23:25:58:835,-0.171499997377396,0.227300003170967,0.234200000762939,0.929300010204315,-0.3938,-0.1342,0.7102
6.45,09-22-2026 23:25:58:845,-0.171499997377396,0.227300003170967,0.234200000762939,0.929300010204315,-0.3929,-0.1347,0.7112
6.46,09-22-2026 23:25:58:855,-0.171499997377396,0.227300003170967,0.234300002455711,0.929300010204315,-0.392,-0.1347,0.7113
6.47,09-22-2026 23:25:58:865,-0.171599999070168,0.227200001478195,0.234300002455711,0.929300010204315,-0.392,-0.1344,0.7119
6.48,09-22-2026 23:25:58:875,-0.171599999070168,0.227200001478195,0.234400004148483,0.929199993610382,-0.3923,-0.1342,0.7123
6.49,09-22-2026 23:25:58:885,-0.171599999070168,0.227200001478195,0.234400004148483,0.929199993610382,-0.3924,-0.1344,0.7124
6.5,09-22-2026 23:25:58:895,-0.171700000762939,0.227200001478195,0.234500005841255,0.929199993610382,-0.3937,-0.1341,0.712
6.51,09-22-2026 23:25:58:905,-0.171800002455711,0.227200001478195,0.23479999601841,0.929099977016449,-0.395,-0.1335,0.7102
6.52,09-22-2026 23:25:58:915,-0.171900004148483,0.227200001478195,0.23479999601841,0.929099977016449,-0.3957,-0.133,0.7096
6.53,09-22-2026 23:25:58:925,-0.171900004148483,0.227200001478195,0.234899997711182,0.929099977016449,-0.3954,-0.1321,0.7078
6.54,09-22-2026 23:25:58:935,-0.171900004148483,0.227200001478195,0.234999999403954,0.929000020027161,-0.3951,-0.1316,0.707
6.55,09-22-2026 23:25:58:945,-0.172000005841255,0.227200001478195,0.234999999403954,0.929000020027161,-0.3949,-0.1316,0.7066
6.56,09-22-2026 23:25:58:955,-0.172000005841255,0.227200001478195,0.235100001096725,0.929000020027161,-0.3945,-0.1315,0.7058
6.57,09-22-2026 23:25:58:965,-0.172000005841255,0.227200001478195,0.235100001096725,0.929000020027161,-0.3945,-0.1306,0.7058
6.58,09-22-2026 23:25:58:975,-0.172099992632866,0.227200001478195,0.235200002789497,0.929000020027161,-0.3945,-0.1309,0.7055
6.59,09-22-2026 23:25:58:985,-0.172000005841255,0.227200001478195,0.235300004482269,0.929000020027161,-0.3952,-0.1305,0.7062
6.6,09-22-2026 23:25:58:995,-0.171900004148483,0.227200001478195,0.235300004482269,0.929000020027161,-0.3958,-0.1308,0.7066
6.61,09-22-2026 23:25:59:005,-0.171499997377396,0.227200001478195,0.235599994659424,0.929099977016449,-0.3947,-0.1331,0.708
6.62,09-22-2026 23:25:59:015,-0.171399995684624,0.227200001478195,0.235599994659424,0.929099977016449,-0.3941,-0.1339,0.7081
6.63,09-22-2026 23:25:59:025,-0.171299993991852,0.227200001478195,0.235699996352196,0.929099977016449,-0.3937,-0.1347,0.7092
6.64,09-22-2026 23:25:59:035,-0.171200007200241,0.227200001478195,0.235699996352196,0.929099977016449,-0.3932,-0.1347,0.7086
6.65,09-22-2026 23:25:59:045,-0.171100005507469,0.227200001478195,0.235799998044968,0.929199993610382,-0.3934,-0.1341,0.7083
6.66,09-22-2026 23:25:59:055,-0.171000003814697,0.227200001478195,0.235799998044968,0.929199993610382,-0.3929,-0.1341,0.7089
6.67,09-22-2026 23:25:59:065,-0.170900002121925,0.227200001478195,0.23589999973774,0.929199993610382,-0.3929,-0.1344,0.708
6.68,09-22-2026 23:25:59:075,-0.170800000429153,0.227099999785423,0.23589999973774,0.929199993610382,-0.3936,-0.1341,0.7074
6.69,09-22-2026 23:25:59:085,-0.170699998736382,0.227099999785423,0.23589999973774,0.929199993610382,-0.394,-0.1342,0.7079
6.7,09-22-2026 23:25:59:095,-0.17059999704361,0.227099999785423,0.23589999973774,0.929300010204315,-0.3943,-0.1343,0.7082
6.71,09-22-2026 23:25:59:105,-0.170300006866455,0.226999998092651,0.236000001430511,0.929300010204315,-0.3937,-0.1347,0.7103
6.72,09-22-2026 23:25:59:115,-0.170200005173683,0.226899996399879,0.236100003123283,0.929300010204315,-0.3936,-0.1349,0.7099
6.73,09-22-2026 23:25:59:125,-0.170100003480911,0.226899996399879,0.236100003123283,0.929400026798248,-0.3935,-0.1349,0.7096
6.74,09-22-2026 23:25:59:135,-0.170000001788139,0.226899996399879,0.236100003123283,0.929400026798248,-0.3935,-0.1352,0.71
6.75,09-22-2026 23:25:59:145,-0.169900000095367,0.226799994707108,0.236100003123283,0.929400026798248,-0.393,-0.1351,0.7101
6.76,09-22-2026 23:25:59:155,-0.169799998402596,0.226799994707108,0.236200004816055,0.929400026798248,-0.3931,-0.1349,0.7099
6.77,09-22-2026 23:25:59:165,-0.169699996709824,0.226799994707108,0.236200004816055,0.929400026798248,-0.3929,-0.1346,0.7095
6.78,09-22-2026 23:25:59:175,-0.169699996709824,0.226799994707108,0.236200004816055,0.929499983787537,-0.3926,-0.1342,0.7095
6.79,09-22-2026 23:25:59:185,-0.169599995017052,0.226699993014336,0.236200004816055,0.929499983787537,-0.3925,-0.1342,0.71
6.8,09-22-2026 23:25:59:195,-0.16949999332428,0.226699993014336,0.236200004816055,0.929499983787537,-0.3927,-0.1339,0.7103
6.81,09-22-2026 23:25:59:205,-0.168999999761581,0.226600006222725,0.236300006508827,0.92960000038147,-0.3938,-0.1351,0.7103
6.82,09-22-2026 23:25:59:215,-0.16889999806881,0.226600006222725,0.236300006508827,0.92960000038147,-0.3934,-0.1363,0.7092
6.83,09-22-2026 23:25:59:225,-0.168799996376038,0.226500004529953,0.236399993300438,0.92960000038147,-0.3932,-0.1372,0.7084
6.84,09-22-2026 23:25:59:235,-0.168599992990494,0.226500004529953,0.236399993300438,0.92960000038147,-0.3931,-0.1375,0.7082
6.85,09-22-2026 23:25:59:245,-0.168500006198883,0.226500004529953,0.236399993300438,0.929700016975403,-0.3936,-0.1379,0.7087
6.86,09-22-2026 23:25:59:255,-0.168400004506111,0.226400002837181,0.236399993300438,0.929700016975403,-0.3939,-0.1368,0.708
6.87,09-22-2026 23:25:59:265,-0.168300002813339,0.226400002837181,0.23649999499321,0.929700016975403,-0.394,-0.1373,0.7067
6.88,09-22-2026 23:25:59:275,-0.168200001120567,0.226400002837181,0.23649999499321,0.929700016975403,-0.3939,-0.1372,0.7063
6.89,09-22-2026 23:25:59:285,-0.168099999427795,0.226300001144409,0.23649999499321,0.929700016975403,-0.3939,-0.1368,0.7058
6.9,09-22-2026 23:25:59:295,-0.167999997735023,0.226300001144409,0.23649999499321,0.929799973964691,-0.3945,-0.1358,0.7057
6.91,09-22-2026 23:25:59:305,-0.167600005865097,0.226300001144409,0.236599996685982,0.929799973964691,-0.3937,-0.1372,0.7065
6.92,09-22-2026 23:25:59:315,-0.167500004172325,0.226300001144409,0.236599996685982,0.929799973964691,-0.393,-0.1377,0.7083
6.93,09-22-2026 23:25:59:325,-0.167400002479553,0.226300001144409,0.236599996685982,0.929899990558624,-0.3925,-0.1386,0.7095
6.94,09-22-2026 23:25:59:335,-0.167300000786781,0.226300001144409,0.23649999499321,0.929899990558624,-0.3917,-0.139,0.7073
6.95,09-22-2026 23:25:59:345,-0.167199999094009,0.226300001144409,0.236599996685982,0.929899990558624,-0.3917,-0.1387,0.7068
6.96,09-22-2026 23:25:59:355,-0.167099997401237,0.226300001144409,0.236599996685982,0.929899990558624,-0.3919,-0.1379,0.7084
6.97,09-22-2026 23:25:59:365,-0.167099997401237,0.226199999451637,0.236599996685982,0.929899990558624,-0.3927,-0.1379,0.7097
6.98,09-22-2026 23:25:59:375,-0.166999995708466,0.226199999451637,0.236599996685982,0.929899990558624,-0.3932,-0.1376,0.7081
6.99,09-22-2026 23:25:59:385,-0.166899994015694,0.226199999451637,0.236599996685982,0.930000007152557,-0.3938,-0.1371,0.7075
7,09-22-2026 23:25:59:395,-0.166800007224083,0.226199999451637,0.236599996685982,0.930000007152557,-0.3941,-0.1364,0.7079
7.01,09-22-2026 23:25:59:405,-0.166400000452995,0.226099997758865,0.236699998378754,0.930000007152557,-0.3955,-0.1372,0.7091
7.02,09-22-2026 23:25:59:415,-0.166299998760223,0.226099997758865,0.236800000071526,0.930000007152557,-0.395,-0.137,0.7079
7.03,09-22-2026 23:25:59:425,-0.166199997067451,0.226099997758865,0.236800000071526,0.930000007152557,-0.3948,-0.137,0.7081
7.04,09-22-2026 23:25:59:435,-0.16609999537468,0.225999996066093,0.236800000071526,0.93010002374649,-0.3954,-0.1364,0.7093
7.05,09-22-2026 23:25:59:445,-0.165999993681908,0.225999996066093,0.236800000071526,0.93010002374649,-0.395,-0.1361,0.7085
7.06,09-22-2026 23:25:59:455,-0.165800005197525,0.225999996066093,0.236900001764297,0.930000007152557,-0.3943,-0.1361,0.7087
7.07,09-22-2026 23:25:59:465,-0.165700003504753,0.225999996066093,0.236900001764297,0.930000007152557,-0.3938,-0.137,0.7098
7.08,09-22-2026 23:25:59:475,-0.165600001811981,0.225999996066093,0.236900001764297,0.930000007152557,-0.3939,-0.1367,0.7105
7.09,09-22-2026 23:25:59:485,-0.165600001811981,0.225899994373322,0.236900001764297,0.930000007152557,-0.3932,-0.1364,0.7102
7.1,09-22-2026 23:25:59:495,-0.165500000119209,0.225899994373322,0.236900001764297,0.930000007152557,-0.3933,-0.1365,0.7095
7.11,09-22-2026 23:25:59:505,-0.165199995040894,0.22579999268055,0.237000003457069,0.930000007152557,-0.3937,-0.1362,0.7087
7.12,09-22-2026 23:25:59:515,-0.165099993348122,0.22579999268055,0.237100005149841,0.929899990558624,-0.393,-0.1363,0.7086
7.13,09-22-2026 23:25:59:525,-0.165000006556511,0.22579999268055,0.237100005149841,0.929899990558624,-0.3925,-0.1358,0.7095
7.14,09-22-2026 23:25:59:535,-0.164900004863739,0.22579999268055,0.237200006842613,0.930000007152557,-0.3919,-0.136,0.709
7.15,09-22-2026 23:25:59:545,-0.164900004863739,0.22579999268055,0.237299993634224,0.930000007152557,-0.3923,-0.1358,0.7094
7.16,09-22-2026 23:25:59:555,-0.164800003170967,0.225899994373322,0.237399995326996,0.930000007152557,-0.393,-0.1358,0.7084
7.17,09-22-2026 23:25:59:565,-0.164700001478195,0.225899994373322,0.237399995326996,0.930000007152557,-0.3933,-0.1348,0.708
7.18,09-22-2026 23:25:59:575,-0.164599999785423,0.225899994373322,0.237499997019768,0.930000007152557,-0.3937,-0.1347,0.7081
7.19,09-22-2026 23:25:59:585,-0.164499998092651,0.225899994373322,0.23759999871254,0.930000007152557,-0.3937,-0.1342,0.7086
7.2,09-22-2026 23:25:59:595,-0.164499998092651,0.225999996066093,0.237700000405312,0.93010002374649,-0.3938,-0.1345,0.7089
7.21,09-22-2026 23:25:59:605,-0.164199993014336,0.225999996066093,0.238000005483627,0.93010002374649,-0.393,-0.1329,0.7082
7.22,09-22-2026 23:25:59:615,-0.164100006222725,0.225999996066093,0.238100007176399,0.93010002374649,-0.3924,-0.1329,0.7078
7.23,09-22-2026 23:25:59:625,-0.164000004529953,0.225999996066093,0.23819999396801,0.93010002374649,-0.3929,-0.1329,0.7079
7.24,09-22-2026 23:25:59:635,-0.163900002837181,0.225999996066093,0.23819999396801,0.930199980735779,-0.3935,-0.1323,0.7094
7.25,09-22-2026 23:25:59:645,-0.163900002837181,0.225999996066093,0.23819999396801,0.930199980735779,-0.3938,-0.1326,0.7098
7.26,09-22-2026 23:25:59:655,-0.163800001144409,0.225999996066093,0.23819999396801,0.930199980735779,-0.3945,-0.1325,0.709
7.27,09-22-2026 23:25:59:665,-0.163699999451637,0.225899994373322,0.23819999396801,0.930199980735779,-0.3949,-0.1322,0.7096
7.28,09-22-2026 23:25:59:675,-0.163599997758865,0.225899994373322,0.238299995660782,0.930199980735779,-0.3948,-0.1318,0.71
7.29,09-22-2026 23:25:59:685,-0.163599997758865,0.225899994373322,0.238299995660782,0.930199980735779,-0.395,-0.1317,0.7094
7.3,09-22-2026 23:25:59:695,-0.163499996066093,0.22579999268055,0.238299995660782,0.930199980735779,-0.3956,-0.1321,0.7083
7.31,09-22-2026 23:25:59:705,-0.16329999268055,0.225700005888939,0.238399997353554,0.930299997329712,-0.3945,-0.1319,0.7071
7.32,09-22-2026 23:25:59:715,-0.16329999268055,0.225700005888939,0.238399997353554,0.930299997329712,-0.3948,-0.1317,0.708
7.33,09-22-2026 23:25:59:725,-0.163200005888939,0.225700005888939,0.238399997353554,0.930299997329712,-0.3955,-0.1317,0.7076
7.34,09-22-2026 23:25:59:735,-0.163100004196167,0.225700005888939,0.238399997353554,0.930299997329712,-0.3966,-0.1322,0.7077
7.35,09-22-2026 23:25:59:745,-0.163100004196167,0.225600004196167,0.238399997353554,0.930400013923645,-0.3964,-0.1326,0.7084
7.36,09-22-2026 23:25:59:755,-0.163000002503395,0.225600004196167,0.238499999046326,0.930400013923645,-0.3957,-0.1332,0.7085
7.37,09-22-2026 23:25:59:765,-0.162900000810623,0.225600004196167,0.238499999046326,0.930400013923645,-0.3956,-0.1337,0.7082
7.38,09-22-2026 23:25:59:775,-0.162900000810623,0.225600004196167,0.238499999046326,0.930400013923645,-0.3947,-0.1341,0.7084
7.39,09-22-2026 23:25:59:785,-0.162799999117851,0.225600004196167,0.238499999046326,0.930400013923645,-0.3943,-0.1339,0.7091
7.4,09-22-2026 23:25:59:795,-0.162699997425079,0.225500002503395,0.238499999046326,0.930400013923645,-0.3945,-0.1337,0.7098
7.41,09-22-2026 23:25:59:805,-0.162300005555153,0.225500002503395,0.238499999046326,0.930599987506866,-0.3953,-0.1325,0.7101
7.42,09-22-2026 23:25:59:815,-0.162200003862381,0.225500002503395,0.238399997353554,0.930599987506866,-0.3948,-0.1331,0.7092
7.43,09-22-2026 23:25:59:825,-0.162200003862381,0.225500002503395,0.238399997353554,0.930599987506866,-0.3948,-0.1334,0.7081
7.44,09-22-2026 23:25:59:835,-0.162100002169609,0.225500002503395,0.238499999046326,0.930599987506866,-0.3944,-0.1332,0.7064
7.45,09-22-2026 23:25:59:845,-0.162100002169609,0.225400000810623,0.238499999046326,0.930599987506866,-0.3932,-0.1326,0.7052
7.46,09-22-2026 23:25:59:855,-0.162000000476837,0.225400000810623,0.238499999046326,0.930599987506866,-0.3927,-0.1332,0.705
7.47,09-22-2026 23:25:59:865,-0.161899998784065,0.225400000810623,0.238499999046326,0.9307000041008,-0.3931,-0.1336,0.7052
7.48,09-22-2026 23:25:59:875,-0.161899998784065,0.225400000810623,0.238499999046326,0.9307000041008,-0.3933,-0.1339,0.7055
7.49,09-22-2026 23:25:59:885,-0.161799997091293,0.225299999117851,0.238499999046326,0.9307000041008,-0.3932,-0.1347,0.7066
7.5,09-22-2026 23:25:59:895,-0.161699995398521,0.225299999117851,0.238499999046326,0.9307000041008,-0.3934,-0.1347,0.7077
7.51,09-22-2026 23:25:59:905,-0.161500006914139,0.225199997425079,0.238399997353554,0.9307000041008,-0.3919,-0.135,0.7074
7.52,09-22-2026 23:25:59:915,-0.161400005221367,0.225199997425079,0.238399997353554,0.9307000041008,-0.3917,-0.1347,0.7076
7.53,09-22-2026 23:25:59:925,-0.161300003528595,0.225099995732307,0.238399997353554,0.930800020694733,-0.3918,-0.1346,0.708
7.54,09-22-2026 23:25:59:935,-0.161300003528595,0.225099995732307,0.238399997353554,0.930800020694733,-0.392,-0.1344,0.7077
7.55,09-22-2026 23:25:59:945,-0.161200001835823,0.225099995732307,0.238399997353554,0.930800020694733,-0.3927,-0.1338,0.7077
7.56,09-22-2026 23:25:59:955,-0.161100000143051,0.225099995732307,0.238399997353554,0.930800020694733,-0.3933,-0.1334,0.7096
7.57,09-22-2026 23:25:59:965,-0.161100000143051,0.225099995732307,0.238399997353554,0.930800020694733,-0.3933,-0.1333,0.7101
7.58,09-22-2026 23:25:59:975,-0.160999998450279,0.225099995732307,0.238499999046326,0.930800020694733,-0.3933,-0.1337,0.71
7.59,09-22-2026 23:25:59:985,-0.160899996757507,0.224999994039536,0.238499999046326,0.930800020694733,-0.393,-0.1339,0.7115
7.6,09-22-2026 23:25:59:995,-0.160899996757507,0.224999994039536,0.238499999046326,0.930800020694733,-0.3927,-0.1341,0.7112
7.61,09-22-2026 23:26:00:005,-0.160600006580353,0.224900007247925,0.238499999046326,0.930899977684021,-0.3937,-0.1334,0.7067
7.62,09-22-2026 23:26:00:015,-0.160500004887581,0.224900007247925,0.238600000739098,0.930899977684021,-0.3935,-0.1331,0.7059
7.63,09-22-2026 23:26:00:025,-0.160500004887581,0.224900007247925,0.238600000739098,0.930899977684021,-0.3938,-0.133,0.7058
7.64,09-22-2026 23:26:00:035,-0.160400003194809,0.224900007247925,0.238600000739098,0.930899977684021,-0.3942,-0.1331,0.7064
7.65,09-22-2026 23:26:00:045,-0.160400003194809,0.224900007247925,0.238600000739098,0.930899977684021,-0.3948,-0.1328,0.7061
7.66,09-22-2026 23:26:00:055,-0.160300001502037,0.224900007247925,0.238600000739098,0.930899977684021,-0.3952,-0.1328,0.7069
7.67,09-22-2026 23:26:00:065,-0.160199999809265,0.224800005555153,0.238600000739098,0.930999994277954,-0.3959,-0.1331,0.7078
7.68,09-22-2026 23:26:00:075,-0.160199999809265,0.224800005555153,0.23870000243187,0.930999994277954,-0.3954,-0.1339,0.7079
7.69,09-22-2026 23:26:00:085,-0.160099998116493,0.224800005555153,0.23870000243187,0.930999994277954,-0.3948,-0.1345,0.7075
7.7,09-22-2026 23:26:00:095,-0.160099998116493,0.224800005555153,0.23870000243187,0.930999994277954,-0.3944,-0.1357,0.7076
7.71,09-22-2026 23:26:00:105,-0.159799993038177,0.224700003862381,0.238800004124641,0.930999994277954,-0.3954,-0.1372,0.7089
7.72,09-22-2026 23:26:00:115,-0.159799993038177,0.224700003862381,0.238800004124641,0.930999994277954,-0.3963,-0.1371,0.7096
7.73,09-22-2026 23:26:00:125,-0.159700006246567,0.224700003862381,0.238800004124641,0.930999994277954,-0.3973,-0.1372,0.7104
7.74,09-22-2026 23:26:00:135,-0.159700006246567,0.224700003862381,0.238800004124641,0.931100010871887,-0.3972,-0.1374,0.7103
7.75,09-22-2026 23:26:00:145,-0.159600004553795,0.224600002169609,0.238800004124641,0.931100010871887,-0.3971,-0.1375,0.7107
7.76,09-22-2026 23:26:00:155,-0.159500002861023,0.224600002169609,0.238800004124641,0.931100010871887,-0.397,-0.1377,0.7113
7.77,09-22-2026 23:26:00:165,-0.159500002861023,0.224600002169609,0.238800004124641,0.931100010871887,-0.3968,-0.1377,0.711
7.78,09-22-2026 23:26:00:175,-0.159400001168251,0.224600002169609,0.238900005817413,0.931100010871887,-0.3964,-0.1372,0.7109
7.79,09-22-2026 23:26:00:185,-0.159400001168251,0.224600002169609,0.238900005817413,0.931100010871887,-0.3964,-0.1373,0.7112
7.8,09-22-2026 23:26:00:195,-0.159299999475479,0.224500000476837,0.238900005817413,0.931100010871887,-0.3957,-0.1372,0.7106
7.81,09-22-2026 23:26:00:205,-0.159199997782707,0.224500000476837,0.238900005817413,0.931100010871887,-0.396,-0.1368,0.7075
7.82,09-22-2026 23:26:00:215,-0.159099996089935,0.224500000476837,0.238999992609024,0.93120002746582,-0.3967,-0.1358,0.7072
7.83,09-22-2026 23:26:00:225,-0.159099996089935,0.224500000476837,0.238999992609024,0.93120002746582,-0.397,-0.1353,0.7068
7.84,09-22-2026 23:26:00:235,-0.158999994397163,0.224399998784065,0.238999992609024,0.93120002746582,-0.397,-0.1347,0.7062
7.85,09-22-2026 23:26:00:245,-0.158999994397163,0.224399998784065,0.238999992609024,0.93120002746582,-0.3968,-0.1341,0.7058
7.86,09-22-2026 23:26:00:255,-0.158899992704391,0.224399998784065,0.238999992609024,0.93120002746582,-0.3957,-0.1335,0.7059
7.87,09-22-2026 23:26:00:265,-0.158899992704391,0.224399998784065,0.238999992609024,0.93120002746582,-0.3956,-0.1335,0.7069
7.88,09-22-2026 23:26:00:275,-0.158800005912781,0.224399998784065,0.238999992609024,0.93120002746582,-0.3953,-0.134,0.7064
7.89,09-22-2026 23:26:00:285,-0.158800005912781,0.224399998784065,0.238999992609024,0.93120002746582,-0.395,-0.134,0.7061
7.9,09-22-2026 23:26:00:295,-0.158700004220009,0.224299997091293,0.239099994301796,0.93120002746582,-0.3941,-0.1343,0.7066
7.91,09-22-2026 23:26:00:305,-0.158600002527237,0.224299997091293,0.239099994301796,0.931100010871887,-0.393,-0.133,0.7054
7.92,09-22-2026 23:26:00:315,-0.158600002527237,0.224299997091293,0.239099994301796,0.931100010871887,-0.3935,-0.1323,0.7062
7.93,09-22-2026 23:26:00:325,-0.158600002527237,0.224199995398521,0.239099994301796,0.931100010871887,-0.3934,-0.1318,0.7058
7.94,09-22-2026 23:26:00:335,-0.158500000834465,0.224199995398521,0.239099994301796,0.931100010871887,-0.3942,-0.1314,0.7059
7.95,09-22-2026 23:26:00:345,-0.158500000834465,0.224199995398521,0.239099994301796,0.931100010871887,-0.3952,-0.1313,0.7063
7.96,09-22-2026 23:26:00:355,-0.158500000834465,0.224199995398521,0.239199995994568,0.930999994277954,-0.3955,-0.1316,0.7064
7.97,09-22-2026 23:26:00:365,-0.158500000834465,0.224199995398521,0.239199995994568,0.930999994277954,-0.3957,-0.1317,0.7074
7.98,09-22-2026 23:26:00:375,-0.158399999141693,0.224199995398521,0.239199995994568,0.930999994277954,-0.3961,-0.1317,0.7076
7.99,09-22-2026 23:26:00:385,-0.158399999141693,0.224199995398521,0.239199995994568,0.930999994277954,-0.396,-0.1319,0.7073
8,09-22-2026 23:26:00:395,-0.158299997448921,0.224199995398521,0.23929999768734,0.930999994277954,-0.3956,-0.1325,0.7074
8.01,09-22-2026 23:26:00:405,-0.158199995756149,0.224199995398521,0.239600002765656,0.930899977684021,-0.3949,-0.1335,0.7086
8.02,09-22-2026 23:26:00:415,-0.158099994063377,0.224199995398521,0.239700004458427,0.930999994277954,-0.3947,-0.1332,0.7081
8.03,09-22-2026 23:26:00:425,-0.158099994063377,0.224199995398521,0.239800006151199,0.930999994277954,-0.3951,-0.1332,0.709
8.04,09-22-2026 23:26:00:435,-0.158000007271767,0.224199995398521,0.23989999294281,0.930999994277954,-0.395,-0.133,0.7093
8.05,09-22-2026 23:26:00:445,-0.158000007271767,0.224199995398521,0.239999994635582,0.930999994277954,-0.3953,-0.134,0.7094
8.06,09-22-2026 23:26:00:455,-0.158000007271767,0.224199995398521,0.240099996328354,0.930999994277954,-0.3951,-0.1344,0.7096
8.07,09-22-2026 23:26:00:465,-0.158099994063377,0.224199995398521,0.240199998021126,0.930999994277954,-0.395,-0.1351,0.7093
8.08,09-22-2026 23:26:00:475,-0.158099994063377,0.224199995398521,0.240299999713898,0.930999994277954,-0.3947,-0.1352,0.7087
8.09,09-22-2026 23:26:00:485,-0.158099994063377,0.224199995398521,0.240299999713898,0.930899977684021,-0.3943,-0.1354,0.7081
8.1,09-22-2026 23:26:00:495,-0.158099994063377,0.224199995398521,0.24040000140667,0.930899977684021,-0.394,-0.1353,0.7073
8.11,09-22-2026 23:26:00:505,-0.158000007271767,0.22409999370575,0.240700006484985,0.930999994277954,-0.3963,-0.1333,0.7065
8.12,09-22-2026 23:26:00:515,-0.158000007271767,0.22409999370575,0.240700006484985,0.930999994277954,-0.3963,-0.1335,0.7065
8.13,09-22-2026 23:26:00:525,-0.157900005578995,0.22409999370575,0.240700006484985,0.930999994277954,-0.3966,-0.1339,0.7069
8.14,09-22-2026 23:26:00:535,-0.157900005578995,0.22409999370575,0.240700006484985,0.930999994277954,-0.396,-0.1343,0.7066
8.15,09-22-2026 23:26:00:545,-0.157900005578995,0.224000006914139,0.240700006484985,0.930999994277954,-0.3965,-0.1353,0.7078
8.16,09-22-2026 23:26:00:555,-0.157800003886223,0.224000006914139,0.240799993276596,0.930999994277954,-0.3971,-0.1358,0.7093
8.17,09-22-2026 23:26:00:565,-0.157800003886223,0.224000006914139,0.240799993276596,0.930999994277954,-0.397,-0.1359,0.7095
8.18,09-22-2026 23:26:00:575,-0.157700002193451,0.224000006914139,0.240899994969368,0.930999994277954,-0.3967,-0.1366,0.7089
8.19,09-22-2026 23:26:00:585,-0.157700002193451,0.224000006914139,0.240899994969368,0.930999994277954,-0.3961,-0.1362,0.7095
8.2,09-22-2026 23:26:00:595,-0.157700002193451,0.224000006914139,0.240899994969368,0.930999994277954,-0.3962,-0.1361,0.7103
8.21,09-22-2026 23:26:00:605,-0.157499998807907,0.223900005221367,0.24099999666214,0.931100010871887,-0.3955,-0.1359,0.7099
8.22,09-22-2026 23:26:00:615,-0.157499998807907,0.223900005221367,0.24099999666214,0.931100010871887,-0.3956,-0.1361,0.7099
8.23,09-22-2026 23:26:00:625,-0.157499998807907,0.223800003528595,0.24099999666214,0.931100010871887,-0.3956,-0.1362,0.7098
8.24,09-22-2026 23:26:00:635,-0.157399997115135,0.223800003528595,0.24099999666214,0.931100010871887,-0.3957,-0.1363,0.7094
8.25,09-22-2026 23:26:00:645,-0.157399997115135,0.223800003528595,0.24099999666214,0.931100010871887,-0.3956,-0.1365,0.7085
8.26,09-22-2026 23:26:00:655,-0.157299995422363,0.223800003528595,0.24099999666214,0.931100010871887,-0.3963,-0.1362,0.7077
8.27,09-22-2026 23:26:00:665,-0.157299995422363,0.223800003528595,0.24099999666214,0.931100010871887,-0.3964,-0.1358,0.7064
8.28,09-22-2026 23:26:00:675,-0.157199993729591,0.223800003528595,0.241099998354912,0.931100010871887,-0.3961,-0.1354,0.705
8.29,09-22-2026 23:26:00:685,-0.157100006937981,0.223700001835823,0.241099998354912,0.93120002746582,-0.3959,-0.1354,0.7038
8.3,09-22-2026 23:26:00:695,-0.157000005245209,0.223700001835823,0.241099998354912,0.93120002746582,-0.3961,-0.1348,0.7039
8.31,09-22-2026 23:26:00:705,-0.156700000166893,0.223700001835823,0.241099998354912,0.931299984455109,-0.3967,-0.1347,0.7067
8.32,09-22-2026 23:26:00:715,-0.156599998474121,0.223600000143051,0.241099998354912,0.931299984455109,-0.3963,-0.135,0.708
8.33,09-22-2026 23:26:00:725,-0.156499996781349,0.223600000143051,0.241099998354912,0.931299984455109,-0.3965,-0.1355,0.7098
8.34,09-22-2026 23:26:00:735,-0.156399995088577,0.223600000143051,0.241099998354912,0.931299984455109,-0.3958,-0.1366,0.7099
8.35,09-22-2026 23:26:00:745,-0.156399995088577,0.223600000143051,0.241099998354912,0.931400001049042,-0.3947,-0.1373,0.709
8.36,09-22-2026 23:26:00:755,-0.156299993395805,0.223600000143051,0.241099998354912,0.931400001049042,-0.3938,-0.1374,0.7089
8.37,09-22-2026 23:26:00:765,-0.156200006604195,0.223600000143051,0.241200000047684,0.931400001049042,-0.3936,-0.1376,0.7094
8.38,09-22-2026 23:26:00:775,-0.156100004911423,0.223499998450279,0.241200000047684,0.931500017642975,-0.3924,-0.1376,0.7098
8.39,09-22-2026 23:26:00:785,-0.156000003218651,0.223499998450279,0.241099998354912,0.931500017642975,-0.3921,-0.1376,0.7097
8.4,09-22-2026 23:26:00:795,-0.156000003218651,0.223499998450279,0.241099998354912,0.931500017642975,-0.3916,-0.137,0.7103
8.41,09-22-2026 23:26:00:805,-0.155699998140335,0.223499998450279,0.24099999666214,0.931599974632263,-0.391,-0.1375,0.7075
8.42,09-22-2026 23:26:00:815,-0.155699998140335,0.223399996757507,0.24099999666214,0.931599974632263,-0.3914,-0.1374,0.7059
8.43,09-22-2026 23:26:00:825,-0.155599996447563,0.223399996757507,0.24099999666214,0.931599974632263,-0.3923,-0.1375,0.7057
8.44,09-22-2026 23:26:00:835,-0.155599996447563,0.223399996757507,0.24099999666214,0.931599974632263,-0.3932,-0.1374,0.7055
8.45,09-22-2026 23:26:00:845,-0.155599996447563,0.223399996757507,0.24099999666214,0.931599974632263,-0.3932,-0.1371,0.7061
8.46,09-22-2026 23:26:00:855,-0.155499994754791,0.223299995064735,0.240899994969368,0.931599974632263,-0.3931,-0.137,0.7057
8.47,09-22-2026 23:26:00:865,-0.155499994754791,0.223299995064735,0.240899994969368,0.931599974632263,-0.3928,-0.1372,0.705
8.48,09-22-2026 23:26:00:875,-0.155399993062019,0.223299995064735,0.240899994969368,0.931599974632263,-0.3928,-0.1375,0.7058
8.49,09-22-2026 23:26:00:885,-0.155399993062019,0.223199993371964,0.240799993276596,0.931599974632263,-0.3934,-0.1378,0.7063
8.5,09-22-2026 23:26:00:895,-0.155399993062019,0.223199993371964,0.240799993276596,0.931599974632263,-0.3933,-0.1389,0.7063
8.51,09-22-2026 23:26:00:905,-0.155200004577637,0.223199993371964,0.240799993276596,0.931699991226196,-0.3937,-0.1391,0.7062
8.52,09-22-2026 23:26:00:915,-0.155200004577637,0.223199993371964,0.240799993276596,0.931800007820129,-0.3936,-0.1393,0.7062
8.53,09-22-2026 23:26:00:925,-0.155200004577637,0.223199993371964,0.240799993276596,0.931800007820129,-0.3942,-0.1389,0.7068
8.54,09-22-2026 23:26:00:935,-0.155100002884865,0.223100006580353,0.240799993276596,0.931800007820129,-0.3949,-0.1385,0.7069
8.55,09-22-2026 23:26:00:945,-0.155100002884865,0.223100006580353,0.240799993276596,0.931800007820129,-0.3958,-0.1387,0.707
8.56,09-22-2026 23:26:00:955,-0.155100002884865,0.223100006580353,0.240799993276596,0.931800007820129,-0.3967,-0.1395,0.7076
8.57,09-22-2026 23:26:00:965,-0.155000001192093,0.223100006580353,0.240799993276596,0.931800007820129,-0.397,-0.1398,0.709
8.58,09-22-2026 23:26:00:975,-0.155000001192093,0.223100006580353,0.240799993276596,0.931800007820129,-0.3972,-0.1405,0.7091
8.59,09-22-2026 23:26:00:985,-0.155000001192093,0.223100006580353,0.240799993276596,0.931800007820129,-0.397,-0.1404,0.71
8.6,09-22-2026 23:26:00:995,-0.154899999499321,0.223000004887581,0.240899994969368,0.931900024414063,-0.3974,-0.1408,0.711
8.61,09-22-2026 23:26:01:005,-0.155000001192093,0.222900003194809,0.240799993276596,0.931900024414063,-0.399,-0.1402,0.7116
8.62,09-22-2026 23:26:01:015,-0.155000001192093,0.222800001502037,0.240700006484985,0.931900024414063,-0.3986,-0.1398,0.7105
8.63,09-22-2026 23:26:01:025,-0.155100002884865,0.222699999809265,0.240700006484985,0.931900024414063,-0.3981,-0.139,0.7107
8.64,09-22-2026 23:26:01:035,-0.155100002884865,0.222699999809265,0.240700006484985,0.931900024414063,-0.3978,-0.1385,0.7105
8.65,09-22-2026 23:26:01:045,-0.155000001192093,0.222599998116493,0.240700006484985,0.931900024414063,-0.3959,-0.1386,0.7098
8.66,09-22-2026 23:26:01:055,-0.155000001192093,0.222599998116493,0.240700006484985,0.931900024414063,-0.3941,-0.139,0.7094
8.67,09-22-2026 23:26:01:065,-0.155000001192093,0.222599998116493,0.240700006484985,0.931900024414063,-0.3934,-0.1395,0.7097
8.68,09-22-2026 23:26:01:075,-0.155000001192093,0.222599998116493,0.240700006484985,0.931900024414063,-0.3926,-0.1397,0.709
8.69,09-22-2026 23:26:01:085,-0.154899999499321,0.222599998116493,0.240700006484985,0.931900024414063,-0.3928,-0.1391,0.7094
8.7,09-22-2026 23:26:01:095,-0.154899999499321,0.222599998116493,0.240700006484985,0.931999981403351,-0.3928,-0.1382,0.709
8.71,09-22-2026 23:26:01:105,-0.154799997806549,0.222399994730949,0.240700006484985,0.931999981403351,-0.3946,-0.1357,0.7064
8.72,09-22-2026 23:26:01:115,-0.154799997806549,0.222299993038177,0.240700006484985,0.931999981403351,-0.395,-0.1347,0.7057
8.73,09-22-2026 23:26:01:125,-0.154799997806549,0.222200006246567,0.240700006484985,0.931999981403351,-0.3955,-0.1346,0.7057
8.74,09-22-2026 23:26:01:135,-0.154699996113777,0.222200006246567,0.240700006484985,0.931999981403351,-0.3955,-0.1346,0.7056
8.75,09-22-2026 23:26:01:145,-0.154699996113777,0.222200006246567,0.240700006484985,0.931999981403351,-0.3944,-0.1357,0.7059
8.76,09-22-2026 23:26:01:155,-0.154699996113777,0.222200006246567,0.240700006484985,0.931999981403351,-0.3937,-0.1354,0.7064
8.77,09-22-2026 23:26:01:165,-0.154699996113777,0.222200006246567,0.240799993276596,0.931999981403351,-0.3936,-0.1357,0.7064
8.78,09-22-2026 23:26:01:175,-0.154699996113777,0.222200006246567,0.240799993276596,0.931999981403351,-0.3941,-0.1355,0.707
8.79,09-22-2026 23:26:01:185,-0.154599994421005,0.222100004553795,0.240799993276596,0.931999981403351,-0.3943,-0.1356,0.7071
8.8,09-22-2026 23:26:01:195,-0.154599994421005,0.222100004553795,0.240799993276596,0.932099997997284,-0.3948,-0.1356,0.7068
8.81,09-22-2026 23:26:01:205,-0.154599994421005,0.222000002861023,0.240799993276596,0.932099997997284,-0.3964,-0.1347,0.7056
8.82,09-22-2026 23:26:01:215,-0.154599994421005,0.222000002861023,0.240799993276596,0.932099997997284,-0.3962,-0.1347,0.7062
8.83,09-22-2026 23:26:01:225,-0.154599994421005,0.222000002861023,0.240799993276596,0.932099997997284,-0.3951,-0.1351,0.7059
8.84,09-22-2026 23:26:01:235,-0.154599994421005,0.222000002861023,0.240799993276596,0.932099997997284,-0.3949,-0.1343,0.7059
8.85,09-22-2026 23:26:01:245,-0.154599994421005,0.221900001168251,0.240799993276596,0.932099997997284,-0.3948,-0.134,0.7071
8.86,09-22-2026 23:26:01:255,-0.154599994421005,0.221900001168251,0.240799993276596,0.932099997997284,-0.3944,-0.1347,0.7067
8.87,09-22-2026 23:26:01:265,-0.154499992728233,0.221900001168251,0.240799993276596,0.932099997997284,-0.3932,-0.135,0.7063
8.88,09-22-2026 23:26:01:275,-0.154499992728233,0.221900001168251,0.240799993276596,0.932099997997284,-0.3925,-0.1353,0.7075
8.89,09-22-2026 23:26:01:285,-0.154499992728233,0.221900001168251,0.240799993276596,0.932099997997284,-0.3914,-0.1366,0.7073
8.9,09-22-2026 23:26:01:295,-0.154499992728233,0.221799999475479,0.240799993276596,0.932099997997284,-0.3913,-0.1371,0.7063
8.91,09-22-2026 23:26:01:305,-0.154400005936623,0.221699997782707,0.240899994969368,0.932200014591217,-0.3948,-0.1357,0.7047
8.92,09-22-2026 23:26:01:315,-0.154400005936623,0.221699997782707,0.240899994969368,0.932200014591217,-0.396,-0.1361,0.7049
8.93,09-22-2026 23:26:01:325,-0.154400005936623,0.221599996089935,0.240899994969368,0.932200014591217,-0.3962,-0.1358,0.7049
8.94,09-22-2026 23:26:01:335,-0.154400005936623,0.221599996089935,0.240899994969368,0.932200014591217,-0.3963,-0.1362,0.7053
8.95,09-22-2026 23:26:01:345,-0.154400005936623,0.221599996089935,0.240899994969368,0.932200014591217,-0.3957,-0.1363,0.7056
8.96,09-22-2026 23:26:01:355,-0.154300004243851,0.221599996089935,0.240899994969368,0.932200014591217,-0.3952,-0.1373,0.7054
8.97,09-22-2026 23:26:01:365,-0.154300004243851,0.221599996089935,0.240899994969368,0.932200014591217,-0.3944,-0.1373,0.706
8.98,09-22-2026 23:26:01:375,-0.154300004243851,0.221499994397163,0.240899994969368,0.932200014591217,-0.3935,-0.1375,0.7059
8.99,09-22-2026 23:26:01:385,-0.154300004243851,0.221499994397163,0.240899994969368,0.932200014591217,-0.3933,-0.1378,0.7054
9,09-22-2026 23:26:01:395,-0.154300004243851,0.221499994397163,0.240899994969368,0.932299971580505,-0.3932,-0.138,0.7062
9.01,09-22-2026 23:26:01:405,-0.154200002551079,0.221399992704391,0.240899994969368,0.932299971580505,-0.3947,-0.139,0.7058
9.02,09-22-2026 23:26:01:415,-0.154200002551079,0.221399992704391,0.240899994969368,0.932299971580505,-0.3945,-0.1396,0.7074
9.03,09-22-2026 23:26:01:425,-0.154100000858307,0.221300005912781,0.240899994969368,0.932299971580505,-0.3947,-0.1392,0.7079
9.04,09-22-2026 23:26:01:435,-0.154100000858307,0.221300005912781,0.240899994969368,0.932399988174438,-0.3941,-0.139,0.708
9.05,09-22-2026 23:26:01:445,-0.154100000858307,0.221300005912781,0.240899994969368,0.932399988174438,-0.3945,-0.1388,0.7089
9.06,09-22-2026 23:26:01:455,-0.153999999165535,0.221200004220009,0.240899994969368,0.932399988174438,-0.3953,-0.1385,0.7096
9.07,09-22-2026 23:26:01:465,-0.153999999165535,0.221200004220009,0.240899994969368,0.932399988174438,-0.3954,-0.1386,0.7092
9.08,09-22-2026 23:26:01:475,-0.153999999165535,0.221200004220009,0.240899994969368,0.932500004768372,-0.3954,-0.1392,0.7092
9.09,09-22-2026 23:26:01:485,-0.153999999165535,0.221200004220009,0.240899994969368,0.932500004768372,-0.3952,-0.1399,0.709
9.1,09-22-2026 23:26:01:495,-0.153899997472763,0.221100002527237,0.240899994969368,0.932500004768372,-0.3948,-0.1405,0.7088
9.11,09-22-2026 23:26:01:505,-0.153799995779991,0.221000000834465,0.24099999666214,0.932600021362305,-0.3919,-0.1423,0.7101
9.12,09-22-2026 23:26:01:515,-0.153799995779991,0.221000000834465,0.240899994969368,0.932600021362305,-0.3916,-0.1426,0.7092
9.13,09-22-2026 23:26:01:525,-0.153799995779991,0.221000000834465,0.240799993276596,0.932600021362305,-0.3905,-0.1432,0.7084
9.14,09-22-2026 23:26:01:535,-0.153799995779991,0.220899999141693,0.240799993276596,0.932600021362305,-0.3897,-0.1438,0.7078
9.15,09-22-2026 23:26:01:545,-0.153799995779991,0.220899999141693,0.240700006484985,0.932699978351593,-0.389,-0.1444,0.7072
9.16,09-22-2026 23:26:01:555,-0.153799995779991,0.220899999141693,0.240700006484985,0.932699978351593,-0.3891,-0.1448,0.7073
9.17,09-22-2026 23:26:01:565,-0.153699994087219,0.220899999141693,0.240600004792213,0.932699978351593,-0.3902,-0.1442,0.708
9.18,09-22-2026 23:26:01:575,-0.153699994087219,0.220899999141693,0.240600004792213,0.932699978351593,-0.3916,-0.1433,0.7079
9.19,09-22-2026 23:26:01:585,-0.153699994087219,0.220799997448921,0.240500003099442,0.932699978351593,-0.3929,-0.1425,0.7071
9.2,09-22-2026 23:26:01:595,-0.153699994087219,0.220799997448921,0.240500003099442,0.932699978351593,-0.3938,-0.1417,0.7074
9.21,09-22-2026 23:26:01:605,-0.153500005602837,0.220799997448921,0.240199998021126,0.932799994945526,-0.3926,-0.1426,0.7074
9.22,09-22-2026 23:26:01:615,-0.153500005602837,0.220799997448921,0.240199998021126,0.932799994945526,-0.3922,-0.143,0.7079
9.23,09-22-2026 23:26:01:625,-0.153500005602837,0.220799997448921,0.240099996328354,0.932799994945526,-0.3923,-0.1426,0.7092
9.24,09-22-2026 23:26:01:635,-0.153400003910065,0.220799997448921,0.240099996328354,0.932799994945526,-0.3916,-0.1435,0.7086
9.25,09-22-2026 23:26:01:645,-0.153400003910065,0.220799997448921,0.239999994635582,0.932799994945526,-0.3903,-0.1442,0.708
9.26,09-22-2026 23:26:01:655,-0.153400003910065,0.220799997448921,0.23989999294281,0.932799994945526,-0.389,-0.1447,0.7081
9.27,09-22-2026 23:26:01:665,-0.153400003910065,0.220799997448921,0.23989999294281,0.932799994945526,-0.3889,-0.145,0.708
9.28,09-22-2026 23:26:01:675,-0.153400003910065,0.220799997448921,0.239800006151199,0.932799994945526,-0.3893,-0.1453,0.7076
9.29,09-22-2026 23:26:01:685,-0.153300002217293,0.220799997448921,0.239800006151199,0.932799994945526,-0.3892,-0.1453,0.7079
9.3,09-22-2026 23:26:01:695,-0.153300002217293,0.220899999141693,0.239700004458427,0.932900011539459,-0.3895,-0.145,0.7081
9.31,09-22-2026 23:26:01:705,-0.153300002217293,0.220899999141693,0.239500001072884,0.932900011539459,-0.389,-0.1451,0.7091
9.32,09-22-2026 23:26:01:715,-0.153300002217293,0.220899999141693,0.239500001072884,0.932900011539459,-0.3881,-0.1457,0.7088
9.33,09-22-2026 23:26:01:725,-0.153200000524521,0.220899999141693,0.239500001072884,0.932900011539459,-0.3881,-0.1459,0.7087
9.34,09-22-2026 23:26:01:735,-0.153200000524521,0.220899999141693,0.239500001072884,0.932900011539459,-0.3877,-0.1465,0.7083
9.35,09-22-2026 23:26:01:745,-0.153200000524521,0.220899999141693,0.239500001072884,0.932900011539459,-0.3873,-0.1463,0.7086
9.36,09-22-2026 23:26:01:755,-0.153200000524521,0.220799997448921,0.239500001072884,0.932900011539459,-0.3875,-0.1459,0.7092
9.37,09-22-2026 23:26:01:765,-0.153200000524521,0.220799997448921,0.239500001072884,0.932900011539459,-0.3881,-0.1452,0.7096
9.38,09-22-2026 23:26:01:775,-0.153200000524521,0.220799997448921,0.239500001072884,0.932900011539459,-0.3884,-0.145,0.7104
9.39,09-22-2026 23:26:01:785,-0.153200000524521,0.220799997448921,0.239500001072884,0.932900011539459,-0.3895,-0.1445,0.7116
9.4,09-22-2026 23:26:01:795,-0.153200000524521,0.220799997448921,0.239500001072884,0.932900011539459,-0.3893,-0.1441,0.7119
9.41,09-22-2026 23:26:01:805,-0.153099998831749,0.220799997448921,0.239500001072884,0.932900011539459,-0.3882,-0.1439,0.7093
9.42,09-22-2026 23:26:01:815,-0.153099998831749,0.220799997448921,0.239500001072884,0.932900011539459,-0.3881,-0.1436,0.7093
9.43,09-22-2026 23:26:01:825,-0.153099998831749,0.220699995756149,0.239500001072884,0.933000028133392,-0.3889,-0.1433,0.7098
9.44,09-22-2026 23:26:01:835,-0.153099998831749,0.220699995756149,0.239500001072884,0.933000028133392,-0.3899,-0.1433,0.7102
9.45,09-22-2026 23:26:01:845,-0.152999997138977,0.220699995756149,0.239500001072884,0.933000028133392,-0.39,-0.1427,0.7098
9.46,09-22-2026 23:26:01:855,-0.152999997138977,0.220699995756149,0.239500001072884,0.933000028133392,-0.3901,-0.1424,0.7106
9.47,09-22-2026 23:26:01:865,-0.152999997138977,0.220699995756149,0.239500001072884,0.933000028133392,-0.3894,-0.1426,0.7105
9.48,09-22-2026 23:26:01:875,-0.152999997138977,0.220699995756149,0.239500001072884,0.933000028133392,-0.3898,-0.1433,0.7103
9.49,09-22-2026 23:26:01:885,-0.152999997138977,0.220599994063377,0.239500001072884,0.933000028133392,-0.3894,-0.1426,0.7106
9.5,09-22-2026 23:26:01:895,-0.152999997138977,0.220599994063377,0.239600002765656,0.933000028133392,-0.3894,-0.1425,0.71
9.51,09-22-2026 23:26:01:905,-0.152899995446205,0.220500007271767,0.239600002765656,0.933000028133392,-0.3906,-0.1422,0.7076
9.52,09-22-2026 23:26:01:915,-0.152899995446205,0.220500007271767,0.239600002765656,0.933000028133392,-0.3901,-0.143,0.7077
9.53,09-22-2026 23:26:01:925,-0.152899995446205,0.220500007271767,0.239600002765656,0.933000028133392,-0.3904,-0.1432,0.7076
9.54,09-22-2026 23:26:01:935,-0.152899995446205,0.220500007271767,0.239600002765656,0.933000028133392,-0.3909,-0.1426,0.7082
9.55,09-22-2026 23:26:01:945,-0.152899995446205,0.220500007271767,0.239600002765656,0.933000028133392,-0.3919,-0.1422,0.7095
9.56,09-22-2026 23:26:01:955,-0.152899995446205,0.220500007271767,0.239600002765656,0.933000028133392,-0.3928,-0.1426,0.71
9.57,09-22-2026 23:26:01:965,-0.152899995446205,0.220400005578995,0.239600002765656,0.933000028133392,-0.3933,-0.1428,0.7101
9.58,09-22-2026 23:26:01:975,-0.152899995446205,0.220400005578995,0.239600002765656,0.933099985122681,-0.3928,-0.1434,0.7103
9.59,09-22-2026 23:26:01:985,-0.152899995446205,0.220400005578995,0.239600002765656,0.933099985122681,-0.3925,-0.1439,0.71
9.6,09-22-2026 23:26:01:995,-0.152899995446205,0.220400005578995,0.239600002765656,0.933099985122681,-0.3914,-0.143,0.7098
9.61,09-22-2026 23:26:02:005,-0.152799993753433,0.220300003886223,0.239600002765656,0.933099985122681,-0.392,-0.1421,0.7092
9.62,09-22-2026 23:26:02:015,-0.152700006961823,0.220300003886223,0.239600002765656,0.933099985122681,-0.3923,-0.1425,0.7085
9.63,09-22-2026 23:26:02:025,-0.152700006961823,0.220300003886223,0.239600002765656,0.933200001716614,-0.393,-0.1416,0.7082
9.64,09-22-2026 23:26:02:035,-0.152600005269051,0.220300003886223,0.239600002765656,0.933200001716614,-0.394,-0.1411,0.708
9.65,09-22-2026 23:26:02:045,-0.152600005269051,0.220300003886223,0.239600002765656,0.933200001716614,-0.3938,-0.1415,0.7073
9.66,09-22-2026 23:26:02:055,-0.152500003576279,0.220200002193451,0.239600002765656,0.933300018310547,-0.3936,-0.1415,0.7078
9.67,09-22-2026 23:26:02:065,-0.152500003576279,0.220200002193451,0.239600002765656,0.933300018310547,-0.3942,-0.1414,0.7075
9.68,09-22-2026 23:26:02:075,-0.152400001883507,0.220200002193451,0.239600002765656,0.933300018310547,-0.3936,-0.1418,0.7074
9.69,09-22-2026 23:26:02:085,-0.152400001883507,0.220200002193451,0.239600002765656,0.933399975299835,-0.3932,-0.1419,0.707
9.7,09-22-2026 23:26:02:095,-0.152300000190735,0.220200002193451,0.239600002765656,0.933399975299835,-0.393,-0.1417,0.7069
9.71,09-22-2026 23:26:02:105,-0.151999995112419,0.220100000500679,0.239500001072884,0.933499991893768,-0.3924,-0.1433,0.706
9.72,09-22-2026 23:26:02:115,-0.151899993419647,0.220100000500679,0.239399999380112,0.933499991893768,-0.3926,-0.1436,0.7065
9.73,09-22-2026 23:26:02:125,-0.151800006628036,0.220100000500679,0.239399999380112,0.933600008487701,-0.3936,-0.1437,0.7076
9.74,09-22-2026 23:26:02:135,-0.151700004935265,0.219999998807907,0.23929999768734,0.933600008487701,-0.3934,-0.1436,0.7073
9.75,09-22-2026 23:26:02:145,-0.151600003242493,0.219999998807907,0.239199995994568,0.933600008487701,-0.3931,-0.1439,0.7083
9.76,09-22-2026 23:26:02:155,-0.151500001549721,0.219999998807907,0.239199995994568,0.933700025081635,-0.3932,-0.1444,0.7095
9.77,09-22-2026 23:26:02:165,-0.151399999856949,0.219999998807907,0.239099994301796,0.933700025081635,-0.3924,-0.1453,0.7098
9.78,09-22-2026 23:26:02:175,-0.151299998164177,0.219899997115135,0.239099994301796,0.933700025081635,-0.3911,-0.1461,0.71
9.79,09-22-2026 23:26:02:185,-0.151199996471405,0.219899997115135,0.238999992609024,0.933700025081635,-0.3905,-0.1461,0.7104
9.8,09-22-2026 23:26:02:195,-0.151099994778633,0.219899997115135,0.238900005817413,0.933799982070923,-0.3906,-0.1457,0.711
9.81,09-22-2026 23:26:02:205,-0.150999993085861,0.219799995422363,0.238800004124641,0.933799982070923,-0.3914,-0.1447,0.7103
9.82,09-22-2026 23:26:02:215,-0.15090000629425,0.219799995422363,0.23870000243187,0.933799982070923,-0.3916,-0.1448,0.7104
9.83,09-22-2026 23:26:02:225,-0.15090000629425,0.219799995422363,0.23870000243187,0.933799982070923,-0.3916,-0.1447,0.7095
9.84,09-22-2026 23:26:02:235,-0.15090000629425,0.219799995422363,0.238600000739098,0.933799982070923,-0.3917,-0.1448,0.7096
9.85,09-22-2026 23:26:02:245,-0.15090000629425,0.219799995422363,0.238499999046326,0.933799982070923,-0.3915,-0.1451,0.7094
9.86,09-22-2026 23:26:02:255,-0.15090000629425,0.219799995422363,0.238499999046326,0.933799982070923,-0.391,-0.1449,0.7088
9.87,09-22-2026 23:26:02:265,-0.150800004601479,0.219799995422363,0.238399997353554,0.933799982070923,-0.3903,-0.1444,0.7082
9.88,09-22-2026 23:26:02:275,-0.150800004601479,0.219899997115135,0.238399997353554,0.933799982070923,-0.3901,-0.1443,0.7076
9.89,09-22-2026 23:26:02:285,-0.150800004601479,0.219899997115135,0.238299995660782,0.933799982070923,-0.3899,-0.1446,0.7074
9.9,09-22-2026 23:26:02:295,-0.150800004601479,0.219899997115135,0.238299995660782,0.933799982070923,-0.3897,-0.1443,0.707
9.91,09-22-2026 23:26:02:305,-0.150800004601479,0.219899997115135,0.23819999396801,0.933799982070923,-0.3902,-0.1462,0.7068
9.92,09-22-2026 23:26:02:315,-0.150800004601479,0.219899997115135,0.23819999396801,0.933799982070923,-0.3898,-0.1465,0.707
9.93,09-22-2026 23:26:02:325,-0.150800004601479,0.219899997115135,0.23819999396801,0.933799982070923,-0.391,-0.1463,0.7075
9.94,09-22-2026 23:26:02:335,-0.150700002908707,0.219899997115135,0.23819999396801,0.933799982070923,-0.3911,-0.1463,0.7075
9.95,09-22-2026 23:26:02:345,-0.150700002908707,0.219899997115135,0.23819999396801,0.933799982070923,-0.3915,-0.146,0.7069
9.96,09-22-2026 23:26:02:355,-0.150700002908707,0.219899997115135,0.23819999396801,0.933799982070923,-0.3916,-0.146,0.7075
9.97,09-22-2026 23:26:02:365,-0.150700002908707,0.219899997115135,0.23819999396801,0.933799982070923,-0.391,-0.1459,0.7081
9.98,09-22-2026 23:26:02:375,-0.150700002908707,0.219899997115135,0.238299995660782,0.933799982070923,-0.3911,-0.1461,0.7088
9.99,09-22-2026 23:26:02:385,-0.150700002908707,0.219899997115135,0.238299995660782,0.933799982070923,-0.3913,-0.1465,0.7095
10,09-22-2026 23:26:02:395,-0.150700002908707,0.219899997115135,0.238299995660782,0.933799982070923,-0.3903,-0.1476,0.7092
10.01,09-22-2026 23:26:02:405,-0.150600001215935,0.219899997115135,0.238299995660782,0.933799982070923,-0.3902,-0.1476,0.7102
10.02,09-22-2026 23:26:02:415,-0.150600001215935,0.219899997115135,0.238299995660782,0.933799982070923,-0.3908,-0.1467,0.7107
10.03,09-22-2026 23:26:02:425,-0.150600001215935,0.219899997115135,0.238299995660782,0.933799982070923,-0.3914,-0.1467,0.71
10.04,09-22-2026 23:26:02:435,-0.150600001215935,0.219899997115135,0.238299995660782,0.933799982070923,-0.3919,-0.1463,0.7089
10.05,09-22-2026 23:26:02:445,-0.150600001215935,0.219799995422363,0.238299995660782,0.933799982070923,-0.3923,-0.1462,0.7088
10.06,09-22-2026 23:26:02:455,-0.150600001215935,0.219799995422363,0.238299995660782,0.933899998664856,-0.3919,-0.1463,0.7095
10.07,09-22-2026 23:26:02:465,-0.150600001215935,0.219799995422363,0.238299995660782,0.933899998664856,-0.3921,-0.1461,0.7094
10.08,09-22-2026 23:26:02:475,-0.150600001215935,0.219799995422363,0.238299995660782,0.933899998664856,-0.3925,-0.1457,0.7093
10.09,09-22-2026 23:26:02:485,-0.150600001215935,0.219799995422363,0.238299995660782,0.933899998664856,-0.3928,-0.1451,0.7104
10.1,09-22-2026 23:26:02:495,-0.150600001215935,0.219799995422363,0.238299995660782,0.933899998664856,-0.3932,-0.1449,0.7114
10.11,09-22-2026 23:26:02:505,-0.150499999523163,0.219799995422363,0.238299995660782,0.933899998664856,-0.3874,-0.1458,0.7115
10.12,09-22-2026 23:26:02:515,-0.150499999523163,0.219799995422363,0.238299995660782,0.933899998664856,-0.3857,-0.1455,0.7105
10.13,09-22-2026 23:26:02:525,-0.150499999523163,0.219799995422363,0.238299995660782,0.933899998664856,-0.3857,-0.1453,0.71
10.14,09-22-2026 23:26:02:535,-0.150499999523163,0.219799995422363,0.238299995660782,0.933899998664856,-0.3867,-0.144,0.7098
10.15,09-22-2026 23:26:02:545,-0.150499999523163,0.219799995422363,0.238299995660782,0.933899998664856,-0.3871,-0.1426,0.7094
10.16,09-22-2026 23:26:02:555,-0.150499999523163,0.219799995422363,0.238299995660782,0.933899998664856,-0.3875,-0.1418,0.7081
10.17,09-22-2026 23:26:02:565,-0.150499999523163,0.219799995422363,0.238299995660782,0.933899998664856,-0.3888,-0.1403,0.7073
10.18,09-22-2026 23:26:02:575,-0.150499999523163,0.219699993729591,0.238299995660782,0.933899998664856,-0.3895,-0.14,0.7056
10.19,09-22-2026 23:26:02:585,-0.150499999523163,0.219699993729591,0.238299995660782,0.933899998664856,-0.3902,-0.1388,0.7052
10.2,09-22-2026 23:26:02:595,-0.150499999523163,0.219699993729591,0.238299995660782,0.933899998664856,-0.3908,-0.1385,0.7052
10.21,09-22-2026 23:26:02:605,-0.150399997830391,0.219699993729591,0.238299995660782,0.933899998664856,-0.3927,-0.1392,0.7062
10.22,09-22-2026 23:26:02:615,-0.150399997830391,0.219600006937981,0.238299995660782,0.934000015258789,-0.3933,-0.1387,0.707
10.23,09-22-2026 23:26:02:625,-0.150299996137619,0.219600006937981,0.238299995660782,0.934000015258789,-0.3941,-0.1395,0.7074
10.24,09-22-2026 23:26:02:635,-0.150199994444847,0.219600006937981,0.238299995660782,0.934000015258789,-0.3949,-0.1399,0.7087
10.25,09-22-2026 23:26:02:645,-0.150099992752075,0.219600006937981,0.238299995660782,0.934000015258789,-0.3957,-0.1401,0.7099
10.26,09-22-2026 23:26:02:655,-0.150099992752075,0.219600006937981,0.238299995660782,0.934099972248077,-0.3952,-0.1413,0.71
10.27,09-22-2026 23:26:02:665,-0.150000005960464,0.219600006937981,0.238299995660782,0.934099972248077,-0.3948,-0.1421,0.71
10.28,09-22-2026 23:26:02:675,-0.150000005960464,0.219600006937981,0.238299995660782,0.934099972248077,-0.3945,-0.1427,0.7106
10.29,09-22-2026 23:26:02:685,-0.150000005960464,0.219600006937981,0.238299995660782,0.934099972248077,-0.3945,-0.1431,0.7113
10.3,09-22-2026 23:26:02:695,-0.149900004267693,0.219500005245209,0.238299995660782,0.934099972248077,-0.3943,-0.1433,0.7121
10.31,09-22-2026 23:26:02:705,-0.149900004267693,0.219500005245209,0.238299995660782,0.934099972248077,-0.3927,-0.1443,0.712
10.32,09-22-2026 23:26:02:715,-0.149900004267693,0.219500005245209,0.238299995660782,0.934099972248077,-0.3923,-0.1443,0.7103
10.33,09-22-2026 23:26:02:725,-0.149900004267693,0.219500005245209,0.23819999396801,0.934099972248077,-0.3917,-0.144,0.7087
10.34,09-22-2026 23:26:02:735,-0.149900004267693,0.219500005245209,0.23819999396801,0.934099972248077,-0.3916,-0.1432,0.7067
10.35,09-22-2026 23:26:02:745,-0.149900004267693,0.219500005245209,0.23819999396801,0.934099972248077,-0.3922,-0.1419,0.7058
10.36,09-22-2026 23:26:02:755,-0.149900004267693,0.219500005245209,0.238100007176399,0.934099972248077,-0.3926,-0.1406,0.7042
10.37,09-22-2026 23:26:02:765,-0.149900004267693,0.219500005245209,0.238100007176399,0.934099972248077,-0.3929,-0.14,0.7027
10.38,09-22-2026 23:26:02:775,-0.149900004267693,0.219500005245209,0.238000005483627,0.934099972248077,-0.3937,-0.1389,0.7026
10.39,09-22-2026 23:26:02:785,-0.149900004267693,0.219500005245209,0.238000005483627,0.934099972248077,-0.3946,-0.1386,0.7025
10.4,09-22-2026 23:26:02:795,-0.149900004267693,0.219500005245209,0.238000005483627,0.934099972248077,-0.3944,-0.1388,0.7013
10.41,09-22-2026 23:26:02:805,-0.149800002574921,0.219500005245209,0.238000005483627,0.934099972248077,-0.3906,-0.1412,0.7042
10.42,09-22-2026 23:26:02:815,-0.149800002574921,0.219500005245209,0.238000005483627,0.934099972248077,-0.3898,-0.1414,0.7055
10.43,09-22-2026 23:26:02:825,-0.149800002574921,0.219500005245209,0.238000005483627,0.934099972248077,-0.389,-0.1421,0.7064
10.44,09-22-2026 23:26:02:835,-0.149800002574921,0.219500005245209,0.238000005483627,0.934099972248077,-0.3886,-0.1421,0.7066
10.45,09-22-2026 23:26:02:845,-0.149800002574921,0.219500005245209,0.238000005483627,0.934099972248077,-0.3896,-0.1429,0.7065
10.46,09-22-2026 23:26:02:855,-0.149800002574921,0.219500005245209,0.238000005483627,0.934099972248077,-0.39,-0.1428,0.7061
10.47,09-22-2026 23:26:02:865,-0.149800002574921,0.219500005245209,0.238000005483627,0.934099972248077,-0.3903,-0.1428,0.7064
10.48,09-22-2026 23:26:02:875,-0.149800002574921,0.219400003552437,0.238000005483627,0.934099972248077,-0.3912,-0.143,0.7077
10.49,09-22-2026 23:26:02:885,-0.149800002574921,0.219400003552437,0.238000005483627,0.93419998884201,-0.3912,-0.1433,0.709
10.5,09-22-2026 23:26:02:895,-0.149800002574921,0.219400003552437,0.238000005483627,0.93419998884201,-0.3906,-0.1438,0.7088
10.51,09-22-2026 23:26:02:905,-0.149700000882149,0.219400003552437,0.238100007176399,0.93419998884201,-0.3907,-0.1453,0.7104
10.52,09-22-2026 23:26:02:915,-0.149700000882149,0.219400003552437,0.238100007176399,0.93419998884201,-0.3911,-0.145,0.7105
10.53,09-22-2026 23:26:02:925,-0.149700000882149,0.219400003552437,0.238100007176399,0.93419998884201,-0.3914,-0.1457,0.71
10.54,09-22-2026 23:26:02:935,-0.149700000882149,0.219400003552437,0.238100007176399,0.93419998884201,-0.3915,-0.1462,0.7096
10.55,09-22-2026 23:26:02:945,-0.149700000882149,0.219400003552437,0.238100007176399,0.93419998884201,-0.392,-0.146,0.7101
10.56,09-22-2026 23:26:02:955,-0.149700000882149,0.219400003552437,0.238100007176399,0.93419998884201,-0.3927,-0.1457,0.71
10.57,09-22-2026 23:26:02:965,-0.149700000882149,0.219300001859665,0.238100007176399,0.93419998884201,-0.3933,-0.1456,0.7104
10.58,09-22-2026 23:26:02:975,-0.149700000882149,0.219300001859665,0.238100007176399,0.93419998884201,-0.3939,-0.146,0.7113
10.59,09-22-2026 23:26:02:985,-0.149700000882149,0.219300001859665,0.238100007176399,0.93419998884201,-0.3931,-0.1461,0.712
10.6,09-22-2026 23:26:02:995,-0.149599999189377,0.219300001859665,0.238100007176399,0.93419998884201,-0.3929,-0.1461,0.712
10.61,09-22-2026 23:26:03:005,-0.149599999189377,0.219300001859665,0.238100007176399,0.93419998884201,-0.3911,-0.146,0.7125
10.62,09-22-2026 23:26:03:015,-0.149599999189377,0.219300001859665,0.238100007176399,0.93419998884201,-0.3904,-0.1449,0.7122
10.63,09-22-2026 23:26:03:025,-0.149599999189377,0.219300001859665,0.238100007176399,0.93419998884201,-0.3897,-0.1443,0.7115
10.64,09-22-2026 23:26:03:035,-0.149599999189377,0.219200000166893,0.238100007176399,0.93419998884201,-0.389,-0.1435,0.7105
10.65,09-22-2026 23:26:03:045,-0.149599999189377,0.219200000166893,0.238100007176399,0.93419998884201,-0.3888,-0.1428,0.7091
10.66,09-22-2026 23:26:03:055,-0.149599999189377,0.219200000166893,0.238100007176399,0.93419998884201,-0.3894,-0.1425,0.7069
10.67,09-22-2026 23:26:03:065,-0.149499997496605,0.219200000166893,0.238100007176399,0.93419998884201,-0.3913,-0.1409,0.7056
10.68,09-22-2026 23:26:03:075,-0.149499997496605,0.219200000166893,0.238100007176399,0.93419998884201,-0.3933,-0.1404,0.706
10.69,09-22-2026 23:26:03:085,-0.149499997496605,0.219200000166893,0.238100007176399,0.93419998884201,-0.3943,-0.1403,0.7059
10.7,09-22-2026 23:26:03:095,-0.149499997496605,0.219200000166893,0.238100007176399,0.93419998884201,-0.3944,-0.1399,0.7053
10.71,09-22-2026 23:26:03:105,-0.149399995803833,0.219200000166893,0.238100007176399,0.934300005435944,-0.3928,-0.1419,0.7065
10.72,09-22-2026 23:26:03:115,-0.149399995803833,0.219200000166893,0.238100007176399,0.934300005435944,-0.392,-0.143,0.7068
10.73,09-22-2026 23:26:03:125,-0.149399995803833,0.219200000166893,0.238100007176399,0.934300005435944,-0.3915,-0.1443,0.707
10.74,09-22-2026 23:26:03:135,-0.149299994111061,0.219200000166893,0.238100007176399,0.934300005435944,-0.3914,-0.1449,0.7078
10.75,09-22-2026 23:26:03:145,-0.149299994111061,0.219200000166893,0.238100007176399,0.934300005435944,-0.3916,-0.1448,0.709
10.76,09-22-2026 23:26:03:155,-0.149299994111061,0.219099998474121,0.238100007176399,0.934300005435944,-0.3914,-0.1451,0.7095
10.77,09-22-2026 23:26:03:165,-0.149299994111061,0.219099998474121,0.238100007176399,0.93419998884201,-0.3913,-0.1441,0.7107
10.78,09-22-2026 23:26:03:175,-0.149299994111061,0.219099998474121,0.238100007176399,0.93419998884201,-0.3907,-0.1437,0.7103
10.79,09-22-2026 23:26:03:185,-0.149299994111061,0.219099998474121,0.238100007176399,0.93419998884201,-0.3907,-0.1429,0.7096
10.8,09-22-2026 23:26:03:195,-0.149299994111061,0.219099998474121,0.238100007176399,0.93419998884201,-0.3906,-0.1421,0.7096
10.81,09-22-2026 23:26:03:205,-0.149299994111061,0.218899995088577,0.238299995660782,0.93419998884201,-0.3903,-0.1415,0.7067
10.82,09-22-2026 23:26:03:215,-0.149299994111061,0.218899995088577,0.238299995660782,0.934099972248077,-0.3911,-0.142,0.7059
10.83,09-22-2026 23:26:03:225,-0.14920000731945,0.218799993395805,0.238399997353554,0.934099972248077,-0.3909,-0.1422,0.7052
10.84,09-22-2026 23:26:03:235,-0.14920000731945,0.218799993395805,0.238399997353554,0.934099972248077,-0.3913,-0.1426,0.7058
10.85,09-22-2026 23:26:03:245,-0.14920000731945,0.218700006604195,0.238499999046326,0.934099972248077,-0.391,-0.1428,0.7066
10.86,09-22-2026 23:26:03:255,-0.14920000731945,0.218700006604195,0.238600000739098,0.934099972248077,-0.3903,-0.1429,0.7074
10.87,09-22-2026 23:26:03:265,-0.14920000731945,0.218600004911423,0.238600000739098,0.934000015258789,-0.3893,-0.1435,0.7075
10.88,09-22-2026 23:26:03:275,-0.14920000731945,0.218600004911423,0.23870000243187,0.934000015258789,-0.3897,-0.1436,0.7089
10.89,09-22-2026 23:26:03:285,-0.14920000731945,0.218500003218651,0.238800004124641,0.934000015258789,-0.3915,-0.1426,0.7105
10.9,09-22-2026 23:26:03:295,-0.14920000731945,0.218500003218651,0.238900005817413,0.934000015258789,-0.392,-0.1417,0.7112
10.91,09-22-2026 23:26:03:305,-0.14920000731945,0.218299999833107,0.23929999768734,0.933899998664856,-0.3915,-0.1403,0.7087
10.92,09-22-2026 23:26:03:315,-0.14920000731945,0.218299999833107,0.239399999380112,0.933899998664856,-0.3916,-0.1413,0.708
10.93,09-22-2026 23:26:03:325,-0.14920000731945,0.218199998140335,0.239500001072884,0.933899998664856,-0.3913,-0.1416,0.7085
10.94,09-22-2026 23:26:03:335,-0.14920000731945,0.218199998140335,0.239600002765656,0.933899998664856,-0.3921,-0.1416,0.7085
10.95,09-22-2026 23:26:03:345,-0.14920000731945,0.218199998140335,0.239700004458427,0.933899998664856,-0.3924,-0.1416,0.7082
10.96,09-22-2026 23:26:03:355,-0.149100005626678,0.218099996447563,0.239800006151199,0.933899998664856,-0.3934,-0.1414,0.7082
10.97,09-22-2026 23:26:03:365,-0.149100005626678,0.218099996447563,0.23989999294281,0.933799982070923,-0.3933,-0.1411,0.7093
10.98,09-22-2026 23:26:03:375,-0.149100005626678,0.218099996447563,0.239999994635582,0.933799982070923,-0.3927,-0.1404,0.7088
10.99,09-22-2026 23:26:03:385,-0.149100005626678,0.217999994754791,0.240099996328354,0.933799982070923,-0.3926,-0.1402,0.7095
11,09-22-2026 23:26:03:395,-0.149100005626678,0.217999994754791,0.240299999713898,0.933799982070923,-0.3926,-0.1399,0.7101
11.01,09-22-2026 23:26:03:405,-0.14920000731945,0.217899993062019,0.240600004792213,0.933700025081635,-0.3923,-0.1405,0.7091
11.02,09-22-2026 23:26:03:415,-0.149299994111061,0.217899993062019,0.240700006484985,0.933700025081635,-0.3918,-0.1408,0.7098
11.03,09-22-2026 23:26:03:425,-0.149299994111061,0.217899993062019,0.240700006484985,0.933700025081635,-0.392,-0.1407,0.7102
11.04,09-22-2026 23:26:03:435,-0.149299994111061,0.217800006270409,0.240799993276596,0.933600008487701,-0.3916,-0.1411,0.7107
11.05,09-22-2026 23:26:03:445,-0.149399995803833,0.217800006270409,0.240899994969368,0.933600008487701,-0.3914,-0.1409,0.71
11.06,09-22-2026 23:26:03:455,-0.149399995803833,0.217800006270409,0.24099999666214,0.933600008487701,-0.391,-0.1412,0.709
11.07,09-22-2026 23:26:03:465,-0.149399995803833,0.217700004577637,0.241099998354912,0.933600008487701,-0.3911,-0.1405,0.709
11.08,09-22-2026 23:26:03:475,-0.149499997496605,0.217700004577637,0.241200000047684,0.933600008487701,-0.3918,-0.1402,0.7087
11.09,09-22-2026 23:26:03:485,-0.149499997496605,0.217700004577637,0.241300001740456,0.933600008487701,-0.3914,-0.1398,0.7083
11.1,09-22-2026 23:26:03:495,-0.149499997496605,0.217700004577637,0.241300001740456,0.933600008487701,-0.3923,-0.1399,0.7082
11.11,09-22-2026 23:26:03:505,-0.149499997496605,0.217600002884865,0.241600006818771,0.933600008487701,-0.3921,-0.1404,0.7065
11.12,09-22-2026 23:26:03:515,-0.149499997496605,0.217600002884865,0.241699993610382,0.933600008487701,-0.3914,-0.1409,0.7076
11.13,09-22-2026 23:26:03:525,-0.149499997496605,0.217600002884865,0.241699993610382,0.933600008487701,-0.3907,-0.1411,0.7078
11.14,09-22-2026 23:26:03:535,-0.149499997496605,0.217600002884865,0.241799995303154,0.933600008487701,-0.391,-0.1408,0.7063
11.15,09-22-2026 23:26:03:545,-0.149499997496605,0.217600002884865,0.241899996995926,0.933600008487701,-0.3917,-0.1406,0.7067
11.16,09-22-2026 23:26:03:555,-0.149499997496605,0.217600002884865,0.241999998688698,0.933600008487701,-0.3916,-0.1408,0.7072
11.17,09-22-2026 23:26:03:565,-0.149499997496605,0.217600002884865,0.241999998688698,0.933600008487701,-0.3917,-0.1407,0.7074
11.18,09-22-2026 23:26:03:575,-0.149499997496605,0.217600002884865,0.24210000038147,0.933600008487701,-0.3921,-0.1404,0.7077
11.19,09-22-2026 23:26:03:585,-0.149499997496605,0.217600002884865,0.24210000038147,0.933600008487701,-0.3919,-0.1407,0.7082
11.2,09-22-2026 23:26:03:595,-0.149499997496605,0.217600002884865,0.24210000038147,0.933600008487701,-0.3912,-0.1413,0.7087
11.21,09-22-2026 23:26:03:605,-0.149499997496605,0.217500001192093,0.24210000038147,0.933700025081635,-0.3899,-0.1427,0.7093
11.22,09-22-2026 23:26:03:615,-0.149499997496605,0.217500001192093,0.24210000038147,0.933700025081635,-0.3904,-0.1421,0.7092
11.23,09-22-2026 23:26:03:625,-0.149599999189377,0.217500001192093,0.24210000038147,0.933700025081635,-0.3902,-0.1417,0.7091
11.24,09-22-2026 23:26:03:635,-0.149599999189377,0.217399999499321,0.242200002074242,0.933700025081635,-0.3901,-0.1416,0.7086
11.25,09-22-2026 23:26:03:645,-0.149700000882149,0.217299997806549,0.242200002074242,0.933700025081635,-0.3905,-0.1419,0.7087
11.26,09-22-2026 23:26:03:655,-0.149700000882149,0.217299997806549,0.242200002074242,0.933700025081635,-0.3903,-0.1425,0.7091
11.27,09-22-2026 23:26:03:665,-0.149800002574921,0.217299997806549,0.242200002074242,0.933700025081635,-0.3903,-0.1431,0.7091
11.28,09-22-2026 23:26:03:675,-0.149800002574921,0.217299997806549,0.242200002074242,0.933600008487701,-0.3896,-0.1434,0.7091
11.29,09-22-2026 23:26:03:685,-0.149900004267693,0.217299997806549,0.242200002074242,0.933600008487701,-0.389,-0.1438,0.7093
11.3,09-22-2026 23:26:03:695,-0.150000005960464,0.217199996113777,0.242200002074242,0.933600008487701,-0.388,-0.1439,0.709
11.31,09-22-2026 23:26:03:705,-0.150399997830391,0.217099994421005,0.242200002074242,0.933600008487701,-0.3868,-0.1433,0.7106
11.32,09-22-2026 23:26:03:715,-0.150499999523163,0.217099994421005,0.242200002074242,0.933600008487701,-0.3863,-0.142,0.7106
11.33,09-22-2026 23:26:03:725,-0.150600001215935,0.216999992728233,0.242200002074242,0.933600008487701,-0.3859,-0.1412,0.7112
11.34,09-22-2026 23:26:03:735,-0.150700002908707,0.216999992728233,0.242200002074242,0.933600008487701,-0.3852,-0.1406,0.7109
11.35,09-22-2026 23:26:03:745,-0.150800004601479,0.216900005936623,0.242200002074242,0.933499991893768,-0.3849,-0.1395,0.7106
11.36,09-22-2026 23:26:03:755,-0.150999993085861,0.216900005936623,0.242200002074242,0.933499991893768,-0.3848,-0.139,0.7113
11.37,09-22-2026 23:26:03:765,-0.151099994778633,0.216900005936623,0.242200002074242,0.933499991893768,-0.3846,-0.1386,0.7102
11.38,09-22-2026 23:26:03:775,-0.151199996471405,0.216800004243851,0.242200002074242,0.933499991893768,-0.3843,-0.1389,0.7089
11.39,09-22-2026 23:26:03:785,-0.151299998164177,0.216800004243851,0.242200002074242,0.933499991893768,-0.3841,-0.1392,0.7079
11.4,09-22-2026 23:26:03:795,-0.151399999856949,0.216800004243851,0.242200002074242,0.933499991893768,-0.3844,-0.1397,0.7073
11.41,09-22-2026 23:26:03:805,-0.151700004935265,0.216600000858307,0.242300003767014,0.933499991893768,-0.389,-0.1387,0.709
11.42,09-22-2026 23:26:03:815,-0.151800006628036,0.216600000858307,0.242300003767014,0.933499991893768,-0.3895,-0.1381,0.71
11.43,09-22-2026 23:26:03:825,-0.151899993419647,0.216600000858307,0.242300003767014,0.933399975299835,-0.3895,-0.1377,0.7097
11.44,09-22-2026 23:26:03:835,-0.151999995112419,0.216499999165535,0.242300003767014,0.933399975299835,-0.3897,-0.1382,0.7093
11.45,09-22-2026 23:26:03:845,-0.152099996805191,0.216499999165535,0.242300003767014,0.933399975299835,-0.3892,-0.1392,0.71
11.46,09-22-2026 23:26:03:855,-0.152199998497963,0.216499999165535,0.242300003767014,0.933399975299835,-0.388,-0.14,0.7101
11.47,09-22-2026 23:26:03:865,-0.152300000190735,0.216399997472763,0.242300003767014,0.933399975299835,-0.3872,-0.1414,0.7103
11.48,09-22-2026 23:26:03:875,-0.152400001883507,0.216399997472763,0.242400005459785,0.933399975299835,-0.3864,-0.1424,0.7105
11.49,09-22-2026 23:26:03:885,-0.152500003576279,0.216399997472763,0.242400005459785,0.933399975299835,-0.3861,-0.1428,0.7108
11.5,09-22-2026 23:26:03:895,-0.152700006961823,0.216399997472763,0.242400005459785,0.933399975299835,-0.3859,-0.1431,0.7115
11.51,09-22-2026 23:26:03:905,-0.153200000524521,0.216299995779991,0.242300003767014,0.933399975299835,-0.3879,-0.1426,0.7112
11.52,09-22-2026 23:26:03:915,-0.153400003910065,0.216199994087219,0.242300003767014,0.933300018310547,-0.389,-0.1421,0.7111
11.53,09-22-2026 23:26:03:925,-0.153500005602837,0.216199994087219,0.242300003767014,0.933300018310547,-0.3886,-0.1416,0.7116
11.54,09-22-2026 23:26:03:935,-0.153600007295609,0.216199994087219,0.242200002074242,0.933300018310547,-0.388,-0.142,0.7117
11.55,09-22-2026 23:26:03:945,-0.153799995779991,0.216199994087219,0.242200002074242,0.933300018310547,-0.3873,-0.1427,0.7114
11.56,09-22-2026 23:26:03:955,-0.153899997472763,0.216199994087219,0.242200002074242,0.933300018310547,-0.3863,-0.1439,0.7103
11.57,09-22-2026 23:26:03:965,-0.153999999165535,0.216199994087219,0.24210000038147,0.933300018310547,-0.3859,-0.1439,0.7097
11.58,09-22-2026 23:26:03:975,-0.154200002551079,0.216199994087219,0.24210000038147,0.933300018310547,-0.3854,-0.1437,0.7096
11.59,09-22-2026 23:26:03:985,-0.154300004243851,0.216199994087219,0.241999998688698,0.933399975299835,-0.3845,-0.1437,0.7093
11.6,09-22-2026 23:26:03:995,-0.154400005936623,0.216199994087219,0.241999998688698,0.933399975299835,-0.3832,-0.1433,0.7095
11.61,09-22-2026 23:26:04:005,-0.154599994421005,0.216299995779991,0.241699993610382,0.933399975299835,-0.3843,-0.142,0.7089
11.62,09-22-2026 23:26:04:015,-0.154699996113777,0.216299995779991,0.241699993610382,0.933499991893768,-0.3845,-0.1422,0.7088
11.63,09-22-2026 23:26:04:025,-0.154699996113777,0.216299995779991,0.241600006818771,0.933499991893768,-0.3847,-0.1421,0.709
11.64,09-22-2026 23:26:04:035,-0.154699996113777,0.216299995779991,0.241500005125999,0.933499991893768,-0.3849,-0.1422,0.7084
11.65,09-22-2026 23:26:04:045,-0.154799997806549,0.216299995779991,0.241400003433228,0.933499991893768,-0.3854,-0.1441,0.7078
11.66,09-22-2026 23:26:04:055,-0.154799997806549,0.216299995779991,0.241400003433228,0.933499991893768,-0.3856,-0.1454,0.7085
11.67,09-22-2026 23:26:04:065,-0.154899999499321,0.216299995779991,0.241300001740456,0.933499991893768,-0.3851,-0.1453,0.7086
11.68,09-22-2026 23:26:04:075,-0.154899999499321,0.216299995779991,0.241200000047684,0.933600008487701,-0.3848,-0.1467,0.7082
11.69,09-22-2026 23:26:04:085,-0.155000001192093,0.216299995779991,0.241099998354912,0.933600008487701,-0.3847,-0.1469,0.7083
11.7,09-22-2026 23:26:04:095,-0.155000001192093,0.216199994087219,0.24099999666214,0.933600008487701,-0.3863,-0.147,0.7091
11.71,09-22-2026 23:26:04:105,-0.155100002884865,0.216199994087219,0.240500003099442,0.933600008487701,-0.386,-0.149,0.7098
11.72,09-22-2026 23:26:04:115,-0.155100002884865,0.216299995779991,0.24040000140667,0.933600008487701,-0.3864,-0.1497,0.71
11.73,09-22-2026 23:26:04:125,-0.155100002884865,0.216299995779991,0.240299999713898,0.933600008487701,-0.3862,-0.1506,0.7103
11.74,09-22-2026 23:26:04:135,-0.155100002884865,0.216299995779991,0.240199998021126,0.933700025081635,-0.3858,-0.1509,0.7105
11.75,09-22-2026 23:26:04:145,-0.155100002884865,0.216299995779991,0.240099996328354,0.933700025081635,-0.3862,-0.1518,0.7101
11.76,09-22-2026 23:26:04:155,-0.155100002884865,0.216399997472763,0.239999994635582,0.933700025081635,-0.3869,-0.1523,0.7099
11.77,09-22-2026 23:26:04:165,-0.155100002884865,0.216399997472763,0.239800006151199,0.933700025081635,-0.3875,-0.1524,0.7095
11.78,09-22-2026 23:26:04:175,-0.155100002884865,0.216399997472763,0.239700004458427,0.933700025081635,-0.3877,-0.1529,0.71
11.79,09-22-2026 23:26:04:185,-0.155100002884865,0.216499999165535,0.239600002765656,0.933700025081635,-0.3873,-0.1536,0.7095
11.8,09-22-2026 23:26:04:195,-0.155100002884865,0.216499999165535,0.239500001072884,0.933700025081635,-0.3864,-0.1542,0.7086
11.81,09-22-2026 23:26:04:205,-0.155200004577637,0.216600000858307,0.239199995994568,0.933700025081635,-0.3845,-0.1551,0.7091
11.82,09-22-2026 23:26:04:215,-0.155300006270409,0.216600000858307,0.239199995994568,0.933700025081635,-0.3842,-0.1553,0.709
11.83,09-22-2026 23:26:04:225,-0.155300006270409,0.216700002551079,0.239099994301796,0.933700025081635,-0.3847,-0.1555,0.709
11.84,09-22-2026 23:26:04:235,-0.155399993062019,0.216700002551079,0.238999992609024,0.933700025081635,-0.3855,-0.1556,0.7088
11.85,09-22-2026 23:26:04:245,-0.155499994754791,0.216700002551079,0.238900005817413,0.933700025081635,-0.3854,-0.1554,0.7077
11.86,09-22-2026 23:26:04:255,-0.155599996447563,0.216700002551079,0.238900005817413,0.933700025081635,-0.385,-0.1553,0.7073
11.87,09-22-2026 23:26:04:265,-0.155699998140335,0.216800004243851,0.238800004124641,0.933700025081635,-0.386,-0.1553,0.7075
11.88,09-22-2026 23:26:04:275,-0.155799999833107,0.216800004243851,0.23870000243187,0.933700025081635,-0.3866,-0.1546,0.7071
11.89,09-22-2026 23:26:04:285,-0.155900001525879,0.216800004243851,0.23870000243187,0.933600008487701,-0.3863,-0.1544,0.706
11.9,09-22-2026 23:26:04:295,-0.156000003218651,0.216900005936623,0.238600000739098,0.933600008487701,-0.3871,-0.1548,0.7051
11.91,09-22-2026 23:26:04:305,-0.156399995088577,0.216999992728233,0.238399997353554,0.933600008487701,-0.3877,-0.1563,0.7079
11.92,09-22-2026 23:26:04:315,-0.156399995088577,0.216999992728233,0.238399997353554,0.933600008487701,-0.388,-0.1559,0.7091
11.93,09-22-2026 23:26:04:325,-0.156499996781349,0.216999992728233,0.238299995660782,0.933600008487701,-0.3881,-0.1558,0.7091
11.94,09-22-2026 23:26:04:335,-0.156599998474121,0.216999992728233,0.238299995660782,0.933600008487701,-0.3883,-0.156,0.7102
11.95,09-22-2026 23:26:04:345,-0.156599998474121,0.217099994421005,0.23819999396801,0.933600008487701,-0.3882,-0.1558,0.7107
11.96,09-22-2026 23:26:04:355,-0.156700000166893,0.217099994421005,0.23819999396801,0.933600008487701,-0.388,-0.1559,0.7091
11.97,09-22-2026 23:26:04:365,-0.156800001859665,0.217099994421005,0.238100007176399,0.933499991893768,-0.3883,-0.1563,0.7091
11.98,09-22-2026 23:26:04:375,-0.156800001859665,0.217199996113777,0.238100007176399,0.933499991893768,-0.3886,-0.1569,0.711
11.99,09-22-2026 23:26:04:385,-0.156900003552437,0.217199996113777,0.238000005483627,0.933499991893768,-0.3895,-0.1564,0.7117
12,09-22-2026 23:26:04:395,-0.157000005245209,0.217199996113777,0.238000005483627,0.933499991893768,-0.3903,-0.1561,0.7115
12.01,09-22-2026 23:26:04:405,-0.157199993729591,0.217299997806549,0.237900003790855,0.933499991893768,-0.3911,-0.1524,0.7072
12.02,09-22-2026 23:26:04:415,-0.157299995422363,0.217299997806549,0.237800002098083,0.933499991893768,-0.3911,-0.1515,0.7078
12.03,09-22-2026 23:26:04:425,-0.157299995422363,0.217299997806549,0.237800002098083,0.933499991893768,-0.3901,-0.1512,0.7073
12.04,09-22-2026 23:26:04:435,-0.157399997115135,0.217399999499321,0.237800002098083,0.933399975299835,-0.3895,-0.1508,0.7067
12.05,09-22-2026 23:26:04:445,-0.157399997115135,0.217399999499321,0.237800002098083,0.933399975299835,-0.3889,-0.1502,0.7057
12.06,09-22-2026 23:26:04:455,-0.157399997115135,0.217399999499321,0.237700000405312,0.933499991893768,-0.3892,-0.1495,0.7051
12.07,09-22-2026 23:26:04:465,-0.157299995422363,0.217399999499321,0.237700000405312,0.933499991893768,-0.3899,-0.1496,0.7066
12.08,09-22-2026 23:26:04:475,-0.157299995422363,0.217399999499321,0.237700000405312,0.933499991893768,-0.3914,-0.1498,0.7073
12.09,09-22-2026 23:26:04:485,-0.157399997115135,0.217299997806549,0.237800002098083,0.933499991893768,-0.3924,-0.1502,0.7088
12.1,09-22-2026 23:26:04:495,-0.157399997115135,0.217299997806549,0.237800002098083,0.933499991893768,-0.3932,-0.15,0.7101
12.11,09-22-2026 23:26:04:505,-0.157399997115135,0.217299997806549,0.237800002098083,0.933499991893768,-0.3916,-0.1527,0.7084
12.12,09-22-2026 23:26:04:515,-0.157399997115135,0.217299997806549,0.237800002098083,0.933499991893768,-0.3912,-0.1522,0.7072
12.13,09-22-2026 23:26:04:525,-0.157399997115135,0.217299997806549,0.237800002098083,0.933499991893768,-0.3913,-0.1522,0.7078
12.14,09-22-2026 23:26:04:535,-0.157399997115135,0.217299997806549,0.237800002098083,0.933499991893768,-0.3914,-0.1525,0.7082
12.15,09-22-2026 23:26:04:545,-0.157399997115135,0.217299997806549,0.237800002098083,0.933499991893768,-0.3916,-0.1524,0.708
12.16,09-22-2026 23:26:04:555,-0.157399997115135,0.217299997806549,0.237800002098083,0.933499991893768,-0.3919,-0.152,0.7078
12.17,09-22-2026 23:26:04:565,-0.157399997115135,0.217299997806549,0.237800002098083,0.933499991893768,-0.3921,-0.1513,0.7067
12.18,09-22-2026 23:26:04:575,-0.157399997115135,0.217299997806549,0.237800002098083,0.933499991893768,-0.3921,-0.1506,0.7064
12.19,09-22-2026 23:26:04:585,-0.157399997115135,0.217199996113777,0.237800002098083,0.933499991893768,-0.3921,-0.1504,0.7057
12.2,09-22-2026 23:26:04:595,-0.157399997115135,0.217199996113777,0.237800002098083,0.933499991893768,-0.3917,-0.1503,0.7038
12.21,09-22-2026 23:26:04:605,-0.157399997115135,0.217199996113777,0.237800002098083,0.933499991893768,-0.3912,-0.1492,0.7033
12.22,09-22-2026 23:26:04:615,-0.157399997115135,0.217199996113777,0.237800002098083,0.933499991893768,-0.3905,-0.1493,0.7024
12.23,09-22-2026 23:26:04:625,-0.157499998807907,0.217199996113777,0.237800002098083,0.933499991893768,-0.3907,-0.1493,0.7034
12.24,09-22-2026 23:26:04:635,-0.157499998807907,0.217199996113777,0.237800002098083,0.933499991893768,-0.3915,-0.1493,0.7041
12.25,09-22-2026 23:26:04:645,-0.157499998807907,0.217099994421005,0.237800002098083,0.933499991893768,-0.3913,-0.1497,0.7042
12.26,09-22-2026 23:26:04:655,-0.157499998807907,0.217099994421005,0.237800002098083,0.933499991893768,-0.3903,-0.1495,0.7048
12.27,09-22-2026 23:26:04:665,-0.157499998807907,0.217099994421005,0.237800002098083,0.933499991893768,-0.39,-0.1495,0.7057
12.28,09-22-2026 23:26:04:675,-0.157499998807907,0.217099994421005,0.237800002098083,0.933499991893768,-0.3898,-0.1492,0.7054
12.29,09-22-2026 23:26:04:685,-0.157499998807907,0.217099994421005,0.237800002098083,0.933499991893768,-0.3904,-0.1494,0.7052
12.3,09-22-2026 23:26:04:695,-0.157499998807907,0.217099994421005,0.237700000405312,0.933499991893768,-0.3906,-0.1494,0.7062
12.31,09-22-2026 23:26:04:705,-0.157499998807907,0.216999992728233,0.237700000405312,0.933499991893768,-0.3913,-0.1503,0.7068
12.32,09-22-2026 23:26:04:715,-0.157499998807907,0.216999992728233,0.237700000405312,0.933499991893768,-0.3905,-0.1506,0.7063
12.33,09-22-2026 23:26:04:725,-0.157600000500679,0.216999992728233,0.237700000405312,0.933499991893768,-0.3908,-0.1504,0.7048
12.34,09-22-2026 23:26:04:735,-0.157600000500679,0.216999992728233,0.237700000405312,0.933499991893768,-0.3918,-0.1508,0.7055
12.35,09-22-2026 23:26:04:745,-0.157600000500679,0.216999992728233,0.237700000405312,0.933499991893768,-0.3932,-0.1503,0.7065
12.36,09-22-2026 23:26:04:755,-0.157600000500679,0.216999992728233,0.237700000405312,0.933499991893768,-0.3946,-0.1502,0.7071
12.37,09-22-2026 23:26:04:765,-0.157600000500679,0.216999992728233,0.237700000405312,0.933499991893768,-0.3946,-0.1511,0.7074
12.38,09-22-2026 23:26:04:775,-0.157600000500679,0.216999992728233,0.237700000405312,0.933499991893768,-0.3949,-0.152,0.7066
12.39,09-22-2026 23:26:04:785,-0.157600000500679,0.216999992728233,0.237700000405312,0.933499991893768,-0.3937,-0.1531,0.7057
12.4,09-22-2026 23:26:04:795,-0.157600000500679,0.216999992728233,0.237700000405312,0.933499991893768,-0.3929,-0.1542,0.7049
12.41,09-22-2026 23:26:04:805,-0.157499998807907,0.216900005936623,0.237700000405312,0.933600008487701,-0.3913,-0.1557,0.706
12.42,09-22-2026 23:26:04:815,-0.157499998807907,0.216900005936623,0.237700000405312,0.933600008487701,-0.3911,-0.1563,0.7073
12.43,09-22-2026 23:26:04:825,-0.157499998807907,0.216900005936623,0.237700000405312,0.933600008487701,-0.3914,-0.1565,0.7081
12.44,09-22-2026 23:26:04:835,-0.157499998807907,0.216900005936623,0.237700000405312,0.933600008487701,-0.3921,-0.1573,0.7088
12.45,09-22-2026 23:26:04:845,-0.157499998807907,0.216900005936623,0.237700000405312,0.933600008487701,-0.3923,-0.1573,0.7106
12.46,09-22-2026 23:26:04:855,-0.157600000500679,0.216900005936623,0.237700000405312,0.933600008487701,-0.3922,-0.1579,0.7103
12.47,09-22-2026 23:26:04:865,-0.157600000500679,0.216900005936623,0.237700000405312,0.933600008487701,-0.392,-0.1588,0.7096
12.48,09-22-2026 23:26:04:875,-0.157600000500679,0.216900005936623,0.237700000405312,0.933600008487701,-0.3917,-0.1591,0.7095
12.49,09-22-2026 23:26:04:885,-0.157600000500679,0.216900005936623,0.237700000405312,0.933600008487701,-0.3915,-0.1592,0.7083
12.5,09-22-2026 23:26:04:895,-0.157600000500679,0.216900005936623,0.23759999871254,0.933600008487701,-0.3919,-0.1591,0.7082
12.51,09-22-2026 23:26:04:905,-0.157600000500679,0.216999992728233,0.237499997019768,0.933600008487701,-0.391,-0.1605,0.7058
12.52,09-22-2026 23:26:04:915,-0.157600000500679,0.216999992728233,0.237499997019768,0.933600008487701,-0.3906,-0.1607,0.7055
12.53,09-22-2026 23:26:04:925,-0.157600000500679,0.216999992728233,0.237499997019768,0.933600008487701,-0.3905,-0.1611,0.7056
12.54,09-22-2026 23:26:04:935,-0.157600000500679,0.216999992728233,0.237499997019768,0.933600008487701,-0.3905,-0.1605,0.7056
12.55,09-22-2026 23:26:04:945,-0.157600000500679,0.216999992728233,0.237499997019768,0.933600008487701,-0.3907,-0.1605,0.706
12.56,09-22-2026 23:26:04:955,-0.157600000500679,0.216999992728233,0.237499997019768,0.933600008487701,-0.3907,-0.1603,0.707
12.57,09-22-2026 23:26:04:965,-0.157600000500679,0.216999992728233,0.237499997019768,0.933600008487701,-0.3911,-0.1607,0.7069
12.58,09-22-2026 23:26:04:975,-0.157600000500679,0.216999992728233,0.237499997019768,0.933600008487701,-0.3911,-0.1606,0.7062
12.59,09-22-2026 23:26:04:985,-0.157600000500679,0.216999992728233,0.237499997019768,0.933600008487701,-0.3909,-0.1611,0.7062
12.6,09-22-2026 23:26:04:995,-0.157600000500679,0.216999992728233,0.237499997019768,0.933600008487701,-0.3906,-0.1618,0.7061
12.61,09-22-2026 23:26:05:005,-0.157600000500679,0.216999992728233,0.237499997019768,0.933600008487701,-0.3913,-0.1602,0.7035
12.62,09-22-2026 23:26:05:015,-0.157499998807907,0.216900005936623,0.237499997019768,0.933600008487701,-0.3918,-0.1602,0.7027
12.63,09-22-2026 23:26:05:025,-0.157499998807907,0.216900005936623,0.237499997019768,0.933600008487701,-0.3926,-0.16,0.7022
12.64,09-22-2026 23:26:05:035,-0.157499998807907,0.216900005936623,0.237499997019768,0.933600008487701,-0.3935,-0.1596,0.7027
12.65,09-22-2026 23:26:05:045,-0.157499998807907,0.216900005936623,0.237499997019768,0.933600008487701,-0.3942,-0.1599,0.7036
12.66,09-22-2026 23:26:05:055,-0.157499998807907,0.216900005936623,0.237499997019768,0.933600008487701,-0.3941,-0.1605,0.7042
12.67,09-22-2026 23:26:05:065,-0.157499998807907,0.216900005936623,0.237499997019768,0.933600008487701,-0.3942,-0.1609,0.7048
12.68,09-22-2026 23:26:05:075,-0.157499998807907,0.216900005936623,0.237499997019768,0.933600008487701,-0.3928,-0.1616,0.7049
12.69,09-22-2026 23:26:05:085,-0.157499998807907,0.216900005936623,0.237499997019768,0.933600008487701,-0.3914,-0.1625,0.7047
12.7,09-22-2026 23:26:05:095,-0.157399997115135,0.216900005936623,0.237499997019768,0.933600008487701,-0.3908,-0.1634,0.7048
12.71,09-22-2026 23:26:05:105,-0.157399997115135,0.216900005936623,0.237499997019768,0.933600008487701,-0.3927,-0.1616,0.7069
12.72,09-22-2026 23:26:05:115,-0.157399997115135,0.216900005936623,0.237499997019768,0.933600008487701,-0.3916,-0.1614,0.7066
12.73,09-22-2026 23:26:05:125,-0.157399997115135,0.216900005936623,0.237499997019768,0.933600008487701,-0.3909,-0.1612,0.7063
12.74,09-22-2026 23:26:05:135,-0.157399997115135,0.216900005936623,0.237499997019768,0.933600008487701,-0.3906,-0.1609,0.7066
12.75,09-22-2026 23:26:05:145,-0.157399997115135,0.216900005936623,0.237499997019768,0.933600008487701,-0.3902,-0.1609,0.7064
12.76,09-22-2026 23:26:05:155,-0.157399997115135,0.216900005936623,0.237499997019768,0.933600008487701,-0.3901,-0.1606,0.7051
12.77,09-22-2026 23:26:05:165,-0.157399997115135,0.216900005936623,0.237499997019768,0.933600008487701,-0.3907,-0.1599,0.7039
12.78,09-22-2026 23:26:05:175,-0.157399997115135,0.216900005936623,0.237499997019768,0.933600008487701,-0.3913,-0.1594,0.7032
12.79,09-22-2026 23:26:05:185,-0.157399997115135,0.216900005936623,0.237499997019768,0.933600008487701,-0.392,-0.1585,0.7035
12.8,09-22-2026 23:26:05:195,-0.157399997115135,0.216900005936623,0.237499997019768,0.933600008487701,-0.3933,-0.1583,0.7025
12.81,09-22-2026 23:26:05:205,-0.157299995422363,0.216800004243851,0.237499997019768,0.933600008487701,-0.3947,-0.1581,0.7036
12.82,09-22-2026 23:26:05:215,-0.157299995422363,0.216800004243851,0.237499997019768,0.933700025081635,-0.3952,-0.1577,0.7039
12.83,09-22-2026 23:26:05:225,-0.157199993729591,0.216800004243851,0.237499997019768,0.933700025081635,-0.3952,-0.1583,0.7045
12.84,09-22-2026 23:26:05:235,-0.157100006937981,0.216800004243851,0.237499997019768,0.933700025081635,-0.395,-0.1588,0.7039
12.85,09-22-2026 23:26:05:245,-0.157100006937981,0.216800004243851,0.237499997019768,0.933700025081635,-0.3952,-0.1593,0.7044
12.86,09-22-2026 23:26:05:255,-0.157100006937981,0.216800004243851,0.237499997019768,0.933700025081635,-0.3955,-0.1592,0.7052
12.87,09-22-2026 23:26:05:265,-0.157100006937981,0.216800004243851,0.237499997019768,0.933700025081635,-0.3954,-0.159,0.7046
12.88,09-22-2026 23:26:05:275,-0.157100006937981,0.216800004243851,0.237499997019768,0.933700025081635,-0.3948,-0.1581,0.7037
12.89,09-22-2026 23:26:05:285,-0.157000005245209,0.216800004243851,0.237499997019768,0.933700025081635,-0.3944,-0.158,0.7033
12.9,09-22-2026 23:26:05:295,-0.157000005245209,0.216800004243851,0.237499997019768,0.933700025081635,-0.3943,-0.1584,0.7031
12.91,09-22-2026 23:26:05:305,-0.156700000166893,0.216700002551079,0.237499997019768,0.933799982070923,-0.3947,-0.1587,0.7049
12.92,09-22-2026 23:26:05:315,-0.156700000166893,0.216700002551079,0.237499997019768,0.933799982070923,-0.3942,-0.1591,0.7051
12.93,09-22-2026 23:26:05:325,-0.156599998474121,0.216700002551079,0.237499997019768,0.933799982070923,-0.3939,-0.159,0.705
12.94,09-22-2026 23:26:05:335,-0.156599998474121,0.216700002551079,0.237499997019768,0.933899998664856,-0.3926,-0.1593,0.7057
12.95,09-22-2026 23:26:05:345,-0.156499996781349,0.216700002551079,0.237499997019768,0.933899998664856,-0.3918,-0.1587,0.7053
12.96,09-22-2026 23:26:05:355,-0.156499996781349,0.216700002551079,0.237499997019768,0.933899998664856,-0.3917,-0.1589,0.705
12.97,09-22-2026 23:26:05:365,-0.156399995088577,0.216700002551079,0.237499997019768,0.933899998664856,-0.3918,-0.1586,0.7057
12.98,09-22-2026 23:26:05:375,-0.156399995088577,0.216700002551079,0.237499997019768,0.933899998664856,-0.3927,-0.1584,0.7055
12.99,09-22-2026 23:26:05:385,-0.156399995088577,0.216700002551079,0.237499997019768,0.933899998664856,-0.3932,-0.1585,0.7056
13,09-22-2026 23:26:05:395,-0.156299993395805,0.216600000858307,0.237499997019768,0.933899998664856,-0.3938,-0.1584,0.7067
13.01,09-22-2026 23:26:05:405,-0.156299993395805,0.216600000858307,0.237499997019768,0.933899998664856,-0.3927,-0.1578,0.7056
13.02,09-22-2026 23:26:05:415,-0.156299993395805,0.216499999165535,0.237499997019768,0.933899998664856,-0.3924,-0.1579,0.705
13.03,09-22-2026 23:26:05:425,-0.156299993395805,0.216499999165535,0.237499997019768,0.934000015258789,-0.3929,-0.1573,0.7036
13.04,09-22-2026 23:26:05:435,-0.156299993395805,0.216399997472763,0.237499997019768,0.934000015258789,-0.3931,-0.1561,0.703
13.05,09-22-2026 23:26:05:445,-0.156299993395805,0.216399997472763,0.237499997019768,0.934000015258789,-0.3936,-0.1552,0.7023
13.06,09-22-2026 23:26:05:455,-0.156299993395805,0.216399997472763,0.237499997019768,0.934000015258789,-0.3943,-0.1545,0.7017
13.07,09-22-2026 23:26:05:465,-0.156299993395805,0.216299995779991,0.237499997019768,0.934000015258789,-0.3939,-0.154,0.7019
13.08,09-22-2026 23:26:05:475,-0.156299993395805,0.216299995779991,0.237499997019768,0.934000015258789,-0.3939,-0.1541,0.7025
13.09,09-22-2026 23:26:05:485,-0.156299993395805,0.216199994087219,0.237499997019768,0.934000015258789,-0.3933,-0.1535,0.7032
13.1,09-22-2026 23:26:05:495,-0.156299993395805,0.216199994087219,0.237499997019768,0.934000015258789,-0.3921,-0.1542,0.7042
13.11,09-22-2026 23:26:05:505,-0.156200006604195,0.216199994087219,0.237499997019768,0.934000015258789,-0.389,-0.1569,0.7061
13.12,09-22-2026 23:26:05:515,-0.156200006604195,0.216199994087219,0.237499997019768,0.934000015258789,-0.3888,-0.1572,0.7064
13.13,09-22-2026 23:26:05:525,-0.156200006604195,0.216199994087219,0.237499997019768,0.934000015258789,-0.3887,-0.1569,0.7058
13.14,09-22-2026 23:26:05:535,-0.156200006604195,0.216199994087219,0.237499997019768,0.934000015258789,-0.3887,-0.1571,0.7055
13.15,09-22-2026 23:26:05:545,-0.156200006604195,0.216199994087219,0.237499997019768,0.934000015258789,-0.3887,-0.1568,0.7055
13.16,09-22-2026 23:26:05:555,-0.156200006604195,0.216199994087219,0.237499997019768,0.934000015258789,-0.3903,-0.1563,0.7052
13.17,09-22-2026 23:26:05:565,-0.156200006604195,0.216199994087219,0.237499997019768,0.934000015258789,-0.3913,-0.1557,0.7057
13.18,09-22-2026 23:26:05:575,-0.156200006604195,0.216199994087219,0.237499997019768,0.934000015258789,-0.3923,-0.1559,0.7071
13.19,09-22-2026 23:26:05:585,-0.156200006604195,0.216199994087219,0.237499997019768,0.934000015258789,-0.393,-0.1562,0.707
13.2,09-22-2026 23:26:05:595,-0.156200006604195,0.216199994087219,0.237499997019768,0.934000015258789,-0.393,-0.1567,0.7077
13.21,09-22-2026 23:26:05:605,-0.156200006604195,0.216100007295609,0.237499997019768,0.934000015258789,-0.3912,-0.1561,0.7086
13.22,09-22-2026 23:26:05:615,-0.156200006604195,0.216100007295609,0.237499997019768,0.934000015258789,-0.3907,-0.1562,0.7083
13.23,09-22-2026 23:26:05:625,-0.156200006604195,0.216100007295609,0.237499997019768,0.934000015258789,-0.3909,-0.1557,0.7068
13.24,09-22-2026 23:26:05:635,-0.156200006604195,0.216100007295609,0.237499997019768,0.934000015258789,-0.3911,-0.1556,0.7071
13.25,09-22-2026 23:26:05:645,-0.156200006604195,0.216100007295609,0.237499997019768,0.934000015258789,-0.3912,-0.1554,0.7067
13.26,09-22-2026 23:26:05:655,-0.156200006604195,0.216100007295609,0.237499997019768,0.934000015258789,-0.3921,-0.1555,0.7059
13.27,09-22-2026 23:26:05:665,-0.156200006604195,0.216100007295609,0.237499997019768,0.934000015258789,-0.3921,-0.1561,0.7062
13.28,09-22-2026 23:26:05:675,-0.156200006604195,0.216100007295609,0.237499997019768,0.934000015258789,-0.3921,-0.1563,0.7058
13.29,09-22-2026 23:26:05:685,-0.156200006604195,0.216100007295609,0.237499997019768,0.934000015258789,-0.392,-0.1559,0.7062
13.3,09-22-2026 23:26:05:695,-0.156200006604195,0.216100007295609,0.237499997019768,0.934000015258789,-0.3926,-0.1559,0.7065
13.31,09-22-2026 23:26:05:705,-0.156299993395805,0.216000005602837,0.237499997019768,0.934000015258789,-0.3921,-0.1536,0.7054
13.32,09-22-2026 23:26:05:715,-0.156299993395805,0.216000005602837,0.237499997019768,0.934000015258789,-0.3912,-0.1536,0.7054
13.33,09-22-2026 23:26:05:725,-0.156299993395805,0.216000005602837,0.237499997019768,0.934000015258789,-0.3901,-0.1535,0.7049
13.34,09-22-2026 23:26:05:735,-0.156299993395805,0.216000005602837,0.237499997019768,0.934000015258789,-0.3895,-0.1534,0.7047
13.35,09-22-2026 23:26:05:745,-0.156299993395805,0.216000005602837,0.237499997019768,0.934000015258789,-0.3893,-0.1534,0.7044
13.36,09-22-2026 23:26:05:755,-0.156299993395805,0.216000005602837,0.237499997019768,0.934000015258789,-0.3901,-0.1529,0.704
13.37,09-22-2026 23:26:05:765,-0.156299993395805,0.216000005602837,0.237499997019768,0.934000015258789,-0.3906,-0.1529,0.7036
13.38,09-22-2026 23:26:05:775,-0.156299993395805,0.216000005602837,0.237499997019768,0.934099972248077,-0.3905,-0.1529,0.703
13.39,09-22-2026 23:26:05:785,-0.156299993395805,0.216000005602837,0.237499997019768,0.934099972248077,-0.3906,-0.1529,0.7032
13.4,09-22-2026 23:26:05:795,-0.156299993395805,0.216000005602837,0.237499997019768,0.934099972248077,-0.391,-0.153,0.7027
13.41,09-22-2026 23:26:05:805,-0.156200006604195,0.215900003910065,0.237499997019768,0.934099972248077,-0.3916,-0.1531,0.7027
13.42,09-22-2026 23:26:05:815,-0.156200006604195,0.215900003910065,0.237499997019768,0.934099972248077,-0.3911,-0.1528,0.7028
13.43,09-22-2026 23:26:05:825,-0.156200006604195,0.215900003910065,0.237499997019768,0.934099972248077,-0.3915,-0.1528,0.7024
13.44,09-22-2026 23:26:05:835,-0.156200006604195,0.215900003910065,0.237499997019768,0.93419998884201,-0.3915,-0.1522,0.7032
13.45,09-22-2026 23:26:05:845,-0.156100004911423,0.215900003910065,0.237499997019768,0.93419998884201,-0.3909,-0.1532,0.704
13.46,09-22-2026 23:26:05:855,-0.156100004911423,0.215900003910065,0.237399995326996,0.93419998884201,-0.3903,-0.1532,0.7042
13.47,09-22-2026 23:26:05:865,-0.156100004911423,0.215900003910065,0.237399995326996,0.93419998884201,-0.39,-0.1537,0.7063
13.48,09-22-2026 23:26:05:875,-0.156100004911423,0.215900003910065,0.237399995326996,0.93419998884201,-0.389,-0.1546,0.708
13.49,09-22-2026 23:26:05:885,-0.156100004911423,0.215800002217293,0.237399995326996,0.93419998884201,-0.3884,-0.1545,0.7083
13.5,09-22-2026 23:26:05:895,-0.156100004911423,0.215800002217293,0.237399995326996,0.93419998884201,-0.3881,-0.1548,0.709
13.51,09-22-2026 23:26:05:905,-0.156100004911423,0.215700000524521,0.237399995326996,0.93419998884201,-0.387,-0.1541,0.7097
13.52,09-22-2026 23:26:05:915,-0.156100004911423,0.215700000524521,0.237299993634224,0.93419998884201,-0.3864,-0.1547,0.7089
13.53,09-22-2026 23:26:05:925,-0.156100004911423,0.215700000524521,0.237299993634224,0.93419998884201,-0.3867,-0.1549,0.7069
13.54,09-22-2026 23:26:05:935,-0.156100004911423,0.215700000524521,0.237200006842613,0.93419998884201,-0.3882,-0.1546,0.7059
13.55,09-22-2026 23:26:05:945,-0.156100004911423,0.215700000524521,0.237200006842613,0.93419998884201,-0.3887,-0.1547,0.7066
13.56,09-22-2026 23:26:05:955,-0.156100004911423,0.215700000524521,0.237100005149841,0.93419998884201,-0.3899,-0.1549,0.7046
13.57,09-22-2026 23:26:05:965,-0.156200006604195,0.215700000524521,0.237100005149841,0.934099972248077,-0.3906,-0.1549,0.7051
13.58,09-22-2026 23:26:05:975,-0.156200006604195,0.215700000524521,0.237100005149841,0.934099972248077,-0.3914,-0.1553,0.7054
13.59,09-22-2026 23:26:05:985,-0.156200006604195,0.215700000524521,0.237100005149841,0.934099972248077,-0.3918,-0.1564,0.7049
13.6,09-22-2026 23:26:05:995,-0.156200006604195,0.215700000524521,0.237100005149841,0.934099972248077,-0.3916,-0.1569,0.7052
13.61,09-22-2026 23:26:06:005,-0.156200006604195,0.215700000524521,0.237100005149841,0.934099972248077,-0.3912,-0.1577,0.7087
13.62,09-22-2026 23:26:06:015,-0.156200006604195,0.215700000524521,0.237100005149841,0.93419998884201,-0.3899,-0.1584,0.7087
13.63,09-22-2026 23:26:06:025,-0.156200006604195,0.215700000524521,0.237100005149841,0.93419998884201,-0.3903,-0.1591,0.7087
13.64,09-22-2026 23:26:06:035,-0.156200006604195,0.215800002217293,0.237100005149841,0.934099972248077,-0.3905,-0.1583,0.7091
13.65,09-22-2026 23:26:06:045,-0.156100004911423,0.215800002217293,0.237100005149841,0.934099972248077,-0.3899,-0.1583,0.7084
13.66,09-22-2026 23:26:06:055,-0.156100004911423,0.215900003910065,0.237100005149841,0.934099972248077,-0.39,-0.1573,0.7075
13.67,09-22-2026 23:26:06:065,-0.156100004911423,0.215900003910065,0.237200006842613,0.934099972248077,-0.3898,-0.1567,0.7064
13.68,09-22-2026 23:26:06:075,-0.156100004911423,0.215900003910065,0.237200006842613,0.934099972248077,-0.3899,-0.1564,0.7054
13.69,09-22-2026 23:26:06:085,-0.156100004911423,0.215900003910065,0.237200006842613,0.934099972248077,-0.39,-0.1562,0.7048
13.7,09-22-2026 23:26:06:095,-0.156100004911423,0.215900003910065,0.237200006842613,0.934099972248077,-0.3903,-0.1564,0.7055
13.71,09-22-2026 23:26:06:105,-0.156200006604195,0.215800002217293,0.237100005149841,0.93419998884201,-0.3895,-0.1575,0.7058
13.72,09-22-2026 23:26:06:115,-0.156200006604195,0.215800002217293,0.237100005149841,0.93419998884201,-0.389,-0.1569,0.7055
13.73,09-22-2026 23:26:06:125,-0.156200006604195,0.215800002217293,0.237200006842613,0.93419998884201,-0.3885,-0.1569,0.7058
13.74,09-22-2026 23:26:06:135,-0.156200006604195,0.215800002217293,0.237200006842613,0.93419998884201,-0.3889,-0.1573,0.7063
13.75,09-22-2026 23:26:06:145,-0.156200006604195,0.215800002217293,0.237200006842613,0.93419998884201,-0.3883,-0.1572,0.7066
13.76,09-22-2026 23:26:06:155,-0.156200006604195,0.215800002217293,0.237200006842613,0.93419998884201,-0.3882,-0.1576,0.707
13.77,09-22-2026 23:26:06:165,-0.156200006604195,0.215800002217293,0.237200006842613,0.93419998884201,-0.388,-0.1582,0.7082
13.78,09-22-2026 23:26:06:175,-0.156200006604195,0.215800002217293,0.237200006842613,0.93419998884201,-0.387,-0.1583,0.7086
13.79,09-22-2026 23:26:06:185,-0.156200006604195,0.215800002217293,0.237200006842613,0.93419998884201,-0.3859,-0.1583,0.7097
13.8,09-22-2026 23:26:06:195,-0.156200006604195,0.215900003910065,0.237200006842613,0.93419998884201,-0.3848,-0.1589,0.7102
13.81,09-22-2026 23:26:06:205,-0.156200006604195,0.215800002217293,0.237100005149841,0.93419998884201,-0.3833,-0.1584,0.7082
13.82,09-22-2026 23:26:06:215,-0.156200006604195,0.215800002217293,0.237100005149841,0.93419998884201,-0.3831,-0.1571,0.7064
13.83,09-22-2026 23:26:06:225,-0.156200006604195,0.215800002217293,0.237100005149841,0.93419998884201,-0.3826,-0.156,0.7055
13.84,09-22-2026 23:26:06:235,-0.156200006604195,0.215800002217293,0.237100005149841,0.93419998884201,-0.3828,-0.1555,0.7059
13.85,09-22-2026 23:26:06:245,-0.156100004911423,0.215800002217293,0.237100005149841,0.93419998884201,-0.3839,-0.1546,0.706
13.86,09-22-2026 23:26:06:255,-0.156100004911423,0.215800002217293,0.237100005149841,0.93419998884201,-0.3841,-0.1541,0.7053
13.87,09-22-2026 23:26:06:265,-0.156100004911423,0.215800002217293,0.237100005149841,0.93419998884201,-0.3849,-0.1545,0.7055
13.88,09-22-2026 23:26:06:275,-0.156200006604195,0.215700000524521,0.237100005149841,0.93419998884201,-0.3859,-0.1539,0.7046
13.89,09-22-2026 23:26:06:285,-0.156200006604195,0.215700000524521,0.237100005149841,0.93419998884201,-0.3874,-0.1531,0.7047
13.9,09-22-2026 23:26:06:295,-0.156299993395805,0.215700000524521,0.237100005149841,0.93419998884201,-0.3891,-0.1525,0.7056
13.91,09-22-2026 23:26:06:305,-0.156499996781349,0.215700000524521,0.237100005149841,0.934099972248077,-0.3909,-0.153,0.7062
13.92,09-22-2026 23:26:06:315,-0.156599998474121,0.215700000524521,0.237100005149841,0.934099972248077,-0.3906,-0.1532,0.7052
13.93,09-22-2026 23:26:06:325,-0.156599998474121,0.215700000524521,0.237100005149841,0.934099972248077,-0.3892,-0.1546,0.7053
13.94,09-22-2026 23:26:06:335,-0.156599998474121,0.215700000524521,0.237100005149841,0.934099972248077,-0.3884,-0.1552,0.7065
13.95,09-22-2026 23:26:06:345,-0.156599998474121,0.215599998831749,0.237100005149841,0.934099972248077,-0.3891,-0.1551,0.7077
13.96,09-22-2026 23:26:06:355,-0.156599998474121,0.215599998831749,0.237100005149841,0.934099972248077,-0.3895,-0.1554,0.709
13.97,09-22-2026 23:26:06:365,-0.156599998474121,0.215599998831749,0.237100005149841,0.934099972248077,-0.3901,-0.1566,0.7098
13.98,09-22-2026 23:26:06:375,-0.156599998474121,0.215700000524521,0.237100005149841,0.934099972248077,-0.391,-0.1565,0.7111
13.99,09-22-2026 23:26:06:385,-0.156599998474121,0.215700000524521,0.237100005149841,0.934099972248077,-0.391,-0.1567,0.7117
14,09-22-2026 23:26:06:395,-0.156599998474121,0.215700000524521,0.237100005149841,0.934099972248077,-0.3907,-0.1574,0.7106
14.01,09-22-2026 23:26:06:405,-0.156700000166893,0.215800002217293,0.237200006842613,0.934099972248077,-0.3924,-0.1561,0.7072
14.02,09-22-2026 23:26:06:415,-0.156700000166893,0.215800002217293,0.237200006842613,0.934099972248077,-0.3925,-0.1558,0.7063
14.03,09-22-2026 23:26:06:425,-0.156700000166893,0.215800002217293,0.237200006842613,0.934099972248077,-0.3935,-0.1553,0.7061
14.04,09-22-2026 23:26:06:435,-0.156700000166893,0.215800002217293,0.237200006842613,0.934099972248077,-0.3938,-0.1549,0.7062
14.05,09-22-2026 23:26:06:445,-0.156700000166893,0.215800002217293,0.237200006842613,0.934099972248077,-0.3945,-0.1548,0.7059
14.06,09-22-2026 23:26:06:455,-0.156700000166893,0.215800002217293,0.237200006842613,0.934099972248077,-0.3939,-0.1551,0.7049
14.07,09-22-2026 23:26:06:465,-0.156700000166893,0.215800002217293,0.237200006842613,0.934099972248077,-0.3933,-0.1556,0.7051
14.08,09-22-2026 23:26:06:475,-0.156800001859665,0.215800002217293,0.237200006842613,0.934000015258789,-0.3925,-0.1551,0.7046
14.09,09-22-2026 23:26:06:485,-0.156800001859665,0.215800002217293,0.237200006842613,0.934000015258789,-0.3918,-0.1554,0.7034
14.1,09-22-2026 23:26:06:495,-0.156800001859665,0.215800002217293,0.237200006842613,0.934000015258789,-0.3914,-0.1557,0.7026
14.11,09-22-2026 23:26:06:505,-0.156900003552437,0.215800002217293,0.237200006842613,0.934000015258789,-0.3879,-0.1575,0.7037
14.12,09-22-2026 23:26:06:515,-0.156900003552437,0.215800002217293,0.237200006842613,0.934000015258789,-0.3874,-0.1571,0.7038
14.13,09-22-2026 23:26:06:525,-0.156900003552437,0.215800002217293,0.237200006842613,0.934000015258789,-0.3873,-0.1577,0.7044
14.14,09-22-2026 23:26:06:535,-0.156900003552437,0.215800002217293,0.237100005149841,0.934000015258789,-0.3869,-0.1578,0.7051
14.15,09-22-2026 23:26:06:545,-0.156900003552437,0.215800002217293,0.237100005149841,0.934000015258789,-0.3867,-0.1582,0.7055
14.16,09-22-2026 23:26:06:555,-0.156900003552437,0.215700000524521,0.237100005149841,0.934000015258789,-0.3862,-0.1582,0.7058
14.17,09-22-2026 23:26:06:565,-0.156800001859665,0.215800002217293,0.237100005149841,0.934000015258789,-0.3858,-0.1572,0.706
14.18,09-22-2026 23:26:06:575,-0.156800001859665,0.215800002217293,0.237200006842613,0.934000015258789,-0.3862,-0.1569,0.7064
14.19,09-22-2026 23:26:06:585,-0.156800001859665,0.215900003910065,0.237200006842613,0.934000015258789,-0.3865,-0.1567,0.7062
14.2,09-22-2026 23:26:06:595,-0.156800001859665,0.215900003910065,0.237200006842613,0.934000015258789,-0.3866,-0.156,0.707
14.21,09-22-2026 23:26:06:605,-0.156800001859665,0.216000005602837,0.237200006842613,0.934000015258789,-0.3879,-0.156,0.7061
14.22,09-22-2026 23:26:06:615,-0.156800001859665,0.216000005602837,0.237200006842613,0.934000015258789,-0.3879,-0.1555,0.7056
14.23,09-22-2026 23:26:06:625,-0.156800001859665,0.216000005602837,0.237200006842613,0.934000015258789,-0.3886,-0.1556,0.7055
14.24,09-22-2026 23:26:06:635,-0.156800001859665,0.216000005602837,0.237100005149841,0.934000015258789,-0.3887,-0.1546,0.7052
14.25,09-22-2026 23:26:06:645,-0.156800001859665,0.216100007295609,0.237100005149841,0.933899998664856,-0.3889,-0.1551,0.7056
14.26,09-22-2026 23:26:06:655,-0.156800001859665,0.216100007295609,0.237100005149841,0.933899998664856,-0.3891,-0.1547,0.7055
14.27,09-22-2026 23:26:06:665,-0.156800001859665,0.216199994087219,0.237000003457069,0.933899998664856,-0.3889,-0.1559,0.705
14.28,09-22-2026 23:26:06:675,-0.156800001859665,0.216299995779991,0.237000003457069,0.933899998664856,-0.3889,-0.1563,0.7046
14.29,09-22-2026 23:26:06:685,-0.156900003552437,0.216299995779991,0.237000003457069,0.933899998664856,-0.39,-0.1566,0.706
14.3,09-22-2026 23:26:06:695,-0.156900003552437,0.216399997472763,0.236900001764297,0.933899998664856,-0.3907,-0.157,0.706
14.31,09-22-2026 23:26:06:705,-0.156900003552437,0.216499999165535,0.236900001764297,0.933899998664856,-0.39,-0.1582,0.7046
14.32,09-22-2026 23:26:06:715,-0.156900003552437,0.216499999165535,0.236900001764297,0.933899998664856,-0.3899,-0.159,0.7052
14.33,09-22-2026 23:26:06:725,-0.156900003552437,0.216499999165535,0.236900001764297,0.933899998664856,-0.3896,-0.1589,0.7068
14.34,09-22-2026 23:26:06:735,-0.156900003552437,0.216499999165535,0.236900001764297,0.933899998664856,-0.3897,-0.1591,0.7073
14.35,09-22-2026 23:26:06:745,-0.156900003552437,0.216499999165535,0.236900001764297,0.933899998664856,-0.3901,-0.1589,0.7066
14.36,09-22-2026 23:26:06:755,-0.156900003552437,0.216499999165535,0.236900001764297,0.933899998664856,-0.3904,-0.1591,0.7062
14.37,09-22-2026 23:26:06:765,-0.156900003552437,0.216499999165535,0.236900001764297,0.933899998664856,-0.3905,-0.1595,0.7067
14.38,09-22-2026 23:26:06:775,-0.156800001859665,0.216499999165535,0.236900001764297,0.933899998664856,-0.391,-0.1599,0.7068
14.39,09-22-2026 23:26:06:785,-0.156800001859665,0.216600000858307,0.236900001764297,0.933899998664856,-0.3904,-0.1603,0.7061
14.4,09-22-2026 23:26:06:795,-0.156800001859665,0.216600000858307,0.236900001764297,0.933899998664856,-0.3892,-0.1597,0.7059
14.41,09-22-2026 23:26:06:805,-0.156900003552437,0.216600000858307,0.236900001764297,0.933899998664856,-0.3911,-0.159,0.7048
14.42,09-22-2026 23:26:06:815,-0.156900003552437,0.216600000858307,0.236800000071526,0.933899998664856,-0.3918,-0.1591,0.7044
14.43,09-22-2026 23:26:06:825,-0.156900003552437,0.216600000858307,0.236900001764297,0.933899998664856,-0.392,-0.1592,0.7049
14.44,09-22-2026 23:26:06:835,-0.156900003552437,0.216600000858307,0.236900001764297,0.933899998664856,-0.392,-0.1602,0.7047
14.45,09-22-2026 23:26:06:845,-0.157000005245209,0.216600000858307,0.236900001764297,0.933899998664856,-0.3921,-0.1604,0.7051
14.46,09-22-2026 23:26:06:855,-0.157000005245209,0.216600000858307,0.236900001764297,0.933899998664856,-0.392,-0.1601,0.7053
14.47,09-22-2026 23:26:06:865,-0.157100006937981,0.216600000858307,0.236900001764297,0.933799982070923,-0.3923,-0.1597,0.7062
14.48,09-22-2026 23:26:06:875,-0.157100006937981,0.216600000858307,0.236900001764297,0.933799982070923,-0.392,-0.1608,0.7065
14.49,09-22-2026 23:26:06:885,-0.157199993729591,0.216600000858307,0.236900001764297,0.933799982070923,-0.3921,-0.1611,0.7067
14.5,09-22-2026 23:26:06:895,-0.157199993729591,0.216600000858307,0.236900001764297,0.933700025081635,-0.3913,-0.1618,0.7074
14.51,09-22-2026 23:26:06:905,-0.157399997115135,0.216600000858307,0.236900001764297,0.933600008487701,-0.3893,-0.1616,0.7072
14.52,09-22-2026 23:26:06:915,-0.157499998807907,0.216700002551079,0.236900001764297,0.933600008487701,-0.3889,-0.1604,0.7054
14.53,09-22-2026 23:26:06:925,-0.157600000500679,0.216700002551079,0.236900001764297,0.933600008487701,-0.3889,-0.1601,0.7047
14.54,09-22-2026 23:26:06:935,-0.157600000500679,0.216700002551079,0.236900001764297,0.933499991893768,-0.3899,-0.1592,0.7037
14.55,09-22-2026 23:26:06:945,-0.157700002193451,0.216700002551079,0.236900001764297,0.933499991893768,-0.3911,-0.1583,0.7029
14.56,09-22-2026 23:26:06:955,-0.157700002193451,0.216700002551079,0.236900001764297,0.933499991893768,-0.3925,-0.1572,0.7023
14.57,09-22-2026 23:26:06:965,-0.157700002193451,0.216800004243851,0.236900001764297,0.933499991893768,-0.3928,-0.1557,0.7019
14.58,09-22-2026 23:26:06:975,-0.157800003886223,0.216800004243851,0.237000003457069,0.933399975299835,-0.3935,-0.1548,0.7021
14.59,09-22-2026 23:26:06:985,-0.157800003886223,0.216800004243851,0.237000003457069,0.933399975299835,-0.393,-0.1548,0.7026
14.6,09-22-2026 23:26:06:995,-0.157800003886223,0.216900005936623,0.237100005149841,0.933399975299835,-0.3937,-0.155,0.7026
14.61,09-22-2026 23:26:07:005,-0.157800003886223,0.216999992728233,0.237299993634224,0.933399975299835,-0.3933,-0.1566,0.7046
14.62,09-22-2026 23:26:07:015,-0.157800003886223,0.217099994421005,0.237299993634224,0.933399975299835,-0.3931,-0.1569,0.7045
14.63,09-22-2026 23:26:07:025,-0.157800003886223,0.217099994421005,0.237399995326996,0.933399975299835,-0.3936,-0.1572,0.7038
14.64,09-22-2026 23:26:07:035,-0.157800003886223,0.217099994421005,0.237399995326996,0.933399975299835,-0.3939,-0.1572,0.7034
14.65,09-22-2026 23:26:07:045,-0.157800003886223,0.217199996113777,0.237499997019768,0.933399975299835,-0.3942,-0.1575,0.7031
14.66,09-22-2026 23:26:07:055,-0.157800003886223,0.217199996113777,0.237499997019768,0.933399975299835,-0.3948,-0.158,0.7045
14.67,09-22-2026 23:26:07:065,-0.157800003886223,0.217199996113777,0.23759999871254,0.933399975299835,-0.3956,-0.1583,0.7041
14.68,09-22-2026 23:26:07:075,-0.157800003886223,0.217199996113777,0.23759999871254,0.933399975299835,-0.3957,-0.1582,0.7048
14.69,09-22-2026 23:26:07:085,-0.157800003886223,0.217199996113777,0.23759999871254,0.933399975299835,-0.396,-0.1581,0.7069
14.7,09-22-2026 23:26:07:095,-0.157900005578995,0.217199996113777,0.23759999871254,0.933399975299835,-0.3961,-0.1576,0.7066
14.71,09-22-2026 23:26:07:105,-0.158199995756149,0.217199996113777,0.23759999871254,0.933300018310547,-0.3934,-0.1566,0.7032
14.72,09-22-2026 23:26:07:115,-0.158199995756149,0.217199996113777,0.23759999871254,0.933300018310547,-0.3929,-0.1566,0.702
14.73,09-22-2026 23:26:07:125,-0.158199995756149,0.217199996113777,0.23759999871254,0.933300018310547,-0.3926,-0.1555,0.7009
14.74,09-22-2026 23:26:07:135,-0.158199995756149,0.217199996113777,0.23759999871254,0.933300018310547,-0.3918,-0.1548,0.7006
14.75,09-22-2026 23:26:07:145,-0.158299997448921,0.217199996113777,0.23759999871254,0.933300018310547,-0.3928,-0.1545,0.7005
14.76,09-22-2026 23:26:07:155,-0.158299997448921,0.217299997806549,0.23759999871254,0.933300018310547,-0.3931,-0.1542,0.701
14.77,09-22-2026 23:26:07:165,-0.158299997448921,0.217299997806549,0.23759999871254,0.933300018310547,-0.3929,-0.1539,0.7013
14.78,09-22-2026 23:26:07:175,-0.158299997448921,0.217299997806549,0.23759999871254,0.933300018310547,-0.3937,-0.1543,0.7013
14.79,09-22-2026 23:26:07:185,-0.158299997448921,0.217299997806549,0.23759999871254,0.933300018310547,-0.394,-0.1542,0.7013
14.8,09-22-2026 23:26:07:195,-0.158299997448921,0.217299997806549,0.23759999871254,0.933300018310547,-0.3937,-0.1554,0.7022
14.81,09-22-2026 23:26:07:205,-0.158399999141693,0.217299997806549,0.237700000405312,0.933399975299835,-0.392,-0.1569,0.7034
14.82,09-22-2026 23:26:07:215,-0.158500000834465,0.217299997806549,0.237700000405312,0.933399975299835,-0.3922,-0.1564,0.7043
14.83,09-22-2026 23:26:07:225,-0.158500000834465,0.217299997806549,0.237700000405312,0.933399975299835,-0.3929,-0.1569,0.7036
14.84,09-22-2026 23:26:07:235,-0.158500000834465,0.217299997806549,0.237700000405312,0.933399975299835,-0.3939,-0.157,0.7026
14.85,09-22-2026 23:26:07:245,-0.158500000834465,0.217299997806549,0.237700000405312,0.933399975299835,-0.3948,-0.1561,0.702
14.86,09-22-2026 23:26:07:255,-0.158500000834465,0.217299997806549,0.237700000405312,0.933399975299835,-0.396,-0.1563,0.7019
14.87,09-22-2026 23:26:07:265,-0.158500000834465,0.217299997806549,0.237700000405312,0.933399975299835,-0.3963,-0.1565,0.702
14.88,09-22-2026 23:26:07:275,-0.158500000834465,0.217299997806549,0.237700000405312,0.933399975299835,-0.3977,-0.1558,0.702
14.89,09-22-2026 23:26:07:285,-0.158500000834465,0.217299997806549,0.237700000405312,0.933399975299835,-0.3986,-0.1565,0.7013
14.9,09-22-2026 23:26:07:295,-0.158500000834465,0.217199996113777,0.23759999871254,0.933399975299835,-0.3983,-0.1572,0.7001
14.91,09-22-2026 23:26:07:305,-0.158600002527237,0.217099994421005,0.237499997019768,0.933399975299835,-0.3974,-0.1597,0.7028
14.92,09-22-2026 23:26:07:315,-0.158600002527237,0.217099994421005,0.237499997019768,0.933399975299835,-0.3967,-0.1612,0.7045
14.93,09-22-2026 23:26:07:325,-0.158600002527237,0.217099994421005,0.237499997019768,0.933399975299835,-0.3957,-0.1616,0.7058
14.94,09-22-2026 23:26:07:335,-0.158600002527237,0.217099994421005,0.237499997019768,0.933399975299835,-0.3952,-0.1614,0.7051
14.95,09-22-2026 23:26:07:345,-0.158600002527237,0.217099994421005,0.237499997019768,0.933399975299835,-0.3946,-0.1617,0.7054
14.96,09-22-2026 23:26:07:355,-0.158600002527237,0.217099994421005,0.237499997019768,0.933399975299835,-0.3945,-0.161,0.7065
14.97,09-22-2026 23:26:07:365,-0.158600002527237,0.217099994421005,0.237499997019768,0.933399975299835,-0.3947,-0.1604,0.7066
14.98,09-22-2026 23:26:07:375,-0.158600002527237,0.217099994421005,0.237499997019768,0.933399975299835,-0.3949,-0.1605,0.7068
14.99,09-22-2026 23:26:07:385,-0.158600002527237,0.217099994421005,0.237499997019768,0.933399975299835,-0.3949,-0.16,0.7063
15,09-22-2026 23:26:07:395,-0.158700004220009,0.217099994421005,0.237499997019768,0.933399975299835,-0.3949,-0.1592,0.7059
15.01,09-22-2026 23:26:07:405,-0.158700004220009,0.217099994421005,0.237499997019768,0.933399975299835,-0.3953,-0.1585,0.7022
15.02,09-22-2026 23:26:07:415,-0.158700004220009,0.217099994421005,0.237499997019768,0.933399975299835,-0.395,-0.1588,0.7003
15.03,09-22-2026 23:26:07:425,-0.158800005912781,0.217099994421005,0.237499997019768,0.933300018310547,-0.3955,-0.1585,0.699
15.04,09-22-2026 23:26:07:435,-0.158899992704391,0.217099994421005,0.237499997019768,0.933300018310547,-0.396,-0.1581,0.701
15.05,09-22-2026 23:26:07:445,-0.158999994397163,0.217099994421005,0.237499997019768,0.933300018310547,-0.3965,-0.1583,0.7005
15.06,09-22-2026 23:26:07:455,-0.158999994397163,0.217099994421005,0.237499997019768,0.933300018310547,-0.3972,-0.1579,0.6998
15.07,09-22-2026 23:26:07:465,-0.159099996089935,0.217099994421005,0.237499997019768,0.933200001716614,-0.3981,-0.1578,0.701
15.08,09-22-2026 23:26:07:475,-0.159199997782707,0.216999992728233,0.237399995326996,0.933200001716614,-0.3982,-0.1587,0.7014
15.09,09-22-2026 23:26:07:485,-0.159299999475479,0.216999992728233,0.237399995326996,0.933099985122681,-0.399,-0.1599,0.7007
15.1,09-22-2026 23:26:07:495,-0.159400001168251,0.216999992728233,0.237399995326996,0.933099985122681,-0.3984,-0.1602,0.7005
15.11,09-22-2026 23:26:07:505,-0.159700006246567,0.216999992728233,0.237399995326996,0.932900011539459,-0.396,-0.1644,0.7018
15.12,09-22-2026 23:26:07:515,-0.159799993038177,0.216999992728233,0.237499997019768,0.932900011539459,-0.395,-0.1648,0.7025
15.13,09-22-2026 23:26:07:525,-0.159899994730949,0.216999992728233,0.237499997019768,0.932900011539459,-0.395,-0.1646,0.7031
15.14,09-22-2026 23:26:07:535,-0.159899994730949,0.216999992728233,0.237499997019768,0.932799994945526,-0.3944,-0.1647,0.704
15.15,09-22-2026 23:26:07:545,-0.159999996423721,0.216999992728233,0.23759999871254,0.932799994945526,-0.3941,-0.1647,0.7048
15.16,09-22-2026 23:26:07:555,-0.159999996423721,0.216999992728233,0.23759999871254,0.932699978351593,-0.3944,-0.1652,0.7059
15.17,09-22-2026 23:26:07:565,-0.160099998116493,0.217099994421005,0.237700000405312,0.932699978351593,-0.3942,-0.165,0.7058
15.18,09-22-2026 23:26:07:575,-0.160099998116493,0.217099994421005,0.237800002098083,0.932699978351593,-0.3943,-0.1646,0.7051
15.19,09-22-2026 23:26:07:585,-0.160099998116493,0.217099994421005,0.237900003790855,0.932699978351593,-0.3941,-0.1647,0.7043
15.2,09-22-2026 23:26:07:595,-0.160199999809265,0.217199996113777,0.237900003790855,0.932600021362305,-0.3945,-0.1646,0.7034
15.21,09-22-2026 23:26:07:605,-0.160199999809265,0.217299997806549,0.23819999396801,0.932600021362305,-0.3963,-0.1639,0.7027
15.22,09-22-2026 23:26:07:615,-0.160199999809265,0.217399999499321,0.238299995660782,0.932600021362305,-0.3963,-0.1635,0.7034
15.23,09-22-2026 23:26:07:625,-0.160199999809265,0.217399999499321,0.238299995660782,0.932600021362305,-0.3963,-0.1632,0.7037
15.24,09-22-2026 23:26:07:635,-0.160199999809265,0.217500001192093,0.238399997353554,0.932600021362305,-0.3968,-0.1629,0.7041
15.25,09-22-2026 23:26:07:645,-0.160199999809265,0.217500001192093,0.238399997353554,0.932600021362305,-0.3965,-0.1626,0.7039
15.26,09-22-2026 23:26:07:655,-0.160300001502037,0.217600002884865,0.238499999046326,0.932600021362305,-0.3956,-0.1629,0.704
15.27,09-22-2026 23:26:07:665,-0.160300001502037,0.217600002884865,0.238600000739098,0.932600021362305,-0.3949,-0.1628,0.7034
15.28,09-22-2026 23:26:07:675,-0.160199999809265,0.217600002884865,0.238600000739098,0.932600021362305,-0.3945,-0.1628,0.7023
15.29,09-22-2026 23:26:07:685,-0.160199999809265,0.217700004577637,0.23870000243187,0.932600021362305,-0.394,-0.1627,0.7025
15.3,09-22-2026 23:26:07:695,-0.160199999809265,0.217700004577637,0.23870000243187,0.932600021362305,-0.3936,-0.1624,0.703
15.31,09-22-2026 23:26:07:705,-0.160199999809265,0.217800006270409,0.238800004124641,0.932600021362305,-0.3958,-0.1613,0.7015
15.32,09-22-2026 23:26:07:715,-0.160300001502037,0.217700004577637,0.23870000243187,0.932600021362305,-0.3954,-0.1624,0.7007
15.33,09-22-2026 23:26:07:725,-0.160300001502037,0.217700004577637,0.23870000243187,0.932600021362305,-0.3949,-0.163,0.7003
15.34,09-22-2026 23:26:07:735,-0.160300001502037,0.217700004577637,0.23870000243187,0.932600021362305,-0.3935,-0.1633,0.7
15.35,09-22-2026 23:26:07:745,-0.160300001502037,0.217700004577637,0.23870000243187,0.932600021362305,-0.3921,-0.1637,0.7
15.36,09-22-2026 23:26:07:755,-0.160400003194809,0.217700004577637,0.23870000243187,0.932600021362305,-0.3909,-0.1645,0.7018
15.37,09-22-2026 23:26:07:765,-0.160400003194809,0.217700004577637,0.23870000243187,0.932600021362305,-0.3908,-0.1648,0.702
15.38,09-22-2026 23:26:07:775,-0.160500004887581,0.217700004577637,0.23870000243187,0.932600021362305,-0.391,-0.1648,0.7031
15.39,09-22-2026 23:26:07:785,-0.160500004887581,0.217800006270409,0.23870000243187,0.932500004768372,-0.3911,-0.1647,0.7036
15.4,09-22-2026 23:26:07:795,-0.160500004887581,0.217800006270409,0.238600000739098,0.932500004768372,-0.3916,-0.1644,0.7036
15.41,09-22-2026 23:26:07:805,-0.160699993371964,0.217999994754791,0.238399997353554,0.932399988174438,-0.3929,-0.1607,0.7001
15.42,09-22-2026 23:26:07:815,-0.160699993371964,0.218099996447563,0.238399997353554,0.932399988174438,-0.3932,-0.1611,0.6992
15.43,09-22-2026 23:26:07:825,-0.160699993371964,0.218099996447563,0.238299995660782,0.932299971580505,-0.3935,-0.1605,0.6988
15.44,09-22-2026 23:26:07:835,-0.160799995064735,0.218199998140335,0.238299995660782,0.932299971580505,-0.3947,-0.1608,0.6995
15.45,09-22-2026 23:26:07:845,-0.160899996757507,0.218299999833107,0.23819999396801,0.932200014591217,-0.3952,-0.1608,0.7002
15.46,09-22-2026 23:26:07:855,-0.160899996757507,0.218400001525879,0.238100007176399,0.932200014591217,-0.3958,-0.1607,0.7001
15.47,09-22-2026 23:26:07:865,-0.160999998450279,0.218500003218651,0.238100007176399,0.932099997997284,-0.3956,-0.1613,0.7008
15.48,09-22-2026 23:26:07:875,-0.161100000143051,0.218500003218651,0.238000005483627,0.931999981403351,-0.3955,-0.1618,0.7019
15.49,09-22-2026 23:26:07:885,-0.161200001835823,0.218600004911423,0.238000005483627,0.931999981403351,-0.3956,-0.1632,0.7026
15.5,09-22-2026 23:26:07:895,-0.161300003528595,0.218700006604195,0.238000005483627,0.931900024414063,-0.3948,-0.1647,0.7025
15.51,09-22-2026 23:26:07:905,-0.16159999370575,0.219200000166893,0.237900003790855,0.931599974632263,-0.3923,-0.1672,0.7034
15.52,09-22-2026 23:26:07:915,-0.161699995398521,0.219300001859665,0.237900003790855,0.931599974632263,-0.3915,-0.1674,0.7048
15.53,09-22-2026 23:26:07:925,-0.161799997091293,0.219500005245209,0.237900003790855,0.931500017642975,-0.3919,-0.1672,0.7059
15.54,09-22-2026 23:26:07:935,-0.161899998784065,0.219600006937981,0.237900003790855,0.931500017642975,-0.3927,-0.1666,0.7063
15.55,09-22-2026 23:26:07:945,-0.161899998784065,0.219799995422363,0.238000005483627,0.931400001049042,-0.3932,-0.1665,0.7076
15.56,09-22-2026 23:26:07:955,-0.161899998784065,0.219999998807907,0.238000005483627,0.931400001049042,-0.3935,-0.1665,0.7075
15.57,09-22-2026 23:26:07:965,-0.162000000476837,0.220100000500679,0.238100007176399,0.931299984455109,-0.3931,-0.1666,0.7066
15.58,09-22-2026 23:26:07:975,-0.162000000476837,0.220300003886223,0.238100007176399,0.931299984455109,-0.3931,-0.1666,0.7057
15.59,09-22-2026 23:26:07:985,-0.162100002169609,0.220400005578995,0.23819999396801,0.93120002746582,-0.3927,-0.1676,0.7051
15.6,09-22-2026 23:26:07:995,-0.162100002169609,0.220500007271767,0.238299995660782,0.93120002746582,-0.3934,-0.1679,0.7042
15.61,09-22-2026 23:26:08:005,-0.162200003862381,0.221000000834465,0.238600000739098,0.93120002746582,-0.3956,-0.1653,0.7028
15.62,09-22-2026 23:26:08:015,-0.162200003862381,0.221100002527237,0.23870000243187,0.931100010871887,-0.3956,-0.1649,0.7022
15.63,09-22-2026 23:26:08:025,-0.162200003862381,0.221200004220009,0.238800004124641,0.931100010871887,-0.3956,-0.1649,0.702
15.64,09-22-2026 23:26:08:035,-0.162200003862381,0.221300005912781,0.238900005817413,0.931100010871887,-0.3949,-0.1647,0.7021
15.65,09-22-2026 23:26:08:045,-0.162200003862381,0.221399992704391,0.238900005817413,0.931100010871887,-0.3935,-0.1646,0.7013
15.66,09-22-2026 23:26:08:055,-0.162200003862381,0.221399992704391,0.238999992609024,0.931100010871887,-0.3931,-0.1645,0.701
15.67,09-22-2026 23:26:08:065,-0.162300005555153,0.221499994397163,0.239099994301796,0.931100010871887,-0.3932,-0.1643,0.7014
15.68,09-22-2026 23:26:08:075,-0.162300005555153,0.221599996089935,0.239199995994568,0.931100010871887,-0.3926,-0.1641,0.7014
15.69,09-22-2026 23:26:08:085,-0.162300005555153,0.221599996089935,0.23929999768734,0.931100010871887,-0.3924,-0.1638,0.7002
15.7,09-22-2026 23:26:08:095,-0.162300005555153,0.221699997782707,0.23929999768734,0.931100010871887,-0.3927,-0.1634,0.7002
15.71,09-22-2026 23:26:08:105,-0.162300005555153,0.221699997782707,0.239500001072884,0.931100010871887,-0.3935,-0.163,0.6988
15.72,09-22-2026 23:26:08:115,-0.162300005555153,0.221699997782707,0.239500001072884,0.931100010871887,-0.3937,-0.1628,0.6987
15.73,09-22-2026 23:26:08:125,-0.162300005555153,0.221699997782707,0.239500001072884,0.931100010871887,-0.3933,-0.1621,0.6983
15.74,09-22-2026 23:26:08:135,-0.162200003862381,0.221699997782707,0.239500001072884,0.931100010871887,-0.3936,-0.1608,0.6981
15.75,09-22-2026 23:26:08:145,-0.162200003862381,0.221699997782707,0.239500001072884,0.93120002746582,-0.393,-0.1609,0.6982
15.76,09-22-2026 23:26:08:155,-0.162200003862381,0.221699997782707,0.239500001072884,0.93120002746582,-0.3942,-0.1605,0.6996
15.77,09-22-2026 23:26:08:165,-0.162200003862381,0.221699997782707,0.239500001072884,0.93120002746582,-0.3942,-0.1604,0.7017
15.78,09-22-2026 23:26:08:175,-0.162200003862381,0.221699997782707,0.239500001072884,0.93120002746582,-0.3939,-0.1611,0.7007
15.79,09-22-2026 23:26:08:185,-0.162200003862381,0.221699997782707,0.239500001072884,0.93120002746582,-0.3944,-0.1603,0.7004
15.8,09-22-2026 23:26:08:195,-0.162200003862381,0.221699997782707,0.239500001072884,0.93120002746582,-0.3954,-0.1601,0.7019
15.81,09-22-2026 23:26:08:205,-0.162200003862381,0.221699997782707,0.239500001072884,0.93120002746582,-0.3969,-0.1598,0.6996
15.82,09-22-2026 23:26:08:215,-0.162200003862381,0.221799999475479,0.239399999380112,0.93120002746582,-0.3972,-0.1594,0.6977
15.83,09-22-2026 23:26:08:225,-0.162200003862381,0.221799999475479,0.239399999380112,0.93120002746582,-0.3973,-0.1589,0.6962
15.84,09-22-2026 23:26:08:235,-0.162200003862381,0.221799999475479,0.23929999768734,0.93120002746582,-0.399,-0.1584,0.6959
15.85,09-22-2026 23:26:08:245,-0.162200003862381,0.221799999475479,0.23929999768734,0.931299984455109,-0.4006,-0.1583,0.696
15.86,09-22-2026 23:26:08:255,-0.162100002169609,0.221900001168251,0.239199995994568,0.931299984455109,-0.4018,-0.1581,0.6969
15.87,09-22-2026 23:26:08:265,-0.162100002169609,0.221900001168251,0.239199995994568,0.931299984455109,-0.4024,-0.1585,0.6974
15.88,09-22-2026 23:26:08:275,-0.162100002169609,0.221900001168251,0.239099994301796,0.931299984455109,-0.4024,-0.1594,0.698
15.89,09-22-2026 23:26:08:285,-0.162100002169609,0.221900001168251,0.239099994301796,0.931299984455109,-0.4026,-0.1595,0.6997
15.9,09-22-2026 23:26:08:295,-0.162000000476837,0.221900001168251,0.238999992609024,0.931299984455109,-0.4029,-0.1603,0.7011
15.91,09-22-2026 23:26:08:305,-0.162000000476837,0.222100004553795,0.23870000243187,0.931400001049042,-0.4056,-0.1641,0.7017
15.92,09-22-2026 23:26:08:315,-0.162000000476837,0.222100004553795,0.23870000243187,0.931400001049042,-0.4062,-0.1645,0.7006
15.93,09-22-2026 23:26:08:325,-0.162000000476837,0.222200006246567,0.238600000739098,0.931400001049042,-0.4063,-0.1655,0.7
15.94,09-22-2026 23:26:08:335,-0.162000000476837,0.222299993038177,0.238600000739098,0.931500017642975,-0.4063,-0.1654,0.7001
15.95,09-22-2026 23:26:08:345,-0.162000000476837,0.222299993038177,0.238499999046326,0.931500017642975,-0.4062,-0.1662,0.6992
15.96,09-22-2026 23:26:08:355,-0.162000000476837,0.222399994730949,0.238499999046326,0.931500017642975,-0.4062,-0.1661,0.6995
15.97,09-22-2026 23:26:08:365,-0.162100002169609,0.222399994730949,0.238399997353554,0.931500017642975,-0.4057,-0.167,0.7
15.98,09-22-2026 23:26:08:375,-0.162100002169609,0.222399994730949,0.238399997353554,0.931500017642975,-0.4055,-0.1673,0.6991
15.99,09-22-2026 23:26:08:385,-0.162100002169609,0.222399994730949,0.238299995660782,0.931500017642975,-0.4049,-0.1676,0.6987
16,09-22-2026 23:26:08:395,-0.162000000476837,0.222399994730949,0.238299995660782,0.931400001049042,-0.4053,-0.168,0.6986
16.01,09-22-2026 23:26:08:405,-0.162000000476837,0.222299993038177,0.238000005483627,0.931400001049042,-0.4053,-0.1677,0.6991
16.02,09-22-2026 23:26:08:415,-0.161899998784065,0.222299993038177,0.238000005483627,0.931400001049042,-0.4053,-0.1681,0.6982
16.03,09-22-2026 23:26:08:425,-0.161899998784065,0.222299993038177,0.237900003790855,0.931400001049042,-0.4046,-0.1681,0.6977
16.04,09-22-2026 23:26:08:435,-0.161899998784065,0.222299993038177,0.237800002098083,0.931400001049042,-0.4041,-0.1683,0.6974
16.05,09-22-2026 23:26:08:445,-0.161899998784065,0.222299993038177,0.237800002098083,0.931299984455109,-0.404,-0.1685,0.6972
16.06,09-22-2026 23:26:08:455,-0.161899998784065,0.222299993038177,0.237800002098083,0.931299984455109,-0.404,-0.1689,0.6979
16.07,09-22-2026 23:26:08:465,-0.161899998784065,0.222299993038177,0.237800002098083,0.931299984455109,-0.4055,-0.1683,0.6985
16.08,09-22-2026 23:26:08:475,-0.161899998784065,0.222299993038177,0.237800002098083,0.931299984455109,-0.4055,-0.1678,0.6982
16.09,09-22-2026 23:26:08:485,-0.161899998784065,0.222299993038177,0.237800002098083,0.931299984455109,-0.4048,-0.1678,0.6977
16.1,09-22-2026 23:26:08:495,-0.161899998784065,0.222299993038177,0.237800002098083,0.931299984455109,-0.4046,-0.1675,0.6978
16.11,09-22-2026 23:26:08:505,-0.161899998784065,0.222599998116493,0.237900003790855,0.931299984455109,-0.4022,-0.1695,0.6959
16.12,09-22-2026 23:26:08:515,-0.161899998784065,0.222599998116493,0.237900003790855,0.931299984455109,-0.4024,-0.1692,0.6962
16.13,09-22-2026 23:26:08:525,-0.161899998784065,0.222699999809265,0.237900003790855,0.931299984455109,-0.4025,-0.1683,0.6955
16.14,09-22-2026 23:26:08:535,-0.161899998784065,0.222800001502037,0.237900003790855,0.931299984455109,-0.4027,-0.1674,0.695
16.15,09-22-2026 23:26:08:545,-0.161899998784065,0.222800001502037,0.237900003790855,0.931299984455109,-0.4021,-0.1676,0.6948
16.16,09-22-2026 23:26:08:555,-0.161899998784065,0.222800001502037,0.237900003790855,0.931299984455109,-0.4021,-0.167,0.6945
16.17,09-22-2026 23:26:08:565,-0.162000000476837,0.222800001502037,0.237900003790855,0.931299984455109,-0.4025,-0.1666,0.6941
16.18,09-22-2026 23:26:08:575,-0.162000000476837,0.222800001502037,0.237900003790855,0.931400001049042,-0.4033,-0.1663,0.6945
16.19,09-22-2026 23:26:08:585,-0.162000000476837,0.222800001502037,0.237900003790855,0.931400001049042,-0.4032,-0.1664,0.6944
16.2,09-22-2026 23:26:08:595,-0.162100002169609,0.222800001502037,0.237900003790855,0.931400001049042,-0.4038,-0.1658,0.6933
16.21,09-22-2026 23:26:08:605,-0.162300005555153,0.222800001502037,0.237900003790855,0.931500017642975,-0.4054,-0.1662,0.6961
16.22,09-22-2026 23:26:08:615,-0.162499994039536,0.222800001502037,0.237900003790855,0.931500017642975,-0.4054,-0.1654,0.6974
16.23,09-22-2026 23:26:08:625,-0.162599995732307,0.222800001502037,0.237900003790855,0.931500017642975,-0.4041,-0.1654,0.6976
16.24,09-22-2026 23:26:08:635,-0.162699997425079,0.222800001502037,0.237900003790855,0.931599974632263,-0.4034,-0.1656,0.6981
16.25,09-22-2026 23:26:08:645,-0.162900000810623,0.222800001502037,0.237900003790855,0.931599974632263,-0.403,-0.1658,0.6984
16.26,09-22-2026 23:26:08:655,-0.163000002503395,0.222800001502037,0.237900003790855,0.931599974632263,-0.4021,-0.1654,0.6977
16.27,09-22-2026 23:26:08:665,-0.163200005888939,0.222800001502037,0.237900003790855,0.931599974632263,-0.4018,-0.1654,0.6987
16.28,09-22-2026 23:26:08:675,-0.16329999268055,0.222800001502037,0.237800002098083,0.931599974632263,-0.4019,-0.165,0.6982
16.29,09-22-2026 23:26:08:685,-0.163499996066093,0.222800001502037,0.237700000405312,0.931599974632263,-0.4014,-0.1654,0.6975
16.3,09-22-2026 23:26:08:695,-0.163599997758865,0.222699999809265,0.237700000405312,0.931599974632263,-0.4018,-0.1655,0.6971
16.31,09-22-2026 23:26:08:705,-0.164000004529953,0.222499996423721,0.237299993634224,0.931599974632263,-0.4017,-0.1641,0.6965
16.32,09-22-2026 23:26:08:715,-0.164100006222725,0.222399994730949,0.237200006842613,0.931599974632263,-0.4025,-0.1642,0.6972
16.33,09-22-2026 23:26:08:725,-0.164199993014336,0.222399994730949,0.237100005149841,0.931599974632263,-0.4027,-0.1637,0.698
16.34,09-22-2026 23:26:08:735,-0.164299994707108,0.222299993038177,0.236900001764297,0.931599974632263,-0.4029,-0.1637,0.697
16.35,09-22-2026 23:26:08:745,-0.164399996399879,0.222200006246567,0.236800000071526,0.931599974632263,-0.4032,-0.1628,0.6967
16.36,09-22-2026 23:26:08:755,-0.164499998092651,0.222200006246567,0.236699998378754,0.931500017642975,-0.4038,-0.1624,0.6969
16.37,09-22-2026 23:26:08:765,-0.164599999785423,0.222100004553795,0.236599996685982,0.931500017642975,-0.4043,-0.1622,0.6972
16.38,09-22-2026 23:26:08:775,-0.164599999785423,0.222000002861023,0.23649999499321,0.931500017642975,-0.405,-0.1617,0.6969
16.39,09-22-2026 23:26:08:785,-0.164700001478195,0.222000002861023,0.236399993300438,0.931500017642975,-0.4052,-0.1614,0.6976
16.4,09-22-2026 23:26:08:795,-0.164800003170967,0.222000002861023,0.236399993300438,0.931500017642975,-0.4053,-0.1615,0.6985
16.41,09-22-2026 23:26:08:805,-0.165000006556511,0.221900001168251,0.236200004816055,0.931400001049042,-0.4044,-0.1617,0.6999
16.42,09-22-2026 23:26:08:815,-0.165000006556511,0.221900001168251,0.236200004816055,0.931400001049042,-0.4034,-0.162,0.6991
16.43,09-22-2026 23:26:08:825,-0.165000006556511,0.221900001168251,0.236200004816055,0.931400001049042,-0.4035,-0.1617,0.6984
16.44,09-22-2026 23:26:08:835,-0.165000006556511,0.221900001168251,0.236200004816055,0.931400001049042,-0.4031,-0.1619,0.6978
16.45,09-22-2026 23:26:08:845,-0.165000006556511,0.221900001168251,0.236200004816055,0.931400001049042,-0.403,-0.1613,0.6969
16.46,09-22-2026 23:26:08:855,-0.165000006556511,0.221900001168251,0.236200004816055,0.931400001049042,-0.4033,-0.1612,0.6961
16.47,09-22-2026 23:26:08:865,-0.165000006556511,0.221900001168251,0.236200004816055,0.931400001049042,-0.4044,-0.1613,0.6958
16.48,09-22-2026 23:26:08:875,-0.165099993348122,0.221900001168251,0.236200004816055,0.931400001049042,-0.4044,-0.1611,0.6954
16.49,09-22-2026 23:26:08:885,-0.165199995040894,0.221900001168251,0.236300006508827,0.931400001049042,-0.4041,-0.1615,0.6944
16.5,09-22-2026 23:26:08:895,-0.165199995040894,0.221799999475479,0.236300006508827,0.931400001049042,-0.4045,-0.1615,0.695
16.51,09-22-2026 23:26:08:905,-0.165700003504753,0.221799999475479,0.236399993300438,0.931400001049042,-0.4053,-0.1624,0.6958
16.52,09-22-2026 23:26:08:915,-0.165800005197525,0.221799999475479,0.236399993300438,0.931400001049042,-0.4047,-0.1623,0.696
16.53,09-22-2026 23:26:08:925,-0.165900006890297,0.221799999475479,0.236399993300438,0.931400001049042,-0.4041,-0.1627,0.6965
16.54,09-22-2026 23:26:08:935,-0.16609999537468,0.221699997782707,0.236399993300438,0.931400001049042,-0.403,-0.1632,0.6959
16.55,09-22-2026 23:26:08:945,-0.166199997067451,0.221699997782707,0.236399993300438,0.931500017642975,-0.403,-0.1631,0.6956
16.56,09-22-2026 23:26:08:955,-0.166299998760223,0.221699997782707,0.236399993300438,0.931500017642975,-0.4026,-0.163,0.6954
16.57,09-22-2026 23:26:08:965,-0.166400000452995,0.221699997782707,0.236399993300438,0.931500017642975,-0.4022,-0.1628,0.6952
16.58,09-22-2026 23:26:08:975,-0.166400000452995,0.221699997782707,0.236399993300438,0.931599974632263,-0.4021,-0.1627,0.6955
16.59,09-22-2026 23:26:08:985,-0.166500002145767,0.221699997782707,0.236300006508827,0.931599974632263,-0.4016,-0.1625,0.6952
16.6,09-22-2026 23:26:08:995,-0.166500002145767,0.221599996089935,0.236300006508827,0.931599974632263,-0.4016,-0.1621,0.6944
16.61,09-22-2026 23:26:09:005,-0.166600003838539,0.221599996089935,0.236100003123283,0.931699991226196,-0.4015,-0.1604,0.692
16.62,09-22-2026 23:26:09:015,-0.166600003838539,0.221599996089935,0.236000001430511,0.931800007820129,-0.4026,-0.161,0.6907
16.63,09-22-2026 23:26:09:025,-0.166600003838539,0.221499994397163,0.23589999973774,0.931800007820129,-0.4037,-0.1615,0.6899
16.64,09-22-2026 23:26:09:035,-0.166600003838539,0.221499994397163,0.235799998044968,0.931800007820129,-0.4042,-0.1616,0.6906
16.65,09-22-2026 23:26:09:045,-0.166600003838539,0.221499994397163,0.235699996352196,0.931800007820129,-0.4049,-0.1619,0.6924
16.66,09-22-2026 23:26:09:055,-0.166500002145767,0.221399992704391,0.235599994659424,0.931800007820129,-0.4066,-0.1626,0.6929
16.67,09-22-2026 23:26:09:065,-0.166500002145767,0.221300005912781,0.235499992966652,0.931900024414063,-0.408,-0.1623,0.6934
16.68,09-22-2026 23:26:09:075,-0.166500002145767,0.221300005912781,0.235400006175041,0.931900024414063,-0.4091,-0.1631,0.6942
16.69,09-22-2026 23:26:09:085,-0.166500002145767,0.221200004220009,0.235300004482269,0.931900024414063,-0.4094,-0.1637,0.6946
16.7,09-22-2026 23:26:09:095,-0.166400000452995,0.221100002527237,0.235200002789497,0.931900024414063,-0.4103,-0.1644,0.6951
16.71,09-22-2026 23:26:09:105,-0.166299998760223,0.220899999141693,0.234899997711182,0.931999981403351,-0.4104,-0.1678,0.6985
16.72,09-22-2026 23:26:09:115,-0.166299998760223,0.220799997448921,0.234899997711182,0.931999981403351,-0.41,-0.1686,0.6987
16.73,09-22-2026 23:26:09:125,-0.166199997067451,0.220699995756149,0.234899997711182,0.931999981403351,-0.4093,-0.169,0.6992
16.74,09-22-2026 23:26:09:135,-0.16609999537468,0.220599994063377,0.234899997711182,0.932099997997284,-0.4086,-0.1696,0.6989
16.75,09-22-2026 23:26:09:145,-0.165999993681908,0.220500007271767,0.234899997711182,0.932099997997284,-0.4077,-0.1701,0.6989
16.76,09-22-2026 23:26:09:155,-0.165999993681908,0.220500007271767,0.234899997711182,0.932099997997284,-0.4078,-0.1704,0.699
16.77,09-22-2026 23:26:09:165,-0.165900006890297,0.220400005578995,0.234899997711182,0.932099997997284,-0.4075,-0.1705,0.699
16.78,09-22-2026 23:26:09:175,-0.165800005197525,0.220300003886223,0.234899997711182,0.932200014591217,-0.4076,-0.1711,0.6993
16.79,09-22-2026 23:26:09:185,-0.165700003504753,0.220300003886223,0.234899997711182,0.932200014591217,-0.407,-0.1724,0.6994
16.8,09-22-2026 23:26:09:195,-0.165700003504753,0.220200002193451,0.234999999403954,0.932200014591217,-0.4066,-0.173,0.6988
16.81,09-22-2026 23:26:09:205,-0.165600001811981,0.219999998807907,0.234999999403954,0.932200014591217,-0.4039,-0.1735,0.6989
16.82,09-22-2026 23:26:09:215,-0.165600001811981,0.219899997115135,0.234999999403954,0.932099997997284,-0.4035,-0.1729,0.698
16.83,09-22-2026 23:26:09:225,-0.165700003504753,0.219799995422363,0.234999999403954,0.932099997997284,-0.4027,-0.1719,0.6966
16.84,09-22-2026 23:26:09:235,-0.165700003504753,0.219799995422363,0.234999999403954,0.932099997997284,-0.4026,-0.1707,0.6963
16.85,09-22-2026 23:26:09:245,-0.165800005197525,0.219699993729591,0.234999999403954,0.932099997997284,-0.402,-0.1706,0.6953
16.86,09-22-2026 23:26:09:255,-0.165900006890297,0.219600006937981,0.234999999403954,0.932099997997284,-0.4012,-0.1702,0.6954
16.87,09-22-2026 23:26:09:265,-0.165999993681908,0.219500005245209,0.235100001096725,0.932099997997284,-0.4004,-0.1699,0.6952
16.88,09-22-2026 23:26:09:275,-0.165999993681908,0.219400003552437,0.235100001096725,0.932099997997284,-0.3998,-0.1707,0.6928
16.89,09-22-2026 23:26:09:285,-0.16609999537468,0.219300001859665,0.235200002789497,0.932099997997284,-0.3992,-0.1711,0.6909
16.9,09-22-2026 23:26:09:295,-0.166199997067451,0.219300001859665,0.235200002789497,0.932099997997284,-0.3986,-0.1706,0.6899
16.91,09-22-2026 23:26:09:305,-0.166400000452995,0.219099998474121,0.235599994659424,0.932099997997284,-0.4013,-0.1689,0.6919
16.92,09-22-2026 23:26:09:315,-0.166400000452995,0.219099998474121,0.235699996352196,0.932099997997284,-0.4012,-0.1701,0.6928
16.93,09-22-2026 23:26:09:325,-0.166500002145767,0.219099998474121,0.235699996352196,0.932099997997284,-0.4009,-0.1707,0.6958
16.94,09-22-2026 23:26:09:335,-0.166600003838539,0.218999996781349,0.235799998044968,0.932099997997284,-0.3997,-0.1715,0.6982
16.95,09-22-2026 23:26:09:345,-0.166700005531311,0.218999996781349,0.235799998044968,0.932099997997284,-0.3967,-0.1733,0.6979
16.96,09-22-2026 23:26:09:355,-0.166800007224083,0.218899995088577,0.23589999973774,0.932099997997284,-0.3962,-0.1734,0.6999
16.97,09-22-2026 23:26:09:365,-0.166899994015694,0.218899995088577,0.23589999973774,0.932099997997284,-0.4008,-0.1693,0.701
16.98,09-22-2026 23:26:09:375,-0.166999995708466,0.218799993395805,0.23589999973774,0.932099997997284,-0.4035,-0.1688,0.7015
16.99,09-22-2026 23:26:09:385,-0.167099997401237,0.218700006604195,0.23589999973774,0.932099997997284,-0.4034,-0.1696,0.7004
17,09-22-2026 23:26:09:395,-0.167199999094009,0.218600004911423,0.23589999973774,0.932099997997284,-0.4038,-0.1699,0.7013
17.01,09-22-2026 23:26:09:405,-0.167400002479553,0.218299999833107,0.23589999973774,0.931999981403351,-0.4076,-0.1711,0.6995
17.02,09-22-2026 23:26:09:415,-0.167400002479553,0.218299999833107,0.235799998044968,0.931900024414063,-0.4094,-0.1712,0.7026
17.03,09-22-2026 23:26:09:425,-0.167400002479553,0.218199998140335,0.235799998044968,0.931900024414063,-0.4098,-0.1724,0.7007
17.04,09-22-2026 23:26:09:435,-0.167500004172325,0.218099996447563,0.235799998044968,0.931999981403351,-0.4092,-0.1733,0.6977
17.05,09-22-2026 23:26:09:445,-0.167500004172325,0.218099996447563,0.235799998044968,0.931999981403351,-0.4094,-0.1741,0.6985
17.06,09-22-2026 23:26:09:455,-0.167500004172325,0.218099996447563,0.235799998044968,0.931999981403351,-0.4086,-0.1755,0.6994
17.07,09-22-2026 23:26:09:465,-0.167500004172325,0.217999994754791,0.235799998044968,0.931999981403351,-0.4074,-0.1763,0.6984
17.08,09-22-2026 23:26:09:475,-0.167500004172325,0.217999994754791,0.23589999973774,0.931999981403351,-0.4051,-0.1773,0.6966
17.09,09-22-2026 23:26:09:485,-0.167400002479553,0.217999994754791,0.23589999973774,0.932099997997284,-0.4038,-0.1783,0.697
17.1,09-22-2026 23:26:09:495,-0.167400002479553,0.217999994754791,0.236000001430511,0.932099997997284,-0.4022,-0.1783,0.6989
17.11,09-22-2026 23:26:09:505,-0.167199999094009,0.217899993062019,0.236200004816055,0.932299971580505,-0.3999,-0.1749,0.7025
17.12,09-22-2026 23:26:09:515,-0.167099997401237,0.217899993062019,0.236200004816055,0.932399988174438,-0.3998,-0.174,0.7021
17.13,09-22-2026 23:26:09:525,-0.167099997401237,0.217899993062019,0.236200004816055,0.932399988174438,-0.3999,-0.1732,0.701
17.14,09-22-2026 23:26:09:535,-0.167099997401237,0.217899993062019,0.236200004816055,0.932399988174438,-0.3996,-0.1721,0.7007
17.15,09-22-2026 23:26:09:545,-0.167099997401237,0.217899993062019,0.236200004816055,0.932500004768372,-0.3995,-0.1713,0.6996
17.16,09-22-2026 23:26:09:555,-0.167099997401237,0.217800006270409,0.236200004816055,0.932500004768372,-0.3994,-0.1709,0.6978
17.17,09-22-2026 23:26:09:565,-0.167199999094009,0.217800006270409,0.236100003123283,0.932500004768372,-0.3999,-0.1706,0.6953
17.18,09-22-2026 23:26:09:575,-0.167199999094009,0.217800006270409,0.236000001430511,0.932500004768372,-0.4002,-0.17,0.6938
17.19,09-22-2026 23:26:09:585,-0.167300000786781,0.217700004577637,0.23589999973774,0.932500004768372,-0.4004,-0.1692,0.6918
17.2,09-22-2026 23:26:09:595,-0.167400002479553,0.217700004577637,0.235799998044968,0.932500004768372,-0.4009,-0.1685,0.69
17.21,09-22-2026 23:26:09:605,-0.16779999434948,0.217500001192093,0.235400006175041,0.932500004768372,-0.397,-0.1705,0.6896
17.22,09-22-2026 23:26:09:615,-0.167899996042252,0.217399999499321,0.235300004482269,0.932500004768372,-0.3943,-0.1704,0.6904
17.23,09-22-2026 23:26:09:625,-0.167999997735023,0.217399999499321,0.235200002789497,0.932500004768372,-0.3922,-0.1711,0.6913
17.24,09-22-2026 23:26:09:635,-0.168099999427795,0.217299997806549,0.235100001096725,0.932500004768372,-0.3905,-0.1697,0.6932
17.25,09-22-2026 23:26:09:645,-0.168200001120567,0.217199996113777,0.234999999403954,0.932500004768372,-0.3899,-0.1688,0.6961
17.26,09-22-2026 23:26:09:655,-0.168300002813339,0.216999992728233,0.234999999403954,0.932500004768372,-0.3903,-0.168,0.6975
17.27,09-22-2026 23:26:09:665,-0.168400004506111,0.216999992728233,0.234999999403954,0.932500004768372,-0.3904,-0.1671,0.6984
17.28,09-22-2026 23:26:09:675,-0.168500006198883,0.216900005936623,0.235100001096725,0.932600021362305,-0.3906,-0.1667,0.6997
17.29,09-22-2026 23:26:09:685,-0.168599992990494,0.216800004243851,0.235100001096725,0.932600021362305,-0.3909,-0.167,0.7008
17.3,09-22-2026 23:26:09:695,-0.168699994683266,0.216700002551079,0.235100001096725,0.932600021362305,-0.3905,-0.1677,0.701
17.31,09-22-2026 23:26:09:705,-0.168799996376038,0.216600000858307,0.235100001096725,0.932600021362305,-0.3943,-0.1665,0.6972
17.32,09-22-2026 23:26:09:715,-0.16889999806881,0.216499999165535,0.235100001096725,0.932600021362305,-0.3972,-0.1665,0.6945
17.33,09-22-2026 23:26:09:725,-0.16889999806881,0.216499999165535,0.235100001096725,0.932500004768372,-0.4006,-0.1664,0.6925
17.34,09-22-2026 23:26:09:735,-0.16889999806881,0.216399997472763,0.235100001096725,0.932500004768372,-0.4032,-0.1669,0.6944
17.35,09-22-2026 23:26:09:745,-0.168799996376038,0.216199994087219,0.234999999403954,0.932500004768372,-0.4038,-0.1683,0.6959
17.36,09-22-2026 23:26:09:755,-0.168799996376038,0.216100007295609,0.234999999403954,0.932500004768372,-0.4036,-0.1708,0.6948
17.37,09-22-2026 23:26:09:765,-0.168799996376038,0.216000005602837,0.234999999403954,0.932500004768372,-0.4048,-0.1733,0.6972
17.38,09-22-2026 23:26:09:775,-0.168699994683266,0.215900003910065,0.234999999403954,0.932500004768372,-0.4059,-0.175,0.701
17.39,09-22-2026 23:26:09:785,-0.168599992990494,0.215700000524521,0.234999999403954,0.932600021362305,-0.4068,-0.177,0.7023
17.4,09-22-2026 23:26:09:795,-0.168500006198883,0.215599998831749,0.234999999403954,0.932600021362305,-0.407,-0.1783,0.7023
17.41,09-22-2026 23:26:09:805,-0.168099999427795,0.215200006961823,0.235200002789497,0.932799994945526,-0.4032,-0.1866,0.7014
17.42,09-22-2026 23:26:09:815,-0.167999997735023,0.215200006961823,0.235300004482269,0.932799994945526,-0.402,-0.1873,0.7019
17.43,09-22-2026 23:26:09:825,-0.16779999434948,0.215100005269051,0.235400006175041,0.932900011539459,-0.4002,-0.188,0.7027
17.44,09-22-2026 23:26:09:835,-0.167699992656708,0.215100005269051,0.235400006175041,0.932900011539459,-0.3974,-0.189,0.7024
17.45,09-22-2026 23:26:09:845,-0.167600005865097,0.215100005269051,0.235499992966652,0.933000028133392,-0.3962,-0.1883,0.7032
17.46,09-22-2026 23:26:09:855,-0.167500004172325,0.215000003576279,0.235599994659424,0.933000028133392,-0.3934,-0.1872,0.7032
17.47,09-22-2026 23:26:09:865,-0.167300000786781,0.215000003576279,0.235599994659424,0.933099985122681,-0.3912,-0.1861,0.7034
17.48,09-22-2026 23:26:09:875,-0.167199999094009,0.215000003576279,0.235699996352196,0.933099985122681,-0.3892,-0.1852,0.7037
17.49,09-22-2026 23:26:09:885,-0.166999995708466,0.214900001883507,0.235699996352196,0.933200001716614,-0.3882,-0.1833,0.7024
17.5,09-22-2026 23:26:09:895,-0.166899994015694,0.214900001883507,0.235699996352196,0.933200001716614,-0.3878,-0.1806,0.7011
17.51,09-22-2026 23:26:09:905,-0.166299998760223,0.214699998497963,0.235499992966652,0.933399975299835,-0.3925,-0.1717,0.6968
17.52,09-22-2026 23:26:09:915,-0.166199997067451,0.214699998497963,0.235400006175041,0.933499991893768,-0.3959,-0.1678,0.6931
17.53,09-22-2026 23:26:09:925,-0.165999993681908,0.214599996805191,0.235300004482269,0.933600008487701,-0.3994,-0.1652,0.6894
17.54,09-22-2026 23:26:09:935,-0.165900006890297,0.214599996805191,0.235200002789497,0.933700025081635,-0.4016,-0.1626,0.6882
17.55,09-22-2026 23:26:09:945,-0.165600001811981,0.214699998497963,0.235100001096725,0.933799982070923,-0.4029,-0.1631,0.687
17.56,09-22-2026 23:26:09:955,-0.165299996733665,0.214699998497963,0.234899997711182,0.934000015258789,-0.4033,-0.1646,0.6854
17.57,09-22-2026 23:26:09:965,-0.164800003170967,0.214800000190735,0.23479999601841,0.934099972248077,-0.403,-0.1664,0.6857
17.58,09-22-2026 23:26:09:975,-0.164299994707108,0.214800000190735,0.234699994325638,0.934300005435944,-0.4015,-0.1688,0.6868
17.59,09-22-2026 23:26:09:985,-0.163599997758865,0.214800000190735,0.234599992632866,0.934499979019165,-0.3996,-0.1709,0.687
17.6,09-22-2026 23:26:09:995,-0.162900000810623,0.214900001883507,0.234400004148483,0.934700012207031,-0.3971,-0.174,0.6873
17.61,09-22-2026 23:26:10:005,-0.160199999809265,0.214900001883507,0.233799993991852,0.935599982738495,-0.3957,-0.1809,0.7003
17.62,09-22-2026 23:26:10:015,-0.159600004553795,0.215000003576279,0.233600005507469,0.935800015926361,-0.3944,-0.1819,0.7025
17.63,09-22-2026 23:26:10:025,-0.159099996089935,0.215000003576279,0.233300000429153,0.936100006103516,-0.3935,-0.1826,0.7043
17.64,09-22-2026 23:26:10:035,-0.158700004220009,0.215000003576279,0.232999995350838,0.936299979686737,-0.3928,-0.1833,0.7062
17.65,09-22-2026 23:26:10:045,-0.158500000834465,0.215000003576279,0.232700005173683,0.936500012874603,-0.3929,-0.1839,0.7053
17.66,09-22-2026 23:26:10:055,-0.158199995756149,0.215000003576279,0.232400000095367,0.936699986457825,-0.3945,-0.1829,0.7034
17.67,09-22-2026 23:26:10:065,-0.158000007271767,0.215000003576279,0.232099995017052,0.936900019645691,-0.3971,-0.1819,0.7023
17.68,09-22-2026 23:26:10:075,-0.157900005578995,0.215000003576279,0.231900006532669,0.936999976634979,-0.3999,-0.1803,0.7021
17.69,09-22-2026 23:26:10:085,-0.157900005578995,0.215000003576279,0.231700003147125,0.937099993228912,-0.402,-0.1801,0.7011
17.7,09-22-2026 23:26:10:095,-0.158000007271767,0.214900001883507,0.23139999806881,0.937300026416779,-0.4039,-0.18,0.7006
17.71,09-22-2026 23:26:10:105,-0.158199995756149,0.214800000190735,0.229599997401237,0.937399983406067,-0.403,-0.1835,0.7009
17.72,09-22-2026 23:26:10:115,-0.158399999141693,0.214800000190735,0.229000002145767,0.937399983406067,-0.4008,-0.1845,0.7008
17.73,09-22-2026 23:26:10:125,-0.158600002527237,0.214800000190735,0.228400006890297,0.9375,-0.3984,-0.185,0.7024
17.74,09-22-2026 23:26:10:135,-0.158999994397163,0.214699998497963,0.227699995040894,0.9375,-0.3964,-0.1853,0.7041
17.75,09-22-2026 23:26:10:145,-0.159299999475479,0.214900001883507,0.226899996399879,0.9375,-0.3946,-0.1859,0.7059
17.76,09-22-2026 23:26:10:155,-0.159700006246567,0.215000003576279,0.226099997758865,0.9375,-0.3924,-0.186,0.7077
17.77,09-22-2026 23:26:10:165,-0.160099998116493,0.215200006961823,0.225400000810623,0.9375,-0.3898,-0.1868,0.709
17.78,09-22-2026 23:26:10:175,-0.160500004887581,0.215399995446205,0.224700003862381,0.9375,-0.3864,-0.1871,0.7098
17.79,09-22-2026 23:26:10:185,-0.160899996757507,0.215599998831749,0.224000006914139,0.9375,-0.3842,-0.1863,0.7079
17.8,09-22-2026 23:26:10:195,-0.161300003528595,0.215800002217293,0.223299995064735,0.937600016593933,-0.3824,-0.1844,0.707
17.81,09-22-2026 23:26:10:205,-0.162699997425079,0.216499999165535,0.221799999475479,0.937699973583221,-0.3773,-0.1773,0.7024
17.82,09-22-2026 23:26:10:215,-0.163000002503395,0.216700002551079,0.221399992704391,0.937699973583221,-0.376,-0.175,0.7012
17.83,09-22-2026 23:26:10:225,-0.163399994373322,0.216900005936623,0.220899999141693,0.937799990177155,-0.3771,-0.1739,0.7012
17.84,09-22-2026 23:26:10:235,-0.163800001144409,0.217199996113777,0.220400005578995,0.937799990177155,-0.3774,-0.1724,0.7014
17.85,09-22-2026 23:26:10:245,-0.164100006222725,0.217500001192093,0.219799995422363,0.937799990177155,-0.3799,-0.1696,0.7008
17.86,09-22-2026 23:26:10:255,-0.164499998092651,0.217700004577637,0.219300001859665,0.937799990177155,-0.3814,-0.1674,0.7023
17.87,09-22-2026 23:26:10:265,-0.164900004863739,0.217899993062019,0.218700006604195,0.937900006771088,-0.3824,-0.1667,0.7031
17.88,09-22-2026 23:26:10:275,-0.165399998426437,0.218299999833107,0.217999994754791,0.937900006771088,-0.3825,-0.1666,0.7021
17.89,09-22-2026 23:26:10:285,-0.165800005197525,0.218600004911423,0.217299997806549,0.937900006771088,-0.3824,-0.1666,0.7027
17.9,09-22-2026 23:26:10:295,-0.166199997067451,0.218799993395805,0.216600000858307,0.937900006771088,-0.3809,-0.1678,0.7029
17.91,09-22-2026 23:26:10:305,-0.167699992656708,0.219799995422363,0.214000001549721,0.937900006771088,-0.3772,-0.1713,0.7085
17.92,09-22-2026 23:26:10:315,-0.167999997735023,0.219899997115135,0.21340000629425,0.937900006771088,-0.3778,-0.1723,0.7109
17.93,09-22-2026 23:26:10:325,-0.168400004506111,0.220100000500679,0.212799996137619,0.937900006771088,-0.3784,-0.1743,0.7157
17.94,09-22-2026 23:26:10:335,-0.168699994683266,0.220300003886223,0.212200000882149,0.937900006771088,-0.3796,-0.1759,0.7221
17.95,09-22-2026 23:26:10:345,-0.168999999761581,0.220500007271767,0.21170000731945,0.937900006771088,-0.3826,-0.1759,0.7281
17.96,09-22-2026 23:26:10:355,-0.169300004839897,0.220699995756149,0.211099997162819,0.937900006771088,-0.3898,-0.1739,0.7333
17.97,09-22-2026 23:26:10:365,-0.169699996709824,0.220899999141693,0.210500001907349,0.937900006771088,-0.3976,-0.1701,0.7417
17.98,09-22-2026 23:26:10:375,-0.170100003480911,0.221100002527237,0.209800004959106,0.937900006771088,-0.4024,-0.1695,0.7477
17.99,09-22-2026 23:26:10:385,-0.170399993658066,0.221399992704391,0.209199994802475,0.937900006771088,-0.3847,-0.1837,0.7465
18,09-22-2026 23:26:10:395,-0.170800000429153,0.221599996089935,0.208499997854233,0.937900006771088,-0.3769,-0.1845,0.7281
18.01,09-22-2026 23:26:10:405,-0.172000005841255,0.222599998116493,0.20610000193119,0.937900006771088,-0.3512,-0.1819,0.7016
18.02,09-22-2026 23:26:10:415,-0.172199994325638,0.222900003194809,0.205599993467331,0.937799990177155,-0.3504,-0.1787,0.7064
18.03,09-22-2026 23:26:10:425,-0.172399997711182,0.223100006580353,0.205099999904633,0.937799990177155,-0.3532,-0.1759,0.6986
18.04,09-22-2026 23:26:10:435,-0.172600001096725,0.223299995064735,0.204600006341934,0.937799990177155,-0.3444,-0.1807,0.6836
18.05,09-22-2026 23:26:10:445,-0.172800004482269,0.223499998450279,0.204099997878075,0.937699973583221,-0.3544,-0.1663,0.6794
18.06,09-22-2026 23:26:10:455,-0.173099994659424,0.223600000143051,0.203700006008148,0.937600016593933,-0.3704,-0.1503,0.6977
18.07,09-22-2026 23:26:10:465,-0.173500001430511,0.223800003528595,0.203199997544289,0.9375,-0.3696,-0.1503,0.683
18.08,09-22-2026 23:26:10:475,-0.17399999499321,0.224000006914139,0.20270000398159,0.937399983406067,-0.3688,-0.1495,0.6725
18.09,09-22-2026 23:26:10:485,-0.174799993634224,0.224199995398521,0.202199995517731,0.937300026416779,-0.3776,-0.1419,0.6851
18.1,09-22-2026 23:26:10:495,-0.175600007176399,0.224399998784065,0.201700001955032,0.937099993228912,-0.3864,-0.1371,0.692
18.11,09-22-2026 23:26:10:505,-0.179000005125999,0.225299999117851,0.199799999594688,0.936500012874603,-0.3832,-0.1443,0.6816
18.12,09-22-2026 23:26:10:515,-0.179399996995926,0.225700005888939,0.19930000603199,0.93639999628067,-0.379,-0.1511,0.6832
18.13,09-22-2026 23:26:10:525,-0.179800003767014,0.225999996066093,0.19879999756813,0.93639999628067,-0.3607,-0.1627,0.6696
18.14,09-22-2026 23:26:10:535,-0.180000007152557,0.226500004529953,0.198400005698204,0.93639999628067,-0.3664,-0.1675,0.68
18.15,09-22-2026 23:26:10:545,-0.18019999563694,0.226999998092651,0.197899997234344,0.936299979686737,-0.3757,-0.1675,0.7028
18.16,09-22-2026 23:26:10:555,-0.180299997329712,0.227500006556511,0.197400003671646,0.936299979686737,-0.3649,-0.1763,0.6944
18.17,09-22-2026 23:26:10:565,-0.180500000715256,0.228100001811981,0.196899995207787,0.936299979686737,-0.3595,-0.1827,0.6868
18.18,09-22-2026 23:26:10:575,-0.180600002408028,0.228699997067451,0.196299999952316,0.936299979686737,-0.3718,-0.1787,0.698
18.19,09-22-2026 23:26:10:585,-0.1807000041008,0.229399994015694,0.195600003004074,0.936299979686737,-0.3835,-0.1759,0.714
18.2,09-22-2026 23:26:10:595,-0.180800005793571,0.230100005865097,0.194700002670288,0.936299979686737,-0.3883,-0.1771,0.7148
18.21,09-22-2026 23:26:10:605,-0.181099995970726,0.232999995350838,0.190999999642372,0.936200022697449,-0.4022,-0.1805,0.7047
18.22,09-22-2026 23:26:10:615,-0.181099995970726,0.233500003814697,0.19030000269413,0.936200022697449,-0.4035,-0.1833,0.7027
18.23,09-22-2026 23:26:10:625,-0.18129999935627,0.233999997377396,0.189500004053116,0.936100006103516,-0.4037,-0.1867,0.7013
18.24,09-22-2026 23:26:10:635,-0.181400001049042,0.234500005841255,0.188899993896484,0.936100006103516,-0.4053,-0.1891,0.6985
18.25,09-22-2026 23:26:10:645,-0.181500002741814,0.234999999403954,0.188199996948242,0.935999989509583,-0.4077,-0.1897,0.6967
18.26,09-22-2026 23:26:10:655,-0.181500002741814,0.235400006175041,0.187600001692772,0.935999989509583,-0.4073,-0.1925,0.6957
18.27,09-22-2026 23:26:10:665,-0.181400001049042,0.235799998044968,0.187099993228912,0.935999989509583,-0.4021,-0.1961,0.6899
18.28,09-22-2026 23:26:10:675,-0.18129999935627,0.236200004816055,0.186499997973442,0.936100006103516,-0.4017,-0.1973,0.6909
18.29,09-22-2026 23:26:10:685,-0.18129999935627,0.236599996685982,0.186000004410744,0.936100006103516,-0.4056,-0.1939,0.6995
18.3,09-22-2026 23:26:10:695,-0.181400001049042,0.237000003457069,0.185499995946884,0.936100006103516,-0.41,-0.1915,0.7011
18.31,09-22-2026 23:26:10:705,-0.181700006127357,0.238100007176399,0.184200003743172,0.936100006103516,-0.4141,-0.1891,0.6983
18.32,09-22-2026 23:26:10:715,-0.181700006127357,0.238399997353554,0.183899998664856,0.936100006103516,-0.4131,-0.1896,0.6933
18.33,09-22-2026 23:26:10:725,-0.181600004434586,0.23870000243187,0.18359999358654,0.936200022697449,-0.4116,-0.1906,0.6915
18.34,09-22-2026 23:26:10:735,-0.181400001049042,0.238900005817413,0.183300003409386,0.936299979686737,-0.4104,-0.1919,0.6923
18.35,09-22-2026 23:26:10:745,-0.181199997663498,0.239199995994568,0.183100000023842,0.93639999628067,-0.4057,-0.1953,0.6881
18.36,09-22-2026 23:26:10:755,-0.180899992585182,0.23929999768734,0.18299999833107,0.936500012874603,-0.4029,-0.1985,0.6837
18.37,09-22-2026 23:26:10:765,-0.180600002408028,0.23929999768734,0.18299999833107,0.936600029468536,-0.4043,-0.1984,0.6833
18.38,09-22-2026 23:26:10:775,-0.18019999563694,0.239099994301796,0.18299999833107,0.936800003051758,-0.4071,-0.1983,0.6879
18.39,09-22-2026 23:26:10:785,-0.179700002074242,0.238999992609024,0.18299999833107,0.936999976634979,-0.4086,-0.1999,0.6877
18.4,09-22-2026 23:26:10:795,-0.179199993610382,0.238999992609024,0.18299999833107,0.937300026416779,-0.4094,-0.2016,0.6871
18.41,09-22-2026 23:26:10:805,-0.178000003099442,0.238999992609024,0.182899996638298,0.938099980354309,-0.4108,-0.2076,0.6921
18.42,09-22-2026 23:26:10:815,-0.177799999713898,0.238800004124641,0.182899996638298,0.938199996948242,-0.4144,-0.2062,0.6937
18.43,09-22-2026 23:26:10:825,-0.177599996328354,0.23870000243187,0.182899996638298,0.938399970531464,-0.4171,-0.2046,0.6909
18.44,09-22-2026 23:26:10:835,-0.17739999294281,0.238499999046326,0.18299999833107,0.93860000371933,-0.4174,-0.2046,0.6821
18.45,09-22-2026 23:26:10:845,-0.177100002765656,0.238299995660782,0.18299999833107,0.938700020313263,-0.4126,-0.2072,0.6737
18.46,09-22-2026 23:26:10:855,-0.176899999380112,0.238000005483627,0.18299999833107,0.938899993896484,-0.4081,-0.2104,0.6653
18.47,09-22-2026 23:26:10:865,-0.17679999768734,0.23759999871254,0.18299999833107,0.939000010490417,-0.4039,-0.213,0.6573
18.48,09-22-2026 23:26:10:875,-0.176899999380112,0.237100005149841,0.183100000023842,0.939100027084351,-0.4,-0.2156,0.6513
18.49,09-22-2026 23:26:10:885,-0.177100002765656,0.236599996685982,0.183200001716614,0.939100027084351,-0.3898,-0.2226,0.6509
18.5,09-22-2026 23:26:10:895,-0.177300006151199,0.23589999973774,0.183200001716614,0.939100027084351,-0.3856,-0.2246,0.6553
18.51,09-22-2026 23:26:10:905,-0.17849999666214,0.233700007200241,0.183300003409386,0.938799977302551,-0.4235,-0.2073,0.7156
18.52,09-22-2026 23:26:10:915,-0.178800001740456,0.233199998736382,0.183300003409386,0.938700020313263,-0.4251,-0.2085,0.7048
18.53,09-22-2026 23:26:10:925,-0.179199993610382,0.232700005173683,0.183300003409386,0.93860000371933,-0.4247,-0.2109,0.6984
18.54,09-22-2026 23:26:10:935,-0.179499998688698,0.232099995017052,0.183300003409386,0.938399970531464,-0.4237,-0.2128,0.6964
18.55,09-22-2026 23:26:10:945,-0.180000007152557,0.231600001454353,0.183300003409386,0.938300013542175,-0.4243,-0.2147,0.6928
18.56,09-22-2026 23:26:10:955,-0.180399999022484,0.231000006198883,0.183400005102158,0.938099980354309,-0.4261,-0.2147,0.6864
18.57,09-22-2026 23:26:10:965,-0.180800005793571,0.230599999427795,0.183300003409386,0.937900006771088,-0.4269,-0.2152,0.6768
18.58,09-22-2026 23:26:10:975,-0.18129999935627,0.230399996042252,0.183200001716614,0.937799990177155,-0.4283,-0.2144,0.6668
18.59,09-22-2026 23:26:10:985,-0.181799992918968,0.230399996042252,0.183100000023842,0.937600016593933,-0.4319,-0.2123,0.6656
18.6,09-22-2026 23:26:10:995,-0.1824000030756,0.230499997735023,0.182899996638298,0.9375,-0.4373,-0.2107,0.6692
18.61,09-22-2026 23:26:11:005,-0.184900000691414,0.23139999806881,0.181999996304512,0.936900019645691,-0.4422,-0.2126,0.6679
18.62,09-22-2026 23:26:11:015,-0.185399994254112,0.231800004839897,0.181799992918968,0.936800003051758,-0.4416,-0.2134,0.661
18.63,09-22-2026 23:26:11:025,-0.1858000010252,0.232099995017052,0.181600004434586,0.936699986457825,-0.4425,-0.2114,0.6595
18.64,09-22-2026 23:26:11:035,-0.186199992895126,0.232500001788139,0.181400001049042,0.936600029468536,-0.4482,-0.2098,0.6673
18.65,09-22-2026 23:26:11:045,-0.186499997973442,0.232899993658066,0.18129999935627,0.936500012874603,-0.4554,-0.2028,0.6799
18.66,09-22-2026 23:26:11:055,-0.186800003051758,0.233300000429153,0.181099995970726,0.93639999628067,-0.4563,-0.2028,0.6904
18.67,09-22-2026 23:26:11:065,-0.187099993228912,0.233700007200241,0.180999994277954,0.93639999628067,-0.4467,-0.2126,0.6817
18.68,09-22-2026 23:26:11:075,-0.187299996614456,0.234099999070168,0.180899992585182,0.936299979686737,-0.4341,-0.2218,0.6682
18.69,09-22-2026 23:26:11:085,-0.1875,0.234400004148483,0.180800005793571,0.936299979686737,-0.4278,-0.224,0.6583
18.7,09-22-2026 23:26:11:095,-0.187700003385544,0.234599992632866,0.180600002408028,0.936299979686737,-0.4287,-0.2216,0.6571
18.71,09-22-2026 23:26:11:105,-0.18809999525547,0.235499992966652,0.180099993944168,0.936299979686737,-0.4279,-0.2156,0.6802
18.72,09-22-2026 23:26:11:115,-0.188199996948242,0.235599994659424,0.180099993944168,0.93639999628067,-0.4243,-0.2166,0.6781
18.73,09-22-2026 23:26:11:125,-0.188299998641014,0.235699996352196,0.180000007152557,0.936500012874603,-0.4246,-0.2156,0.6791
18.74,09-22-2026 23:26:11:135,-0.188400000333786,0.235799998044968,0.180000007152557,0.936500012874603,-0.4267,-0.2122,0.6805
18.75,09-22-2026 23:26:11:145,-0.188400000333786,0.235799998044968,0.180099993944168,0.936600029468536,-0.4269,-0.2104,0.6801
18.76,09-22-2026 23:26:11:155,-0.18860000371933,0.235799998044968,0.180099993944168,0.936699986457825,-0.4275,-0.2078,0.6811
18.77,09-22-2026 23:26:11:165,-0.188700005412102,0.235699996352196,0.18019999563694,0.936699986457825,-0.4285,-0.2048,0.6843
18.78,09-22-2026 23:26:11:175,-0.188899993896484,0.235699996352196,0.180299997329712,0.936800003051758,-0.4286,-0.2028,0.6849
18.79,09-22-2026 23:26:11:185,-0.189099997282028,0.235599994659424,0.180399999022484,0.936800003051758,-0.4255,-0.203,0.6799
18.8,09-22-2026 23:26:11:195,-0.189400002360344,0.235400006175041,0.180500000715256,0.936800003051758,-0.4223,-0.2022,0.6748
18.81,09-22-2026 23:26:11:205,-0.190400004386902,0.23479999601841,0.180600002408028,0.936699986457825,-0.4163,-0.2022,0.671
18.82,09-22-2026 23:26:11:215,-0.190699994564056,0.234500005841255,0.1807000041008,0.936600029468536,-0.4158,-0.2036,0.679
18.83,09-22-2026 23:26:11:225,-0.1908999979496,0.234099999070168,0.1807000041008,0.936500012874603,-0.4179,-0.2035,0.6802
18.84,09-22-2026 23:26:11:235,-0.191200003027916,0.233700007200241,0.1807000041008,0.93639999628067,-0.4212,-0.2004,0.687
18.85,09-22-2026 23:26:11:245,-0.19140000641346,0.233199998736382,0.180800005793571,0.936299979686737,-0.4212,-0.202,0.6814
18.86,09-22-2026 23:26:11:255,-0.191599994897842,0.232800006866455,0.180899992585182,0.936200022697449,-0.4194,-0.2045,0.6646
18.87,09-22-2026 23:26:11:265,-0.191899999976158,0.232299998402596,0.180999994277954,0.936100006103516,-0.4133,-0.2099,0.6474
18.88,09-22-2026 23:26:11:275,-0.192100003361702,0.231900006532669,0.181099995970726,0.935999989509583,-0.4124,-0.21,0.6466
18.89,09-22-2026 23:26:11:285,-0.192300006747246,0.231499999761581,0.18129999935627,0.935899972915649,-0.4142,-0.2109,0.6542
18.9,09-22-2026 23:26:11:295,-0.192399993538857,0.231099992990494,0.181500002741814,0.935800015926361,-0.4192,-0.2081,0.6654
18.91,09-22-2026 23:26:11:305,-0.193299993872643,0.229900002479553,0.182600006461143,0.935400009155273,-0.4236,-0.2072,0.6673
18.92,09-22-2026 23:26:11:315,-0.193499997258186,0.229800000786781,0.182899996638298,0.93529999256134,-0.4267,-0.2051,0.6665
18.93,09-22-2026 23:26:11:325,-0.19370000064373,0.229699999094009,0.183300003409386,0.935199975967407,-0.428,-0.2033,0.6679
18.94,09-22-2026 23:26:11:335,-0.193900004029274,0.229599997401237,0.183699995279312,0.935100018978119,-0.4274,-0.2038,0.6655
18.95,09-22-2026 23:26:11:345,-0.194100007414818,0.229499995708466,0.1841000020504,0.935000002384186,-0.4267,-0.2029,0.6643
18.96,09-22-2026 23:26:11:355,-0.1942999958992,0.229499995708466,0.184400007128716,0.934899985790253,-0.4261,-0.2028,0.6671
18.97,09-22-2026 23:26:11:365,-0.194399997591972,0.229399994015694,0.184799998998642,0.934800028800964,-0.4239,-0.2037,0.6691
18.98,09-22-2026 23:26:11:375,-0.194499999284744,0.229399994015694,0.185100004076958,0.934700012207031,-0.4204,-0.2052,0.6701
18.99,09-22-2026 23:26:11:385,-0.194600000977516,0.229300007224083,0.185499995946884,0.934700012207031,-0.4179,-0.2063,0.6663
19,09-22-2026 23:26:11:395,-0.194700002670288,0.229200005531311,0.1858000010252,0.934599995613098,-0.4179,-0.2057,0.6584
19.01,09-22-2026 23:26:11:405,-0.195099994540215,0.229100003838539,0.187199994921684,0.934499979019165,-0.4334,-0.204,0.6814
19.02,09-22-2026 23:26:11:415,-0.195099994540215,0.229100003838539,0.1875,0.934499979019165,-0.4355,-0.205,0.6813
19.03,09-22-2026 23:26:11:425,-0.195199996232986,0.229100003838539,0.187900006771088,0.934499979019165,-0.4376,-0.205,0.6852
19.04,09-22-2026 23:26:11:435,-0.195199996232986,0.229100003838539,0.18809999525547,0.934499979019165,-0.4396,-0.2054,0.6887
19.05,09-22-2026 23:26:11:445,-0.195299997925758,0.229100003838539,0.188400000333786,0.934499979019165,-0.4402,-0.2054,0.6865
19.06,09-22-2026 23:26:11:455,-0.19539999961853,0.229200005531311,0.18860000371933,0.934499979019165,-0.4386,-0.2084,0.6836
19.07,09-22-2026 23:26:11:465,-0.195500001311302,0.229200005531311,0.188899993896484,0.934499979019165,-0.4354,-0.2118,0.6822
19.08,09-22-2026 23:26:11:475,-0.195600003004074,0.229100003838539,0.189099997282028,0.934599995613098,-0.4329,-0.214,0.6785
19.09,09-22-2026 23:26:11:485,-0.195700004696846,0.229100003838539,0.189300000667572,0.934599995613098,-0.4299,-0.2186,0.6789
19.1,09-22-2026 23:26:11:495,-0.195800006389618,0.229100003838539,0.189500004053116,0.934599995613098,-0.4275,-0.221,0.6829
19.11,09-22-2026 23:26:11:505,-0.195899993181229,0.228699997067451,0.19030000269413,0.934899985790253,-0.4188,-0.2235,0.686
19.12,09-22-2026 23:26:11:515,-0.195899993181229,0.228499993681908,0.190400004386902,0.934899985790253,-0.4191,-0.2203,0.6866
19.13,09-22-2026 23:26:11:525,-0.195899993181229,0.228400006890297,0.190599992871284,0.935000002384186,-0.4165,-0.2215,0.6816
19.14,09-22-2026 23:26:11:535,-0.195899993181229,0.228200003504753,0.190699994564056,0.935000002384186,-0.4181,-0.2173,0.6806
19.15,09-22-2026 23:26:11:545,-0.195899993181229,0.228000000119209,0.190699994564056,0.935100018978119,-0.4173,-0.2167,0.6768
19.16,09-22-2026 23:26:11:555,-0.195800006389618,0.227899998426437,0.190799996256828,0.935100018978119,-0.417,-0.2143,0.6714
19.17,09-22-2026 23:26:11:565,-0.195800006389618,0.227699995040894,0.190799996256828,0.935199975967407,-0.4176,-0.2121,0.6686
19.18,09-22-2026 23:26:11:575,-0.195700004696846,0.227500006556511,0.190799996256828,0.93529999256134,-0.4173,-0.2105,0.6688
19.19,09-22-2026 23:26:11:585,-0.195700004696846,0.227400004863739,0.190699994564056,0.93529999256134,-0.4176,-0.2093,0.6704
19.2,09-22-2026 23:26:11:595,-0.195700004696846,0.227200001478195,0.190699994564056,0.935400009155273,-0.4149,-0.2113,0.6698
19.21,09-22-2026 23:26:11:605,-0.195600003004074,0.226400002837181,0.19030000269413,0.935500025749207,-0.4081,-0.2175,0.6737
19.22,09-22-2026 23:26:11:615,-0.195500001311302,0.226300001144409,0.19030000269413,0.935599982738495,-0.4072,-0.2199,0.6745
19.23,09-22-2026 23:26:11:625,-0.195500001311302,0.226099997758865,0.190200001001358,0.935599982738495,-0.4048,-0.2221,0.6773
19.24,09-22-2026 23:26:11:635,-0.195500001311302,0.225899994373322,0.190099999308586,0.935699999332428,-0.404,-0.2241,0.6787
19.25,09-22-2026 23:26:11:645,-0.195500001311302,0.22579999268055,0.190099999308586,0.935699999332428,-0.4023,-0.2271,0.6771
19.26,09-22-2026 23:26:11:655,-0.195500001311302,0.225600004196167,0.189999997615814,0.935699999332428,-0.4011,-0.2291,0.6777
19.27,09-22-2026 23:26:11:665,-0.195500001311302,0.225400000810623,0.189999997615814,0.935800015926361,-0.3993,-0.2323,0.6823
19.28,09-22-2026 23:26:11:675,-0.195600003004074,0.225299999117851,0.189899995923042,0.935800015926361,-0.3988,-0.2343,0.6857
19.29,09-22-2026 23:26:11:685,-0.195600003004074,0.225099995732307,0.18979999423027,0.935800015926361,-0.3991,-0.2351,0.6869
19.3,09-22-2026 23:26:11:695,-0.195600003004074,0.224999994039536,0.18979999423027,0.935800015926361,-0.405,-0.2273,0.6837
19.31,09-22-2026 23:26:11:705,-0.195600003004074,0.224500000476837,0.18970000743866,0.935899972915649,-0.3993,-0.2329,0.6869
19.32,09-22-2026 23:26:11:715,-0.195700004696846,0.224399998784065,0.18970000743866,0.935899972915649,-0.3969,-0.2346,0.6767
19.33,09-22-2026 23:26:11:725,-0.195700004696846,0.224199995398521,0.189600005745888,0.935899972915649,-0.3971,-0.2356,0.6741
19.34,09-22-2026 23:26:11:735,-0.195700004696846,0.224000006914139,0.189600005745888,0.935899972915649,-0.3987,-0.2369,0.6757
19.35,09-22-2026 23:26:11:745,-0.195700004696846,0.223900005221367,0.189600005745888,0.935899972915649,-0.4,-0.2385,0.6773
19.36,09-22-2026 23:26:11:755,-0.195800006389618,0.223800003528595,0.189600005745888,0.935899972915649,-0.4014,-0.2371,0.6815
19.37,09-22-2026 23:26:11:765,-0.195800006389618,0.223600000143051,0.189600005745888,0.935899972915649,-0.4026,-0.2366,0.6837
19.38,09-22-2026 23:26:11:775,-0.195800006389618,0.223499998450279,0.189600005745888,0.935899972915649,-0.4037,-0.2352,0.6827
19.39,09-22-2026 23:26:11:785,-0.195800006389618,0.223399996757507,0.189600005745888,0.935899972915649,-0.4028,-0.2351,0.6817
19.4,09-22-2026 23:26:11:795,-0.195899993181229,0.223299995064735,0.18970000743866,0.935899972915649,-0.4031,-0.2352,0.6819
19.41,09-22-2026 23:26:11:805,-0.196199998259544,0.222800001502037,0.18970000743866,0.935899972915649,-0.3976,-0.2351,0.68
19.42,09-22-2026 23:26:11:815,-0.196299999952316,0.222800001502037,0.18970000743866,0.935899972915649,-0.3982,-0.2349,0.6786
19.43,09-22-2026 23:26:11:825,-0.19650000333786,0.222699999809265,0.18979999423027,0.935800015926361,-0.399,-0.2351,0.6769
19.44,09-22-2026 23:26:11:835,-0.196600005030632,0.222599998116493,0.18979999423027,0.935800015926361,-0.3996,-0.2353,0.6751
19.45,09-22-2026 23:26:11:845,-0.196799993515015,0.222499996423721,0.18979999423027,0.935800015926361,-0.3992,-0.2362,0.6736
19.46,09-22-2026 23:26:11:855,-0.196999996900558,0.222499996423721,0.18979999423027,0.935699999332428,-0.3984,-0.2371,0.6728
19.47,09-22-2026 23:26:11:865,-0.197300001978874,0.222499996423721,0.18979999423027,0.935699999332428,-0.3979,-0.2376,0.6737
19.48,09-22-2026 23:26:11:875,-0.197500005364418,0.222499996423721,0.18979999423027,0.935599982738495,-0.3985,-0.2376,0.6742
19.49,09-22-2026 23:26:11:885,-0.197699993848801,0.222499996423721,0.18979999423027,0.935599982738495,-0.3992,-0.2381,0.6758
19.5,09-22-2026 23:26:11:895,-0.197999998927116,0.222499996423721,0.18970000743866,0.935500025749207,-0.401,-0.2381,0.6791
19.51,09-22-2026 23:26:11:905,-0.19879999756813,0.222599998116493,0.189500004053116,0.93529999256134,-0.4126,-0.2373,0.6811
19.52,09-22-2026 23:26:11:915,-0.198899999260902,0.222699999809265,0.189400002360344,0.93529999256134,-0.4133,-0.2376,0.6807
19.53,09-22-2026 23:26:11:925,-0.199100002646446,0.222800001502037,0.189300000667572,0.935199975967407,-0.413,-0.2382,0.6805
19.54,09-22-2026 23:26:11:935,-0.19930000603199,0.222900003194809,0.1891999989748,0.935199975967407,-0.4111,-0.239,0.6795
19.55,09-22-2026 23:26:11:945,-0.199499994516373,0.223000004887581,0.188999995589256,0.935100018978119,-0.4091,-0.2397,0.679
19.56,09-22-2026 23:26:11:955,-0.199699997901917,0.223199993371964,0.188800007104874,0.935100018978119,-0.4077,-0.2401,0.6783
19.57,09-22-2026 23:26:11:965,-0.19990000128746,0.223299995064735,0.18860000371933,0.935000002384186,-0.4071,-0.2396,0.6766
19.58,09-22-2026 23:26:11:975,-0.200000002980232,0.223499998450279,0.188400000333786,0.935000002384186,-0.4065,-0.2397,0.6754
19.59,09-22-2026 23:26:11:985,-0.200200006365776,0.223700001835823,0.188199996948242,0.934899985790253,-0.4065,-0.2381,0.6752
19.6,09-22-2026 23:26:11:995,-0.200399994850159,0.223900005221367,0.187999993562698,0.934800028800964,-0.4067,-0.2373,0.6762
19.61,09-22-2026 23:26:12:005,-0.201399996876717,0.224800005555153,0.187199994921684,0.934499979019165,-0.403,-0.2373,0.6768
19.62,09-22-2026 23:26:12:015,-0.20160000026226,0.224999994039536,0.18690000474453,0.934400022029877,-0.4013,-0.2376,0.6763
19.63,09-22-2026 23:26:12:025,-0.201800003647804,0.225199997425079,0.186700001358986,0.934300005435944,-0.4005,-0.2379,0.6754
19.64,09-22-2026 23:26:12:035,-0.202000007033348,0.225500002503395,0.18639999628067,0.93419998884201,-0.4003,-0.2384,0.6743
19.65,09-22-2026 23:26:12:045,-0.202199995517731,0.225700005888939,0.186199992895126,0.93419998884201,-0.4011,-0.2388,0.6738
19.66,09-22-2026 23:26:12:055,-0.202299997210503,0.225999996066093,0.185900002717972,0.934099972248077,-0.4021,-0.2393,0.675
19.67,09-22-2026 23:26:12:065,-0.202500000596046,0.226300001144409,0.185599997639656,0.934000015258789,-0.4029,-0.2392,0.6763
19.68,09-22-2026 23:26:12:075,-0.202600002288818,0.226500004529953,0.185399994254112,0.934000015258789,-0.404,-0.2392,0.6765
19.69,09-22-2026 23:26:12:085,-0.20270000398159,0.226799994707108,0.185100004076958,0.934000015258789,-0.4046,-0.2391,0.6756
19.7,09-22-2026 23:26:12:095,-0.202800005674362,0.227099999785423,0.184900000691414,0.933899998664856,-0.4032,-0.2393,0.6745
19.71,09-22-2026 23:26:12:105,-0.203500002622604,0.22859999537468,0.183799996972084,0.933700025081635,-0.4014,-0.2411,0.6748
19.72,09-22-2026 23:26:12:115,-0.203600004315376,0.229100003838539,0.183400005102158,0.933600008487701,-0.4022,-0.2405,0.6752
19.73,09-22-2026 23:26:12:125,-0.203799992799759,0.229499995708466,0.183100000023842,0.933600008487701,-0.4029,-0.2404,0.676
19.74,09-22-2026 23:26:12:135,-0.203999996185303,0.229900002479553,0.182799994945526,0.933499991893768,-0.4027,-0.2407,0.6761
19.75,09-22-2026 23:26:12:145,-0.204199999570847,0.230199992656708,0.182500004768372,0.933399975299835,-0.4029,-0.2408,0.6757
19.76,09-22-2026 23:26:12:155,-0.204300001263618,0.230499997735023,0.182199999690056,0.933300018310547,-0.4033,-0.2413,0.6761
19.77,09-22-2026 23:26:12:165,-0.204600006341934,0.230800002813339,0.181999996304512,0.933300018310547,-0.4029,-0.242,0.6761
19.78,09-22-2026 23:26:12:175,-0.204799994826317,0.231099992990494,0.181799992918968,0.933200001716614,-0.4024,-0.2426,0.6744
19.79,09-22-2026 23:26:12:185,-0.205099999904633,0.23139999806881,0.181500002741814,0.933099985122681,-0.4013,-0.2424,0.6751
19.8,09-22-2026 23:26:12:195,-0.205400004982948,0.231600001454353,0.18129999935627,0.933000028133392,-0.4005,-0.2423,0.6781
19.81,09-22-2026 23:26:12:205,-0.206499993801117,0.232700005173683,0.180399999022484,0.932600021362305,-0.3998,-0.2387,0.6752
19.82,09-22-2026 23:26:12:215,-0.206900000572205,0.232899993658066,0.18019999563694,0.932500004768372,-0.3994,-0.2381,0.6757
19.83,09-22-2026 23:26:12:225,-0.207300007343292,0.233199998736382,0.180000007152557,0.932399988174438,-0.3983,-0.2383,0.676
19.84,09-22-2026 23:26:12:235,-0.207699999213219,0.233400002121925,0.179900005459785,0.932200014591217,-0.3966,-0.239,0.6745
19.85,09-22-2026 23:26:12:245,-0.208199992775917,0.233600005507469,0.179700002074242,0.932099997997284,-0.3956,-0.2395,0.6734
19.86,09-22-2026 23:26:12:255,-0.208599999547005,0.233899995684624,0.17960000038147,0.931999981403351,-0.3956,-0.2389,0.6739
19.87,09-22-2026 23:26:12:265,-0.209000006318092,0.234099999070168,0.179399996995926,0.931900024414063,-0.3958,-0.2378,0.6753
19.88,09-22-2026 23:26:12:275,-0.209499999880791,0.234400004148483,0.179299995303154,0.931800007820129,-0.3974,-0.237,0.6763
19.89,09-22-2026 23:26:12:285,-0.209900006651878,0.234599992632866,0.179199993610382,0.931699991226196,-0.3983,-0.2365,0.6776
19.9,09-22-2026 23:26:12:295,-0.210299998521805,0.234899997711182,0.179000005125999,0.931599974632263,-0.3998,-0.2358,0.6785
19.91,09-22-2026 23:26:12:305,-0.21170000731945,0.235699996352196,0.178599998354912,0.93120002746582,-0.4017,-0.2385,0.6807
19.92,09-22-2026 23:26:12:315,-0.211899995803833,0.23589999973774,0.178399994969368,0.93120002746582,-0.4,-0.2391,0.6782
19.93,09-22-2026 23:26:12:325,-0.212200000882149,0.236200004816055,0.178299993276596,0.931100010871887,-0.3986,-0.2389,0.6746
19.94,09-22-2026 23:26:12:335,-0.212500005960464,0.236399993300438,0.178100004792213,0.931100010871887,-0.3992,-0.2377,0.6734
19.95,09-22-2026 23:26:12:345,-0.212699994444847,0.236599996685982,0.17790000140667,0.930999994277954,-0.4004,-0.2374,0.6741
19.96,09-22-2026 23:26:12:355,-0.212899997830391,0.236800000071526,0.177799999713898,0.930899977684021,-0.4021,-0.2373,0.6764
19.97,09-22-2026 23:26:12:365,-0.213100001215935,0.237000003457069,0.177599996328354,0.930899977684021,-0.4038,-0.2364,0.6793
19.98,09-22-2026 23:26:12:375,-0.213300004601479,0.237200006842613,0.17739999294281,0.930800020694733,-0.4051,-0.2362,0.6789
19.99,09-22-2026 23:26:12:385,-0.213499993085861,0.237399995326996,0.177300006151199,0.930800020694733,-0.4054,-0.2358,0.6743
20,09-22-2026 23:26:12:395,-0.213599994778633,0.237499997019768,0.177100002765656,0.930800020694733,-0.4051,-0.2362,0.6691
20.01,09-22-2026 23:26:12:405,-0.214100003242493,0.238000005483627,0.176599994301796,0.9307000041008,-0.4034,-0.2407,0.6718
20.02,09-22-2026 23:26:12:415,-0.214200004935265,0.238100007176399,0.176499992609024,0.930599987506866,-0.4042,-0.2399,0.6722
20.03,09-22-2026 23:26:12:425,-0.214200004935265,0.23819999396801,0.176400005817413,0.9307000041008,-0.4056,-0.2389,0.6739
20.04,09-22-2026 23:26:12:435,-0.214200004935265,0.238299995660782,0.176300004124641,0.9307000041008,-0.4077,-0.2381,0.6776
20.05,09-22-2026 23:26:12:445,-0.214200004935265,0.238299995660782,0.17620000243187,0.9307000041008,-0.4096,-0.2382,0.6792
20.06,09-22-2026 23:26:12:455,-0.214200004935265,0.238399997353554,0.176100000739098,0.9307000041008,-0.411,-0.2384,0.6787
20.07,09-22-2026 23:26:12:465,-0.214200004935265,0.238499999046326,0.176100000739098,0.9307000041008,-0.4119,-0.2393,0.6773
20.08,09-22-2026 23:26:12:475,-0.214100003242493,0.238499999046326,0.175999999046326,0.930800020694733,-0.4124,-0.2397,0.6735
20.09,09-22-2026 23:26:12:485,-0.214100003242493,0.238600000739098,0.175999999046326,0.930800020694733,-0.4122,-0.2405,0.669
20.1,09-22-2026 23:26:12:495,-0.214100003242493,0.238600000739098,0.175899997353554,0.930800020694733,-0.4131,-0.2402,0.6673
20.11,09-22-2026 23:26:12:505,-0.213899999856949,0.238600000739098,0.175899997353554,0.930999994277954,-0.4203,-0.2384,0.6649
20.12,09-22-2026 23:26:12:515,-0.213899999856949,0.238499999046326,0.175999999046326,0.930999994277954,-0.4234,-0.2385,0.6663
20.13,09-22-2026 23:26:12:525,-0.213799998164177,0.238399997353554,0.176100000739098,0.930999994277954,-0.4252,-0.2387,0.6641
20.14,09-22-2026 23:26:12:535,-0.213799998164177,0.238299995660782,0.17620000243187,0.931100010871887,-0.4248,-0.24,0.6612
20.15,09-22-2026 23:26:12:545,-0.213899999856949,0.238100007176399,0.176300004124641,0.931100010871887,-0.4242,-0.2414,0.66
20.16,09-22-2026 23:26:12:555,-0.213899999856949,0.237900003790855,0.176499992609024,0.931100010871887,-0.4229,-0.2428,0.6594
20.17,09-22-2026 23:26:12:565,-0.214000001549721,0.237700000405312,0.176699995994568,0.931100010871887,-0.4223,-0.2434,0.6582
20.18,09-22-2026 23:26:12:575,-0.214100003242493,0.237399995326996,0.177000001072884,0.931100010871887,-0.4223,-0.244,0.6559
20.19,09-22-2026 23:26:12:585,-0.214200004935265,0.237100005149841,0.177200004458427,0.931100010871887,-0.4227,-0.2437,0.6538
20.2,09-22-2026 23:26:12:595,-0.214399993419647,0.236800000071526,0.177499994635582,0.931100010871887,-0.4234,-0.2441,0.6546
20.21,09-22-2026 23:26:12:605,-0.215100005269051,0.235499992966652,0.178599998354912,0.931100010871887,-0.4232,-0.2464,0.6551
20.22,09-22-2026 23:26:12:615,-0.215299993753433,0.235200002789497,0.178900003433228,0.931100010871887,-0.4223,-0.2474,0.6553
20.23,09-22-2026 23:26:12:625,-0.215499997138977,0.23479999601841,0.179299995303154,0.931100010871887,-0.4211,-0.2487,0.6575
20.24,09-22-2026 23:26:12:635,-0.215700000524521,0.234500005841255,0.17960000038147,0.931100010871887,-0.4207,-0.2497,0.6577
20.25,09-22-2026 23:26:12:645,-0.215900003910065,0.234200000762939,0.179800003767014,0.931100010871887,-0.4205,-0.2495,0.6573
20.26,09-22-2026 23:26:12:655,-0.216000005602837,0.233899995684624,0.180099993944168,0.931100010871887,-0.4208,-0.25,0.6575
20.27,09-22-2026 23:26:12:665,-0.216199994087219,0.233700007200241,0.180299997329712,0.931100010871887,-0.4213,-0.2507,0.6589
20.28,09-22-2026 23:26:12:675,-0.216299995779991,0.233400002121925,0.180399999022484,0.931100010871887,-0.4216,-0.2503,0.6618
20.29,09-22-2026 23:26:12:685,-0.216399997472763,0.233199998736382,0.180500000715256,0.931100010871887,-0.4218,-0.2502,0.6619
20.3,09-22-2026 23:26:12:695,-0.216499999165535,0.232999995350838,0.180600002408028,0.931100010871887,-0.4218,-0.2508,0.6605
20.31,09-22-2026 23:26:12:705,-0.216700002551079,0.232400000095367,0.180399999022484,0.931100010871887,-0.4227,-0.2559,0.6627
20.32,09-22-2026 23:26:12:715,-0.216800004243851,0.232299998402596,0.180299997329712,0.931100010871887,-0.4233,-0.2573,0.6601
20.33,09-22-2026 23:26:12:725,-0.216900005936623,0.232299998402596,0.18019999563694,0.931100010871887,-0.4245,-0.2583,0.6589
20.34,09-22-2026 23:26:12:735,-0.216900005936623,0.232299998402596,0.180000007152557,0.931100010871887,-0.4259,-0.2595,0.6598
20.35,09-22-2026 23:26:12:745,-0.216900005936623,0.232199996709824,0.179900005459785,0.931100010871887,-0.4276,-0.2606,0.6601
20.36,09-22-2026 23:26:12:755,-0.216900005936623,0.232199996709824,0.179700002074242,0.931100010871887,-0.4282,-0.2615,0.6584
20.37,09-22-2026 23:26:12:765,-0.216900005936623,0.232199996709824,0.17960000038147,0.931100010871887,-0.4289,-0.2621,0.6573
20.38,09-22-2026 23:26:12:775,-0.216900005936623,0.232199996709824,0.179399996995926,0.931100010871887,-0.4295,-0.263,0.658
20.39,09-22-2026 23:26:12:785,-0.216900005936623,0.232299998402596,0.179299995303154,0.931100010871887,-0.4299,-0.2634,0.6575
20.4,09-22-2026 23:26:12:795,-0.216900005936623,0.232299998402596,0.179100006818771,0.931100010871887,-0.4302,-0.2637,0.6568
20.41,09-22-2026 23:26:12:805,-0.216700002551079,0.232600003480911,0.178599998354912,0.93120002746582,-0.4307,-0.2648,0.6604
20.42,09-22-2026 23:26:12:815,-0.216700002551079,0.232700005173683,0.178399994969368,0.93120002746582,-0.4323,-0.2631,0.6606
20.43,09-22-2026 23:26:12:825,-0.216700002551079,0.232800006866455,0.178299993276596,0.93120002746582,-0.4328,-0.2627,0.6605
20.44,09-22-2026 23:26:12:835,-0.216700002551079,0.232899993658066,0.178100004792213,0.93120002746582,-0.4325,-0.2621,0.6589
20.45,09-22-2026 23:26:12:845,-0.216700002551079,0.232999995350838,0.17790000140667,0.93120002746582,-0.4319,-0.2614,0.6576
20.46,09-22-2026 23:26:12:855,-0.216700002551079,0.23309999704361,0.177799999713898,0.93120002746582,-0.4305,-0.2608,0.6566
20.47,09-22-2026 23:26:12:865,-0.216700002551079,0.233199998736382,0.177599996328354,0.93120002746582,-0.4284,-0.2617,0.6561
20.48,09-22-2026 23:26:12:875,-0.216700002551079,0.233300000429153,0.177499994635582,0.931299984455109,-0.4275,-0.2624,0.6532
20.49,09-22-2026 23:26:12:885,-0.216700002551079,0.233400002121925,0.177300006151199,0.931299984455109,-0.4269,-0.2628,0.6525
20.5,09-22-2026 23:26:12:895,-0.216700002551079,0.233500003814697,0.177200004458427,0.931299984455109,-0.4268,-0.263,0.6544
20.51,09-22-2026 23:26:12:905,-0.216900005936623,0.233799993991852,0.176499992609024,0.931299984455109,-0.4275,-0.2628,0.6551
20.52,09-22-2026 23:26:12:915,-0.216999992728233,0.233899995684624,0.176300004124641,0.93120002746582,-0.4241,-0.2658,0.656
20.53,09-22-2026 23:26:12:925,-0.217099994421005,0.233899995684624,0.17620000243187,0.93120002746582,-0.4225,-0.267,0.6539
20.54,09-22-2026 23:26:12:935,-0.217099994421005,0.233999997377396,0.175999999046326,0.93120002746582,-0.4199,-0.2696,0.6492
20.55,09-22-2026 23:26:12:945,-0.217199996113777,0.234099999070168,0.175799995660782,0.93120002746582,-0.4171,-0.2716,0.6459
20.56,09-22-2026 23:26:12:955,-0.217299997806549,0.234200000762939,0.175600007176399,0.93120002746582,-0.4141,-0.2738,0.6477
20.57,09-22-2026 23:26:12:965,-0.217399999499321,0.234200000762939,0.175500005483627,0.931100010871887,-0.4121,-0.275,0.65
20.58,09-22-2026 23:26:12:975,-0.217500001192093,0.234300002455711,0.175300002098083,0.931100010871887,-0.4093,-0.2754,0.6501
20.59,09-22-2026 23:26:12:985,-0.217600002884865,0.234400004148483,0.175200000405312,0.931100010871887,-0.4075,-0.2762,0.6506
20.6,09-22-2026 23:26:12:995,-0.217700004577637,0.234400004148483,0.17509999871254,0.931100010871887,-0.4079,-0.2756,0.6539
20.61,09-22-2026 23:26:13:005,-0.217899993062019,0.234699994325638,0.174500003457069,0.930999994277954,-0.4068,-0.2732,0.655
20.62,09-22-2026 23:26:13:015,-0.217999994754791,0.23479999601841,0.174400001764297,0.930999994277954,-0.4075,-0.2732,0.6558
20.63,09-22-2026 23:26:13:025,-0.218099996447563,0.234899997711182,0.174300000071526,0.930899977684021,-0.4098,-0.2712,0.659
20.64,09-22-2026 23:26:13:035,-0.218199998140335,0.234999999403954,0.174199998378754,0.930899977684021,-0.4123,-0.2709,0.6641
20.65,09-22-2026 23:26:13:045,-0.218299999833107,0.235100001096725,0.174099996685982,0.930800020694733,-0.4141,-0.2712,0.6665
20.66,09-22-2026 23:26:13:055,-0.218500003218651,0.235200002789497,0.173899993300438,0.930800020694733,-0.4154,-0.2718,0.6651
20.67,09-22-2026 23:26:13:065,-0.218600004911423,0.235300004482269,0.173800006508827,0.9307000041008,-0.4174,-0.272,0.6619
20.68,09-22-2026 23:26:13:075,-0.218799993395805,0.235300004482269,0.173700004816055,0.9307000041008,-0.4183,-0.2717,0.6614
20.69,09-22-2026 23:26:13:085,-0.218899995088577,0.235400006175041,0.173600003123283,0.9307000041008,-0.4183,-0.2727,0.6617
20.7,09-22-2026 23:26:13:095,-0.219099998474121,0.235499992966652,0.173500001430511,0.930599987506866,-0.418,-0.2737,0.6604
20.71,09-22-2026 23:26:13:105,-0.219699993729591,0.235799998044968,0.173299998044968,0.930400013923645,-0.4181,-0.272,0.6623
20.72,09-22-2026 23:26:13:115,-0.219899997115135,0.23589999973774,0.173199996352196,0.930299997329712,-0.4191,-0.2712,0.6625
20.73,09-22-2026 23:26:13:125,-0.219999998807907,0.236000001430511,0.173099994659424,0.930199980735779,-0.4194,-0.2708,0.6615
20.74,09-22-2026 23:26:13:135,-0.220200002193451,0.236100003123283,0.172999992966652,0.930199980735779,-0.4204,-0.2713,0.6617
20.75,09-22-2026 23:26:13:145,-0.220300003886223,0.236200004816055,0.172999992966652,0.93010002374649,-0.4203,-0.2718,0.6627
20.76,09-22-2026 23:26:13:155,-0.220500007271767,0.236300006508827,0.172900006175041,0.930000007152557,-0.4204,-0.2715,0.6624
20.77,09-22-2026 23:26:13:165,-0.220699995756149,0.236399993300438,0.172800004482269,0.929899990558624,-0.4204,-0.2718,0.6612
20.78,09-22-2026 23:26:13:175,-0.220899999141693,0.23649999499321,0.172700002789497,0.929799973964691,-0.4198,-0.2716,0.6614
20.79,09-22-2026 23:26:13:185,-0.221100002527237,0.236699998378754,0.172600001096725,0.929799973964691,-0.4189,-0.2713,0.661
20.8,09-22-2026 23:26:13:195,-0.221399992704391,0.236800000071526,0.172600001096725,0.929700016975403,-0.4179,-0.271,0.6608
20.81,09-22-2026 23:26:13:205,-0.222299993038177,0.237299993634224,0.17229999601841,0.929400026798248,-0.4188,-0.2674,0.6545
20.82,09-22-2026 23:26:13:215,-0.222599998116493,0.237499997019768,0.172199994325638,0.929400026798248,-0.4184,-0.2672,0.6536
20.83,09-22-2026 23:26:13:225,-0.223000004887581,0.237700000405312,0.172099992632866,0.929300010204315,-0.4187,-0.2665,0.6533
20.84,09-22-2026 23:26:13:235,-0.223399996757507,0.237800002098083,0.172099992632866,0.929199993610382,-0.4187,-0.2659,0.6537
20.85,09-22-2026 23:26:13:245,-0.223800003528595,0.238000005483627,0.172000005841255,0.929199993610382,-0.4197,-0.2653,0.6541
20.86,09-22-2026 23:26:13:255,-0.224199995398521,0.23819999396801,0.172000005841255,0.929099977016449,-0.4207,-0.2647,0.6551
20.87,09-22-2026 23:26:13:265,-0.224600002169609,0.238399997353554,0.171900004148483,0.929099977016449,-0.4209,-0.2639,0.653
20.88,09-22-2026 23:26:13:275,-0.225099995732307,0.238600000739098,0.171800002455711,0.929000020027161,-0.4209,-0.2633,0.6518
20.89,09-22-2026 23:26:13:285,-0.225500002503395,0.238800004124641,0.171700000762939,0.928900003433228,-0.4213,-0.2631,0.6516
20.9,09-22-2026 23:26:13:295,-0.225899994373322,0.238999992609024,0.171599999070168,0.928900003433228,-0.4216,-0.2632,0.6502
20.91,09-22-2026 23:26:13:305,-0.227500006556511,0.239399999380112,0.171000003814697,0.928699970245361,-0.422,-0.2632,0.6513
20.92,09-22-2026 23:26:13:315,-0.227899998426437,0.239500001072884,0.170800000429153,0.928600013256073,-0.4227,-0.2633,0.6511
20.93,09-22-2026 23:26:13:325,-0.228200003504753,0.239600002765656,0.170499995350838,0.928600013256073,-0.4243,-0.264,0.6503
20.94,09-22-2026 23:26:13:335,-0.22859999537468,0.239700004458427,0.170200005173683,0.92849999666214,-0.4246,-0.2643,0.6507
20.95,09-22-2026 23:26:13:345,-0.229000002145767,0.239800006151199,0.169900000095367,0.92849999666214,-0.4251,-0.2653,0.6535
20.96,09-22-2026 23:26:13:355,-0.229300007224083,0.23989999294281,0.169599995017052,0.928399980068207,-0.4254,-0.2665,0.6548
20.97,09-22-2026 23:26:13:365,-0.229699999094009,0.239999994635582,0.169200003147125,0.928399980068207,-0.4255,-0.267,0.6552
20.98,09-22-2026 23:26:13:375,-0.230100005865097,0.240099996328354,0.16889999806881,0.928300023078918,-0.4255,-0.2667,0.6544
20.99,09-22-2026 23:26:13:385,-0.230499997735023,0.240099996328354,0.168500006198883,0.928200006484985,-0.4259,-0.2669,0.6552
21,09-22-2026 23:26:13:395,-0.230900004506111,0.240199998021126,0.168099999427795,0.928200006484985,-0.4264,-0.2665,0.6569
21.01,09-22-2026 23:26:13:405,-0.232099995017052,0.24040000140667,0.166800007224083,0.927900016307831,-0.4257,-0.2671,0.6516
21.02,09-22-2026 23:26:13:415,-0.232299998402596,0.24040000140667,0.166500002145767,0.927799999713898,-0.4255,-0.2668,0.6487
21.03,09-22-2026 23:26:13:425,-0.232500001788139,0.240500003099442,0.166299998760223,0.927799999713898,-0.4256,-0.2669,0.6486
21.04,09-22-2026 23:26:13:435,-0.232700005173683,0.240500003099442,0.165999993681908,0.927699983119965,-0.4257,-0.2668,0.6488
21.05,09-22-2026 23:26:13:445,-0.232899993658066,0.240500003099442,0.165800005197525,0.927600026130676,-0.4255,-0.2666,0.6498
21.06,09-22-2026 23:26:13:455,-0.23309999704361,0.240500003099442,0.165600001811981,0.927600026130676,-0.426,-0.2666,0.6507
21.07,09-22-2026 23:26:13:465,-0.233300000429153,0.240500003099442,0.165399998426437,0.927500009536743,-0.4258,-0.2671,0.6511
21.08,09-22-2026 23:26:13:475,-0.233400002121925,0.240500003099442,0.165299996733665,0.927500009536743,-0.4264,-0.2669,0.651
21.09,09-22-2026 23:26:13:485,-0.233600005507469,0.240500003099442,0.165099993348122,0.92739999294281,-0.4257,-0.2671,0.6513
21.1,09-22-2026 23:26:13:495,-0.233700007200241,0.240500003099442,0.165000006556511,0.92739999294281,-0.4252,-0.2676,0.652
21.11,09-22-2026 23:26:13:505,-0.234200000762939,0.24040000140667,0.165000006556511,0.927299976348877,-0.4265,-0.2687,0.6507
21.12,09-22-2026 23:26:13:515,-0.234300002455711,0.24040000140667,0.165000006556511,0.927299976348877,-0.4279,-0.2689,0.6514
21.13,09-22-2026 23:26:13:525,-0.234400004148483,0.24040000140667,0.165099993348122,0.927200019359589,-0.4286,-0.2686,0.6521
21.14,09-22-2026 23:26:13:535,-0.234500005841255,0.240299999713898,0.165199995040894,0.927200019359589,-0.4291,-0.2687,0.6518
21.15,09-22-2026 23:26:13:545,-0.234699994325638,0.240299999713898,0.165299996733665,0.927200019359589,-0.4292,-0.2692,0.6513
21.16,09-22-2026 23:26:13:555,-0.23479999601841,0.240299999713898,0.165399998426437,0.927200019359589,-0.4286,-0.2704,0.6506
21.17,09-22-2026 23:26:13:565,-0.234899997711182,0.240299999713898,0.165500000119209,0.927200019359589,-0.4275,-0.2712,0.6492
21.18,09-22-2026 23:26:13:575,-0.234999999403954,0.240299999713898,0.165600001811981,0.927100002765656,-0.4257,-0.2723,0.6464
21.19,09-22-2026 23:26:13:585,-0.235100001096725,0.240299999713898,0.165700003504753,0.927100002765656,-0.424,-0.274,0.6452
21.2,09-22-2026 23:26:13:595,-0.235200002789497,0.240299999713898,0.165700003504753,0.927100002765656,-0.4213,-0.2753,0.6465
21.21,09-22-2026 23:26:13:605,-0.235599994659424,0.239999994635582,0.165900006890297,0.926900029182434,-0.4178,-0.2759,0.6445
21.22,09-22-2026 23:26:13:615,-0.235699996352196,0.239999994635582,0.165900006890297,0.926900029182434,-0.4177,-0.2758,0.6441
21.23,09-22-2026 23:26:13:625,-0.235799998044968,0.23989999294281,0.165900006890297,0.926900029182434,-0.4185,-0.2755,0.6451
21.24,09-22-2026 23:26:13:635,-0.23589999973774,0.23989999294281,0.165900006890297,0.926900029182434,-0.4192,-0.2762,0.645
21.25,09-22-2026 23:26:13:645,-0.236000001430511,0.23989999294281,0.165900006890297,0.926800012588501,-0.4199,-0.2764,0.6432
21.26,09-22-2026 23:26:13:655,-0.236000001430511,0.23989999294281,0.165800005197525,0.926800012588501,-0.4217,-0.2768,0.64
21.27,09-22-2026 23:26:13:665,-0.236100003123283,0.23989999294281,0.165800005197525,0.926800012588501,-0.4239,-0.2769,0.6396
21.28,09-22-2026 23:26:13:675,-0.236200004816055,0.23989999294281,0.165800005197525,0.926800012588501,-0.4248,-0.2775,0.6416
21.29,09-22-2026 23:26:13:685,-0.236200004816055,0.239999994635582,0.165700003504753,0.926800012588501,-0.4255,-0.2778,0.6427
21.3,09-22-2026 23:26:13:695,-0.236200004816055,0.239999994635582,0.165700003504753,0.926800012588501,-0.4268,-0.2775,0.6412
21.31,09-22-2026 23:26:13:705,-0.236100003123283,0.240299999713898,0.165399998426437,0.926900029182434,-0.4318,-0.2818,0.6413
21.32,09-22-2026 23:26:13:715,-0.236100003123283,0.24040000140667,0.165299996733665,0.926900029182434,-0.4331,-0.2836,0.6432
21.33,09-22-2026 23:26:13:725,-0.236000001430511,0.24040000140667,0.165299996733665,0.926900029182434,-0.4336,-0.2843,0.6434
21.34,09-22-2026 23:26:13:735,-0.23589999973774,0.240500003099442,0.165199995040894,0.926999986171722,-0.4335,-0.286,0.6405
21.35,09-22-2026 23:26:13:745,-0.235799998044968,0.240600004792213,0.165099993348122,0.926999986171722,-0.4338,-0.2876,0.6389
21.36,09-22-2026 23:26:13:755,-0.235699996352196,0.240600004792213,0.165000006556511,0.926999986171722,-0.434,-0.2895,0.6398
21.37,09-22-2026 23:26:13:765,-0.235499992966652,0.240700006484985,0.164900004863739,0.927100002765656,-0.4345,-0.2909,0.6408
21.38,09-22-2026 23:26:13:775,-0.235300004482269,0.240700006484985,0.164800003170967,0.927200019359589,-0.4355,-0.2922,0.6404
21.39,09-22-2026 23:26:13:785,-0.235100001096725,0.240799993276596,0.164700001478195,0.927299976348877,-0.4363,-0.2931,0.6417
21.4,09-22-2026 23:26:13:795,-0.23479999601841,0.240799993276596,0.164599999785423,0.927299976348877,-0.4365,-0.2945,0.6434
21.41,09-22-2026 23:26:13:805,-0.233799993991852,0.240899994969368,0.164299994707108,0.927699983119965,-0.4368,-0.2981,0.6429
21.42,09-22-2026 23:26:13:815,-0.233500003814697,0.240899994969368,0.164199993014336,0.927799999713898,-0.4362,-0.2994,0.6414
21.43,09-22-2026 23:26:13:825,-0.233199998736382,0.240899994969368,0.164100006222725,0.927900016307831,-0.4346,-0.3014,0.6421
21.44,09-22-2026 23:26:13:835,-0.232899993658066,0.240899994969368,0.164100006222725,0.927999973297119,-0.4329,-0.3032,0.6414
21.45,09-22-2026 23:26:13:845,-0.232600003480911,0.240899994969368,0.164000004529953,0.927999973297119,-0.4317,-0.3041,0.6409
21.46,09-22-2026 23:26:13:855,-0.232400000095367,0.240899994969368,0.163900002837181,0.928099989891052,-0.4304,-0.3048,0.6417
21.47,09-22-2026 23:26:13:865,-0.232099995017052,0.240799993276596,0.163900002837181,0.928200006484985,-0.4295,-0.3055,0.6415
21.48,09-22-2026 23:26:13:875,-0.231900006532669,0.240700006484985,0.163800001144409,0.928300023078918,-0.4283,-0.3064,0.6411
21.49,09-22-2026 23:26:13:885,-0.231600001454353,0.240700006484985,0.163800001144409,0.928300023078918,-0.4271,-0.3067,0.6411
21.5,09-22-2026 23:26:13:895,-0.23139999806881,0.240600004792213,0.163800001144409,0.928399980068207,-0.4263,-0.3064,0.6405
21.51,09-22-2026 23:26:13:905,-0.230800002813339,0.240199998021126,0.164000004529953,0.928600013256073,-0.4232,-0.3044,0.6382
21.52,09-22-2026 23:26:13:915,-0.230700001120567,0.240099996328354,0.164000004529953,0.928600013256073,-0.4233,-0.3038,0.6379
21.53,09-22-2026 23:26:13:925,-0.230599999427795,0.239999994635582,0.164100006222725,0.928699970245361,-0.4233,-0.3039,0.6381
21.54,09-22-2026 23:26:13:935,-0.230499997735023,0.23989999294281,0.164199993014336,0.928699970245361,-0.4232,-0.3045,0.6378
21.55,09-22-2026 23:26:13:945,-0.230499997735023,0.239700004458427,0.164299994707108,0.928699970245361,-0.4234,-0.3036,0.6378
21.56,09-22-2026 23:26:13:955,-0.230399996042252,0.239600002765656,0.164399996399879,0.928699970245361,-0.4245,-0.3019,0.6389
21.57,09-22-2026 23:26:13:965,-0.230399996042252,0.239500001072884,0.164399996399879,0.928699970245361,-0.4247,-0.3009,0.6392
21.58,09-22-2026 23:26:13:975,-0.23029999434948,0.239399999380112,0.164499998092651,0.928799986839294,-0.4251,-0.3002,0.6375
21.59,09-22-2026 23:26:13:985,-0.23029999434948,0.23929999768734,0.164599999785423,0.928799986839294,-0.4251,-0.3003,0.636
21.6,09-22-2026 23:26:13:995,-0.230199992656708,0.239199995994568,0.164700001478195,0.928799986839294,-0.4256,-0.3006,0.6361
21.61,09-22-2026 23:26:14:005,-0.230199992656708,0.238800004124641,0.165099993348122,0.928799986839294,-0.4261,-0.3029,0.639
21.62,09-22-2026 23:26:14:015,-0.230199992656708,0.23870000243187,0.165199995040894,0.928799986839294,-0.425,-0.3025,0.6387
21.63,09-22-2026 23:26:14:025,-0.230199992656708,0.238600000739098,0.165299996733665,0.928799986839294,-0.4256,-0.3018,0.6385
21.64,09-22-2026 23:26:14:035,-0.230199992656708,0.238499999046326,0.165399998426437,0.928799986839294,-0.4256,-0.302,0.6394
21.65,09-22-2026 23:26:14:045,-0.230199992656708,0.238499999046326,0.165500000119209,0.928799986839294,-0.4256,-0.3031,0.6396
21.66,09-22-2026 23:26:14:055,-0.230199992656708,0.238399997353554,0.165500000119209,0.928799986839294,-0.4269,-0.3037,0.6387
21.67,09-22-2026 23:26:14:065,-0.230199992656708,0.238299995660782,0.165600001811981,0.928799986839294,-0.4282,-0.3034,0.6391
21.68,09-22-2026 23:26:14:075,-0.230199992656708,0.23819999396801,0.165700003504753,0.928799986839294,-0.4297,-0.3031,0.641
21.69,09-22-2026 23:26:14:085,-0.230199992656708,0.238100007176399,0.165800005197525,0.928900003433228,-0.4303,-0.3033,0.6411
21.7,09-22-2026 23:26:14:095,-0.230199992656708,0.238100007176399,0.165800005197525,0.928900003433228,-0.4309,-0.3037,0.6414
21.71,09-22-2026 23:26:14:105,-0.230199992656708,0.237800002098083,0.165999993681908,0.928900003433228,-0.4314,-0.3039,0.6422
21.72,09-22-2026 23:26:14:115,-0.230199992656708,0.237800002098083,0.165999993681908,0.928900003433228,-0.4315,-0.3034,0.6411
21.73,09-22-2026 23:26:14:125,-0.230100005865097,0.237800002098083,0.165999993681908,0.928900003433228,-0.4317,-0.3027,0.6415
21.74,09-22-2026 23:26:14:135,-0.230100005865097,0.237800002098083,0.165999993681908,0.928900003433228,-0.4323,-0.3018,0.6435
21.75,09-22-2026 23:26:14:145,-0.230000004172325,0.237800002098083,0.165999993681908,0.928900003433228,-0.4325,-0.3013,0.6455
21.76,09-22-2026 23:26:14:155,-0.229900002479553,0.237800002098083,0.165999993681908,0.929000020027161,-0.4323,-0.3013,0.6463
21.77,09-22-2026 23:26:14:165,-0.229900002479553,0.237800002098083,0.165999993681908,0.929000020027161,-0.4324,-0.3009,0.6446
21.78,09-22-2026 23:26:14:175,-0.229800000786781,0.237800002098083,0.165999993681908,0.929000020027161,-0.4318,-0.3011,0.643
21.79,09-22-2026 23:26:14:185,-0.229800000786781,0.237800002098083,0.165999993681908,0.929000020027161,-0.4324,-0.3,0.6429
21.8,09-22-2026 23:26:14:195,-0.229699999094009,0.237800002098083,0.165999993681908,0.929000020027161,-0.432,-0.2985,0.6432
21.81,09-22-2026 23:26:14:205,-0.229499995708466,0.237800002098083,0.165999993681908,0.929099977016449,-0.4319,-0.296,0.6394
21.82,09-22-2026 23:26:14:215,-0.229399994015694,0.237700000405312,0.165999993681908,0.929099977016449,-0.4309,-0.2958,0.6392
21.83,09-22-2026 23:26:14:225,-0.229300007224083,0.237700000405312,0.165999993681908,0.929099977016449,-0.4294,-0.2953,0.6378
21.84,09-22-2026 23:26:14:235,-0.229200005531311,0.23759999871254,0.165999993681908,0.929099977016449,-0.4282,-0.2956,0.6359
21.85,09-22-2026 23:26:14:245,-0.229200005531311,0.23759999871254,0.165999993681908,0.929099977016449,-0.428,-0.2947,0.6356
21.86,09-22-2026 23:26:14:255,-0.229100003838539,0.23759999871254,0.165999993681908,0.929099977016449,-0.4276,-0.2936,0.6362
21.87,09-22-2026 23:26:14:265,-0.229000002145767,0.23759999871254,0.165900006890297,0.929099977016449,-0.4274,-0.2928,0.6368
21.88,09-22-2026 23:26:14:275,-0.229000002145767,0.23759999871254,0.165900006890297,0.929099977016449,-0.4272,-0.292,0.6366
21.89,09-22-2026 23:26:14:285,-0.228900000452995,0.23759999871254,0.165900006890297,0.929099977016449,-0.4264,-0.2913,0.636
21.9,09-22-2026 23:26:14:295,-0.228799998760223,0.23759999871254,0.165900006890297,0.929099977016449,-0.4252,-0.2907,0.6345
21.91,09-22-2026 23:26:14:305,-0.228499993681908,0.237700000405312,0.165900006890297,0.929199993610382,-0.4234,-0.2892,0.6316
21.92,09-22-2026 23:26:14:315,-0.228400006890297,0.237700000405312,0.165900006890297,0.929199993610382,-0.423,-0.2895,0.6333
21.93,09-22-2026 23:26:14:325,-0.228300005197525,0.237700000405312,0.165900006890297,0.929199993610382,-0.4234,-0.2893,0.6345
21.94,09-22-2026 23:26:14:335,-0.228300005197525,0.237800002098083,0.165999993681908,0.929199993610382,-0.4233,-0.2892,0.6369
21.95,09-22-2026 23:26:14:345,-0.228200003504753,0.237800002098083,0.165999993681908,0.929199993610382,-0.4242,-0.289,0.6391
21.96,09-22-2026 23:26:14:355,-0.228200003504753,0.237800002098083,0.165999993681908,0.929199993610382,-0.4238,-0.2888,0.6399
21.97,09-22-2026 23:26:14:365,-0.228200003504753,0.237900003790855,0.165999993681908,0.929199993610382,-0.4238,-0.2884,0.6406
21.98,09-22-2026 23:26:14:375,-0.228200003504753,0.237900003790855,0.16609999537468,0.929199993610382,-0.4238,-0.2884,0.6408
21.99,09-22-2026 23:26:14:385,-0.228200003504753,0.237900003790855,0.16609999537468,0.929199993610382,-0.4234,-0.2884,0.6401
22,09-22-2026 23:26:14:395,-0.228200003504753,0.237900003790855,0.166199997067451,0.929199993610382,-0.4228,-0.2883,0.6395
22.01,09-22-2026 23:26:14:405,-0.228300005197525,0.237900003790855,0.166299998760223,0.929199993610382,-0.4242,-0.2873,0.6385
22.02,09-22-2026 23:26:14:415,-0.228300005197525,0.237900003790855,0.166400000452995,0.929099977016449,-0.4251,-0.2876,0.6404
22.03,09-22-2026 23:26:14:425,-0.228400006890297,0.237900003790855,0.166500002145767,0.929099977016449,-0.4256,-0.2887,0.642
22.04,09-22-2026 23:26:14:435,-0.228400006890297,0.237900003790855,0.166500002145767,0.929099977016449,-0.4256,-0.2891,0.644
22.05,09-22-2026 23:26:14:445,-0.228499993681908,0.237900003790855,0.166600003838539,0.929099977016449,-0.4249,-0.2895,0.6443
22.06,09-22-2026 23:26:14:455,-0.228499993681908,0.237900003790855,0.166700005531311,0.929000020027161,-0.4248,-0.2894,0.6444
22.07,09-22-2026 23:26:14:465,-0.22859999537468,0.237900003790855,0.166700005531311,0.929000020027161,-0.4248,-0.2894,0.6453
22.08,09-22-2026 23:26:14:475,-0.22859999537468,0.237900003790855,0.166800007224083,0.929000020027161,-0.4257,-0.2895,0.646
22.09,09-22-2026 23:26:14:485,-0.22859999537468,0.237900003790855,0.166800007224083,0.929000020027161,-0.4262,-0.2906,0.647
22.1,09-22-2026 23:26:14:495,-0.22859999537468,0.237900003790855,0.166800007224083,0.929000020027161,-0.4269,-0.2911,0.648
22.11,09-22-2026 23:26:14:505,-0.228499993681908,0.237900003790855,0.166800007224083,0.929000020027161,-0.4278,-0.2896,0.6473
22.12,09-22-2026 23:26:14:515,-0.228499993681908,0.237900003790855,0.166800007224083,0.929000020027161,-0.4275,-0.2902,0.6471
22.13,09-22-2026 23:26:14:525,-0.228400006890297,0.237900003790855,0.166800007224083,0.929000020027161,-0.4268,-0.2904,0.6449
22.14,09-22-2026 23:26:14:535,-0.228400006890297,0.238000005483627,0.166800007224083,0.929000020027161,-0.4268,-0.29,0.6435
22.15,09-22-2026 23:26:14:545,-0.228400006890297,0.238000005483627,0.166800007224083,0.929000020027161,-0.4269,-0.2902,0.6437
22.16,09-22-2026 23:26:14:555,-0.228300005197525,0.238100007176399,0.166700005531311,0.929000020027161,-0.4269,-0.2899,0.6438
22.17,09-22-2026 23:26:14:565,-0.228300005197525,0.23819999396801,0.166700005531311,0.928900003433228,-0.4278,-0.2902,0.6443
22.18,09-22-2026 23:26:14:575,-0.228300005197525,0.23819999396801,0.166600003838539,0.928900003433228,-0.4292,-0.2887,0.6445
22.19,09-22-2026 23:26:14:585,-0.228200003504753,0.238299995660782,0.166600003838539,0.928900003433228,-0.4298,-0.2888,0.6456
22.2,09-22-2026 23:26:14:595,-0.228200003504753,0.238299995660782,0.166500002145767,0.928900003433228,-0.4295,-0.2892,0.6461
22.21,09-22-2026 23:26:14:605,-0.228100001811981,0.238499999046326,0.166400000452995,0.928900003433228,-0.4253,-0.2901,0.646
22.22,09-22-2026 23:26:14:615,-0.228000000119209,0.238600000739098,0.166299998760223,0.928900003433228,-0.4235,-0.2908,0.646
22.23,09-22-2026 23:26:14:625,-0.228000000119209,0.23870000243187,0.166299998760223,0.928900003433228,-0.422,-0.2909,0.646
22.24,09-22-2026 23:26:14:635,-0.228000000119209,0.238800004124641,0.166299998760223,0.928900003433228,-0.4217,-0.2906,0.6457
22.25,09-22-2026 23:26:14:645,-0.228000000119209,0.238900005817413,0.166199997067451,0.928900003433228,-0.4226,-0.2899,0.6444
22.26,09-22-2026 23:26:14:655,-0.228000000119209,0.238999992609024,0.166199997067451,0.928900003433228,-0.4233,-0.2894,0.6448
22.27,09-22-2026 23:26:14:665,-0.228000000119209,0.239099994301796,0.166199997067451,0.929000020027161,-0.424,-0.2899,0.6458
22.28,09-22-2026 23:26:14:675,-0.228000000119209,0.239199995994568,0.166199997067451,0.929000020027161,-0.4236,-0.2901,0.6459
22.29,09-22-2026 23:26:14:685,-0.228000000119209,0.23929999768734,0.166199997067451,0.929000020027161,-0.4227,-0.2892,0.6448
22.3,09-22-2026 23:26:14:695,-0.227899998426437,0.239399999380112,0.166199997067451,0.929000020027161,-0.4222,-0.2888,0.6441
22.31,09-22-2026 23:26:14:705,-0.227799996733665,0.239600002765656,0.16609999537468,0.929000020027161,-0.4217,-0.2878,0.6402
22.32,09-22-2026 23:26:14:715,-0.227799996733665,0.239600002765656,0.165999993681908,0.929000020027161,-0.4226,-0.2874,0.6407
22.33,09-22-2026 23:26:14:725,-0.227799996733665,0.239600002765656,0.165999993681908,0.929000020027161,-0.4234,-0.2862,0.6405
22.34,09-22-2026 23:26:14:735,-0.227799996733665,0.239600002765656,0.165900006890297,0.929000020027161,-0.4237,-0.2861,0.6397
22.35,09-22-2026 23:26:14:745,-0.227799996733665,0.239600002765656,0.165900006890297,0.929000020027161,-0.4242,-0.2861,0.6409
22.36,09-22-2026 23:26:14:755,-0.227799996733665,0.239700004458427,0.165800005197525,0.929000020027161,-0.4235,-0.2863,0.6412
22.37,09-22-2026 23:26:14:765,-0.227799996733665,0.239700004458427,0.165700003504753,0.929000020027161,-0.4226,-0.2868,0.6413
22.38,09-22-2026 23:26:14:775,-0.227799996733665,0.239700004458427,0.165700003504753,0.929000020027161,-0.4221,-0.2874,0.6414
22.39,09-22-2026 23:26:14:785,-0.227799996733665,0.239800006151199,0.165600001811981,0.929000020027161,-0.4212,-0.2882,0.6414
22.4,09-22-2026 23:26:14:795,-0.227799996733665,0.239800006151199,0.165600001811981,0.929000020027161,-0.4206,-0.2885,0.641
22.41,09-22-2026 23:26:14:805,-0.227799996733665,0.239800006151199,0.165299996733665,0.929000020027161,-0.4212,-0.2887,0.6419
22.42,09-22-2026 23:26:14:815,-0.227799996733665,0.23989999294281,0.165299996733665,0.929000020027161,-0.4217,-0.2895,0.6427
22.43,09-22-2026 23:26:14:825,-0.227799996733665,0.23989999294281,0.165199995040894,0.929000020027161,-0.4219,-0.2903,0.6428
22.44,09-22-2026 23:26:14:835,-0.227699995040894,0.23989999294281,0.165199995040894,0.929099977016449,-0.4222,-0.2919,0.6437
22.45,09-22-2026 23:26:14:845,-0.227699995040894,0.23989999294281,0.165199995040894,0.929099977016449,-0.4226,-0.2921,0.6448
22.46,09-22-2026 23:26:14:855,-0.227599993348122,0.23989999294281,0.165199995040894,0.929099977016449,-0.4227,-0.2929,0.6455
22.47,09-22-2026 23:26:14:865,-0.227599993348122,0.23989999294281,0.165199995040894,0.929099977016449,-0.4232,-0.2928,0.6476
22.48,09-22-2026 23:26:14:875,-0.227599993348122,0.23989999294281,0.165199995040894,0.929099977016449,-0.4238,-0.2926,0.6481
22.49,09-22-2026 23:26:14:885,-0.227500006556511,0.23989999294281,0.165199995040894,0.929099977016449,-0.4237,-0.2921,0.6484
22.5,09-22-2026 23:26:14:895,-0.227500006556511,0.23989999294281,0.165199995040894,0.929099977016449,-0.4251,-0.29,0.6484
22.51,09-22-2026 23:26:14:905,-0.227400004863739,0.23989999294281,0.165199995040894,0.929099977016449,-0.4266,-0.288,0.6434
22.52,09-22-2026 23:26:14:915,-0.227400004863739,0.239999994635582,0.165099993348122,0.929199993610382,-0.4266,-0.2894,0.6423
22.53,09-22-2026 23:26:14:925,-0.227400004863739,0.239999994635582,0.165099993348122,0.929099977016449,-0.426,-0.2908,0.642
22.54,09-22-2026 23:26:14:935,-0.227400004863739,0.239999994635582,0.165000006556511,0.929099977016449,-0.4247,-0.2915,0.6424
22.55,09-22-2026 23:26:14:945,-0.227300003170967,0.239999994635582,0.165000006556511,0.929099977016449,-0.4236,-0.2919,0.644
22.56,09-22-2026 23:26:14:955,-0.227300003170967,0.239999994635582,0.165000006556511,0.929099977016449,-0.4241,-0.2917,0.6451
22.57,09-22-2026 23:26:14:965,-0.227300003170967,0.239999994635582,0.164900004863739,0.929199993610382,-0.4251,-0.2907,0.6447
22.58,09-22-2026 23:26:14:975,-0.227300003170967,0.240099996328354,0.164900004863739,0.929199993610382,-0.4251,-0.2904,0.644
22.59,09-22-2026 23:26:14:985,-0.227200001478195,0.240099996328354,0.164800003170967,0.929199993610382,-0.4242,-0.2903,0.6442
22.6,09-22-2026 23:26:14:995,-0.227200001478195,0.240099996328354,0.164800003170967,0.929199993610382,-0.4228,-0.2903,0.6433
22.61,09-22-2026 23:26:15:005,-0.226999998092651,0.240199998021126,0.164599999785423,0.929199993610382,-0.4192,-0.2895,0.6446
22.62,09-22-2026 23:26:15:015,-0.226899996399879,0.240299999713898,0.164599999785423,0.929199993610382,-0.42,-0.2883,0.6427
22.63,09-22-2026 23:26:15:025,-0.226799994707108,0.240299999713898,0.164499998092651,0.929199993610382,-0.4208,-0.2868,0.6416
22.64,09-22-2026 23:26:15:035,-0.226799994707108,0.24040000140667,0.164499998092651,0.929199993610382,-0.4214,-0.2859,0.6412
22.65,09-22-2026 23:26:15:045,-0.226699993014336,0.24040000140667,0.164399996399879,0.929199993610382,-0.4226,-0.2859,0.6404
22.66,09-22-2026 23:26:15:055,-0.226699993014336,0.240500003099442,0.164399996399879,0.929199993610382,-0.4238,-0.2857,0.6407
22.67,09-22-2026 23:26:15:065,-0.226600006222725,0.240500003099442,0.164299994707108,0.929199993610382,-0.4249,-0.2852,0.641
22.68,09-22-2026 23:26:15:075,-0.226600006222725,0.240600004792213,0.164299994707108,0.929199993610382,-0.4256,-0.2849,0.6419
22.69,09-22-2026 23:26:15:085,-0.226600006222725,0.240600004792213,0.164299994707108,0.929199993610382,-0.4259,-0.285,0.6433
22.7,09-22-2026 23:26:15:095,-0.226600006222725,0.240700006484985,0.164299994707108,0.929199993610382,-0.4259,-0.2846,0.6443
22.71,09-22-2026 23:26:15:105,-0.226500004529953,0.240799993276596,0.164199993014336,0.929199993610382,-0.4276,-0.2849,0.6461
22.72,09-22-2026 23:26:15:115,-0.226500004529953,0.240799993276596,0.164299994707108,0.929199993610382,-0.4278,-0.2851,0.6459
22.73,09-22-2026 23:26:15:125,-0.226400002837181,0.240799993276596,0.164299994707108,0.929199993610382,-0.4281,-0.2857,0.6452
22.74,09-22-2026 23:26:15:135,-0.226400002837181,0.240799993276596,0.164299994707108,0.929199993610382,-0.4287,-0.2854,0.6431
22.75,09-22-2026 23:26:15:145,-0.226400002837181,0.240899994969368,0.164299994707108,0.929199993610382,-0.4293,-0.2858,0.6419
22.76,09-22-2026 23:26:15:155,-0.226400002837181,0.240899994969368,0.164299994707108,0.929199993610382,-0.4299,-0.2865,0.6416
22.77,09-22-2026 23:26:15:165,-0.226400002837181,0.240899994969368,0.164399996399879,0.929199993610382,-0.4302,-0.2865,0.6416
22.78,09-22-2026 23:26:15:175,-0.226400002837181,0.240899994969368,0.164399996399879,0.929199993610382,-0.4299,-0.2869,0.6419
22.79,09-22-2026 23:26:15:185,-0.226400002837181,0.24099999666214,0.164399996399879,0.929199993610382,-0.4293,-0.2862,0.6424
22.8,09-22-2026 23:26:15:195,-0.226400002837181,0.24099999666214,0.164399996399879,0.929199993610382,-0.4286,-0.2868,0.6423
22.81,09-22-2026 23:26:15:205,-0.226500004529953,0.240899994969368,0.164499998092651,0.929199993610382,-0.4297,-0.2874,0.644
22.82,09-22-2026 23:26:15:215,-0.226500004529953,0.240899994969368,0.164499998092651,0.929199993610382,-0.4298,-0.2879,0.645
22.83,09-22-2026 23:26:15:225,-0.226500004529953,0.240899994969368,0.164499998092651,0.929199993610382,-0.4295,-0.2883,0.6455
22.84,09-22-2026 23:26:15:235,-0.226500004529953,0.240899994969368,0.164599999785423,0.929199993610382,-0.429,-0.288,0.6453
22.85,09-22-2026 23:26:15:245,-0.226600006222725,0.240899994969368,0.164599999785423,0.929199993610382,-0.4285,-0.2876,0.6442
22.86,09-22-2026 23:26:15:255,-0.226600006222725,0.240899994969368,0.164599999785423,0.929199993610382,-0.4284,-0.2873,0.6409
22.87,09-22-2026 23:26:15:265,-0.226600006222725,0.240899994969368,0.164499998092651,0.929199993610382,-0.4284,-0.2867,0.6388
22.88,09-22-2026 23:26:15:275,-0.226699993014336,0.240899994969368,0.164499998092651,0.929099977016449,-0.4283,-0.2862,0.6397
22.89,09-22-2026 23:26:15:285,-0.226699993014336,0.240899994969368,0.164499998092651,0.929099977016449,-0.4285,-0.2861,0.6407
22.9,09-22-2026 23:26:15:295,-0.226799994707108,0.240899994969368,0.164499998092651,0.929099977016449,-0.4279,-0.2864,0.6414
22.91,09-22-2026 23:26:15:305,-0.226899996399879,0.240899994969368,0.164499998092651,0.929099977016449,-0.4278,-0.2842,0.6411
22.92,09-22-2026 23:26:15:315,-0.226899996399879,0.240899994969368,0.164499998092651,0.929099977016449,-0.4282,-0.2842,0.6418
22.93,09-22-2026 23:26:15:325,-0.226999998092651,0.240899994969368,0.164499998092651,0.929099977016449,-0.4285,-0.2845,0.6415
22.94,09-22-2026 23:26:15:335,-0.226999998092651,0.240899994969368,0.164499998092651,0.929099977016449,-0.4282,-0.2847,0.642
22.95,09-22-2026 23:26:15:345,-0.227099999785423,0.24099999666214,0.164399996399879,0.929099977016449,-0.4281,-0.2849,0.6432
22.96,09-22-2026 23:26:15:355,-0.227099999785423,0.241099998354912,0.164399996399879,0.929099977016449,-0.4289,-0.2853,0.6445
22.97,09-22-2026 23:26:15:365,-0.227200001478195,0.241099998354912,0.164299994707108,0.929000020027161,-0.4294,-0.2845,0.6448
22.98,09-22-2026 23:26:15:375,-0.227200001478195,0.241200000047684,0.164299994707108,0.929000020027161,-0.4297,-0.2836,0.645
22.99,09-22-2026 23:26:15:385,-0.227300003170967,0.241200000047684,0.164199993014336,0.929000020027161,-0.4305,-0.2833,0.6444
23,09-22-2026 23:26:15:395,-0.227300003170967,0.241200000047684,0.164100006222725,0.929000020027161,-0.4307,-0.2822,0.6443
23.01,09-22-2026 23:26:15:405,-0.227500006556511,0.241400003433228,0.163900002837181,0.929000020027161,-0.4305,-0.2835,0.6444
23.02,09-22-2026 23:26:15:415,-0.227500006556511,0.241500005125999,0.163800001144409,0.929000020027161,-0.4303,-0.2835,0.644
23.03,09-22-2026 23:26:15:425,-0.227599993348122,0.241500005125999,0.163699999451637,0.928900003433228,-0.4306,-0.2841,0.6438
23.04,09-22-2026 23:26:15:435,-0.227599993348122,0.241600006818771,0.163499996066093,0.928900003433228,-0.4309,-0.2835,0.6424
23.05,09-22-2026 23:26:15:445,-0.227699995040894,0.241600006818771,0.163399994373322,0.928900003433228,-0.4312,-0.2831,0.6423
23.06,09-22-2026 23:26:15:455,-0.227799996733665,0.241699993610382,0.16329999268055,0.928799986839294,-0.431,-0.2839,0.6421
23.07,09-22-2026 23:26:15:465,-0.227799996733665,0.241799995303154,0.163200005888939,0.928799986839294,-0.4306,-0.2845,0.6426
23.08,09-22-2026 23:26:15:475,-0.227899998426437,0.241799995303154,0.163100004196167,0.928799986839294,-0.4303,-0.2848,0.6416
23.09,09-22-2026 23:26:15:485,-0.227899998426437,0.241899996995926,0.163000002503395,0.928799986839294,-0.43,-0.2851,0.6421
23.1,09-22-2026 23:26:15:495,-0.228000000119209,0.241999998688698,0.162900000810623,0.928699970245361,-0.4293,-0.2849,0.6436
23.11,09-22-2026 23:26:15:505,-0.228400006890297,0.242300003767014,0.162499994039536,0.928600013256073,-0.4302,-0.2834,0.6432
23.12,09-22-2026 23:26:15:515,-0.228499993681908,0.242400005459785,0.162400007247925,0.92849999666214,-0.4307,-0.2842,0.643
23.13,09-22-2026 23:26:15:525,-0.22859999537468,0.242500007152557,0.162300005555153,0.92849999666214,-0.4306,-0.2847,0.6425
23.14,09-22-2026 23:26:15:535,-0.228699997067451,0.242599993944168,0.162200003862381,0.92849999666214,-0.4302,-0.2852,0.6409
23.15,09-22-2026 23:26:15:545,-0.228799998760223,0.24269999563694,0.162100002169609,0.928399980068207,-0.4298,-0.2852,0.6398
23.16,09-22-2026 23:26:15:555,-0.228799998760223,0.242799997329712,0.162000000476837,0.928399980068207,-0.429,-0.2849,0.6398
23.17,09-22-2026 23:26:15:565,-0.228900000452995,0.242899999022484,0.162000000476837,0.928399980068207,-0.4288,-0.2843,0.6397
23.18,09-22-2026 23:26:15:575,-0.229000002145767,0.243100002408028,0.161899998784065,0.928300023078918,-0.4285,-0.2837,0.6402
23.19,09-22-2026 23:26:15:585,-0.229100003838539,0.2432000041008,0.161799997091293,0.928300023078918,-0.4292,-0.2832,0.6405
23.2,09-22-2026 23:26:15:595,-0.229200005531311,0.243300005793571,0.161699995398521,0.928300023078918,-0.4292,-0.2839,0.6423
23.21,09-22-2026 23:26:15:605,-0.229399994015694,0.24379999935627,0.161300003528595,0.928200006484985,-0.4286,-0.2853,0.6414
23.22,09-22-2026 23:26:15:615,-0.229499995708466,0.243900001049042,0.161200001835823,0.928099989891052,-0.4284,-0.2859,0.6414
23.23,09-22-2026 23:26:15:625,-0.229599997401237,0.244000002741814,0.160999998450279,0.928099989891052,-0.4272,-0.286,0.6401
23.24,09-22-2026 23:26:15:635,-0.229699999094009,0.244200006127357,0.160899996757507,0.927999973297119,-0.426,-0.2859,0.6395
23.25,09-22-2026 23:26:15:645,-0.229800000786781,0.244299992918968,0.160799995064735,0.927999973297119,-0.4264,-0.286,0.6398
23.26,09-22-2026 23:26:15:655,-0.229900002479553,0.24439999461174,0.160699993371964,0.927999973297119,-0.4262,-0.2858,0.6402
23.27,09-22-2026 23:26:15:665,-0.230000004172325,0.244499996304512,0.160600006580353,0.927900016307831,-0.4265,-0.2856,0.641
23.28,09-22-2026 23:26:15:675,-0.230100005865097,0.244599997997284,0.160500004887581,0.927900016307831,-0.4266,-0.2856,0.6418
23.29,09-22-2026 23:26:15:685,-0.230199992656708,0.244699999690056,0.160400003194809,0.927799999713898,-0.4269,-0.2857,0.6414
23.3,09-22-2026 23:26:15:695,-0.23029999434948,0.244800001382828,0.160300001502037,0.927799999713898,-0.4271,-0.2857,0.6408
23.31,09-22-2026 23:26:15:705,-0.230700001120567,0.245100006461143,0.160099998116493,0.927500009536743,-0.4272,-0.2861,0.6412
23.32,09-22-2026 23:26:15:715,-0.230800002813339,0.245199993252754,0.160099998116493,0.92739999294281,-0.4279,-0.286,0.6402
23.33,09-22-2026 23:26:15:725,-0.230900004506111,0.245299994945526,0.159999996423721,0.92739999294281,-0.4294,-0.2856,0.6402
23.34,09-22-2026 23:26:15:735,-0.231000006198883,0.245399996638298,0.159999996423721,0.927299976348877,-0.4302,-0.2845,0.6395
23.35,09-22-2026 23:26:15:745,-0.231099992990494,0.24549999833107,0.159999996423721,0.927200019359589,-0.43,-0.2849,0.64
23.36,09-22-2026 23:26:15:755,-0.231199994683266,0.245600000023842,0.159899994730949,0.927100002765656,-0.4298,-0.2849,0.6416
23.37,09-22-2026 23:26:15:765,-0.231299996376038,0.245700001716614,0.159899994730949,0.927100002765656,-0.4304,-0.2854,0.6427
23.38,09-22-2026 23:26:15:775,-0.23139999806881,0.245900005102158,0.159799993038177,0.926999986171722,-0.4303,-0.2863,0.6423
23.39,09-22-2026 23:26:15:785,-0.231600001454353,0.24600000679493,0.159799993038177,0.926900029182434,-0.4294,-0.2866,0.6422
23.4,09-22-2026 23:26:15:795,-0.231700003147125,0.24609999358654,0.159799993038177,0.926800012588501,-0.4297,-0.2872,0.6423
23.41,09-22-2026 23:26:15:805,-0.231900006532669,0.246700003743172,0.159600004553795,0.926500022411346,-0.4329,-0.2863,0.6417
23.42,09-22-2026 23:26:15:815,-0.23199999332428,0.246900007128716,0.159500002861023,0.926400005817413,-0.4337,-0.2857,0.639
23.43,09-22-2026 23:26:15:825,-0.23199999332428,0.247099995613098,0.159500002861023,0.926400005817413,-0.4341,-0.286,0.6385
23.44,09-22-2026 23:26:15:835,-0.232099995017052,0.247299998998642,0.159500002861023,0.92629998922348,-0.4337,-0.286,0.6418
23.45,09-22-2026 23:26:15:845,-0.232099995017052,0.247500002384186,0.159500002861023,0.926199972629547,-0.4321,-0.2863,0.6434
23.46,09-22-2026 23:26:15:855,-0.232099995017052,0.24770000576973,0.159400001168251,0.926100015640259,-0.4308,-0.286,0.6424
23.47,09-22-2026 23:26:15:865,-0.232199996709824,0.247999995946884,0.159400001168251,0.926100015640259,-0.4303,-0.2863,0.6404
23.48,09-22-2026 23:26:15:875,-0.232199996709824,0.248199999332428,0.159400001168251,0.925999999046326,-0.4309,-0.2854,0.6378
23.49,09-22-2026 23:26:15:885,-0.232199996709824,0.248500004410744,0.159400001168251,0.925899982452393,-0.4318,-0.2842,0.6366
23.5,09-22-2026 23:26:15:895,-0.232199996709824,0.248799994587898,0.159400001168251,0.925800025463104,-0.4309,-0.2852,0.6369
23.51,09-22-2026 23:26:15:905,-0.232299998402596,0.249500006437302,0.159400001168251,0.925499975681305,-0.4323,-0.2877,0.6373
23.52,09-22-2026 23:26:15:915,-0.232299998402596,0.249699994921684,0.159400001168251,0.925400018692017,-0.4321,-0.2884,0.6377
23.53,09-22-2026 23:26:15:925,-0.232299998402596,0.249899998307228,0.159400001168251,0.925300002098083,-0.4333,-0.2884,0.638
23.54,09-22-2026 23:26:15:935,-0.232299998402596,0.250099986791611,0.159500002861023,0.92519998550415,-0.4347,-0.2883,0.6387
23.55,09-22-2026 23:26:15:945,-0.232299998402596,0.250299990177155,0.159500002861023,0.925100028514862,-0.436,-0.2887,0.6385
23.56,09-22-2026 23:26:15:955,-0.232400000095367,0.250600010156631,0.159500002861023,0.925000011920929,-0.4373,-0.288,0.6381
23.57,09-22-2026 23:26:15:965,-0.232400000095367,0.250800013542175,0.159500002861023,0.924899995326996,-0.4373,-0.2884,0.638
23.58,09-22-2026 23:26:15:975,-0.232400000095367,0.25110000371933,0.159500002861023,0.924799978733063,-0.4381,-0.2894,0.6373
23.59,09-22-2026 23:26:15:985,-0.232400000095367,0.251300007104874,0.159600004553795,0.924700021743774,-0.4387,-0.2898,0.6379
23.6,09-22-2026 23:26:15:995,-0.232400000095367,0.251599997282028,0.159600004553795,0.924600005149841,-0.4382,-0.2905,0.64
23.61,09-22-2026 23:26:16:005,-0.232600003480911,0.252700001001358,0.159600004553795,0.924199998378754,-0.4381,-0.2907,0.6331
23.62,09-22-2026 23:26:16:015,-0.232600003480911,0.253100007772446,0.159600004553795,0.924099981784821,-0.4375,-0.2912,0.6333
23.63,09-22-2026 23:26:16:025,-0.232700005173683,0.2533999979496,0.159600004553795,0.924000024795532,-0.4368,-0.292,0.6345
23.64,09-22-2026 23:26:16:035,-0.232800006866455,0.253800004720688,0.159600004553795,0.924000024795532,-0.4369,-0.2922,0.6358
23.65,09-22-2026 23:26:16:045,-0.232899993658066,0.254099994897842,0.159600004553795,0.923900008201599,-0.4363,-0.2929,0.6365
23.66,09-22-2026 23:26:16:055,-0.232999995350838,0.25450000166893,0.159600004553795,0.923799991607666,-0.4356,-0.2935,0.6369
23.67,09-22-2026 23:26:16:065,-0.232999995350838,0.254900008440018,0.159500002861023,0.923699975013733,-0.4353,-0.2939,0.6355
23.68,09-22-2026 23:26:16:075,-0.23309999704361,0.255199998617172,0.159500002861023,0.923600018024445,-0.435,-0.2943,0.6339
23.69,09-22-2026 23:26:16:085,-0.233199998736382,0.25560000538826,0.159500002861023,0.923500001430511,-0.4345,-0.2946,0.6358
23.7,09-22-2026 23:26:16:095,-0.233300000429153,0.255899995565414,0.159400001168251,0.923399984836578,-0.4346,-0.2952,0.6355
23.71,09-22-2026 23:26:16:105,-0.233799993991852,0.257299989461899,0.159099996089935,0.923099994659424,-0.4369,-0.2915,0.6375
23.72,09-22-2026 23:26:16:115,-0.233999997377396,0.257699996232986,0.158999994397163,0.922999978065491,-0.4372,-0.2914,0.6347
23.73,09-22-2026 23:26:16:125,-0.234099999070168,0.257999986410141,0.158899992704391,0.922999978065491,-0.4384,-0.2912,0.6335
23.74,09-22-2026 23:26:16:135,-0.234300002455711,0.258300006389618,0.158800005912781,0.922900021076202,-0.4387,-0.2911,0.6328
23.75,09-22-2026 23:26:16:145,-0.234400004148483,0.258599996566772,0.158700004220009,0.922800004482269,-0.4392,-0.2909,0.6315
23.76,09-22-2026 23:26:16:155,-0.234599992632866,0.258899986743927,0.158600002527237,0.922699987888336,-0.4386,-0.2914,0.6289
23.77,09-22-2026 23:26:16:165,-0.234699994325638,0.259200006723404,0.158500000834465,0.922599971294403,-0.4385,-0.2915,0.6285
23.78,09-22-2026 23:26:16:175,-0.234899997711182,0.259499996900558,0.158399999141693,0.922599971294403,-0.439,-0.292,0.6305
23.79,09-22-2026 23:26:16:185,-0.235100001096725,0.259799987077713,0.158399999141693,0.922500014305115,-0.4399,-0.2926,0.6331
23.8,09-22-2026 23:26:16:195,-0.235200002789497,0.26010000705719,0.158299997448921,0.922399997711182,-0.4399,-0.2926,0.6341
23.81,09-22-2026 23:26:16:205,-0.235799998044968,0.261000007390976,0.157900005578995,0.922100007534027,-0.4413,-0.294,0.6371
23.82,09-22-2026 23:26:16:215,-0.236000001430511,0.26120001077652,0.157800003886223,0.922100007534027,-0.4418,-0.2945,0.6353
23.83,09-22-2026 23:26:16:225,-0.236100003123283,0.261400014162064,0.157700002193451,0.921999990940094,-0.4412,-0.2951,0.6328
23.84,09-22-2026 23:26:16:235,-0.236300006508827,0.261599987745285,0.157600000500679,0.921899974346161,-0.4415,-0.2953,0.6325
23.85,09-22-2026 23:26:16:245,-0.236399993300438,0.261799991130829,0.157499998807907,0.921899974346161,-0.4415,-0.2946,0.632
23.86,09-22-2026 23:26:16:255,-0.23649999499321,0.261999994516373,0.157399997115135,0.921800017356873,-0.4413,-0.2945,0.6323
23.87,09-22-2026 23:26:16:265,-0.236599996685982,0.262100011110306,0.157399997115135,0.921800017356873,-0.4415,-0.294,0.6321
23.88,09-22-2026 23:26:16:275,-0.236699998378754,0.26230001449585,0.157299995422363,0.921800017356873,-0.4416,-0.2937,0.6334
23.89,09-22-2026 23:26:16:285,-0.236800000071526,0.262499988079071,0.157199993729591,0.921700000762939,-0.4418,-0.2929,0.6342
23.9,09-22-2026 23:26:16:295,-0.236900001764297,0.262699991464615,0.157100006937981,0.921700000762939,-0.4418,-0.2934,0.6324
23.91,09-22-2026 23:26:16:305,-0.237000003457069,0.263200014829636,0.156800001859665,0.921599984169006,-0.4446,-0.293,0.6291
23.92,09-22-2026 23:26:16:315,-0.237100005149841,0.263399988412857,0.156700000166893,0.921500027179718,-0.4438,-0.2933,0.6284
23.93,09-22-2026 23:26:16:325,-0.237100005149841,0.26350000500679,0.156700000166893,0.921500027179718,-0.4433,-0.2934,0.6279
23.94,09-22-2026 23:26:16:335,-0.237200006842613,0.263599991798401,0.156599998474121,0.921500027179718,-0.4439,-0.2923,0.6283
23.95,09-22-2026 23:26:16:345,-0.237299993634224,0.263700008392334,0.156599998474121,0.921400010585785,-0.4442,-0.2912,0.6274
23.96,09-22-2026 23:26:16:355,-0.237299993634224,0.263799995183945,0.156499996781349,0.921400010585785,-0.4442,-0.2912,0.6282
23.97,09-22-2026 23:26:16:365,-0.237399995326996,0.263900011777878,0.156499996781349,0.921400010585785,-0.4439,-0.2912,0.629
23.98,09-22-2026 23:26:16:375,-0.237399995326996,0.263900011777878,0.156499996781349,0.921299993991852,-0.444,-0.2912,0.6287
23.99,09-22-2026 23:26:16:385,-0.237499997019768,0.263999998569489,0.156499996781349,0.921299993991852,-0.4427,-0.2916,0.6275
24,09-22-2026 23:26:16:395,-0.237499997019768,0.264099985361099,0.156499996781349,0.921299993991852,-0.4421,-0.2917,0.6256
24.01,09-22-2026 23:26:16:405,-0.23759999871254,0.264299988746643,0.156499996781349,0.921199977397919,-0.4452,-0.2886,0.6243
24.02,09-22-2026 23:26:16:415,-0.237700000405312,0.264400005340576,0.156499996781349,0.921199977397919,-0.4456,-0.2878,0.6226
24.03,09-22-2026 23:26:16:425,-0.237700000405312,0.264400005340576,0.156599998474121,0.92110002040863,-0.4466,-0.2873,0.6212
24.04,09-22-2026 23:26:16:435,-0.237700000405312,0.264499992132187,0.156599998474121,0.92110002040863,-0.4467,-0.2867,0.6213
24.05,09-22-2026 23:26:16:445,-0.237700000405312,0.264499992132187,0.156599998474121,0.92110002040863,-0.4478,-0.2871,0.6214
24.06,09-22-2026 23:26:16:455,-0.237700000405312,0.264499992132187,0.156700000166893,0.92110002040863,-0.4486,-0.287,0.6215
24.07,09-22-2026 23:26:16:465,-0.237700000405312,0.26460000872612,0.156700000166893,0.92110002040863,-0.4498,-0.2865,0.6207
24.08,09-22-2026 23:26:16:475,-0.237800002098083,0.26460000872612,0.156700000166893,0.921000003814697,-0.4504,-0.2867,0.6212
24.09,09-22-2026 23:26:16:485,-0.237800002098083,0.264699995517731,0.156800001859665,0.921000003814697,-0.4508,-0.2868,0.6219
24.1,09-22-2026 23:26:16:495,-0.237900003790855,0.264800012111664,0.156800001859665,0.921000003814697,-0.4509,-0.2868,0.6226
24.11,09-22-2026 23:26:16:505,-0.238299995660782,0.264899998903275,0.156900003552437,0.920799970626831,-0.4528,-0.2869,0.6202
24.12,09-22-2026 23:26:16:515,-0.238499999046326,0.264899998903275,0.157000005245209,0.920700013637543,-0.4536,-0.2869,0.6199
24.13,09-22-2026 23:26:16:525,-0.238600000739098,0.264999985694885,0.157000005245209,0.920700013637543,-0.4539,-0.2877,0.6193
24.14,09-22-2026 23:26:16:535,-0.238800004124641,0.264999985694885,0.157100006937981,0.92059999704361,-0.455,-0.2878,0.6189
24.15,09-22-2026 23:26:16:545,-0.238900005817413,0.264999985694885,0.157100006937981,0.92059999704361,-0.4561,-0.2868,0.619
24.16,09-22-2026 23:26:16:555,-0.239099994301796,0.265100002288818,0.157199993729591,0.920499980449677,-0.457,-0.2864,0.6191
24.17,09-22-2026 23:26:16:565,-0.239199995994568,0.265100002288818,0.157199993729591,0.920499980449677,-0.458,-0.2868,0.619
24.18,09-22-2026 23:26:16:575,-0.239399999380112,0.265100002288818,0.157299995422363,0.920499980449677,-0.4586,-0.288,0.6197
24.19,09-22-2026 23:26:16:585,-0.239500001072884,0.265199989080429,0.157299995422363,0.920400023460388,-0.4586,-0.2881,0.6208
24.2,09-22-2026 23:26:16:595,-0.239600002765656,0.265199989080429,0.157299995422363,0.920400023460388,-0.4594,-0.2886,0.6201
24.21,09-22-2026 23:26:16:605,-0.239800006151199,0.265399992465973,0.157299995422363,0.920400023460388,-0.4608,-0.2906,0.6191
24.22,09-22-2026 23:26:16:615,-0.239800006151199,0.265500009059906,0.157299995422363,0.920400023460388,-0.4617,-0.2913,0.6194
24.23,09-22-2026 23:26:16:625,-0.239800006151199,0.265500009059906,0.157199993729591,0.920400023460388,-0.4622,-0.292,0.6187
24.24,09-22-2026 23:26:16:635,-0.23989999294281,0.265599995851517,0.157199993729591,0.920400023460388,-0.4623,-0.2928,0.6198
24.25,09-22-2026 23:26:16:645,-0.23989999294281,0.26570001244545,0.157100006937981,0.920400023460388,-0.4632,-0.294,0.6218
24.26,09-22-2026 23:26:16:655,-0.239800006151199,0.26570001244545,0.157100006937981,0.920400023460388,-0.463,-0.2944,0.623
24.27,09-22-2026 23:26:16:665,-0.239800006151199,0.265799999237061,0.157000005245209,0.920400023460388,-0.4628,-0.2951,0.6221
24.28,09-22-2026 23:26:16:675,-0.239800006151199,0.265799999237061,0.157000005245209,0.920400023460388,-0.4625,-0.2963,0.6205
24.29,09-22-2026 23:26:16:685,-0.239700004458427,0.265899986028671,0.156900003552437,0.920400023460388,-0.463,-0.2973,0.6187
24.3,09-22-2026 23:26:16:695,-0.239700004458427,0.265899986028671,0.156800001859665,0.920400023460388,-0.4637,-0.297,0.6185
24.31,09-22-2026 23:26:16:705,-0.239500001072884,0.266000002622604,0.156599998474121,0.920499980449677,-0.4627,-0.2977,0.6202
24.32,09-22-2026 23:26:16:715,-0.239399999380112,0.266000002622604,0.156499996781349,0.920499980449677,-0.4623,-0.2975,0.6173
24.33,09-22-2026 23:26:16:725,-0.23929999768734,0.266099989414215,0.156499996781349,0.920499980449677,-0.4617,-0.2968,0.6153
24.34,09-22-2026 23:26:16:735,-0.239199995994568,0.266099989414215,0.156399995088577,0.920499980449677,-0.4608,-0.297,0.6155
24.35,09-22-2026 23:26:16:745,-0.239099994301796,0.266099989414215,0.156299993395805,0.920499980449677,-0.4616,-0.2971,0.6162
24.36,09-22-2026 23:26:16:755,-0.238999992609024,0.266200006008148,0.156299993395805,0.92059999704361,-0.4623,-0.2968,0.6147
24.37,09-22-2026 23:26:16:765,-0.238999992609024,0.266200006008148,0.156200006604195,0.92059999704361,-0.463,-0.2969,0.6139
24.38,09-22-2026 23:26:16:775,-0.238900005817413,0.266200006008148,0.156200006604195,0.92059999704361,-0.4637,-0.2971,0.6134
24.39,09-22-2026 23:26:16:785,-0.238900005817413,0.266200006008148,0.156200006604195,0.92059999704361,-0.4635,-0.2987,0.614
24.4,09-22-2026 23:26:16:795,-0.238800004124641,0.266200006008148,0.156100004911423,0.92059999704361,-0.4632,-0.3007,0.6159
24.41,09-22-2026 23:26:16:805,-0.238800004124641,0.266299992799759,0.156000003218651,0.920499980449677,-0.4642,-0.3007,0.6159
24.42,09-22-2026 23:26:16:815,-0.238800004124641,0.266400009393692,0.155900001525879,0.920499980449677,-0.4633,-0.3001,0.6151
24.43,09-22-2026 23:26:16:825,-0.238900005817413,0.266400009393692,0.155900001525879,0.920499980449677,-0.4626,-0.2995,0.6144
24.44,09-22-2026 23:26:16:835,-0.238900005817413,0.266400009393692,0.155900001525879,0.920400023460388,-0.4627,-0.2985,0.6138
24.45,09-22-2026 23:26:16:845,-0.238900005817413,0.266400009393692,0.155799999833107,0.920400023460388,-0.4625,-0.2979,0.6117
24.46,09-22-2026 23:26:16:855,-0.238999992609024,0.266400009393692,0.155799999833107,0.920400023460388,-0.4621,-0.2976,0.6106
24.47,09-22-2026 23:26:16:865,-0.238999992609024,0.266499996185303,0.155799999833107,0.920300006866455,-0.4611,-0.2969,0.6091
24.48,09-22-2026 23:26:16:875,-0.239099994301796,0.266499996185303,0.155699998140335,0.920300006866455,-0.4597,-0.297,0.6064
24.49,09-22-2026 23:26:16:885,-0.239199995994568,0.266600012779236,0.155699998140335,0.920199990272522,-0.4584,-0.2962,0.6051
24.5,09-22-2026 23:26:16:895,-0.23929999768734,0.266600012779236,0.155699998140335,0.920099973678589,-0.458,-0.2958,0.6052
24.51,09-22-2026 23:26:16:905,-0.239999994635582,0.26690000295639,0.155599996447563,0.919799983501434,-0.4565,-0.2977,0.6107
24.52,09-22-2026 23:26:16:915,-0.240199998021126,0.266999989748001,0.155499994754791,0.919700026512146,-0.4568,-0.2986,0.6113
24.53,09-22-2026 23:26:16:925,-0.24040000140667,0.267100006341934,0.155499994754791,0.919600009918213,-0.4582,-0.2983,0.6116
24.54,09-22-2026 23:26:16:935,-0.240600004792213,0.267199993133545,0.155499994754791,0.91949999332428,-0.4585,-0.2989,0.61
24.55,09-22-2026 23:26:16:945,-0.240799993276596,0.267300009727478,0.155399993062019,0.919399976730347,-0.4581,-0.3005,0.6117
24.56,09-22-2026 23:26:16:955,-0.24099999666214,0.267399996519089,0.155399993062019,0.919300019741058,-0.4591,-0.3008,0.6151
24.57,09-22-2026 23:26:16:965,-0.241300001740456,0.267599999904633,0.155399993062019,0.919200003147125,-0.4599,-0.3014,0.6152
24.58,09-22-2026 23:26:16:975,-0.241500005125999,0.267699986696243,0.155300006270409,0.919099986553192,-0.4604,-0.3017,0.6153
24.59,09-22-2026 23:26:16:985,-0.241799995303154,0.267800003290176,0.155300006270409,0.919000029563904,-0.4626,-0.302,0.6167
24.6,09-22-2026 23:26:16:995,-0.241999998688698,0.26800000667572,0.155300006270409,0.918900012969971,-0.463,-0.3023,0.6181
24.61,09-22-2026 23:26:17:005,-0.242899999022484,0.268700003623962,0.155100002884865,0.918600022792816,-0.4642,-0.3045,0.6162
24.62,09-22-2026 23:26:17:015,-0.243100002408028,0.268900007009506,0.155100002884865,0.918500006198883,-0.4655,-0.3047,0.6165
24.63,09-22-2026 23:26:17:025,-0.2432000041008,0.26910001039505,0.155000001192093,0.918500006198883,-0.4667,-0.3046,0.6176
24.64,09-22-2026 23:26:17:035,-0.243399992585182,0.269199997186661,0.155000001192093,0.91839998960495,-0.4676,-0.3042,0.6174
24.65,09-22-2026 23:26:17:045,-0.243499994277954,0.269400000572205,0.155000001192093,0.91839998960495,-0.4686,-0.3034,0.6171
24.66,09-22-2026 23:26:17:055,-0.243699997663498,0.269600003957748,0.154899999499321,0.918299973011017,-0.4687,-0.3031,0.6174
24.67,09-22-2026 23:26:17:065,-0.24379999935627,0.269699990749359,0.154899999499321,0.918299973011017,-0.4678,-0.3034,0.6166
24.68,09-22-2026 23:26:17:075,-0.244000002741814,0.269800007343292,0.154799997806549,0.918200016021729,-0.4667,-0.3038,0.6155
24.69,09-22-2026 23:26:17:085,-0.244100004434586,0.270000010728836,0.154799997806549,0.918200016021729,-0.4652,-0.3037,0.6146
24.7,09-22-2026 23:26:17:095,-0.244299992918968,0.270099997520447,0.154699996113777,0.918099999427795,-0.4645,-0.3038,0.6133
24.71,09-22-2026 23:26:17:105,-0.2449000030756,0.270500004291534,0.154499992728233,0.917800009250641,-0.4619,-0.3013,0.6123
24.72,09-22-2026 23:26:17:115,-0.245100006461143,0.270599991083145,0.154400005936623,0.917699992656708,-0.4624,-0.3001,0.6151
24.73,09-22-2026 23:26:17:125,-0.245299994945526,0.270700007677078,0.154400005936623,0.917599976062775,-0.4624,-0.2989,0.615
24.74,09-22-2026 23:26:17:135,-0.245600000023842,0.270799994468689,0.154300004243851,0.917500019073486,-0.462,-0.2981,0.6139
24.75,09-22-2026 23:26:17:145,-0.245800003409386,0.270799994468689,0.154200002551079,0.917400002479553,-0.4626,-0.2976,0.6125
24.76,09-22-2026 23:26:17:155,-0.24600000679493,0.270900011062622,0.154200002551079,0.91729998588562,-0.4641,-0.2964,0.6097
24.77,09-22-2026 23:26:17:165,-0.246199995279312,0.270999997854233,0.154100000858307,0.917200028896332,-0.4618,-0.2966,0.6051
24.78,09-22-2026 23:26:17:175,-0.246399998664856,0.271100014448166,0.153999999165535,0.917100012302399,-0.461,-0.2964,0.6058
24.79,09-22-2026 23:26:17:185,-0.2466000020504,0.271200001239777,0.153899997472763,0.916999995708466,-0.4622,-0.2948,0.6059
24.8,09-22-2026 23:26:17:195,-0.246800005435944,0.271299988031387,0.153799995779991,0.916899979114532,-0.4616,-0.2942,0.6042
24.81,09-22-2026 23:26:17:205,-0.24770000576973,0.272000014781952,0.153300002217293,0.916499972343445,-0.4626,-0.2941,0.6069
24.82,09-22-2026 23:26:17:215,-0.247899994254112,0.272199988365173,0.153200000524521,0.916400015354156,-0.4623,-0.2947,0.6078
24.83,09-22-2026 23:26:17:225,-0.248099997639656,0.27250000834465,0.152999997138977,0.916299998760223,-0.4618,-0.2954,0.6062
24.84,09-22-2026 23:26:17:235,-0.2483000010252,0.272700011730194,0.152899995446205,0.916100025177002,-0.4622,-0.2939,0.6067
24.85,09-22-2026 23:26:17:245,-0.248600006103516,0.272899985313416,0.152799993753433,0.916000008583069,-0.4625,-0.2935,0.6077
24.86,09-22-2026 23:26:17:255,-0.24889999628067,0.273200005292892,0.152600005269051,0.915899991989136,-0.4626,-0.2928,0.6081
24.87,09-22-2026 23:26:17:265,-0.249099999666214,0.273400008678436,0.152500003576279,0.915799975395203,-0.4629,-0.2925,0.6086
24.88,09-22-2026 23:26:17:275,-0.24940000474453,0.27360001206398,0.152400001883507,0.915600001811981,-0.4626,-0.2936,0.6074
24.89,09-22-2026 23:26:17:285,-0.249599993228912,0.273900002241135,0.152199998497963,0.915499985218048,-0.4613,-0.2945,0.6066
24.9,09-22-2026 23:26:17:295,-0.249899998307228,0.274100005626678,0.152099996805191,0.91540002822876,-0.463,-0.294,0.6073
24.91,09-22-2026 23:26:17:305,-0.250600010156631,0.275000005960464,0.151600003242493,0.91509997844696,-0.4666,-0.2964,0.6097
24.92,09-22-2026 23:26:17:315,-0.250800013542175,0.275200009346008,0.151500001549721,0.914900004863739,-0.4674,-0.2968,0.6108
24.93,09-22-2026 23:26:17:325,-0.25110000371933,0.275400012731552,0.151299998164177,0.914799988269806,-0.4677,-0.2971,0.6088
24.94,09-22-2026 23:26:17:335,-0.251300007104874,0.275599986314774,0.151199996471405,0.914699971675873,-0.4685,-0.298,0.6061
24.95,09-22-2026 23:26:17:345,-0.251500010490417,0.27590000629425,0.151099994778633,0.914600014686584,-0.4693,-0.2988,0.6051
24.96,09-22-2026 23:26:17:355,-0.251700013875961,0.276199996471405,0.15090000629425,0.914399981498718,-0.4697,-0.2994,0.6058
24.97,09-22-2026 23:26:17:365,-0.251899987459183,0.276399999856949,0.150800004601479,0.91430002450943,-0.4692,-0.3005,0.6078
24.98,09-22-2026 23:26:17:375,-0.252099990844727,0.276699990034103,0.150600001215935,0.914200007915497,-0.4698,-0.3012,0.6086
24.99,09-22-2026 23:26:17:385,-0.25220000743866,0.27700001001358,0.150499999523163,0.914099991321564,-0.4709,-0.3014,0.6091
25,09-22-2026 23:26:17:395,-0.25229999423027,0.277200013399124,0.150299996137619,0.914099991321564,-0.4717,-0.3017,0.6096
25.01,09-22-2026 23:26:17:405,-0.252799987792969,0.277900010347366,0.149900004267693,0.913800001144409,-0.4704,-0.3054,0.6101
25.02,09-22-2026 23:26:17:415,-0.252900004386902,0.278200000524521,0.149700000882149,0.913699984550476,-0.4697,-0.3053,0.61
25.03,09-22-2026 23:26:17:425,-0.253100007772446,0.278499990701675,0.149599999189377,0.913600027561188,-0.4694,-0.3055,0.6102
25.04,09-22-2026 23:26:17:435,-0.253199994564056,0.278800010681152,0.149399995803833,0.913600027561188,-0.4697,-0.3054,0.6099
25.05,09-22-2026 23:26:17:445,-0.2533999979496,0.279100000858307,0.149299994111061,0.913500010967255,-0.4694,-0.3054,0.6096
25.06,09-22-2026 23:26:17:455,-0.253500014543533,0.279300004243851,0.149100005626678,0.913399994373322,-0.4702,-0.306,0.6083
25.07,09-22-2026 23:26:17:465,-0.253699988126755,0.279599994421005,0.149000003933907,0.913399994373322,-0.4705,-0.3052,0.6058
25.08,09-22-2026 23:26:17:475,-0.253899991512299,0.279799997806549,0.148800000548363,0.913299977779388,-0.4694,-0.3063,0.6025
25.09,09-22-2026 23:26:17:485,-0.254000008106232,0.280099987983704,0.148699998855591,0.913299977779388,-0.4686,-0.3077,0.6035
25.1,09-22-2026 23:26:17:495,-0.254200011491776,0.280299991369247,0.148599997162819,0.9132000207901,-0.4691,-0.3075,0.6053
25.11,09-22-2026 23:26:17:505,-0.254900008440018,0.281100004911423,0.148000001907349,0.913100004196167,-0.4695,-0.3061,0.598
25.12,09-22-2026 23:26:17:515,-0.255100011825562,0.281300008296967,0.147900000214577,0.912999987602234,-0.4685,-0.3051,0.5986
25.13,09-22-2026 23:26:17:525,-0.255400002002716,0.28150001168251,0.147699996829033,0.912899971008301,-0.4681,-0.3045,0.5993
25.14,09-22-2026 23:26:17:535,-0.25560000538826,0.281699985265732,0.147499993443489,0.912800014019012,-0.4676,-0.3042,0.5996
25.15,09-22-2026 23:26:17:545,-0.255899995565414,0.281899988651276,0.147300004959106,0.912699997425079,-0.4668,-0.3044,0.5998
25.16,09-22-2026 23:26:17:555,-0.256199985742569,0.282000005245209,0.147200003266335,0.912599980831146,-0.4674,-0.3042,0.5995
25.17,09-22-2026 23:26:17:565,-0.256599992513657,0.282200008630753,0.146999999880791,0.912500023841858,-0.4681,-0.3036,0.5995
25.18,09-22-2026 23:26:17:575,-0.256900012493134,0.282299995422363,0.146799996495247,0.912400007247925,-0.4683,-0.3038,0.6005
25.19,09-22-2026 23:26:17:585,-0.257200002670288,0.282400012016296,0.146599993109703,0.912299990653992,-0.4687,-0.3048,0.6016
25.2,09-22-2026 23:26:17:595,-0.257499992847443,0.282499998807907,0.146500006318092,0.912199974060059,-0.4695,-0.3059,0.6017
25.21,09-22-2026 23:26:17:605,-0.258599996566772,0.282700002193451,0.145899996161461,0.911800026893616,-0.4711,-0.3094,0.5995
25.22,09-22-2026 23:26:17:615,-0.258899986743927,0.282799988985062,0.145799994468689,0.911700010299683,-0.472,-0.3093,0.5992
25.23,09-22-2026 23:26:17:625,-0.259200006723404,0.282900005578995,0.145600005984306,0.91159999370575,-0.4724,-0.3099,0.599
25.24,09-22-2026 23:26:17:635,-0.259499996900558,0.282999992370605,0.145500004291534,0.911499977111816,-0.4735,-0.3101,0.5977
25.25,09-22-2026 23:26:17:645,-0.259799987077713,0.283100008964539,0.145400002598763,0.911400020122528,-0.4745,-0.3112,0.5962
25.26,09-22-2026 23:26:17:655,-0.259999990463257,0.283199995756149,0.145199999213219,0.911300003528595,-0.4762,-0.3113,0.597
25.27,09-22-2026 23:26:17:665,-0.260300010442734,0.283399999141693,0.145099997520447,0.911300003528595,-0.4767,-0.3121,0.5988
25.28,09-22-2026 23:26:17:675,-0.260600000619888,0.283499985933304,0.144899994134903,0.911199986934662,-0.4775,-0.3132,0.6003
25.29,09-22-2026 23:26:17:685,-0.260800004005432,0.283699989318848,0.144800007343292,0.911099970340729,-0.4788,-0.3136,0.6026
25.3,09-22-2026 23:26:17:695,-0.261099994182587,0.283800005912781,0.144600003957748,0.91100001335144,-0.4794,-0.3149,0.6023
25.31,09-22-2026 23:26:17:705,-0.261999994516373,0.284200012683868,0.144199997186661,0.910799980163574,-0.4814,-0.3177,0.5936
25.32,09-22-2026 23:26:17:715,-0.26230001449585,0.284200012683868,0.144099995493889,0.910700023174286,-0.4819,-0.318,0.5924
25.33,09-22-2026 23:26:17:725,-0.262499988079071,0.284299999475479,0.144099995493889,0.910700023174286,-0.4829,-0.3184,0.5943
25.34,09-22-2026 23:26:17:735,-0.262699991464615,0.28439998626709,0.143999993801117,0.910600006580353,-0.4837,-0.3184,0.5973
25.35,09-22-2026 23:26:17:745,-0.262899994850159,0.284500002861023,0.143900007009506,0.910600006580353,-0.4839,-0.3185,0.5987
25.36,09-22-2026 23:26:17:755,-0.263099998235703,0.284599989652634,0.143800005316734,0.910600006580353,-0.4838,-0.3188,0.598
25.37,09-22-2026 23:26:17:765,-0.263300001621246,0.284700006246567,0.143700003623962,0.910600006580353,-0.4834,-0.3193,0.5968
25.38,09-22-2026 23:26:17:775,-0.26350000500679,0.284700006246567,0.14360000193119,0.910600006580353,-0.4834,-0.3185,0.596
25.39,09-22-2026 23:26:17:785,-0.263700008392334,0.284799993038177,0.143500000238419,0.910600006580353,-0.4832,-0.3185,0.5972
25.4,09-22-2026 23:26:17:795,-0.263900011777878,0.284900009632111,0.143399998545647,0.910600006580353,-0.4825,-0.3197,0.5959
25.41,09-22-2026 23:26:17:805,-0.264400005340576,0.284999996423721,0.14300000667572,0.910799980163574,-0.4831,-0.3187,0.5881
25.42,09-22-2026 23:26:17:815,-0.264499992132187,0.284999996423721,0.142900004982948,0.910899996757507,-0.483,-0.3184,0.5866
25.43,09-22-2026 23:26:17:825,-0.26460000872612,0.284999996423721,0.142800003290176,0.910899996757507,-0.4828,-0.3183,0.5854
25.44,09-22-2026 23:26:17:835,-0.264699995517731,0.284999996423721,0.142700001597404,0.91100001335144,-0.4828,-0.3177,0.5842
25.45,09-22-2026 23:26:17:845,-0.264899998903275,0.284900009632111,0.142599999904633,0.91100001335144,-0.4828,-0.3176,0.5832
25.46,09-22-2026 23:26:17:855,-0.264999985694885,0.284799993038177,0.142499998211861,0.91100001335144,-0.4826,-0.3172,0.5814
25.47,09-22-2026 23:26:17:865,-0.265199989080429,0.284799993038177,0.142399996519089,0.91100001335144,-0.4835,-0.3178,0.5802
25.48,09-22-2026 23:26:17:875,-0.265399992465973,0.284700006246567,0.142299994826317,0.91100001335144,-0.484,-0.318,0.5823
25.49,09-22-2026 23:26:17:885,-0.265599995851517,0.284500002861023,0.142100006341934,0.910899996757507,-0.4852,-0.3177,0.5843
25.5,09-22-2026 23:26:17:895,-0.265799999237061,0.28439998626709,0.142000004649162,0.910899996757507,-0.4854,-0.3177,0.5842
25.51,09-22-2026 23:26:17:905,-0.266400009393692,0.283499985933304,0.141399994492531,0.910700023174286,-0.4858,-0.3183,0.5749
25.52,09-22-2026 23:26:17:915,-0.266600012779236,0.283199995756149,0.141299992799759,0.910700023174286,-0.4858,-0.3187,0.5724
25.53,09-22-2026 23:26:17:925,-0.266799986362457,0.282999992370605,0.141200006008148,0.910600006580353,-0.486,-0.3197,0.5739
25.54,09-22-2026 23:26:17:935,-0.267100006341934,0.282799988985062,0.141000002622604,0.910600006580353,-0.4862,-0.3199,0.5744
25.55,09-22-2026 23:26:17:945,-0.267300009727478,0.282599985599518,0.140900000929832,0.91049998998642,-0.4866,-0.3208,0.5735
25.56,09-22-2026 23:26:17:955,-0.267500013113022,0.282499998807907,0.140799999237061,0.910399973392487,-0.487,-0.3217,0.5738
25.57,09-22-2026 23:26:17:965,-0.267699986696243,0.282400012016296,0.140799999237061,0.910399973392487,-0.4879,-0.3221,0.5758
25.58,09-22-2026 23:26:17:975,-0.267899990081787,0.282400012016296,0.140699997544289,0.910300016403198,-0.4886,-0.3229,0.5785
25.59,09-22-2026 23:26:17:985,-0.268099993467331,0.282400012016296,0.140599995851517,0.910300016403198,-0.4894,-0.3241,0.5806
25.6,09-22-2026 23:26:17:995,-0.268299996852875,0.282400012016296,0.140499994158745,0.910199999809265,-0.4906,-0.3247,0.5826
25.61,09-22-2026 23:26:18:005,-0.268999993801117,0.282400012016296,0.140400007367134,0.910000026226044,-0.4916,-0.3271,0.5791
25.62,09-22-2026 23:26:18:015,-0.269199997186661,0.282400012016296,0.140300005674362,0.909900009632111,-0.492,-0.3285,0.5794
25.63,09-22-2026 23:26:18:025,-0.269300013780594,0.282400012016296,0.140300005674362,0.909799993038177,-0.4919,-0.3293,0.5802
25.64,09-22-2026 23:26:18:035,-0.269499987363815,0.282299995422363,0.140300005674362,0.909799993038177,-0.4922,-0.3307,0.582
25.65,09-22-2026 23:26:18:045,-0.269699990749359,0.282299995422363,0.14020000398159,0.909699976444244,-0.4922,-0.3311,0.5829
25.66,09-22-2026 23:26:18:055,-0.269800007343292,0.282299995422363,0.14020000398159,0.909699976444244,-0.4916,-0.331,0.5827
25.67,09-22-2026 23:26:18:065,-0.270000010728836,0.282400012016296,0.14020000398159,0.909600019454956,-0.4913,-0.3311,0.5826
25.68,09-22-2026 23:26:18:075,-0.27020001411438,0.282400012016296,0.14020000398159,0.909500002861023,-0.4905,-0.331,0.5824
25.69,09-22-2026 23:26:18:085,-0.270300000905991,0.282400012016296,0.14020000398159,0.909500002861023,-0.4914,-0.3311,0.5814
25.7,09-22-2026 23:26:18:095,-0.270500004291534,0.282400012016296,0.140100002288818,0.90939998626709,-0.491,-0.3303,0.5813
25.71,09-22-2026 23:26:18:105,-0.271100014448166,0.282599985599518,0.140000000596046,0.909200012683868,-0.4918,-0.3302,0.5799
25.72,09-22-2026 23:26:18:115,-0.271200001239777,0.282599985599518,0.139899998903275,0.909099996089935,-0.4914,-0.3309,0.5791
25.73,09-22-2026 23:26:18:125,-0.27140000462532,0.282700002193451,0.139899998903275,0.908999979496002,-0.4899,-0.3324,0.5802
25.74,09-22-2026 23:26:18:135,-0.271499991416931,0.282700002193451,0.139799997210503,0.908999979496002,-0.4884,-0.334,0.5809
25.75,09-22-2026 23:26:18:145,-0.271600008010864,0.282799988985062,0.139799997210503,0.908900022506714,-0.4876,-0.3345,0.5805
25.76,09-22-2026 23:26:18:155,-0.271699994802475,0.282900005578995,0.139699995517731,0.908900022506714,-0.4873,-0.3353,0.5814
25.77,09-22-2026 23:26:18:165,-0.271800011396408,0.282999992370605,0.139599993824959,0.908900022506714,-0.4879,-0.3348,0.5819
25.78,09-22-2026 23:26:18:175,-0.272000014781952,0.283100008964539,0.139599993824959,0.908800005912781,-0.4882,-0.3343,0.5832
25.79,09-22-2026 23:26:18:185,-0.272100001573563,0.283199995756149,0.139500007033348,0.908800005912781,-0.4876,-0.334,0.5845
25.8,09-22-2026 23:26:18:195,-0.272199988365173,0.283199995756149,0.139400005340576,0.908699989318848,-0.4854,-0.3337,0.5845
25.81,09-22-2026 23:26:18:205,-0.272799998521805,0.283600002527237,0.138999998569489,0.908500015735626,-0.4802,-0.3316,0.5739
25.82,09-22-2026 23:26:18:215,-0.272899985313416,0.283699989318848,0.138899996876717,0.908500015735626,-0.4806,-0.3311,0.5714
25.83,09-22-2026 23:26:18:225,-0.273099988698959,0.283800005912781,0.138799995183945,0.908399999141693,-0.4818,-0.3304,0.5679
25.84,09-22-2026 23:26:18:235,-0.273200005292892,0.283899992704391,0.138699993491173,0.90829998254776,-0.4834,-0.3301,0.5643
25.85,09-22-2026 23:26:18:245,-0.273400008678436,0.284000009298325,0.138600006699562,0.90829998254776,-0.4841,-0.3298,0.5624
25.86,09-22-2026 23:26:18:255,-0.27360001206398,0.284099996089935,0.13850000500679,0.908200025558472,-0.4838,-0.3305,0.5629
25.87,09-22-2026 23:26:18:265,-0.273699998855591,0.284099996089935,0.13850000500679,0.908200025558472,-0.4836,-0.3309,0.5647
25.88,09-22-2026 23:26:18:275,-0.273900002241135,0.284200012683868,0.138400003314018,0.908100008964539,-0.4827,-0.332,0.5663
25.89,09-22-2026 23:26:18:285,-0.273999989032745,0.284299999475479,0.138300001621246,0.908100008964539,-0.4816,-0.3337,0.5676
25.9,09-22-2026 23:26:18:295,-0.274199992418289,0.28439998626709,0.138199999928474,0.907999992370605,-0.4807,-0.3348,0.5701
25.91,09-22-2026 23:26:18:305,-0.274699985980988,0.284700006246567,0.137799993157387,0.907899975776672,-0.4799,-0.3374,0.575
25.92,09-22-2026 23:26:18:315,-0.274800002574921,0.284799993038177,0.137700006365776,0.907800018787384,-0.4803,-0.3382,0.5732
25.93,09-22-2026 23:26:18:325,-0.274899989366531,0.284900009632111,0.137600004673004,0.907800018787384,-0.4821,-0.3396,0.5745
25.94,09-22-2026 23:26:18:335,-0.275000005960464,0.284999996423721,0.137500002980232,0.907800018787384,-0.4831,-0.3412,0.575
25.95,09-22-2026 23:26:18:345,-0.275099992752075,0.285100013017654,0.137299999594688,0.907800018787384,-0.4842,-0.342,0.5741
25.96,09-22-2026 23:26:18:355,-0.275200009346008,0.285199999809265,0.137199997901917,0.907700002193451,-0.4844,-0.3439,0.5747
25.97,09-22-2026 23:26:18:365,-0.275299996137619,0.285199999809265,0.137099996209145,0.907700002193451,-0.4851,-0.3452,0.5757
25.98,09-22-2026 23:26:18:375,-0.275400012731552,0.285299986600876,0.136999994516373,0.907700002193451,-0.4861,-0.3468,0.5762
25.99,09-22-2026 23:26:18:385,-0.275499999523163,0.285400003194809,0.13680000603199,0.907599985599518,-0.4862,-0.3473,0.5763
26,09-22-2026 23:26:18:395,-0.275599986314774,0.285400003194809,0.136700004339218,0.907599985599518,-0.4856,-0.3482,0.5759
26.01,09-22-2026 23:26:18:405,-0.27590000629425,0.285699993371964,0.13629999756813,0.907500028610229,-0.4862,-0.3483,0.5743
26.02,09-22-2026 23:26:18:415,-0.275999993085861,0.285699993371964,0.136199995875359,0.907500028610229,-0.4862,-0.348,0.5741
26.03,09-22-2026 23:26:18:425,-0.276100009679794,0.285699993371964,0.136099994182587,0.907500028610229,-0.4856,-0.348,0.5729
26.04,09-22-2026 23:26:18:435,-0.276199996471405,0.285800009965897,0.136000007390976,0.907500028610229,-0.4857,-0.348,0.572
26.05,09-22-2026 23:26:18:445,-0.276199996471405,0.285800009965897,0.135900005698204,0.907500028610229,-0.4855,-0.3476,0.572
26.06,09-22-2026 23:26:18:455,-0.276300013065338,0.285800009965897,0.135800004005432,0.907500028610229,-0.4848,-0.3483,0.5722
26.07,09-22-2026 23:26:18:465,-0.276300013065338,0.285899996757507,0.13570000231266,0.907500028610229,-0.4843,-0.3489,0.5719
26.08,09-22-2026 23:26:18:475,-0.276199996471405,0.285899996757507,0.135600000619888,0.907599985599518,-0.4837,-0.3488,0.5718
26.09,09-22-2026 23:26:18:485,-0.276199996471405,0.28600001335144,0.135499998927116,0.907599985599518,-0.4835,-0.3488,0.5704
26.1,09-22-2026 23:26:18:495,-0.276199996471405,0.28600001335144,0.135399997234344,0.907700002193451,-0.4839,-0.3479,0.5697
26.11,09-22-2026 23:26:18:505,-0.276100009679794,0.286100000143051,0.13510000705719,0.907800018787384,-0.4847,-0.3465,0.5691
26.12,09-22-2026 23:26:18:515,-0.276100009679794,0.286100000143051,0.135000005364418,0.907899975776672,-0.4853,-0.3467,0.5702
26.13,09-22-2026 23:26:18:525,-0.275999993085861,0.286199986934662,0.134900003671646,0.907999992370605,-0.4854,-0.3467,0.5707
26.14,09-22-2026 23:26:18:535,-0.27590000629425,0.286199986934662,0.134800001978874,0.908100008964539,-0.4854,-0.3473,0.5704
26.15,09-22-2026 23:26:18:545,-0.275700002908707,0.286199986934662,0.134800001978874,0.908200025558472,-0.4848,-0.3474,0.5697
26.16,09-22-2026 23:26:18:555,-0.275499999523163,0.286100000143051,0.134700000286102,0.908399999141693,-0.4848,-0.3482,0.5697
26.17,09-22-2026 23:26:18:565,-0.275200009346008,0.28600001335144,0.134700000286102,0.908500015735626,-0.4847,-0.3482,0.5701
26.18,09-22-2026 23:26:18:575,-0.274899989366531,0.285899996757507,0.13459999859333,0.908699989318848,-0.4847,-0.3483,0.5687
26.19,09-22-2026 23:26:18:585,-0.274500012397766,0.285800009965897,0.13459999859333,0.908900022506714,-0.4848,-0.348,0.566
26.2,09-22-2026 23:26:18:595,-0.274199992418289,0.285699993371964,0.13459999859333,0.908999979496002,-0.4858,-0.3481,0.5645
26.21,09-22-2026 23:26:18:605,-0.273000001907349,0.285299986600876,0.134399995207787,0.909600019454956,-0.4869,-0.3483,0.567
26.22,09-22-2026 23:26:18:615,-0.272700011730194,0.285100013017654,0.134299993515015,0.909699976444244,-0.486,-0.3483,0.5676
26.23,09-22-2026 23:26:18:625,-0.27250000834465,0.284999996423721,0.134299993515015,0.909799993038177,-0.4856,-0.3485,0.5667
26.24,09-22-2026 23:26:18:635,-0.272199988365173,0.284799993038177,0.134200006723404,0.909900009632111,-0.4858,-0.3492,0.5663
26.25,09-22-2026 23:26:18:645,-0.272000014781952,0.284599989652634,0.134200006723404,0.910000026226044,-0.4859,-0.3493,0.5664
26.26,09-22-2026 23:26:18:655,-0.271899998188019,0.284299999475479,0.134100005030632,0.910099983215332,-0.4863,-0.3505,0.568
26.27,09-22-2026 23:26:18:665,-0.271699994802475,0.284099996089935,0.134200006723404,0.910199999809265,-0.4863,-0.3508,0.5688
26.28,09-22-2026 23:26:18:675,-0.271600008010864,0.283800005912781,0.134200006723404,0.910300016403198,-0.4867,-0.3506,0.567
26.29,09-22-2026 23:26:18:685,-0.271499991416931,0.283600002527237,0.134200006723404,0.910399973392487,-0.4866,-0.3509,0.5652
26.3,09-22-2026 23:26:18:695,-0.27140000462532,0.283399999141693,0.134299993515015,0.910399973392487,-0.4869,-0.3513,0.5658
26.31,09-22-2026 23:26:18:705,-0.271299988031387,0.282799988985062,0.134399995207787,0.910600006580353,-0.4879,-0.3519,0.5662
26.32,09-22-2026 23:26:18:715,-0.271299988031387,0.282599985599518,0.134399995207787,0.910700023174286,-0.4876,-0.3513,0.5656
26.33,09-22-2026 23:26:18:725,-0.271299988031387,0.282499998807907,0.134399995207787,0.910799980163574,-0.4875,-0.3514,0.5659
26.34,09-22-2026 23:26:18:735,-0.271299988031387,0.282299995422363,0.134399995207787,0.910799980163574,-0.4869,-0.3511,0.5654
26.35,09-22-2026 23:26:18:745,-0.271299988031387,0.282200008630753,0.134399995207787,0.910899996757507,-0.4864,-0.3513,0.5639
26.36,09-22-2026 23:26:18:755,-0.271299988031387,0.282099992036819,0.134299993515015,0.910899996757507,-0.4866,-0.3526,0.5632
26.37,09-22-2026 23:26:18:765,-0.27140000462532,0.281899988651276,0.134299993515015,0.91100001335144,-0.487,-0.353,0.5633
26.38,09-22-2026 23:26:18:775,-0.27140000462532,0.281800001859665,0.134299993515015,0.91100001335144,-0.4878,-0.3526,0.5641
26.39,09-22-2026 23:26:18:785,-0.27140000462532,0.281699985265732,0.134200006723404,0.91100001335144,-0.4882,-0.3527,0.5639
26.4,09-22-2026 23:26:18:795,-0.271499991416931,0.281599998474121,0.134200006723404,0.911099970340729,-0.4888,-0.3529,0.5632
26.41,09-22-2026 23:26:18:805,-0.27140000462532,0.281100004911423,0.133799999952316,0.911300003528595,-0.4888,-0.3533,0.562
26.42,09-22-2026 23:26:18:815,-0.271299988031387,0.28099998831749,0.133699998259544,0.911300003528595,-0.4891,-0.3539,0.5626
26.43,09-22-2026 23:26:18:825,-0.271299988031387,0.280900001525879,0.133599996566772,0.911400020122528,-0.49,-0.354,0.5651
26.44,09-22-2026 23:26:18:835,-0.271200001239777,0.280699998140335,0.133499994874001,0.911499977111816,-0.4903,-0.3547,0.5668
26.45,09-22-2026 23:26:18:845,-0.270999997854233,0.280600011348724,0.133499994874001,0.911499977111816,-0.4905,-0.3553,0.5683
26.46,09-22-2026 23:26:18:855,-0.270900011062622,0.280499994754791,0.133399993181229,0.91159999370575,-0.4903,-0.3559,0.5684
26.47,09-22-2026 23:26:18:865,-0.270599991083145,0.280400007963181,0.133300006389618,0.911700010299683,-0.4906,-0.3569,0.5678
26.48,09-22-2026 23:26:18:875,-0.270300000905991,0.280299991369247,0.133200004696846,0.911800026893616,-0.4906,-0.3578,0.5677
26.49,09-22-2026 23:26:18:885,-0.270000010728836,0.280200004577637,0.133100003004074,0.912000000476837,-0.4907,-0.3579,0.5645
26.5,09-22-2026 23:26:18:895,-0.269600003957748,0.280099987983704,0.133000001311302,0.91210001707077,-0.4903,-0.3574,0.5628
26.51,09-22-2026 23:26:18:905,-0.268200010061264,0.279500007629395,0.132699996232986,0.912599980831146,-0.4851,-0.3608,0.5636
26.52,09-22-2026 23:26:18:915,-0.267800003290176,0.279399991035461,0.132699996232986,0.912699997425079,-0.4837,-0.3613,0.5666
26.53,09-22-2026 23:26:18:925,-0.267300009727478,0.279300004243851,0.132699996232986,0.912899971008301,-0.4845,-0.3608,0.5704
26.54,09-22-2026 23:26:18:935,-0.266799986362457,0.279199987649918,0.132699996232986,0.912999987602234,-0.486,-0.361,0.5728
26.55,09-22-2026 23:26:18:945,-0.266400009393692,0.279100000858307,0.132699996232986,0.913100004196167,-0.4874,-0.3605,0.5743
26.56,09-22-2026 23:26:18:955,-0.266000002622604,0.279000014066696,0.132699996232986,0.913299977779388,-0.4894,-0.36,0.5743
26.57,09-22-2026 23:26:18:965,-0.265599995851517,0.278800010681152,0.132799997925758,0.913399994373322,-0.4912,-0.3595,0.5745
26.58,09-22-2026 23:26:18:975,-0.265199989080429,0.278600007295609,0.133000001311302,0.913500010967255,-0.4917,-0.3599,0.5736
26.59,09-22-2026 23:26:18:985,-0.264800012111664,0.278400003910065,0.133200004696846,0.913600027561188,-0.4911,-0.3602,0.5701
26.6,09-22-2026 23:26:18:995,-0.264499992132187,0.278200000524521,0.133399993181229,0.913699984550476,-0.4891,-0.3602,0.5657
26.61,09-22-2026 23:26:19:005,-0.263300001621246,0.277500003576279,0.134399995207787,0.914099991321564,-0.4797,-0.3569,0.5629
26.62,09-22-2026 23:26:19:015,-0.263000011444092,0.277300000190735,0.134800001978874,0.914099991321564,-0.4792,-0.3544,0.5631
26.63,09-22-2026 23:26:19:025,-0.262800008058548,0.277099996805191,0.13510000705719,0.914200007915497,-0.4795,-0.3522,0.5629
26.64,09-22-2026 23:26:19:035,-0.262600004673004,0.276899993419647,0.135499998927116,0.91430002450943,-0.4792,-0.3507,0.5606
26.65,09-22-2026 23:26:19:045,-0.26240000128746,0.276800006628036,0.135800004005432,0.914399981498718,-0.4793,-0.35,0.5603
26.66,09-22-2026 23:26:19:055,-0.262199997901917,0.276699990034103,0.136099994182587,0.914399981498718,-0.4795,-0.3494,0.5614
26.67,09-22-2026 23:26:19:065,-0.262100011110306,0.27649998664856,0.136399999260902,0.914499998092651,-0.4783,-0.3491,0.5606
26.68,09-22-2026 23:26:19:075,-0.261999994516373,0.276399999856949,0.136700004339218,0.914499998092651,-0.4777,-0.3491,0.5602
26.69,09-22-2026 23:26:19:085,-0.261900007724762,0.276300013065338,0.136999994516373,0.914600014686584,-0.477,-0.3485,0.563
26.7,09-22-2026 23:26:19:095,-0.261799991130829,0.276199996471405,0.137299999594688,0.914600014686584,-0.476,-0.3485,0.5645
26.71,09-22-2026 23:26:19:105,-0.261500000953674,0.275499999523163,0.138300001621246,0.914799988269806,-0.4763,-0.3461,0.5673
26.72,09-22-2026 23:26:19:115,-0.261400014162064,0.275400012731552,0.13850000500679,0.914799988269806,-0.4768,-0.3465,0.5684
26.73,09-22-2026 23:26:19:125,-0.26129999756813,0.275200009346008,0.138699993491173,0.914900004863739,-0.4774,-0.3464,0.5686
26.74,09-22-2026 23:26:19:135,-0.26120001077652,0.275099992752075,0.138899996876717,0.915000021457672,-0.478,-0.3469,0.569
26.75,09-22-2026 23:26:19:145,-0.261099994182587,0.275000005960464,0.13910000026226,0.915000021457672,-0.4786,-0.3472,0.5695
26.76,09-22-2026 23:26:19:155,-0.260899990797043,0.274800002574921,0.139200001955032,0.91509997844696,-0.4784,-0.347,0.5681
26.77,09-22-2026 23:26:19:165,-0.260800004005432,0.274699985980988,0.139400005340576,0.915199995040894,-0.4781,-0.3472,0.5671
26.78,09-22-2026 23:26:19:175,-0.260699987411499,0.274500012397766,0.139500007033348,0.915199995040894,-0.4783,-0.3475,0.5683
26.79,09-22-2026 23:26:19:185,-0.260600000619888,0.274399995803833,0.139699995517731,0.915300011634827,-0.4794,-0.3471,0.5717
26.8,09-22-2026 23:26:19:195,-0.260500013828278,0.274300009012222,0.139799997210503,0.91540002822876,-0.481,-0.3475,0.5753
26.81,09-22-2026 23:26:19:205,-0.259900003671646,0.27360001206398,0.140599995851517,0.915700018405914,-0.4845,-0.3503,0.5789
26.82,09-22-2026 23:26:19:215,-0.259600013494492,0.273400008678436,0.140799999237061,0.915799975395203,-0.4847,-0.3507,0.5761
26.83,09-22-2026 23:26:19:225,-0.259299993515015,0.273200005292892,0.141000002622604,0.915899991989136,-0.4854,-0.3514,0.5779
26.84,09-22-2026 23:26:19:235,-0.258799999952316,0.273000001907349,0.141200006008148,0.916100025177002,-0.4856,-0.3514,0.5833
26.85,09-22-2026 23:26:19:245,-0.258300006389618,0.272700011730194,0.141399994492531,0.916299998760223,-0.4874,-0.3493,0.5859
26.86,09-22-2026 23:26:19:255,-0.257699996232986,0.27250000834465,0.141699999570847,0.916599988937378,-0.4876,-0.3491,0.5875
26.87,09-22-2026 23:26:19:265,-0.256999999284744,0.272300004959106,0.14190000295639,0.916899979114532,-0.4882,-0.3487,0.5893
26.88,09-22-2026 23:26:19:275,-0.256199985742569,0.272000014781952,0.142100006341934,0.917200028896332,-0.4897,-0.3466,0.5887
26.89,09-22-2026 23:26:19:285,-0.255400002002716,0.271800011396408,0.142399996519089,0.917500019073486,-0.4907,-0.3456,0.5857
26.9,09-22-2026 23:26:19:295,-0.254400014877319,0.271600008010864,0.142599999904633,0.917900025844574,-0.4908,-0.3452,0.5843
26.91,09-22-2026 23:26:19:305,-0.249500006437302,0.270700007677078,0.143500000238419,0.919900000095367,-0.487,-0.3482,0.5771
26.92,09-22-2026 23:26:19:315,-0.248099997639656,0.270399987697601,0.143800005316734,0.920400023460388,-0.484,-0.3485,0.5779
26.93,09-22-2026 23:26:19:325,-0.246500000357628,0.270099997520447,0.144099995493889,0.921000003814697,-0.481,-0.348,0.5788
26.94,09-22-2026 23:26:19:335,-0.2449000030756,0.269699990749359,0.144400000572205,0.921599984169006,-0.4762,-0.348,0.5782
26.95,09-22-2026 23:26:19:345,-0.243300005793571,0.269300013780594,0.144800007343292,0.92220002412796,-0.4723,-0.3466,0.5777
26.96,09-22-2026 23:26:19:355,-0.241500005125999,0.268799990415573,0.145099997520447,0.922800004482269,-0.469,-0.3446,0.5787
26.97,09-22-2026 23:26:19:365,-0.239700004458427,0.268299996852875,0.145500004291534,0.923399984836578,-0.4666,-0.3425,0.5796
26.98,09-22-2026 23:26:19:375,-0.237900003790855,0.267699986696243,0.145899996161461,0.924000024795532,-0.4642,-0.34,0.5806
26.99,09-22-2026 23:26:19:385,-0.236100003123283,0.267100006341934,0.146300002932549,0.924600005149841,-0.4621,-0.3384,0.5803
27,09-22-2026 23:26:19:395,-0.234300002455711,0.266400009393692,0.146799996495247,0.92519998550415,-0.4609,-0.3366,0.5812
27.01,09-22-2026 23:26:19:405,-0.228900000452995,0.263099998235703,0.149000003933907,0.926699995994568,-0.4606,-0.3325,0.5799
27.02,09-22-2026 23:26:19:415,-0.227099999785423,0.262100011110306,0.149700000882149,0.927200019359589,-0.4614,-0.3313,0.5793
27.03,09-22-2026 23:26:19:425,-0.225299999117851,0.261099994182587,0.150399997830391,0.927600026130676,-0.4614,-0.3302,0.5792
27.04,09-22-2026 23:26:19:435,-0.223499998450279,0.26010000705719,0.151199996471405,0.928099989891052,-0.4617,-0.3297,0.5798
27.05,09-22-2026 23:26:19:445,-0.221699997782707,0.25900000333786,0.151999995112419,0.92849999666214,-0.4617,-0.3291,0.5811
27.06,09-22-2026 23:26:19:455,-0.219899997115135,0.25789999961853,0.152899995446205,0.928900003433228,-0.4624,-0.3285,0.5817
27.07,09-22-2026 23:26:19:465,-0.218099996447563,0.256900012493134,0.153799995779991,0.929300010204315,-0.4641,-0.3279,0.5812
27.08,09-22-2026 23:26:19:475,-0.216100007295609,0.255800008773804,0.154799997806549,0.929700016975403,-0.4667,-0.3275,0.5811
27.09,09-22-2026 23:26:19:485,-0.214300006628036,0.254799991846085,0.155799999833107,0.93010002374649,-0.4702,-0.3271,0.5828
27.1,09-22-2026 23:26:19:495,-0.212500005960464,0.253800004720688,0.156800001859665,0.930499970912933,-0.4726,-0.3273,0.5862
27.11,09-22-2026 23:26:19:505,-0.206799998879433,0.250999987125397,0.159999996423721,0.931699991226196,-0.4723,-0.3313,0.5873
27.12,09-22-2026 23:26:19:515,-0.205799996852875,0.250200003385544,0.161100000143051,0.931900024414063,-0.4722,-0.3318,0.5887
27.13,09-22-2026 23:26:19:525,-0.204899996519089,0.249500006437302,0.162300005555153,0.932099997997284,-0.4723,-0.3323,0.5911
27.14,09-22-2026 23:26:19:535,-0.204099997878075,0.248799994587898,0.163399994373322,0.932299971580505,-0.4729,-0.3329,0.5935
27.15,09-22-2026 23:26:19:545,-0.203500002622604,0.248099997639656,0.164599999785423,0.932399988174438,-0.4732,-0.3341,0.5923
27.16,09-22-2026 23:26:19:555,-0.202999994158745,0.247299998998642,0.165900006890297,0.932500004768372,-0.474,-0.3351,0.5888
27.17,09-22-2026 23:26:19:565,-0.202600002288818,0.2466000020504,0.167199999094009,0.932500004768372,-0.4747,-0.3362,0.5885
27.18,09-22-2026 23:26:19:575,-0.202399998903275,0.245800003409386,0.168400004506111,0.932600021362305,-0.476,-0.3364,0.5906
27.19,09-22-2026 23:26:19:585,-0.202199995517731,0.245100006461143,0.169599995017052,0.932600021362305,-0.476,-0.3368,0.5926
27.2,09-22-2026 23:26:19:595,-0.202099993824959,0.244299992918968,0.170699998736382,0.932600021362305,-0.476,-0.3372,0.5941
27.21,09-22-2026 23:26:19:605,-0.202299997210503,0.242300003767014,0.174099996685982,0.932500004768372,-0.4749,-0.3343,0.6014
27.22,09-22-2026 23:26:19:615,-0.202399998903275,0.241899996995926,0.174700006842613,0.932500004768372,-0.4749,-0.3332,0.6053
27.23,09-22-2026 23:26:19:625,-0.202600002288818,0.241600006818771,0.175200000405312,0.932500004768372,-0.4753,-0.3326,0.6101
27.24,09-22-2026 23:26:19:635,-0.202800005674362,0.241300001740456,0.17569999396801,0.932500004768372,-0.4757,-0.3316,0.614
27.25,09-22-2026 23:26:19:645,-0.202900007367134,0.241099998354912,0.176100000739098,0.932500004768372,-0.4745,-0.3319,0.6167
27.26,09-22-2026 23:26:19:655,-0.203099995851517,0.240899994969368,0.176400005817413,0.932500004768372,-0.4721,-0.333,0.6194
27.27,09-22-2026 23:26:19:665,-0.203299999237061,0.240700006484985,0.176699995994568,0.932500004768372,-0.4681,-0.334,0.6215
27.28,09-22-2026 23:26:19:675,-0.203500002622604,0.240500003099442,0.177000001072884,0.932500004768372,-0.4655,-0.3337,0.623
27.29,09-22-2026 23:26:19:685,-0.203700006008148,0.24040000140667,0.177300006151199,0.932500004768372,-0.4641,-0.3316,0.6248
27.3,09-22-2026 23:26:19:695,-0.203799992799759,0.240199998021126,0.177599996328354,0.932500004768372,-0.4629,-0.3284,0.6272
27.31,09-22-2026 23:26:19:705,-0.204500004649162,0.239600002765656,0.17849999666214,0.932500004768372,-0.4666,-0.3161,0.6354
27.32,09-22-2026 23:26:19:715,-0.204699993133545,0.239500001072884,0.178599998354912,0.932600021362305,-0.468,-0.3125,0.6346
27.33,09-22-2026 23:26:19:725,-0.204899996519089,0.23929999768734,0.178700000047684,0.932600021362305,-0.4682,-0.3098,0.633
27.34,09-22-2026 23:26:19:735,-0.204999998211861,0.239199995994568,0.178800001740456,0.932600021362305,-0.4678,-0.3077,0.6324
27.35,09-22-2026 23:26:19:745,-0.205200001597404,0.238999992609024,0.178900003433228,0.932600021362305,-0.4665,-0.305,0.6296
27.36,09-22-2026 23:26:19:755,-0.205400004982948,0.238800004124641,0.179000005125999,0.932600021362305,-0.4651,-0.3017,0.6268
27.37,09-22-2026 23:26:19:765,-0.20550000667572,0.238600000739098,0.179100006818771,0.932600021362305,-0.4633,-0.2984,0.6238
27.38,09-22-2026 23:26:19:775,-0.205699995160103,0.238399997353554,0.179100006818771,0.932600021362305,-0.4612,-0.296,0.621
27.39,09-22-2026 23:26:19:785,-0.205799996852875,0.23819999396801,0.179199993610382,0.932600021362305,-0.4606,-0.2924,0.6208
27.4,09-22-2026 23:26:19:795,-0.205899998545647,0.238000005483627,0.179199993610382,0.932600021362305,-0.4607,-0.2894,0.6216
27.41,09-22-2026 23:26:19:805,-0.206200003623962,0.237200006842613,0.179199993610382,0.932699978351593,-0.4646,-0.2779,0.6242
27.42,09-22-2026 23:26:19:815,-0.206200003623962,0.237000003457069,0.179199993610382,0.932699978351593,-0.463,-0.277,0.6224
27.43,09-22-2026 23:26:19:825,-0.206200003623962,0.236800000071526,0.179199993610382,0.932699978351593,-0.4618,-0.2756,0.626
27.44,09-22-2026 23:26:19:835,-0.20610000193119,0.236699998378754,0.179100006818771,0.932799994945526,-0.4594,-0.2737,0.633
27.45,09-22-2026 23:26:19:845,-0.20610000193119,0.23649999499321,0.179100006818771,0.932799994945526,-0.4574,-0.272,0.6418
27.46,09-22-2026 23:26:19:855,-0.20610000193119,0.236399993300438,0.179000005125999,0.932799994945526,-0.4554,-0.2698,0.6468
27.47,09-22-2026 23:26:19:865,-0.206000000238419,0.236300006508827,0.179000005125999,0.932799994945526,-0.4482,-0.2691,0.6432
27.48,09-22-2026 23:26:19:875,-0.205899998545647,0.236100003123283,0.179000005125999,0.932900011539459,-0.4318,-0.272,0.638
27.49,09-22-2026 23:26:19:885,-0.205899998545647,0.236000001430511,0.178900003433228,0.932900011539459,-0.4278,-0.2751,0.6318
27.5,09-22-2026 23:26:19:895,-0.205799996852875,0.235799998044968,0.178900003433228,0.933000028133392,-0.4194,-0.2763,0.628
27.51,09-22-2026 23:26:19:905,-0.20550000667572,0.235400006175041,0.178900003433228,0.933099985122681,-0.4048,-0.2689,0.6254
27.52,09-22-2026 23:26:19:915,-0.205400004982948,0.235400006175041,0.178900003433228,0.933099985122681,-0.4054,-0.2632,0.6261
27.53,09-22-2026 23:26:19:925,-0.205400004982948,0.235300004482269,0.178800001740456,0.933200001716614,-0.406,-0.2578,0.6242
27.54,09-22-2026 23:26:19:935,-0.205300003290176,0.235200002789497,0.178800001740456,0.933200001716614,-0.4094,-0.2515,0.6214
27.55,09-22-2026 23:26:19:945,-0.205200001597404,0.235200002789497,0.178800001740456,0.933200001716614,-0.412,-0.2476,0.6237
27.56,09-22-2026 23:26:19:955,-0.205099999904633,0.235100001096725,0.178800001740456,0.933300018310547,-0.4136,-0.2434,0.6298
27.57,09-22-2026 23:26:19:965,-0.204999998211861,0.234999999403954,0.178800001740456,0.933300018310547,-0.4148,-0.2407,0.6327
27.58,09-22-2026 23:26:19:975,-0.204899996519089,0.234999999403954,0.178700000047684,0.933300018310547,-0.416,-0.2374,0.6319
27.59,09-22-2026 23:26:19:985,-0.204899996519089,0.234899997711182,0.178700000047684,0.933300018310547,-0.419,-0.2323,0.6314
27.6,09-22-2026 23:26:19:995,-0.204799994826317,0.23479999601841,0.178700000047684,0.933399975299835,-0.4146,-0.2368,0.6305
27.61,09-22-2026 23:26:20:005,-0.204600006341934,0.234599992632866,0.178700000047684,0.933399975299835,-0.4148,-0.2433,0.6457
27.62,09-22-2026 23:26:20:015,-0.204500004649162,0.234599992632866,0.178700000047684,0.933499991893768,-0.4149,-0.2442,0.6487
27.63,09-22-2026 23:26:20:025,-0.204500004649162,0.234500005841255,0.178599998354912,0.933499991893768,-0.4156,-0.2445,0.6525
27.64,09-22-2026 23:26:20:035,-0.20440000295639,0.234400004148483,0.178599998354912,0.933499991893768,-0.4167,-0.2453,0.6545
27.65,09-22-2026 23:26:20:045,-0.204300001263618,0.234400004148483,0.178599998354912,0.933499991893768,-0.4183,-0.246,0.6567
27.66,09-22-2026 23:26:20:055,-0.204199999570847,0.234300002455711,0.178599998354912,0.933499991893768,-0.4198,-0.2469,0.6587
27.67,09-22-2026 23:26:20:065,-0.204099997878075,0.234300002455711,0.178700000047684,0.933600008487701,-0.4217,-0.2485,0.6609
27.68,09-22-2026 23:26:20:075,-0.203999996185303,0.234200000762939,0.178700000047684,0.933600008487701,-0.4223,-0.2505,0.6627
27.69,09-22-2026 23:26:20:085,-0.203899994492531,0.234099999070168,0.178700000047684,0.933600008487701,-0.4216,-0.2527,0.6645
27.7,09-22-2026 23:26:20:095,-0.203799992799759,0.234099999070168,0.178700000047684,0.933600008487701,-0.4217,-0.2546,0.6647
27.71,09-22-2026 23:26:20:105,-0.203199997544289,0.233799993991852,0.178800001740456,0.933700025081635,-0.4205,-0.26,0.6628
27.72,09-22-2026 23:26:20:115,-0.202999994158745,0.233799993991852,0.178900003433228,0.933700025081635,-0.4208,-0.2595,0.662
27.73,09-22-2026 23:26:20:125,-0.202900007367134,0.233700007200241,0.178900003433228,0.933700025081635,-0.4212,-0.2589,0.6621
27.74,09-22-2026 23:26:20:135,-0.20270000398159,0.233700007200241,0.179000005125999,0.933700025081635,-0.4225,-0.2589,0.6623
27.75,09-22-2026 23:26:20:145,-0.202500000596046,0.233600005507469,0.179100006818771,0.933799982070923,-0.4237,-0.2588,0.6628
27.76,09-22-2026 23:26:20:155,-0.202299997210503,0.233600005507469,0.179100006818771,0.933799982070923,-0.4253,-0.2592,0.6646
27.77,09-22-2026 23:26:20:165,-0.202099993824959,0.233500003814697,0.179199993610382,0.933799982070923,-0.4261,-0.2596,0.666
27.78,09-22-2026 23:26:20:175,-0.201900005340576,0.233500003814697,0.179299995303154,0.933799982070923,-0.4262,-0.2603,0.6674
27.79,09-22-2026 23:26:20:185,-0.201700001955032,0.233500003814697,0.179399996995926,0.933799982070923,-0.4258,-0.2614,0.6677
27.8,09-22-2026 23:26:20:195,-0.201499998569489,0.233400002121925,0.179499998688698,0.933899998664856,-0.4252,-0.2624,0.6676
27.81,09-22-2026 23:26:20:205,-0.200499996542931,0.233300000429153,0.179800003767014,0.934000015258789,-0.4225,-0.2648,0.6674
27.82,09-22-2026 23:26:20:215,-0.200200006365776,0.233300000429153,0.180000007152557,0.934000015258789,-0.4218,-0.2648,0.6667
27.83,09-22-2026 23:26:20:225,-0.19990000128746,0.233300000429153,0.180099993944168,0.934099972248077,-0.4214,-0.2648,0.6664
27.84,09-22-2026 23:26:20:235,-0.199699997901917,0.233199998736382,0.18019999563694,0.934099972248077,-0.4211,-0.2635,0.666
27.85,09-22-2026 23:26:20:245,-0.199399992823601,0.233199998736382,0.180299997329712,0.93419998884201,-0.4208,-0.2629,0.6657
27.86,09-22-2026 23:26:20:255,-0.199100002646446,0.233199998736382,0.180399999022484,0.93419998884201,-0.4211,-0.2614,0.6652
27.87,09-22-2026 23:26:20:265,-0.198899999260902,0.233199998736382,0.180600002408028,0.93419998884201,-0.4202,-0.2614,0.6649
27.88,09-22-2026 23:26:20:275,-0.198599994182587,0.233199998736382,0.1807000041008,0.934300005435944,-0.42,-0.2604,0.6647
27.89,09-22-2026 23:26:20:285,-0.198400005698204,0.233199998736382,0.180800005793571,0.934300005435944,-0.4198,-0.26,0.6648
27.9,09-22-2026 23:26:20:295,-0.19820000231266,0.233199998736382,0.180999994277954,0.934400022029877,-0.4192,-0.2596,0.6636
27.91,09-22-2026 23:26:20:305,-0.197400003671646,0.233199998736382,0.181500002741814,0.934499979019165,-0.4198,-0.2571,0.6609
27.92,09-22-2026 23:26:20:315,-0.197200000286102,0.233199998736382,0.181600004434586,0.934499979019165,-0.4198,-0.2562,0.6602
27.93,09-22-2026 23:26:20:325,-0.196999996900558,0.233199998736382,0.181700006127357,0.934599995613098,-0.4201,-0.2557,0.6601
27.94,09-22-2026 23:26:20:335,-0.196799993515015,0.233199998736382,0.181799992918968,0.934599995613098,-0.4202,-0.2554,0.6601
27.95,09-22-2026 23:26:20:345,-0.196600005030632,0.23309999704361,0.18189999461174,0.934599995613098,-0.4204,-0.2552,0.6605
27.96,09-22-2026 23:26:20:355,-0.196299999952316,0.23309999704361,0.181999996304512,0.934700012207031,-0.4204,-0.2545,0.6609
27.97,09-22-2026 23:26:20:365,-0.196099996566772,0.23309999704361,0.182099997997284,0.934700012207031,-0.4195,-0.2535,0.6601
27.98,09-22-2026 23:26:20:375,-0.195899993181229,0.23309999704361,0.182199999690056,0.934800028800964,-0.4189,-0.2539,0.6586
27.99,09-22-2026 23:26:20:385,-0.195700004696846,0.232999995350838,0.182300001382828,0.934800028800964,-0.4187,-0.2533,0.6583
28,09-22-2026 23:26:20:395,-0.19539999961853,0.232999995350838,0.182300001382828,0.934800028800964,-0.4186,-0.2535,0.6596
28.01,09-22-2026 23:26:20:405,-0.194499999284744,0.232899993658066,0.182600006461143,0.935000002384186,-0.4208,-0.2544,0.6642
28.02,09-22-2026 23:26:20:415,-0.194199994206429,0.232899993658066,0.182699993252754,0.935100018978119,-0.4208,-0.2556,0.6652
28.03,09-22-2026 23:26:20:425,-0.194000005722046,0.232800006866455,0.182799994945526,0.935100018978119,-0.4209,-0.2556,0.6657
28.04,09-22-2026 23:26:20:435,-0.193800002336502,0.232800006866455,0.182899996638298,0.935199975967407,-0.421,-0.2549,0.666
28.05,09-22-2026 23:26:20:445,-0.193499997258186,0.232800006866455,0.18299999833107,0.935199975967407,-0.4202,-0.2551,0.6659
28.06,09-22-2026 23:26:20:455,-0.193200007081032,0.232700005173683,0.18299999833107,0.935199975967407,-0.4196,-0.2555,0.6662
28.07,09-22-2026 23:26:20:465,-0.193000003695488,0.232700005173683,0.183100000023842,0.93529999256134,-0.4195,-0.2558,0.6659
28.08,09-22-2026 23:26:20:475,-0.192699998617172,0.232700005173683,0.183200001716614,0.93529999256134,-0.4198,-0.2556,0.6659
28.09,09-22-2026 23:26:20:485,-0.192499995231628,0.232600003480911,0.183300003409386,0.935400009155273,-0.4199,-0.2556,0.666
28.1,09-22-2026 23:26:20:495,-0.192200005054474,0.232600003480911,0.183400005102158,0.935400009155273,-0.4201,-0.2556,0.6665
28.11,09-22-2026 23:26:20:505,-0.191300004720688,0.232400000095367,0.183699995279312,0.935500025749207,-0.4203,-0.2524,0.6677
28.12,09-22-2026 23:26:20:515,-0.191100001335144,0.232400000095367,0.183699995279312,0.935599982738495,-0.4202,-0.2522,0.6676
28.13,09-22-2026 23:26:20:525,-0.190799996256828,0.232299998402596,0.183799996972084,0.935599982738495,-0.421,-0.2518,0.6676
28.14,09-22-2026 23:26:20:535,-0.190500006079674,0.232299998402596,0.183899998664856,0.935599982738495,-0.4207,-0.2513,0.6679
28.15,09-22-2026 23:26:20:545,-0.190200001001358,0.232199996709824,0.184000000357628,0.935699999332428,-0.4207,-0.2513,0.6684
28.16,09-22-2026 23:26:20:555,-0.189899995923042,0.232199996709824,0.1841000020504,0.935699999332428,-0.4207,-0.251,0.6682
28.17,09-22-2026 23:26:20:565,-0.189600005745888,0.232199996709824,0.184200003743172,0.935699999332428,-0.42,-0.2503,0.6682
28.18,09-22-2026 23:26:20:575,-0.189300000667572,0.232199996709824,0.184300005435944,0.935800015926361,-0.4193,-0.2497,0.6687
28.19,09-22-2026 23:26:20:585,-0.188999995589256,0.232099995017052,0.184400007128716,0.935800015926361,-0.4177,-0.2497,0.6693
28.2,09-22-2026 23:26:20:595,-0.188700005412102,0.232099995017052,0.184499993920326,0.935800015926361,-0.4176,-0.2489,0.6694
28.21,09-22-2026 23:26:20:605,-0.187600001692772,0.232099995017052,0.184900000691414,0.935999989509583,-0.4145,-0.246,0.6682
28.22,09-22-2026 23:26:20:615,-0.187299996614456,0.23199999332428,0.185000002384186,0.935999989509583,-0.4143,-0.2447,0.6669
28.23,09-22-2026 23:26:20:625,-0.187000006437302,0.23199999332428,0.18520000576973,0.936100006103516,-0.415,-0.2435,0.666
28.24,09-22-2026 23:26:20:635,-0.186700001358986,0.23199999332428,0.18529999256134,0.936100006103516,-0.415,-0.2414,0.6661
28.25,09-22-2026 23:26:20:645,-0.18639999628067,0.23199999332428,0.185399994254112,0.936200022697449,-0.4149,-0.2405,0.6666
28.26,09-22-2026 23:26:20:655,-0.186100006103516,0.23199999332428,0.185499995946884,0.936200022697449,-0.415,-0.2398,0.6672
28.27,09-22-2026 23:26:20:665,-0.1858000010252,0.23199999332428,0.185599997639656,0.936299979686737,-0.4143,-0.2385,0.6676
28.28,09-22-2026 23:26:20:675,-0.185499995946884,0.23199999332428,0.1858000010252,0.936299979686737,-0.4139,-0.2378,0.6671
28.29,09-22-2026 23:26:20:685,-0.185100004076958,0.23199999332428,0.185900002717972,0.93639999628067,-0.4143,-0.2379,0.6667
28.3,09-22-2026 23:26:20:695,-0.184799998998642,0.23199999332428,0.186000004410744,0.93639999628067,-0.4141,-0.2378,0.6663
28.31,09-22-2026 23:26:20:705,-0.18359999358654,0.23199999332428,0.186499997973442,0.936600029468536,-0.4155,-0.2365,0.6682
28.32,09-22-2026 23:26:20:715,-0.183300003409386,0.231900006532669,0.186599999666214,0.936699986457825,-0.4163,-0.2365,0.6679
28.33,09-22-2026 23:26:20:725,-0.18299999833107,0.231900006532669,0.186700001358986,0.936699986457825,-0.4162,-0.237,0.6692
28.34,09-22-2026 23:26:20:735,-0.182699993252754,0.231900006532669,0.186800003051758,0.936800003051758,-0.4168,-0.2368,0.6706
28.35,09-22-2026 23:26:20:745,-0.1824000030756,0.231800004839897,0.186800003051758,0.936800003051758,-0.4165,-0.2371,0.6711
28.36,09-22-2026 23:26:20:755,-0.182099997997284,0.231800004839897,0.18690000474453,0.936800003051758,-0.4168,-0.2375,0.671
28.37,09-22-2026 23:26:20:765,-0.181799992918968,0.231800004839897,0.187000006437302,0.936900019645691,-0.4164,-0.2375,0.6715
28.38,09-22-2026 23:26:20:775,-0.181600004434586,0.231800004839897,0.187000006437302,0.936900019645691,-0.4154,-0.2374,0.6724
28.39,09-22-2026 23:26:20:785,-0.18129999935627,0.231800004839897,0.187099993228912,0.936900019645691,-0.4145,-0.2371,0.6725
28.4,09-22-2026 23:26:20:795,-0.180999994277954,0.231800004839897,0.187099993228912,0.936999976634979,-0.414,-0.2363,0.6731
28.41,09-22-2026 23:26:20:805,-0.180000007152557,0.231800004839897,0.187399998307228,0.937099993228912,-0.4142,-0.2341,0.6741
28.42,09-22-2026 23:26:20:815,-0.179700002074242,0.231800004839897,0.1875,0.937099993228912,-0.4153,-0.2333,0.6742
28.43,09-22-2026 23:26:20:825,-0.179499998688698,0.231800004839897,0.187600001692772,0.937200009822845,-0.4165,-0.2329,0.674
28.44,09-22-2026 23:26:20:835,-0.179199993610382,0.231800004839897,0.187600001692772,0.937200009822845,-0.4168,-0.2325,0.6741
28.45,09-22-2026 23:26:20:845,-0.179000005125999,0.231800004839897,0.187700003385544,0.937200009822845,-0.4172,-0.2312,0.6747
28.46,09-22-2026 23:26:20:855,-0.178700000047684,0.231900006532669,0.187800005078316,0.937300026416779,-0.4174,-0.231,0.6749
28.47,09-22-2026 23:26:20:865,-0.17849999666214,0.231900006532669,0.187900006771088,0.937300026416779,-0.4172,-0.2309,0.6742
28.48,09-22-2026 23:26:20:875,-0.178200006484985,0.231900006532669,0.187900006771088,0.937300026416779,-0.4162,-0.2304,0.6742
28.49,09-22-2026 23:26:20:885,-0.178000003099442,0.23199999332428,0.187999993562698,0.937399983406067,-0.4152,-0.2303,0.6746
28.5,09-22-2026 23:26:20:895,-0.177799999713898,0.23199999332428,0.187999993562698,0.937399983406067,-0.4149,-0.2293,0.6751
28.51,09-22-2026 23:26:20:905,-0.177100002765656,0.232199996709824,0.188199996948242,0.9375,-0.4126,-0.2267,0.6777
28.52,09-22-2026 23:26:20:915,-0.176899999380112,0.232199996709824,0.188299998641014,0.9375,-0.4119,-0.2273,0.6777
28.53,09-22-2026 23:26:20:925,-0.176699995994568,0.232199996709824,0.188299998641014,0.9375,-0.4113,-0.2273,0.6778
28.54,09-22-2026 23:26:20:935,-0.176599994301796,0.232199996709824,0.188299998641014,0.9375,-0.4106,-0.2266,0.6773
28.55,09-22-2026 23:26:20:945,-0.176400005817413,0.232299998402596,0.188400000333786,0.937600016593933,-0.4099,-0.2256,0.6762
28.56,09-22-2026 23:26:20:955,-0.176300004124641,0.232299998402596,0.188400000333786,0.937600016593933,-0.4103,-0.225,0.6757
28.57,09-22-2026 23:26:20:965,-0.176100000739098,0.232299998402596,0.188400000333786,0.937600016593933,-0.4109,-0.2242,0.6761
28.58,09-22-2026 23:26:20:975,-0.175899997353554,0.232299998402596,0.188500002026558,0.937600016593933,-0.4107,-0.2244,0.6767
28.59,09-22-2026 23:26:20:985,-0.175799995660782,0.232299998402596,0.188500002026558,0.937600016593933,-0.4109,-0.2235,0.6764
28.6,09-22-2026 23:26:20:995,-0.175600007176399,0.232400000095367,0.188500002026558,0.937699973583221,-0.4111,-0.2229,0.6767
28.61,09-22-2026 23:26:21:005,-0.175200000405312,0.232400000095367,0.18860000371933,0.937699973583221,-0.4089,-0.2231,0.6789
28.62,09-22-2026 23:26:21:015,-0.17509999871254,0.232500001788139,0.18860000371933,0.937699973583221,-0.4076,-0.223,0.6787
28.63,09-22-2026 23:26:21:025,-0.174999997019768,0.232500001788139,0.188700005412102,0.937699973583221,-0.407,-0.2227,0.678
28.64,09-22-2026 23:26:21:035,-0.174899995326996,0.232500001788139,0.188700005412102,0.937699973583221,-0.4076,-0.2224,0.6783
28.65,09-22-2026 23:26:21:045,-0.174799993634224,0.232600003480911,0.188700005412102,0.937799990177155,-0.4076,-0.2214,0.6788
28.66,09-22-2026 23:26:21:055,-0.174700006842613,0.232600003480911,0.188700005412102,0.937799990177155,-0.408,-0.2202,0.6791
28.67,09-22-2026 23:26:21:065,-0.174600005149841,0.232600003480911,0.188700005412102,0.937799990177155,-0.4082,-0.2192,0.6792
28.68,09-22-2026 23:26:21:075,-0.174600005149841,0.232700005173683,0.188700005412102,0.937799990177155,-0.4088,-0.2174,0.679
28.69,09-22-2026 23:26:21:085,-0.174500003457069,0.232700005173683,0.188700005412102,0.937799990177155,-0.4095,-0.2169,0.6788
28.7,09-22-2026 23:26:21:095,-0.174400001764297,0.232700005173683,0.188800007104874,0.937799990177155,-0.4102,-0.2157,0.6794
28.71,09-22-2026 23:26:21:105,-0.174099996685982,0.232800006866455,0.188899993896484,0.937799990177155,-0.4114,-0.2115,0.6804
28.72,09-22-2026 23:26:21:115,-0.17399999499321,0.232800006866455,0.188899993896484,0.937799990177155,-0.4116,-0.2116,0.6799
28.73,09-22-2026 23:26:21:125,-0.173899993300438,0.232800006866455,0.188899993896484,0.937799990177155,-0.4113,-0.2114,0.6802
28.74,09-22-2026 23:26:21:135,-0.173800006508827,0.232800006866455,0.188899993896484,0.937799990177155,-0.4111,-0.2107,0.6795
28.75,09-22-2026 23:26:21:145,-0.173700004816055,0.232800006866455,0.188999995589256,0.937799990177155,-0.4103,-0.2102,0.6792
28.76,09-22-2026 23:26:21:155,-0.173700004816055,0.232800006866455,0.188999995589256,0.937799990177155,-0.4095,-0.2097,0.6788
28.77,09-22-2026 23:26:21:165,-0.173600003123283,0.232800006866455,0.188999995589256,0.937799990177155,-0.4088,-0.2094,0.6786
28.78,09-22-2026 23:26:21:175,-0.173500001430511,0.232800006866455,0.189099997282028,0.937799990177155,-0.4092,-0.2085,0.678
28.79,09-22-2026 23:26:21:185,-0.173500001430511,0.232899993658066,0.189099997282028,0.937900006771088,-0.4096,-0.2079,0.6784
28.8,09-22-2026 23:26:21:195,-0.17339999973774,0.232899993658066,0.189099997282028,0.937900006771088,-0.4094,-0.208,0.6797
28.81,09-22-2026 23:26:21:205,-0.173199996352196,0.232899993658066,0.189300000667572,0.937900006771088,-0.409,-0.2071,0.6801
28.82,09-22-2026 23:26:21:215,-0.173099994659424,0.232899993658066,0.189300000667572,0.937900006771088,-0.4092,-0.2063,0.6799
28.83,09-22-2026 23:26:21:225,-0.172999992966652,0.232899993658066,0.189400002360344,0.937900006771088,-0.4099,-0.2058,0.6797
28.84,09-22-2026 23:26:21:235,-0.172900006175041,0.232899993658066,0.189400002360344,0.937900006771088,-0.4108,-0.2048,0.6788
28.85,09-22-2026 23:26:21:245,-0.172800004482269,0.232899993658066,0.189500004053116,0.937900006771088,-0.4103,-0.2037,0.6781
28.86,09-22-2026 23:26:21:255,-0.172700002789497,0.232899993658066,0.189500004053116,0.937900006771088,-0.4105,-0.2032,0.6781
28.87,09-22-2026 23:26:21:265,-0.172600001096725,0.232899993658066,0.189600005745888,0.937900006771088,-0.4103,-0.203,0.6777
28.88,09-22-2026 23:26:21:275,-0.172499999403954,0.232899993658066,0.189600005745888,0.937900006771088,-0.4102,-0.2029,0.6778
28.89,09-22-2026 23:26:21:285,-0.172399997711182,0.232899993658066,0.189600005745888,0.937900006771088,-0.4095,-0.2022,0.6779
28.9,09-22-2026 23:26:21:295,-0.17229999601841,0.232899993658066,0.189600005745888,0.937900006771088,-0.4095,-0.2019,0.6776
28.91,09-22-2026 23:26:21:305,-0.172099992632866,0.232800006866455,0.18979999423027,0.937900006771088,-0.41,-0.2001,0.678
28.92,09-22-2026 23:26:21:315,-0.172099992632866,0.232800006866455,0.18979999423027,0.937900006771088,-0.4102,-0.1995,0.6786
28.93,09-22-2026 23:26:21:325,-0.172099992632866,0.232800006866455,0.18979999423027,0.937900006771088,-0.4106,-0.1994,0.6797
28.94,09-22-2026 23:26:21:335,-0.172000005841255,0.232800006866455,0.189899995923042,0.937900006771088,-0.411,-0.1988,0.6806
28.95,09-22-2026 23:26:21:345,-0.172000005841255,0.232800006866455,0.189999997615814,0.937900006771088,-0.4111,-0.1976,0.6813
28.96,09-22-2026 23:26:21:355,-0.172000005841255,0.232800006866455,0.189999997615814,0.937900006771088,-0.411,-0.1977,0.6808
28.97,09-22-2026 23:26:21:365,-0.172000005841255,0.232700005173683,0.190099999308586,0.937900006771088,-0.4115,-0.1965,0.6815
28.98,09-22-2026 23:26:21:375,-0.172000005841255,0.232700005173683,0.190200001001358,0.937900006771088,-0.4115,-0.1955,0.6821
28.99,09-22-2026 23:26:21:385,-0.172000005841255,0.232700005173683,0.19030000269413,0.937900006771088,-0.4111,-0.1953,0.6817
29,09-22-2026 23:26:21:395,-0.172000005841255,0.232700005173683,0.190400004386902,0.937900006771088,-0.411,-0.1947,0.6818
29.01,09-22-2026 23:26:21:405,-0.172099992632866,0.232700005173683,0.190699994564056,0.937900006771088,-0.4115,-0.1946,0.6838
29.02,09-22-2026 23:26:21:415,-0.172099992632866,0.232800006866455,0.190799996256828,0.937900006771088,-0.4111,-0.1952,0.6829
29.03,09-22-2026 23:26:21:425,-0.172099992632866,0.232800006866455,0.190799996256828,0.937900006771088,-0.4114,-0.1958,0.6828
29.04,09-22-2026 23:26:21:435,-0.172099992632866,0.232800006866455,0.1908999979496,0.937900006771088,-0.4112,-0.1969,0.683
29.05,09-22-2026 23:26:21:445,-0.172099992632866,0.232800006866455,0.1908999979496,0.937900006771088,-0.4112,-0.197,0.6825
29.06,09-22-2026 23:26:21:455,-0.172099992632866,0.232800006866455,0.1908999979496,0.937900006771088,-0.412,-0.1962,0.6821
29.07,09-22-2026 23:26:21:465,-0.172099992632866,0.232700005173683,0.1908999979496,0.937900006771088,-0.4123,-0.1963,0.6822
29.08,09-22-2026 23:26:21:475,-0.172099992632866,0.232700005173683,0.1908999979496,0.937900006771088,-0.4127,-0.1964,0.6818
29.09,09-22-2026 23:26:21:485,-0.172099992632866,0.232700005173683,0.1908999979496,0.937900006771088,-0.4138,-0.1959,0.6826
29.1,09-22-2026 23:26:21:495,-0.172099992632866,0.232700005173683,0.1908999979496,0.937900006771088,-0.4139,-0.1954,0.6829
29.11,09-22-2026 23:26:21:505,-0.172099992632866,0.232700005173683,0.1908999979496,0.937900006771088,-0.4126,-0.1984,0.6833
29.12,09-22-2026 23:26:21:515,-0.172099992632866,0.232700005173683,0.1908999979496,0.937900006771088,-0.4125,-0.1987,0.6829
29.13,09-22-2026 23:26:21:525,-0.172099992632866,0.232600003480911,0.1908999979496,0.937900006771088,-0.4126,-0.1988,0.683
29.14,09-22-2026 23:26:21:535,-0.172099992632866,0.232600003480911,0.1908999979496,0.937900006771088,-0.4116,-0.1985,0.6828
29.15,09-22-2026 23:26:21:545,-0.172099992632866,0.232600003480911,0.1908999979496,0.937900006771088,-0.4108,-0.1984,0.6824
29.16,09-22-2026 23:26:21:555,-0.172099992632866,0.232600003480911,0.1908999979496,0.937900006771088,-0.4102,-0.198,0.6825
29.17,09-22-2026 23:26:21:565,-0.172099992632866,0.232600003480911,0.1908999979496,0.937900006771088,-0.4099,-0.197,0.6831
29.18,09-22-2026 23:26:21:575,-0.172099992632866,0.232600003480911,0.1908999979496,0.937900006771088,-0.4095,-0.1961,0.6824
29.19,09-22-2026 23:26:21:585,-0.172099992632866,0.232600003480911,0.1908999979496,0.937900006771088,-0.4092,-0.1964,0.6823
29.2,09-22-2026 23:26:21:595,-0.172199994325638,0.232600003480911,0.1908999979496,0.937900006771088,-0.4098,-0.1961,0.6823
29.21,09-22-2026 23:26:21:605,-0.172499999403954,0.232600003480911,0.1908999979496,0.937900006771088,-0.4121,-0.1944,0.6847
29.22,09-22-2026 23:26:21:615,-0.172499999403954,0.232600003480911,0.1908999979496,0.937900006771088,-0.4128,-0.1938,0.6855
29.23,09-22-2026 23:26:21:625,-0.172600001096725,0.232600003480911,0.1908999979496,0.937900006771088,-0.4134,-0.1934,0.6865
29.24,09-22-2026 23:26:21:635,-0.172700002789497,0.232600003480911,0.1908999979496,0.937900006771088,-0.4133,-0.1929,0.6873
29.25,09-22-2026 23:26:21:645,-0.172700002789497,0.232600003480911,0.1908999979496,0.937900006771088,-0.4131,-0.1925,0.6874
29.26,09-22-2026 23:26:21:655,-0.172700002789497,0.232600003480911,0.1908999979496,0.937900006771088,-0.4118,-0.1926,0.6866
29.27,09-22-2026 23:26:21:665,-0.172700002789497,0.232500001788139,0.1908999979496,0.937900006771088,-0.4108,-0.1929,0.6861
29.28,09-22-2026 23:26:21:675,-0.172700002789497,0.232500001788139,0.1908999979496,0.937900006771088,-0.4096,-0.193,0.6856
29.29,09-22-2026 23:26:21:685,-0.172700002789497,0.232500001788139,0.190799996256828,0.937900006771088,-0.4086,-0.1935,0.6841
29.3,09-22-2026 23:26:21:695,-0.172700002789497,0.232500001788139,0.190799996256828,0.937900006771088,-0.4082,-0.1939,0.6838
29.31,09-22-2026 23:26:21:705,-0.172700002789497,0.232600003480911,0.190699994564056,0.937900006771088,-0.4078,-0.1967,0.6859
29.32,09-22-2026 23:26:21:715,-0.172800004482269,0.232600003480911,0.190599992871284,0.937900006771088,-0.4079,-0.1964,0.6861
29.33,09-22-2026 23:26:21:725,-0.172800004482269,0.232600003480911,0.190599992871284,0.937900006771088,-0.4081,-0.196,0.6864
29.34,09-22-2026 23:26:21:735,-0.172800004482269,0.232600003480911,0.190599992871284,0.937900006771088,-0.4074,-0.1964,0.6868
29.35,09-22-2026 23:26:21:745,-0.172900006175041,0.232600003480911,0.190500006079674,0.937900006771088,-0.4079,-0.1962,0.6874
29.36,09-22-2026 23:26:21:755,-0.172900006175041,0.232500001788139,0.190500006079674,0.937900006771088,-0.4081,-0.1962,0.6875
29.37,09-22-2026 23:26:21:765,-0.172900006175041,0.232500001788139,0.190500006079674,0.937900006771088,-0.4079,-0.1962,0.687
29.38,09-22-2026 23:26:21:775,-0.172900006175041,0.232500001788139,0.190500006079674,0.937900006771088,-0.4072,-0.196,0.6858
29.39,09-22-2026 23:26:21:785,-0.172900006175041,0.232500001788139,0.190500006079674,0.937900006771088,-0.408,-0.1966,0.6861
29.4,09-22-2026 23:26:21:795,-0.172900006175041,0.232500001788139,0.190500006079674,0.937900006771088,-0.4083,-0.196,0.6859
29.41,09-22-2026 23:26:21:805,-0.172999992966652,0.232500001788139,0.190500006079674,0.937900006771088,-0.411,-0.196,0.6855
29.42,09-22-2026 23:26:21:815,-0.172999992966652,0.232500001788139,0.190500006079674,0.937900006771088,-0.4105,-0.1962,0.6853
29.43,09-22-2026 23:26:21:825,-0.172999992966652,0.232500001788139,0.190500006079674,0.937900006771088,-0.4101,-0.1959,0.6854
29.44,09-22-2026 23:26:21:835,-0.172999992966652,0.232600003480911,0.190500006079674,0.937799990177155,-0.4101,-0.1952,0.6856
29.45,09-22-2026 23:26:21:845,-0.172999992966652,0.232600003480911,0.190500006079674,0.937799990177155,-0.4099,-0.1947,0.6856
29.46,09-22-2026 23:26:21:855,-0.172999992966652,0.232600003480911,0.190400004386902,0.937799990177155,-0.4099,-0.1944,0.6854
29.47,09-22-2026 23:26:21:865,-0.172999992966652,0.232600003480911,0.190400004386902,0.937900006771088,-0.4098,-0.1945,0.6857
29.48,09-22-2026 23:26:21:875,-0.173099994659424,0.232600003480911,0.190400004386902,0.937900006771088,-0.4097,-0.1944,0.685
29.49,09-22-2026 23:26:21:885,-0.173099994659424,0.232600003480911,0.190400004386902,0.937900006771088,-0.4103,-0.1943,0.6839
29.5,09-22-2026 23:26:21:895,-0.173099994659424,0.232600003480911,0.190400004386902,0.937900006771088,-0.4108,-0.194,0.6844
29.51,09-22-2026 23:26:21:905,-0.173099994659424,0.232600003480911,0.190400004386902,0.938099980354309,-0.4109,-0.1937,0.6838
29.52,09-22-2026 23:26:21:915,-0.173099994659424,0.232600003480911,0.190400004386902,0.938099980354309,-0.41,-0.1935,0.684
29.53,09-22-2026 23:26:21:925,-0.173099994659424,0.232600003480911,0.190400004386902,0.938099980354309,-0.4091,-0.1939,0.684
29.54,09-22-2026 23:26:21:935,-0.173099994659424,0.232600003480911,0.190400004386902,0.938099980354309,-0.4088,-0.194,0.6826
29.55,09-22-2026 23:26:21:945,-0.173099994659424,0.232600003480911,0.190400004386902,0.938199996948242,-0.408,-0.1946,0.6814
29.56,09-22-2026 23:26:21:955,-0.172999992966652,0.232600003480911,0.190400004386902,0.938199996948242,-0.4077,-0.1949,0.6806
29.57,09-22-2026 23:26:21:965,-0.172999992966652,0.232500001788139,0.190400004386902,0.938199996948242,-0.4085,-0.1951,0.6814
29.58,09-22-2026 23:26:21:975,-0.172999992966652,0.232400000095367,0.19030000269413,0.938199996948242,-0.4094,-0.1952,0.6816
29.59,09-22-2026 23:26:21:985,-0.172999992966652,0.232400000095367,0.19030000269413,0.938199996948242,-0.4095,-0.1955,0.6809
29.6,09-22-2026 23:26:21:995,-0.173099994659424,0.232299998402596,0.190200001001358,0.938199996948242,-0.4094,-0.1953,0.6814
29.61,09-22-2026 23:26:22:005,-0.173099994659424,0.232099995017052,0.189899995923042,0.938199996948242,-0.4116,-0.1966,0.6841
29.62,09-22-2026 23:26:22:015,-0.173099994659424,0.23199999332428,0.18979999423027,0.938199996948242,-0.412,-0.1967,0.6849
29.63,09-22-2026 23:26:22:025,-0.173099994659424,0.23199999332428,0.18979999423027,0.938199996948242,-0.4117,-0.1971,0.686
29.64,09-22-2026 23:26:22:035,-0.173099994659424,0.231900006532669,0.18970000743866,0.938199996948242,-0.4114,-0.1972,0.6867
29.65,09-22-2026 23:26:22:045,-0.173099994659424,0.231900006532669,0.18970000743866,0.938199996948242,-0.4113,-0.1972,0.6868
29.66,09-22-2026 23:26:22:055,-0.173099994659424,0.231800004839897,0.189600005745888,0.938199996948242,-0.4115,-0.1968,0.6864
29.67,09-22-2026 23:26:22:065,-0.173099994659424,0.231800004839897,0.189600005745888,0.938199996948242,-0.4116,-0.1962,0.6864
29.68,09-22-2026 23:26:22:075,-0.173099994659424,0.231800004839897,0.189600005745888,0.938199996948242,-0.4124,-0.1952,0.6871
29.69,09-22-2026 23:26:22:085,-0.173099994659424,0.231800004839897,0.189600005745888,0.938199996948242,-0.413,-0.1952,0.6878
29.7,09-22-2026 23:26:22:095,-0.173099994659424,0.231800004839897,0.189600005745888,0.938199996948242,-0.4132,-0.1956,0.6877
29.71,09-22-2026 23:26:22:105,-0.173099994659424,0.231900006532669,0.189500004053116,0.938199996948242,-0.4111,-0.1979,0.6847
29.72,09-22-2026 23:26:22:115,-0.173099994659424,0.231900006532669,0.189500004053116,0.938199996948242,-0.4111,-0.1977,0.6846
29.73,09-22-2026 23:26:22:125,-0.173099994659424,0.231900006532669,0.189500004053116,0.938199996948242,-0.4123,-0.1977,0.6848
29.74,09-22-2026 23:26:22:135,-0.173099994659424,0.231900006532669,0.189500004053116,0.938199996948242,-0.4128,-0.1978,0.685
29.75,09-22-2026 23:26:22:145,-0.172999992966652,0.231900006532669,0.189500004053116,0.938300013542175,-0.4129,-0.1975,0.6857
29.76,09-22-2026 23:26:22:155,-0.172999992966652,0.231800004839897,0.189500004053116,0.938300013542175,-0.4131,-0.1978,0.686
29.77,09-22-2026 23:26:22:165,-0.172900006175041,0.231800004839897,0.189500004053116,0.938300013542175,-0.4135,-0.1981,0.6863
29.78,09-22-2026 23:26:22:175,-0.172900006175041,0.231800004839897,0.189500004053116,0.938300013542175,-0.4134,-0.1983,0.686
29.79,09-22-2026 23:26:22:185,-0.172800004482269,0.231800004839897,0.189500004053116,0.938300013542175,-0.4132,-0.198,0.6859
29.8,09-22-2026 23:26:22:195,-0.172800004482269,0.231800004839897,0.189500004053116,0.938300013542175,-0.4133,-0.1978,0.6852
29.81,09-22-2026 23:26:22:205,-0.172700002789497,0.231800004839897,0.189400002360344,0.938300013542175,-0.4144,-0.1992,0.6826
29.82,09-22-2026 23:26:22:215,-0.172700002789497,0.231800004839897,0.189400002360344,0.938300013542175,-0.4143,-0.1999,0.6818
29.83,09-22-2026 23:26:22:225,-0.172700002789497,0.231900006532669,0.189300000667572,0.938300013542175,-0.4144,-0.2002,0.6816
29.84,09-22-2026 23:26:22:235,-0.172700002789497,0.231900006532669,0.189300000667572,0.938300013542175,-0.4147,-0.2002,0.6819
29.85,09-22-2026 23:26:22:245,-0.172700002789497,0.231900006532669,0.1891999989748,0.938300013542175,-0.4132,-0.2008,0.6823
29.86,09-22-2026 23:26:22:255,-0.172700002789497,0.231900006532669,0.1891999989748,0.938300013542175,-0.4103,-0.2022,0.6837
29.87,09-22-2026 23:26:22:265,-0.172700002789497,0.231900006532669,0.1891999989748,0.938300013542175,-0.4089,-0.2032,0.6842
29.88,09-22-2026 23:26:22:275,-0.172700002789497,0.231900006532669,0.189099997282028,0.938300013542175,-0.4096,-0.2029,0.6827
29.89,09-22-2026 23:26:22:285,-0.172800004482269,0.231900006532669,0.189099997282028,0.938300013542175,-0.41,-0.2026,0.6831
29.9,09-22-2026 23:26:22:295,-0.172900006175041,0.231900006532669,0.189099997282028,0.938300013542175,-0.4093,-0.2029,0.6858
29.91,09-22-2026 23:26:22:305,-0.173199996352196,0.231900006532669,0.188999995589256,0.938300013542175,-0.4117,-0.1982,0.687
29.92,09-22-2026 23:26:22:315,-0.173199996352196,0.231900006532669,0.188999995589256,0.938300013542175,-0.4126,-0.1977,0.6868
29.93,09-22-2026 23:26:22:325,-0.173299998044968,0.231900006532669,0.188999995589256,0.938300013542175,-0.4124,-0.1971,0.6861
29.94,09-22-2026 23:26:22:335,-0.173299998044968,0.231900006532669,0.188999995589256,0.938300013542175,-0.4129,-0.1968,0.6849
29.95,09-22-2026 23:26:22:345,-0.17339999973774,0.231900006532669,0.188999995589256,0.938300013542175,-0.4121,-0.1962,0.6839
29.96,09-22-2026 23:26:22:355,-0.17339999973774,0.231900006532669,0.188999995589256,0.938300013542175,-0.4109,-0.1964,0.6829
29.97,09-22-2026 23:26:22:365,-0.173500001430511,0.231900006532669,0.188999995589256,0.938300013542175,-0.4095,-0.1967,0.6811
29.98,09-22-2026 23:26:22:375,-0.173500001430511,0.231900006532669,0.188999995589256,0.938300013542175,-0.4094,-0.1974,0.6795
29.99,09-22-2026 23:26:22:385,-0.173500001430511,0.23199999332428,0.188999995589256,0.938300013542175,-0.4104,-0.1975,0.6795
30,09-22-2026 23:26:22:395,-0.173500001430511,0.23199999332428,0.188999995589256,0.938300013542175,-0.4109,-0.1974,0.6798
30.01,09-22-2026 23:26:22:405,-0.173500001430511,0.232099995017052,0.188800007104874,0.938300013542175,-0.4131,-0.1963,0.6833
30.02,09-22-2026 23:26:22:415,-0.173500001430511,0.232099995017052,0.188700005412102,0.938300013542175,-0.4138,-0.1961,0.6854
30.03,09-22-2026 23:26:22:425,-0.173500001430511,0.232099995017052,0.188700005412102,0.938199996948242,-0.414,-0.1965,0.6863
30.04,09-22-2026 23:26:22:435,-0.173600003123283,0.232099995017052,0.188700005412102,0.938199996948242,-0.413,-0.1971,0.688
30.05,09-22-2026 23:26:22:445,-0.173600003123283,0.232099995017052,0.18860000371933,0.938199996948242,-0.4122,-0.1979,0.6883
30.06,09-22-2026 23:26:22:455,-0.173700004816055,0.232099995017052,0.18860000371933,0.938199996948242,-0.4105,-0.1984,0.688
30.07,09-22-2026 23:26:22:465,-0.173700004816055,0.232099995017052,0.18860000371933,0.938199996948242,-0.4089,-0.1997,0.6874
30.08,09-22-2026 23:26:22:475,-0.173800006508827,0.232099995017052,0.18860000371933,0.938199996948242,-0.4081,-0.2004,0.6866
30.09,09-22-2026 23:26:22:485,-0.173899993300438,0.232099995017052,0.18860000371933,0.938199996948242,-0.4076,-0.2008,0.686
30.1,09-22-2026 23:26:22:495,-0.17399999499321,0.232099995017052,0.18860000371933,0.938199996948242,-0.4083,-0.2,0.6852
30.11,09-22-2026 23:26:22:505,-0.174300000071526,0.232099995017052,0.18860000371933,0.938099980354309,-0.4111,-0.197,0.6867
30.12,09-22-2026 23:26:22:515,-0.174400001764297,0.232099995017052,0.18860000371933,0.938099980354309,-0.4117,-0.1965,0.6871
30.13,09-22-2026 23:26:22:525,-0.174500003457069,0.232099995017052,0.188500002026558,0.938099980354309,-0.4124,-0.1961,0.687
30.14,09-22-2026 23:26:22:535,-0.174500003457069,0.232199996709824,0.188500002026558,0.938099980354309,-0.4129,-0.1956,0.6869
30.15,09-22-2026 23:26:22:545,-0.174600005149841,0.232199996709824,0.188500002026558,0.938099980354309,-0.4121,-0.1953,0.6869
30.16,09-22-2026 23:26:22:555,-0.174700006842613,0.232299998402596,0.188400000333786,0.938099980354309,-0.4117,-0.1954,0.6869
30.17,09-22-2026 23:26:22:565,-0.174799993634224,0.232299998402596,0.188400000333786,0.938099980354309,-0.4112,-0.1955,0.6855
30.18,09-22-2026 23:26:22:575,-0.174799993634224,0.232299998402596,0.188400000333786,0.938099980354309,-0.4112,-0.1951,0.6847
30.19,09-22-2026 23:26:22:585,-0.174899995326996,0.232299998402596,0.188299998641014,0.938099980354309,-0.4109,-0.1951,0.6841
30.2,09-22-2026 23:26:22:595,-0.174999997019768,0.232299998402596,0.188299998641014,0.938099980354309,-0.4107,-0.1947,0.684
30.21,09-22-2026 23:26:22:605,-0.174999997019768,0.232299998402596,0.188199996948242,0.938099980354309,-0.4111,-0.1926,0.682
30.22,09-22-2026 23:26:22:615,-0.174999997019768,0.232199996709824,0.18809999525547,0.938099980354309,-0.4113,-0.1924,0.6815
30.23,09-22-2026 23:26:22:625,-0.174999997019768,0.232199996709824,0.18809999525547,0.938099980354309,-0.4109,-0.1926,0.6813
30.24,09-22-2026 23:26:22:635,-0.17509999871254,0.232199996709824,0.187999993562698,0.938099980354309,-0.4111,-0.1927,0.6813
30.25,09-22-2026 23:26:22:645,-0.17509999871254,0.232199996709824,0.187999993562698,0.938099980354309,-0.4109,-0.1923,0.681
30.26,09-22-2026 23:26:22:655,-0.17509999871254,0.232199996709824,0.187900006771088,0.938099980354309,-0.4103,-0.1923,0.6805
30.27,09-22-2026 23:26:22:665,-0.17509999871254,0.232199996709824,0.187900006771088,0.938099980354309,-0.4101,-0.1931,0.6803
30.28,09-22-2026 23:26:22:675,-0.17509999871254,0.232199996709824,0.187800005078316,0.938099980354309,-0.4097,-0.1935,0.6795
30.29,09-22-2026 23:26:22:685,-0.17509999871254,0.232199996709824,0.187800005078316,0.938099980354309,-0.4091,-0.194,0.6801
30.3,09-22-2026 23:26:22:695,-0.17509999871254,0.232199996709824,0.187800005078316,0.938099980354309,-0.4084,-0.1952,0.681
30.31,09-22-2026 23:26:22:705,-0.17509999871254,0.232099995017052,0.187700003385544,0.938099980354309,-0.412,-0.1981,0.6866
30.32,09-22-2026 23:26:22:715,-0.17509999871254,0.232199996709824,0.187700003385544,0.938000023365021,-0.4123,-0.1984,0.6872
30.33,09-22-2026 23:26:22:725,-0.17509999871254,0.232199996709824,0.187700003385544,0.938000023365021,-0.4126,-0.1985,0.6869
30.34,09-22-2026 23:26:22:735,-0.174999997019768,0.232199996709824,0.187700003385544,0.938000023365021,-0.4134,-0.1984,0.6867
30.35,09-22-2026 23:26:22:745,-0.174999997019768,0.232199996709824,0.187700003385544,0.938000023365021,-0.4134,-0.198,0.6866
30.36,09-22-2026 23:26:22:755,-0.174999997019768,0.232199996709824,0.187700003385544,0.938000023365021,-0.4135,-0.1978,0.6869
30.37,09-22-2026 23:26:22:765,-0.174999997019768,0.232199996709824,0.187700003385544,0.938000023365021,-0.4141,-0.1973,0.6868
30.38,09-22-2026 23:26:22:775,-0.174999997019768,0.232199996709824,0.187700003385544,0.938000023365021,-0.4137,-0.1979,0.6866
30.39,09-22-2026 23:26:22:785,-0.17509999871254,0.232199996709824,0.187700003385544,0.938000023365021,-0.4131,-0.1977,0.6863
30.4,09-22-2026 23:26:22:795,-0.17509999871254,0.232199996709824,0.187700003385544,0.938000023365021,-0.4122,-0.1979,0.6858
30.41,09-22-2026 23:26:22:805,-0.17509999871254,0.232199996709824,0.187900006771088,0.938000023365021,-0.4109,-0.1979,0.6841
30.42,09-22-2026 23:26:22:815,-0.17509999871254,0.232299998402596,0.187999993562698,0.938000023365021,-0.4108,-0.1974,0.6831
30.43,09-22-2026 23:26:22:825,-0.17509999871254,0.232299998402596,0.187999993562698,0.938000023365021,-0.4107,-0.1964,0.682
30.44,09-22-2026 23:26:22:835,-0.17509999871254,0.232299998402596,0.18809999525547,0.938000023365021,-0.4104,-0.1966,0.6813
30.45,09-22-2026 23:26:22:845,-0.174999997019768,0.232400000095367,0.18809999525547,0.938000023365021,-0.4112,-0.1963,0.681
30.46,09-22-2026 23:26:22:855,-0.174999997019768,0.232400000095367,0.18809999525547,0.938000023365021,-0.4118,-0.1953,0.681
30.47,09-22-2026 23:26:22:865,-0.174999997019768,0.232400000095367,0.18809999525547,0.938000023365021,-0.4125,-0.1953,0.6814
30.48,09-22-2026 23:26:22:875,-0.174999997019768,0.232400000095367,0.18809999525547,0.938000023365021,-0.413,-0.1954,0.6824
30.49,09-22-2026 23:26:22:885,-0.174999997019768,0.232400000095367,0.18809999525547,0.938000023365021,-0.4131,-0.1962,0.6828
30.5,09-22-2026 23:26:22:895,-0.174999997019768,0.232400000095367,0.18809999525547,0.938000023365021,-0.4129,-0.1977,0.6826
30.51,09-22-2026 23:26:22:905,-0.174999997019768,0.232400000095367,0.18809999525547,0.938000023365021,-0.4112,-0.2016,0.6825
30.52,09-22-2026 23:26:22:915,-0.174999997019768,0.232400000095367,0.18809999525547,0.938000023365021,-0.4112,-0.2024,0.6826
30.53,09-22-2026 23:26:22:925,-0.17509999871254,0.232400000095367,0.18809999525547,0.938000023365021,-0.4116,-0.2023,0.6837
30.54,09-22-2026 23:26:22:935,-0.17509999871254,0.232400000095367,0.188199996948242,0.938000023365021,-0.4121,-0.2021,0.6839
30.55,09-22-2026 23:26:22:945,-0.17509999871254,0.232400000095367,0.188199996948242,0.938000023365021,-0.4124,-0.2023,0.6838
30.56,09-22-2026 23:26:22:955,-0.17509999871254,0.232400000095367,0.188199996948242,0.938000023365021,-0.4126,-0.2015,0.6841
30.57,09-22-2026 23:26:22:965,-0.17509999871254,0.232400000095367,0.188199996948242,0.938000023365021,-0.4138,-0.2015,0.6845
30.58,09-22-2026 23:26:22:975,-0.17509999871254,0.232400000095367,0.188199996948242,0.938000023365021,-0.4148,-0.2018,0.6853
30.59,09-22-2026 23:26:22:985,-0.17509999871254,0.232400000095367,0.188199996948242,0.938000023365021,-0.4147,-0.2018,0.6845
30.6,09-22-2026 23:26:22:995,-0.17509999871254,0.232400000095367,0.188199996948242,0.938000023365021,-0.415,-0.2024,0.6831
30.61,09-22-2026 23:26:23:005,-0.175200000405312,0.232400000095367,0.188199996948242,0.938000023365021,-0.4152,-0.2021,0.6838
30.62,09-22-2026 23:26:23:015,-0.175200000405312,0.232299998402596,0.188199996948242,0.938000023365021,-0.4154,-0.2026,0.6839
30.63,09-22-2026 23:26:23:025,-0.175200000405312,0.232299998402596,0.188199996948242,0.938000023365021,-0.415,-0.2032,0.6838
30.64,09-22-2026 23:26:23:035,-0.175200000405312,0.232299998402596,0.188199996948242,0.938000023365021,-0.4152,-0.2035,0.6839
30.65,09-22-2026 23:26:23:045,-0.175200000405312,0.232299998402596,0.188199996948242,0.938000023365021,-0.4146,-0.2039,0.6847
30.66,09-22-2026 23:26:23:055,-0.175200000405312,0.232299998402596,0.188199996948242,0.938000023365021,-0.4145,-0.2037,0.6852
30.67,09-22-2026 23:26:23:065,-0.175200000405312,0.232299998402596,0.188199996948242,0.938000023365021,-0.4146,-0.204,0.6858
30.68,09-22-2026 23:26:23:075,-0.175200000405312,0.232299998402596,0.188199996948242,0.938000023365021,-0.4152,-0.2037,0.6869
30.69,09-22-2026 23:26:23:085,-0.175200000405312,0.232299998402596,0.18809999525547,0.938000023365021,-0.4156,-0.2031,0.6874
30.7,09-22-2026 23:26:23:095,-0.175200000405312,0.232299998402596,0.18809999525547,0.938000023365021,-0.4156,-0.2033,0.6872
30.71,09-22-2026 23:26:23:105,-0.175200000405312,0.232199996709824,0.18809999525547,0.938000023365021,-0.4115,-0.2045,0.6822
30.72,09-22-2026 23:26:23:115,-0.175200000405312,0.232199996709824,0.18809999525547,0.938099980354309,-0.4108,-0.2044,0.6816
30.73,09-22-2026 23:26:23:125,-0.17509999871254,0.232199996709824,0.18809999525547,0.938099980354309,-0.4101,-0.2038,0.6814
30.74,09-22-2026 23:26:23:135,-0.17509999871254,0.232199996709824,0.18809999525547,0.938099980354309,-0.4106,-0.2035,0.6816
30.75,09-22-2026 23:26:23:145,-0.174999997019768,0.232199996709824,0.18809999525547,0.938199996948242,-0.4107,-0.2029,0.681
30.76,09-22-2026 23:26:23:155,-0.174899995326996,0.232199996709824,0.18809999525547,0.938199996948242,-0.4115,-0.2017,0.6811
30.77,09-22-2026 23:26:23:165,-0.174799993634224,0.232199996709824,0.18809999525547,0.938199996948242,-0.4121,-0.2001,0.6808
30.78,09-22-2026 23:26:23:175,-0.174600005149841,0.232199996709824,0.18809999525547,0.938300013542175,-0.4124,-0.1999,0.6811
30.79,09-22-2026 23:26:23:185,-0.174500003457069,0.232199996709824,0.18809999525547,0.938300013542175,-0.4124,-0.201,0.6816
30.8,09-22-2026 23:26:23:195,-0.174400001764297,0.232099995017052,0.18809999525547,0.938399970531464,-0.4126,-0.2015,0.6824
30.81,09-22-2026 23:26:23:205,-0.17399999499321,0.232099995017052,0.187999993562698,0.93860000371933,-0.4115,-0.2053,0.6847
30.82,09-22-2026 23:26:23:215,-0.173899993300438,0.232099995017052,0.187999993562698,0.93860000371933,-0.4117,-0.2055,0.685
30.83,09-22-2026 23:26:23:225,-0.173800006508827,0.23199999332428,0.187999993562698,0.938700020313263,-0.4112,-0.205,0.6853
30.84,09-22-2026 23:26:23:235,-0.173700004816055,0.23199999332428,0.187900006771088,0.938700020313263,-0.4116,-0.2043,0.6857
30.85,09-22-2026 23:26:23:245,-0.173700004816055,0.231900006532669,0.187900006771088,0.938700020313263,-0.4111,-0.2038,0.6853
30.86,09-22-2026 23:26:23:255,-0.173600003123283,0.231800004839897,0.187900006771088,0.938799977302551,-0.4112,-0.2035,0.6845
30.87,09-22-2026 23:26:23:265,-0.173500001430511,0.231800004839897,0.187800005078316,0.938799977302551,-0.4111,-0.2027,0.6834
30.88,09-22-2026 23:26:23:275,-0.173500001430511,0.231700003147125,0.187800005078316,0.938799977302551,-0.4108,-0.2023,0.6832
30.89,09-22-2026 23:26:23:285,-0.17339999973774,0.231700003147125,0.187700003385544,0.938799977302551,-0.4104,-0.2016,0.6823
30.9,09-22-2026 23:26:23:295,-0.17339999973774,0.231600001454353,0.187700003385544,0.938799977302551,-0.4103,-0.2011,0.6813
30.91,09-22-2026 23:26:23:305,-0.17339999973774,0.231299996376038,0.1875,0.938799977302551,-0.4112,-0.2022,0.6811
30.92,09-22-2026 23:26:23:315,-0.17339999973774,0.231199994683266,0.187399998307228,0.938799977302551,-0.4101,-0.2023,0.6812
30.93,09-22-2026 23:26:23:325,-0.173500001430511,0.231199994683266,0.187399998307228,0.938799977302551,-0.4102,-0.2027,0.6814
30.94,09-22-2026 23:26:23:335,-0.173500001430511,0.231099992990494,0.187399998307228,0.938799977302551,-0.4104,-0.2026,0.6822
30.95,09-22-2026 23:26:23:345,-0.173600003123283,0.231099992990494,0.187299996614456,0.938799977302551,-0.4097,-0.2027,0.6824
30.96,09-22-2026 23:26:23:355,-0.173600003123283,0.231000006198883,0.187299996614456,0.938799977302551,-0.41,-0.2019,0.6825
30.97,09-22-2026 23:26:23:365,-0.173600003123283,0.231000006198883,0.187299996614456,0.938799977302551,-0.4089,-0.2017,0.682
30.98,09-22-2026 23:26:23:375,-0.173700004816055,0.231000006198883,0.187299996614456,0.938799977302551,-0.4085,-0.2025,0.6824
30.99,09-22-2026 23:26:23:385,-0.173700004816055,0.230900004506111,0.187299996614456,0.938799977302551,-0.4081,-0.203,0.6823
31,09-22-2026 23:26:23:395,-0.173700004816055,0.230900004506111,0.187299996614456,0.938799977302551,-0.4083,-0.2031,0.6825
31.01,09-22-2026 23:26:23:405,-0.173700004816055,0.230900004506111,0.187299996614456,0.938799977302551,-0.4086,-0.2029,0.683
31.02,09-22-2026 23:26:23:415,-0.173700004816055,0.230900004506111,0.187299996614456,0.938799977302551,-0.4093,-0.2037,0.6836
31.03,09-22-2026 23:26:23:425,-0.173800006508827,0.230900004506111,0.187299996614456,0.938799977302551,-0.41,-0.2036,0.6847
31.04,09-22-2026 23:26:23:435,-0.173800006508827,0.230900004506111,0.187299996614456,0.938799977302551,-0.4099,-0.2037,0.6847
31.05,09-22-2026 23:26:23:445,-0.173800006508827,0.230900004506111,0.187299996614456,0.938799977302551,-0.4102,-0.204,0.6849
31.06,09-22-2026 23:26:23:455,-0.173800006508827,0.230900004506111,0.187299996614456,0.938799977302551,-0.4097,-0.2043,0.6847
31.07,09-22-2026 23:26:23:465,-0.173800006508827,0.230900004506111,0.187299996614456,0.938799977302551,-0.4093,-0.2044,0.6842
31.08,09-22-2026 23:26:23:475,-0.173800006508827,0.230900004506111,0.187299996614456,0.938799977302551,-0.4097,-0.2047,0.6843
31.09,09-22-2026 23:26:23:485,-0.173800006508827,0.230900004506111,0.187299996614456,0.938799977302551,-0.4099,-0.2044,0.685
31.1,09-22-2026 23:26:23:495,-0.173800006508827,0.230900004506111,0.187299996614456,0.938799977302551,-0.4106,-0.2048,0.6857
31.11,09-22-2026 23:26:23:505,-0.173899993300438,0.230900004506111,0.187299996614456,0.938799977302551,-0.4137,-0.2053,0.6894
31.12,09-22-2026 23:26:23:515,-0.173899993300438,0.230900004506111,0.187299996614456,0.938799977302551,-0.4143,-0.2055,0.6912
31.13,09-22-2026 23:26:23:525,-0.173899993300438,0.230900004506111,0.187299996614456,0.938799977302551,-0.4147,-0.2051,0.692
31.14,09-22-2026 23:26:23:535,-0.173899993300438,0.230800002813339,0.187299996614456,0.938799977302551,-0.4146,-0.2053,0.6919
31.15,09-22-2026 23:26:23:545,-0.173899993300438,0.230800002813339,0.187199994921684,0.938799977302551,-0.4132,-0.2057,0.6901
31.16,09-22-2026 23:26:23:555,-0.173899993300438,0.230800002813339,0.187199994921684,0.938799977302551,-0.412,-0.2058,0.6886
31.17,09-22-2026 23:26:23:565,-0.173899993300438,0.230800002813339,0.187199994921684,0.938799977302551,-0.411,-0.2056,0.6873
31.18,09-22-2026 23:26:23:575,-0.173800006508827,0.230800002813339,0.187199994921684,0.938799977302551,-0.41,-0.2051,0.6862
31.19,09-22-2026 23:26:23:585,-0.173800006508827,0.230800002813339,0.187199994921684,0.938899993896484,-0.4098,-0.2043,0.6852
31.2,09-22-2026 23:26:23:595,-0.173800006508827,0.230800002813339,0.187199994921684,0.938899993896484,-0.41,-0.2034,0.6847
31.21,09-22-2026 23:26:23:605,-0.173600003123283,0.230700001120567,0.187199994921684,0.939000010490417,-0.4093,-0.1968,0.6833
31.22,09-22-2026 23:26:23:615,-0.173600003123283,0.230700001120567,0.187199994921684,0.939000010490417,-0.4089,-0.1963,0.6829
31.23,09-22-2026 23:26:23:625,-0.173600003123283,0.230700001120567,0.187199994921684,0.939100027084351,-0.4084,-0.1962,0.6825
31.24,09-22-2026 23:26:23:635,-0.173500001430511,0.230700001120567,0.187199994921684,0.939100027084351,-0.4077,-0.1967,0.6823
31.25,09-22-2026 23:26:23:645,-0.173500001430511,0.230700001120567,0.187199994921684,0.939199984073639,-0.4064,-0.1965,0.6823
31.26,09-22-2026 23:26:23:655,-0.173500001430511,0.230700001120567,0.187199994921684,0.939199984073639,-0.4049,-0.1973,0.6823
31.27,09-22-2026 23:26:23:665,-0.173500001430511,0.230599999427795,0.187199994921684,0.939199984073639,-0.4035,-0.1977,0.6821
31.28,09-22-2026 23:26:23:675,-0.173500001430511,0.230599999427795,0.187099993228912,0.939199984073639,-0.403,-0.1976,0.6815
31.29,09-22-2026 23:26:23:685,-0.173500001430511,0.230599999427795,0.187099993228912,0.939199984073639,-0.4025,-0.1978,0.6804
31.3,09-22-2026 23:26:23:695,-0.173500001430511,0.230599999427795,0.187000006437302,0.939199984073639,-0.4021,-0.1976,0.6798
31.31,09-22-2026 23:26:23:705,-0.173600003123283,0.230399996042252,0.186800003051758,0.939100027084351,-0.4059,-0.1968,0.6804
31.32,09-22-2026 23:26:23:715,-0.173600003123283,0.230399996042252,0.186599999666214,0.939100027084351,-0.4064,-0.1969,0.6818
31.33,09-22-2026 23:26:23:725,-0.173700004816055,0.23029999434948,0.186499997973442,0.939100027084351,-0.4069,-0.1979,0.6835
31.34,09-22-2026 23:26:23:735,-0.173700004816055,0.23029999434948,0.18639999628067,0.939000010490417,-0.4075,-0.1981,0.684
31.35,09-22-2026 23:26:23:745,-0.173700004816055,0.230199992656708,0.186299994587898,0.939000010490417,-0.4087,-0.199,0.685
31.36,09-22-2026 23:26:23:755,-0.173800006508827,0.230199992656708,0.186199992895126,0.939000010490417,-0.409,-0.1999,0.6857
31.37,09-22-2026 23:26:23:765,-0.173800006508827,0.230199992656708,0.186100006103516,0.938899993896484,-0.4088,-0.201,0.6863
31.38,09-22-2026 23:26:23:775,-0.173800006508827,0.230199992656708,0.186000004410744,0.938899993896484,-0.4086,-0.202,0.6861
31.39,09-22-2026 23:26:23:785,-0.173800006508827,0.23029999434948,0.185900002717972,0.938899993896484,-0.4079,-0.203,0.6859
31.4,09-22-2026 23:26:23:795,-0.173800006508827,0.23029999434948,0.185900002717972,0.938899993896484,-0.4075,-0.2038,0.6859
31.41,09-22-2026 23:26:23:805,-0.173899993300438,0.230700001120567,0.1858000010252,0.938899993896484,-0.4091,-0.2042,0.6865
31.42,09-22-2026 23:26:23:815,-0.173899993300438,0.230800002813339,0.185900002717972,0.938899993896484,-0.4096,-0.2037,0.6868
31.43,09-22-2026 23:26:23:825,-0.173899993300438,0.230900004506111,0.185900002717972,0.938899993896484,-0.4095,-0.2038,0.6875
31.44,09-22-2026 23:26:23:835,-0.173899993300438,0.231000006198883,0.185900002717972,0.938899993896484,-0.4099,-0.2032,0.6883
31.45,09-22-2026 23:26:23:845,-0.173800006508827,0.231099992990494,0.186000004410744,0.938899993896484,-0.4097,-0.2033,0.6889
31.46,09-22-2026 23:26:23:855,-0.173800006508827,0.231199994683266,0.186000004410744,0.938899993896484,-0.4098,-0.2035,0.6888
31.47,09-22-2026 23:26:23:865,-0.173800006508827,0.231199994683266,0.186000004410744,0.939000010490417,-0.4093,-0.2038,0.6888
31.48,09-22-2026 23:26:23:875,-0.173700004816055,0.231299996376038,0.186100006103516,0.939000010490417,-0.4087,-0.2038,0.6885
31.49,09-22-2026 23:26:23:885,-0.173700004816055,0.231299996376038,0.186100006103516,0.939000010490417,-0.4075,-0.2037,0.6871
31.5,09-22-2026 23:26:23:895,-0.173600003123283,0.231299996376038,0.186100006103516,0.939000010490417,-0.4068,-0.2039,0.6866
31.51,09-22-2026 23:26:23:905,-0.173600003123283,0.231299996376038,0.186100006103516,0.939000010490417,-0.4053,-0.2033,0.6873
31.52,09-22-2026 23:26:23:915,-0.173600003123283,0.231199994683266,0.186100006103516,0.939000010490417,-0.4056,-0.203,0.6873
31.53,09-22-2026 23:26:23:925,-0.173600003123283,0.231199994683266,0.186100006103516,0.939000010490417,-0.4059,-0.2027,0.6881
31.54,09-22-2026 23:26:23:935,-0.173600003123283,0.231199994683266,0.186000004410744,0.939000010490417,-0.4058,-0.2029,0.6882
31.55,09-22-2026 23:26:23:945,-0.173500001430511,0.231199994683266,0.186000004410744,0.939000010490417,-0.4049,-0.2032,0.6895
31.56,09-22-2026 23:26:23:955,-0.173500001430511,0.231199994683266,0.186000004410744,0.939000010490417,-0.4032,-0.2043,0.6899
31.57,09-22-2026 23:26:23:965,-0.173500001430511,0.231099992990494,0.185900002717972,0.939000010490417,-0.4024,-0.2055,0.6891
31.58,09-22-2026 23:26:23:975,-0.17339999973774,0.231099992990494,0.185900002717972,0.939000010490417,-0.402,-0.2055,0.6883
31.59,09-22-2026 23:26:23:985,-0.17339999973774,0.231099992990494,0.185900002717972,0.939000010490417,-0.4018,-0.2055,0.688
31.6,09-22-2026 23:26:23:995,-0.17339999973774,0.231099992990494,0.185900002717972,0.939000010490417,-0.4009,-0.2058,0.6887
31.61,09-22-2026 23:26:24:005,-0.17339999973774,0.231099992990494,0.185900002717972,0.939000010490417,-0.399,-0.2046,0.6851
31.62,09-22-2026 23:26:24:015,-0.17339999973774,0.231099992990494,0.185900002717972,0.939000010490417,-0.4004,-0.2031,0.6856
31.63,09-22-2026 23:26:24:025,-0.17339999973774,0.231099992990494,0.185900002717972,0.939000010490417,-0.4028,-0.2019,0.6848
31.64,09-22-2026 23:26:24:035,-0.17339999973774,0.231199994683266,0.185900002717972,0.939000010490417,-0.4048,-0.2007,0.6831
31.65,09-22-2026 23:26:24:045,-0.17339999973774,0.231199994683266,0.185900002717972,0.939000010490417,-0.4048,-0.2005,0.683
31.66,09-22-2026 23:26:24:055,-0.17339999973774,0.231199994683266,0.186000004410744,0.939000010490417,-0.4064,-0.1996,0.6829
31.67,09-22-2026 23:26:24:065,-0.17339999973774,0.231299996376038,0.186000004410744,0.939000010490417,-0.4084,-0.1992,0.6817
31.68,09-22-2026 23:26:24:075,-0.17339999973774,0.231299996376038,0.186100006103516,0.939000010490417,-0.41,-0.199,0.6808
31.69,09-22-2026 23:26:24:085,-0.173500001430511,0.231299996376038,0.186100006103516,0.939000010490417,-0.4112,-0.1989,0.6807
31.7,09-22-2026 23:26:24:095,-0.173500001430511,0.231299996376038,0.186100006103516,0.939000010490417,-0.412,-0.1986,0.6812
31.71,09-22-2026 23:26:24:105,-0.173700004816055,0.231199994683266,0.186100006103516,0.939000010490417,-0.4124,-0.199,0.6809
31.72,09-22-2026 23:26:24:115,-0.173800006508827,0.231199994683266,0.186100006103516,0.939000010490417,-0.4121,-0.1994,0.6828
31.73,09-22-2026 23:26:24:125,-0.173800006508827,0.231199994683266,0.186100006103516,0.939000010490417,-0.4117,-0.2009,0.6846
31.74,09-22-2026 23:26:24:135,-0.173899993300438,0.231199994683266,0.186100006103516,0.938899993896484,-0.4118,-0.2011,0.6843
31.75,09-22-2026 23:26:24:145,-0.17399999499321,0.231199994683266,0.186100006103516,0.938899993896484,-0.4106,-0.2016,0.685
31.76,09-22-2026 23:26:24:155,-0.174099996685982,0.231199994683266,0.186100006103516,0.938899993896484,-0.41,-0.2023,0.6865
31.77,09-22-2026 23:26:24:165,-0.174099996685982,0.231199994683266,0.186100006103516,0.938899993896484,-0.4093,-0.2028,0.6877
31.78,09-22-2026 23:26:24:175,-0.174199998378754,0.231199994683266,0.186100006103516,0.938899993896484,-0.4092,-0.2042,0.6898
31.79,09-22-2026 23:26:24:185,-0.174300000071526,0.231199994683266,0.186000004410744,0.938899993896484,-0.4085,-0.2055,0.6903
31.8,09-22-2026 23:26:24:195,-0.174400001764297,0.231199994683266,0.186000004410744,0.938899993896484,-0.4075,-0.2065,0.69
31.81,09-22-2026 23:26:24:205,-0.174700006842613,0.231199994683266,0.185900002717972,0.938799977302551,-0.4072,-0.2032,0.6878
31.82,09-22-2026 23:26:24:215,-0.174700006842613,0.231199994683266,0.1858000010252,0.938799977302551,-0.4083,-0.2016,0.6866
31.83,09-22-2026 23:26:24:225,-0.174700006842613,0.231199994683266,0.1858000010252,0.938799977302551,-0.4092,-0.2002,0.6853
31.84,09-22-2026 23:26:24:235,-0.174700006842613,0.231199994683266,0.1858000010252,0.938799977302551,-0.4106,-0.1993,0.6851
31.85,09-22-2026 23:26:24:245,-0.174700006842613,0.231199994683266,0.1858000010252,0.938799977302551,-0.4112,-0.1988,0.6857
31.86,09-22-2026 23:26:24:255,-0.174700006842613,0.231199994683266,0.1858000010252,0.938799977302551,-0.4117,-0.1993,0.6857
31.87,09-22-2026 23:26:24:265,-0.174799993634224,0.231199994683266,0.1858000010252,0.938799977302551,-0.4118,-0.1992,0.685
31.88,09-22-2026 23:26:24:275,-0.174799993634224,0.231199994683266,0.1858000010252,0.938799977302551,-0.4118,-0.1989,0.6839
31.89,09-22-2026 23:26:24:285,-0.174799993634224,0.231199994683266,0.1858000010252,0.938700020313263,-0.4113,-0.1979,0.683
31.9,09-22-2026 23:26:24:295,-0.174799993634224,0.231299996376038,0.1858000010252,0.938799977302551,-0.4117,-0.1973,0.6823
31.91,09-22-2026 23:26:24:305,-0.174799993634224,0.23139999806881,0.185699999332428,0.938700020313263,-0.412,-0.1964,0.6826
31.92,09-22-2026 23:26:24:315,-0.174799993634224,0.23139999806881,0.185699999332428,0.938700020313263,-0.4121,-0.1971,0.6847
31.93,09-22-2026 23:26:24:325,-0.174700006842613,0.23139999806881,0.185699999332428,0.938700020313263,-0.4122,-0.1977,0.6851
31.94,09-22-2026 23:26:24:335,-0.174700006842613,0.231299996376038,0.185699999332428,0.938700020313263,-0.412,-0.1988,0.6862
31.95,09-22-2026 23:26:24:345,-0.174600005149841,0.231299996376038,0.185699999332428,0.938700020313263,-0.4116,-0.1994,0.687
31.96,09-22-2026 23:26:24:355,-0.174600005149841,0.231299996376038,0.185699999332428,0.938700020313263,-0.4104,-0.2,0.6875
31.97,09-22-2026 23:26:24:365,-0.174500003457069,0.231299996376038,0.185699999332428,0.938700020313263,-0.4089,-0.2002,0.6869
31.98,09-22-2026 23:26:24:375,-0.174500003457069,0.23139999806881,0.185699999332428,0.938700020313263,-0.4076,-0.2004,0.6854
31.99,09-22-2026 23:26:24:385,-0.174500003457069,0.23139999806881,0.185699999332428,0.938700020313263,-0.4068,-0.2007,0.6842
32,09-22-2026 23:26:24:395,-0.174400001764297,0.23139999806881,0.185699999332428,0.938700020313263,-0.4061,-0.2003,0.685
32.01,09-22-2026 23:26:24:405,-0.174500003457069,0.231600001454353,0.185699999332428,0.938700020313263,-0.4059,-0.1993,0.6835
32.02,09-22-2026 23:26:24:415,-0.174500003457069,0.231600001454353,0.185699999332428,0.938700020313263,-0.4066,-0.1991,0.6841
32.03,09-22-2026 23:26:24:425,-0.174500003457069,0.231600001454353,0.185699999332428,0.938700020313263,-0.407,-0.198,0.6844
32.04,09-22-2026 23:26:24:435,-0.174500003457069,0.231600001454353,0.185699999332428,0.938700020313263,-0.4067,-0.1971,0.6842
32.05,09-22-2026 23:26:24:445,-0.174500003457069,0.231700003147125,0.185699999332428,0.938700020313263,-0.4061,-0.1968,0.6841
32.06,09-22-2026 23:26:24:455,-0.174500003457069,0.231700003147125,0.185699999332428,0.938700020313263,-0.4048,-0.1965,0.6832
32.07,09-22-2026 23:26:24:465,-0.174500003457069,0.231700003147125,0.185699999332428,0.938700020313263,-0.4044,-0.1969,0.6825
32.08,09-22-2026 23:26:24:475,-0.174500003457069,0.231700003147125,0.185699999332428,0.938700020313263,-0.4051,-0.1976,0.6812
32.09,09-22-2026 23:26:24:485,-0.174500003457069,0.231800004839897,0.185699999332428,0.938700020313263,-0.4056,-0.1984,0.6808
32.1,09-22-2026 23:26:24:495,-0.174500003457069,0.231800004839897,0.185599997639656,0.938700020313263,-0.406,-0.1985,0.6807
32.11,09-22-2026 23:26:24:505,-0.174600005149841,0.231800004839897,0.185599997639656,0.938700020313263,-0.4098,-0.1982,0.6838
32.12,09-22-2026 23:26:24:515,-0.174600005149841,0.231800004839897,0.185599997639656,0.938700020313263,-0.4104,-0.1985,0.684
32.13,09-22-2026 23:26:24:525,-0.174600005149841,0.231800004839897,0.185599997639656,0.938700020313263,-0.4098,-0.1989,0.685
32.14,09-22-2026 23:26:24:535,-0.174600005149841,0.231800004839897,0.185599997639656,0.938700020313263,-0.4093,-0.1998,0.6858
32.15,09-22-2026 23:26:24:545,-0.174600005149841,0.231800004839897,0.185599997639656,0.938700020313263,-0.4083,-0.2007,0.6857
32.16,09-22-2026 23:26:24:555,-0.174600005149841,0.231800004839897,0.185599997639656,0.938700020313263,-0.4073,-0.202,0.6848
32.17,09-22-2026 23:26:24:565,-0.174600005149841,0.231800004839897,0.185599997639656,0.938700020313263,-0.4069,-0.2025,0.6845
32.18,09-22-2026 23:26:24:575,-0.174600005149841,0.231800004839897,0.185599997639656,0.938700020313263,-0.4067,-0.2032,0.685
32.19,09-22-2026 23:26:24:585,-0.174600005149841,0.231800004839897,0.185599997639656,0.938700020313263,-0.4068,-0.2032,0.6848
32.2,09-22-2026 23:26:24:595,-0.174700006842613,0.231800004839897,0.185599997639656,0.938700020313263,-0.4067,-0.2042,0.6845
32.21,09-22-2026 23:26:24:605,-0.175200000405312,0.231800004839897,0.185599997639656,0.93860000371933,-0.407,-0.2055,0.6878
32.22,09-22-2026 23:26:24:615,-0.175400003790855,0.231800004839897,0.185599997639656,0.93860000371933,-0.4079,-0.2054,0.6885
32.23,09-22-2026 23:26:24:625,-0.175600007176399,0.231800004839897,0.185599997639656,0.93860000371933,-0.4087,-0.205,0.6907
32.24,09-22-2026 23:26:24:635,-0.175799995660782,0.231800004839897,0.185599997639656,0.938499987125397,-0.4096,-0.2061,0.6908
32.25,09-22-2026 23:26:24:645,-0.175999999046326,0.231800004839897,0.185599997639656,0.938499987125397,-0.4103,-0.2063,0.6896
32.26,09-22-2026 23:26:24:655,-0.176300004124641,0.231800004839897,0.185599997639656,0.938499987125397,-0.4084,-0.2078,0.6875
32.27,09-22-2026 23:26:24:665,-0.176499992609024,0.231800004839897,0.185599997639656,0.938399970531464,-0.4064,-0.2093,0.683
32.28,09-22-2026 23:26:24:675,-0.176699995994568,0.231800004839897,0.185599997639656,0.938399970531464,-0.4086,-0.2085,0.6833
32.29,09-22-2026 23:26:24:685,-0.176899999380112,0.231800004839897,0.185599997639656,0.938399970531464,-0.4116,-0.2077,0.6929
32.3,09-22-2026 23:26:24:695,-0.177100002765656,0.231800004839897,0.185599997639656,0.938300013542175,-0.4118,-0.208,0.693
32.31,09-22-2026 23:26:24:705,-0.177599996328354,0.231800004839897,0.185599997639656,0.938199996948242,-0.4084,-0.2078,0.6871
32.32,09-22-2026 23:26:24:715,-0.177699998021126,0.231700003147125,0.185599997639656,0.938199996948242,-0.408,-0.2073,0.6858
32.33,09-22-2026 23:26:24:725,-0.177699998021126,0.231700003147125,0.185599997639656,0.938199996948242,-0.4082,-0.206,0.6873
32.34,09-22-2026 23:26:24:735,-0.177799999713898,0.231600001454353,0.185599997639656,0.938199996948242,-0.4086,-0.2058,0.6866
32.35,09-22-2026 23:26:24:745,-0.17790000140667,0.231600001454353,0.185599997639656,0.938199996948242,-0.4084,-0.2057,0.6843
32.36,09-22-2026 23:26:24:755,-0.17790000140667,0.231499999761581,0.185599997639656,0.938099980354309,-0.4083,-0.205,0.6833
32.37,09-22-2026 23:26:24:765,-0.17790000140667,0.231499999761581,0.185599997639656,0.938099980354309,-0.4085,-0.2042,0.6823
32.38,09-22-2026 23:26:24:775,-0.17790000140667,0.231499999761581,0.185599997639656,0.938099980354309,-0.4093,-0.2034,0.682
32.39,09-22-2026 23:26:24:785,-0.17790000140667,0.231499999761581,0.185599997639656,0.938099980354309,-0.4096,-0.2032,0.6804
32.4,09-22-2026 23:26:24:795,-0.178000003099442,0.231499999761581,0.185599997639656,0.938099980354309,-0.41,-0.203,0.6796
32.41,09-22-2026 23:26:24:805,-0.178000003099442,0.23139999806881,0.185699999332428,0.938099980354309,-0.411,-0.2018,0.6817
32.42,09-22-2026 23:26:24:815,-0.178000003099442,0.23139999806881,0.1858000010252,0.938099980354309,-0.4121,-0.2015,0.6833
32.43,09-22-2026 23:26:24:825,-0.178000003099442,0.231299996376038,0.1858000010252,0.938099980354309,-0.4122,-0.2012,0.6839
32.44,09-22-2026 23:26:24:835,-0.178000003099442,0.231299996376038,0.185900002717972,0.938099980354309,-0.4122,-0.202,0.6827
32.45,09-22-2026 23:26:24:845,-0.178000003099442,0.231299996376038,0.186000004410744,0.938099980354309,-0.4126,-0.2026,0.6823
32.46,09-22-2026 23:26:24:855,-0.178000003099442,0.231299996376038,0.186000004410744,0.938099980354309,-0.4129,-0.2024,0.6833
32.47,09-22-2026 23:26:24:865,-0.178000003099442,0.231199994683266,0.186100006103516,0.938099980354309,-0.4122,-0.2027,0.6828
32.48,09-22-2026 23:26:24:875,-0.178100004792213,0.231199994683266,0.186100006103516,0.938099980354309,-0.4124,-0.2033,0.6819
32.49,09-22-2026 23:26:24:885,-0.178100004792213,0.231199994683266,0.186100006103516,0.938099980354309,-0.4119,-0.2041,0.6819
32.5,09-22-2026 23:26:24:895,-0.178100004792213,0.231199994683266,0.186100006103516,0.938199996948242,-0.4111,-0.2037,0.6823
32.51,09-22-2026 23:26:24:905,-0.178100004792213,0.231199994683266,0.186100006103516,0.938199996948242,-0.4108,-0.2029,0.6826
32.52,09-22-2026 23:26:24:915,-0.178100004792213,0.231099992990494,0.186100006103516,0.938199996948242,-0.4117,-0.2031,0.6813
32.53,09-22-2026 23:26:24:925,-0.178100004792213,0.231099992990494,0.186100006103516,0.938199996948242,-0.4124,-0.2027,0.6818
32.54,09-22-2026 23:26:24:935,-0.178200006484985,0.231099992990494,0.186100006103516,0.938099980354309,-0.4128,-0.2022,0.6827
32.55,09-22-2026 23:26:24:945,-0.178200006484985,0.231099992990494,0.186100006103516,0.938099980354309,-0.4139,-0.2013,0.6822
32.56,09-22-2026 23:26:24:955,-0.178200006484985,0.231099992990494,0.186100006103516,0.938099980354309,-0.4138,-0.2008,0.6806
32.57,09-22-2026 23:26:24:965,-0.178200006484985,0.231099992990494,0.186100006103516,0.938099980354309,-0.4122,-0.201,0.6795
32.58,09-22-2026 23:26:24:975,-0.178200006484985,0.231099992990494,0.186100006103516,0.938099980354309,-0.4105,-0.2,0.676
32.59,09-22-2026 23:26:24:985,-0.178200006484985,0.231099992990494,0.186100006103516,0.938199996948242,-0.4089,-0.1994,0.6748
32.6,09-22-2026 23:26:24:995,-0.178200006484985,0.231099992990494,0.186100006103516,0.938199996948242,-0.4072,-0.1986,0.6716
32.61,09-22-2026 23:26:25:005,-0.178000003099442,0.231000006198883,0.186100006103516,0.938199996948242,-0.4088,-0.1955,0.6733
32.62,09-22-2026 23:26:25:015,-0.178000003099442,0.231000006198883,0.186100006103516,0.938199996948242,-0.408,-0.1959,0.6737
32.63,09-22-2026 23:26:25:025,-0.17790000140667,0.231000006198883,0.186100006103516,0.938199996948242,-0.4078,-0.1965,0.6737
32.64,09-22-2026 23:26:25:035,-0.177799999713898,0.231000006198883,0.186100006103516,0.938199996948242,-0.4083,-0.1987,0.6777
32.65,09-22-2026 23:26:25:045,-0.177699998021126,0.231000006198883,0.186100006103516,0.938199996948242,-0.4083,-0.1999,0.6799
32.66,09-22-2026 23:26:25:055,-0.177599996328354,0.231000006198883,0.186100006103516,0.938199996948242,-0.41,-0.2008,0.6805
32.67,09-22-2026 23:26:25:065,-0.177499994635582,0.231000006198883,0.186100006103516,0.938199996948242,-0.4124,-0.201,0.6855
32.68,09-22-2026 23:26:25:075,-0.17739999294281,0.231000006198883,0.186000004410744,0.938199996948242,-0.4132,-0.2024,0.6877
32.69,09-22-2026 23:26:25:085,-0.177300006151199,0.231000006198883,0.186000004410744,0.938199996948242,-0.4141,-0.204,0.6859
32.7,09-22-2026 23:26:25:095,-0.177200004458427,0.231000006198883,0.186000004410744,0.938199996948242,-0.4156,-0.2052,0.6887
32.71,09-22-2026 23:26:25:105,-0.17679999768734,0.231000006198883,0.186199992895126,0.938300013542175,-0.4166,-0.2087,0.6906
32.72,09-22-2026 23:26:25:115,-0.176699995994568,0.231000006198883,0.186199992895126,0.938300013542175,-0.4147,-0.2107,0.69
32.73,09-22-2026 23:26:25:125,-0.176599994301796,0.231000006198883,0.186199992895126,0.938300013542175,-0.4128,-0.2121,0.6883
32.74,09-22-2026 23:26:25:135,-0.176499992609024,0.231000006198883,0.186299994587898,0.938300013542175,-0.4134,-0.2126,0.6896
32.75,09-22-2026 23:26:25:145,-0.176400005817413,0.231000006198883,0.186299994587898,0.938399970531464,-0.4131,-0.2119,0.6906
32.76,09-22-2026 23:26:25:155,-0.176300004124641,0.231000006198883,0.186299994587898,0.938399970531464,-0.4118,-0.2132,0.6889
32.77,09-22-2026 23:26:25:165,-0.17620000243187,0.231000006198883,0.186299994587898,0.938399970531464,-0.4093,-0.2129,0.6875
32.78,09-22-2026 23:26:25:175,-0.176100000739098,0.231000006198883,0.18639999628067,0.938399970531464,-0.409,-0.2124,0.6866
32.79,09-22-2026 23:26:25:185,-0.175999999046326,0.231099992990494,0.18639999628067,0.938399970531464,-0.4091,-0.2103,0.6856
32.8,09-22-2026 23:26:25:195,-0.175899997353554,0.231099992990494,0.18639999628067,0.938399970531464,-0.4092,-0.2099,0.6852
32.81,09-22-2026 23:26:25:205,-0.17569999396801,0.231099992990494,0.18639999628067,0.938399970531464,-0.4057,-0.2103,0.6829
32.82,09-22-2026 23:26:25:215,-0.17569999396801,0.231099992990494,0.18639999628067,0.938499987125397,-0.4051,-0.2097,0.6835
32.83,09-22-2026 23:26:25:225,-0.17569999396801,0.231099992990494,0.18639999628067,0.938499987125397,-0.4051,-0.2105,0.6837
32.84,09-22-2026 23:26:25:235,-0.17569999396801,0.231199994683266,0.18639999628067,0.938499987125397,-0.4044,-0.2096,0.6822
32.85,09-22-2026 23:26:25:245,-0.17569999396801,0.231199994683266,0.18639999628067,0.938499987125397,-0.4057,-0.2089,0.679
32.86,09-22-2026 23:26:25:255,-0.17569999396801,0.231199994683266,0.18639999628067,0.938499987125397,-0.4074,-0.2072,0.6818
32.87,09-22-2026 23:26:25:265,-0.17569999396801,0.231199994683266,0.18639999628067,0.938499987125397,-0.4081,-0.2069,0.6851
32.88,09-22-2026 23:26:25:275,-0.17569999396801,0.231299996376038,0.18639999628067,0.938499987125397,-0.4089,-0.2075,0.6823
32.89,09-22-2026 23:26:25:285,-0.17569999396801,0.231299996376038,0.18639999628067,0.938499987125397,-0.4081,-0.2068,0.682
32.9,09-22-2026 23:26:25:295,-0.17569999396801,0.231299996376038,0.18639999628067,0.938499987125397,-0.4087,-0.2069,0.6804
32.91,09-22-2026 23:26:25:305,-0.17569999396801,0.23139999806881,0.18639999628067,0.938499987125397,-0.4051,-0.21,0.6786
32.92,09-22-2026 23:26:25:315,-0.17569999396801,0.23139999806881,0.18639999628067,0.938499987125397,-0.4054,-0.2103,0.6804
32.93,09-22-2026 23:26:25:325,-0.17569999396801,0.23139999806881,0.18639999628067,0.938499987125397,-0.4066,-0.2096,0.6796
32.94,09-22-2026 23:26:25:335,-0.17569999396801,0.23139999806881,0.18639999628067,0.938499987125397,-0.4076,-0.2096,0.6836
32.95,09-22-2026 23:26:25:345,-0.175799995660782,0.23139999806881,0.18639999628067,0.938499987125397,-0.4073,-0.2092,0.6842
32.96,09-22-2026 23:26:25:355,-0.175899997353554,0.23139999806881,0.18639999628067,0.938399970531464,-0.4076,-0.2105,0.6834
32.97,09-22-2026 23:26:25:365,-0.175899997353554,0.23139999806881,0.18639999628067,0.938399970531464,-0.407,-0.2098,0.686
32.98,09-22-2026 23:26:25:375,-0.175999999046326,0.23139999806881,0.18639999628067,0.938399970531464,-0.4105,-0.2097,0.6896
32.99,09-22-2026 23:26:25:385,-0.176100000739098,0.23139999806881,0.18639999628067,0.938399970531464,-0.413,-0.2084,0.6932
33,09-22-2026 23:26:25:395,-0.176100000739098,0.23139999806881,0.18639999628067,0.938399970531464,-0.4128,-0.211,0.6902
33.01,09-22-2026 23:26:25:405,-0.176100000739098,0.23139999806881,0.18639999628067,0.938399970531464,-0.4107,-0.2111,0.6871
33.02,09-22-2026 23:26:25:415,-0.176100000739098,0.23139999806881,0.18639999628067,0.938399970531464,-0.4089,-0.2095,0.6845
33.03,09-22-2026 23:26:25:425,-0.176100000739098,0.23139999806881,0.18639999628067,0.938399970531464,-0.4066,-0.2105,0.69
33.04,09-22-2026 23:26:25:435,-0.176100000739098,0.23139999806881,0.186299994587898,0.938399970531464,-0.4064,-0.2103,0.6885
33.05,09-22-2026 23:26:25:445,-0.176100000739098,0.23139999806881,0.186299994587898,0.938399970531464,-0.4054,-0.2083,0.6844
33.06,09-22-2026 23:26:25:455,-0.176100000739098,0.23139999806881,0.186299994587898,0.938399970531464,-0.4055,-0.2071,0.6829
33.07,09-22-2026 23:26:25:465,-0.176100000739098,0.231299996376038,0.186299994587898,0.938399970531464,-0.4068,-0.2052,0.6839
33.08,09-22-2026 23:26:25:475,-0.176100000739098,0.231299996376038,0.186299994587898,0.938399970531464,-0.4068,-0.2044,0.6865
33.09,09-22-2026 23:26:25:485,-0.17620000243187,0.231299996376038,0.186299994587898,0.938399970531464,-0.4064,-0.2041,0.6833
33.1,09-22-2026 23:26:25:495,-0.17620000243187,0.231299996376038,0.186299994587898,0.938399970531464,-0.4075,-0.2025,0.6837
33.11,09-22-2026 23:26:25:505,-0.17620000243187,0.231299996376038,0.186199992895126,0.938399970531464,-0.4066,-0.2012,0.6865
33.12,09-22-2026 23:26:25:515,-0.17620000243187,0.231299996376038,0.186199992895126,0.938399970531464,-0.4058,-0.2013,0.685
33.13,09-22-2026 23:26:25:525,-0.17620000243187,0.231299996376038,0.186199992895126,0.938399970531464,-0.4059,-0.201,0.6842
33.14,09-22-2026 23:26:25:535,-0.17620000243187,0.231299996376038,0.186199992895126,0.938399970531464,-0.4062,-0.2005,0.6837
33.15,09-22-2026 23:26:25:545,-0.17620000243187,0.231299996376038,0.186199992895126,0.938399970531464,-0.4066,-0.2001,0.684
33.16,09-22-2026 23:26:25:555,-0.17620000243187,0.231299996376038,0.186199992895126,0.938399970531464,-0.407,-0.1995,0.6842
33.17,09-22-2026 23:26:25:565,-0.17620000243187,0.231299996376038,0.186199992895126,0.938399970531464,-0.4078,-0.1992,0.6838
33.18,09-22-2026 23:26:25:575,-0.17620000243187,0.231299996376038,0.186199992895126,0.938399970531464,-0.4082,-0.1998,0.683
33.19,09-22-2026 23:26:25:585,-0.17620000243187,0.231299996376038,0.186199992895126,0.938399970531464,-0.4092,-0.1999,0.6822
33.2,09-22-2026 23:26:25:595,-0.17620000243187,0.231299996376038,0.186199992895126,0.938399970531464,-0.4092,-0.1997,0.6821
33.21,09-22-2026 23:26:25:605,-0.176300004124641,0.231299996376038,0.186199992895126,0.938399970531464,-0.4078,-0.1998,0.6812
33.22,09-22-2026 23:26:25:615,-0.176300004124641,0.231299996376038,0.186199992895126,0.938399970531464,-0.4074,-0.1989,0.6811
33.23,09-22-2026 23:26:25:625,-0.176300004124641,0.231199994683266,0.186199992895126,0.938399970531464,-0.4075,-0.1991,0.6817
33.24,09-22-2026 23:26:25:635,-0.176300004124641,0.231199994683266,0.186199992895126,0.938399970531464,-0.4071,-0.1996,0.6824
33.25,09-22-2026 23:26:25:645,-0.176300004124641,0.231199994683266,0.186199992895126,0.938399970531464,-0.4068,-0.1995,0.6823
33.26,09-22-2026 23:26:25:655,-0.176300004124641,0.231199994683266,0.186199992895126,0.938399970531464,-0.4069,-0.1992,0.6824
33.27,09-22-2026 23:26:25:665,-0.176300004124641,0.231199994683266,0.186199992895126,0.938399970531464,-0.4071,-0.1997,0.6823
33.28,09-22-2026 23:26:25:675,-0.176300004124641,0.231299996376038,0.186199992895126,0.938399970531464,-0.4074,-0.2,0.6821
33.29,09-22-2026 23:26:25:685,-0.176300004124641,0.231299996376038,0.186199992895126,0.938399970531464,-0.4077,-0.2009,0.6818
33.3,09-22-2026 23:26:25:695,-0.17620000243187,0.231299996376038,0.186199992895126,0.938399970531464,-0.4075,-0.2006,0.6813
33.31,09-22-2026 23:26:25:705,-0.17620000243187,0.231199994683266,0.186199992895126,0.938399970531464,-0.4096,-0.1997,0.68
33.32,09-22-2026 23:26:25:715,-0.176100000739098,0.231199994683266,0.186199992895126,0.938399970531464,-0.4106,-0.2005,0.6791
33.33,09-22-2026 23:26:25:725,-0.176100000739098,0.231199994683266,0.186199992895126,0.938399970531464,-0.4112,-0.2016,0.6791
33.34,09-22-2026 23:26:25:735,-0.176100000739098,0.231199994683266,0.186199992895126,0.938399970531464,-0.4121,-0.2022,0.6797
33.35,09-22-2026 23:26:25:745,-0.175999999046326,0.231199994683266,0.186199992895126,0.938399970531464,-0.413,-0.2029,0.682
33.36,09-22-2026 23:26:25:755,-0.175999999046326,0.231199994683266,0.186199992895126,0.938399970531464,-0.4131,-0.2035,0.6829
33.37,09-22-2026 23:26:25:765,-0.175899997353554,0.231199994683266,0.186199992895126,0.938399970531464,-0.413,-0.2033,0.6835
33.38,09-22-2026 23:26:25:775,-0.175899997353554,0.231199994683266,0.186199992895126,0.938399970531464,-0.4135,-0.2035,0.684
33.39,09-22-2026 23:26:25:785,-0.175799995660782,0.231299996376038,0.186299994587898,0.938399970531464,-0.4139,-0.2043,0.6855
33.4,09-22-2026 23:26:25:795,-0.175799995660782,0.231299996376038,0.186299994587898,0.938399970531464,-0.4144,-0.205,0.6869
33.41,09-22-2026 23:26:25:805,-0.175799995660782,0.231299996376038,0.186499997973442,0.938399970531464,-0.4123,-0.2069,0.6886
33.42,09-22-2026 23:26:25:815,-0.175799995660782,0.231299996376038,0.186499997973442,0.938399970531464,-0.4119,-0.2068,0.6886
33.43,09-22-2026 23:26:25:825,-0.175799995660782,0.231299996376038,0.186499997973442,0.938399970531464,-0.4104,-0.2068,0.6881
33.44,09-22-2026 23:26:25:835,-0.175799995660782,0.231299996376038,0.186499997973442,0.938399970531464,-0.4099,-0.2066,0.6865
33.45,09-22-2026 23:26:25:845,-0.17569999396801,0.231299996376038,0.186499997973442,0.938399970531464,-0.4092,-0.2059,0.6856
33.46,09-22-2026 23:26:25:855,-0.17569999396801,0.231299996376038,0.186499997973442,0.938399970531464,-0.4092,-0.2052,0.6849
33.47,09-22-2026 23:26:25:865,-0.175600007176399,0.231299996376038,0.186499997973442,0.938399970531464,-0.4095,-0.2049,0.6847
33.48,09-22-2026 23:26:25:875,-0.175600007176399,0.231299996376038,0.186499997973442,0.938399970531464,-0.4096,-0.2045,0.6841
33.49,09-22-2026 23:26:25:885,-0.175500005483627,0.23139999806881,0.186499997973442,0.938399970531464,-0.4102,-0.2045,0.6839
33.5,09-22-2026 23:26:25:895,-0.175500005483627,0.23139999806881,0.186499997973442,0.938499987125397,-0.4105,-0.2041,0.6827
33.51,09-22-2026 23:26:25:905,-0.175300002098083,0.231299996376038,0.186499997973442,0.938499987125397,-0.4108,-0.2047,0.6815
33.52,09-22-2026 23:26:25:915,-0.175300002098083,0.231299996376038,0.186499997973442,0.938499987125397,-0.4109,-0.2051,0.6811
33.53,09-22-2026 23:26:25:925,-0.175200000405312,0.231299996376038,0.186499997973442,0.938499987125397,-0.4103,-0.205,0.6813
33.54,09-22-2026 23:26:25:935,-0.175200000405312,0.23139999806881,0.186499997973442,0.938499987125397,-0.4101,-0.2051,0.682
33.55,09-22-2026 23:26:25:945,-0.175200000405312,0.23139999806881,0.186499997973442,0.938499987125397,-0.4102,-0.2053,0.6826
33.56,09-22-2026 23:26:25:955,-0.175200000405312,0.23139999806881,0.186499997973442,0.938499987125397,-0.4104,-0.2052,0.6826
33.57,09-22-2026 23:26:25:965,-0.175200000405312,0.231499999761581,0.186499997973442,0.938499987125397,-0.4099,-0.205,0.682
33.58,09-22-2026 23:26:25:975,-0.175200000405312,0.231499999761581,0.18639999628067,0.938499987125397,-0.4096,-0.2049,0.6818
33.59,09-22-2026 23:26:25:985,-0.175200000405312,0.231499999761581,0.18639999628067,0.938499987125397,-0.4091,-0.2049,0.6812
33.6,09-22-2026 23:26:25:995,-0.175200000405312,0.231600001454353,0.18639999628067,0.938499987125397,-0.4087,-0.205,0.681
33.61,09-22-2026 23:26:26:005,-0.175200000405312,0.231600001454353,0.186299994587898,0.938499987125397,-0.4091,-0.204,0.6824
33.62,09-22-2026 23:26:26:015,-0.175200000405312,0.231600001454353,0.186199992895126,0.938499987125397,-0.4096,-0.204,0.6824
33.63,09-22-2026 23:26:26:025,-0.175200000405312,0.231600001454353,0.186199992895126,0.938499987125397,-0.4098,-0.2034,0.6833
33.64,09-22-2026 23:26:26:035,-0.175300002098083,0.231600001454353,0.186100006103516,0.938499987125397,-0.4102,-0.2034,0.6828
33.65,09-22-2026 23:26:26:045,-0.175300002098083,0.231600001454353,0.186100006103516,0.938499987125397,-0.4106,-0.2034,0.6824
33.66,09-22-2026 23:26:26:055,-0.175300002098083,0.231700003147125,0.186100006103516,0.938499987125397,-0.41,-0.2035,0.683
33.67,09-22-2026 23:26:26:065,-0.175300002098083,0.231700003147125,0.186100006103516,0.938499987125397,-0.4098,-0.2033,0.6836
33.68,09-22-2026 23:26:26:075,-0.175300002098083,0.231700003147125,0.186100006103516,0.938499987125397,-0.4094,-0.2027,0.6844
33.69,09-22-2026 23:26:26:085,-0.175300002098083,0.231700003147125,0.186100006103516,0.938499987125397,-0.4088,-0.2035,0.6859
33.7,09-22-2026 23:26:26:095,-0.175300002098083,0.231700003147125,0.186100006103516,0.938499987125397,-0.4086,-0.2037,0.6877
33.71,09-22-2026 23:26:26:105,-0.175300002098083,0.231700003147125,0.186100006103516,0.938499987125397,-0.4056,-0.2047,0.6888
33.72,09-22-2026 23:26:26:115,-0.175300002098083,0.231700003147125,0.186100006103516,0.938499987125397,-0.4052,-0.2055,0.6883
33.73,09-22-2026 23:26:26:125,-0.175300002098083,0.231700003147125,0.186100006103516,0.938499987125397,-0.405,-0.2059,0.6882
33.74,09-22-2026 23:26:26:135,-0.175300002098083,0.231700003147125,0.186100006103516,0.938499987125397,-0.4054,-0.2058,0.6873
33.75,09-22-2026 23:26:26:145,-0.175300002098083,0.231700003147125,0.186100006103516,0.938499987125397,-0.4056,-0.2052,0.687
33.76,09-22-2026 23:26:26:155,-0.175300002098083,0.231700003147125,0.186100006103516,0.938499987125397,-0.4058,-0.2045,0.6857
33.77,09-22-2026 23:26:26:165,-0.175300002098083,0.231700003147125,0.186100006103516,0.938499987125397,-0.4067,-0.2037,0.6847
33.78,09-22-2026 23:26:26:175,-0.175300002098083,0.231700003147125,0.186100006103516,0.938499987125397,-0.4069,-0.2025,0.6844
33.79,09-22-2026 23:26:26:185,-0.175300002098083,0.231700003147125,0.186100006103516,0.938499987125397,-0.4076,-0.201,0.6843
33.8,09-22-2026 23:26:26:195,-0.175300002098083,0.231700003147125,0.186100006103516,0.938499987125397,-0.4084,-0.2,0.6841
33.81,09-22-2026 23:26:26:205,-0.175300002098083,0.231700003147125,0.186100006103516,0.938499987125397,-0.4099,-0.2,0.6838
33.82,09-22-2026 23:26:26:215,-0.175300002098083,0.231700003147125,0.186100006103516,0.938499987125397,-0.4099,-0.2017,0.6843
33.83,09-22-2026 23:26:26:225,-0.175300002098083,0.231700003147125,0.186100006103516,0.938499987125397,-0.4091,-0.2018,0.6847
33.84,09-22-2026 23:26:26:235,-0.175300002098083,0.231700003147125,0.186100006103516,0.938499987125397,-0.4087,-0.203,0.6844
33.85,09-22-2026 23:26:26:245,-0.175300002098083,0.231700003147125,0.186100006103516,0.938499987125397,-0.4078,-0.2036,0.6843
33.86,09-22-2026 23:26:26:255,-0.175300002098083,0.231700003147125,0.186100006103516,0.938499987125397,-0.4076,-0.2033,0.6844
33.87,09-22-2026 23:26:26:265,-0.175300002098083,0.231700003147125,0.186100006103516,0.938499987125397,-0.4078,-0.2032,0.6838
33.88,09-22-2026 23:26:26:275,-0.175300002098083,0.231700003147125,0.186100006103516,0.938499987125397,-0.4075,-0.2027,0.6834
33.89,09-22-2026 23:26:26:285,-0.175300002098083,0.231700003147125,0.186100006103516,0.938499987125397,-0.4082,-0.2022,0.6839
33.9,09-22-2026 23:26:26:295,-0.175200000405312,0.231700003147125,0.186100006103516,0.938499987125397,-0.4088,-0.2014,0.6844
33.91,09-22-2026 23:26:26:305,-0.174999997019768,0.231700003147125,0.186100006103516,0.938499987125397,-0.4113,-0.2,0.684
33.92,09-22-2026 23:26:26:315,-0.174999997019768,0.231700003147125,0.186100006103516,0.938499987125397,-0.4112,-0.2002,0.6837
33.93,09-22-2026 23:26:26:325,-0.174899995326996,0.231700003147125,0.186100006103516,0.938499987125397,-0.4112,-0.2005,0.6832
33.94,09-22-2026 23:26:26:335,-0.174799993634224,0.231700003147125,0.186100006103516,0.938499987125397,-0.4116,-0.2003,0.683
33.95,09-22-2026 23:26:26:345,-0.174799993634224,0.231700003147125,0.186100006103516,0.938499987125397,-0.4119,-0.2,0.6826
33.96,09-22-2026 23:26:26:355,-0.174700006842613,0.231700003147125,0.186100006103516,0.93860000371933,-0.4129,-0.1998,0.6827
33.97,09-22-2026 23:26:26:365,-0.174600005149841,0.231700003147125,0.186100006103516,0.93860000371933,-0.4127,-0.1998,0.6822
33.98,09-22-2026 23:26:26:375,-0.174500003457069,0.231700003147125,0.186199992895126,0.93860000371933,-0.4126,-0.2003,0.6826
33.99,09-22-2026 23:26:26:385,-0.174400001764297,0.231700003147125,0.186199992895126,0.93860000371933,-0.4128,-0.2005,0.6823
34,09-22-2026 23:26:26:395,-0.174300000071526,0.231700003147125,0.186199992895126,0.93860000371933,-0.4125,-0.2003,0.6822
34.01,09-22-2026 23:26:26:405,-0.17399999499321,0.231700003147125,0.186299994587898,0.938700020313263,-0.4122,-0.2015,0.6818
34.02,09-22-2026 23:26:26:415,-0.17399999499321,0.231700003147125,0.18639999628067,0.938700020313263,-0.4131,-0.2017,0.6819
34.03,09-22-2026 23:26:26:425,-0.173899993300438,0.231700003147125,0.18639999628067,0.938700020313263,-0.4138,-0.2024,0.6823
34.04,09-22-2026 23:26:26:435,-0.173899993300438,0.231700003147125,0.18639999628067,0.938700020313263,-0.4143,-0.2023,0.6817
34.05,09-22-2026 23:26:26:445,-0.173899993300438,0.231700003147125,0.18639999628067,0.938700020313263,-0.4149,-0.2022,0.6819
34.06,09-22-2026 23:26:26:455,-0.173899993300438,0.231700003147125,0.18639999628067,0.938700020313263,-0.4156,-0.2025,0.6831
34.07,09-22-2026 23:26:26:465,-0.173899993300438,0.231700003147125,0.18639999628067,0.938799977302551,-0.4153,-0.2031,0.6833
34.08,09-22-2026 23:26:26:475,-0.173899993300438,0.231700003147125,0.18639999628067,0.938799977302551,-0.4142,-0.2034,0.6831
34.09,09-22-2026 23:26:26:485,-0.173800006508827,0.231700003147125,0.18639999628067,0.938799977302551,-0.4132,-0.2036,0.6825
34.1,09-22-2026 23:26:26:495,-0.173800006508827,0.231700003147125,0.18639999628067,0.938799977302551,-0.412,-0.2029,0.681
34.11,09-22-2026 23:26:26:505,-0.17399999499321,0.231600001454353,0.18639999628067,0.938799977302551,-0.4117,-0.2005,0.6809
34.12,09-22-2026 23:26:26:515,-0.174099996685982,0.231600001454353,0.18639999628067,0.938700020313263,-0.4122,-0.2003,0.682
34.13,09-22-2026 23:26:26:525,-0.174199998378754,0.231600001454353,0.18639999628067,0.938700020313263,-0.4127,-0.2009,0.6834
34.14,09-22-2026 23:26:26:535,-0.174300000071526,0.231600001454353,0.18639999628067,0.938700020313263,-0.4117,-0.2017,0.6842
34.15,09-22-2026 23:26:26:545,-0.174500003457069,0.231600001454353,0.18639999628067,0.938700020313263,-0.4109,-0.2018,0.6846
34.16,09-22-2026 23:26:26:555,-0.174600005149841,0.231600001454353,0.18639999628067,0.93860000371933,-0.4101,-0.2013,0.6844
34.17,09-22-2026 23:26:26:565,-0.174700006842613,0.231600001454353,0.18639999628067,0.93860000371933,-0.4087,-0.2014,0.6837
34.18,09-22-2026 23:26:26:575,-0.174799993634224,0.231600001454353,0.18639999628067,0.93860000371933,-0.408,-0.2007,0.6828
34.19,09-22-2026 23:26:26:585,-0.174899995326996,0.231600001454353,0.18639999628067,0.93860000371933,-0.4073,-0.2003,0.682
34.2,09-22-2026 23:26:26:595,-0.174899995326996,0.231600001454353,0.18639999628067,0.938499987125397,-0.4073,-0.1997,0.6814
34.21,09-22-2026 23:26:26:605,-0.17509999871254,0.231600001454353,0.186199992895126,0.938399970531464,-0.4097,-0.1989,0.6833
34.22,09-22-2026 23:26:26:615,-0.175200000405312,0.231600001454353,0.186100006103516,0.938300013542175,-0.4109,-0.1994,0.6848
34.23,09-22-2026 23:26:26:625,-0.175200000405312,0.231700003147125,0.186100006103516,0.938300013542175,-0.4116,-0.1998,0.6865
34.24,09-22-2026 23:26:26:635,-0.175300002098083,0.231700003147125,0.186000004410744,0.938199996948242,-0.4122,-0.2001,0.6873
34.25,09-22-2026 23:26:26:645,-0.175300002098083,0.231700003147125,0.186000004410744,0.938199996948242,-0.4125,-0.2003,0.6877
34.26,09-22-2026 23:26:26:655,-0.175400003790855,0.231800004839897,0.186000004410744,0.938199996948242,-0.4122,-0.2006,0.6889
34.27,09-22-2026 23:26:26:665,-0.175400003790855,0.231800004839897,0.186000004410744,0.938099980354309,-0.412,-0.201,0.6893
34.28,09-22-2026 23:26:26:675,-0.175400003790855,0.231900006532669,0.186000004410744,0.938099980354309,-0.4111,-0.2016,0.6886
34.29,09-22-2026 23:26:26:685,-0.175400003790855,0.231900006532669,0.186000004410744,0.938099980354309,-0.4104,-0.2018,0.6877
34.3,09-22-2026 23:26:26:695,-0.175400003790855,0.23199999332428,0.186000004410744,0.938000023365021,-0.4098,-0.2022,0.687
34.31,09-22-2026 23:26:26:705,-0.175400003790855,0.232299998402596,0.186299994587898,0.938000023365021,-0.4089,-0.2017,0.6868
34.32,09-22-2026 23:26:26:715,-0.175400003790855,0.232299998402596,0.18639999628067,0.937900006771088,-0.4088,-0.2017,0.6873
34.33,09-22-2026 23:26:26:725,-0.175400003790855,0.232400000095367,0.186499997973442,0.937900006771088,-0.409,-0.201,0.6881
34.34,09-22-2026 23:26:26:735,-0.175400003790855,0.232400000095367,0.186599999666214,0.937900006771088,-0.4087,-0.2011,0.6886
34.35,09-22-2026 23:26:26:745,-0.175400003790855,0.232400000095367,0.186700001358986,0.937900006771088,-0.4081,-0.2006,0.6896
34.36,09-22-2026 23:26:26:755,-0.175400003790855,0.232500001788139,0.186800003051758,0.937799990177155,-0.4067,-0.2001,0.6885
34.37,09-22-2026 23:26:26:765,-0.175400003790855,0.232500001788139,0.18690000474453,0.937799990177155,-0.4061,-0.1995,0.6867
34.38,09-22-2026 23:26:26:775,-0.175400003790855,0.232500001788139,0.187000006437302,0.937799990177155,-0.4053,-0.1984,0.6859
34.39,09-22-2026 23:26:26:785,-0.175400003790855,0.232600003480911,0.187099993228912,0.937799990177155,-0.4063,-0.1969,0.6848
34.4,09-22-2026 23:26:26:795,-0.175400003790855,0.232600003480911,0.187199994921684,0.937799990177155,-0.407,-0.1958,0.6839
34.41,09-22-2026 23:26:26:805,-0.175300002098083,0.232700005173683,0.187600001692772,0.937799990177155,-0.407,-0.193,0.6848
34.42,09-22-2026 23:26:26:815,-0.175300002098083,0.232700005173683,0.187700003385544,0.937900006771088,-0.4062,-0.1922,0.6842
34.43,09-22-2026 23:26:26:825,-0.175300002098083,0.232700005173683,0.187800005078316,0.937900006771088,-0.4044,-0.1921,0.6844
34.44,09-22-2026 23:26:26:835,-0.175300002098083,0.232700005173683,0.187900006771088,0.937900006771088,-0.4035,-0.1924,0.6834
34.45,09-22-2026 23:26:26:845,-0.175300002098083,0.232700005173683,0.18809999525547,0.937900006771088,-0.4021,-0.1928,0.6825
34.46,09-22-2026 23:26:26:855,-0.175200000405312,0.232700005173683,0.188199996948242,0.937900006771088,-0.4019,-0.1927,0.683
34.47,09-22-2026 23:26:26:865,-0.175200000405312,0.232600003480911,0.188299998641014,0.938000023365021,-0.4022,-0.1925,0.6829
34.48,09-22-2026 23:26:26:875,-0.175200000405312,0.232600003480911,0.188400000333786,0.938000023365021,-0.4032,-0.1919,0.6833
34.49,09-22-2026 23:26:26:885,-0.17509999871254,0.232500001788139,0.188500002026558,0.938000023365021,-0.404,-0.1915,0.6835
34.5,09-22-2026 23:26:26:895,-0.17509999871254,0.232500001788139,0.18860000371933,0.938099980354309,-0.4053,-0.1909,0.6834
34.51,09-22-2026 23:26:26:905,-0.174999997019768,0.232199996709824,0.188800007104874,0.938199996948242,-0.4066,-0.1931,0.6798
34.52,09-22-2026 23:26:26:915,-0.174999997019768,0.232199996709824,0.188800007104874,0.938199996948242,-0.4086,-0.1944,0.68
34.53,09-22-2026 23:26:26:925,-0.174899995326996,0.232099995017052,0.188800007104874,0.938300013542175,-0.4099,-0.1955,0.6819
34.54,09-22-2026 23:26:26:935,-0.174899995326996,0.23199999332428,0.188800007104874,0.938300013542175,-0.4114,-0.1962,0.6835
34.55,09-22-2026 23:26:26:945,-0.174799993634224,0.231900006532669,0.188800007104874,0.938300013542175,-0.4124,-0.197,0.685
34.56,09-22-2026 23:26:26:955,-0.174700006842613,0.231800004839897,0.188800007104874,0.938399970531464,-0.4136,-0.1978,0.6859
34.57,09-22-2026 23:26:26:965,-0.174600005149841,0.231700003147125,0.188800007104874,0.938399970531464,-0.4146,-0.1989,0.6864
34.58,09-22-2026 23:26:26:975,-0.174500003457069,0.231600001454353,0.188800007104874,0.938399970531464,-0.416,-0.1991,0.6867
34.59,09-22-2026 23:26:26:985,-0.174500003457069,0.231499999761581,0.188800007104874,0.938399970531464,-0.417,-0.1996,0.686
34.6,09-22-2026 23:26:26:995,-0.174400001764297,0.23139999806881,0.188800007104874,0.938499987125397,-0.4169,-0.2004,0.6857
34.61,09-22-2026 23:26:27:005,-0.174099996685982,0.231000006198883,0.18860000371933,0.938499987125397,-0.4164,-0.2031,0.6828
34.62,09-22-2026 23:26:27:015,-0.174099996685982,0.231000006198883,0.18860000371933,0.938499987125397,-0.4164,-0.2037,0.683
34.63,09-22-2026 23:26:27:025,-0.174099996685982,0.230900004506111,0.18860000371933,0.938499987125397,-0.416,-0.2039,0.6839
34.64,09-22-2026 23:26:27:035,-0.174099996685982,0.230900004506111,0.188500002026558,0.938499987125397,-0.4156,-0.2044,0.6838
34.65,09-22-2026 23:26:27:045,-0.174099996685982,0.230800002813339,0.188400000333786,0.938499987125397,-0.4152,-0.2044,0.6838
34.66,09-22-2026 23:26:27:055,-0.174099996685982,0.230800002813339,0.188400000333786,0.938499987125397,-0.415,-0.204,0.6842
34.67,09-22-2026 23:26:27:065,-0.174099996685982,0.230800002813339,0.188400000333786,0.938499987125397,-0.4152,-0.204,0.6836
34.68,09-22-2026 23:26:27:075,-0.174099996685982,0.230800002813339,0.188299998641014,0.938499987125397,-0.416,-0.2033,0.6846
34.69,09-22-2026 23:26:27:085,-0.174099996685982,0.230800002813339,0.188299998641014,0.938499987125397,-0.4161,-0.2028,0.6844
34.7,09-22-2026 23:26:27:095,-0.174099996685982,0.230800002813339,0.188299998641014,0.938499987125397,-0.4166,-0.2025,0.6837
34.71,09-22-2026 23:26:27:105,-0.174099996685982,0.230900004506111,0.188299998641014,0.938499987125397,-0.416,-0.2025,0.6811
34.72,09-22-2026 23:26:27:115,-0.174099996685982,0.230900004506111,0.188299998641014,0.938499987125397,-0.4154,-0.2027,0.6816
34.73,09-22-2026 23:26:27:125,-0.174099996685982,0.231000006198883,0.188400000333786,0.938499987125397,-0.4153,-0.202,0.6813
34.74,09-22-2026 23:26:27:135,-0.174099996685982,0.230900004506111,0.188400000333786,0.938499987125397,-0.4152,-0.2016,0.682
34.75,09-22-2026 23:26:27:145,-0.174199998378754,0.230900004506111,0.188400000333786,0.938499987125397,-0.4143,-0.2014,0.6825
34.76,09-22-2026 23:26:27:155,-0.174199998378754,0.230900004506111,0.188400000333786,0.938499987125397,-0.4134,-0.2022,0.6829
34.77,09-22-2026 23:26:27:165,-0.174199998378754,0.230900004506111,0.188400000333786,0.938499987125397,-0.4123,-0.2026,0.6829
34.78,09-22-2026 23:26:27:175,-0.174199998378754,0.230900004506111,0.188400000333786,0.938499987125397,-0.4107,-0.2025,0.6833
34.79,09-22-2026 23:26:27:185,-0.174199998378754,0.230900004506111,0.188400000333786,0.938499987125397,-0.4098,-0.2026,0.6825
34.8,09-22-2026 23:26:27:195,-0.174199998378754,0.230900004506111,0.188400000333786,0.938499987125397,-0.4092,-0.2022,0.6812
34.81,09-22-2026 23:26:27:205,-0.174199998378754,0.230900004506111,0.188299998641014,0.938499987125397,-0.4092,-0.201,0.6823
34.82,09-22-2026 23:26:27:215,-0.174199998378754,0.230900004506111,0.188299998641014,0.938499987125397,-0.4091,-0.2002,0.6833
34.83,09-22-2026 23:26:27:225,-0.174199998378754,0.230900004506111,0.188299998641014,0.938499987125397,-0.4096,-0.2006,0.6841
34.84,09-22-2026 23:26:27:235,-0.174199998378754,0.230900004506111,0.188299998641014,0.938499987125397,-0.4095,-0.2002,0.6848
34.85,09-22-2026 23:26:27:245,-0.174199998378754,0.230800002813339,0.188299998641014,0.938499987125397,-0.4099,-0.2016,0.6889
34.86,09-22-2026 23:26:27:255,-0.174199998378754,0.230800002813339,0.188299998641014,0.938499987125397,-0.4097,-0.2005,0.6905
34.87,09-22-2026 23:26:27:265,-0.174300000071526,0.230800002813339,0.188299998641014,0.938499987125397,-0.4084,-0.2016,0.6842
34.88,09-22-2026 23:26:27:275,-0.174300000071526,0.230800002813339,0.188299998641014,0.938399970531464,-0.4067,-0.2013,0.6839
34.89,09-22-2026 23:26:27:285,-0.174400001764297,0.230800002813339,0.188299998641014,0.938399970531464,-0.4063,-0.2009,0.6867
34.9,09-22-2026 23:26:27:295,-0.174400001764297,0.230800002813339,0.188299998641014,0.938399970531464,-0.4053,-0.2008,0.6859
34.91,09-22-2026 23:26:27:305,-0.174600005149841,0.230800002813339,0.188299998641014,0.938300013542175,-0.4049,-0.1999,0.6868
34.92,09-22-2026 23:26:27:315,-0.174700006842613,0.230800002813339,0.188299998641014,0.938300013542175,-0.406,-0.199,0.6872
34.93,09-22-2026 23:26:27:325,-0.174700006842613,0.230800002813339,0.188299998641014,0.938199996948242,-0.4061,-0.1999,0.6887
34.94,09-22-2026 23:26:27:335,-0.174700006842613,0.230800002813339,0.188299998641014,0.938199996948242,-0.4058,-0.2001,0.6901
34.95,09-22-2026 23:26:27:345,-0.174700006842613,0.230800002813339,0.188299998641014,0.938199996948242,-0.4071,-0.1987,0.6913
34.96,09-22-2026 23:26:27:355,-0.174700006842613,0.230800002813339,0.188299998641014,0.938199996948242,-0.4089,-0.197,0.6918
34.97,09-22-2026 23:26:27:365,-0.174700006842613,0.230900004506111,0.188400000333786,0.938199996948242,-0.4096,-0.1974,0.689
34.98,09-22-2026 23:26:27:375,-0.174799993634224,0.230900004506111,0.188400000333786,0.938199996948242,-0.4096,-0.1968,0.6873
34.99,09-22-2026 23:26:27:385,-0.174799993634224,0.231000006198883,0.188400000333786,0.938199996948242,-0.41,-0.1964,0.6874
35,09-22-2026 23:26:27:395,-0.174799993634224,0.231000006198883,0.188400000333786,0.938199996948242,-0.4102,-0.1957,0.6867
35.01,09-22-2026 23:26:27:405,-0.174799993634224,0.231199994683266,0.188500002026558,0.938199996948242,-0.4087,-0.198,0.6861
35.02,09-22-2026 23:26:27:415,-0.174799993634224,0.231199994683266,0.188500002026558,0.938300013542175,-0.4077,-0.1983,0.6848
35.03,09-22-2026 23:26:27:425,-0.174799993634224,0.231299996376038,0.188500002026558,0.938300013542175,-0.407,-0.1993,0.6851
35.04,09-22-2026 23:26:27:435,-0.174799993634224,0.231299996376038,0.188500002026558,0.938300013542175,-0.406,-0.1996,0.6854
35.05,09-22-2026 23:26:27:445,-0.174799993634224,0.231299996376038,0.188500002026558,0.938300013542175,-0.4058,-0.1996,0.6852
35.06,09-22-2026 23:26:27:455,-0.174799993634224,0.231199994683266,0.188500002026558,0.938300013542175,-0.4061,-0.1998,0.684
35.07,09-22-2026 23:26:27:465,-0.174799993634224,0.231199994683266,0.188500002026558,0.938300013542175,-0.4059,-0.1999,0.683
35.08,09-22-2026 23:26:27:475,-0.174899995326996,0.231199994683266,0.188500002026558,0.938300013542175,-0.4054,-0.1993,0.6836
35.09,09-22-2026 23:26:27:485,-0.174899995326996,0.231199994683266,0.188500002026558,0.938300013542175,-0.4062,-0.1996,0.6829
35.1,09-22-2026 23:26:27:495,-0.174899995326996,0.231199994683266,0.188500002026558,0.938300013542175,-0.406,-0.1999,0.6822
35.11,09-22-2026 23:26:27:505,-0.174899995326996,0.231199994683266,0.188500002026558,0.938199996948242,-0.4074,-0.1996,0.6817
35.12,09-22-2026 23:26:27:515,-0.174899995326996,0.231199994683266,0.188500002026558,0.938300013542175,-0.4073,-0.1998,0.6815
35.13,09-22-2026 23:26:27:525,-0.174899995326996,0.231199994683266,0.188500002026558,0.938300013542175,-0.4073,-0.1993,0.6821
35.14,09-22-2026 23:26:27:535,-0.174899995326996,0.231199994683266,0.188500002026558,0.938300013542175,-0.4081,-0.1991,0.6831
35.15,09-22-2026 23:26:27:545,-0.174899995326996,0.231199994683266,0.188500002026558,0.938300013542175,-0.409,-0.1995,0.6838
35.16,09-22-2026 23:26:27:555,-0.174899995326996,0.231199994683266,0.188500002026558,0.938300013542175,-0.4096,-0.1995,0.685
35.17,09-22-2026 23:26:27:565,-0.174899995326996,0.231199994683266,0.188500002026558,0.938300013542175,-0.4098,-0.1999,0.6856
35.18,09-22-2026 23:26:27:575,-0.174899995326996,0.231199994683266,0.188500002026558,0.938300013542175,-0.4101,-0.2001,0.6858
35.19,09-22-2026 23:26:27:585,-0.174799993634224,0.231199994683266,0.188500002026558,0.938300013542175,-0.4101,-0.2006,0.6855
35.2,09-22-2026 23:26:27:595,-0.174799993634224,0.231199994683266,0.188500002026558,0.938300013542175,-0.4095,-0.2,0.6863
35.21,09-22-2026 23:26:27:605,-0.174799993634224,0.231199994683266,0.188500002026558,0.938399970531464,-0.4075,-0.1988,0.6852
35.22,09-22-2026 23:26:27:615,-0.174799993634224,0.231099992990494,0.188500002026558,0.938399970531464,-0.4075,-0.1984,0.6846
35.23,09-22-2026 23:26:27:625,-0.174799993634224,0.231099992990494,0.188400000333786,0.938399970531464,-0.4077,-0.1982,0.6848
35.24,09-22-2026 23:26:27:635,-0.174799993634224,0.231099992990494,0.188400000333786,0.938399970531464,-0.4086,-0.1976,0.6841
35.25,09-22-2026 23:26:27:645,-0.174700006842613,0.231099992990494,0.188400000333786,0.938399970531464,-0.409,-0.1979,0.6832
35.26,09-22-2026 23:26:27:655,-0.174700006842613,0.231099992990494,0.188400000333786,0.938399970531464,-0.4093,-0.1983,0.6836
35.27,09-22-2026 23:26:27:665,-0.174600005149841,0.231099992990494,0.188400000333786,0.938300013542175,-0.4096,-0.1979,0.6833
35.28,09-22-2026 23:26:27:675,-0.174600005149841,0.231000006198883,0.188400000333786,0.938300013542175,-0.4096,-0.1993,0.6819
35.29,09-22-2026 23:26:27:685,-0.174500003457069,0.231000006198883,0.188400000333786,0.938300013542175,-0.4094,-0.2007,0.682
35.3,09-22-2026 23:26:27:695,-0.174500003457069,0.231000006198883,0.188299998641014,0.938300013542175,-0.4085,-0.2006,0.6824
35.31,09-22-2026 23:26:27:705,-0.174500003457069,0.230900004506111,0.188299998641014,0.938199996948242,-0.4097,-0.2022,0.6859
35.32,09-22-2026 23:26:27:715,-0.174500003457069,0.230900004506111,0.188299998641014,0.938199996948242,-0.4097,-0.2024,0.6857
35.33,09-22-2026 23:26:27:725,-0.174600005149841,0.230900004506111,0.188299998641014,0.938099980354309,-0.4104,-0.2032,0.6864
35.34,09-22-2026 23:26:27:735,-0.174600005149841,0.230900004506111,0.188299998641014,0.938099980354309,-0.411,-0.203,0.6873
35.35,09-22-2026 23:26:27:745,-0.174600005149841,0.231000006198883,0.188299998641014,0.938099980354309,-0.4111,-0.2036,0.687
35.36,09-22-2026 23:26:27:755,-0.174700006842613,0.231000006198883,0.188400000333786,0.938099980354309,-0.411,-0.2034,0.6858
35.37,09-22-2026 23:26:27:765,-0.174700006842613,0.231000006198883,0.188400000333786,0.938099980354309,-0.4107,-0.2035,0.6852
35.38,09-22-2026 23:26:27:775,-0.174700006842613,0.231099992990494,0.188500002026558,0.938099980354309,-0.4107,-0.2034,0.6867
35.39,09-22-2026 23:26:27:785,-0.174700006842613,0.231099992990494,0.188500002026558,0.938099980354309,-0.411,-0.2033,0.6872
35.4,09-22-2026 23:26:27:795,-0.174700006842613,0.231199994683266,0.18860000371933,0.938099980354309,-0.4107,-0.204,0.6868
35.41,09-22-2026 23:26:27:805,-0.174700006842613,0.23139999806881,0.188700005412102,0.938099980354309,-0.41,-0.2034,0.687
35.42,09-22-2026 23:26:27:815,-0.174700006842613,0.231499999761581,0.188800007104874,0.938099980354309,-0.4095,-0.2031,0.687
35.43,09-22-2026 23:26:27:825,-0.174700006842613,0.231600001454353,0.188800007104874,0.938099980354309,-0.4093,-0.2023,0.6867
35.44,09-22-2026 23:26:27:835,-0.174799993634224,0.231600001454353,0.188800007104874,0.938099980354309,-0.4094,-0.2017,0.6858
35.45,09-22-2026 23:26:27:845,-0.174799993634224,0.231700003147125,0.188800007104874,0.938099980354309,-0.4097,-0.2014,0.6855
35.46,09-22-2026 23:26:27:855,-0.174799993634224,0.231700003147125,0.188899993896484,0.938099980354309,-0.4098,-0.2009,0.6852
35.47,09-22-2026 23:26:27:865,-0.174799993634224,0.231700003147125,0.188899993896484,0.938099980354309,-0.4107,-0.2007,0.6845
35.48,09-22-2026 23:26:27:875,-0.174799993634224,0.231700003147125,0.188899993896484,0.938099980354309,-0.4119,-0.2007,0.6834
35.49,09-22-2026 23:26:27:885,-0.174799993634224,0.231700003147125,0.188899993896484,0.938099980354309,-0.4119,-0.2005,0.683
35.5,09-22-2026 23:26:27:895,-0.174799993634224,0.231600001454353,0.188800007104874,0.938099980354309,-0.4124,-0.2004,0.6833
35.51,09-22-2026 23:26:27:905,-0.174799993634224,0.231600001454353,0.188800007104874,0.938099980354309,-0.41,-0.2023,0.6843
35.52,09-22-2026 23:26:27:915,-0.174799993634224,0.231600001454353,0.188800007104874,0.938099980354309,-0.4093,-0.2034,0.6848
35.53,09-22-2026 23:26:27:925,-0.174700006842613,0.231600001454353,0.188800007104874,0.938099980354309,-0.4071,-0.2036,0.6845
35.54,09-22-2026 23:26:27:935,-0.174700006842613,0.231600001454353,0.188800007104874,0.938099980354309,-0.4072,-0.2036,0.6839
35.55,09-22-2026 23:26:27:945,-0.174700006842613,0.231600001454353,0.188800007104874,0.938099980354309,-0.4075,-0.2036,0.6845
35.56,09-22-2026 23:26:27:955,-0.174700006842613,0.231600001454353,0.188800007104874,0.938099980354309,-0.4086,-0.2031,0.6854
35.57,09-22-2026 23:26:27:965,-0.174700006842613,0.231600001454353,0.188800007104874,0.938099980354309,-0.4093,-0.2029,0.6855
35.58,09-22-2026 23:26:27:975,-0.174700006842613,0.231600001454353,0.188800007104874,0.938099980354309,-0.4095,-0.2024,0.6856
35.59,09-22-2026 23:26:27:985,-0.174700006842613,0.231600001454353,0.188800007104874,0.938099980354309,-0.4091,-0.2017,0.6861
35.6,09-22-2026 23:26:27:995,-0.174700006842613,0.231600001454353,0.188800007104874,0.938099980354309,-0.4087,-0.202,0.6856
35.61,09-22-2026 23:26:28:005,-0.174700006842613,0.231499999761581,0.188800007104874,0.938099980354309,-0.4081,-0.1983,0.6839
35.62,09-22-2026 23:26:28:015,-0.174700006842613,0.231499999761581,0.188800007104874,0.938099980354309,-0.4089,-0.1977,0.6838
35.63,09-22-2026 23:26:28:025,-0.174700006842613,0.231499999761581,0.188800007104874,0.938099980354309,-0.4095,-0.1964,0.6844
35.64,09-22-2026 23:26:28:035,-0.174799993634224,0.231499999761581,0.188800007104874,0.938099980354309,-0.4096,-0.196,0.6845
35.65,09-22-2026 23:26:28:045,-0.174799993634224,0.231499999761581,0.188800007104874,0.938099980354309,-0.4092,-0.1953,0.684
35.66,09-22-2026 23:26:28:055,-0.174799993634224,0.231499999761581,0.188800007104874,0.938000023365021,-0.4084,-0.1944,0.6838
35.67,09-22-2026 23:26:28:065,-0.174899995326996,0.231499999761581,0.188800007104874,0.938000023365021,-0.4078,-0.1945,0.6843
35.68,09-22-2026 23:26:28:075,-0.174899995326996,0.231499999761581,0.188800007104874,0.938000023365021,-0.4078,-0.1951,0.6843
35.69,09-22-2026 23:26:28:085,-0.174899995326996,0.231499999761581,0.188800007104874,0.938000023365021,-0.4072,-0.1953,0.6832
35.7,09-22-2026 23:26:28:095,-0.174899995326996,0.231499999761581,0.188800007104874,0.938000023365021,-0.4063,-0.1966,0.6831
35.71,09-22-2026 23:26:28:105,-0.174999997019768,0.231499999761581,0.188800007104874,0.937900006771088,-0.4048,-0.1988,0.6836
35.72,09-22-2026 23:26:28:115,-0.174999997019768,0.231600001454353,0.188800007104874,0.937900006771088,-0.4055,-0.199,0.6849
35.73,09-22-2026 23:26:28:125,-0.174999997019768,0.231600001454353,0.188800007104874,0.937900006771088,-0.4067,-0.1999,0.6863
35.74,09-22-2026 23:26:28:135,-0.174999997019768,0.231700003147125,0.188800007104874,0.937900006771088,-0.408,-0.2002,0.6879
35.75,09-22-2026 23:26:28:145,-0.174999997019768,0.231700003147125,0.188800007104874,0.937900006771088,-0.4092,-0.2004,0.6892
35.76,09-22-2026 23:26:28:155,-0.174899995326996,0.231800004839897,0.188700005412102,0.937900006771088,-0.4102,-0.2008,0.6899
35.77,09-22-2026 23:26:28:165,-0.174899995326996,0.231900006532669,0.188700005412102,0.937900006771088,-0.4106,-0.2011,0.6898
35.78,09-22-2026 23:26:28:175,-0.174899995326996,0.231900006532669,0.18860000371933,0.937900006771088,-0.4102,-0.2013,0.689
35.79,09-22-2026 23:26:28:185,-0.174899995326996,0.23199999332428,0.18860000371933,0.937900006771088,-0.4101,-0.2023,0.6877
35.8,09-22-2026 23:26:28:195,-0.174799993634224,0.232099995017052,0.18860000371933,0.937900006771088,-0.4097,-0.2028,0.6864
35.81,09-22-2026 23:26:28:205,-0.174600005149841,0.232400000095367,0.188400000333786,0.937900006771088,-0.4109,-0.2023,0.6837
35.82,09-22-2026 23:26:28:215,-0.174600005149841,0.232500001788139,0.188400000333786,0.937900006771088,-0.4109,-0.2019,0.6839
35.83,09-22-2026 23:26:28:225,-0.174600005149841,0.232600003480911,0.188299998641014,0.937900006771088,-0.411,-0.2019,0.6848
35.84,09-22-2026 23:26:28:235,-0.174600005149841,0.232700005173683,0.188299998641014,0.937900006771088,-0.4111,-0.2019,0.6856
35.85,09-22-2026 23:26:28:245,-0.174600005149841,0.232700005173683,0.188299998641014,0.937900006771088,-0.4108,-0.2018,0.6862
35.86,09-22-2026 23:26:28:255,-0.174600005149841,0.232800006866455,0.188199996948242,0.937900006771088,-0.4102,-0.2023,0.6867
35.87,09-22-2026 23:26:28:265,-0.174600005149841,0.232800006866455,0.188199996948242,0.937900006771088,-0.4097,-0.2021,0.6867
35.88,09-22-2026 23:26:28:275,-0.174600005149841,0.232899993658066,0.188199996948242,0.937900006771088,-0.4092,-0.2019,0.686
35.89,09-22-2026 23:26:28:285,-0.174600005149841,0.232899993658066,0.18809999525547,0.937900006771088,-0.4084,-0.2023,0.686
35.9,09-22-2026 23:26:28:295,-0.174600005149841,0.232999995350838,0.18809999525547,0.937900006771088,-0.4085,-0.2022,0.6853
35.91,09-22-2026 23:26:28:305,-0.174600005149841,0.232999995350838,0.187999993562698,0.937900006771088,-0.4098,-0.1992,0.6877
35.92,09-22-2026 23:26:28:315,-0.174600005149841,0.232999995350838,0.187999993562698,0.937900006771088,-0.4098,-0.1978,0.6875
35.93,09-22-2026 23:26:28:325,-0.174600005149841,0.23309999704361,0.187999993562698,0.937900006771088,-0.4095,-0.197,0.6868
35.94,09-22-2026 23:26:28:335,-0.174600005149841,0.23309999704361,0.187999993562698,0.937900006771088,-0.4085,-0.1964,0.686
35.95,09-22-2026 23:26:28:345,-0.174600005149841,0.23309999704361,0.187999993562698,0.937900006771088,-0.4081,-0.1952,0.6842
35.96,09-22-2026 23:26:28:355,-0.174600005149841,0.23309999704361,0.187999993562698,0.937900006771088,-0.4075,-0.1952,0.6817
35.97,09-22-2026 23:26:28:365,-0.174600005149841,0.23309999704361,0.187999993562698,0.937900006771088,-0.4077,-0.1956,0.6809
35.98,09-22-2026 23:26:28:375,-0.174600005149841,0.23309999704361,0.187999993562698,0.937900006771088,-0.4082,-0.1949,0.6812
35.99,09-22-2026 23:26:28:385,-0.174600005149841,0.23309999704361,0.187999993562698,0.937900006771088,-0.4078,-0.1957,0.6804
36,09-22-2026 23:26:28:395,-0.174600005149841,0.23309999704361,0.187999993562698,0.937900006771088,-0.4075,-0.1952,0.6802
36.01,09-22-2026 23:26:28:405,-0.174600005149841,0.23309999704361,0.187999993562698,0.937900006771088,-0.4082,-0.1954,0.6822
36.02,09-22-2026 23:26:28:415,-0.174600005149841,0.23309999704361,0.187999993562698,0.937900006771088,-0.4078,-0.1956,0.6829
36.03,09-22-2026 23:26:28:425,-0.174600005149841,0.23309999704361,0.187999993562698,0.937900006771088,-0.4066,-0.196,0.683
36.04,09-22-2026 23:26:28:435,-0.174600005149841,0.23309999704361,0.187999993562698,0.937900006771088,-0.4058,-0.1968,0.6837
36.05,09-22-2026 23:26:28:445,-0.174600005149841,0.23309999704361,0.187999993562698,0.937900006771088,-0.4057,-0.1971,0.684
36.06,09-22-2026 23:26:28:455,-0.174600005149841,0.23309999704361,0.187999993562698,0.937900006771088,-0.4062,-0.1979,0.6844
36.07,09-22-2026 23:26:28:465,-0.174600005149841,0.23309999704361,0.187999993562698,0.937900006771088,-0.4064,-0.1978,0.6855
36.08,09-22-2026 23:26:28:475,-0.174600005149841,0.23309999704361,0.187999993562698,0.937900006771088,-0.4077,-0.197,0.6854
36.09,09-22-2026 23:26:28:485,-0.174600005149841,0.23309999704361,0.187999993562698,0.937900006771088,-0.4089,-0.197,0.6851
36.1,09-22-2026 23:26:28:495,-0.174600005149841,0.23309999704361,0.187999993562698,0.937900006771088,-0.4105,-0.1971,0.6854
36.11,09-22-2026 23:26:28:505,-0.174600005149841,0.23309999704361,0.187999993562698,0.937900006771088,-0.4141,-0.1981,0.6856
36.12,09-22-2026 23:26:28:515,-0.174600005149841,0.23309999704361,0.187999993562698,0.937900006771088,-0.4137,-0.1985,0.686
36.13,09-22-2026 23:26:28:525,-0.174600005149841,0.23309999704361,0.187999993562698,0.937900006771088,-0.4139,-0.1991,0.686
36.14,09-22-2026 23:26:28:535,-0.174600005149841,0.23309999704361,0.187999993562698,0.937900006771088,-0.4141,-0.1997,0.6858
36.15,09-22-2026 23:26:28:545,-0.174600005149841,0.23309999704361,0.187999993562698,0.937900006771088,-0.4146,-0.2002,0.6858
36.16,09-22-2026 23:26:28:555,-0.174600005149841,0.232999995350838,0.187999993562698,0.937900006771088,-0.4152,-0.2006,0.6864
36.17,09-22-2026 23:26:28:565,-0.174600005149841,0.232999995350838,0.187999993562698,0.937900006771088,-0.4155,-0.201,0.6873
36.18,09-22-2026 23:26:28:575,-0.174600005149841,0.232999995350838,0.187999993562698,0.937900006771088,-0.4162,-0.2013,0.6872
36.19,09-22-2026 23:26:28:585,-0.174600005149841,0.232999995350838,0.187999993562698,0.937900006771088,-0.416,-0.2015,0.6863
36.2,09-22-2026 23:26:28:595,-0.174600005149841,0.232999995350838,0.187999993562698,0.937900006771088,-0.4164,-0.2012,0.6864
36.21,09-22-2026 23:26:28:605,-0.174700006842613,0.232999995350838,0.187999993562698,0.937900006771088,-0.4144,-0.1998,0.6815
36.22,09-22-2026 23:26:28:615,-0.174700006842613,0.232999995350838,0.187999993562698,0.937900006771088,-0.4134,-0.1993,0.6811
36.23,09-22-2026 23:26:28:625,-0.174700006842613,0.232999995350838,0.187999993562698,0.937900006771088,-0.4134,-0.1985,0.6796
36.24,09-22-2026 23:26:28:635,-0.174700006842613,0.232999995350838,0.187999993562698,0.937900006771088,-0.4143,-0.198,0.6788
36.25,09-22-2026 23:26:28:645,-0.174700006842613,0.232999995350838,0.187999993562698,0.937900006771088,-0.4141,-0.197,0.6785
36.26,09-22-2026 23:26:28:655,-0.174700006842613,0.232999995350838,0.187999993562698,0.937900006771088,-0.414,-0.1964,0.678
36.27,09-22-2026 23:26:28:665,-0.174700006842613,0.232999995350838,0.187999993562698,0.937900006771088,-0.4136,-0.1958,0.6778
36.28,09-22-2026 23:26:28:675,-0.174700006842613,0.232999995350838,0.187999993562698,0.937900006771088,-0.4138,-0.1952,0.6791
36.29,09-22-2026 23:26:28:685,-0.174700006842613,0.232999995350838,0.187999993562698,0.937900006771088,-0.4138,-0.1953,0.6794
36.3,09-22-2026 23:26:28:695,-0.174700006842613,0.232999995350838,0.187999993562698,0.938000023365021,-0.4136,-0.1955,0.6804
36.31,09-22-2026 23:26:28:705,-0.174700006842613,0.232999995350838,0.187999993562698,0.938000023365021,-0.4135,-0.1972,0.6814
36.32,09-22-2026 23:26:28:715,-0.174700006842613,0.232999995350838,0.187999993562698,0.938000023365021,-0.4134,-0.1977,0.6821
36.33,09-22-2026 23:26:28:725,-0.174700006842613,0.232999995350838,0.187999993562698,0.938000023365021,-0.4137,-0.1976,0.6826
36.34,09-22-2026 23:26:28:735,-0.174700006842613,0.232999995350838,0.187999993562698,0.938000023365021,-0.4136,-0.1979,0.683
36.35,09-22-2026 23:26:28:745,-0.174700006842613,0.232999995350838,0.187999993562698,0.938000023365021,-0.4133,-0.1977,0.6836
36.36,09-22-2026 23:26:28:755,-0.174700006842613,0.232999995350838,0.187999993562698,0.938000023365021,-0.414,-0.1973,0.6843
36.37,09-22-2026 23:26:28:765,-0.174600005149841,0.232899993658066,0.187999993562698,0.938000023365021,-0.4145,-0.198,0.6852
36.38,09-22-2026 23:26:28:775,-0.174600005149841,0.232899993658066,0.187999993562698,0.938000023365021,-0.414,-0.1985,0.6855
36.39,09-22-2026 23:26:28:785,-0.174600005149841,0.232899993658066,0.187999993562698,0.938000023365021,-0.4134,-0.1984,0.6849
36.4,09-22-2026 23:26:28:795,-0.174600005149841,0.232899993658066,0.187999993562698,0.938000023365021,-0.4129,-0.1984,0.6848
36.41,09-22-2026 23:26:28:805,-0.174600005149841,0.232899993658066,0.187999993562698,0.938000023365021,-0.412,-0.1979,0.6825
36.42,09-22-2026 23:26:28:815,-0.174600005149841,0.232899993658066,0.187999993562698,0.938000023365021,-0.4126,-0.198,0.682
36.43,09-22-2026 23:26:28:825,-0.174600005149841,0.232899993658066,0.187999993562698,0.938000023365021,-0.4126,-0.1978,0.6822
36.44,09-22-2026 23:26:28:835,-0.174600005149841,0.232899993658066,0.187999993562698,0.938000023365021,-0.4126,-0.1976,0.683
36.45,09-22-2026 23:26:28:845,-0.174600005149841,0.232899993658066,0.187999993562698,0.938000023365021,-0.4131,-0.1978,0.6827
36.46,09-22-2026 23:26:28:855,-0.174600005149841,0.232899993658066,0.187999993562698,0.938000023365021,-0.413,-0.1977,0.6833
36.47,09-22-2026 23:26:28:865,-0.174600005149841,0.232899993658066,0.187999993562698,0.938000023365021,-0.4134,-0.1978,0.6841
36.48,09-22-2026 23:26:28:875,-0.174500003457069,0.232899993658066,0.187999993562698,0.938000023365021,-0.4131,-0.1979,0.6834
36.49,09-22-2026 23:26:28:885,-0.174500003457069,0.232899993658066,0.187999993562698,0.938000023365021,-0.4128,-0.1981,0.6831
36.5,09-22-2026 23:26:28:895,-0.174500003457069,0.232899993658066,0.187999993562698,0.938000023365021,-0.4124,-0.1987,0.6831
36.51,09-22-2026 23:26:28:905,-0.174500003457069,0.232899993658066,0.187999993562698,0.938000023365021,-0.4136,-0.1991,0.684
36.52,09-22-2026 23:26:28:915,-0.174500003457069,0.232899993658066,0.187999993562698,0.938000023365021,-0.4129,-0.1996,0.6845
36.53,09-22-2026 23:26:28:925,-0.174500003457069,0.232899993658066,0.187900006771088,0.938000023365021,-0.4129,-0.2001,0.6848
36.54,09-22-2026 23:26:28:935,-0.174500003457069,0.232899993658066,0.187900006771088,0.938000023365021,-0.4125,-0.1998,0.6847
36.55,09-22-2026 23:26:28:945,-0.174500003457069,0.232899993658066,0.187900006771088,0.938000023365021,-0.4124,-0.1988,0.6845
36.56,09-22-2026 23:26:28:955,-0.174500003457069,0.232899993658066,0.187900006771088,0.938000023365021,-0.4125,-0.1986,0.6835
36.57,09-22-2026 23:26:28:965,-0.174600005149841,0.232899993658066,0.187900006771088,0.938000023365021,-0.4129,-0.1982,0.6828
36.58,09-22-2026 23:26:28:975,-0.174600005149841,0.232899993658066,0.187900006771088,0.938000023365021,-0.4135,-0.198,0.6828
36.59,09-22-2026 23:26:28:985,-0.174700006842613,0.232899993658066,0.187999993562698,0.938000023365021,-0.4137,-0.1981,0.6829
36.6,09-22-2026 23:26:28:995,-0.174700006842613,0.232899993658066,0.187999993562698,0.938000023365021,-0.4137,-0.1987,0.6826
36.61,09-22-2026 23:26:29:005,-0.174899995326996,0.232899993658066,0.187999993562698,0.938000023365021,-0.4127,-0.1992,0.6831
36.62,09-22-2026 23:26:29:015,-0.174899995326996,0.232899993658066,0.187999993562698,0.938000023365021,-0.4117,-0.1994,0.6848
36.63,09-22-2026 23:26:29:025,-0.174899995326996,0.232899993658066,0.187999993562698,0.938000023365021,-0.4107,-0.2,0.685
36.64,09-22-2026 23:26:29:035,-0.174999997019768,0.232899993658066,0.187999993562698,0.938000023365021,-0.4105,-0.2003,0.6845
36.65,09-22-2026 23:26:29:045,-0.174999997019768,0.232899993658066,0.187999993562698,0.938000023365021,-0.4098,-0.2004,0.6853
36.66,09-22-2026 23:26:29:055,-0.174999997019768,0.232899993658066,0.187900006771088,0.938000023365021,-0.4102,-0.2003,0.6854
36.67,09-22-2026 23:26:29:065,-0.174999997019768,0.232800006866455,0.187900006771088,0.938000023365021,-0.4104,-0.1993,0.6842
36.68,09-22-2026 23:26:29:075,-0.17509999871254,0.232800006866455,0.187900006771088,0.938000023365021,-0.41,-0.1992,0.6833
36.69,09-22-2026 23:26:29:085,-0.17509999871254,0.232800006866455,0.187800005078316,0.938000023365021,-0.4102,-0.1989,0.6833
36.7,09-22-2026 23:26:29:095,-0.17509999871254,0.232800006866455,0.187800005078316,0.938000023365021,-0.41,-0.1983,0.6829
36.71,09-22-2026 23:26:29:105,-0.175200000405312,0.232800006866455,0.187600001692772,0.938000023365021,-0.4127,-0.1959,0.6834
36.72,09-22-2026 23:26:29:115,-0.175200000405312,0.232700005173683,0.187600001692772,0.938000023365021,-0.4129,-0.1958,0.6823
36.73,09-22-2026 23:26:29:125,-0.175200000405312,0.232700005173683,0.187600001692772,0.938000023365021,-0.4132,-0.1957,0.6831
36.74,09-22-2026 23:26:29:135,-0.175200000405312,0.232700005173683,0.1875,0.938000023365021,-0.4134,-0.1961,0.6837
36.75,09-22-2026 23:26:29:145,-0.175200000405312,0.232700005173683,0.1875,0.938000023365021,-0.4131,-0.1961,0.6843
36.76,09-22-2026 23:26:29:155,-0.175200000405312,0.232700005173683,0.1875,0.938000023365021,-0.4125,-0.1959,0.6846
36.77,09-22-2026 23:26:29:165,-0.175200000405312,0.232700005173683,0.1875,0.938000023365021,-0.4123,-0.1962,0.6841
36.78,09-22-2026 23:26:29:175,-0.175200000405312,0.232700005173683,0.1875,0.938000023365021,-0.4113,-0.1969,0.6844
36.79,09-22-2026 23:26:29:185,-0.175300002098083,0.232700005173683,0.1875,0.938000023365021,-0.4112,-0.1971,0.6843
36.8,09-22-2026 23:26:29:195,-0.175300002098083,0.232700005173683,0.1875,0.938000023365021,-0.411,-0.1969,0.685
36.81,09-22-2026 23:26:29:205,-0.175300002098083,0.232700005173683,0.1875,0.938000023365021,-0.4111,-0.1974,0.6869
36.82,09-22-2026 23:26:29:215,-0.175300002098083,0.232700005173683,0.1875,0.938000023365021,-0.4111,-0.1968,0.6867
36.83,09-22-2026 23:26:29:225,-0.175300002098083,0.232700005173683,0.1875,0.938000023365021,-0.4103,-0.1964,0.6858
36.84,09-22-2026 23:26:29:235,-0.175300002098083,0.232700005173683,0.1875,0.938000023365021,-0.4108,-0.1955,0.6846
36.85,09-22-2026 23:26:29:245,-0.175300002098083,0.232600003480911,0.1875,0.938000023365021,-0.4109,-0.1948,0.6839
36.86,09-22-2026 23:26:29:255,-0.175300002098083,0.232600003480911,0.1875,0.938000023365021,-0.4109,-0.1935,0.683
36.87,09-22-2026 23:26:29:265,-0.175300002098083,0.232600003480911,0.1875,0.938000023365021,-0.4109,-0.1931,0.6819
36.88,09-22-2026 23:26:29:275,-0.175400003790855,0.232600003480911,0.1875,0.938000023365021,-0.4113,-0.1927,0.6815
36.89,09-22-2026 23:26:29:285,-0.175400003790855,0.232600003480911,0.1875,0.938000023365021,-0.4115,-0.1923,0.6806
36.9,09-22-2026 23:26:29:295,-0.175400003790855,0.232600003480911,0.1875,0.938000023365021,-0.4114,-0.1918,0.6805
36.91,09-22-2026 23:26:29:305,-0.175400003790855,0.232700005173683,0.187399998307228,0.938000023365021,-0.4121,-0.1937,0.6821
36.92,09-22-2026 23:26:29:315,-0.175400003790855,0.232700005173683,0.187399998307228,0.938000023365021,-0.4116,-0.1947,0.6826
36.93,09-22-2026 23:26:29:325,-0.175400003790855,0.232700005173683,0.187399998307228,0.938000023365021,-0.4112,-0.1956,0.683
36.94,09-22-2026 23:26:29:335,-0.175400003790855,0.232700005173683,0.187399998307228,0.938000023365021,-0.4105,-0.196,0.6828
36.95,09-22-2026 23:26:29:345,-0.175500005483627,0.232700005173683,0.187399998307228,0.938000023365021,-0.4103,-0.1962,0.6832
36.96,09-22-2026 23:26:29:355,-0.175500005483627,0.232700005173683,0.187399998307228,0.938000023365021,-0.4107,-0.1964,0.684
36.97,09-22-2026 23:26:29:365,-0.175500005483627,0.232700005173683,0.187399998307228,0.938000023365021,-0.411,-0.197,0.6834
36.98,09-22-2026 23:26:29:375,-0.175500005483627,0.232700005173683,0.187399998307228,0.938000023365021,-0.4108,-0.1978,0.6835
36.99,09-22-2026 23:26:29:385,-0.175500005483627,0.232700005173683,0.187399998307228,0.938000023365021,-0.4117,-0.1978,0.6836
37,09-22-2026 23:26:29:395,-0.175500005483627,0.232700005173683,0.187399998307228,0.938000023365021,-0.4121,-0.1974,0.6837
37.01,09-22-2026 23:26:29:405,-0.175400003790855,0.232600003480911,0.187399998307228,0.938000023365021,-0.4125,-0.1985,0.6847
37.02,09-22-2026 23:26:29:415,-0.175300002098083,0.232600003480911,0.187399998307228,0.938000023365021,-0.4122,-0.198,0.6844
37.03,09-22-2026 23:26:29:425,-0.175300002098083,0.232600003480911,0.187399998307228,0.938000023365021,-0.4123,-0.1981,0.6836
37.04,09-22-2026 23:26:29:435,-0.175200000405312,0.232600003480911,0.187399998307228,0.938000023365021,-0.4133,-0.1982,0.6833
37.05,09-22-2026 23:26:29:445,-0.17509999871254,0.232600003480911,0.187399998307228,0.938099980354309,-0.4135,-0.1989,0.6828
37.06,09-22-2026 23:26:29:455,-0.174999997019768,0.232600003480911,0.187399998307228,0.938099980354309,-0.4135,-0.1997,0.6828
37.07,09-22-2026 23:26:29:465,-0.174899995326996,0.232600003480911,0.187399998307228,0.938099980354309,-0.4129,-0.2002,0.6834
37.08,09-22-2026 23:26:29:475,-0.174799993634224,0.232600003480911,0.187399998307228,0.938099980354309,-0.4125,-0.2007,0.6834
37.09,09-22-2026 23:26:29:485,-0.174700006842613,0.232600003480911,0.187399998307228,0.938099980354309,-0.4124,-0.2007,0.6827
37.1,09-22-2026 23:26:29:495,-0.174600005149841,0.232600003480911,0.187399998307228,0.938099980354309,-0.4129,-0.2008,0.6831
37.11,09-22-2026 23:26:29:505,-0.174400001764297,0.232600003480911,0.187399998307228,0.938099980354309,-0.4138,-0.2023,0.6837
37.12,09-22-2026 23:26:29:515,-0.174400001764297,0.232600003480911,0.187399998307228,0.938099980354309,-0.4136,-0.2024,0.684
37.13,09-22-2026 23:26:29:525,-0.174400001764297,0.232600003480911,0.187399998307228,0.938099980354309,-0.4141,-0.2025,0.6837
37.14,09-22-2026 23:26:29:535,-0.174400001764297,0.232600003480911,0.187399998307228,0.938099980354309,-0.4137,-0.2026,0.6831
37.15,09-22-2026 23:26:29:545,-0.174300000071526,0.232600003480911,0.187399998307228,0.938099980354309,-0.4134,-0.2034,0.684
37.16,09-22-2026 23:26:29:555,-0.174300000071526,0.232600003480911,0.187399998307228,0.938099980354309,-0.4129,-0.2033,0.6837
37.17,09-22-2026 23:26:29:565,-0.174300000071526,0.232700005173683,0.1875,0.938099980354309,-0.4128,-0.2028,0.6826
37.18,09-22-2026 23:26:29:575,-0.174300000071526,0.232700005173683,0.1875,0.938099980354309,-0.4132,-0.2016,0.6815
37.19,09-22-2026 23:26:29:585,-0.174300000071526,0.232800006866455,0.1875,0.938099980354309,-0.4135,-0.2012,0.6801
37.2,09-22-2026 23:26:29:595,-0.174300000071526,0.232800006866455,0.1875,0.938099980354309,-0.4135,-0.2012,0.6797
37.21,09-22-2026 23:26:29:605,-0.174400001764297,0.232899993658066,0.187700003385544,0.938099980354309,-0.4157,-0.2017,0.6811
37.22,09-22-2026 23:26:29:615,-0.174500003457069,0.232899993658066,0.187700003385544,0.938000023365021,-0.4155,-0.2015,0.6815
37.23,09-22-2026 23:26:29:625,-0.174600005149841,0.232899993658066,0.187700003385544,0.938000023365021,-0.415,-0.2023,0.6815
37.24,09-22-2026 23:26:29:635,-0.174700006842613,0.232899993658066,0.187700003385544,0.938000023365021,-0.4141,-0.2026,0.6824
37.25,09-22-2026 23:26:29:645,-0.174799993634224,0.232899993658066,0.187700003385544,0.937900006771088,-0.4137,-0.2028,0.6827
37.26,09-22-2026 23:26:29:655,-0.174899995326996,0.232899993658066,0.187700003385544,0.937900006771088,-0.4139,-0.203,0.6832
37.27,09-22-2026 23:26:29:665,-0.174999997019768,0.232899993658066,0.187700003385544,0.937799990177155,-0.4138,-0.2036,0.6838
37.28,09-22-2026 23:26:29:675,-0.175200000405312,0.232899993658066,0.187700003385544,0.937799990177155,-0.4133,-0.2039,0.6838
37.29,09-22-2026 23:26:29:685,-0.175300002098083,0.232899993658066,0.187700003385544,0.937699973583221,-0.4129,-0.2043,0.6828
37.3,09-22-2026 23:26:29:695,-0.175500005483627,0.232899993658066,0.187700003385544,0.937699973583221,-0.4125,-0.2046,0.6826
37.31,09-22-2026 23:26:29:705,-0.175999999046326,0.232899993658066,0.187700003385544,0.9375,-0.4124,-0.2045,0.6808
37.32,09-22-2026 23:26:29:715,-0.17620000243187,0.232999995350838,0.187700003385544,0.937399983406067,-0.4122,-0.2043,0.6807
37.33,09-22-2026 23:26:29:725,-0.176300004124641,0.232999995350838,0.187800005078316,0.937399983406067,-0.4125,-0.2042,0.6816
37.34,09-22-2026 23:26:29:735,-0.176400005817413,0.232999995350838,0.187800005078316,0.937399983406067,-0.413,-0.2042,0.6834
37.35,09-22-2026 23:26:29:745,-0.176400005817413,0.232999995350838,0.187900006771088,0.937399983406067,-0.4125,-0.2041,0.6829
37.36,09-22-2026 23:26:29:755,-0.176499992609024,0.23309999704361,0.187999993562698,0.937300026416779,-0.4128,-0.2035,0.6838
37.37,09-22-2026 23:26:29:765,-0.176599994301796,0.23309999704361,0.187999993562698,0.937300026416779,-0.4131,-0.2031,0.6851
37.38,09-22-2026 23:26:29:775,-0.176599994301796,0.23309999704361,0.18809999525547,0.937300026416779,-0.4129,-0.2031,0.6847
37.39,09-22-2026 23:26:29:785,-0.176699995994568,0.233199998736382,0.188199996948242,0.937200009822845,-0.4129,-0.2033,0.6859
37.4,09-22-2026 23:26:29:795,-0.176699995994568,0.233199998736382,0.188299998641014,0.937200009822845,-0.4128,-0.204,0.6866
37.41,09-22-2026 23:26:29:805,-0.176699995994568,0.233400002121925,0.188400000333786,0.937099993228912,-0.4125,-0.204,0.687
37.42,09-22-2026 23:26:29:815,-0.176699995994568,0.233500003814697,0.188400000333786,0.936999976634979,-0.4122,-0.2037,0.6878
37.43,09-22-2026 23:26:29:825,-0.17679999768734,0.233500003814697,0.188400000333786,0.936999976634979,-0.4117,-0.2039,0.6891
37.44,09-22-2026 23:26:29:835,-0.17679999768734,0.233500003814697,0.188400000333786,0.936900019645691,-0.4108,-0.204,0.6882
37.45,09-22-2026 23:26:29:845,-0.17679999768734,0.233600005507469,0.188400000333786,0.936900019645691,-0.4105,-0.2034,0.6876
37.46,09-22-2026 23:26:29:855,-0.17679999768734,0.233600005507469,0.188500002026558,0.936800003051758,-0.4108,-0.2029,0.6868
37.47,09-22-2026 23:26:29:865,-0.17679999768734,0.233600005507469,0.188500002026558,0.936699986457825,-0.4103,-0.202,0.686
37.48,09-22-2026 23:26:29:875,-0.17679999768734,0.233600005507469,0.18860000371933,0.936699986457825,-0.4101,-0.201,0.6846
37.49,09-22-2026 23:26:29:885,-0.176899999380112,0.233600005507469,0.188800007104874,0.936600029468536,-0.4101,-0.1992,0.6832
37.5,09-22-2026 23:26:29:895,-0.176899999380112,0.233600005507469,0.188899993896484,0.936500012874603,-0.4092,-0.1985,0.6809
37.51,09-22-2026 23:26:29:905,-0.177100002765656,0.233700007200241,0.189300000667572,0.936200022697449,-0.4068,-0.1953,0.6792
37.52,09-22-2026 23:26:29:915,-0.177200004458427,0.233799993991852,0.189400002360344,0.936200022697449,-0.4066,-0.1942,0.6793
37.53,09-22-2026 23:26:29:925,-0.177300006151199,0.233899995684624,0.189600005745888,0.936100006103516,-0.4071,-0.1938,0.6796
37.54,09-22-2026 23:26:29:935,-0.177300006151199,0.234099999070168,0.18970000743866,0.936100006103516,-0.4076,-0.1935,0.6802
37.55,09-22-2026 23:26:29:945,-0.17739999294281,0.234200000762939,0.18979999423027,0.935999989509583,-0.4079,-0.1937,0.6802
37.56,09-22-2026 23:26:29:955,-0.177499994635582,0.234300002455711,0.189899995923042,0.935899972915649,-0.4078,-0.1937,0.6802
37.57,09-22-2026 23:26:29:965,-0.177499994635582,0.234500005841255,0.190099999308586,0.935899972915649,-0.4083,-0.193,0.6811
37.58,09-22-2026 23:26:29:975,-0.177599996328354,0.234599992632866,0.190200001001358,0.935800015926361,-0.4089,-0.1927,0.6803
37.59,09-22-2026 23:26:29:985,-0.177699998021126,0.23479999601841,0.19030000269413,0.935800015926361,-0.4085,-0.1935,0.6806
37.6,09-22-2026 23:26:29:995,-0.177699998021126,0.234899997711182,0.190500006079674,0.935699999332428,-0.4094,-0.1924,0.6807
37.61,09-22-2026 23:26:30:005,-0.177799999713898,0.235300004482269,0.191200003027916,0.935599982738495,-0.4127,-0.1879,0.6764
37.62,09-22-2026 23:26:30:015,-0.177799999713898,0.235400006175041,0.191300004720688,0.935599982738495,-0.4136,-0.1867,0.6757
37.63,09-22-2026 23:26:30:025,-0.177799999713898,0.235499992966652,0.19140000641346,0.935599982738495,-0.4149,-0.1862,0.6767
37.64,09-22-2026 23:26:30:035,-0.177799999713898,0.235599994659424,0.19149999320507,0.935599982738495,-0.4165,-0.1858,0.6793
37.65,09-22-2026 23:26:30:045,-0.177799999713898,0.235699996352196,0.191599994897842,0.935699999332428,-0.4164,-0.1875,0.6801
37.66,09-22-2026 23:26:30:055,-0.177799999713898,0.23589999973774,0.191699996590614,0.935699999332428,-0.416,-0.1883,0.6804
37.67,09-22-2026 23:26:30:065,-0.177699998021126,0.236000001430511,0.191699996590614,0.935800015926361,-0.4148,-0.1896,0.681
37.68,09-22-2026 23:26:30:075,-0.177699998021126,0.236200004816055,0.191799998283386,0.935800015926361,-0.4136,-0.1913,0.6808
37.69,09-22-2026 23:26:30:085,-0.177699998021126,0.236300006508827,0.191799998283386,0.935899972915649,-0.4129,-0.1922,0.6794
37.7,09-22-2026 23:26:30:095,-0.177599996328354,0.236399993300438,0.191899999976158,0.935899972915649,-0.412,-0.1938,0.6797
37.71,09-22-2026 23:26:30:105,-0.177300006151199,0.236699998378754,0.19200000166893,0.935999989509583,-0.4105,-0.2007,0.6833
37.72,09-22-2026 23:26:30:115,-0.177300006151199,0.236599996685982,0.19200000166893,0.935999989509583,-0.4137,-0.2002,0.685
37.73,09-22-2026 23:26:30:125,-0.177200004458427,0.236599996685982,0.19200000166893,0.936100006103516,-0.4177,-0.1974,0.684
37.74,09-22-2026 23:26:30:135,-0.177100002765656,0.23649999499321,0.19200000166893,0.936100006103516,-0.4211,-0.1957,0.682
37.75,09-22-2026 23:26:30:145,-0.177000001072884,0.23649999499321,0.191899999976158,0.936100006103516,-0.4245,-0.1949,0.6823
37.76,09-22-2026 23:26:30:155,-0.177000001072884,0.236399993300438,0.191799998283386,0.936200022697449,-0.4279,-0.1948,0.6856
37.77,09-22-2026 23:26:30:165,-0.176899999380112,0.236300006508827,0.191699996590614,0.936200022697449,-0.4283,-0.196,0.6883
37.78,09-22-2026 23:26:30:175,-0.176899999380112,0.236200004816055,0.191599994897842,0.936200022697449,-0.4277,-0.1984,0.6883
37.79,09-22-2026 23:26:30:185,-0.17679999768734,0.236100003123283,0.191599994897842,0.936299979686737,-0.4245,-0.1995,0.6872
37.8,09-22-2026 23:26:30:195,-0.17679999768734,0.236100003123283,0.19149999320507,0.936299979686737,-0.4207,-0.2016,0.6859
37.81,09-22-2026 23:26:30:205,-0.176599994301796,0.23589999973774,0.191300004720688,0.93639999628067,-0.4132,-0.202,0.679
37.82,09-22-2026 23:26:30:215,-0.176599994301796,0.23589999973774,0.191300004720688,0.93639999628067,-0.4135,-0.2015,0.6791
37.83,09-22-2026 23:26:30:225,-0.176499992609024,0.23589999973774,0.191300004720688,0.93639999628067,-0.4143,-0.2002,0.68
37.84,09-22-2026 23:26:30:235,-0.176400005817413,0.235799998044968,0.191300004720688,0.93639999628067,-0.4149,-0.1992,0.6789
37.85,09-22-2026 23:26:30:245,-0.176400005817413,0.235699996352196,0.191300004720688,0.93639999628067,-0.4152,-0.1992,0.6783
37.86,09-22-2026 23:26:30:255,-0.176300004124641,0.235699996352196,0.191300004720688,0.936500012874603,-0.4166,-0.1988,0.6801
37.87,09-22-2026 23:26:30:265,-0.176300004124641,0.235599994659424,0.191300004720688,0.936500012874603,-0.4177,-0.1988,0.6805
37.88,09-22-2026 23:26:30:275,-0.176300004124641,0.235499992966652,0.191200003027916,0.936500012874603,-0.4177,-0.199,0.6803
37.89,09-22-2026 23:26:30:285,-0.176300004124641,0.235400006175041,0.191200003027916,0.936500012874603,-0.4169,-0.199,0.6797
37.9,09-22-2026 23:26:30:295,-0.176300004124641,0.235300004482269,0.191200003027916,0.936500012874603,-0.4166,-0.1984,0.6791
37.91,09-22-2026 23:26:30:305,-0.176300004124641,0.235100001096725,0.191200003027916,0.936500012874603,-0.415,-0.1995,0.6786
37.92,09-22-2026 23:26:30:315,-0.176300004124641,0.235100001096725,0.191200003027916,0.936500012874603,-0.4128,-0.2005,0.6774
37.93,09-22-2026 23:26:30:325,-0.176300004124641,0.235100001096725,0.191300004720688,0.936500012874603,-0.411,-0.2013,0.6758
37.94,09-22-2026 23:26:30:335,-0.176300004124641,0.234999999403954,0.191300004720688,0.936500012874603,-0.4104,-0.2015,0.675
37.95,09-22-2026 23:26:30:345,-0.176300004124641,0.234999999403954,0.191300004720688,0.936500012874603,-0.4104,-0.2017,0.675
37.96,09-22-2026 23:26:30:355,-0.176300004124641,0.234999999403954,0.191300004720688,0.936500012874603,-0.4122,-0.2022,0.6772
37.97,09-22-2026 23:26:30:365,-0.176300004124641,0.234999999403954,0.191300004720688,0.936500012874603,-0.4156,-0.2009,0.6802
37.98,09-22-2026 23:26:30:375,-0.176300004124641,0.234999999403954,0.191300004720688,0.936500012874603,-0.4202,-0.2,0.6834
37.99,09-22-2026 23:26:30:385,-0.17620000243187,0.234999999403954,0.191300004720688,0.936500012874603,-0.423,-0.1998,0.6858
38,09-22-2026 23:26:30:395,-0.17620000243187,0.234899997711182,0.191300004720688,0.936500012874603,-0.4238,-0.2009,0.6878
38.01,09-22-2026 23:26:30:405,-0.17620000243187,0.234899997711182,0.191300004720688,0.936500012874603,-0.4165,-0.2117,0.6896
38.02,09-22-2026 23:26:30:415,-0.17620000243187,0.234899997711182,0.191300004720688,0.936500012874603,-0.4156,-0.2119,0.6891
38.03,09-22-2026 23:26:30:425,-0.17620000243187,0.234899997711182,0.191300004720688,0.936500012874603,-0.4157,-0.2105,0.6893
38.04,09-22-2026 23:26:30:435,-0.17620000243187,0.234899997711182,0.191300004720688,0.936500012874603,-0.4168,-0.209,0.6876
38.05,09-22-2026 23:26:30:445,-0.17620000243187,0.234999999403954,0.191300004720688,0.936500012874603,-0.4186,-0.2067,0.6851
38.06,09-22-2026 23:26:30:455,-0.17620000243187,0.234999999403954,0.191300004720688,0.936500012874603,-0.4201,-0.2048,0.683
38.07,09-22-2026 23:26:30:465,-0.17620000243187,0.234999999403954,0.191300004720688,0.936500012874603,-0.4211,-0.2041,0.6806
38.08,09-22-2026 23:26:30:475,-0.17620000243187,0.234999999403954,0.191300004720688,0.936500012874603,-0.4232,-0.2018,0.6788
38.09,09-22-2026 23:26:30:485,-0.176300004124641,0.234999999403954,0.191300004720688,0.93639999628067,-0.4256,-0.201,0.6788
38.1,09-22-2026 23:26:30:495,-0.176300004124641,0.234999999403954,0.191300004720688,0.93639999628067,-0.4262,-0.2006,0.6787
38.11,09-22-2026 23:26:30:505,-0.176499992609024,0.234999999403954,0.191300004720688,0.936299979686737,-0.4241,-0.2006,0.6799
38.12,09-22-2026 23:26:30:515,-0.176499992609024,0.234999999403954,0.191300004720688,0.936299979686737,-0.4209,-0.202,0.68
38.13,09-22-2026 23:26:30:525,-0.176599994301796,0.234999999403954,0.191300004720688,0.936299979686737,-0.4171,-0.2028,0.6801
38.14,09-22-2026 23:26:30:535,-0.176599994301796,0.234999999403954,0.191300004720688,0.936200022697449,-0.4151,-0.2024,0.6795
38.15,09-22-2026 23:26:30:545,-0.176699995994568,0.234999999403954,0.191300004720688,0.936200022697449,-0.4146,-0.2017,0.6792
38.16,09-22-2026 23:26:30:555,-0.176699995994568,0.234999999403954,0.191300004720688,0.936200022697449,-0.4147,-0.1997,0.6784
38.17,09-22-2026 23:26:30:565,-0.176699995994568,0.234999999403954,0.191300004720688,0.936200022697449,-0.4152,-0.199,0.6781
38.18,09-22-2026 23:26:30:575,-0.176699995994568,0.234999999403954,0.19140000641346,0.936200022697449,-0.4169,-0.1988,0.6773
38.19,09-22-2026 23:26:30:585,-0.176699995994568,0.234999999403954,0.19140000641346,0.936200022697449,-0.4178,-0.1984,0.6773
38.2,09-22-2026 23:26:30:595,-0.176699995994568,0.235100001096725,0.19140000641346,0.936200022697449,-0.4183,-0.1981,0.6778
38.21,09-22-2026 23:26:30:605,-0.176699995994568,0.235200002789497,0.19149999320507,0.936200022697449,-0.417,-0.1976,0.6828
38.22,09-22-2026 23:26:30:615,-0.176699995994568,0.235300004482269,0.191599994897842,0.936200022697449,-0.4155,-0.198,0.6826
38.23,09-22-2026 23:26:30:625,-0.176699995994568,0.235300004482269,0.191599994897842,0.936200022697449,-0.4131,-0.1985,0.6818
38.24,09-22-2026 23:26:30:635,-0.176699995994568,0.235400006175041,0.191599994897842,0.936200022697449,-0.4117,-0.1977,0.6806
38.25,09-22-2026 23:26:30:645,-0.176599994301796,0.235400006175041,0.191599994897842,0.936200022697449,-0.4109,-0.1972,0.6787
38.26,09-22-2026 23:26:30:655,-0.176599994301796,0.235400006175041,0.191599994897842,0.936200022697449,-0.4112,-0.1977,0.6776
38.27,09-22-2026 23:26:30:665,-0.176599994301796,0.235499992966652,0.191599994897842,0.936200022697449,-0.4119,-0.1973,0.6782
38.28,09-22-2026 23:26:30:675,-0.176599994301796,0.235499992966652,0.191599994897842,0.936200022697449,-0.4131,-0.1969,0.6792
38.29,09-22-2026 23:26:30:685,-0.176599994301796,0.235400006175041,0.191599994897842,0.936200022697449,-0.4141,-0.1963,0.6795
38.3,09-22-2026 23:26:30:695,-0.176599994301796,0.235400006175041,0.191599994897842,0.936200022697449,-0.4156,-0.196,0.6804
38.31,09-22-2026 23:26:30:705,-0.17679999768734,0.235400006175041,0.191599994897842,0.936200022697449,-0.4174,-0.1954,0.6826
38.32,09-22-2026 23:26:30:715,-0.176899999380112,0.235400006175041,0.191599994897842,0.936200022697449,-0.4176,-0.1949,0.6826
38.33,09-22-2026 23:26:30:725,-0.176899999380112,0.235400006175041,0.191599994897842,0.936200022697449,-0.4182,-0.1943,0.6824
38.34,09-22-2026 23:26:30:735,-0.177000001072884,0.235400006175041,0.191599994897842,0.936200022697449,-0.4187,-0.1939,0.6815
38.35,09-22-2026 23:26:30:745,-0.177000001072884,0.235499992966652,0.191599994897842,0.936200022697449,-0.4195,-0.1927,0.6801
38.36,09-22-2026 23:26:30:755,-0.177100002765656,0.235499992966652,0.191599994897842,0.936200022697449,-0.4205,-0.1928,0.6797
38.37,09-22-2026 23:26:30:765,-0.177100002765656,0.235499992966652,0.191599994897842,0.936200022697449,-0.4196,-0.1927,0.6793
38.38,09-22-2026 23:26:30:775,-0.177100002765656,0.235499992966652,0.191599994897842,0.936200022697449,-0.4187,-0.1936,0.6796
38.39,09-22-2026 23:26:30:785,-0.177100002765656,0.235499992966652,0.191599994897842,0.936200022697449,-0.4181,-0.1941,0.6805
38.4,09-22-2026 23:26:30:795,-0.177200004458427,0.235499992966652,0.191599994897842,0.936200022697449,-0.4167,-0.1952,0.6811
38.41,09-22-2026 23:26:30:805,-0.177200004458427,0.235400006175041,0.191699996590614,0.936299979686737,-0.4166,-0.1971,0.6817
38.42,09-22-2026 23:26:30:815,-0.177200004458427,0.235400006175041,0.191699996590614,0.936299979686737,-0.4169,-0.1967,0.6808
38.43,09-22-2026 23:26:30:825,-0.177300006151199,0.235300004482269,0.191699996590614,0.936299979686737,-0.4167,-0.1961,0.6802
38.44,09-22-2026 23:26:30:835,-0.177300006151199,0.235300004482269,0.191599994897842,0.936299979686737,-0.4165,-0.1954,0.6795
38.45,09-22-2026 23:26:30:845,-0.177300006151199,0.235200002789497,0.191599994897842,0.936299979686737,-0.4167,-0.1943,0.6783
38.46,09-22-2026 23:26:30:855,-0.177300006151199,0.235200002789497,0.191599994897842,0.93639999628067,-0.4167,-0.1936,0.6775
38.47,09-22-2026 23:26:30:865,-0.17739999294281,0.235100001096725,0.191599994897842,0.93639999628067,-0.4164,-0.1927,0.6769
38.48,09-22-2026 23:26:30:875,-0.17739999294281,0.235100001096725,0.191599994897842,0.93639999628067,-0.4167,-0.1925,0.6773
38.49,09-22-2026 23:26:30:885,-0.17739999294281,0.235100001096725,0.191599994897842,0.93639999628067,-0.4173,-0.1922,0.6776
38.5,09-22-2026 23:26:30:895,-0.17739999294281,0.235100001096725,0.191599994897842,0.93639999628067,-0.4189,-0.1921,0.6772
38.51,09-22-2026 23:26:30:905,-0.177499994635582,0.234999999403954,0.19140000641346,0.93639999628067,-0.4194,-0.1961,0.679
38.52,09-22-2026 23:26:30:915,-0.177499994635582,0.234999999403954,0.191300004720688,0.936299979686737,-0.4181,-0.197,0.6796
38.53,09-22-2026 23:26:30:925,-0.177499994635582,0.234899997711182,0.191200003027916,0.936299979686737,-0.4173,-0.1976,0.6812
38.54,09-22-2026 23:26:30:935,-0.177499994635582,0.234899997711182,0.191100001335144,0.936299979686737,-0.4168,-0.1976,0.6822
38.55,09-22-2026 23:26:30:945,-0.177499994635582,0.234899997711182,0.190999999642372,0.936299979686737,-0.4162,-0.1974,0.6835
38.56,09-22-2026 23:26:30:955,-0.177499994635582,0.234899997711182,0.190999999642372,0.936299979686737,-0.4166,-0.1976,0.685
38.57,09-22-2026 23:26:30:965,-0.177499994635582,0.23479999601841,0.1908999979496,0.93639999628067,-0.4166,-0.1973,0.6859
38.58,09-22-2026 23:26:30:975,-0.177499994635582,0.23479999601841,0.190799996256828,0.93639999628067,-0.4166,-0.1976,0.6859
38.59,09-22-2026 23:26:30:985,-0.177499994635582,0.23479999601841,0.190799996256828,0.93639999628067,-0.416,-0.197,0.6853
38.6,09-22-2026 23:26:30:995,-0.177499994635582,0.234899997711182,0.190799996256828,0.93639999628067,-0.4164,-0.1965,0.6839
38.61,09-22-2026 23:26:31:005,-0.177499994635582,0.234899997711182,0.190799996256828,0.936299979686737,-0.4183,-0.1925,0.6799
38.62,09-22-2026 23:26:31:015,-0.177499994635582,0.234999999403954,0.190799996256828,0.936299979686737,-0.4186,-0.1926,0.6793
38.63,09-22-2026 23:26:31:025,-0.177499994635582,0.234999999403954,0.190799996256828,0.936299979686737,-0.419,-0.1915,0.6787
38.64,09-22-2026 23:26:31:035,-0.177499994635582,0.234899997711182,0.190799996256828,0.936299979686737,-0.4203,-0.1906,0.6787
38.65,09-22-2026 23:26:31:045,-0.177499994635582,0.234899997711182,0.190799996256828,0.936299979686737,-0.4206,-0.1902,0.6794
38.66,09-22-2026 23:26:31:055,-0.17739999294281,0.234899997711182,0.190799996256828,0.936299979686737,-0.4211,-0.1904,0.6797
38.67,09-22-2026 23:26:31:065,-0.17739999294281,0.234899997711182,0.190799996256828,0.936299979686737,-0.4214,-0.1907,0.6805
38.68,09-22-2026 23:26:31:075,-0.17739999294281,0.234899997711182,0.190799996256828,0.936299979686737,-0.4204,-0.192,0.6802
38.69,09-22-2026 23:26:31:085,-0.17739999294281,0.234899997711182,0.190799996256828,0.936299979686737,-0.4197,-0.1939,0.6799
38.7,09-22-2026 23:26:31:095,-0.177300006151199,0.234899997711182,0.190799996256828,0.936299979686737,-0.4185,-0.1954,0.6797
38.71,09-22-2026 23:26:31:105,-0.177300006151199,0.234899997711182,0.190799996256828,0.936299979686737,-0.4194,-0.197,0.6805
38.72,09-22-2026 23:26:31:115,-0.177300006151199,0.234899997711182,0.190799996256828,0.936299979686737,-0.4199,-0.1973,0.6809
38.73,09-22-2026 23:26:31:125,-0.177300006151199,0.234999999403954,0.190799996256828,0.936299979686737,-0.4197,-0.1986,0.681
38.74,09-22-2026 23:26:31:135,-0.177300006151199,0.234999999403954,0.190799996256828,0.936299979686737,-0.42,-0.1989,0.6812
38.75,09-22-2026 23:26:31:145,-0.177300006151199,0.234999999403954,0.190799996256828,0.936299979686737,-0.4188,-0.1987,0.6816
38.76,09-22-2026 23:26:31:155,-0.177300006151199,0.234999999403954,0.190799996256828,0.936299979686737,-0.4177,-0.2,0.6808
38.77,09-22-2026 23:26:31:165,-0.177300006151199,0.235100001096725,0.1908999979496,0.936299979686737,-0.4167,-0.2013,0.6801
38.78,09-22-2026 23:26:31:175,-0.177300006151199,0.235100001096725,0.1908999979496,0.936299979686737,-0.4162,-0.2018,0.6806
38.79,09-22-2026 23:26:31:185,-0.177300006151199,0.235200002789497,0.1908999979496,0.936299979686737,-0.4154,-0.202,0.6799
38.8,09-22-2026 23:26:31:195,-0.177300006151199,0.235200002789497,0.1908999979496,0.936299979686737,-0.4144,-0.2026,0.6798
38.81,09-22-2026 23:26:31:205,-0.177200004458427,0.235200002789497,0.1908999979496,0.936299979686737,-0.4148,-0.2022,0.6793
38.82,09-22-2026 23:26:31:215,-0.177200004458427,0.235200002789497,0.1908999979496,0.936299979686737,-0.4148,-0.202,0.6795
38.83,09-22-2026 23:26:31:225,-0.177200004458427,0.235200002789497,0.1908999979496,0.936299979686737,-0.4147,-0.2015,0.6791
38.84,09-22-2026 23:26:31:235,-0.177200004458427,0.235200002789497,0.1908999979496,0.936299979686737,-0.4156,-0.2005,0.6776
38.85,09-22-2026 23:26:31:245,-0.177200004458427,0.235200002789497,0.1908999979496,0.936299979686737,-0.4177,-0.1987,0.6771
38.86,09-22-2026 23:26:31:255,-0.177200004458427,0.235200002789497,0.1908999979496,0.936299979686737,-0.4195,-0.1971,0.677
38.87,09-22-2026 23:26:31:265,-0.177200004458427,0.235200002789497,0.1908999979496,0.936299979686737,-0.4208,-0.1962,0.6768
38.88,09-22-2026 23:26:31:275,-0.177200004458427,0.235200002789497,0.1908999979496,0.936299979686737,-0.4218,-0.1959,0.6773
38.89,09-22-2026 23:26:31:285,-0.177200004458427,0.235200002789497,0.1908999979496,0.936299979686737,-0.4231,-0.1961,0.6778
38.9,09-22-2026 23:26:31:295,-0.177100002765656,0.235200002789497,0.1908999979496,0.936299979686737,-0.4239,-0.1967,0.6784
38.91,09-22-2026 23:26:31:305,-0.177100002765656,0.235200002789497,0.1908999979496,0.936299979686737,-0.4185,-0.2008,0.683
38.92,09-22-2026 23:26:31:315,-0.177100002765656,0.235200002789497,0.1908999979496,0.936299979686737,-0.4169,-0.2015,0.6845
38.93,09-22-2026 23:26:31:325,-0.177100002765656,0.235200002789497,0.1908999979496,0.936299979686737,-0.4157,-0.2022,0.6842
38.94,09-22-2026 23:26:31:335,-0.177100002765656,0.235200002789497,0.190999999642372,0.936299979686737,-0.4145,-0.2026,0.6837
38.95,09-22-2026 23:26:31:345,-0.177100002765656,0.235200002789497,0.190999999642372,0.936299979686737,-0.4139,-0.2035,0.6841
38.96,09-22-2026 23:26:31:355,-0.177100002765656,0.235200002789497,0.190999999642372,0.936299979686737,-0.4141,-0.203,0.6838
38.97,09-22-2026 23:26:31:365,-0.177100002765656,0.235200002789497,0.190999999642372,0.936299979686737,-0.4146,-0.203,0.6833
38.98,09-22-2026 23:26:31:375,-0.177100002765656,0.235200002789497,0.190999999642372,0.936299979686737,-0.4157,-0.2021,0.6824
38.99,09-22-2026 23:26:31:385,-0.177000001072884,0.235200002789497,0.190999999642372,0.936299979686737,-0.4174,-0.2011,0.6815
39,09-22-2026 23:26:31:395,-0.177000001072884,0.235200002789497,0.190999999642372,0.936299979686737,-0.4188,-0.2005,0.6806
39.01,09-22-2026 23:26:31:405,-0.177100002765656,0.235300004482269,0.190999999642372,0.936299979686737,-0.4228,-0.1965,0.679
39.02,09-22-2026 23:26:31:415,-0.177100002765656,0.235300004482269,0.190999999642372,0.936299979686737,-0.4226,-0.1963,0.6792
39.03,09-22-2026 23:26:31:425,-0.177100002765656,0.235200002789497,0.190999999642372,0.936299979686737,-0.4214,-0.1967,0.6784
39.04,09-22-2026 23:26:31:435,-0.177200004458427,0.235200002789497,0.190999999642372,0.936299979686737,-0.4213,-0.1973,0.6783
39.05,09-22-2026 23:26:31:445,-0.177200004458427,0.235200002789497,0.190999999642372,0.936299979686737,-0.4205,-0.1971,0.6792
39.06,09-22-2026 23:26:31:455,-0.177200004458427,0.235200002789497,0.190999999642372,0.936299979686737,-0.4198,-0.1984,0.6806
39.07,09-22-2026 23:26:31:465,-0.177100002765656,0.235200002789497,0.190999999642372,0.936299979686737,-0.4181,-0.1998,0.6807
39.08,09-22-2026 23:26:31:475,-0.177100002765656,0.235200002789497,0.190999999642372,0.936299979686737,-0.4167,-0.2004,0.6817
39.09,09-22-2026 23:26:31:485,-0.177100002765656,0.235200002789497,0.190999999642372,0.936299979686737,-0.4162,-0.2007,0.6827
39.1,09-22-2026 23:26:31:495,-0.177100002765656,0.235200002789497,0.190999999642372,0.936299979686737,-0.4156,-0.2001,0.6827
39.11,09-22-2026 23:26:31:505,-0.177200004458427,0.235200002789497,0.1908999979496,0.936299979686737,-0.4174,-0.1973,0.6811
39.12,09-22-2026 23:26:31:515,-0.177200004458427,0.235300004482269,0.1908999979496,0.936299979686737,-0.4175,-0.1972,0.6791
39.13,09-22-2026 23:26:31:525,-0.177200004458427,0.235300004482269,0.1908999979496,0.936299979686737,-0.4181,-0.197,0.6779
39.14,09-22-2026 23:26:31:535,-0.177200004458427,0.235300004482269,0.1908999979496,0.936299979686737,-0.4191,-0.1964,0.6784
39.15,09-22-2026 23:26:31:545,-0.177200004458427,0.235300004482269,0.1908999979496,0.936299979686737,-0.4192,-0.1958,0.6779
39.16,09-22-2026 23:26:31:555,-0.177100002765656,0.235300004482269,0.1908999979496,0.936299979686737,-0.4184,-0.1955,0.6765
39.17,09-22-2026 23:26:31:565,-0.177100002765656,0.235300004482269,0.1908999979496,0.936299979686737,-0.4187,-0.1945,0.6772
39.18,09-22-2026 23:26:31:575,-0.177100002765656,0.235300004482269,0.1908999979496,0.936299979686737,-0.4193,-0.1937,0.6772
39.19,09-22-2026 23:26:31:585,-0.177100002765656,0.235300004482269,0.1908999979496,0.936299979686737,-0.4191,-0.1929,0.6768
39.2,09-22-2026 23:26:31:595,-0.177100002765656,0.235300004482269,0.1908999979496,0.936299979686737,-0.4184,-0.1926,0.677
39.21,09-22-2026 23:26:31:605,-0.177100002765656,0.235300004482269,0.1908999979496,0.936299979686737,-0.4173,-0.1945,0.6785
39.22,09-22-2026 23:26:31:615,-0.177100002765656,0.235300004482269,0.1908999979496,0.936299979686737,-0.4168,-0.1953,0.6799
39.23,09-22-2026 23:26:31:625,-0.177200004458427,0.235300004482269,0.1908999979496,0.936299979686737,-0.4163,-0.1956,0.6801
39.24,09-22-2026 23:26:31:635,-0.177200004458427,0.235300004482269,0.1908999979496,0.936299979686737,-0.4163,-0.1954,0.6795
39.25,09-22-2026 23:26:31:645,-0.177200004458427,0.235300004482269,0.1908999979496,0.936299979686737,-0.4167,-0.1957,0.6787
39.26,09-22-2026 23:26:31:655,-0.177200004458427,0.235300004482269,0.1908999979496,0.936299979686737,-0.4174,-0.1959,0.6789
39.27,09-22-2026 23:26:31:665,-0.177200004458427,0.235300004482269,0.1908999979496,0.936299979686737,-0.4178,-0.1958,0.6794
39.28,09-22-2026 23:26:31:675,-0.177200004458427,0.235300004482269,0.1908999979496,0.936299979686737,-0.418,-0.1953,0.6799
39.29,09-22-2026 23:26:31:685,-0.177200004458427,0.235300004482269,0.1908999979496,0.936299979686737,-0.4184,-0.1957,0.6806
39.3,09-22-2026 23:26:31:695,-0.177200004458427,0.235300004482269,0.1908999979496,0.936299979686737,-0.4187,-0.1952,0.681
39.31,09-22-2026 23:26:31:705,-0.177100002765656,0.235300004482269,0.1908999979496,0.936299979686737,-0.4192,-0.1947,0.6823
39.32,09-22-2026 23:26:31:715,-0.177100002765656,0.235300004482269,0.1908999979496,0.936299979686737,-0.4188,-0.1955,0.6824
39.33,09-22-2026 23:26:31:725,-0.177100002765656,0.235300004482269,0.1908999979496,0.936299979686737,-0.4181,-0.1967,0.6836
39.34,09-22-2026 23:26:31:735,-0.177100002765656,0.235300004482269,0.1908999979496,0.936299979686737,-0.4174,-0.1973,0.6834
39.35,09-22-2026 23:26:31:745,-0.177100002765656,0.235300004482269,0.1908999979496,0.936299979686737,-0.4177,-0.1966,0.6831
39.36,09-22-2026 23:26:31:755,-0.177100002765656,0.235300004482269,0.1908999979496,0.936299979686737,-0.4176,-0.1957,0.6838
39.37,09-22-2026 23:26:31:765,-0.177100002765656,0.235300004482269,0.190799996256828,0.936299979686737,-0.4169,-0.1958,0.6836
39.38,09-22-2026 23:26:31:775,-0.177100002765656,0.235300004482269,0.190799996256828,0.936299979686737,-0.4167,-0.1954,0.6826
39.39,09-22-2026 23:26:31:785,-0.177100002765656,0.235300004482269,0.190799996256828,0.936299979686737,-0.4163,-0.1948,0.681
39.4,09-22-2026 23:26:31:795,-0.177000001072884,0.235300004482269,0.190799996256828,0.936299979686737,-0.4162,-0.194,0.6793
39.41,09-22-2026 23:26:31:805,-0.176899999380112,0.235300004482269,0.190799996256828,0.936299979686737,-0.42,-0.1927,0.6763
39.42,09-22-2026 23:26:31:815,-0.17679999768734,0.235300004482269,0.190799996256828,0.936299979686737,-0.4218,-0.1924,0.676
39.43,09-22-2026 23:26:31:825,-0.176699995994568,0.235300004482269,0.190799996256828,0.936299979686737,-0.4226,-0.1926,0.6765
39.44,09-22-2026 23:26:31:835,-0.176699995994568,0.235300004482269,0.190799996256828,0.936299979686737,-0.4239,-0.1929,0.6787
39.45,09-22-2026 23:26:31:845,-0.176599994301796,0.235400006175041,0.190799996256828,0.936299979686737,-0.4245,-0.1932,0.6799
39.46,09-22-2026 23:26:31:855,-0.176599994301796,0.235400006175041,0.190799996256828,0.93639999628067,-0.4244,-0.1942,0.6805
39.47,09-22-2026 23:26:31:865,-0.176499992609024,0.235400006175041,0.190799996256828,0.93639999628067,-0.4233,-0.1961,0.6819
39.48,09-22-2026 23:26:31:875,-0.176400005817413,0.235400006175041,0.190799996256828,0.93639999628067,-0.4208,-0.1975,0.6832
39.49,09-22-2026 23:26:31:885,-0.176400005817413,0.235400006175041,0.190799996256828,0.93639999628067,-0.4184,-0.1994,0.6828
39.5,09-22-2026 23:26:31:895,-0.176400005817413,0.235499992966652,0.190799996256828,0.93639999628067,-0.4169,-0.2,0.6826
39.51,09-22-2026 23:26:31:905,-0.176400005817413,0.235599994659424,0.1908999979496,0.93639999628067,-0.4166,-0.1999,0.6809
39.52,09-22-2026 23:26:31:915,-0.176400005817413,0.235599994659424,0.1908999979496,0.93639999628067,-0.4172,-0.1998,0.6798
39.53,09-22-2026 23:26:31:925,-0.176400005817413,0.235599994659424,0.1908999979496,0.93639999628067,-0.4181,-0.1995,0.6798
39.54,09-22-2026 23:26:31:935,-0.176400005817413,0.235599994659424,0.1908999979496,0.93639999628067,-0.4187,-0.1986,0.6802
39.55,09-22-2026 23:26:31:945,-0.176400005817413,0.235499992966652,0.1908999979496,0.93639999628067,-0.4191,-0.1987,0.6794
39.56,09-22-2026 23:26:31:955,-0.176400005817413,0.235499992966652,0.1908999979496,0.93639999628067,-0.4194,-0.1982,0.6791
39.57,09-22-2026 23:26:31:965,-0.176400005817413,0.235499992966652,0.1908999979496,0.93639999628067,-0.419,-0.1987,0.6791
39.58,09-22-2026 23:26:31:975,-0.176400005817413,0.235499992966652,0.1908999979496,0.93639999628067,-0.4188,-0.1984,0.6789
39.59,09-22-2026 23:26:31:985,-0.176300004124641,0.235499992966652,0.1908999979496,0.93639999628067,-0.419,-0.1984,0.679
39.6,09-22-2026 23:26:31:995,-0.176300004124641,0.235499992966652,0.1908999979496,0.93639999628067,-0.4184,-0.1979,0.6796
39.61,09-22-2026 23:26:32:005,-0.176100000739098,0.235599994659424,0.1908999979496,0.936500012874603,-0.4207,-0.2002,0.6809
39.62,09-22-2026 23:26:32:015,-0.176100000739098,0.235599994659424,0.1908999979496,0.936500012874603,-0.4197,-0.2014,0.6823
39.63,09-22-2026 23:26:32:025,-0.175999999046326,0.235599994659424,0.1908999979496,0.936500012874603,-0.4185,-0.2023,0.683
39.64,09-22-2026 23:26:32:035,-0.175999999046326,0.235599994659424,0.1908999979496,0.936500012874603,-0.4174,-0.2036,0.6835
39.65,09-22-2026 23:26:32:045,-0.175999999046326,0.235599994659424,0.1908999979496,0.936500012874603,-0.4161,-0.2045,0.6835
39.66,09-22-2026 23:26:32:055,-0.175999999046326,0.235599994659424,0.1908999979496,0.936500012874603,-0.4146,-0.2048,0.6832
39.67,09-22-2026 23:26:32:065,-0.175999999046326,0.235499992966652,0.1908999979496,0.936500012874603,-0.4147,-0.2046,0.6826
39.68,09-22-2026 23:26:32:075,-0.175999999046326,0.235499992966652,0.1908999979496,0.936500012874603,-0.4157,-0.2038,0.6822
39.69,09-22-2026 23:26:32:085,-0.175999999046326,0.235499992966652,0.1908999979496,0.936500012874603,-0.417,-0.2024,0.6823
39.7,09-22-2026 23:26:32:095,-0.175999999046326,0.235499992966652,0.1908999979496,0.936500012874603,-0.417,-0.2012,0.6811
39.71,09-22-2026 23:26:32:105,-0.175899997353554,0.235599994659424,0.190799996256828,0.93639999628067,-0.4196,-0.1982,0.679
39.72,09-22-2026 23:26:32:115,-0.175799995660782,0.235599994659424,0.190799996256828,0.936500012874603,-0.42,-0.1972,0.6785
39.73,09-22-2026 23:26:32:125,-0.175799995660782,0.235599994659424,0.190799996256828,0.936500012874603,-0.4208,-0.1965,0.6776
39.74,09-22-2026 23:26:32:135,-0.175799995660782,0.235599994659424,0.190799996256828,0.936500012874603,-0.4218,-0.1963,0.6764
39.75,09-22-2026 23:26:32:145,-0.175799995660782,0.235599994659424,0.190799996256828,0.936500012874603,-0.4224,-0.1962,0.676
39.76,09-22-2026 23:26:32:155,-0.175799995660782,0.235599994659424,0.190799996256828,0.936500012874603,-0.4223,-0.1963,0.6765
39.77,09-22-2026 23:26:32:165,-0.175799995660782,0.235599994659424,0.190799996256828,0.936500012874603,-0.4213,-0.1963,0.6768
39.78,09-22-2026 23:26:32:175,-0.17569999396801,0.235599994659424,0.190799996256828,0.936500012874603,-0.4209,-0.1966,0.6769
39.79,09-22-2026 23:26:32:185,-0.17569999396801,0.235599994659424,0.190799996256828,0.936500012874603,-0.4199,-0.1979,0.679
39.8,09-22-2026 23:26:32:195,-0.17569999396801,0.235599994659424,0.190799996256828,0.936500012874603,-0.4193,-0.1986,0.6811
39.81,09-22-2026 23:26:32:205,-0.175600007176399,0.235699996352196,0.1908999979496,0.936500012874603,-0.4194,-0.2004,0.6855
39.82,09-22-2026 23:26:32:215,-0.175600007176399,0.235699996352196,0.1908999979496,0.936500012874603,-0.4193,-0.1999,0.6852
39.83,09-22-2026 23:26:32:225,-0.175600007176399,0.235699996352196,0.1908999979496,0.936500012874603,-0.4193,-0.1988,0.6835
39.84,09-22-2026 23:26:32:235,-0.175600007176399,0.235699996352196,0.1908999979496,0.936500012874603,-0.4198,-0.1976,0.6813
39.85,09-22-2026 23:26:32:245,-0.175600007176399,0.235699996352196,0.1908999979496,0.936500012874603,-0.4203,-0.1963,0.68
39.86,09-22-2026 23:26:32:255,-0.175600007176399,0.235699996352196,0.1908999979496,0.936500012874603,-0.4214,-0.1951,0.6784
39.87,09-22-2026 23:26:32:265,-0.175600007176399,0.235699996352196,0.1908999979496,0.936500012874603,-0.4223,-0.194,0.6777
39.88,09-22-2026 23:26:32:275,-0.175600007176399,0.235699996352196,0.1908999979496,0.93639999628067,-0.422,-0.1938,0.6761
39.89,09-22-2026 23:26:32:285,-0.175600007176399,0.235699996352196,0.1908999979496,0.93639999628067,-0.4226,-0.1927,0.6757
39.9,09-22-2026 23:26:32:295,-0.175600007176399,0.235699996352196,0.1908999979496,0.93639999628067,-0.4222,-0.192,0.6751
39.91,09-22-2026 23:26:32:305,-0.175600007176399,0.235699996352196,0.1908999979496,0.93639999628067,-0.419,-0.1928,0.6769
39.92,09-22-2026 23:26:32:315,-0.175600007176399,0.235699996352196,0.1908999979496,0.93639999628067,-0.418,-0.1931,0.678
39.93,09-22-2026 23:26:32:325,-0.175600007176399,0.235699996352196,0.1908999979496,0.93639999628067,-0.4164,-0.1943,0.6782
39.94,09-22-2026 23:26:32:335,-0.175600007176399,0.235699996352196,0.1908999979496,0.93639999628067,-0.4154,-0.1951,0.6788
39.95,09-22-2026 23:26:32:345,-0.175600007176399,0.235799998044968,0.1908999979496,0.93639999628067,-0.4162,-0.1951,0.681
39.96,09-22-2026 23:26:32:355,-0.175600007176399,0.235799998044968,0.1908999979496,0.93639999628067,-0.4172,-0.195,0.6825
39.97,09-22-2026 23:26:32:365,-0.175600007176399,0.235799998044968,0.190999999642372,0.93639999628067,-0.4172,-0.1953,0.6827
39.98,09-22-2026 23:26:32:375,-0.175600007176399,0.235799998044968,0.191100001335144,0.93639999628067,-0.4177,-0.1956,0.6838
39.99,09-22-2026 23:26:32:385,-0.175600007176399,0.235699996352196,0.191100001335144,0.93639999628067,-0.4175,-0.1953,0.6846
40,09-22-2026 23:26:32:395,-0.175500005483627,0.235699996352196,0.191200003027916,0.93639999628067,-0.4177,-0.1948,0.6842
40.01,09-22-2026 23:26:32:405,-0.175500005483627,0.235699996352196,0.191200003027916,0.93639999628067,-0.4192,-0.1923,0.6792
40.02,09-22-2026 23:26:32:415,-0.175500005483627,0.235699996352196,0.191200003027916,0.93639999628067,-0.4201,-0.1916,0.6782
40.03,09-22-2026 23:26:32:425,-0.175500005483627,0.235699996352196,0.191200003027916,0.936500012874603,-0.4211,-0.1913,0.6782
40.04,09-22-2026 23:26:32:435,-0.175500005483627,0.235699996352196,0.191200003027916,0.936500012874603,-0.4226,-0.1907,0.6791
40.05,09-22-2026 23:26:32:445,-0.175500005483627,0.235699996352196,0.191200003027916,0.936500012874603,-0.4228,-0.1907,0.6788
40.06,09-22-2026 23:26:32:455,-0.175400003790855,0.235699996352196,0.191200003027916,0.936500012874603,-0.4227,-0.1913,0.6786
40.07,09-22-2026 23:26:32:465,-0.175400003790855,0.235699996352196,0.191200003027916,0.936500012874603,-0.4225,-0.1919,0.6798
40.08,09-22-2026 23:26:32:475,-0.175400003790855,0.235699996352196,0.191200003027916,0.936500012874603,-0.4226,-0.1928,0.6812
40.09,09-22-2026 23:26:32:485,-0.175400003790855,0.235699996352196,0.191200003027916,0.936500012874603,-0.4224,-0.1931,0.6821
40.1,09-22-2026 23:26:32:495,-0.175400003790855,0.235699996352196,0.191200003027916,0.936500012874603,-0.4221,-0.1931,0.6833
40.11,09-22-2026 23:26:32:505,-0.175300002098083,0.235699996352196,0.191200003027916,0.936500012874603,-0.419,-0.195,0.6834
40.12,09-22-2026 23:26:32:515,-0.175300002098083,0.235699996352196,0.191200003027916,0.936500012874603,-0.4176,-0.195,0.6825
40.13,09-22-2026 23:26:32:525,-0.175300002098083,0.235699996352196,0.191200003027916,0.936500012874603,-0.4169,-0.1942,0.6816
40.14,09-22-2026 23:26:32:535,-0.175300002098083,0.235699996352196,0.191200003027916,0.936500012874603,-0.4175,-0.1938,0.6818
40.15,09-22-2026 23:26:32:545,-0.175300002098083,0.235699996352196,0.191200003027916,0.936500012874603,-0.4184,-0.193,0.6815
40.16,09-22-2026 23:26:32:555,-0.175300002098083,0.235699996352196,0.191200003027916,0.936500012874603,-0.4192,-0.1926,0.6811
40.17,09-22-2026 23:26:32:565,-0.175200000405312,0.235699996352196,0.191200003027916,0.936500012874603,-0.4192,-0.1919,0.6811
40.18,09-22-2026 23:26:32:575,-0.175200000405312,0.235699996352196,0.191200003027916,0.936500012874603,-0.4198,-0.1917,0.6804
40.19,09-22-2026 23:26:32:585,-0.175200000405312,0.235699996352196,0.191200003027916,0.936500012874603,-0.4195,-0.1909,0.6799
40.2,09-22-2026 23:26:32:595,-0.175200000405312,0.235699996352196,0.191200003027916,0.936500012874603,-0.4188,-0.1916,0.6794
40.21,09-22-2026 23:26:32:605,-0.17509999871254,0.235699996352196,0.191300004720688,0.936500012874603,-0.4203,-0.1899,0.6759
40.22,09-22-2026 23:26:32:615,-0.17509999871254,0.235699996352196,0.191300004720688,0.936500012874603,-0.4211,-0.1893,0.6751
40.23,09-22-2026 23:26:32:625,-0.17509999871254,0.235699996352196,0.191300004720688,0.936500012874603,-0.4222,-0.1883,0.6755
40.24,09-22-2026 23:26:32:635,-0.17509999871254,0.235699996352196,0.191300004720688,0.936500012874603,-0.4227,-0.1882,0.6758
40.25,09-22-2026 23:26:32:645,-0.17509999871254,0.235699996352196,0.191300004720688,0.936500012874603,-0.424,-0.1897,0.6766
40.26,09-22-2026 23:26:32:655,-0.17509999871254,0.235699996352196,0.191300004720688,0.936500012874603,-0.4237,-0.1913,0.6776
40.27,09-22-2026 23:26:32:665,-0.174999997019768,0.235699996352196,0.191300004720688,0.936500012874603,-0.4218,-0.1928,0.6785
40.28,09-22-2026 23:26:32:675,-0.174999997019768,0.235699996352196,0.191300004720688,0.936500012874603,-0.4204,-0.1945,0.6791
40.29,09-22-2026 23:26:32:685,-0.174999997019768,0.235799998044968,0.191300004720688,0.936500012874603,-0.4196,-0.1963,0.6796
40.3,09-22-2026 23:26:32:695,-0.174999997019768,0.235799998044968,0.191300004720688,0.936500012874603,-0.4184,-0.1975,0.6813
40.31,09-22-2026 23:26:32:705,-0.174999997019768,0.235799998044968,0.191300004720688,0.936500012874603,-0.4163,-0.196,0.6822
40.32,09-22-2026 23:26:32:715,-0.174899995326996,0.235799998044968,0.191300004720688,0.936500012874603,-0.4165,-0.1945,0.6814
40.33,09-22-2026 23:26:32:725,-0.174899995326996,0.235799998044968,0.191300004720688,0.936500012874603,-0.4169,-0.1931,0.6816
40.34,09-22-2026 23:26:32:735,-0.174899995326996,0.235799998044968,0.191300004720688,0.936500012874603,-0.4171,-0.1919,0.682
40.35,09-22-2026 23:26:32:745,-0.174899995326996,0.235799998044968,0.191300004720688,0.936500012874603,-0.4173,-0.191,0.6815
40.36,09-22-2026 23:26:32:755,-0.174899995326996,0.235799998044968,0.191300004720688,0.936500012874603,-0.4169,-0.1908,0.6812
40.37,09-22-2026 23:26:32:765,-0.174899995326996,0.235799998044968,0.191300004720688,0.936500012874603,-0.417,-0.1915,0.6819
40.38,09-22-2026 23:26:32:775,-0.174899995326996,0.235799998044968,0.19140000641346,0.936500012874603,-0.4173,-0.1913,0.6819
40.39,09-22-2026 23:26:32:785,-0.174899995326996,0.235799998044968,0.19140000641346,0.936500012874603,-0.4179,-0.1916,0.6823
40.4,09-22-2026 23:26:32:795,-0.174799993634224,0.235799998044968,0.19140000641346,0.936500012874603,-0.4178,-0.1915,0.6831
40.41,09-22-2026 23:26:32:805,-0.174799993634224,0.23589999973774,0.19140000641346,0.93639999628067,-0.4178,-0.191,0.6838
40.42,09-22-2026 23:26:32:815,-0.174799993634224,0.23589999973774,0.19140000641346,0.93639999628067,-0.4184,-0.1912,0.684
40.43,09-22-2026 23:26:32:825,-0.174799993634224,0.23589999973774,0.19140000641346,0.93639999628067,-0.4177,-0.1918,0.6834
40.44,09-22-2026 23:26:32:835,-0.174799993634224,0.23589999973774,0.19140000641346,0.93639999628067,-0.4174,-0.192,0.6838
40.45,09-22-2026 23:26:32:845,-0.174799993634224,0.23589999973774,0.19140000641346,0.93639999628067,-0.4167,-0.1925,0.6839
40.46,09-22-2026 23:26:32:855,-0.174799993634224,0.23589999973774,0.19140000641346,0.93639999628067,-0.4165,-0.1931,0.6832
40.47,09-22-2026 23:26:32:865,-0.174799993634224,0.23589999973774,0.19140000641346,0.93639999628067,-0.4161,-0.1927,0.6824
40.48,09-22-2026 23:26:32:875,-0.174799993634224,0.23589999973774,0.19140000641346,0.93639999628067,-0.4171,-0.1915,0.6827
40.49,09-22-2026 23:26:32:885,-0.174799993634224,0.23589999973774,0.19140000641346,0.93639999628067,-0.4177,-0.1907,0.6823
40.5,09-22-2026 23:26:32:895,-0.174799993634224,0.23589999973774,0.19140000641346,0.93639999628067,-0.4183,-0.1905,0.6826
40.51,09-22-2026 23:26:32:905,-0.174799993634224,0.236000001430511,0.19149999320507,0.93639999628067,-0.4186,-0.1886,0.6808
40.52,09-22-2026 23:26:32:915,-0.174700006842613,0.236000001430511,0.19149999320507,0.93639999628067,-0.4185,-0.1887,0.6801
40.53,09-22-2026 23:26:32:925,-0.174700006842613,0.236000001430511,0.19149999320507,0.93639999628067,-0.4189,-0.1888,0.68
40.54,09-22-2026 23:26:32:935,-0.174700006842613,0.236000001430511,0.19149999320507,0.93639999628067,-0.4191,-0.1878,0.6806
40.55,09-22-2026 23:26:32:945,-0.174700006842613,0.236000001430511,0.19149999320507,0.93639999628067,-0.4203,-0.1872,0.6808
40.56,09-22-2026 23:26:32:955,-0.174700006842613,0.236000001430511,0.19149999320507,0.93639999628067,-0.4211,-0.187,0.6807
40.57,09-22-2026 23:26:32:965,-0.174700006842613,0.236000001430511,0.19149999320507,0.93639999628067,-0.4222,-0.1876,0.6817
40.58,09-22-2026 23:26:32:975,-0.174700006842613,0.236000001430511,0.19149999320507,0.93639999628067,-0.4219,-0.1882,0.6822
40.59,09-22-2026 23:26:32:985,-0.174700006842613,0.236000001430511,0.19149999320507,0.93639999628067,-0.4212,-0.1888,0.6824
40.6,09-22-2026 23:26:32:995,-0.174799993634224,0.236000001430511,0.19149999320507,0.93639999628067,-0.4205,-0.1894,0.6826
40.61,09-22-2026 23:26:33:005,-0.174999997019768,0.236100003123283,0.191599994897842,0.93639999628067,-0.4198,-0.1905,0.6848
40.62,09-22-2026 23:26:33:015,-0.174999997019768,0.236100003123283,0.191599994897842,0.93639999628067,-0.4205,-0.1897,0.6843
40.63,09-22-2026 23:26:33:025,-0.174999997019768,0.236100003123283,0.191599994897842,0.93639999628067,-0.4216,-0.1888,0.6848
40.64,09-22-2026 23:26:33:035,-0.174999997019768,0.236100003123283,0.191599994897842,0.93639999628067,-0.4212,-0.1889,0.6836
40.65,09-22-2026 23:26:33:045,-0.17509999871254,0.236100003123283,0.191599994897842,0.93639999628067,-0.4214,-0.1884,0.6819
40.66,09-22-2026 23:26:33:055,-0.17509999871254,0.236100003123283,0.191599994897842,0.93639999628067,-0.4218,-0.1882,0.6824
40.67,09-22-2026 23:26:33:065,-0.17509999871254,0.236100003123283,0.19149999320507,0.93639999628067,-0.4218,-0.1884,0.681
40.68,09-22-2026 23:26:33:075,-0.17509999871254,0.236100003123283,0.19149999320507,0.93639999628067,-0.4217,-0.1881,0.6794
40.69,09-22-2026 23:26:33:085,-0.174999997019768,0.236200004816055,0.19140000641346,0.93639999628067,-0.4218,-0.1882,0.6791
40.7,09-22-2026 23:26:33:095,-0.174999997019768,0.236200004816055,0.19140000641346,0.93639999628067,-0.4216,-0.1881,0.6796
40.71,09-22-2026 23:26:33:105,-0.174999997019768,0.236300006508827,0.191100001335144,0.93639999628067,-0.4176,-0.1891,0.6798
40.72,09-22-2026 23:26:33:115,-0.174999997019768,0.236300006508827,0.190999999642372,0.93639999628067,-0.4164,-0.1893,0.6791
40.73,09-22-2026 23:26:33:125,-0.174999997019768,0.236399993300438,0.190999999642372,0.93639999628067,-0.4169,-0.189,0.6795
40.74,09-22-2026 23:26:33:135,-0.174999997019768,0.236399993300438,0.1908999979496,0.93639999628067,-0.4177,-0.1884,0.6796
40.75,09-22-2026 23:26:33:145,-0.174999997019768,0.236399993300438,0.1908999979496,0.93639999628067,-0.4184,-0.1891,0.6792
40.76,09-22-2026 23:26:33:155,-0.174999997019768,0.236399993300438,0.1908999979496,0.93639999628067,-0.4186,-0.1889,0.6789
40.77,09-22-2026 23:26:33:165,-0.174899995326996,0.236399993300438,0.1908999979496,0.93639999628067,-0.419,-0.1892,0.6793
40.78,09-22-2026 23:26:33:175,-0.174899995326996,0.236399993300438,0.1908999979496,0.93639999628067,-0.4193,-0.1886,0.68
40.79,09-22-2026 23:26:33:185,-0.174899995326996,0.236399993300438,0.1908999979496,0.93639999628067,-0.42,-0.1885,0.681
40.8,09-22-2026 23:26:33:195,-0.174899995326996,0.236399993300438,0.1908999979496,0.936299979686737,-0.4193,-0.1885,0.6803
40.81,09-22-2026 23:26:33:205,-0.174799993634224,0.236399993300438,0.1908999979496,0.936299979686737,-0.4198,-0.1884,0.6815
40.82,09-22-2026 23:26:33:215,-0.174799993634224,0.236399993300438,0.1908999979496,0.936299979686737,-0.4196,-0.1889,0.6813
40.83,09-22-2026 23:26:33:225,-0.174700006842613,0.236399993300438,0.1908999979496,0.936299979686737,-0.4194,-0.1894,0.6819
40.84,09-22-2026 23:26:33:235,-0.174700006842613,0.236399993300438,0.1908999979496,0.936200022697449,-0.4193,-0.1896,0.6808
40.85,09-22-2026 23:26:33:245,-0.174700006842613,0.236399993300438,0.1908999979496,0.936200022697449,-0.4189,-0.1905,0.68
40.86,09-22-2026 23:26:33:255,-0.174700006842613,0.23649999499321,0.1908999979496,0.936200022697449,-0.4192,-0.1915,0.6808
40.87,09-22-2026 23:26:33:265,-0.174700006842613,0.23649999499321,0.1908999979496,0.936200022697449,-0.4186,-0.1925,0.6811
40.88,09-22-2026 23:26:33:275,-0.174600005149841,0.236599996685982,0.190999999642372,0.936200022697449,-0.4177,-0.1923,0.6802
40.89,09-22-2026 23:26:33:285,-0.174600005149841,0.236599996685982,0.190999999642372,0.936200022697449,-0.4179,-0.1918,0.6806
40.9,09-22-2026 23:26:33:295,-0.174600005149841,0.236699998378754,0.191100001335144,0.936200022697449,-0.4184,-0.1912,0.6807
40.91,09-22-2026 23:26:33:305,-0.174600005149841,0.236800000071526,0.191300004720688,0.936200022697449,-0.42,-0.1897,0.6811
40.92,09-22-2026 23:26:33:315,-0.174600005149841,0.236900001764297,0.191300004720688,0.936200022697449,-0.4198,-0.1894,0.6812
40.93,09-22-2026 23:26:33:325,-0.174500003457069,0.236900001764297,0.191300004720688,0.936200022697449,-0.4198,-0.1891,0.6813
40.94,09-22-2026 23:26:33:335,-0.174500003457069,0.236900001764297,0.19140000641346,0.936200022697449,-0.4207,-0.1884,0.6825
40.95,09-22-2026 23:26:33:345,-0.174500003457069,0.237000003457069,0.19140000641346,0.936200022697449,-0.4205,-0.1885,0.6831
40.96,09-22-2026 23:26:33:355,-0.174500003457069,0.237000003457069,0.19140000641346,0.936200022697449,-0.4197,-0.1883,0.6824
40.97,09-22-2026 23:26:33:365,-0.174500003457069,0.237000003457069,0.19140000641346,0.936200022697449,-0.4183,-0.1887,0.6811
40.98,09-22-2026 23:26:33:375,-0.174500003457069,0.237000003457069,0.19140000641346,0.936200022697449,-0.4172,-0.1887,0.6813
40.99,09-22-2026 23:26:33:385,-0.174500003457069,0.237000003457069,0.19140000641346,0.936200022697449,-0.4161,-0.1896,0.6813
41,09-22-2026 23:26:33:395,-0.174500003457069,0.237000003457069,0.19140000641346,0.936200022697449,-0.4163,-0.1907,0.6797
41.01,09-22-2026 23:26:33:405,-0.174400001764297,0.237000003457069,0.19149999320507,0.936299979686737,-0.421,-0.193,0.6836
41.02,09-22-2026 23:26:33:415,-0.174400001764297,0.237000003457069,0.19149999320507,0.936299979686737,-0.4223,-0.1931,0.685
41.03,09-22-2026 23:26:33:425,-0.174400001764297,0.237100005149841,0.19149999320507,0.936299979686737,-0.4232,-0.193,0.6862
41.04,09-22-2026 23:26:33:435,-0.174300000071526,0.237100005149841,0.19149999320507,0.936299979686737,-0.423,-0.1941,0.6859
41.05,09-22-2026 23:26:33:445,-0.174300000071526,0.237100005149841,0.19149999320507,0.936299979686737,-0.4222,-0.195,0.6854
41.06,09-22-2026 23:26:33:455,-0.174300000071526,0.237100005149841,0.19149999320507,0.936299979686737,-0.4216,-0.1952,0.6843
41.07,09-22-2026 23:26:33:465,-0.174300000071526,0.237100005149841,0.19149999320507,0.936299979686737,-0.4213,-0.1952,0.6829
41.08,09-22-2026 23:26:33:475,-0.174300000071526,0.237100005149841,0.19149999320507,0.936299979686737,-0.421,-0.1945,0.6821
41.09,09-22-2026 23:26:33:485,-0.174300000071526,0.237100005149841,0.19149999320507,0.936299979686737,-0.4217,-0.194,0.6816
41.1,09-22-2026 23:26:33:495,-0.174199998378754,0.237100005149841,0.19149999320507,0.936299979686737,-0.422,-0.1935,0.6814
41.11,09-22-2026 23:26:33:505,-0.174199998378754,0.237100005149841,0.19140000641346,0.936299979686737,-0.4207,-0.1903,0.6797
41.12,09-22-2026 23:26:33:515,-0.174199998378754,0.237100005149841,0.191300004720688,0.936299979686737,-0.4211,-0.19,0.68
41.13,09-22-2026 23:26:33:525,-0.174099996685982,0.237100005149841,0.19140000641346,0.936299979686737,-0.4217,-0.19,0.6808
41.14,09-22-2026 23:26:33:535,-0.174199998378754,0.237100005149841,0.19140000641346,0.936299979686737,-0.4215,-0.1903,0.6803
41.15,09-22-2026 23:26:33:545,-0.174199998378754,0.237100005149841,0.19140000641346,0.936299979686737,-0.4215,-0.1906,0.6805
41.16,09-22-2026 23:26:33:555,-0.174199998378754,0.237100005149841,0.19140000641346,0.936299979686737,-0.4219,-0.1904,0.6816
41.17,09-22-2026 23:26:33:565,-0.174300000071526,0.237100005149841,0.19140000641346,0.936299979686737,-0.422,-0.1904,0.6811
41.18,09-22-2026 23:26:33:575,-0.174300000071526,0.237100005149841,0.19140000641346,0.936299979686737,-0.4226,-0.1903,0.6804
41.19,09-22-2026 23:26:33:585,-0.174400001764297,0.237100005149841,0.19140000641346,0.936299979686737,-0.4227,-0.1901,0.681
41.2,09-22-2026 23:26:33:595,-0.174400001764297,0.237200006842613,0.19140000641346,0.936200022697449,-0.4226,-0.1907,0.6812
41.21,09-22-2026 23:26:33:605,-0.174700006842613,0.237200006842613,0.19140000641346,0.936200022697449,-0.421,-0.1911,0.6827
41.22,09-22-2026 23:26:33:615,-0.174700006842613,0.237200006842613,0.19140000641346,0.936200022697449,-0.419,-0.1913,0.6824
41.23,09-22-2026 23:26:33:625,-0.174700006842613,0.237200006842613,0.19140000641346,0.936100006103516,-0.4183,-0.1912,0.682
41.24,09-22-2026 23:26:33:635,-0.174799993634224,0.237200006842613,0.19149999320507,0.936100006103516,-0.418,-0.1907,0.6808
41.25,09-22-2026 23:26:33:645,-0.174799993634224,0.237100005149841,0.19149999320507,0.936100006103516,-0.418,-0.1902,0.6799
41.26,09-22-2026 23:26:33:655,-0.174799993634224,0.237000003457069,0.19149999320507,0.936100006103516,-0.4185,-0.19,0.68
41.27,09-22-2026 23:26:33:665,-0.174899995326996,0.237000003457069,0.191599994897842,0.936100006103516,-0.419,-0.1893,0.6802
41.28,09-22-2026 23:26:33:675,-0.174899995326996,0.236900001764297,0.191599994897842,0.935999989509583,-0.4198,-0.1886,0.6791
41.29,09-22-2026 23:26:33:685,-0.174899995326996,0.236800000071526,0.191699996590614,0.935999989509583,-0.4207,-0.1876,0.6785
41.3,09-22-2026 23:26:33:695,-0.174899995326996,0.236800000071526,0.191799998283386,0.935999989509583,-0.4213,-0.1858,0.6777
41.31,09-22-2026 23:26:33:705,-0.174999997019768,0.236699998378754,0.19200000166893,0.935899972915649,-0.4213,-0.1877,0.6777
41.32,09-22-2026 23:26:33:715,-0.174999997019768,0.236699998378754,0.192100003361702,0.935899972915649,-0.4216,-0.1886,0.6779
41.33,09-22-2026 23:26:33:725,-0.174999997019768,0.236699998378754,0.192200005054474,0.935899972915649,-0.4208,-0.1888,0.6803
41.34,09-22-2026 23:26:33:735,-0.174999997019768,0.236699998378754,0.192200005054474,0.935899972915649,-0.4213,-0.1892,0.6814
41.35,09-22-2026 23:26:33:745,-0.174999997019768,0.236699998378754,0.192300006747246,0.935899972915649,-0.4211,-0.1895,0.6811
41.36,09-22-2026 23:26:33:755,-0.174999997019768,0.236699998378754,0.192300006747246,0.935899972915649,-0.4212,-0.1901,0.681
41.37,09-22-2026 23:26:33:765,-0.174999997019768,0.236800000071526,0.192300006747246,0.935899972915649,-0.4218,-0.1901,0.6817
41.38,09-22-2026 23:26:33:775,-0.174999997019768,0.236800000071526,0.192399993538857,0.935899972915649,-0.4221,-0.1903,0.6815
41.39,09-22-2026 23:26:33:785,-0.174999997019768,0.236800000071526,0.192399993538857,0.935899972915649,-0.4218,-0.1902,0.6812
41.4,09-22-2026 23:26:33:795,-0.174999997019768,0.236900001764297,0.192499995231628,0.935899972915649,-0.4217,-0.1897,0.6817
41.41,09-22-2026 23:26:33:805,-0.174899995326996,0.237100005149841,0.1925999969244,0.935999989509583,-0.4229,-0.1881,0.6809
41.42,09-22-2026 23:26:33:815,-0.174899995326996,0.237100005149841,0.1925999969244,0.935999989509583,-0.423,-0.1872,0.6806
41.43,09-22-2026 23:26:33:825,-0.174899995326996,0.237100005149841,0.1925999969244,0.935999989509583,-0.4239,-0.1865,0.6807
41.44,09-22-2026 23:26:33:835,-0.174899995326996,0.237100005149841,0.1925999969244,0.935999989509583,-0.424,-0.1859,0.6806
41.45,09-22-2026 23:26:33:845,-0.174899995326996,0.237100005149841,0.1925999969244,0.936100006103516,-0.4236,-0.1862,0.6803
41.46,09-22-2026 23:26:33:855,-0.174799993634224,0.237100005149841,0.1925999969244,0.936100006103516,-0.4227,-0.1865,0.6802
41.47,09-22-2026 23:26:33:865,-0.174799993634224,0.237100005149841,0.1925999969244,0.936100006103516,-0.4225,-0.1863,0.6802
41.48,09-22-2026 23:26:33:875,-0.174799993634224,0.237100005149841,0.1925999969244,0.936200022697449,-0.4221,-0.1862,0.6807
41.49,09-22-2026 23:26:33:885,-0.174799993634224,0.237100005149841,0.1925999969244,0.936200022697449,-0.4213,-0.1851,0.6809
41.5,09-22-2026 23:26:33:895,-0.174700006842613,0.237100005149841,0.1925999969244,0.936200022697449,-0.4214,-0.1848,0.6801
41.51,09-22-2026 23:26:33:905,-0.174700006842613,0.237000003457069,0.192499995231628,0.936299979686737,-0.4222,-0.1846,0.6793
41.52,09-22-2026 23:26:33:915,-0.174700006842613,0.237000003457069,0.192499995231628,0.936299979686737,-0.4225,-0.1845,0.6794
41.53,09-22-2026 23:26:33:925,-0.174700006842613,0.236900001764297,0.192399993538857,0.936299979686737,-0.4229,-0.1848,0.6792
41.54,09-22-2026 23:26:33:935,-0.174700006842613,0.236900001764297,0.192300006747246,0.936299979686737,-0.4229,-0.1855,0.6786
41.55,09-22-2026 23:26:33:945,-0.174700006842613,0.236800000071526,0.192200005054474,0.936299979686737,-0.4227,-0.1853,0.6781
41.56,09-22-2026 23:26:33:955,-0.174799993634224,0.236800000071526,0.192200005054474,0.936299979686737,-0.4224,-0.1844,0.678
41.57,09-22-2026 23:26:33:965,-0.174799993634224,0.236800000071526,0.192100003361702,0.936299979686737,-0.4225,-0.1847,0.6766
41.58,09-22-2026 23:26:33:975,-0.174799993634224,0.236800000071526,0.19200000166893,0.936299979686737,-0.4234,-0.1846,0.6766
41.59,09-22-2026 23:26:33:985,-0.174700006842613,0.236699998378754,0.191899999976158,0.936299979686737,-0.4239,-0.1846,0.6777
41.6,09-22-2026 23:26:33:995,-0.174700006842613,0.236699998378754,0.191799998283386,0.936299979686737,-0.4236,-0.1855,0.6787
41.61,09-22-2026 23:26:34:005,-0.174700006842613,0.236800000071526,0.19149999320507,0.936299979686737,-0.4209,-0.1886,0.6817
41.62,09-22-2026 23:26:34:015,-0.174700006842613,0.236800000071526,0.19149999320507,0.936299979686737,-0.42,-0.1896,0.6817
41.63,09-22-2026 23:26:34:025,-0.174700006842613,0.236800000071526,0.19140000641346,0.936299979686737,-0.4199,-0.1895,0.682
41.64,09-22-2026 23:26:34:035,-0.174700006842613,0.236800000071526,0.191300004720688,0.936299979686737,-0.4199,-0.1893,0.6823
41.65,09-22-2026 23:26:34:045,-0.174700006842613,0.236800000071526,0.191300004720688,0.936299979686737,-0.4202,-0.1893,0.6826
41.66,09-22-2026 23:26:34:055,-0.174700006842613,0.236800000071526,0.191200003027916,0.936299979686737,-0.4201,-0.1896,0.6821
41.67,09-22-2026 23:26:34:065,-0.174700006842613,0.236800000071526,0.191100001335144,0.936299979686737,-0.4207,-0.1895,0.6821
41.68,09-22-2026 23:26:34:075,-0.174700006842613,0.236800000071526,0.191100001335144,0.936299979686737,-0.4219,-0.1896,0.682
41.69,09-22-2026 23:26:34:085,-0.174700006842613,0.236800000071526,0.191200003027916,0.936299979686737,-0.4225,-0.1898,0.6813
41.7,09-22-2026 23:26:34:095,-0.174600005149841,0.236800000071526,0.191200003027916,0.936299979686737,-0.4228,-0.1909,0.6808
41.71,09-22-2026 23:26:34:105,-0.174600005149841,0.236900001764297,0.191200003027916,0.936299979686737,-0.4244,-0.191,0.6821
41.72,09-22-2026 23:26:34:115,-0.174600005149841,0.236900001764297,0.191200003027916,0.936299979686737,-0.4244,-0.1913,0.6828
41.73,09-22-2026 23:26:34:125,-0.174600005149841,0.236900001764297,0.191200003027916,0.936299979686737,-0.4236,-0.1914,0.6834
41.74,09-22-2026 23:26:34:135,-0.174600005149841,0.236900001764297,0.191200003027916,0.936299979686737,-0.4235,-0.1917,0.6834
41.75,09-22-2026 23:26:34:145,-0.174600005149841,0.236900001764297,0.191200003027916,0.936299979686737,-0.4231,-0.1918,0.6841
41.76,09-22-2026 23:26:34:155,-0.174600005149841,0.236900001764297,0.191200003027916,0.936299979686737,-0.422,-0.1921,0.6843
41.77,09-22-2026 23:26:34:165,-0.174600005149841,0.236900001764297,0.191200003027916,0.936299979686737,-0.4205,-0.1929,0.6834
41.78,09-22-2026 23:26:34:175,-0.174500003457069,0.236900001764297,0.191200003027916,0.936299979686737,-0.4198,-0.1934,0.6832
41.79,09-22-2026 23:26:34:185,-0.174500003457069,0.236900001764297,0.191200003027916,0.936299979686737,-0.419,-0.1937,0.6831
41.8,09-22-2026 23:26:34:195,-0.174500003457069,0.236900001764297,0.191200003027916,0.936299979686737,-0.4189,-0.1932,0.6829
41.81,09-22-2026 23:26:34:205,-0.174500003457069,0.237000003457069,0.191200003027916,0.936299979686737,-0.4191,-0.191,0.6808
41.82,09-22-2026 23:26:34:215,-0.174500003457069,0.237000003457069,0.191200003027916,0.936299979686737,-0.419,-0.1909,0.6804
41.83,09-22-2026 23:26:34:225,-0.174500003457069,0.237000003457069,0.191200003027916,0.936299979686737,-0.4191,-0.1905,0.6796
41.84,09-22-2026 23:26:34:235,-0.174500003457069,0.237000003457069,0.191200003027916,0.936299979686737,-0.4188,-0.1906,0.6794
41.85,09-22-2026 23:26:34:245,-0.174500003457069,0.237000003457069,0.191200003027916,0.936299979686737,-0.4191,-0.1905,0.6789
41.86,09-22-2026 23:26:34:255,-0.174500003457069,0.237000003457069,0.191200003027916,0.936299979686737,-0.42,-0.1907,0.6783
41.87,09-22-2026 23:26:34:265,-0.174500003457069,0.237000003457069,0.191200003027916,0.936299979686737,-0.4205,-0.1901,0.6783
41.88,09-22-2026 23:26:34:275,-0.174500003457069,0.237000003457069,0.191200003027916,0.93639999628067,-0.4209,-0.1897,0.6782
41.89,09-22-2026 23:26:34:285,-0.174500003457069,0.237000003457069,0.191200003027916,0.93639999628067,-0.4204,-0.1891,0.6782
41.9,09-22-2026 23:26:34:295,-0.174500003457069,0.237000003457069,0.191200003027916,0.93639999628067,-0.4206,-0.1888,0.6783
41.91,09-22-2026 23:26:34:305,-0.174400001764297,0.237100005149841,0.191200003027916,0.936500012874603,-0.4194,-0.1901,0.6792
41.92,09-22-2026 23:26:34:315,-0.174400001764297,0.237100005149841,0.191200003027916,0.936600029468536,-0.4189,-0.1897,0.6797
41.93,09-22-2026 23:26:34:325,-0.174300000071526,0.237100005149841,0.191300004720688,0.936600029468536,-0.4192,-0.1898,0.6799
41.94,09-22-2026 23:26:34:335,-0.174300000071526,0.237100005149841,0.191300004720688,0.936600029468536,-0.4192,-0.1898,0.6804
41.95,09-22-2026 23:26:34:345,-0.174199998378754,0.237000003457069,0.191200003027916,0.936699986457825,-0.4203,-0.1899,0.6805
41.96,09-22-2026 23:26:34:355,-0.174199998378754,0.237000003457069,0.191200003027916,0.936699986457825,-0.4217,-0.19,0.6807
41.97,09-22-2026 23:26:34:365,-0.174199998378754,0.237000003457069,0.191100001335144,0.936699986457825,-0.4224,-0.1901,0.6809
41.98,09-22-2026 23:26:34:375,-0.174099996685982,0.236900001764297,0.191100001335144,0.936699986457825,-0.4223,-0.1907,0.6802
41.99,09-22-2026 23:26:34:385,-0.174099996685982,0.236900001764297,0.190999999642372,0.936800003051758,-0.4222,-0.1902,0.6805
42,09-22-2026 23:26:34:395,-0.174099996685982,0.236900001764297,0.190999999642372,0.936800003051758,-0.4215,-0.1909,0.681
42.01,09-22-2026 23:26:34:405,-0.174199998378754,0.236599996685982,0.190699994564056,0.936800003051758,-0.4222,-0.1908,0.6808
42.02,09-22-2026 23:26:34:415,-0.174199998378754,0.23649999499321,0.190699994564056,0.936800003051758,-0.4221,-0.1911,0.6811
42.03,09-22-2026 23:26:34:425,-0.174300000071526,0.23649999499321,0.190599992871284,0.936800003051758,-0.4228,-0.1904,0.6809
42.04,09-22-2026 23:26:34:435,-0.174300000071526,0.236399993300438,0.190599992871284,0.936800003051758,-0.4229,-0.1907,0.6803
42.05,09-22-2026 23:26:34:445,-0.174300000071526,0.236399993300438,0.190500006079674,0.936800003051758,-0.4226,-0.1909,0.681
42.06,09-22-2026 23:26:34:455,-0.174300000071526,0.236300006508827,0.190400004386902,0.936699986457825,-0.4228,-0.1913,0.6815
42.07,09-22-2026 23:26:34:465,-0.174300000071526,0.236300006508827,0.190400004386902,0.936699986457825,-0.4232,-0.1916,0.6817
42.08,09-22-2026 23:26:34:475,-0.174300000071526,0.236300006508827,0.19030000269413,0.936699986457825,-0.4236,-0.1909,0.6808
42.09,09-22-2026 23:26:34:485,-0.174300000071526,0.236300006508827,0.19030000269413,0.936699986457825,-0.4232,-0.1901,0.6801
42.1,09-22-2026 23:26:34:495,-0.174300000071526,0.236300006508827,0.190200001001358,0.936699986457825,-0.4239,-0.1898,0.6801
42.11,09-22-2026 23:26:34:505,-0.174300000071526,0.236300006508827,0.189999997615814,0.936699986457825,-0.4214,-0.1905,0.6794
42.12,09-22-2026 23:26:34:515,-0.174300000071526,0.236399993300438,0.189999997615814,0.936699986457825,-0.4218,-0.1896,0.679
42.13,09-22-2026 23:26:34:525,-0.174300000071526,0.236399993300438,0.189999997615814,0.936699986457825,-0.4229,-0.189,0.679
42.14,09-22-2026 23:26:34:535,-0.174400001764297,0.236399993300438,0.189899995923042,0.936699986457825,-0.4237,-0.189,0.6796
42.15,09-22-2026 23:26:34:545,-0.174400001764297,0.236399993300438,0.189899995923042,0.936699986457825,-0.4239,-0.1893,0.6803
42.16,09-22-2026 23:26:34:555,-0.174500003457069,0.236399993300438,0.189899995923042,0.936699986457825,-0.4236,-0.1896,0.6809
42.17,09-22-2026 23:26:34:565,-0.174500003457069,0.236399993300438,0.189899995923042,0.936699986457825,-0.4232,-0.1894,0.68
42.18,09-22-2026 23:26:34:575,-0.174600005149841,0.236399993300438,0.189899995923042,0.936699986457825,-0.423,-0.1895,0.6796
42.19,09-22-2026 23:26:34:585,-0.174600005149841,0.236399993300438,0.189899995923042,0.936600029468536,-0.4231,-0.19,0.68
42.2,09-22-2026 23:26:34:595,-0.174700006842613,0.236399993300438,0.189899995923042,0.936600029468536,-0.4228,-0.1904,0.6805
42.21,09-22-2026 23:26:34:605,-0.174799993634224,0.23649999499321,0.189999997615814,0.936600029468536,-0.4216,-0.1909,0.6808
42.22,09-22-2026 23:26:34:615,-0.174799993634224,0.23649999499321,0.189999997615814,0.936600029468536,-0.422,-0.1908,0.6811
42.23,09-22-2026 23:26:34:625,-0.174799993634224,0.23649999499321,0.189999997615814,0.936600029468536,-0.422,-0.1905,0.6801
42.24,09-22-2026 23:26:34:635,-0.174799993634224,0.23649999499321,0.189999997615814,0.936600029468536,-0.422,-0.1909,0.6797
42.25,09-22-2026 23:26:34:645,-0.174799993634224,0.23649999499321,0.189999997615814,0.936600029468536,-0.4219,-0.191,0.6799
42.26,09-22-2026 23:26:34:655,-0.174799993634224,0.236399993300438,0.189999997615814,0.936600029468536,-0.4217,-0.1907,0.6798
42.27,09-22-2026 23:26:34:665,-0.174799993634224,0.236399993300438,0.190099999308586,0.936600029468536,-0.4226,-0.1899,0.6803
42.28,09-22-2026 23:26:34:675,-0.174799993634224,0.236399993300438,0.190099999308586,0.936600029468536,-0.4234,-0.1893,0.681
42.29,09-22-2026 23:26:34:685,-0.174799993634224,0.23649999499321,0.190099999308586,0.936600029468536,-0.4236,-0.1887,0.6811
42.3,09-22-2026 23:26:34:695,-0.174799993634224,0.23649999499321,0.190200001001358,0.936600029468536,-0.423,-0.1887,0.6811
42.31,09-22-2026 23:26:34:705,-0.174799993634224,0.23649999499321,0.19030000269413,0.936600029468536,-0.4211,-0.1881,0.6821
42.32,09-22-2026 23:26:34:715,-0.174799993634224,0.23649999499321,0.19030000269413,0.936600029468536,-0.4209,-0.1875,0.6817
42.33,09-22-2026 23:26:34:725,-0.174799993634224,0.23649999499321,0.19030000269413,0.936600029468536,-0.4206,-0.1872,0.6813
42.34,09-22-2026 23:26:34:735,-0.174799993634224,0.23649999499321,0.19030000269413,0.936600029468536,-0.4204,-0.1865,0.6824
42.35,09-22-2026 23:26:34:745,-0.174799993634224,0.23649999499321,0.19030000269413,0.936600029468536,-0.4199,-0.1865,0.6817
42.36,09-22-2026 23:26:34:755,-0.174799993634224,0.23649999499321,0.19030000269413,0.936600029468536,-0.4206,-0.1863,0.6808
42.37,09-22-2026 23:26:34:765,-0.174700006842613,0.23649999499321,0.19030000269413,0.936600029468536,-0.42,-0.1859,0.6808
42.38,09-22-2026 23:26:34:775,-0.174700006842613,0.23649999499321,0.19030000269413,0.936600029468536,-0.4201,-0.1863,0.6796
42.39,09-22-2026 23:26:34:785,-0.174700006842613,0.23649999499321,0.19030000269413,0.936600029468536,-0.4197,-0.1868,0.678
42.4,09-22-2026 23:26:34:795,-0.174700006842613,0.23649999499321,0.19030000269413,0.936600029468536,-0.4198,-0.1869,0.6778
42.41,09-22-2026 23:26:34:805,-0.174600005149841,0.23649999499321,0.19030000269413,0.936600029468536,-0.4199,-0.188,0.6771
42.42,09-22-2026 23:26:34:815,-0.174600005149841,0.23649999499321,0.19030000269413,0.936600029468536,-0.4205,-0.1886,0.6768
42.43,09-22-2026 23:26:34:825,-0.174500003457069,0.23649999499321,0.19030000269413,0.936699986457825,-0.4216,-0.1888,0.6781
42.44,09-22-2026 23:26:34:835,-0.174400001764297,0.23649999499321,0.19030000269413,0.936699986457825,-0.4223,-0.1896,0.6791
42.45,09-22-2026 23:26:34:845,-0.174300000071526,0.23649999499321,0.19030000269413,0.936699986457825,-0.4232,-0.1909,0.6796
42.46,09-22-2026 23:26:34:855,-0.174199998378754,0.23649999499321,0.19030000269413,0.936699986457825,-0.423,-0.1921,0.6805
42.47,09-22-2026 23:26:34:865,-0.174099996685982,0.23649999499321,0.19030000269413,0.936800003051758,-0.422,-0.1934,0.6813
42.48,09-22-2026 23:26:34:875,-0.17399999499321,0.23649999499321,0.19030000269413,0.936800003051758,-0.4214,-0.1943,0.6811
42.49,09-22-2026 23:26:34:885,-0.173899993300438,0.23649999499321,0.19030000269413,0.936800003051758,-0.4211,-0.1949,0.6802
42.5,09-22-2026 23:26:34:895,-0.173700004816055,0.23649999499321,0.19030000269413,0.936800003051758,-0.4209,-0.1949,0.6798
42.51,09-22-2026 23:26:34:905,-0.173299998044968,0.236399993300438,0.19030000269413,0.936900019645691,-0.4226,-0.1936,0.6794
42.52,09-22-2026 23:26:34:915,-0.173199996352196,0.236399993300438,0.19030000269413,0.936900019645691,-0.423,-0.1934,0.6791
42.53,09-22-2026 23:26:34:925,-0.173199996352196,0.236399993300438,0.19030000269413,0.936900019645691,-0.4232,-0.1929,0.6784
42.54,09-22-2026 23:26:34:935,-0.173099994659424,0.236300006508827,0.19030000269413,0.936800003051758,-0.4234,-0.1928,0.6791
42.55,09-22-2026 23:26:34:945,-0.173099994659424,0.236300006508827,0.19030000269413,0.936800003051758,-0.4236,-0.1933,0.6794
42.56,09-22-2026 23:26:34:955,-0.173099994659424,0.236300006508827,0.19030000269413,0.936800003051758,-0.4232,-0.1935,0.6792
42.57,09-22-2026 23:26:34:965,-0.172999992966652,0.236200004816055,0.19030000269413,0.936800003051758,-0.4224,-0.1933,0.6807
42.58,09-22-2026 23:26:34:975,-0.172999992966652,0.236200004816055,0.190400004386902,0.936800003051758,-0.422,-0.1932,0.6812
42.59,09-22-2026 23:26:34:985,-0.172999992966652,0.236200004816055,0.190400004386902,0.936800003051758,-0.4218,-0.1942,0.6806
42.6,09-22-2026 23:26:34:995,-0.172999992966652,0.236200004816055,0.190400004386902,0.936699986457825,-0.4213,-0.1944,0.681
42.61,09-22-2026 23:26:35:005,-0.172999992966652,0.236200004816055,0.190599992871284,0.936699986457825,-0.4188,-0.195,0.6815
42.62,09-22-2026 23:26:35:015,-0.172999992966652,0.236200004816055,0.190599992871284,0.936699986457825,-0.4185,-0.195,0.6813
42.63,09-22-2026 23:26:35:025,-0.172999992966652,0.236200004816055,0.190699994564056,0.936699986457825,-0.4184,-0.1946,0.6817
42.64,09-22-2026 23:26:35:035,-0.172999992966652,0.236300006508827,0.190799996256828,0.936699986457825,-0.4183,-0.1952,0.6801
42.65,09-22-2026 23:26:35:045,-0.172999992966652,0.236300006508827,0.190799996256828,0.936699986457825,-0.4193,-0.1952,0.6798
42.66,09-22-2026 23:26:35:055,-0.172999992966652,0.236300006508827,0.1908999979496,0.936699986457825,-0.4206,-0.1946,0.6801
42.67,09-22-2026 23:26:35:065,-0.172900006175041,0.236399993300438,0.1908999979496,0.936699986457825,-0.4218,-0.1942,0.6804
42.68,09-22-2026 23:26:35:075,-0.172900006175041,0.236399993300438,0.190999999642372,0.936699986457825,-0.4225,-0.1937,0.6801
42.69,09-22-2026 23:26:35:085,-0.172900006175041,0.236399993300438,0.191100001335144,0.936699986457825,-0.4233,-0.193,0.6804
42.7,09-22-2026 23:26:35:095,-0.172900006175041,0.23649999499321,0.191100001335144,0.936699986457825,-0.4236,-0.1925,0.6809
42.71,09-22-2026 23:26:35:105,-0.172900006175041,0.23649999499321,0.191200003027916,0.936699986457825,-0.4186,-0.1947,0.6816
42.72,09-22-2026 23:26:35:115,-0.172900006175041,0.23649999499321,0.191200003027916,0.936699986457825,-0.4184,-0.1951,0.6807
42.73,09-22-2026 23:26:35:125,-0.172900006175041,0.23649999499321,0.191200003027916,0.936699986457825,-0.4181,-0.1947,0.6807
42.74,09-22-2026 23:26:35:135,-0.172900006175041,0.23649999499321,0.191200003027916,0.936699986457825,-0.4185,-0.1941,0.6827
42.75,09-22-2026 23:26:35:145,-0.172900006175041,0.23649999499321,0.191200003027916,0.936699986457825,-0.4189,-0.1942,0.6833
42.76,09-22-2026 23:26:35:155,-0.172900006175041,0.23649999499321,0.191200003027916,0.936699986457825,-0.4199,-0.1939,0.6831
42.77,09-22-2026 23:26:35:165,-0.172900006175041,0.23649999499321,0.191200003027916,0.936699986457825,-0.421,-0.1944,0.6841
42.78,09-22-2026 23:26:35:175,-0.172900006175041,0.23649999499321,0.191200003027916,0.936699986457825,-0.4218,-0.1943,0.6842
42.79,09-22-2026 23:26:35:185,-0.172900006175041,0.23649999499321,0.191200003027916,0.936699986457825,-0.4226,-0.1939,0.6838
42.8,09-22-2026 23:26:35:195,-0.172900006175041,0.236599996685982,0.191200003027916,0.936699986457825,-0.4238,-0.1934,0.6833
42.81,09-22-2026 23:26:35:205,-0.172700002789497,0.236599996685982,0.191200003027916,0.936800003051758,-0.4234,-0.1938,0.6857
42.82,09-22-2026 23:26:35:215,-0.172600001096725,0.236599996685982,0.191200003027916,0.936800003051758,-0.4228,-0.1944,0.6854
42.83,09-22-2026 23:26:35:225,-0.172600001096725,0.236599996685982,0.191200003027916,0.936800003051758,-0.4216,-0.1944,0.6847
42.84,09-22-2026 23:26:35:235,-0.172499999403954,0.236599996685982,0.191200003027916,0.936800003051758,-0.4207,-0.1935,0.6843
42.85,09-22-2026 23:26:35:245,-0.172399997711182,0.236599996685982,0.191200003027916,0.936800003051758,-0.4198,-0.1935,0.6844
42.86,09-22-2026 23:26:35:255,-0.172399997711182,0.236599996685982,0.191200003027916,0.936800003051758,-0.4189,-0.1933,0.6842
42.87,09-22-2026 23:26:35:265,-0.17229999601841,0.236599996685982,0.191200003027916,0.936800003051758,-0.4192,-0.1928,0.684
42.88,09-22-2026 23:26:35:275,-0.17229999601841,0.236599996685982,0.191200003027916,0.936900019645691,-0.4193,-0.1923,0.6839
42.89,09-22-2026 23:26:35:285,-0.172199994325638,0.236599996685982,0.191200003027916,0.936900019645691,-0.4194,-0.1916,0.6826
42.9,09-22-2026 23:26:35:295,-0.172099992632866,0.236599996685982,0.191200003027916,0.936900019645691,-0.4189,-0.1903,0.6807
42.91,09-22-2026 23:26:35:305,-0.171900004148483,0.236599996685982,0.190999999642372,0.936900019645691,-0.4178,-0.1868,0.675
42.92,09-22-2026 23:26:35:315,-0.171900004148483,0.236699998378754,0.190999999642372,0.936900019645691,-0.4169,-0.1866,0.6751
42.93,09-22-2026 23:26:35:325,-0.171800002455711,0.236699998378754,0.190999999642372,0.936900019645691,-0.4163,-0.1866,0.6748
42.94,09-22-2026 23:26:35:335,-0.171800002455711,0.236699998378754,0.1908999979496,0.936900019645691,-0.4162,-0.1863,0.6746
42.95,09-22-2026 23:26:35:345,-0.171800002455711,0.236699998378754,0.1908999979496,0.936900019645691,-0.4163,-0.1866,0.6748
42.96,09-22-2026 23:26:35:355,-0.171800002455711,0.236800000071526,0.190799996256828,0.936900019645691,-0.4173,-0.1868,0.6759
42.97,09-22-2026 23:26:35:365,-0.171800002455711,0.236800000071526,0.190799996256828,0.936900019645691,-0.4176,-0.1873,0.6771
42.98,09-22-2026 23:26:35:375,-0.171800002455711,0.236800000071526,0.190799996256828,0.936900019645691,-0.4178,-0.1878,0.6779
42.99,09-22-2026 23:26:35:385,-0.171800002455711,0.236900001764297,0.190799996256828,0.936900019645691,-0.4178,-0.1888,0.679
43,09-22-2026 23:26:35:395,-0.171800002455711,0.236900001764297,0.190799996256828,0.936900019645691,-0.4178,-0.1895,0.6798
43.01,09-22-2026 23:26:35:405,-0.171700000762939,0.237000003457069,0.190699994564056,0.936900019645691,-0.4177,-0.1904,0.6816
43.02,09-22-2026 23:26:35:415,-0.171700000762939,0.237100005149841,0.190699994564056,0.936900019645691,-0.418,-0.1893,0.6821
43.03,09-22-2026 23:26:35:425,-0.171700000762939,0.237100005149841,0.190699994564056,0.936900019645691,-0.4183,-0.1897,0.6818
43.04,09-22-2026 23:26:35:435,-0.171700000762939,0.237100005149841,0.190699994564056,0.936900019645691,-0.418,-0.1899,0.6814
43.05,09-22-2026 23:26:35:445,-0.171700000762939,0.237200006842613,0.190699994564056,0.936800003051758,-0.4185,-0.1892,0.6812
43.06,09-22-2026 23:26:35:455,-0.171700000762939,0.237200006842613,0.190699994564056,0.936800003051758,-0.419,-0.1889,0.6799
43.07,09-22-2026 23:26:35:465,-0.171599999070168,0.237200006842613,0.190699994564056,0.936800003051758,-0.4196,-0.1881,0.6795
43.08,09-22-2026 23:26:35:475,-0.171599999070168,0.237200006842613,0.190699994564056,0.936800003051758,-0.4204,-0.1877,0.6797
43.09,09-22-2026 23:26:35:485,-0.171599999070168,0.237200006842613,0.190699994564056,0.936800003051758,-0.4214,-0.1875,0.6797
43.1,09-22-2026 23:26:35:495,-0.171599999070168,0.237200006842613,0.190699994564056,0.936800003051758,-0.4222,-0.1888,0.6806
43.11,09-22-2026 23:26:35:505,-0.171599999070168,0.237200006842613,0.190799996256828,0.936800003051758,-0.4209,-0.1919,0.6843
43.12,09-22-2026 23:26:35:515,-0.171599999070168,0.237200006842613,0.190799996256828,0.936800003051758,-0.4204,-0.1929,0.6852
43.13,09-22-2026 23:26:35:525,-0.171599999070168,0.237200006842613,0.190799996256828,0.936800003051758,-0.4196,-0.1939,0.6846
43.14,09-22-2026 23:26:35:535,-0.171499997377396,0.237299993634224,0.190799996256828,0.936800003051758,-0.4203,-0.1945,0.6848
43.15,09-22-2026 23:26:35:545,-0.171499997377396,0.237299993634224,0.190799996256828,0.936800003051758,-0.4201,-0.1944,0.6848
43.16,09-22-2026 23:26:35:555,-0.171499997377396,0.237299993634224,0.190799996256828,0.936800003051758,-0.4196,-0.1936,0.6843
43.17,09-22-2026 23:26:35:565,-0.171499997377396,0.237299993634224,0.190799996256828,0.936800003051758,-0.4197,-0.1932,0.6836
43.18,09-22-2026 23:26:35:575,-0.171499997377396,0.237299993634224,0.190799996256828,0.936800003051758,-0.4198,-0.1926,0.6835
43.19,09-22-2026 23:26:35:585,-0.171499997377396,0.237299993634224,0.190799996256828,0.936800003051758,-0.4209,-0.1923,0.6828
43.2,09-22-2026 23:26:35:595,-0.171499997377396,0.237299993634224,0.190799996256828,0.936800003051758,-0.4207,-0.1924,0.682
43.21,09-22-2026 23:26:35:605,-0.171399995684624,0.237299993634224,0.190799996256828,0.936800003051758,-0.42,-0.1904,0.6809
43.22,09-22-2026 23:26:35:615,-0.171399995684624,0.237299993634224,0.190799996256828,0.936800003051758,-0.4201,-0.1898,0.6816
43.23,09-22-2026 23:26:35:625,-0.171399995684624,0.237299993634224,0.190799996256828,0.936800003051758,-0.4205,-0.1892,0.6815
43.24,09-22-2026 23:26:35:635,-0.171399995684624,0.237299993634224,0.190799996256828,0.936800003051758,-0.4207,-0.1889,0.6811
43.25,09-22-2026 23:26:35:645,-0.171299993991852,0.237399995326996,0.190799996256828,0.936800003051758,-0.4226,-0.1887,0.681
43.26,09-22-2026 23:26:35:655,-0.171299993991852,0.237399995326996,0.190799996256828,0.936800003051758,-0.4231,-0.1883,0.6818
43.27,09-22-2026 23:26:35:665,-0.171299993991852,0.237399995326996,0.190799996256828,0.936800003051758,-0.4234,-0.1879,0.6817
43.28,09-22-2026 23:26:35:675,-0.171299993991852,0.237399995326996,0.190799996256828,0.936800003051758,-0.4229,-0.1881,0.6815
43.29,09-22-2026 23:26:35:685,-0.171299993991852,0.237399995326996,0.190799996256828,0.936800003051758,-0.4224,-0.1877,0.6818
43.3,09-22-2026 23:26:35:695,-0.171299993991852,0.237399995326996,0.1908999979496,0.936800003051758,-0.4224,-0.188,0.6823
43.31,09-22-2026 23:26:35:705,-0.171200007200241,0.237499997019768,0.1908999979496,0.936800003051758,-0.4209,-0.1865,0.6795
43.32,09-22-2026 23:26:35:715,-0.171299993991852,0.237499997019768,0.1908999979496,0.936800003051758,-0.4212,-0.1861,0.6793
43.33,09-22-2026 23:26:35:725,-0.171299993991852,0.237499997019768,0.1908999979496,0.936800003051758,-0.4209,-0.1862,0.6787
43.34,09-22-2026 23:26:35:735,-0.171399995684624,0.237499997019768,0.1908999979496,0.936800003051758,-0.421,-0.1859,0.6787
43.35,09-22-2026 23:26:35:745,-0.171399995684624,0.237499997019768,0.1908999979496,0.936800003051758,-0.4209,-0.1857,0.6795
43.36,09-22-2026 23:26:35:755,-0.171399995684624,0.23759999871254,0.1908999979496,0.936800003051758,-0.4202,-0.186,0.6796
43.37,09-22-2026 23:26:35:765,-0.171499997377396,0.23759999871254,0.1908999979496,0.936800003051758,-0.42,-0.186,0.6796
43.38,09-22-2026 23:26:35:775,-0.171499997377396,0.23759999871254,0.1908999979496,0.936699986457825,-0.4198,-0.1858,0.6802
43.39,09-22-2026 23:26:35:785,-0.171499997377396,0.23759999871254,0.1908999979496,0.936699986457825,-0.4209,-0.1862,0.681
43.4,09-22-2026 23:26:35:795,-0.171499997377396,0.23759999871254,0.1908999979496,0.936699986457825,-0.4216,-0.1861,0.6817
43.41,09-22-2026 23:26:35:805,-0.171499997377396,0.237700000405312,0.1908999979496,0.936699986457825,-0.4228,-0.1847,0.6806
43.42,09-22-2026 23:26:35:815,-0.171599999070168,0.237700000405312,0.1908999979496,0.936699986457825,-0.4236,-0.1844,0.681
43.43,09-22-2026 23:26:35:825,-0.171599999070168,0.237700000405312,0.1908999979496,0.936699986457825,-0.4232,-0.1837,0.6815
43.44,09-22-2026 23:26:35:835,-0.171599999070168,0.23759999871254,0.1908999979496,0.936699986457825,-0.4234,-0.1837,0.6799
43.45,09-22-2026 23:26:35:845,-0.171700000762939,0.23759999871254,0.190999999642372,0.936699986457825,-0.4233,-0.1839,0.6792
43.46,09-22-2026 23:26:35:855,-0.171700000762939,0.23759999871254,0.190999999642372,0.936699986457825,-0.4235,-0.1838,0.6808
43.47,09-22-2026 23:26:35:865,-0.171800002455711,0.23759999871254,0.190999999642372,0.936600029468536,-0.4234,-0.1835,0.6816
43.48,09-22-2026 23:26:35:875,-0.171800002455711,0.23759999871254,0.190999999642372,0.936600029468536,-0.4229,-0.184,0.6815
43.49,09-22-2026 23:26:35:885,-0.171700000762939,0.23759999871254,0.191100001335144,0.936600029468536,-0.4227,-0.1843,0.6823
43.5,09-22-2026 23:26:35:895,-0.171700000762939,0.23759999871254,0.191100001335144,0.936600029468536,-0.4219,-0.1842,0.6838
43.51,09-22-2026 23:26:35:905,-0.171800002455711,0.23759999871254,0.191100001335144,0.936500012874603,-0.4214,-0.1846,0.6827
43.52,09-22-2026 23:26:35:915,-0.171700000762939,0.23759999871254,0.191200003027916,0.936500012874603,-0.4217,-0.1843,0.682
43.53,09-22-2026 23:26:35:925,-0.171700000762939,0.23759999871254,0.191200003027916,0.936500012874603,-0.4221,-0.1829,0.6805
43.54,09-22-2026 23:26:35:935,-0.171700000762939,0.23759999871254,0.191300004720688,0.93639999628067,-0.4229,-0.1828,0.6802
43.55,09-22-2026 23:26:35:945,-0.171700000762939,0.23759999871254,0.191300004720688,0.93639999628067,-0.424,-0.1821,0.6801
43.56,09-22-2026 23:26:35:955,-0.171700000762939,0.23759999871254,0.191300004720688,0.93639999628067,-0.4242,-0.182,0.6799
43.57,09-22-2026 23:26:35:965,-0.171700000762939,0.23759999871254,0.19140000641346,0.936299979686737,-0.4243,-0.1818,0.6793
43.58,09-22-2026 23:26:35:975,-0.171599999070168,0.23759999871254,0.19140000641346,0.936299979686737,-0.4236,-0.1818,0.679
43.59,09-22-2026 23:26:35:985,-0.171599999070168,0.23759999871254,0.19140000641346,0.936299979686737,-0.4232,-0.182,0.6789
43.6,09-22-2026 23:26:35:995,-0.171599999070168,0.23759999871254,0.19140000641346,0.936299979686737,-0.4235,-0.182,0.6787
43.61,09-22-2026 23:26:36:005,-0.171499997377396,0.237800002098083,0.191599994897842,0.936200022697449,-0.4239,-0.1824,0.6808
43.62,09-22-2026 23:26:36:015,-0.171499997377396,0.237900003790855,0.191699996590614,0.936200022697449,-0.4238,-0.1823,0.6807
43.63,09-22-2026 23:26:36:025,-0.171399995684624,0.238000005483627,0.191699996590614,0.936200022697449,-0.4245,-0.1824,0.6804
43.64,09-22-2026 23:26:36:035,-0.171399995684624,0.238100007176399,0.191799998283386,0.936200022697449,-0.4242,-0.1817,0.6793
43.65,09-22-2026 23:26:36:045,-0.171299993991852,0.238100007176399,0.191799998283386,0.936200022697449,-0.4235,-0.1819,0.6794
43.66,09-22-2026 23:26:36:055,-0.171299993991852,0.23819999396801,0.191899999976158,0.936200022697449,-0.4229,-0.182,0.6794
43.67,09-22-2026 23:26:36:065,-0.171200007200241,0.238299995660782,0.19200000166893,0.936200022697449,-0.4225,-0.1823,0.6794
43.68,09-22-2026 23:26:36:075,-0.171100005507469,0.238399997353554,0.19200000166893,0.936200022697449,-0.4219,-0.1829,0.6788
43.69,09-22-2026 23:26:36:085,-0.171000003814697,0.238399997353554,0.192100003361702,0.936200022697449,-0.4219,-0.1829,0.6778
43.7,09-22-2026 23:26:36:095,-0.170900002121925,0.238499999046326,0.192100003361702,0.936200022697449,-0.4229,-0.1828,0.6776
43.71,09-22-2026 23:26:36:105,-0.17059999704361,0.238499999046326,0.192300006747246,0.936299979686737,-0.4248,-0.1827,0.6793
43.72,09-22-2026 23:26:36:115,-0.17059999704361,0.238600000739098,0.192300006747246,0.936299979686737,-0.4254,-0.1825,0.6793
43.73,09-22-2026 23:26:36:125,-0.170499995350838,0.238600000739098,0.192300006747246,0.936299979686737,-0.4259,-0.1827,0.6793
43.74,09-22-2026 23:26:36:135,-0.170499995350838,0.238600000739098,0.192399993538857,0.936299979686737,-0.4267,-0.1832,0.6803
43.75,09-22-2026 23:26:36:145,-0.170499995350838,0.23870000243187,0.192399993538857,0.936299979686737,-0.4266,-0.1837,0.681
43.76,09-22-2026 23:26:36:155,-0.170499995350838,0.23870000243187,0.192499995231628,0.936299979686737,-0.4272,-0.1842,0.681
43.77,09-22-2026 23:26:36:165,-0.170499995350838,0.23870000243187,0.192499995231628,0.936299979686737,-0.428,-0.185,0.6809
43.78,09-22-2026 23:26:36:175,-0.170499995350838,0.23870000243187,0.1925999969244,0.936299979686737,-0.4281,-0.1853,0.6807
43.79,09-22-2026 23:26:36:185,-0.170499995350838,0.23870000243187,0.1925999969244,0.936299979686737,-0.428,-0.1859,0.6807
43.8,09-22-2026 23:26:36:195,-0.170499995350838,0.23870000243187,0.1925999969244,0.936299979686737,-0.4274,-0.1862,0.6803
43.81,09-22-2026 23:26:36:205,-0.170399993658066,0.238600000739098,0.192699998617172,0.936299979686737,-0.4239,-0.1879,0.6803
43.82,09-22-2026 23:26:36:215,-0.170399993658066,0.238600000739098,0.192699998617172,0.936299979686737,-0.4236,-0.1874,0.6817
43.83,09-22-2026 23:26:36:225,-0.170399993658066,0.238600000739098,0.192699998617172,0.936299979686737,-0.4229,-0.1873,0.6817
43.84,09-22-2026 23:26:36:235,-0.170399993658066,0.238600000739098,0.192699998617172,0.936299979686737,-0.4225,-0.1877,0.6821
43.85,09-22-2026 23:26:36:245,-0.170399993658066,0.238600000739098,0.192699998617172,0.936299979686737,-0.422,-0.1878,0.6832
43.86,09-22-2026 23:26:36:255,-0.170399993658066,0.238600000739098,0.192699998617172,0.936299979686737,-0.4218,-0.188,0.6829
43.87,09-22-2026 23:26:36:265,-0.170399993658066,0.238600000739098,0.192699998617172,0.936299979686737,-0.4217,-0.188,0.682
43.88,09-22-2026 23:26:36:275,-0.170399993658066,0.238600000739098,0.192699998617172,0.936299979686737,-0.4227,-0.1883,0.6818
43.89,09-22-2026 23:26:36:285,-0.170399993658066,0.238600000739098,0.192699998617172,0.936299979686737,-0.4228,-0.188,0.6817
43.9,09-22-2026 23:26:36:295,-0.170300006866455,0.238600000739098,0.192699998617172,0.936299979686737,-0.4228,-0.1876,0.6806
43.91,09-22-2026 23:26:36:305,-0.170300006866455,0.23870000243187,0.192699998617172,0.936299979686737,-0.4231,-0.1867,0.6792
43.92,09-22-2026 23:26:36:315,-0.170300006866455,0.23870000243187,0.192699998617172,0.936299979686737,-0.4229,-0.1867,0.679
43.93,09-22-2026 23:26:36:325,-0.170300006866455,0.23870000243187,0.192699998617172,0.936299979686737,-0.4226,-0.1864,0.6792
43.94,09-22-2026 23:26:36:335,-0.170300006866455,0.23870000243187,0.192699998617172,0.936299979686737,-0.4229,-0.1859,0.6796
43.95,09-22-2026 23:26:36:345,-0.170300006866455,0.23870000243187,0.192699998617172,0.936299979686737,-0.4223,-0.1854,0.6806
43.96,09-22-2026 23:26:36:355,-0.170300006866455,0.23870000243187,0.192800000309944,0.936299979686737,-0.4223,-0.1852,0.6815
43.97,09-22-2026 23:26:36:365,-0.170300006866455,0.23870000243187,0.192800000309944,0.936299979686737,-0.4219,-0.1857,0.682
43.98,09-22-2026 23:26:36:375,-0.170300006866455,0.23870000243187,0.192800000309944,0.936299979686737,-0.4218,-0.1856,0.6835
43.99,09-22-2026 23:26:36:385,-0.170300006866455,0.23870000243187,0.192800000309944,0.936299979686737,-0.4223,-0.1858,0.6848
44,09-22-2026 23:26:36:395,-0.170300006866455,0.23870000243187,0.192800000309944,0.936299979686737,-0.4224,-0.1861,0.6848
44.01,09-22-2026 23:26:36:405,-0.170300006866455,0.23870000243187,0.192800000309944,0.936299979686737,-0.4247,-0.1858,0.6836
44.02,09-22-2026 23:26:36:415,-0.170200005173683,0.23870000243187,0.192800000309944,0.936299979686737,-0.4253,-0.1856,0.6832
44.03,09-22-2026 23:26:36:425,-0.170200005173683,0.23870000243187,0.192800000309944,0.936299979686737,-0.4254,-0.1852,0.6839
44.04,09-22-2026 23:26:36:435,-0.170200005173683,0.23870000243187,0.192800000309944,0.936299979686737,-0.4249,-0.1855,0.6828
44.05,09-22-2026 23:26:36:445,-0.170200005173683,0.23870000243187,0.192800000309944,0.936299979686737,-0.4243,-0.1851,0.6829
44.06,09-22-2026 23:26:36:455,-0.170200005173683,0.23870000243187,0.192800000309944,0.936299979686737,-0.4238,-0.1847,0.6836
44.07,09-22-2026 23:26:36:465,-0.170200005173683,0.23870000243187,0.192800000309944,0.936299979686737,-0.4229,-0.1847,0.6826
44.08,09-22-2026 23:26:36:475,-0.170200005173683,0.23870000243187,0.192800000309944,0.936299979686737,-0.4214,-0.1843,0.6807
44.09,09-22-2026 23:26:36:485,-0.170200005173683,0.23870000243187,0.192800000309944,0.936299979686737,-0.4205,-0.184,0.681
44.1,09-22-2026 23:26:36:495,-0.170200005173683,0.23870000243187,0.192800000309944,0.936299979686737,-0.4201,-0.1835,0.6801
44.11,09-22-2026 23:26:36:505,-0.170200005173683,0.238800004124641,0.192800000309944,0.936299979686737,-0.421,-0.1823,0.677
44.12,09-22-2026 23:26:36:515,-0.170200005173683,0.238800004124641,0.192800000309944,0.936299979686737,-0.4203,-0.1826,0.6765
44.13,09-22-2026 23:26:36:525,-0.170200005173683,0.238800004124641,0.192800000309944,0.936299979686737,-0.4198,-0.1826,0.6762
44.14,09-22-2026 23:26:36:535,-0.170200005173683,0.238800004124641,0.192800000309944,0.936299979686737,-0.4198,-0.1831,0.6762
44.15,09-22-2026 23:26:36:545,-0.170200005173683,0.238800004124641,0.192800000309944,0.936299979686737,-0.4202,-0.1827,0.6762
44.16,09-22-2026 23:26:36:555,-0.170200005173683,0.238800004124641,0.192800000309944,0.936299979686737,-0.4205,-0.1818,0.676
44.17,09-22-2026 23:26:36:565,-0.170200005173683,0.238800004124641,0.192800000309944,0.936299979686737,-0.4204,-0.1813,0.676
44.18,09-22-2026 23:26:36:575,-0.170200005173683,0.238800004124641,0.192800000309944,0.936299979686737,-0.421,-0.1812,0.6769
44.19,09-22-2026 23:26:36:585,-0.170200005173683,0.238800004124641,0.192800000309944,0.936299979686737,-0.4222,-0.1804,0.6773
44.2,09-22-2026 23:26:36:595,-0.170200005173683,0.238800004124641,0.192800000309944,0.936299979686737,-0.4232,-0.1802,0.6782
44.21,09-22-2026 23:26:36:605,-0.170200005173683,0.238900005817413,0.192800000309944,0.936299979686737,-0.4256,-0.1819,0.6808
44.22,09-22-2026 23:26:36:615,-0.170200005173683,0.238900005817413,0.192800000309944,0.936200022697449,-0.4249,-0.1828,0.6805
44.23,09-22-2026 23:26:36:625,-0.170200005173683,0.238900005817413,0.192800000309944,0.936200022697449,-0.4245,-0.1829,0.6826
44.24,09-22-2026 23:26:36:635,-0.170200005173683,0.238900005817413,0.192800000309944,0.936200022697449,-0.4242,-0.1831,0.6844
44.25,09-22-2026 23:26:36:645,-0.170200005173683,0.238900005817413,0.192800000309944,0.936200022697449,-0.4228,-0.183,0.6844
44.26,09-22-2026 23:26:36:655,-0.170200005173683,0.238900005817413,0.192800000309944,0.936200022697449,-0.4213,-0.1828,0.6847
44.27,09-22-2026 23:26:36:665,-0.170200005173683,0.238900005817413,0.192800000309944,0.936200022697449,-0.4201,-0.1826,0.6847
44.28,09-22-2026 23:26:36:675,-0.170200005173683,0.238900005817413,0.192800000309944,0.936100006103516,-0.4194,-0.1827,0.6837
44.29,09-22-2026 23:26:36:685,-0.170100003480911,0.238999992609024,0.192800000309944,0.936100006103516,-0.4186,-0.183,0.6827
44.3,09-22-2026 23:26:36:695,-0.170100003480911,0.238999992609024,0.192800000309944,0.936100006103516,-0.4184,-0.1834,0.6816
44.31,09-22-2026 23:26:36:705,-0.170100003480911,0.238999992609024,0.192800000309944,0.936100006103516,-0.4211,-0.1836,0.6806
44.32,09-22-2026 23:26:36:715,-0.170100003480911,0.238999992609024,0.192900002002716,0.936100006103516,-0.4226,-0.1836,0.681
44.33,09-22-2026 23:26:36:725,-0.170100003480911,0.238999992609024,0.192900002002716,0.936100006103516,-0.4242,-0.1828,0.6807
44.34,09-22-2026 23:26:36:735,-0.170100003480911,0.239099994301796,0.192900002002716,0.936100006103516,-0.4244,-0.183,0.681
44.35,09-22-2026 23:26:36:745,-0.170100003480911,0.239199995994568,0.192900002002716,0.936100006103516,-0.4246,-0.1826,0.6812
44.36,09-22-2026 23:26:36:755,-0.170100003480911,0.239199995994568,0.192900002002716,0.936100006103516,-0.4246,-0.1829,0.6813
44.37,09-22-2026 23:26:36:765,-0.170100003480911,0.23929999768734,0.192900002002716,0.936100006103516,-0.4248,-0.1834,0.6808
44.38,09-22-2026 23:26:36:775,-0.170100003480911,0.239399999380112,0.193000003695488,0.936100006103516,-0.4244,-0.1836,0.68
44.39,09-22-2026 23:26:36:785,-0.170000001788139,0.239399999380112,0.193000003695488,0.936100006103516,-0.4246,-0.1831,0.6789
44.4,09-22-2026 23:26:36:795,-0.170000001788139,0.239399999380112,0.193000003695488,0.936100006103516,-0.4237,-0.1832,0.6781
44.41,09-22-2026 23:26:36:805,-0.170000001788139,0.239500001072884,0.193000003695488,0.936100006103516,-0.4242,-0.1834,0.6782
44.42,09-22-2026 23:26:36:815,-0.170000001788139,0.239500001072884,0.193000003695488,0.936100006103516,-0.4239,-0.1835,0.6786
44.43,09-22-2026 23:26:36:825,-0.170000001788139,0.239500001072884,0.193000003695488,0.936100006103516,-0.4244,-0.183,0.68
44.44,09-22-2026 23:26:36:835,-0.170000001788139,0.239500001072884,0.193000003695488,0.936100006103516,-0.4245,-0.1837,0.6816
44.45,09-22-2026 23:26:36:845,-0.170000001788139,0.239600002765656,0.193000003695488,0.936100006103516,-0.4242,-0.184,0.6813
44.46,09-22-2026 23:26:36:855,-0.170000001788139,0.239600002765656,0.193000003695488,0.936100006103516,-0.424,-0.1847,0.6814
44.47,09-22-2026 23:26:36:865,-0.170000001788139,0.239600002765656,0.193000003695488,0.936100006103516,-0.4243,-0.1848,0.6817
44.48,09-22-2026 23:26:36:875,-0.170000001788139,0.239600002765656,0.193000003695488,0.936100006103516,-0.4238,-0.185,0.6806
44.49,09-22-2026 23:26:36:885,-0.170000001788139,0.239600002765656,0.193000003695488,0.936100006103516,-0.4242,-0.1851,0.6787
44.5,09-22-2026 23:26:36:895,-0.170000001788139,0.239600002765656,0.193000003695488,0.936100006103516,-0.4253,-0.1844,0.6787
44.51,09-22-2026 23:26:36:905,-0.170000001788139,0.239700004458427,0.193000003695488,0.935999989509583,-0.4255,-0.1831,0.6796
44.52,09-22-2026 23:26:36:915,-0.170000001788139,0.239700004458427,0.193000003695488,0.935999989509583,-0.4249,-0.1836,0.6798
44.53,09-22-2026 23:26:36:925,-0.169900000095367,0.239700004458427,0.193000003695488,0.935999989509583,-0.4257,-0.1848,0.68
44.54,09-22-2026 23:26:36:935,-0.169900000095367,0.239700004458427,0.193000003695488,0.935999989509583,-0.4261,-0.1856,0.6806
44.55,09-22-2026 23:26:36:945,-0.169900000095367,0.239700004458427,0.193000003695488,0.935999989509583,-0.4259,-0.1858,0.6807
44.56,09-22-2026 23:26:36:955,-0.169900000095367,0.239700004458427,0.193000003695488,0.935999989509583,-0.4261,-0.1854,0.681
44.57,09-22-2026 23:26:36:965,-0.169900000095367,0.239700004458427,0.193000003695488,0.935999989509583,-0.4268,-0.1849,0.6809
44.58,09-22-2026 23:26:36:975,-0.169900000095367,0.239700004458427,0.193000003695488,0.935999989509583,-0.4273,-0.1845,0.6798
44.59,09-22-2026 23:26:36:985,-0.169900000095367,0.239700004458427,0.193000003695488,0.935999989509583,-0.4276,-0.184,0.6786
44.6,09-22-2026 23:26:36:995,-0.169900000095367,0.239800006151199,0.19310000538826,0.935999989509583,-0.4276,-0.1838,0.6786
44.61,09-22-2026 23:26:37:005,-0.169799998402596,0.239800006151199,0.19310000538826,0.935999989509583,-0.4278,-0.183,0.6789
44.62,09-22-2026 23:26:37:015,-0.169799998402596,0.239800006151199,0.19310000538826,0.935999989509583,-0.4276,-0.183,0.6796
44.63,09-22-2026 23:26:37:025,-0.169799998402596,0.239800006151199,0.19310000538826,0.935999989509583,-0.427,-0.1832,0.6793
44.64,09-22-2026 23:26:37:035,-0.169799998402596,0.239800006151199,0.19310000538826,0.935999989509583,-0.4261,-0.1835,0.68
44.65,09-22-2026 23:26:37:045,-0.169900000095367,0.23989999294281,0.19310000538826,0.935999989509583,-0.4259,-0.1834,0.6806
44.66,09-22-2026 23:26:37:055,-0.169900000095367,0.23989999294281,0.19310000538826,0.935999989509583,-0.4257,-0.1836,0.6818
44.67,09-22-2026 23:26:37:065,-0.169900000095367,0.23989999294281,0.19310000538826,0.935899972915649,-0.4252,-0.1844,0.6823
44.68,09-22-2026 23:26:37:075,-0.170000001788139,0.23989999294281,0.19310000538826,0.935899972915649,-0.4254,-0.1835,0.6822
44.69,09-22-2026 23:26:37:085,-0.170000001788139,0.23989999294281,0.19310000538826,0.935899972915649,-0.4264,-0.1828,0.6818
44.7,09-22-2026 23:26:37:095,-0.170000001788139,0.23989999294281,0.19310000538826,0.935899972915649,-0.4268,-0.1827,0.6821
44.71,09-22-2026 23:26:37:105,-0.170100003480911,0.239999994635582,0.19310000538826,0.935899972915649,-0.4283,-0.1814,0.6784
44.72,09-22-2026 23:26:37:115,-0.170100003480911,0.239999994635582,0.19310000538826,0.935899972915649,-0.4287,-0.1812,0.6773
44.73,09-22-2026 23:26:37:125,-0.170100003480911,0.239999994635582,0.19310000538826,0.935899972915649,-0.429,-0.1804,0.6768
44.74,09-22-2026 23:26:37:135,-0.170100003480911,0.239999994635582,0.19310000538826,0.935899972915649,-0.4297,-0.1798,0.6767
44.75,09-22-2026 23:26:37:145,-0.170100003480911,0.239999994635582,0.193200007081032,0.935899972915649,-0.4296,-0.1796,0.6763
44.76,09-22-2026 23:26:37:155,-0.170100003480911,0.240099996328354,0.193200007081032,0.935899972915649,-0.4292,-0.1799,0.6771
44.77,09-22-2026 23:26:37:165,-0.170100003480911,0.240099996328354,0.193299993872643,0.935899972915649,-0.429,-0.1803,0.6776
44.78,09-22-2026 23:26:37:175,-0.170100003480911,0.240099996328354,0.193299993872643,0.935899972915649,-0.4272,-0.1813,0.6777
44.79,09-22-2026 23:26:37:185,-0.170100003480911,0.240099996328354,0.193299993872643,0.935899972915649,-0.4263,-0.182,0.678
44.8,09-22-2026 23:26:37:195,-0.170000001788139,0.240099996328354,0.193399995565414,0.935899972915649,-0.4256,-0.183,0.6787
44.81,09-22-2026 23:26:37:205,-0.170200005173683,0.240099996328354,0.193499997258186,0.935800015926361,-0.4266,-0.1837,0.6802
44.82,09-22-2026 23:26:37:215,-0.170300006866455,0.240099996328354,0.193499997258186,0.935800015926361,-0.4273,-0.1841,0.6805
44.83,09-22-2026 23:26:37:225,-0.170300006866455,0.240099996328354,0.193499997258186,0.935800015926361,-0.4283,-0.1847,0.6807
44.84,09-22-2026 23:26:37:235,-0.170399993658066,0.240099996328354,0.193499997258186,0.935800015926361,-0.4291,-0.1849,0.6803
44.85,09-22-2026 23:26:37:245,-0.170499995350838,0.240099996328354,0.193499997258186,0.935800015926361,-0.4285,-0.1846,0.6804
44.86,09-22-2026 23:26:37:255,-0.170499995350838,0.240099996328354,0.193499997258186,0.935800015926361,-0.4282,-0.1846,0.681
44.87,09-22-2026 23:26:37:265,-0.17059999704361,0.240099996328354,0.193499997258186,0.935800015926361,-0.4284,-0.1834,0.6815
44.88,09-22-2026 23:26:37:275,-0.17059999704361,0.240099996328354,0.193499997258186,0.935800015926361,-0.4285,-0.1825,0.6815
44.89,09-22-2026 23:26:37:285,-0.170699998736382,0.240099996328354,0.193499997258186,0.935800015926361,-0.4283,-0.1821,0.6807
44.9,09-22-2026 23:26:37:295,-0.170699998736382,0.240099996328354,0.193499997258186,0.935800015926361,-0.4284,-0.1812,0.6799
44.91,09-22-2026 23:26:37:305,-0.170800000429153,0.240099996328354,0.193499997258186,0.935899972915649,-0.4261,-0.1804,0.6767
44.92,09-22-2026 23:26:37:315,-0.170900002121925,0.240099996328354,0.193499997258186,0.935899972915649,-0.4257,-0.1803,0.6767
44.93,09-22-2026 23:26:37:325,-0.170900002121925,0.240099996328354,0.193499997258186,0.935899972915649,-0.4253,-0.1805,0.6765
44.94,09-22-2026 23:26:37:335,-0.170900002121925,0.239999994635582,0.193499997258186,0.935899972915649,-0.4258,-0.1796,0.6768
44.95,09-22-2026 23:26:37:345,-0.170900002121925,0.239999994635582,0.193499997258186,0.935899972915649,-0.4263,-0.1795,0.6772
44.96,09-22-2026 23:26:37:355,-0.171000003814697,0.239999994635582,0.193399995565414,0.935899972915649,-0.4275,-0.1793,0.6779
44.97,09-22-2026 23:26:37:365,-0.171000003814697,0.239999994635582,0.193399995565414,0.935899972915649,-0.4278,-0.1792,0.6784
44.98,09-22-2026 23:26:37:375,-0.171000003814697,0.239999994635582,0.193399995565414,0.935899972915649,-0.4282,-0.1799,0.6795
44.99,09-22-2026 23:26:37:385,-0.171000003814697,0.23989999294281,0.193299993872643,0.935999989509583,-0.4275,-0.1804,0.6792
45,09-22-2026 23:26:37:395,-0.171000003814697,0.23989999294281,0.193299993872643,0.935999989509583,-0.4279,-0.1804,0.6785
45.01,09-22-2026 23:26:37:405,-0.171000003814697,0.23989999294281,0.19310000538826,0.935999989509583,-0.4293,-0.1799,0.6776
45.02,09-22-2026 23:26:37:415,-0.171000003814697,0.23989999294281,0.193000003695488,0.935999989509583,-0.4286,-0.18,0.6776
45.03,09-22-2026 23:26:37:425,-0.171000003814697,0.23989999294281,0.193000003695488,0.935999989509583,-0.4281,-0.1801,0.6773
45.04,09-22-2026 23:26:37:435,-0.171000003814697,0.23989999294281,0.192900002002716,0.935999989509583,-0.4277,-0.1804,0.6767
45.05,09-22-2026 23:26:37:445,-0.171000003814697,0.239800006151199,0.192800000309944,0.935999989509583,-0.4275,-0.1813,0.6771
45.06,09-22-2026 23:26:37:455,-0.171000003814697,0.239800006151199,0.192800000309944,0.935999989509583,-0.4284,-0.1817,0.6782
45.07,09-22-2026 23:26:37:465,-0.171000003814697,0.239800006151199,0.192699998617172,0.935999989509583,-0.4287,-0.1819,0.6787
45.08,09-22-2026 23:26:37:475,-0.171000003814697,0.239700004458427,0.192699998617172,0.935999989509583,-0.4284,-0.1821,0.6794
45.09,09-22-2026 23:26:37:485,-0.171000003814697,0.239700004458427,0.1925999969244,0.935999989509583,-0.4281,-0.1832,0.6794
45.1,09-22-2026 23:26:37:495,-0.171000003814697,0.239700004458427,0.1925999969244,0.935999989509583,-0.4279,-0.184,0.6798
45.11,09-22-2026 23:26:37:505,-0.171000003814697,0.239700004458427,0.192499995231628,0.935899972915649,-0.4268,-0.1854,0.6797
45.12,09-22-2026 23:26:37:515,-0.171100005507469,0.239700004458427,0.192499995231628,0.935899972915649,-0.4263,-0.1844,0.6787
45.13,09-22-2026 23:26:37:525,-0.171200007200241,0.239700004458427,0.192499995231628,0.935899972915649,-0.4266,-0.1832,0.6801
45.14,09-22-2026 23:26:37:535,-0.171200007200241,0.239700004458427,0.192499995231628,0.935899972915649,-0.4274,-0.1822,0.6811
45.15,09-22-2026 23:26:37:545,-0.171299993991852,0.239700004458427,0.192499995231628,0.935899972915649,-0.4268,-0.1814,0.6804
45.16,09-22-2026 23:26:37:555,-0.171399995684624,0.239800006151199,0.192499995231628,0.935899972915649,-0.4266,-0.1812,0.6796
45.17,09-22-2026 23:26:37:565,-0.171399995684624,0.239800006151199,0.192499995231628,0.935800015926361,-0.4256,-0.1809,0.679
45.18,09-22-2026 23:26:37:575,-0.171499997377396,0.239800006151199,0.192499995231628,0.935800015926361,-0.4258,-0.1805,0.6775
45.19,09-22-2026 23:26:37:585,-0.171599999070168,0.239800006151199,0.192499995231628,0.935800015926361,-0.4262,-0.1806,0.6766
45.2,09-22-2026 23:26:37:595,-0.171599999070168,0.239800006151199,0.192499995231628,0.935800015926361,-0.4259,-0.1808,0.6756
45.21,09-22-2026 23:26:37:605,-0.171800002455711,0.23989999294281,0.1925999969244,0.935699999332428,-0.4261,-0.182,0.6762
45.22,09-22-2026 23:26:37:615,-0.171800002455711,0.23989999294281,0.1925999969244,0.935699999332428,-0.4255,-0.1827,0.6778
45.23,09-22-2026 23:26:37:625,-0.171700000762939,0.23989999294281,0.1925999969244,0.935699999332428,-0.4252,-0.1834,0.6794
45.24,09-22-2026 23:26:37:635,-0.171700000762939,0.23989999294281,0.1925999969244,0.935699999332428,-0.4248,-0.1839,0.6801
45.25,09-22-2026 23:26:37:645,-0.171700000762939,0.23989999294281,0.1925999969244,0.935699999332428,-0.425,-0.1844,0.6816
45.26,09-22-2026 23:26:37:655,-0.171700000762939,0.23989999294281,0.1925999969244,0.935699999332428,-0.4248,-0.1846,0.6818
45.27,09-22-2026 23:26:37:665,-0.171700000762939,0.23989999294281,0.1925999969244,0.935699999332428,-0.425,-0.1846,0.6816
45.28,09-22-2026 23:26:37:675,-0.171700000762939,0.23989999294281,0.192699998617172,0.935699999332428,-0.4259,-0.185,0.6818
45.29,09-22-2026 23:26:37:685,-0.171700000762939,0.23989999294281,0.192699998617172,0.935699999332428,-0.4266,-0.1846,0.682
45.3,09-22-2026 23:26:37:695,-0.171700000762939,0.23989999294281,0.192699998617172,0.935699999332428,-0.4266,-0.1844,0.6817
45.31,09-22-2026 23:26:37:705,-0.171700000762939,0.23989999294281,0.192800000309944,0.935699999332428,-0.4263,-0.1839,0.6802
45.32,09-22-2026 23:26:37:715,-0.171700000762939,0.239999994635582,0.192800000309944,0.935699999332428,-0.4261,-0.1834,0.6793
45.33,09-22-2026 23:26:37:725,-0.171700000762939,0.239999994635582,0.192800000309944,0.935699999332428,-0.4261,-0.1833,0.6792
45.34,09-22-2026 23:26:37:735,-0.171700000762939,0.239999994635582,0.192800000309944,0.935699999332428,-0.426,-0.1832,0.6795
45.35,09-22-2026 23:26:37:745,-0.171700000762939,0.239999994635582,0.192800000309944,0.935699999332428,-0.4267,-0.1827,0.6794
45.36,09-22-2026 23:26:37:755,-0.171700000762939,0.239999994635582,0.192800000309944,0.935699999332428,-0.4271,-0.1827,0.6793
45.37,09-22-2026 23:26:37:765,-0.171700000762939,0.239999994635582,0.192800000309944,0.935699999332428,-0.428,-0.183,0.6796
45.38,09-22-2026 23:26:37:775,-0.171700000762939,0.239999994635582,0.192800000309944,0.935699999332428,-0.4286,-0.1836,0.6804
45.39,09-22-2026 23:26:37:785,-0.171700000762939,0.239999994635582,0.192800000309944,0.935699999332428,-0.4287,-0.1839,0.6801
45.4,09-22-2026 23:26:37:795,-0.171700000762939,0.239999994635582,0.192800000309944,0.935699999332428,-0.4286,-0.1844,0.6798
45.41,09-22-2026 23:26:37:805,-0.171700000762939,0.239999994635582,0.192800000309944,0.935699999332428,-0.4282,-0.1841,0.6791
45.42,09-22-2026 23:26:37:815,-0.171700000762939,0.239999994635582,0.192800000309944,0.935699999332428,-0.4273,-0.1836,0.6785
45.43,09-22-2026 23:26:37:825,-0.171700000762939,0.239999994635582,0.192800000309944,0.935699999332428,-0.4269,-0.1836,0.6778
45.44,09-22-2026 23:26:37:835,-0.171700000762939,0.239999994635582,0.192800000309944,0.935699999332428,-0.4267,-0.1835,0.6768
45.45,09-22-2026 23:26:37:845,-0.171700000762939,0.240099996328354,0.192800000309944,0.935699999332428,-0.4271,-0.184,0.677
45.46,09-22-2026 23:26:37:855,-0.171700000762939,0.240099996328354,0.192800000309944,0.935699999332428,-0.428,-0.184,0.6777
45.47,09-22-2026 23:26:37:865,-0.171700000762939,0.240099996328354,0.192800000309944,0.935699999332428,-0.4279,-0.1835,0.6768
45.48,09-22-2026 23:26:37:875,-0.171700000762939,0.240099996328354,0.192800000309944,0.935699999332428,-0.4281,-0.1838,0.676
45.49,09-22-2026 23:26:37:885,-0.171700000762939,0.240099996328354,0.192800000309944,0.935699999332428,-0.4285,-0.1841,0.6757
45.5,09-22-2026 23:26:37:895,-0.171700000762939,0.240099996328354,0.192800000309944,0.935699999332428,-0.4279,-0.1847,0.6763
45.51,09-22-2026 23:26:37:905,-0.171700000762939,0.240099996328354,0.192800000309944,0.935699999332428,-0.4228,-0.1855,0.6748
45.52,09-22-2026 23:26:37:915,-0.171700000762939,0.240099996328354,0.192800000309944,0.935699999332428,-0.422,-0.185,0.6759
45.53,09-22-2026 23:26:37:925,-0.171700000762939,0.240099996328354,0.192800000309944,0.935699999332428,-0.4222,-0.1845,0.6767
45.54,09-22-2026 23:26:37:935,-0.171700000762939,0.240099996328354,0.192800000309944,0.935699999332428,-0.4225,-0.1849,0.6764
45.55,09-22-2026 23:26:37:945,-0.171700000762939,0.240099996328354,0.192800000309944,0.935699999332428,-0.4239,-0.1855,0.6768
45.56,09-22-2026 23:26:37:955,-0.171700000762939,0.240199998021126,0.192800000309944,0.935699999332428,-0.425,-0.1861,0.6779
45.57,09-22-2026 23:26:37:965,-0.171700000762939,0.240199998021126,0.192800000309944,0.935699999332428,-0.4254,-0.1864,0.6786
45.58,09-22-2026 23:26:37:975,-0.171700000762939,0.240199998021126,0.192800000309944,0.935699999332428,-0.4268,-0.1861,0.6794
45.59,09-22-2026 23:26:37:985,-0.171700000762939,0.240199998021126,0.192800000309944,0.935699999332428,-0.4283,-0.1866,0.6801
45.6,09-22-2026 23:26:37:995,-0.171700000762939,0.240199998021126,0.192800000309944,0.935699999332428,-0.4285,-0.1867,0.6805
45.61,09-22-2026 23:26:38:005,-0.171700000762939,0.240199998021126,0.192800000309944,0.935699999332428,-0.4281,-0.1874,0.6811
45.62,09-22-2026 23:26:38:015,-0.171700000762939,0.240199998021126,0.192800000309944,0.935699999332428,-0.4273,-0.1875,0.6811
45.63,09-22-2026 23:26:38:025,-0.171700000762939,0.240199998021126,0.192800000309944,0.935699999332428,-0.4271,-0.1874,0.68
45.64,09-22-2026 23:26:38:035,-0.171700000762939,0.240199998021126,0.192800000309944,0.935699999332428,-0.427,-0.187,0.6803
45.65,09-22-2026 23:26:38:045,-0.171700000762939,0.240199998021126,0.192800000309944,0.935699999332428,-0.4265,-0.1869,0.6806
45.66,09-22-2026 23:26:38:055,-0.171700000762939,0.240199998021126,0.192800000309944,0.935599982738495,-0.4258,-0.1875,0.6803
45.67,09-22-2026 23:26:38:065,-0.171700000762939,0.240199998021126,0.192800000309944,0.935599982738495,-0.4255,-0.1882,0.6802
45.68,09-22-2026 23:26:38:075,-0.171700000762939,0.240199998021126,0.192800000309944,0.935599982738495,-0.4258,-0.1886,0.6799
45.69,09-22-2026 23:26:38:085,-0.171700000762939,0.240299999713898,0.192800000309944,0.935599982738495,-0.4261,-0.1882,0.6797
45.7,09-22-2026 23:26:38:095,-0.171700000762939,0.240299999713898,0.192800000309944,0.935599982738495,-0.4266,-0.1874,0.6804
45.71,09-22-2026 23:26:38:105,-0.171700000762939,0.240299999713898,0.192800000309944,0.935599982738495,-0.4287,-0.1876,0.6776
45.72,09-22-2026 23:26:38:115,-0.171700000762939,0.240299999713898,0.192800000309944,0.935599982738495,-0.4288,-0.1876,0.677
45.73,09-22-2026 23:26:38:125,-0.171700000762939,0.240299999713898,0.192800000309944,0.935599982738495,-0.4281,-0.1882,0.6768
45.74,09-22-2026 23:26:38:135,-0.171700000762939,0.240299999713898,0.192800000309944,0.935599982738495,-0.4283,-0.188,0.678
45.75,09-22-2026 23:26:38:145,-0.171700000762939,0.240299999713898,0.192800000309944,0.935599982738495,-0.4282,-0.1887,0.6788
45.76,09-22-2026 23:26:38:155,-0.171700000762939,0.240299999713898,0.192800000309944,0.935599982738495,-0.427,-0.189,0.6797
45.77,09-22-2026 23:26:38:165,-0.171599999070168,0.240299999713898,0.192800000309944,0.935599982738495,-0.427,-0.1887,0.6788
45.78,09-22-2026 23:26:38:175,-0.171700000762939,0.240299999713898,0.192800000309944,0.935699999332428,-0.427,-0.1881,0.6783
45.79,09-22-2026 23:26:38:185,-0.171700000762939,0.240299999713898,0.192800000309944,0.935699999332428,-0.4272,-0.1875,0.6784
45.8,09-22-2026 23:26:38:195,-0.171700000762939,0.240299999713898,0.192800000309944,0.935699999332428,-0.4273,-0.1869,0.6779
45.81,09-22-2026 23:26:38:205,-0.171700000762939,0.24040000140667,0.192800000309944,0.935699999332428,-0.4271,-0.1861,0.6775
45.82,09-22-2026 23:26:38:215,-0.171700000762939,0.24040000140667,0.192800000309944,0.935699999332428,-0.4275,-0.1857,0.6788
45.83,09-22-2026 23:26:38:225,-0.171700000762939,0.24040000140667,0.192800000309944,0.935699999332428,-0.4275,-0.1857,0.6787
45.84,09-22-2026 23:26:38:235,-0.171700000762939,0.24040000140667,0.192800000309944,0.935699999332428,-0.427,-0.1858,0.6789
45.85,09-22-2026 23:26:38:245,-0.171700000762939,0.24040000140667,0.192800000309944,0.935699999332428,-0.4267,-0.1854,0.6778
45.86,09-22-2026 23:26:38:255,-0.171700000762939,0.24040000140667,0.192800000309944,0.935699999332428,-0.427,-0.1854,0.6776
45.87,09-22-2026 23:26:38:265,-0.171599999070168,0.24040000140667,0.192900002002716,0.935699999332428,-0.4268,-0.1855,0.6765
45.88,09-22-2026 23:26:38:275,-0.171599999070168,0.240299999713898,0.192800000309944,0.935699999332428,-0.4266,-0.1857,0.676
45.89,09-22-2026 23:26:38:285,-0.171599999070168,0.240299999713898,0.192800000309944,0.935699999332428,-0.4264,-0.1866,0.6767
45.9,09-22-2026 23:26:38:295,-0.171599999070168,0.240199998021126,0.192800000309944,0.935699999332428,-0.4265,-0.187,0.6766
45.91,09-22-2026 23:26:38:305,-0.171599999070168,0.240199998021126,0.192800000309944,0.935699999332428,-0.4286,-0.188,0.6787
45.92,09-22-2026 23:26:38:315,-0.171599999070168,0.240199998021126,0.192800000309944,0.935699999332428,-0.428,-0.1889,0.6794
45.93,09-22-2026 23:26:38:325,-0.171599999070168,0.240199998021126,0.192800000309944,0.935699999332428,-0.4282,-0.1894,0.6803
45.94,09-22-2026 23:26:38:335,-0.171599999070168,0.240199998021126,0.192800000309944,0.935699999332428,-0.4269,-0.1896,0.6807
45.95,09-22-2026 23:26:38:345,-0.171599999070168,0.240199998021126,0.192800000309944,0.935699999332428,-0.4266,-0.1898,0.681
45.96,09-22-2026 23:26:38:355,-0.171599999070168,0.240299999713898,0.192800000309944,0.935699999332428,-0.4266,-0.1893,0.6818
45.97,09-22-2026 23:26:38:365,-0.171599999070168,0.240299999713898,0.192800000309944,0.935699999332428,-0.4266,-0.1892,0.6817
45.98,09-22-2026 23:26:38:375,-0.171599999070168,0.240299999713898,0.192800000309944,0.935699999332428,-0.4272,-0.1881,0.6807
45.99,09-22-2026 23:26:38:385,-0.171599999070168,0.240299999713898,0.192800000309944,0.935699999332428,-0.428,-0.1881,0.6806
46,09-22-2026 23:26:38:395,-0.171599999070168,0.240299999713898,0.192800000309944,0.935699999332428,-0.4288,-0.1878,0.6808
46.01,09-22-2026 23:26:38:405,-0.171599999070168,0.240299999713898,0.192800000309944,0.935699999332428,-0.4254,-0.1871,0.6804
46.02,09-22-2026 23:26:38:415,-0.171499997377396,0.240299999713898,0.192800000309944,0.935699999332428,-0.4254,-0.1865,0.6798
46.03,09-22-2026 23:26:38:425,-0.171499997377396,0.240299999713898,0.192800000309944,0.935699999332428,-0.4251,-0.1859,0.6778
46.04,09-22-2026 23:26:38:435,-0.171499997377396,0.240299999713898,0.192800000309944,0.935699999332428,-0.4242,-0.1852,0.6761
46.05,09-22-2026 23:26:38:445,-0.171499997377396,0.240299999713898,0.192800000309944,0.935699999332428,-0.4255,-0.1845,0.6749
46.06,09-22-2026 23:26:38:455,-0.171499997377396,0.240299999713898,0.192800000309944,0.935699999332428,-0.426,-0.1841,0.674
46.07,09-22-2026 23:26:38:465,-0.171499997377396,0.240299999713898,0.192800000309944,0.935699999332428,-0.4271,-0.1834,0.674
46.08,09-22-2026 23:26:38:475,-0.171499997377396,0.240299999713898,0.192800000309944,0.935699999332428,-0.4267,-0.1831,0.6746
46.09,09-22-2026 23:26:38:485,-0.171499997377396,0.240299999713898,0.192800000309944,0.935699999332428,-0.427,-0.1831,0.6752
46.1,09-22-2026 23:26:38:495,-0.171499997377396,0.240299999713898,0.192800000309944,0.935699999332428,-0.4264,-0.1842,0.676
46.11,09-22-2026 23:26:38:505,-0.171499997377396,0.240299999713898,0.192800000309944,0.935699999332428,-0.4247,-0.1861,0.677
46.12,09-22-2026 23:26:38:515,-0.171499997377396,0.240299999713898,0.192800000309944,0.935699999332428,-0.4247,-0.1868,0.6774
46.13,09-22-2026 23:26:38:525,-0.171499997377396,0.240299999713898,0.192800000309944,0.935699999332428,-0.4245,-0.1878,0.6786
46.14,09-22-2026 23:26:38:535,-0.171499997377396,0.240299999713898,0.192800000309944,0.935699999332428,-0.4249,-0.1879,0.6793
46.15,09-22-2026 23:26:38:545,-0.171499997377396,0.240299999713898,0.192800000309944,0.935699999332428,-0.4248,-0.1883,0.6792
46.16,09-22-2026 23:26:38:555,-0.171499997377396,0.240299999713898,0.192800000309944,0.935699999332428,-0.4243,-0.1875,0.6793
46.17,09-22-2026 23:26:38:565,-0.171499997377396,0.240299999713898,0.192800000309944,0.935699999332428,-0.4255,-0.1869,0.6799
46.18,09-22-2026 23:26:38:575,-0.171499997377396,0.24040000140667,0.192800000309944,0.935699999332428,-0.4264,-0.1858,0.6791
46.19,09-22-2026 23:26:38:585,-0.171499997377396,0.24040000140667,0.192800000309944,0.935699999332428,-0.4273,-0.185,0.6782
46.2,09-22-2026 23:26:38:595,-0.171399995684624,0.24040000140667,0.192800000309944,0.935599982738495,-0.4278,-0.1841,0.6774
46.21,09-22-2026 23:26:38:605,-0.171399995684624,0.24040000140667,0.192800000309944,0.935599982738495,-0.4297,-0.1829,0.6775
46.22,09-22-2026 23:26:38:615,-0.171399995684624,0.24040000140667,0.192800000309944,0.935599982738495,-0.4298,-0.1828,0.6776
46.23,09-22-2026 23:26:38:625,-0.171399995684624,0.24040000140667,0.192800000309944,0.935599982738495,-0.4296,-0.1828,0.6783
46.24,09-22-2026 23:26:38:635,-0.171399995684624,0.24040000140667,0.192800000309944,0.935599982738495,-0.429,-0.1836,0.6794
46.25,09-22-2026 23:26:38:645,-0.171399995684624,0.24040000140667,0.192800000309944,0.935599982738495,-0.4282,-0.1841,0.6797
46.26,09-22-2026 23:26:38:655,-0.171399995684624,0.24040000140667,0.192800000309944,0.935599982738495,-0.4268,-0.1849,0.6801
46.27,09-22-2026 23:26:38:665,-0.171399995684624,0.24040000140667,0.192900002002716,0.935599982738495,-0.427,-0.186,0.6816
46.28,09-22-2026 23:26:38:675,-0.171399995684624,0.24040000140667,0.192900002002716,0.935599982738495,-0.4274,-0.1864,0.6832
46.29,09-22-2026 23:26:38:685,-0.171399995684624,0.24040000140667,0.192900002002716,0.935599982738495,-0.4281,-0.1864,0.6846
46.3,09-22-2026 23:26:38:695,-0.171399995684624,0.240500003099442,0.192900002002716,0.935599982738495,-0.4271,-0.1868,0.6843
46.31,09-22-2026 23:26:38:705,-0.171399995684624,0.240500003099442,0.192900002002716,0.935599982738495,-0.4257,-0.189,0.6816
46.32,09-22-2026 23:26:38:715,-0.171399995684624,0.240500003099442,0.192900002002716,0.935599982738495,-0.426,-0.1889,0.6801
46.33,09-22-2026 23:26:38:725,-0.171399995684624,0.240500003099442,0.192900002002716,0.935599982738495,-0.4265,-0.1873,0.6796
46.34,09-22-2026 23:26:38:735,-0.171399995684624,0.240500003099442,0.192900002002716,0.935599982738495,-0.4264,-0.1869,0.6781
46.35,09-22-2026 23:26:38:745,-0.171399995684624,0.240500003099442,0.192900002002716,0.935599982738495,-0.4261,-0.1856,0.676
46.36,09-22-2026 23:26:38:755,-0.171399995684624,0.240500003099442,0.192900002002716,0.935599982738495,-0.4257,-0.1848,0.676
46.37,09-22-2026 23:26:38:765,-0.171399995684624,0.240500003099442,0.192900002002716,0.935599982738495,-0.4259,-0.1843,0.6769
46.38,09-22-2026 23:26:38:775,-0.171399995684624,0.240500003099442,0.192900002002716,0.935599982738495,-0.4259,-0.1836,0.6772
46.39,09-22-2026 23:26:38:785,-0.171399995684624,0.240500003099442,0.192900002002716,0.935699999332428,-0.4254,-0.1836,0.6773
46.4,09-22-2026 23:26:38:795,-0.171399995684624,0.240500003099442,0.192900002002716,0.935699999332428,-0.4254,-0.184,0.6779
46.41,09-22-2026 23:26:38:805,-0.171599999070168,0.240500003099442,0.192900002002716,0.935699999332428,-0.4243,-0.1846,0.6788
46.42,09-22-2026 23:26:38:815,-0.171599999070168,0.240500003099442,0.192900002002716,0.935699999332428,-0.4236,-0.1848,0.6785
46.43,09-22-2026 23:26:38:825,-0.171599999070168,0.240600004792213,0.192900002002716,0.935699999332428,-0.4238,-0.185,0.6777
46.44,09-22-2026 23:26:38:835,-0.171499997377396,0.240600004792213,0.192900002002716,0.935699999332428,-0.4245,-0.1849,0.6768
46.45,09-22-2026 23:26:38:845,-0.171499997377396,0.240600004792213,0.192900002002716,0.935699999332428,-0.425,-0.1847,0.6764
46.46,09-22-2026 23:26:38:855,-0.171499997377396,0.240600004792213,0.192900002002716,0.935699999332428,-0.4254,-0.1843,0.6767
46.47,09-22-2026 23:26:38:865,-0.171599999070168,0.240600004792213,0.192900002002716,0.935699999332428,-0.4267,-0.1841,0.6767
46.48,09-22-2026 23:26:38:875,-0.171599999070168,0.240500003099442,0.192900002002716,0.935599982738495,-0.4277,-0.184,0.6768
46.49,09-22-2026 23:26:38:885,-0.171599999070168,0.240500003099442,0.192800000309944,0.935599982738495,-0.4284,-0.1844,0.6783
46.5,09-22-2026 23:26:38:895,-0.171599999070168,0.24040000140667,0.192800000309944,0.935599982738495,-0.4285,-0.1845,0.6798
46.51,09-22-2026 23:26:38:905,-0.171599999070168,0.240299999713898,0.192699998617172,0.935599982738495,-0.4273,-0.1856,0.6805
46.52,09-22-2026 23:26:38:915,-0.171599999070168,0.24040000140667,0.192699998617172,0.935599982738495,-0.4264,-0.1861,0.6801
46.53,09-22-2026 23:26:38:925,-0.171599999070168,0.24040000140667,0.192699998617172,0.935599982738495,-0.4259,-0.1866,0.6801
46.54,09-22-2026 23:26:38:935,-0.171599999070168,0.24040000140667,0.192699998617172,0.935699999332428,-0.4254,-0.186,0.6794
46.55,09-22-2026 23:26:38:945,-0.171599999070168,0.24040000140667,0.192699998617172,0.935699999332428,-0.4259,-0.1851,0.6783
46.56,09-22-2026 23:26:38:955,-0.171499997377396,0.24040000140667,0.192699998617172,0.935699999332428,-0.4261,-0.1846,0.6771
46.57,09-22-2026 23:26:38:965,-0.171499997377396,0.24040000140667,0.192699998617172,0.935699999332428,-0.4265,-0.1844,0.6765
46.58,09-22-2026 23:26:38:975,-0.171499997377396,0.24040000140667,0.192699998617172,0.935699999332428,-0.4275,-0.1843,0.6763
46.59,09-22-2026 23:26:38:985,-0.171499997377396,0.24040000140667,0.192699998617172,0.935699999332428,-0.4279,-0.1841,0.6769
46.6,09-22-2026 23:26:38:995,-0.171499997377396,0.24040000140667,0.192699998617172,0.935699999332428,-0.4282,-0.1846,0.6775
46.61,09-22-2026 23:26:39:005,-0.171499997377396,0.24040000140667,0.192699998617172,0.935699999332428,-0.4278,-0.1851,0.6797
46.62,09-22-2026 23:26:39:015,-0.171499997377396,0.24040000140667,0.192699998617172,0.935699999332428,-0.4272,-0.1856,0.6795
46.63,09-22-2026 23:26:39:025,-0.171499997377396,0.24040000140667,0.192699998617172,0.935699999332428,-0.4264,-0.1861,0.6803
46.64,09-22-2026 23:26:39:035,-0.171499997377396,0.24040000140667,0.192699998617172,0.935699999332428,-0.4259,-0.1862,0.6808
46.65,09-22-2026 23:26:39:045,-0.171499997377396,0.24040000140667,0.192699998617172,0.935699999332428,-0.4258,-0.1856,0.6805
46.66,09-22-2026 23:26:39:055,-0.171499997377396,0.24040000140667,0.192699998617172,0.935699999332428,-0.4255,-0.185,0.6797
46.67,09-22-2026 23:26:39:065,-0.171499997377396,0.24040000140667,0.192699998617172,0.935699999332428,-0.4256,-0.1847,0.6798
46.68,09-22-2026 23:26:39:075,-0.171499997377396,0.24040000140667,0.192699998617172,0.935699999332428,-0.425,-0.1848,0.6792
46.69,09-22-2026 23:26:39:085,-0.171399995684624,0.24040000140667,0.192699998617172,0.935699999332428,-0.4252,-0.1848,0.6775
46.7,09-22-2026 23:26:39:095,-0.171399995684624,0.24040000140667,0.192699998617172,0.935699999332428,-0.4259,-0.1847,0.6763
46.71,09-22-2026 23:26:39:105,-0.171399995684624,0.24040000140667,0.192699998617172,0.935699999332428,-0.4267,-0.1846,0.6768
46.72,09-22-2026 23:26:39:115,-0.171399995684624,0.24040000140667,0.192699998617172,0.935699999332428,-0.4273,-0.1848,0.6778
46.73,09-22-2026 23:26:39:125,-0.171499997377396,0.24040000140667,0.192699998617172,0.935699999332428,-0.4277,-0.1853,0.6779
46.74,09-22-2026 23:26:39:135,-0.171499997377396,0.24040000140667,0.192699998617172,0.935699999332428,-0.4267,-0.1857,0.6776
46.75,09-22-2026 23:26:39:145,-0.171599999070168,0.24040000140667,0.192699998617172,0.935599982738495,-0.4252,-0.1863,0.6784
46.76,09-22-2026 23:26:39:155,-0.171700000762939,0.24040000140667,0.192699998617172,0.935599982738495,-0.4236,-0.186,0.6789
46.77,09-22-2026 23:26:39:165,-0.171700000762939,0.24040000140667,0.192699998617172,0.935599982738495,-0.4232,-0.1851,0.6784
46.78,09-22-2026 23:26:39:175,-0.171800002455711,0.24040000140667,0.192699998617172,0.935599982738495,-0.4232,-0.1856,0.6776
46.79,09-22-2026 23:26:39:185,-0.171900004148483,0.24040000140667,0.192699998617172,0.935599982738495,-0.4242,-0.1847,0.6771
46.8,09-22-2026 23:26:39:195,-0.171900004148483,0.24040000140667,0.192699998617172,0.935599982738495,-0.4253,-0.1837,0.6771
46.81,09-22-2026 23:26:39:205,-0.172000005841255,0.24040000140667,0.192699998617172,0.935599982738495,-0.4308,-0.1823,0.6753
46.82,09-22-2026 23:26:39:215,-0.172000005841255,0.240500003099442,0.192699998617172,0.935599982738495,-0.4322,-0.1828,0.6756
46.83,09-22-2026 23:26:39:225,-0.172000005841255,0.24040000140667,0.192699998617172,0.935599982738495,-0.4321,-0.1834,0.676
46.84,09-22-2026 23:26:39:235,-0.172000005841255,0.24040000140667,0.192800000309944,0.935599982738495,-0.4319,-0.1843,0.6771
46.85,09-22-2026 23:26:39:245,-0.172000005841255,0.24040000140667,0.192800000309944,0.935599982738495,-0.4318,-0.1853,0.6773
46.86,09-22-2026 23:26:39:255,-0.172000005841255,0.24040000140667,0.192800000309944,0.935599982738495,-0.4307,-0.186,0.6781
46.87,09-22-2026 23:26:39:265,-0.172000005841255,0.24040000140667,0.192800000309944,0.935599982738495,-0.4298,-0.1864,0.6796
46.88,09-22-2026 23:26:39:275,-0.171900004148483,0.24040000140667,0.192800000309944,0.935599982738495,-0.4285,-0.1875,0.6806
46.89,09-22-2026 23:26:39:285,-0.171900004148483,0.240299999713898,0.192900002002716,0.935599982738495,-0.4274,-0.1888,0.6814
46.9,09-22-2026 23:26:39:295,-0.171900004148483,0.240299999713898,0.192900002002716,0.935599982738495,-0.4271,-0.1903,0.6834
46.91,09-22-2026 23:26:39:305,-0.171900004148483,0.240199998021126,0.192900002002716,0.935599982738495,-0.4271,-0.19,0.6837
46.92,09-22-2026 23:26:39:315,-0.171900004148483,0.240199998021126,0.192900002002716,0.935599982738495,-0.4269,-0.1897,0.6821
46.93,09-22-2026 23:26:39:325,-0.171900004148483,0.240199998021126,0.192900002002716,0.935599982738495,-0.427,-0.1889,0.6812
46.94,09-22-2026 23:26:39:335,-0.171900004148483,0.240199998021126,0.192900002002716,0.935599982738495,-0.4269,-0.1875,0.6803
46.95,09-22-2026 23:26:39:345,-0.171900004148483,0.240199998021126,0.192900002002716,0.935599982738495,-0.4274,-0.1857,0.6783
46.96,09-22-2026 23:26:39:355,-0.171900004148483,0.240199998021126,0.192900002002716,0.935599982738495,-0.4277,-0.1844,0.6765
46.97,09-22-2026 23:26:39:365,-0.171900004148483,0.240199998021126,0.192900002002716,0.935599982738495,-0.4278,-0.1837,0.6763
46.98,09-22-2026 23:26:39:375,-0.171900004148483,0.240199998021126,0.192900002002716,0.935599982738495,-0.4282,-0.1835,0.6755
46.99,09-22-2026 23:26:39:385,-0.171800002455711,0.240199998021126,0.192900002002716,0.935599982738495,-0.4282,-0.1835,0.6758
47,09-22-2026 23:26:39:395,-0.171800002455711,0.240199998021126,0.192900002002716,0.935599982738495,-0.4283,-0.184,0.6755
47.01,09-22-2026 23:26:39:405,-0.171800002455711,0.240199998021126,0.192900002002716,0.935599982738495,-0.4254,-0.1857,0.6777
47.02,09-22-2026 23:26:39:415,-0.171800002455711,0.240199998021126,0.192900002002716,0.935599982738495,-0.4252,-0.186,0.6782
47.03,09-22-2026 23:26:39:425,-0.171800002455711,0.240199998021126,0.192900002002716,0.935599982738495,-0.4244,-0.1863,0.6786
47.04,09-22-2026 23:26:39:435,-0.171800002455711,0.240199998021126,0.192900002002716,0.935599982738495,-0.4239,-0.1859,0.6804
47.05,09-22-2026 23:26:39:445,-0.171700000762939,0.240199998021126,0.192900002002716,0.935599982738495,-0.424,-0.1861,0.6805
47.06,09-22-2026 23:26:39:455,-0.171700000762939,0.240199998021126,0.192900002002716,0.935599982738495,-0.4238,-0.1864,0.6804
47.07,09-22-2026 23:26:39:465,-0.171700000762939,0.240199998021126,0.192900002002716,0.935599982738495,-0.4235,-0.1856,0.6804
47.08,09-22-2026 23:26:39:475,-0.171700000762939,0.240199998021126,0.192900002002716,0.935599982738495,-0.424,-0.1854,0.6796
47.09,09-22-2026 23:26:39:485,-0.171700000762939,0.240199998021126,0.192900002002716,0.935599982738495,-0.4243,-0.1849,0.678
47.1,09-22-2026 23:26:39:495,-0.171700000762939,0.240199998021126,0.192900002002716,0.935599982738495,-0.4238,-0.1847,0.6769
47.11,09-22-2026 23:26:39:505,-0.171700000762939,0.240199998021126,0.192900002002716,0.935599982738495,-0.4238,-0.1845,0.6739
47.12,09-22-2026 23:26:39:515,-0.171700000762939,0.240199998021126,0.192900002002716,0.935599982738495,-0.4247,-0.1839,0.6751
47.13,09-22-2026 23:26:39:525,-0.171700000762939,0.240199998021126,0.192900002002716,0.935599982738495,-0.4255,-0.1847,0.6755
47.14,09-22-2026 23:26:39:535,-0.171700000762939,0.240199998021126,0.193000003695488,0.935599982738495,-0.4259,-0.1851,0.6756
47.15,09-22-2026 23:26:39:545,-0.171599999070168,0.240199998021126,0.193000003695488,0.935599982738495,-0.426,-0.1862,0.6766
47.16,09-22-2026 23:26:39:555,-0.171599999070168,0.240199998021126,0.193000003695488,0.935599982738495,-0.4256,-0.1872,0.6786
47.17,09-22-2026 23:26:39:565,-0.171599999070168,0.240199998021126,0.193000003695488,0.935599982738495,-0.426,-0.1881,0.679
47.18,09-22-2026 23:26:39:575,-0.171599999070168,0.240199998021126,0.193000003695488,0.935599982738495,-0.4261,-0.1889,0.6798
47.19,09-22-2026 23:26:39:585,-0.171599999070168,0.240199998021126,0.193000003695488,0.935599982738495,-0.4258,-0.1904,0.6811
47.2,09-22-2026 23:26:39:595,-0.171599999070168,0.240199998021126,0.193000003695488,0.935599982738495,-0.4251,-0.1914,0.6823
47.21,09-22-2026 23:26:39:605,-0.171599999070168,0.240199998021126,0.193000003695488,0.935599982738495,-0.4244,-0.1907,0.682
47.22,09-22-2026 23:26:39:615,-0.171599999070168,0.240199998021126,0.193000003695488,0.935599982738495,-0.4244,-0.1901,0.6823
47.23,09-22-2026 23:26:39:625,-0.171599999070168,0.240199998021126,0.193000003695488,0.935599982738495,-0.4247,-0.19,0.6826
47.24,09-22-2026 23:26:39:635,-0.171599999070168,0.240199998021126,0.193000003695488,0.935599982738495,-0.4246,-0.189,0.683
47.25,09-22-2026 23:26:39:645,-0.171599999070168,0.240199998021126,0.193000003695488,0.935599982738495,-0.4246,-0.1889,0.6823
47.26,09-22-2026 23:26:39:655,-0.171499997377396,0.240199998021126,0.193000003695488,0.935599982738495,-0.4241,-0.1891,0.6815
47.27,09-22-2026 23:26:39:665,-0.171499997377396,0.240199998021126,0.193000003695488,0.935599982738495,-0.4241,-0.1889,0.6814
47.28,09-22-2026 23:26:39:675,-0.171499997377396,0.240199998021126,0.193000003695488,0.935599982738495,-0.424,-0.1876,0.6814
47.29,09-22-2026 23:26:39:685,-0.171499997377396,0.240199998021126,0.193000003695488,0.935599982738495,-0.4242,-0.1868,0.681
47.3,09-22-2026 23:26:39:695,-0.171499997377396,0.240299999713898,0.193000003695488,0.935599982738495,-0.4248,-0.1859,0.6813
47.31,09-22-2026 23:26:39:705,-0.171499997377396,0.240299999713898,0.193000003695488,0.935599982738495,-0.4238,-0.1848,0.6781
47.32,09-22-2026 23:26:39:715,-0.171499997377396,0.240299999713898,0.193000003695488,0.935599982738495,-0.4234,-0.1855,0.6786
47.33,09-22-2026 23:26:39:725,-0.171499997377396,0.240299999713898,0.193000003695488,0.935599982738495,-0.4237,-0.1855,0.679
47.34,09-22-2026 23:26:39:735,-0.171499997377396,0.240299999713898,0.193000003695488,0.935599982738495,-0.4243,-0.1848,0.6802
47.35,09-22-2026 23:26:39:745,-0.171499997377396,0.240299999713898,0.193000003695488,0.935599982738495,-0.4235,-0.1849,0.681
47.36,09-22-2026 23:26:39:755,-0.171399995684624,0.240299999713898,0.193000003695488,0.935599982738495,-0.4228,-0.1849,0.681
47.37,09-22-2026 23:26:39:765,-0.171399995684624,0.240299999713898,0.193000003695488,0.935599982738495,-0.4218,-0.1851,0.6811
47.38,09-22-2026 23:26:39:775,-0.171399995684624,0.240299999713898,0.193000003695488,0.935599982738495,-0.4208,-0.1848,0.6803
47.39,09-22-2026 23:26:39:785,-0.171399995684624,0.240299999713898,0.193000003695488,0.935599982738495,-0.4205,-0.1846,0.6784
47.4,09-22-2026 23:26:39:795,-0.171399995684624,0.240299999713898,0.193000003695488,0.935599982738495,-0.4213,-0.184,0.6772
47.41,09-22-2026 23:26:39:805,-0.171399995684624,0.240299999713898,0.193000003695488,0.935599982738495,-0.4239,-0.1817,0.6758
47.42,09-22-2026 23:26:39:815,-0.171399995684624,0.240299999713898,0.193000003695488,0.935599982738495,-0.425,-0.1813,0.6769
47.43,09-22-2026 23:26:39:825,-0.171399995684624,0.240299999713898,0.193000003695488,0.935599982738495,-0.4247,-0.1817,0.6772
47.44,09-22-2026 23:26:39:835,-0.171399995684624,0.240299999713898,0.193000003695488,0.935599982738495,-0.4248,-0.1823,0.6769
47.45,09-22-2026 23:26:39:845,-0.171399995684624,0.240299999713898,0.19310000538826,0.935599982738495,-0.4247,-0.1833,0.6781
47.46,09-22-2026 23:26:39:855,-0.171399995684624,0.240299999713898,0.19310000538826,0.935599982738495,-0.425,-0.1843,0.6802
47.47,09-22-2026 23:26:39:865,-0.171399995684624,0.240299999713898,0.19310000538826,0.935599982738495,-0.4252,-0.1853,0.6814
47.48,09-22-2026 23:26:39:875,-0.171399995684624,0.240299999713898,0.19310000538826,0.935599982738495,-0.425,-0.1856,0.6822
47.49,09-22-2026 23:26:39:885,-0.171399995684624,0.240299999713898,0.19310000538826,0.935699999332428,-0.425,-0.1859,0.6834
47.5,09-22-2026 23:26:39:895,-0.171399995684624,0.240299999713898,0.19310000538826,0.935699999332428,-0.4252,-0.1859,0.6832
47.51,09-22-2026 23:26:39:905,-0.171299993991852,0.24040000140667,0.19310000538826,0.935699999332428,-0.4256,-0.1849,0.6808
47.52,09-22-2026 23:26:39:915,-0.171299993991852,0.24040000140667,0.19310000538826,0.935699999332428,-0.4253,-0.185,0.6801
47.53,09-22-2026 23:26:39:925,-0.171299993991852,0.24040000140667,0.19310000538826,0.935699999332428,-0.425,-0.1847,0.68
47.54,09-22-2026 23:26:39:935,-0.171299993991852,0.24040000140667,0.19310000538826,0.935699999332428,-0.4254,-0.1847,0.6801
47.55,09-22-2026 23:26:39:945,-0.171299993991852,0.240299999713898,0.19310000538826,0.935699999332428,-0.4258,-0.1848,0.6807
47.56,09-22-2026 23:26:39:955,-0.171299993991852,0.240299999713898,0.19310000538826,0.935699999332428,-0.4253,-0.185,0.6804
47.57,09-22-2026 23:26:39:965,-0.171299993991852,0.240299999713898,0.19310000538826,0.935699999332428,-0.4252,-0.1851,0.6791
47.58,09-22-2026 23:26:39:975,-0.171299993991852,0.240299999713898,0.19310000538826,0.935699999332428,-0.4249,-0.1847,0.6779
47.59,09-22-2026 23:26:39:985,-0.171200007200241,0.240299999713898,0.19310000538826,0.935699999332428,-0.4249,-0.1846,0.6783
47.6,09-22-2026 23:26:39:995,-0.171200007200241,0.240299999713898,0.19310000538826,0.935699999332428,-0.4254,-0.1842,0.6779
47.61,09-22-2026 23:26:40:005,-0.171299993991852,0.240299999713898,0.19310000538826,0.935699999332428,-0.4254,-0.1835,0.6788
47.62,09-22-2026 23:26:40:015,-0.171299993991852,0.240299999713898,0.19310000538826,0.935699999332428,-0.4258,-0.1827,0.6778
47.63,09-22-2026 23:26:40:025,-0.171399995684624,0.240299999713898,0.19310000538826,0.935699999332428,-0.4263,-0.1832,0.678
47.64,09-22-2026 23:26:40:035,-0.171399995684624,0.240299999713898,0.19310000538826,0.935699999332428,-0.4259,-0.1835,0.6786
47.65,09-22-2026 23:26:40:045,-0.171499997377396,0.240299999713898,0.19310000538826,0.935699999332428,-0.4248,-0.1845,0.6789
47.66,09-22-2026 23:26:40:055,-0.171499997377396,0.240299999713898,0.19310000538826,0.935699999332428,-0.4235,-0.1843,0.6791
47.67,09-22-2026 23:26:40:065,-0.171599999070168,0.240299999713898,0.19310000538826,0.935699999332428,-0.4234,-0.1842,0.6795
47.68,09-22-2026 23:26:40:075,-0.171599999070168,0.240299999713898,0.19310000538826,0.935699999332428,-0.4231,-0.1841,0.679
47.69,09-22-2026 23:26:40:085,-0.171700000762939,0.240299999713898,0.19310000538826,0.935800015926361,-0.424,-0.1836,0.6792
47.7,09-22-2026 23:26:40:095,-0.171700000762939,0.240299999713898,0.19310000538826,0.935800015926361,-0.4251,-0.1835,0.6795
47.71,09-22-2026 23:26:40:105,-0.171900004148483,0.240299999713898,0.19310000538826,0.935800015926361,-0.4253,-0.1826,0.6797
47.72,09-22-2026 23:26:40:115,-0.171900004148483,0.240299999713898,0.19310000538826,0.935800015926361,-0.4257,-0.1828,0.6794
47.73,09-22-2026 23:26:40:125,-0.171900004148483,0.240199998021126,0.19310000538826,0.935800015926361,-0.4255,-0.1839,0.6793
47.74,09-22-2026 23:26:40:135,-0.172000005841255,0.240199998021126,0.193000003695488,0.935800015926361,-0.4249,-0.1843,0.6799
47.75,09-22-2026 23:26:40:145,-0.172000005841255,0.240099996328354,0.193000003695488,0.935800015926361,-0.4257,-0.1846,0.6801
47.76,09-22-2026 23:26:40:155,-0.172000005841255,0.240099996328354,0.192900002002716,0.935800015926361,-0.4256,-0.1847,0.6801
47.77,09-22-2026 23:26:40:165,-0.172000005841255,0.239999994635582,0.192900002002716,0.935800015926361,-0.4255,-0.1846,0.6797
47.78,09-22-2026 23:26:40:175,-0.172000005841255,0.239999994635582,0.192800000309944,0.935800015926361,-0.4258,-0.1846,0.6793
47.79,09-22-2026 23:26:40:185,-0.172000005841255,0.23989999294281,0.192800000309944,0.935800015926361,-0.4256,-0.1851,0.6794
47.8,09-22-2026 23:26:40:195,-0.171900004148483,0.23989999294281,0.192699998617172,0.935800015926361,-0.4252,-0.1859,0.6787
47.81,09-22-2026 23:26:40:205,-0.172000005841255,0.239800006151199,0.192499995231628,0.935899972915649,-0.4273,-0.187,0.6815
47.82,09-22-2026 23:26:40:215,-0.171900004148483,0.239800006151199,0.192399993538857,0.935899972915649,-0.4266,-0.1872,0.6816
47.83,09-22-2026 23:26:40:225,-0.171900004148483,0.239800006151199,0.192399993538857,0.935899972915649,-0.4261,-0.1875,0.682
47.84,09-22-2026 23:26:40:235,-0.171900004148483,0.239700004458427,0.192399993538857,0.935999989509583,-0.4251,-0.1875,0.6828
47.85,09-22-2026 23:26:40:245,-0.171900004148483,0.239700004458427,0.192399993538857,0.935999989509583,-0.4232,-0.1877,0.6821
47.86,09-22-2026 23:26:40:255,-0.171900004148483,0.239700004458427,0.192399993538857,0.935999989509583,-0.4219,-0.1876,0.6818
47.87,09-22-2026 23:26:40:265,-0.171900004148483,0.239700004458427,0.192399993538857,0.935999989509583,-0.4219,-0.1872,0.682
47.88,09-22-2026 23:26:40:275,-0.171900004148483,0.239700004458427,0.192399993538857,0.935999989509583,-0.421,-0.1866,0.6818
47.89,09-22-2026 23:26:40:285,-0.171900004148483,0.239700004458427,0.192399993538857,0.935999989509583,-0.4201,-0.1858,0.6802
47.9,09-22-2026 23:26:40:295,-0.171900004148483,0.239700004458427,0.192399993538857,0.935999989509583,-0.4202,-0.1851,0.6789
47.91,09-22-2026 23:26:40:305,-0.172099992632866,0.239600002765656,0.192300006747246,0.935899972915649,-0.4242,-0.1816,0.6792
47.92,09-22-2026 23:26:40:315,-0.172199994325638,0.239600002765656,0.192200005054474,0.935899972915649,-0.4246,-0.181,0.6782
47.93,09-22-2026 23:26:40:325,-0.172199994325638,0.239600002765656,0.192200005054474,0.935899972915649,-0.4249,-0.1811,0.678
47.94,09-22-2026 23:26:40:335,-0.17229999601841,0.239500001072884,0.192100003361702,0.935899972915649,-0.4243,-0.1812,0.678
47.95,09-22-2026 23:26:40:345,-0.172399997711182,0.239500001072884,0.192100003361702,0.935899972915649,-0.4234,-0.1812,0.6767
47.96,09-22-2026 23:26:40:355,-0.172399997711182,0.239500001072884,0.192100003361702,0.935899972915649,-0.4227,-0.1809,0.6769
47.97,09-22-2026 23:26:40:365,-0.172499999403954,0.239500001072884,0.192100003361702,0.935899972915649,-0.4211,-0.181,0.6767
47.98,09-22-2026 23:26:40:375,-0.172499999403954,0.239500001072884,0.192100003361702,0.935899972915649,-0.4198,-0.1814,0.6763
47.99,09-22-2026 23:26:40:385,-0.172600001096725,0.239500001072884,0.192100003361702,0.935899972915649,-0.4199,-0.1816,0.6757
48,09-22-2026 23:26:40:395,-0.172600001096725,0.239500001072884,0.19200000166893,0.935899972915649,-0.4201,-0.1821,0.6765
48.01,09-22-2026 23:26:40:405,-0.172800004482269,0.239600002765656,0.19200000166893,0.935800015926361,-0.4236,-0.1829,0.6795
48.02,09-22-2026 23:26:40:415,-0.172800004482269,0.239600002765656,0.191899999976158,0.935800015926361,-0.4238,-0.1841,0.6804
48.03,09-22-2026 23:26:40:425,-0.172900006175041,0.239600002765656,0.191899999976158,0.935800015926361,-0.4236,-0.1853,0.6812
48.04,09-22-2026 23:26:40:435,-0.172900006175041,0.239600002765656,0.191899999976158,0.935800015926361,-0.4231,-0.1859,0.6814
48.05,09-22-2026 23:26:40:445,-0.172900006175041,0.239600002765656,0.191799998283386,0.935800015926361,-0.4228,-0.1868,0.6811
48.06,09-22-2026 23:26:40:455,-0.172900006175041,0.239600002765656,0.191799998283386,0.935800015926361,-0.4227,-0.1868,0.6811
48.07,09-22-2026 23:26:40:465,-0.172900006175041,0.239600002765656,0.191699996590614,0.935800015926361,-0.4223,-0.1867,0.6809
48.08,09-22-2026 23:26:40:475,-0.172999992966652,0.239600002765656,0.191699996590614,0.935800015926361,-0.4229,-0.1866,0.6802
48.09,09-22-2026 23:26:40:485,-0.172999992966652,0.239600002765656,0.191699996590614,0.935800015926361,-0.4234,-0.1863,0.6801
48.1,09-22-2026 23:26:40:495,-0.172999992966652,0.239700004458427,0.191599994897842,0.935800015926361,-0.4241,-0.186,0.6799
48.11,09-22-2026 23:26:40:505,-0.173099994659424,0.239800006151199,0.191599994897842,0.935800015926361,-0.4276,-0.1825,0.679
48.12,09-22-2026 23:26:40:515,-0.173099994659424,0.239800006151199,0.19149999320507,0.935800015926361,-0.4278,-0.183,0.6794
48.13,09-22-2026 23:26:40:525,-0.173099994659424,0.239800006151199,0.19149999320507,0.935800015926361,-0.4275,-0.1839,0.6803
48.14,09-22-2026 23:26:40:535,-0.173099994659424,0.239800006151199,0.19149999320507,0.935800015926361,-0.4267,-0.1847,0.6808
48.15,09-22-2026 23:26:40:545,-0.173099994659424,0.239800006151199,0.19149999320507,0.935800015926361,-0.4255,-0.1856,0.6814
48.16,09-22-2026 23:26:40:555,-0.173099994659424,0.239800006151199,0.19149999320507,0.935800015926361,-0.4242,-0.1867,0.6817
48.17,09-22-2026 23:26:40:565,-0.172999992966652,0.239800006151199,0.19149999320507,0.935800015926361,-0.4229,-0.1878,0.6824
48.18,09-22-2026 23:26:40:575,-0.172999992966652,0.239800006151199,0.19140000641346,0.935800015926361,-0.4222,-0.1884,0.683
48.19,09-22-2026 23:26:40:585,-0.172999992966652,0.239800006151199,0.19140000641346,0.935800015926361,-0.4213,-0.1893,0.6832
48.2,09-22-2026 23:26:40:595,-0.172999992966652,0.23989999294281,0.191300004720688,0.935800015926361,-0.4207,-0.1892,0.6831
48.21,09-22-2026 23:26:40:605,-0.172999992966652,0.23989999294281,0.191200003027916,0.935800015926361,-0.4223,-0.1863,0.6838
48.22,09-22-2026 23:26:40:615,-0.172999992966652,0.23989999294281,0.191200003027916,0.935800015926361,-0.4224,-0.1857,0.6823
48.23,09-22-2026 23:26:40:625,-0.172999992966652,0.23989999294281,0.191200003027916,0.935800015926361,-0.422,-0.1857,0.6809
48.24,09-22-2026 23:26:40:635,-0.172999992966652,0.23989999294281,0.191200003027916,0.935800015926361,-0.4218,-0.1857,0.6786
48.25,09-22-2026 23:26:40:645,-0.172999992966652,0.23989999294281,0.191200003027916,0.935800015926361,-0.4214,-0.1855,0.6767
48.26,09-22-2026 23:26:40:655,-0.172999992966652,0.23989999294281,0.191200003027916,0.935800015926361,-0.4212,-0.1848,0.6758
48.27,09-22-2026 23:26:40:665,-0.172999992966652,0.23989999294281,0.191200003027916,0.935800015926361,-0.4213,-0.1849,0.6753
48.28,09-22-2026 23:26:40:675,-0.172999992966652,0.23989999294281,0.191200003027916,0.935800015926361,-0.4224,-0.1842,0.6751
48.29,09-22-2026 23:26:40:685,-0.172999992966652,0.23989999294281,0.191200003027916,0.935800015926361,-0.4235,-0.1836,0.675
48.3,09-22-2026 23:26:40:695,-0.172999992966652,0.23989999294281,0.191200003027916,0.935800015926361,-0.4234,-0.1842,0.6749
48.31,09-22-2026 23:26:40:705,-0.172999992966652,0.239999994635582,0.191200003027916,0.935800015926361,-0.4217,-0.1871,0.68
48.32,09-22-2026 23:26:40:715,-0.172999992966652,0.239999994635582,0.191200003027916,0.935800015926361,-0.4214,-0.1872,0.6801
48.33,09-22-2026 23:26:40:725,-0.172999992966652,0.239999994635582,0.191200003027916,0.935800015926361,-0.4219,-0.1871,0.6814
48.34,09-22-2026 23:26:40:735,-0.172999992966652,0.239999994635582,0.191200003027916,0.935800015926361,-0.4228,-0.1883,0.6812
48.35,09-22-2026 23:26:40:745,-0.172999992966652,0.239999994635582,0.191200003027916,0.935800015926361,-0.4236,-0.1885,0.6809
48.36,09-22-2026 23:26:40:755,-0.172999992966652,0.239999994635582,0.191200003027916,0.935800015926361,-0.4241,-0.1886,0.6806
48.37,09-22-2026 23:26:40:765,-0.172999992966652,0.239999994635582,0.191200003027916,0.935800015926361,-0.4242,-0.1879,0.6802
48.38,09-22-2026 23:26:40:775,-0.172999992966652,0.239999994635582,0.191200003027916,0.935800015926361,-0.4244,-0.1881,0.6795
48.39,09-22-2026 23:26:40:785,-0.172900006175041,0.240099996328354,0.191200003027916,0.935800015926361,-0.425,-0.1884,0.6791
48.4,09-22-2026 23:26:40:795,-0.172900006175041,0.240099996328354,0.191200003027916,0.935800015926361,-0.4256,-0.1884,0.6789
48.41,09-22-2026 23:26:40:805,-0.172900006175041,0.240099996328354,0.191200003027916,0.935800015926361,-0.4249,-0.1877,0.6796
48.42,09-22-2026 23:26:40:815,-0.172900006175041,0.240099996328354,0.191200003027916,0.935800015926361,-0.4242,-0.1873,0.6799
48.43,09-22-2026 23:26:40:825,-0.172900006175041,0.240099996328354,0.191200003027916,0.935800015926361,-0.424,-0.1881,0.6797
48.44,09-22-2026 23:26:40:835,-0.172800004482269,0.240099996328354,0.191200003027916,0.935800015926361,-0.424,-0.1887,0.6799
48.45,09-22-2026 23:26:40:845,-0.172900006175041,0.240099996328354,0.191200003027916,0.935800015926361,-0.4243,-0.1884,0.6795
48.46,09-22-2026 23:26:40:855,-0.172900006175041,0.240099996328354,0.191200003027916,0.935800015926361,-0.4247,-0.1886,0.6798
48.47,09-22-2026 23:26:40:865,-0.172999992966652,0.240099996328354,0.191200003027916,0.935800015926361,-0.4246,-0.1895,0.6807
48.48,09-22-2026 23:26:40:875,-0.172999992966652,0.240099996328354,0.191200003027916,0.935800015926361,-0.4245,-0.19,0.6802
48.49,09-22-2026 23:26:40:885,-0.173099994659424,0.240099996328354,0.191200003027916,0.935800015926361,-0.4249,-0.1896,0.6805
48.5,09-22-2026 23:26:40:895,-0.173199996352196,0.240099996328354,0.191200003027916,0.935800015926361,-0.4261,-0.1891,0.6813
48.51,09-22-2026 23:26:40:905,-0.173199996352196,0.240199998021126,0.191200003027916,0.935699999332428,-0.4278,-0.1885,0.6787
48.52,09-22-2026 23:26:40:915,-0.173199996352196,0.240199998021126,0.191200003027916,0.935699999332428,-0.4273,-0.189,0.6783
48.53,09-22-2026 23:26:40:925,-0.173199996352196,0.240199998021126,0.191200003027916,0.935800015926361,-0.4268,-0.1896,0.6783
48.54,09-22-2026 23:26:40:935,-0.173199996352196,0.240199998021126,0.191300004720688,0.935800015926361,-0.4266,-0.1897,0.6792
48.55,09-22-2026 23:26:40:945,-0.173199996352196,0.240199998021126,0.191300004720688,0.935800015926361,-0.4261,-0.1897,0.6799
48.56,09-22-2026 23:26:40:955,-0.173199996352196,0.240099996328354,0.191300004720688,0.935800015926361,-0.4258,-0.1894,0.6802
48.57,09-22-2026 23:26:40:965,-0.173199996352196,0.240099996328354,0.191300004720688,0.935800015926361,-0.425,-0.19,0.6803
48.58,09-22-2026 23:26:40:975,-0.173199996352196,0.240099996328354,0.191300004720688,0.935800015926361,-0.4246,-0.1906,0.6798
48.59,09-22-2026 23:26:40:985,-0.173199996352196,0.240099996328354,0.191300004720688,0.935800015926361,-0.4253,-0.1905,0.6797
48.6,09-22-2026 23:26:40:995,-0.173199996352196,0.239999994635582,0.19140000641346,0.935800015926361,-0.4258,-0.1895,0.6787
48.61,09-22-2026 23:26:41:005,-0.173099994659424,0.239999994635582,0.19140000641346,0.935800015926361,-0.4284,-0.1892,0.6761
48.62,09-22-2026 23:26:41:015,-0.173099994659424,0.239999994635582,0.19140000641346,0.935800015926361,-0.4284,-0.1887,0.6757
48.63,09-22-2026 23:26:41:025,-0.173099994659424,0.239999994635582,0.19140000641346,0.935800015926361,-0.4283,-0.1891,0.6755
48.64,09-22-2026 23:26:41:035,-0.173099994659424,0.239999994635582,0.19140000641346,0.935800015926361,-0.428,-0.1895,0.6751
48.65,09-22-2026 23:26:41:045,-0.173099994659424,0.239999994635582,0.19140000641346,0.935800015926361,-0.4278,-0.1896,0.6753
48.66,09-22-2026 23:26:41:055,-0.173099994659424,0.239999994635582,0.19140000641346,0.935800015926361,-0.4277,-0.1896,0.6756
48.67,09-22-2026 23:26:41:065,-0.173099994659424,0.239999994635582,0.19140000641346,0.935800015926361,-0.4274,-0.1894,0.6754
48.68,09-22-2026 23:26:41:075,-0.173099994659424,0.239999994635582,0.19140000641346,0.935800015926361,-0.4278,-0.1888,0.6758
48.69,09-22-2026 23:26:41:085,-0.173099994659424,0.239999994635582,0.19140000641346,0.935800015926361,-0.4283,-0.1884,0.6773
48.7,09-22-2026 23:26:41:095,-0.173099994659424,0.239999994635582,0.19140000641346,0.935800015926361,-0.4282,-0.1881,0.6776
48.71,09-22-2026 23:26:41:105,-0.173099994659424,0.239999994635582,0.19140000641346,0.935800015926361,-0.4285,-0.187,0.6786
48.72,09-22-2026 23:26:41:115,-0.173099994659424,0.239999994635582,0.19140000641346,0.935800015926361,-0.4275,-0.1877,0.6788
48.73,09-22-2026 23:26:41:125,-0.173099994659424,0.239999994635582,0.19140000641346,0.935800015926361,-0.4268,-0.1875,0.6786
48.74,09-22-2026 23:26:41:135,-0.172999992966652,0.239999994635582,0.19140000641346,0.935800015926361,-0.4257,-0.1864,0.6778
48.75,09-22-2026 23:26:41:145,-0.172999992966652,0.239999994635582,0.19140000641346,0.935800015926361,-0.4244,-0.1864,0.6773
48.76,09-22-2026 23:26:41:155,-0.172999992966652,0.239999994635582,0.19140000641346,0.935800015926361,-0.4242,-0.1866,0.6769
48.77,09-22-2026 23:26:41:165,-0.172999992966652,0.239999994635582,0.19140000641346,0.935800015926361,-0.4245,-0.186,0.6769
48.78,09-22-2026 23:26:41:175,-0.172999992966652,0.239999994635582,0.19140000641346,0.935800015926361,-0.4247,-0.1857,0.6773
48.79,09-22-2026 23:26:41:185,-0.172999992966652,0.23989999294281,0.19140000641346,0.935800015926361,-0.4255,-0.1853,0.6775
48.8,09-22-2026 23:26:41:195,-0.172999992966652,0.23989999294281,0.19140000641346,0.935800015926361,-0.4251,-0.1851,0.6781
48.81,09-22-2026 23:26:41:205,-0.172999992966652,0.23989999294281,0.19140000641346,0.935800015926361,-0.4255,-0.1838,0.6772
48.82,09-22-2026 23:26:41:215,-0.172999992966652,0.23989999294281,0.19140000641346,0.935800015926361,-0.4256,-0.1846,0.6767
48.83,09-22-2026 23:26:41:225,-0.172999992966652,0.23989999294281,0.19140000641346,0.935800015926361,-0.4252,-0.1846,0.6757
48.84,09-22-2026 23:26:41:235,-0.172999992966652,0.23989999294281,0.19140000641346,0.935800015926361,-0.4248,-0.1843,0.6763
48.85,09-22-2026 23:26:41:245,-0.172999992966652,0.23989999294281,0.19140000641346,0.935800015926361,-0.4245,-0.1843,0.6762
48.86,09-22-2026 23:26:41:255,-0.172999992966652,0.23989999294281,0.19140000641346,0.935800015926361,-0.4248,-0.1843,0.676
48.87,09-22-2026 23:26:41:265,-0.172999992966652,0.23989999294281,0.19140000641346,0.935800015926361,-0.4251,-0.1847,0.677
48.88,09-22-2026 23:26:41:275,-0.172999992966652,0.23989999294281,0.19140000641346,0.935800015926361,-0.4251,-0.1856,0.6784
48.89,09-22-2026 23:26:41:285,-0.172999992966652,0.23989999294281,0.19140000641346,0.935800015926361,-0.4247,-0.1868,0.6792
48.9,09-22-2026 23:26:41:295,-0.172999992966652,0.23989999294281,0.19140000641346,0.935800015926361,-0.4251,-0.1873,0.68
48.91,09-22-2026 23:26:41:305,-0.172999992966652,0.23989999294281,0.19140000641346,0.935800015926361,-0.4236,-0.1892,0.682
48.92,09-22-2026 23:26:41:315,-0.172999992966652,0.23989999294281,0.19140000641346,0.935800015926361,-0.4239,-0.1883,0.6817
48.93,09-22-2026 23:26:41:325,-0.172999992966652,0.23989999294281,0.19140000641346,0.935800015926361,-0.4245,-0.1879,0.6811
48.94,09-22-2026 23:26:41:335,-0.172999992966652,0.23989999294281,0.19140000641346,0.935800015926361,-0.424,-0.1873,0.6808
48.95,09-22-2026 23:26:41:345,-0.172999992966652,0.23989999294281,0.19140000641346,0.935800015926361,-0.424,-0.1868,0.6796
48.96,09-22-2026 23:26:41:355,-0.172999992966652,0.23989999294281,0.19140000641346,0.935800015926361,-0.4246,-0.1872,0.6792
48.97,09-22-2026 23:26:41:365,-0.172999992966652,0.23989999294281,0.19140000641346,0.935800015926361,-0.4248,-0.1879,0.6792
48.98,09-22-2026 23:26:41:375,-0.172999992966652,0.23989999294281,0.19140000641346,0.935800015926361,-0.425,-0.188,0.6792
48.99,09-22-2026 23:26:41:385,-0.173099994659424,0.23989999294281,0.19140000641346,0.935800015926361,-0.4253,-0.1882,0.6794
49,09-22-2026 23:26:41:395,-0.173099994659424,0.23989999294281,0.19140000641346,0.935800015926361,-0.4254,-0.1884,0.6793
49.01,09-22-2026 23:26:41:405,-0.173099994659424,0.23989999294281,0.19140000641346,0.935800015926361,-0.4243,-0.1887,0.6797
49.02,09-22-2026 23:26:41:415,-0.173099994659424,0.23989999294281,0.19140000641346,0.935800015926361,-0.424,-0.1882,0.6789
49.03,09-22-2026 23:26:41:425,-0.173099994659424,0.23989999294281,0.19140000641346,0.935800015926361,-0.4241,-0.1881,0.6806
49.04,09-22-2026 23:26:41:435,-0.173099994659424,0.23989999294281,0.19140000641346,0.935800015926361,-0.4236,-0.188,0.682
49.05,09-22-2026 23:26:41:445,-0.173099994659424,0.23989999294281,0.19140000641346,0.935800015926361,-0.4228,-0.1886,0.6823
49.06,09-22-2026 23:26:41:455,-0.173099994659424,0.23989999294281,0.19140000641346,0.935800015926361,-0.4217,-0.1888,0.6829
49.07,09-22-2026 23:26:41:465,-0.173099994659424,0.23989999294281,0.19140000641346,0.935800015926361,-0.4209,-0.189,0.6832
49.08,09-22-2026 23:26:41:475,-0.173099994659424,0.23989999294281,0.19140000641346,0.935800015926361,-0.4204,-0.1901,0.682
49.09,09-22-2026 23:26:41:485,-0.173099994659424,0.23989999294281,0.19140000641346,0.935800015926361,-0.4206,-0.1901,0.6802
49.1,09-22-2026 23:26:41:495,-0.173099994659424,0.23989999294281,0.19140000641346,0.935699999332428,-0.4204,-0.1898,0.6789
49.11,09-22-2026 23:26:41:505,-0.173199996352196,0.23989999294281,0.19140000641346,0.935699999332428,-0.4229,-0.1879,0.6757
49.12,09-22-2026 23:26:41:515,-0.173199996352196,0.23989999294281,0.19140000641346,0.935699999332428,-0.4234,-0.188,0.6769
49.13,09-22-2026 23:26:41:525,-0.173199996352196,0.239999994635582,0.19140000641346,0.935699999332428,-0.4237,-0.1885,0.6782
49.14,09-22-2026 23:26:41:535,-0.173299998044968,0.239999994635582,0.19140000641346,0.935699999332428,-0.4235,-0.1892,0.6795
49.15,09-22-2026 23:26:41:545,-0.173299998044968,0.239999994635582,0.19140000641346,0.935599982738495,-0.4226,-0.1905,0.6806
49.16,09-22-2026 23:26:41:555,-0.173199996352196,0.239999994635582,0.19140000641346,0.935599982738495,-0.4219,-0.191,0.6811
49.17,09-22-2026 23:26:41:565,-0.173199996352196,0.239999994635582,0.19140000641346,0.935599982738495,-0.4209,-0.1914,0.6804
49.18,09-22-2026 23:26:41:575,-0.173199996352196,0.239999994635582,0.19140000641346,0.935599982738495,-0.4208,-0.1918,0.6791
49.19,09-22-2026 23:26:41:585,-0.173199996352196,0.239999994635582,0.19140000641346,0.935599982738495,-0.4204,-0.1915,0.6784
49.2,09-22-2026 23:26:41:595,-0.173199996352196,0.240099996328354,0.19140000641346,0.935599982738495,-0.4213,-0.1912,0.6783
49.21,09-22-2026 23:26:41:605,-0.173199996352196,0.240299999713898,0.191300004720688,0.935599982738495,-0.423,-0.1905,0.6784
49.22,09-22-2026 23:26:41:615,-0.173199996352196,0.24040000140667,0.191200003027916,0.935599982738495,-0.4235,-0.1902,0.6792
49.23,09-22-2026 23:26:41:625,-0.173199996352196,0.240500003099442,0.191200003027916,0.935599982738495,-0.4229,-0.1899,0.6803
49.24,09-22-2026 23:26:41:635,-0.173199996352196,0.240500003099442,0.191200003027916,0.935599982738495,-0.4228,-0.1905,0.6803
49.25,09-22-2026 23:26:41:645,-0.173199996352196,0.240500003099442,0.191200003027916,0.935599982738495,-0.4229,-0.1904,0.6804
49.26,09-22-2026 23:26:41:655,-0.173199996352196,0.240500003099442,0.191200003027916,0.935599982738495,-0.4229,-0.1905,0.6804
49.27,09-22-2026 23:26:41:665,-0.173199996352196,0.240500003099442,0.191200003027916,0.935599982738495,-0.4224,-0.1908,0.6791
49.28,09-22-2026 23:26:41:675,-0.173199996352196,0.240500003099442,0.191200003027916,0.935599982738495,-0.4223,-0.1902,0.6789
49.29,09-22-2026 23:26:41:685,-0.173199996352196,0.240500003099442,0.191200003027916,0.935599982738495,-0.4229,-0.1896,0.6783
49.3,09-22-2026 23:26:41:695,-0.173199996352196,0.240500003099442,0.191200003027916,0.935599982738495,-0.4235,-0.1895,0.6777
49.31,09-22-2026 23:26:41:705,-0.173099994659424,0.240600004792213,0.191200003027916,0.935599982738495,-0.4267,-0.1904,0.6771
49.32,09-22-2026 23:26:41:715,-0.172999992966652,0.240600004792213,0.191200003027916,0.935599982738495,-0.4272,-0.1906,0.6771
49.33,09-22-2026 23:26:41:725,-0.172999992966652,0.240600004792213,0.191200003027916,0.935599982738495,-0.4277,-0.1912,0.6779
49.34,09-22-2026 23:26:41:735,-0.172900006175041,0.240600004792213,0.191200003027916,0.935599982738495,-0.4276,-0.192,0.6786
49.35,09-22-2026 23:26:41:745,-0.172800004482269,0.240700006484985,0.191200003027916,0.935599982738495,-0.4275,-0.1931,0.6798
49.36,09-22-2026 23:26:41:755,-0.172800004482269,0.240700006484985,0.191200003027916,0.935599982738495,-0.4274,-0.1938,0.6809
49.37,09-22-2026 23:26:41:765,-0.172700002789497,0.240700006484985,0.191200003027916,0.935599982738495,-0.4264,-0.1939,0.6809
49.38,09-22-2026 23:26:41:775,-0.172700002789497,0.240700006484985,0.191200003027916,0.935699999332428,-0.4259,-0.1947,0.6806
49.39,09-22-2026 23:26:41:785,-0.172600001096725,0.240700006484985,0.191200003027916,0.935699999332428,-0.4258,-0.1945,0.6805
49.4,09-22-2026 23:26:41:795,-0.172600001096725,0.240700006484985,0.191200003027916,0.935699999332428,-0.4257,-0.1943,0.6802
49.41,09-22-2026 23:26:41:805,-0.172499999403954,0.240700006484985,0.191200003027916,0.935699999332428,-0.4271,-0.1905,0.6773
49.42,09-22-2026 23:26:41:815,-0.172499999403954,0.240700006484985,0.191300004720688,0.935699999332428,-0.4275,-0.1897,0.676
49.43,09-22-2026 23:26:41:825,-0.172499999403954,0.240700006484985,0.191300004720688,0.935699999332428,-0.4279,-0.1899,0.6749
49.44,09-22-2026 23:26:41:835,-0.172499999403954,0.240700006484985,0.191300004720688,0.935699999332428,-0.4275,-0.1897,0.6742
49.45,09-22-2026 23:26:41:845,-0.172499999403954,0.240700006484985,0.19140000641346,0.935699999332428,-0.4267,-0.1898,0.6731
49.46,09-22-2026 23:26:41:855,-0.172399997711182,0.240700006484985,0.19140000641346,0.935699999332428,-0.4255,-0.1896,0.6728
49.47,09-22-2026 23:26:41:865,-0.172399997711182,0.240700006484985,0.19140000641346,0.935699999332428,-0.4246,-0.19,0.6728
49.48,09-22-2026 23:26:41:875,-0.172399997711182,0.240700006484985,0.19149999320507,0.935699999332428,-0.4243,-0.1905,0.6724
49.49,09-22-2026 23:26:41:885,-0.172399997711182,0.240600004792213,0.19149999320507,0.935699999332428,-0.4241,-0.1905,0.6722
49.5,09-22-2026 23:26:41:895,-0.172399997711182,0.240600004792213,0.191599994897842,0.935699999332428,-0.4239,-0.1903,0.6717
49.51,09-22-2026 23:26:41:905,-0.172399997711182,0.240500003099442,0.191699996590614,0.935699999332428,-0.425,-0.191,0.677
49.52,09-22-2026 23:26:41:915,-0.172399997711182,0.240500003099442,0.191699996590614,0.935699999332428,-0.4256,-0.1912,0.6785
49.53,09-22-2026 23:26:41:925,-0.172399997711182,0.240500003099442,0.191799998283386,0.935699999332428,-0.4265,-0.1906,0.6799
49.54,09-22-2026 23:26:41:935,-0.172399997711182,0.240500003099442,0.191799998283386,0.935699999332428,-0.4273,-0.1904,0.6805
49.55,09-22-2026 23:26:41:945,-0.172399997711182,0.240500003099442,0.191799998283386,0.935699999332428,-0.4274,-0.19,0.6798
49.56,09-22-2026 23:26:41:955,-0.172399997711182,0.240500003099442,0.191799998283386,0.935699999332428,-0.4277,-0.19,0.6796
49.57,09-22-2026 23:26:41:965,-0.172399997711182,0.240500003099442,0.191799998283386,0.935699999332428,-0.4283,-0.1898,0.6796
49.58,09-22-2026 23:26:41:975,-0.17229999601841,0.240500003099442,0.191799998283386,0.935699999332428,-0.4289,-0.1891,0.6788
49.59,09-22-2026 23:26:41:985,-0.172199994325638,0.240500003099442,0.191799998283386,0.935699999332428,-0.4296,-0.1888,0.6778
49.6,09-22-2026 23:26:41:995,-0.172199994325638,0.240500003099442,0.191799998283386,0.935699999332428,-0.4301,-0.1878,0.6778
49.61,09-22-2026 23:26:42:005,-0.171800002455711,0.240500003099442,0.191899999976158,0.935800015926361,-0.4305,-0.1878,0.6766
49.62,09-22-2026 23:26:42:015,-0.171700000762939,0.240500003099442,0.191899999976158,0.935800015926361,-0.431,-0.1883,0.6765
49.63,09-22-2026 23:26:42:025,-0.171599999070168,0.240500003099442,0.191899999976158,0.935800015926361,-0.4313,-0.1888,0.6766
49.64,09-22-2026 23:26:42:035,-0.171499997377396,0.240500003099442,0.191899999976158,0.935800015926361,-0.4311,-0.1895,0.6761
49.65,09-22-2026 23:26:42:045,-0.171399995684624,0.240500003099442,0.191899999976158,0.935800015926361,-0.4318,-0.1896,0.6762
49.66,09-22-2026 23:26:42:055,-0.171299993991852,0.240500003099442,0.191899999976158,0.935800015926361,-0.4321,-0.1899,0.6767
49.67,09-22-2026 23:26:42:065,-0.171200007200241,0.240500003099442,0.191899999976158,0.935800015926361,-0.4315,-0.1904,0.6779
49.68,09-22-2026 23:26:42:075,-0.171100005507469,0.240500003099442,0.191899999976158,0.935899972915649,-0.4319,-0.1907,0.6791
49.69,09-22-2026 23:26:42:085,-0.171000003814697,0.240500003099442,0.191899999976158,0.935899972915649,-0.4316,-0.1922,0.6792
49.7,09-22-2026 23:26:42:095,-0.170900002121925,0.240500003099442,0.191899999976158,0.935899972915649,-0.4311,-0.1931,0.6791
49.71,09-22-2026 23:26:42:105,-0.170699998736382,0.240500003099442,0.191899999976158,0.935899972915649,-0.4317,-0.1928,0.6778
49.72,09-22-2026 23:26:42:115,-0.170699998736382,0.240500003099442,0.19200000166893,0.935899972915649,-0.432,-0.1925,0.6779
49.73,09-22-2026 23:26:42:125,-0.170699998736382,0.240500003099442,0.19200000166893,0.935899972915649,-0.4316,-0.1919,0.6765
49.74,09-22-2026 23:26:42:135,-0.170699998736382,0.240500003099442,0.19200000166893,0.935899972915649,-0.4307,-0.1912,0.6758
49.75,09-22-2026 23:26:42:145,-0.170699998736382,0.240500003099442,0.19200000166893,0.935899972915649,-0.4295,-0.1905,0.6756
49.76,09-22-2026 23:26:42:155,-0.170699998736382,0.240500003099442,0.19200000166893,0.935899972915649,-0.428,-0.1902,0.675
49.77,09-22-2026 23:26:42:165,-0.170699998736382,0.240600004792213,0.19200000166893,0.935899972915649,-0.4268,-0.1895,0.6741
49.78,09-22-2026 23:26:42:175,-0.17059999704361,0.240600004792213,0.192100003361702,0.935899972915649,-0.426,-0.1889,0.6739
49.79,09-22-2026 23:26:42:185,-0.17059999704361,0.240600004792213,0.192100003361702,0.935899972915649,-0.4255,-0.1888,0.6736
49.8,09-22-2026 23:26:42:195,-0.17059999704361,0.240600004792213,0.192100003361702,0.935899972915649,-0.4256,-0.1888,0.6744
49.81,09-22-2026 23:26:42:205,-0.17059999704361,0.240600004792213,0.192200005054474,0.935899972915649,-0.4259,-0.1883,0.6758
49.82,09-22-2026 23:26:42:215,-0.17059999704361,0.240600004792213,0.192200005054474,0.935899972915649,-0.4258,-0.1886,0.676
49.83,09-22-2026 23:26:42:225,-0.17059999704361,0.240600004792213,0.192200005054474,0.935899972915649,-0.4256,-0.189,0.6761
49.84,09-22-2026 23:26:42:235,-0.17059999704361,0.240600004792213,0.192200005054474,0.935899972915649,-0.4252,-0.189,0.6765
49.85,09-22-2026 23:26:42:245,-0.17059999704361,0.240600004792213,0.192200005054474,0.935899972915649,-0.425,-0.1885,0.6767
49.86,09-22-2026 23:26:42:255,-0.17059999704361,0.240600004792213,0.192200005054474,0.935899972915649,-0.425,-0.1877,0.6781
49.87,09-22-2026 23:26:42:265,-0.17059999704361,0.240600004792213,0.192200005054474,0.935899972915649,-0.425,-0.1878,0.6778
49.88,09-22-2026 23:26:42:275,-0.17059999704361,0.240600004792213,0.192200005054474,0.935899972915649,-0.4246,-0.1877,0.6775
49.89,09-22-2026 23:26:42:285,-0.17059999704361,0.240600004792213,0.192200005054474,0.935899972915649,-0.4248,-0.1878,0.6784
49.9,09-22-2026 23:26:42:295,-0.17059999704361,0.240600004792213,0.192200005054474,0.935899972915649,-0.4253,-0.1883,0.6778
49.91,09-22-2026 23:26:42:305,-0.17059999704361,0.240600004792213,0.192200005054474,0.935899972915649,-0.4268,-0.1895,0.6771
49.92,09-22-2026 23:26:42:315,-0.170499995350838,0.240600004792213,0.192200005054474,0.935899972915649,-0.4265,-0.189,0.6773
49.93,09-22-2026 23:26:42:325,-0.170499995350838,0.240600004792213,0.192200005054474,0.935899972915649,-0.4267,-0.1893,0.6786
49.94,09-22-2026 23:26:42:335,-0.170399993658066,0.240600004792213,0.192200005054474,0.935899972915649,-0.4271,-0.189,0.6807
49.95,09-22-2026 23:26:42:345,-0.170399993658066,0.240600004792213,0.192200005054474,0.935899972915649,-0.4264,-0.1896,0.6808
49.96,09-22-2026 23:26:42:355,-0.170399993658066,0.240500003099442,0.192200005054474,0.935899972915649,-0.4257,-0.19,0.6806
49.97,09-22-2026 23:26:42:365,-0.170399993658066,0.240500003099442,0.192200005054474,0.935899972915649,-0.4253,-0.1898,0.6823
49.98,09-22-2026 23:26:42:375,-0.170399993658066,0.240500003099442,0.192200005054474,0.935899972915649,-0.4254,-0.1895,0.683
49.99,09-22-2026 23:26:42:385,-0.170399993658066,0.240500003099442,0.192200005054474,0.935899972915649,-0.425,-0.1899,0.6826
50,09-22-2026 23:26:42:395,-0.170399993658066,0.240500003099442,0.192200005054474,0.935899972915649,-0.4244,-0.1902,0.6831
50.01,09-22-2026 23:26:42:405,-0.170399993658066,0.240500003099442,0.192200005054474,0.935899972915649,-0.4252,-0.1873,0.6806
50.02,09-22-2026 23:26:42:415,-0.170399993658066,0.240500003099442,0.192200005054474,0.935899972915649,-0.4246,-0.1867,0.6794
50.03,09-22-2026 23:26:42:425,-0.170399993658066,0.240600004792213,0.192200005054474,0.935899972915649,-0.4237,-0.1858,0.6791
50.04,09-22-2026 23:26:42:435,-0.170499995350838,0.240600004792213,0.192200005054474,0.935899972915649,-0.4233,-0.1849,0.679
50.05,09-22-2026 23:26:42:445,-0.170499995350838,0.240600004792213,0.192200005054474,0.935899972915649,-0.4236,-0.1837,0.6783
50.06,09-22-2026 23:26:42:455,-0.170499995350838,0.240600004792213,0.192200005054474,0.935899972915649,-0.4241,-0.1827,0.6774
50.07,09-22-2026 23:26:42:465,-0.17059999704361,0.240600004792213,0.192200005054474,0.935899972915649,-0.4247,-0.182,0.6771
50.08,09-22-2026 23:26:42:475,-0.17059999704361,0.240600004792213,0.192200005054474,0.935899972915649,-0.4248,-0.1821,0.6775
50.09,09-22-2026 23:26:42:485,-0.170699998736382,0.240700006484985,0.192200005054474,0.935899972915649,-0.4247,-0.1816,0.6772
50.1,09-22-2026 23:26:42:495,-0.170699998736382,0.240700006484985,0.192200005054474,0.935899972915649,-0.4236,-0.1818,0.6764
50.11,09-22-2026 23:26:42:505,-0.170900002121925,0.240700006484985,0.192200005054474,0.935899972915649,-0.4208,-0.183,0.6778
50.12,09-22-2026 23:26:42:515,-0.170800000429153,0.240700006484985,0.192200005054474,0.935899972915649,-0.4207,-0.1826,0.6781
50.13,09-22-2026 23:26:42:525,-0.170800000429153,0.240700006484985,0.192200005054474,0.935899972915649,-0.4211,-0.1818,0.6781
50.14,09-22-2026 23:26:42:535,-0.170800000429153,0.240700006484985,0.192100003361702,0.935899972915649,-0.4212,-0.1823,0.6782
50.15,09-22-2026 23:26:42:545,-0.170800000429153,0.240700006484985,0.192100003361702,0.935899972915649,-0.4208,-0.1824,0.6788
50.16,09-22-2026 23:26:42:555,-0.170800000429153,0.240799993276596,0.19200000166893,0.935899972915649,-0.4213,-0.1832,0.6786
50.17,09-22-2026 23:26:42:565,-0.170800000429153,0.240799993276596,0.19200000166893,0.935899972915649,-0.421,-0.1826,0.6779
50.18,09-22-2026 23:26:42:575,-0.170800000429153,0.240799993276596,0.19200000166893,0.935899972915649,-0.4216,-0.1827,0.6783
50.19,09-22-2026 23:26:42:585,-0.170900002121925,0.240799993276596,0.191899999976158,0.935899972915649,-0.422,-0.183,0.68
50.2,09-22-2026 23:26:42:595,-0.170900002121925,0.240799993276596,0.191899999976158,0.935899972915649,-0.4221,-0.1829,0.6799
50.21,09-22-2026 23:26:42:605,-0.171100005507469,0.240899994969368,0.191799998283386,0.935899972915649,-0.4224,-0.1852,0.6811
50.22,09-22-2026 23:26:42:615,-0.171100005507469,0.240899994969368,0.191799998283386,0.935899972915649,-0.4227,-0.1853,0.6818
50.23,09-22-2026 23:26:42:625,-0.171100005507469,0.240899994969368,0.191799998283386,0.935899972915649,-0.4229,-0.1852,0.6827
50.24,09-22-2026 23:26:42:635,-0.171200007200241,0.240899994969368,0.191799998283386,0.935800015926361,-0.4237,-0.1858,0.6828
50.25,09-22-2026 23:26:42:645,-0.171200007200241,0.240899994969368,0.191799998283386,0.935800015926361,-0.424,-0.1866,0.6821
50.26,09-22-2026 23:26:42:655,-0.171200007200241,0.240899994969368,0.191799998283386,0.935800015926361,-0.4238,-0.1865,0.6826
50.27,09-22-2026 23:26:42:665,-0.171200007200241,0.240899994969368,0.191799998283386,0.935800015926361,-0.4241,-0.1862,0.6826
50.28,09-22-2026 23:26:42:675,-0.171200007200241,0.240899994969368,0.191799998283386,0.935800015926361,-0.4244,-0.1865,0.6821
50.29,09-22-2026 23:26:42:685,-0.171200007200241,0.240899994969368,0.191799998283386,0.935800015926361,-0.4252,-0.1861,0.6817
50.3,09-22-2026 23:26:42:695,-0.171200007200241,0.240899994969368,0.191699996590614,0.935800015926361,-0.425,-0.1865,0.682
50.31,09-22-2026 23:26:42:705,-0.171200007200241,0.240899994969368,0.191599994897842,0.935800015926361,-0.4258,-0.1843,0.6817
50.32,09-22-2026 23:26:42:715,-0.171299993991852,0.240899994969368,0.191599994897842,0.935800015926361,-0.4263,-0.184,0.6806
50.33,09-22-2026 23:26:42:725,-0.171299993991852,0.240899994969368,0.191599994897842,0.935800015926361,-0.4253,-0.184,0.6802
50.34,09-22-2026 23:26:42:735,-0.171299993991852,0.240899994969368,0.191599994897842,0.935800015926361,-0.4248,-0.1839,0.679
50.35,09-22-2026 23:26:42:745,-0.171299993991852,0.240899994969368,0.191599994897842,0.935800015926361,-0.4245,-0.184,0.6771
50.36,09-22-2026 23:26:42:755,-0.171299993991852,0.240899994969368,0.191599994897842,0.935800015926361,-0.4239,-0.1841,0.6769
50.37,09-22-2026 23:26:42:765,-0.171299993991852,0.240899994969368,0.191599994897842,0.935800015926361,-0.424,-0.1847,0.6755
50.38,09-22-2026 23:26:42:775,-0.171299993991852,0.240899994969368,0.191599994897842,0.935800015926361,-0.424,-0.1846,0.6748
50.39,09-22-2026 23:26:42:785,-0.171399995684624,0.240899994969368,0.191599994897842,0.935800015926361,-0.4247,-0.1846,0.6742
50.4,09-22-2026 23:26:42:795,-0.171399995684624,0.240899994969368,0.191599994897842,0.935800015926361,-0.4245,-0.1847,0.674
50.41,09-22-2026 23:26:42:805,-0.171299993991852,0.240899994969368,0.191599994897842,0.935899972915649,-0.4248,-0.1855,0.6757
50.42,09-22-2026 23:26:42:815,-0.171299993991852,0.240899994969368,0.191599994897842,0.935899972915649,-0.425,-0.1862,0.6762
50.43,09-22-2026 23:26:42:825,-0.171200007200241,0.240899994969368,0.191599994897842,0.935899972915649,-0.4252,-0.1866,0.6763
50.44,09-22-2026 23:26:42:835,-0.171100005507469,0.240899994969368,0.191599994897842,0.935999989509583,-0.4255,-0.1865,0.6767
50.45,09-22-2026 23:26:42:845,-0.171100005507469,0.240899994969368,0.191599994897842,0.935999989509583,-0.4254,-0.186,0.6767
50.46,09-22-2026 23:26:42:855,-0.171000003814697,0.240899994969368,0.191599994897842,0.935999989509583,-0.4259,-0.1857,0.6764
50.47,09-22-2026 23:26:42:865,-0.170900002121925,0.24099999666214,0.19149999320507,0.935999989509583,-0.426,-0.1857,0.6759
50.48,09-22-2026 23:26:42:875,-0.170800000429153,0.24099999666214,0.19140000641346,0.936100006103516,-0.4271,-0.1853,0.6764
50.49,09-22-2026 23:26:42:885,-0.170800000429153,0.24099999666214,0.19140000641346,0.936100006103516,-0.4274,-0.1856,0.6765
50.5,09-22-2026 23:26:42:895,-0.170699998736382,0.24099999666214,0.191300004720688,0.936100006103516,-0.4281,-0.1856,0.6764
50.51,09-22-2026 23:26:42:905,-0.17059999704361,0.24099999666214,0.191100001335144,0.936100006103516,-0.4274,-0.1863,0.6802
50.52,09-22-2026 23:26:42:915,-0.17059999704361,0.24099999666214,0.191100001335144,0.936100006103516,-0.4264,-0.1867,0.6806
50.53,09-22-2026 23:26:42:925,-0.17059999704361,0.24099999666214,0.190999999642372,0.936100006103516,-0.4252,-0.1869,0.6808
50.54,09-22-2026 23:26:42:935,-0.17059999704361,0.24099999666214,0.1908999979496,0.936100006103516,-0.4237,-0.1871,0.6799
50.55,09-22-2026 23:26:42:945,-0.170499995350838,0.24099999666214,0.1908999979496,0.936100006103516,-0.4233,-0.1872,0.6794
50.56,09-22-2026 23:26:42:955,-0.170499995350838,0.24099999666214,0.190799996256828,0.936100006103516,-0.4234,-0.1872,0.6787
50.57,09-22-2026 23:26:42:965,-0.170499995350838,0.24099999666214,0.190799996256828,0.936100006103516,-0.4241,-0.1872,0.678
50.58,09-22-2026 23:26:42:975,-0.170499995350838,0.24099999666214,0.190699994564056,0.936100006103516,-0.4253,-0.1871,0.6775
50.59,09-22-2026 23:26:42:985,-0.170399993658066,0.24099999666214,0.190699994564056,0.936100006103516,-0.4259,-0.1871,0.6772
50.6,09-22-2026 23:26:42:995,-0.170399993658066,0.24099999666214,0.190699994564056,0.936100006103516,-0.4261,-0.1873,0.6777
50.61,09-22-2026 23:26:43:005,-0.170399993658066,0.241099998354912,0.190699994564056,0.936100006103516,-0.4257,-0.1894,0.679
50.62,09-22-2026 23:26:43:015,-0.170399993658066,0.241099998354912,0.190699994564056,0.935999989509583,-0.4254,-0.1889,0.6785
50.63,09-22-2026 23:26:43:025,-0.170399993658066,0.241099998354912,0.190699994564056,0.935999989509583,-0.4259,-0.1891,0.6785
50.64,09-22-2026 23:26:43:035,-0.170399993658066,0.241099998354912,0.190699994564056,0.935999989509583,-0.4265,-0.189,0.6791
50.65,09-22-2026 23:26:43:045,-0.170399993658066,0.241200000047684,0.190699994564056,0.935999989509583,-0.4276,-0.1889,0.6787
50.66,09-22-2026 23:26:43:055,-0.170399993658066,0.241200000047684,0.190699994564056,0.935999989509583,-0.4283,-0.1896,0.6775
50.67,09-22-2026 23:26:43:065,-0.170399993658066,0.241300001740456,0.190799996256828,0.935999989509583,-0.4284,-0.1895,0.677
50.68,09-22-2026 23:26:43:075,-0.170399993658066,0.241300001740456,0.190799996256828,0.935999989509583,-0.4285,-0.1902,0.6775
50.69,09-22-2026 23:26:43:085,-0.170399993658066,0.241300001740456,0.190799996256828,0.935999989509583,-0.428,-0.1915,0.6775
50.7,09-22-2026 23:26:43:095,-0.170399993658066,0.241300001740456,0.190799996256828,0.935999989509583,-0.4275,-0.1921,0.6786
50.71,09-22-2026 23:26:43:105,-0.170399993658066,0.241300001740456,0.190799996256828,0.935999989509583,-0.428,-0.194,0.6811
50.72,09-22-2026 23:26:43:115,-0.170399993658066,0.241300001740456,0.190799996256828,0.935999989509583,-0.4279,-0.1944,0.6814
50.73,09-22-2026 23:26:43:125,-0.170399993658066,0.241300001740456,0.190799996256828,0.935999989509583,-0.4275,-0.1943,0.6802
50.74,09-22-2026 23:26:43:135,-0.170300006866455,0.241300001740456,0.190799996256828,0.935999989509583,-0.4276,-0.1938,0.6789
50.75,09-22-2026 23:26:43:145,-0.170300006866455,0.241300001740456,0.190799996256828,0.935999989509583,-0.428,-0.1936,0.6777
50.76,09-22-2026 23:26:43:155,-0.170300006866455,0.241300001740456,0.190799996256828,0.935999989509583,-0.4287,-0.193,0.6776
50.77,09-22-2026 23:26:43:165,-0.170300006866455,0.241300001740456,0.190799996256828,0.935999989509583,-0.4293,-0.1934,0.6766
50.78,09-22-2026 23:26:43:175,-0.170300006866455,0.241300001740456,0.190799996256828,0.935999989509583,-0.4288,-0.1933,0.6767
50.79,09-22-2026 23:26:43:185,-0.170300006866455,0.241300001740456,0.190799996256828,0.935999989509583,-0.4286,-0.1936,0.6784
50.8,09-22-2026 23:26:43:195,-0.170300006866455,0.241400003433228,0.190799996256828,0.935999989509583,-0.4283,-0.1937,0.6793
50.81,09-22-2026 23:26:43:205,-0.170300006866455,0.241400003433228,0.190799996256828,0.935999989509583,-0.426,-0.194,0.6813
50.82,09-22-2026 23:26:43:215,-0.170300006866455,0.241400003433228,0.190799996256828,0.935999989509583,-0.4256,-0.1931,0.6812
50.83,09-22-2026 23:26:43:225,-0.170300006866455,0.241400003433228,0.190799996256828,0.935999989509583,-0.4259,-0.1925,0.6803
50.84,09-22-2026 23:26:43:235,-0.170300006866455,0.241400003433228,0.190799996256828,0.935999989509583,-0.4262,-0.1917,0.6792
50.85,09-22-2026 23:26:43:245,-0.170300006866455,0.241400003433228,0.190799996256828,0.935999989509583,-0.4266,-0.1909,0.6788
50.86,09-22-2026 23:26:43:255,-0.170300006866455,0.241400003433228,0.190799996256828,0.935999989509583,-0.4275,-0.19,0.6781
50.87,09-22-2026 23:26:43:265,-0.170300006866455,0.241400003433228,0.190799996256828,0.935999989509583,-0.4278,-0.1891,0.6761
50.88,09-22-2026 23:26:43:275,-0.170399993658066,0.241400003433228,0.190799996256828,0.935999989509583,-0.4279,-0.1882,0.6748
50.89,09-22-2026 23:26:43:285,-0.170399993658066,0.241400003433228,0.190799996256828,0.935999989509583,-0.4284,-0.1871,0.6747
50.9,09-22-2026 23:26:43:295,-0.170499995350838,0.241500005125999,0.190799996256828,0.935999989509583,-0.4285,-0.1868,0.6736
50.91,09-22-2026 23:26:43:305,-0.17059999704361,0.241500005125999,0.190799996256828,0.935999989509583,-0.4267,-0.187,0.676
50.92,09-22-2026 23:26:43:315,-0.170699998736382,0.241500005125999,0.190799996256828,0.935999989509583,-0.4257,-0.1874,0.6756
50.93,09-22-2026 23:26:43:325,-0.170800000429153,0.241500005125999,0.190799996256828,0.935999989509583,-0.4256,-0.1877,0.6766
50.94,09-22-2026 23:26:43:335,-0.170800000429153,0.241500005125999,0.1908999979496,0.935999989509583,-0.425,-0.1879,0.6773
50.95,09-22-2026 23:26:43:345,-0.170900002121925,0.241400003433228,0.1908999979496,0.935899972915649,-0.4251,-0.1872,0.6782
50.96,09-22-2026 23:26:43:355,-0.170900002121925,0.241400003433228,0.1908999979496,0.935899972915649,-0.425,-0.1866,0.6792
50.97,09-22-2026 23:26:43:365,-0.171000003814697,0.241300001740456,0.1908999979496,0.935899972915649,-0.4247,-0.186,0.6794
50.98,09-22-2026 23:26:43:375,-0.171000003814697,0.241300001740456,0.1908999979496,0.935899972915649,-0.4253,-0.1852,0.679
50.99,09-22-2026 23:26:43:385,-0.171000003814697,0.241300001740456,0.1908999979496,0.935899972915649,-0.426,-0.1852,0.679
51,09-22-2026 23:26:43:395,-0.171100005507469,0.241200000047684,0.190999999642372,0.935899972915649,-0.426,-0.185,0.6785
51.01,09-22-2026 23:26:43:405,-0.171100005507469,0.241200000047684,0.190999999642372,0.935899972915649,-0.4254,-0.1842,0.6754
51.02,09-22-2026 23:26:43:415,-0.171100005507469,0.241200000047684,0.191100001335144,0.935899972915649,-0.4261,-0.1837,0.6754
51.03,09-22-2026 23:26:43:425,-0.171100005507469,0.241099998354912,0.191100001335144,0.935899972915649,-0.4266,-0.1831,0.675
51.04,09-22-2026 23:26:43:435,-0.171100005507469,0.241099998354912,0.191100001335144,0.935899972915649,-0.427,-0.1823,0.6747
51.05,09-22-2026 23:26:43:445,-0.171100005507469,0.241099998354912,0.191100001335144,0.935899972915649,-0.4277,-0.182,0.6748
51.06,09-22-2026 23:26:43:455,-0.171200007200241,0.241099998354912,0.191100001335144,0.935899972915649,-0.4281,-0.1822,0.6754
51.07,09-22-2026 23:26:43:465,-0.171200007200241,0.241099998354912,0.191100001335144,0.935899972915649,-0.4278,-0.1829,0.6756
51.08,09-22-2026 23:26:43:475,-0.171299993991852,0.24099999666214,0.191100001335144,0.935899972915649,-0.4279,-0.1831,0.6766
51.09,09-22-2026 23:26:43:485,-0.171299993991852,0.24099999666214,0.191100001335144,0.935899972915649,-0.4269,-0.1835,0.6777
51.1,09-22-2026 23:26:43:495,-0.171399995684624,0.24099999666214,0.191100001335144,0.935899972915649,-0.4267,-0.1843,0.6795
51.11,09-22-2026 23:26:43:505,-0.171499997377396,0.24099999666214,0.191100001335144,0.935899972915649,-0.4254,-0.1844,0.6791
51.12,09-22-2026 23:26:43:515,-0.171599999070168,0.24099999666214,0.191100001335144,0.935899972915649,-0.426,-0.1831,0.6791
51.13,09-22-2026 23:26:43:525,-0.171599999070168,0.24099999666214,0.191100001335144,0.935899972915649,-0.4265,-0.1818,0.6787
51.14,09-22-2026 23:26:43:535,-0.171599999070168,0.24099999666214,0.191100001335144,0.935899972915649,-0.4273,-0.1806,0.6772
51.15,09-22-2026 23:26:43:545,-0.171599999070168,0.24099999666214,0.191100001335144,0.935899972915649,-0.4279,-0.1802,0.6762
51.16,09-22-2026 23:26:43:555,-0.171599999070168,0.24099999666214,0.191100001335144,0.935899972915649,-0.4287,-0.1799,0.674
51.17,09-22-2026 23:26:43:565,-0.171700000762939,0.24099999666214,0.191100001335144,0.935899972915649,-0.4292,-0.1803,0.6746
51.18,09-22-2026 23:26:43:575,-0.171700000762939,0.24099999666214,0.191100001335144,0.935899972915649,-0.4293,-0.1815,0.6757
51.19,09-22-2026 23:26:43:585,-0.171700000762939,0.24099999666214,0.191100001335144,0.935899972915649,-0.429,-0.1818,0.6766
51.2,09-22-2026 23:26:43:595,-0.171700000762939,0.240899994969368,0.191100001335144,0.935899972915649,-0.4288,-0.1824,0.678
51.21,09-22-2026 23:26:43:605,-0.171700000762939,0.240899994969368,0.191200003027916,0.935899972915649,-0.4257,-0.1844,0.6806
51.22,09-22-2026 23:26:43:615,-0.171700000762939,0.240899994969368,0.191200003027916,0.935899972915649,-0.426,-0.1842,0.6799
51.23,09-22-2026 23:26:43:625,-0.171800002455711,0.240899994969368,0.191200003027916,0.935899972915649,-0.426,-0.1843,0.6797
51.24,09-22-2026 23:26:43:635,-0.171800002455711,0.240899994969368,0.191200003027916,0.935899972915649,-0.4259,-0.184,0.6802
51.25,09-22-2026 23:26:43:645,-0.171800002455711,0.240799993276596,0.191100001335144,0.935899972915649,-0.4257,-0.1841,0.6778
51.26,09-22-2026 23:26:43:655,-0.171800002455711,0.240799993276596,0.191100001335144,0.935899972915649,-0.4257,-0.1836,0.6758
51.27,09-22-2026 23:26:43:665,-0.171800002455711,0.240799993276596,0.191100001335144,0.935899972915649,-0.4267,-0.1836,0.6751
51.28,09-22-2026 23:26:43:675,-0.171800002455711,0.240799993276596,0.191100001335144,0.935899972915649,-0.4273,-0.184,0.6751
51.29,09-22-2026 23:26:43:685,-0.171700000762939,0.240799993276596,0.191100001335144,0.935899972915649,-0.4275,-0.1842,0.6752
51.3,09-22-2026 23:26:43:695,-0.171700000762939,0.240799993276596,0.191100001335144,0.935800015926361,-0.4275,-0.1852,0.6752
51.31,09-22-2026 23:26:43:705,-0.171499997377396,0.240799993276596,0.191100001335144,0.935800015926361,-0.4264,-0.1875,0.6763
51.32,09-22-2026 23:26:43:715,-0.171499997377396,0.240799993276596,0.191100001335144,0.935800015926361,-0.4255,-0.1879,0.677
51.33,09-22-2026 23:26:43:725,-0.171499997377396,0.240799993276596,0.191100001335144,0.935800015926361,-0.4249,-0.1882,0.6778
51.34,09-22-2026 23:26:43:735,-0.171499997377396,0.240799993276596,0.191100001335144,0.935800015926361,-0.4245,-0.1889,0.6785
51.35,09-22-2026 23:26:43:745,-0.171499997377396,0.240799993276596,0.191100001335144,0.935800015926361,-0.4246,-0.1893,0.6799
51.36,09-22-2026 23:26:43:755,-0.171499997377396,0.240799993276596,0.191100001335144,0.935800015926361,-0.4242,-0.19,0.6802
51.37,09-22-2026 23:26:43:765,-0.171499997377396,0.240799993276596,0.191100001335144,0.935800015926361,-0.424,-0.1905,0.6809
51.38,09-22-2026 23:26:43:775,-0.171499997377396,0.240799993276596,0.191100001335144,0.935800015926361,-0.4234,-0.1914,0.6819
51.39,09-22-2026 23:26:43:785,-0.171499997377396,0.240799993276596,0.191100001335144,0.935800015926361,-0.4224,-0.192,0.6817
51.4,09-22-2026 23:26:43:795,-0.171499997377396,0.240899994969368,0.191200003027916,0.935800015926361,-0.4228,-0.1913,0.6808
51.41,09-22-2026 23:26:43:805,-0.171399995684624,0.240899994969368,0.191300004720688,0.935800015926361,-0.4235,-0.1897,0.679
51.42,09-22-2026 23:26:43:815,-0.171399995684624,0.240899994969368,0.191200003027916,0.935800015926361,-0.4238,-0.1895,0.678
51.43,09-22-2026 23:26:43:825,-0.171399995684624,0.240899994969368,0.191200003027916,0.935800015926361,-0.4245,-0.1901,0.6765
51.44,09-22-2026 23:26:43:835,-0.171299993991852,0.240899994969368,0.191200003027916,0.935699999332428,-0.4254,-0.1897,0.6754
51.45,09-22-2026 23:26:43:845,-0.171299993991852,0.24099999666214,0.191300004720688,0.935699999332428,-0.4276,-0.1902,0.6757
51.46,09-22-2026 23:26:43:855,-0.171299993991852,0.24099999666214,0.191300004720688,0.935699999332428,-0.429,-0.1896,0.6767
51.47,09-22-2026 23:26:43:865,-0.171299993991852,0.24099999666214,0.191300004720688,0.935699999332428,-0.4295,-0.1897,0.6768
51.48,09-22-2026 23:26:43:875,-0.171299993991852,0.24099999666214,0.191300004720688,0.935699999332428,-0.4299,-0.1903,0.677
51.49,09-22-2026 23:26:43:885,-0.171299993991852,0.24099999666214,0.191300004720688,0.935699999332428,-0.4293,-0.1913,0.6775
51.5,09-22-2026 23:26:43:895,-0.171299993991852,0.24099999666214,0.19140000641346,0.935599982738495,-0.428,-0.1926,0.6775
51.51,09-22-2026 23:26:43:905,-0.171200007200241,0.24099999666214,0.19149999320507,0.935599982738495,-0.4229,-0.1981,0.6799
51.52,09-22-2026 23:26:43:915,-0.171200007200241,0.24099999666214,0.191599994897842,0.935599982738495,-0.422,-0.199,0.6801
51.53,09-22-2026 23:26:43:925,-0.171100005507469,0.24099999666214,0.191699996590614,0.935599982738495,-0.4223,-0.1989,0.6801
51.54,09-22-2026 23:26:43:935,-0.171100005507469,0.24099999666214,0.191799998283386,0.935599982738495,-0.4227,-0.1984,0.6801
51.55,09-22-2026 23:26:43:945,-0.171000003814697,0.24099999666214,0.191799998283386,0.935599982738495,-0.4227,-0.198,0.6801
51.56,09-22-2026 23:26:43:955,-0.171000003814697,0.24099999666214,0.191899999976158,0.935599982738495,-0.4227,-0.1985,0.6807
51.57,09-22-2026 23:26:43:965,-0.170900002121925,0.241099998354912,0.19200000166893,0.935599982738495,-0.423,-0.1985,0.6799
51.58,09-22-2026 23:26:43:975,-0.170900002121925,0.241099998354912,0.19200000166893,0.935500025749207,-0.4239,-0.1977,0.6799
51.59,09-22-2026 23:26:43:985,-0.170800000429153,0.241099998354912,0.192100003361702,0.935500025749207,-0.4241,-0.1966,0.6807
51.6,09-22-2026 23:26:43:995,-0.170699998736382,0.241099998354912,0.192200005054474,0.935500025749207,-0.4243,-0.1951,0.6804
51.61,09-22-2026 23:26:44:005,-0.170399993658066,0.241200000047684,0.192399993538857,0.935500025749207,-0.4245,-0.1936,0.6772
51.62,09-22-2026 23:26:44:015,-0.170399993658066,0.241200000047684,0.192399993538857,0.935500025749207,-0.4242,-0.1935,0.6784
51.63,09-22-2026 23:26:44:025,-0.170300006866455,0.241300001740456,0.192499995231628,0.935400009155273,-0.4239,-0.1933,0.6787
51.64,09-22-2026 23:26:44:035,-0.170200005173683,0.241300001740456,0.192499995231628,0.935400009155273,-0.4235,-0.1933,0.6777
51.65,09-22-2026 23:26:44:045,-0.170200005173683,0.241300001740456,0.192499995231628,0.935400009155273,-0.4245,-0.1933,0.6776
51.66,09-22-2026 23:26:44:055,-0.170100003480911,0.241400003433228,0.1925999969244,0.935400009155273,-0.4241,-0.1932,0.6781
51.67,09-22-2026 23:26:44:065,-0.170000001788139,0.241400003433228,0.1925999969244,0.935400009155273,-0.4238,-0.1934,0.6788
51.68,09-22-2026 23:26:44:075,-0.169900000095367,0.241400003433228,0.192699998617172,0.935400009155273,-0.4236,-0.1935,0.6794
51.69,09-22-2026 23:26:44:085,-0.169900000095367,0.241500005125999,0.192699998617172,0.935400009155273,-0.4238,-0.1938,0.68
51.7,09-22-2026 23:26:44:095,-0.169799998402596,0.241500005125999,0.192800000309944,0.93529999256134,-0.4238,-0.1929,0.6796
51.71,09-22-2026 23:26:44:105,-0.169400006532669,0.241699993610382,0.193000003695488,0.935400009155273,-0.4234,-0.191,0.6788
51.72,09-22-2026 23:26:44:115,-0.169300004839897,0.241799995303154,0.19310000538826,0.935400009155273,-0.4238,-0.1898,0.6786
51.73,09-22-2026 23:26:44:125,-0.169200003147125,0.241899996995926,0.193200007081032,0.935400009155273,-0.4247,-0.1888,0.6775
51.74,09-22-2026 23:26:44:135,-0.169100001454353,0.241899996995926,0.193200007081032,0.935400009155273,-0.4259,-0.1878,0.6765
51.75,09-22-2026 23:26:44:145,-0.16889999806881,0.241999998688698,0.193299993872643,0.935400009155273,-0.4271,-0.1869,0.676
51.76,09-22-2026 23:26:44:155,-0.168799996376038,0.241999998688698,0.193399995565414,0.935400009155273,-0.4278,-0.1869,0.6759
51.77,09-22-2026 23:26:44:165,-0.168599992990494,0.24210000038147,0.193399995565414,0.935500025749207,-0.4287,-0.1862,0.676
51.78,09-22-2026 23:26:44:175,-0.168400004506111,0.24210000038147,0.193499997258186,0.935500025749207,-0.4294,-0.186,0.6769
51.79,09-22-2026 23:26:44:185,-0.168099999427795,0.242200002074242,0.193499997258186,0.935500025749207,-0.4292,-0.1866,0.6777
51.8,09-22-2026 23:26:44:195,-0.16779999434948,0.242200002074242,0.193599998950958,0.935599982738495,-0.4285,-0.187,0.6773
51.81,09-22-2026 23:26:44:205,-0.166299998760223,0.242300003767014,0.193800002336502,0.935800015926361,-0.4279,-0.186,0.6771
51.82,09-22-2026 23:26:44:215,-0.165900006890297,0.242300003767014,0.193800002336502,0.935800015926361,-0.4268,-0.1857,0.6765
51.83,09-22-2026 23:26:44:225,-0.165500000119209,0.242300003767014,0.193900004029274,0.935899972915649,-0.4264,-0.1857,0.6763
51.84,09-22-2026 23:26:44:235,-0.165099993348122,0.242300003767014,0.193900004029274,0.935899972915649,-0.4264,-0.1856,0.6759
51.85,09-22-2026 23:26:44:245,-0.164599999785423,0.242200002074242,0.194000005722046,0.935999989509583,-0.4259,-0.1857,0.676
51.86,09-22-2026 23:26:44:255,-0.164199993014336,0.242200002074242,0.194100007414818,0.936100006103516,-0.4258,-0.1867,0.6764
51.87,09-22-2026 23:26:44:265,-0.163800001144409,0.242200002074242,0.194100007414818,0.936100006103516,-0.4262,-0.1866,0.6775
51.88,09-22-2026 23:26:44:275,-0.16329999268055,0.242200002074242,0.194199994206429,0.936200022697449,-0.4262,-0.1876,0.679
51.89,09-22-2026 23:26:44:285,-0.162900000810623,0.242200002074242,0.1942999958992,0.936200022697449,-0.4264,-0.1876,0.6799
51.9,09-22-2026 23:26:44:295,-0.162400007247925,0.242200002074242,0.1942999958992,0.936299979686737,-0.4272,-0.1875,0.6806
51.91,09-22-2026 23:26:44:305,-0.160799995064735,0.24210000038147,0.194700002670288,0.936500012874603,-0.4251,-0.1871,0.6793
51.92,09-22-2026 23:26:44:315,-0.160199999809265,0.24210000038147,0.19480000436306,0.936500012874603,-0.4253,-0.1866,0.6796
51.93,09-22-2026 23:26:44:325,-0.159700006246567,0.24210000038147,0.194900006055832,0.936600029468536,-0.4251,-0.1863,0.679
51.94,09-22-2026 23:26:44:335,-0.159099996089935,0.24210000038147,0.194900006055832,0.936600029468536,-0.4254,-0.1856,0.6789
51.95,09-22-2026 23:26:44:345,-0.158600002527237,0.24210000038147,0.194999992847443,0.936699986457825,-0.4259,-0.1852,0.6788
51.96,09-22-2026 23:26:44:355,-0.158099994063377,0.24210000038147,0.195199996232986,0.936699986457825,-0.4266,-0.1849,0.6786
51.97,09-22-2026 23:26:44:365,-0.157600000500679,0.24210000038147,0.195299997925758,0.936800003051758,-0.4268,-0.1844,0.6793
51.98,09-22-2026 23:26:44:375,-0.157000005245209,0.24210000038147,0.19539999961853,0.936800003051758,-0.4269,-0.1839,0.6795
51.99,09-22-2026 23:26:44:385,-0.156499996781349,0.24210000038147,0.195500001311302,0.936800003051758,-0.4275,-0.1825,0.6787
52,09-22-2026 23:26:44:395,-0.156000003218651,0.24210000038147,0.195600003004074,0.936900019645691,-0.4279,-0.1817,0.6787
52.01,09-22-2026 23:26:44:405,-0.154200002551079,0.24210000038147,0.195899993181229,0.936999976634979,-0.4276,-0.182,0.6778
52.02,09-22-2026 23:26:44:415,-0.153699994087219,0.242200002074242,0.195999994874001,0.937099993228912,-0.427,-0.1825,0.6775
52.03,09-22-2026 23:26:44:425,-0.153200000524521,0.242200002074242,0.196199998259544,0.937099993228912,-0.4268,-0.1826,0.6777
52.04,09-22-2026 23:26:44:435,-0.152799993753433,0.242200002074242,0.196299999952316,0.937099993228912,-0.4275,-0.1833,0.6785
52.05,09-22-2026 23:26:44:445,-0.152300000190735,0.242300003767014,0.19650000333786,0.937200009822845,-0.4277,-0.1833,0.6788
52.06,09-22-2026 23:26:44:455,-0.151800006628036,0.242400005459785,0.196600005030632,0.937200009822845,-0.4272,-0.1837,0.6787
52.07,09-22-2026 23:26:44:465,-0.151399999856949,0.242400005459785,0.196799993515015,0.937300026416779,-0.4271,-0.1842,0.6794
52.08,09-22-2026 23:26:44:475,-0.150999993085861,0.242500007152557,0.196899995207787,0.937300026416779,-0.4279,-0.1846,0.6809
52.09,09-22-2026 23:26:44:485,-0.150600001215935,0.242500007152557,0.19709999859333,0.937399983406067,-0.4286,-0.185,0.6809
52.1,09-22-2026 23:26:44:495,-0.150199994444847,0.242599993944168,0.197200000286102,0.937399983406067,-0.4292,-0.1845,0.6799
52.11,09-22-2026 23:26:44:505,-0.148699998855591,0.24269999563694,0.197799995541573,0.937600016593933,-0.4294,-0.1834,0.6789
52.12,09-22-2026 23:26:44:515,-0.148399993777275,0.24269999563694,0.197999998927116,0.937699973583221,-0.4293,-0.1832,0.6793
52.13,09-22-2026 23:26:44:525,-0.148100003600121,0.242799997329712,0.19820000231266,0.937699973583221,-0.4293,-0.1824,0.6793
52.14,09-22-2026 23:26:44:535,-0.147799998521805,0.242799997329712,0.198300004005432,0.937799990177155,-0.4305,-0.1815,0.6815
52.15,09-22-2026 23:26:44:545,-0.147599995136261,0.242799997329712,0.198500007390976,0.937799990177155,-0.4315,-0.1811,0.6845
52.16,09-22-2026 23:26:44:555,-0.147400006651878,0.242799997329712,0.198599994182587,0.937799990177155,-0.4316,-0.1817,0.6861
52.17,09-22-2026 23:26:44:565,-0.147200003266335,0.242799997329712,0.19879999756813,0.937900006771088,-0.4316,-0.1822,0.6867
52.18,09-22-2026 23:26:44:575,-0.147100001573563,0.242799997329712,0.198899999260902,0.937900006771088,-0.4316,-0.182,0.6871
52.19,09-22-2026 23:26:44:585,-0.146999999880791,0.242799997329712,0.199000000953674,0.938000023365021,-0.4321,-0.1823,0.6905
52.2,09-22-2026 23:26:44:595,-0.146899998188019,0.242799997329712,0.199100002646446,0.938000023365021,-0.4317,-0.1825,0.6921
52.21,09-22-2026 23:26:44:605,-0.146699994802475,0.242599993944168,0.199399992823601,0.938000023365021,-0.4261,-0.1805,0.6833
52.22,09-22-2026 23:26:44:615,-0.146799996495247,0.242500007152557,0.199499994516373,0.938099980354309,-0.4275,-0.1794,0.6842
52.23,09-22-2026 23:26:44:625,-0.146799996495247,0.242500007152557,0.199599996209145,0.938099980354309,-0.4284,-0.1781,0.6846
52.24,09-22-2026 23:26:44:635,-0.146799996495247,0.242400005459785,0.199599996209145,0.938099980354309,-0.4293,-0.1774,0.6855
52.25,09-22-2026 23:26:44:645,-0.146799996495247,0.242300003767014,0.199599996209145,0.938099980354309,-0.4288,-0.1771,0.6884
52.26,09-22-2026 23:26:44:655,-0.146799996495247,0.242300003767014,0.199699997901917,0.938099980354309,-0.4277,-0.1783,0.6849
52.27,09-22-2026 23:26:44:665,-0.146799996495247,0.242200002074242,0.199699997901917,0.938099980354309,-0.4265,-0.1778,0.6836
52.28,09-22-2026 23:26:44:675,-0.146799996495247,0.242200002074242,0.199699997901917,0.938099980354309,-0.4273,-0.1778,0.6862
52.29,09-22-2026 23:26:44:685,-0.146799996495247,0.24210000038147,0.199699997901917,0.938099980354309,-0.4273,-0.1764,0.6863
52.3,09-22-2026 23:26:44:695,-0.146799996495247,0.241999998688698,0.199799999594688,0.938099980354309,-0.4281,-0.1762,0.6861
52.31,09-22-2026 23:26:44:705,-0.147100001573563,0.241799995303154,0.199799999594688,0.938099980354309,-0.4278,-0.1745,0.6855
52.32,09-22-2026 23:26:44:715,-0.147200003266335,0.241799995303154,0.199799999594688,0.938099980354309,-0.4269,-0.1743,0.6829
52.33,09-22-2026 23:26:44:725,-0.147200003266335,0.241699993610382,0.199799999594688,0.938099980354309,-0.4261,-0.1742,0.6789
52.34,09-22-2026 23:26:44:735,-0.147200003266335,0.241699993610382,0.199799999594688,0.938099980354309,-0.4258,-0.1736,0.6787
52.35,09-22-2026 23:26:44:745,-0.147200003266335,0.241699993610382,0.199799999594688,0.938099980354309,-0.4266,-0.1733,0.6804
52.36,09-22-2026 23:26:44:755,-0.147200003266335,0.241699993610382,0.199799999594688,0.938099980354309,-0.4269,-0.1727,0.6818
52.37,09-22-2026 23:26:44:765,-0.147200003266335,0.241699993610382,0.199799999594688,0.938099980354309,-0.4274,-0.172,0.6822
52.38,09-22-2026 23:26:44:775,-0.147200003266335,0.241699993610382,0.199799999594688,0.938099980354309,-0.4262,-0.1705,0.6827
52.39,09-22-2026 23:26:44:785,-0.147200003266335,0.241699993610382,0.199799999594688,0.938099980354309,-0.4242,-0.1701,0.6812
52.4,09-22-2026 23:26:44:795,-0.147200003266335,0.241699993610382,0.199799999594688,0.938099980354309,-0.4225,-0.1694,0.6783
52.41,09-22-2026 23:26:44:805,-0.147200003266335,0.241500005125999,0.199799999594688,0.938099980354309,-0.4248,-0.1623,0.687
52.42,09-22-2026 23:26:44:815,-0.147200003266335,0.241400003433228,0.199699997901917,0.938099980354309,-0.4254,-0.1616,0.6875
52.43,09-22-2026 23:26:44:825,-0.147200003266335,0.241400003433228,0.199699997901917,0.938099980354309,-0.4247,-0.1616,0.6882
52.44,09-22-2026 23:26:44:835,-0.147200003266335,0.241400003433228,0.199699997901917,0.938099980354309,-0.4234,-0.1613,0.6887
52.45,09-22-2026 23:26:44:845,-0.147200003266335,0.241400003433228,0.199699997901917,0.938099980354309,-0.4216,-0.161,0.6869
52.46,09-22-2026 23:26:44:855,-0.147200003266335,0.241400003433228,0.199699997901917,0.938099980354309,-0.4186,-0.1613,0.683
52.47,09-22-2026 23:26:44:865,-0.147200003266335,0.241400003433228,0.199699997901917,0.938099980354309,-0.4172,-0.1598,0.6813
52.48,09-22-2026 23:26:44:875,-0.147300004959106,0.241300001740456,0.199699997901917,0.938099980354309,-0.4157,-0.1585,0.6832
52.49,09-22-2026 23:26:44:885,-0.147400006651878,0.241300001740456,0.199699997901917,0.938099980354309,-0.416,-0.157,0.6818
52.5,09-22-2026 23:26:44:895,-0.147599995136261,0.241300001740456,0.199699997901917,0.938099980354309,-0.4178,-0.1538,0.6817
52.51,09-22-2026 23:26:44:905,-0.148200005292892,0.241300001740456,0.199699997901917,0.938000023365021,-0.4157,-0.1504,0.6824
52.52,09-22-2026 23:26:44:915,-0.148300006985664,0.241300001740456,0.199699997901917,0.937900006771088,-0.415,-0.1512,0.6798
52.53,09-22-2026 23:26:44:925,-0.148399993777275,0.241300001740456,0.199699997901917,0.937900006771088,-0.4151,-0.1518,0.6787
52.54,09-22-2026 23:26:44:935,-0.148499995470047,0.241300001740456,0.199699997901917,0.937900006771088,-0.4157,-0.1515,0.677
52.55,09-22-2026 23:26:44:945,-0.148499995470047,0.241300001740456,0.199699997901917,0.937900006771088,-0.4158,-0.1508,0.6751
52.56,09-22-2026 23:26:44:955,-0.148599997162819,0.241300001740456,0.199699997901917,0.937900006771088,-0.4174,-0.1495,0.6776
52.57,09-22-2026 23:26:44:965,-0.148699998855591,0.241300001740456,0.199699997901917,0.937900006771088,-0.4189,-0.1476,0.6825
52.58,09-22-2026 23:26:44:975,-0.148699998855591,0.241300001740456,0.199699997901917,0.937900006771088,-0.419,-0.1468,0.6837
52.59,09-22-2026 23:26:44:985,-0.148800000548363,0.241300001740456,0.199699997901917,0.937900006771088,-0.4185,-0.1461,0.6817
52.6,09-22-2026 23:26:44:995,-0.148800000548363,0.241300001740456,0.199699997901917,0.937900006771088,-0.418,-0.1466,0.6811
52.61,09-22-2026 23:26:45:005,-0.149000003933907,0.241400003433228,0.199599996209145,0.938000023365021,-0.4157,-0.1514,0.6846
52.62,09-22-2026 23:26:45:015,-0.149100005626678,0.241400003433228,0.199599996209145,0.938000023365021,-0.4163,-0.1523,0.6896
52.63,09-22-2026 23:26:45:025,-0.14920000731945,0.241400003433228,0.199599996209145,0.938000023365021,-0.4167,-0.1518,0.6899
52.64,09-22-2026 23:26:45:035,-0.149299994111061,0.241500005125999,0.199599996209145,0.938000023365021,-0.4181,-0.1508,0.6911
52.65,09-22-2026 23:26:45:045,-0.149399995803833,0.241400003433228,0.199599996209145,0.938000023365021,-0.4204,-0.1497,0.6945
52.66,09-22-2026 23:26:45:055,-0.149499997496605,0.241400003433228,0.199499994516373,0.938000023365021,-0.4209,-0.1493,0.6944
52.67,09-22-2026 23:26:45:065,-0.149599999189377,0.241400003433228,0.199499994516373,0.938000023365021,-0.4209,-0.1492,0.6915
52.68,09-22-2026 23:26:45:075,-0.149700000882149,0.241400003433228,0.199499994516373,0.938000023365021,-0.4202,-0.1487,0.691
52.69,09-22-2026 23:26:45:085,-0.149700000882149,0.241300001740456,0.199399992823601,0.938000023365021,-0.4197,-0.1494,0.6912
52.7,09-22-2026 23:26:45:095,-0.149800002574921,0.241300001740456,0.199399992823601,0.938000023365021,-0.4185,-0.1502,0.687
52.71,09-22-2026 23:26:45:105,-0.149900004267693,0.241300001740456,0.199100002646446,0.938000023365021,-0.4194,-0.1484,0.6912
52.72,09-22-2026 23:26:45:115,-0.149900004267693,0.241300001740456,0.199100002646446,0.938000023365021,-0.4209,-0.148,0.695
52.73,09-22-2026 23:26:45:125,-0.149900004267693,0.241300001740456,0.199000000953674,0.938000023365021,-0.4217,-0.1476,0.7002
52.74,09-22-2026 23:26:45:135,-0.149900004267693,0.241300001740456,0.198899999260902,0.938000023365021,-0.4211,-0.1481,0.7006
52.75,09-22-2026 23:26:45:145,-0.150000005960464,0.241300001740456,0.19879999756813,0.938000023365021,-0.4199,-0.1481,0.6978
52.76,09-22-2026 23:26:45:155,-0.150000005960464,0.241300001740456,0.19879999756813,0.938000023365021,-0.4186,-0.1487,0.6962
52.77,09-22-2026 23:26:45:165,-0.150099992752075,0.241300001740456,0.198699995875359,0.938000023365021,-0.4178,-0.1488,0.6934
52.78,09-22-2026 23:26:45:175,-0.150099992752075,0.241300001740456,0.198599994182587,0.938000023365021,-0.4167,-0.1484,0.6884
52.79,09-22-2026 23:26:45:185,-0.150099992752075,0.241300001740456,0.198599994182587,0.938000023365021,-0.4171,-0.1484,0.6878
52.8,09-22-2026 23:26:45:195,-0.150099992752075,0.241300001740456,0.198500007390976,0.938000023365021,-0.4182,-0.1484,0.6916
52.81,09-22-2026 23:26:45:205,-0.150199994444847,0.241300001740456,0.198400005698204,0.938099980354309,-0.4182,-0.1492,0.6902
52.82,09-22-2026 23:26:45:215,-0.150199994444847,0.241300001740456,0.198300004005432,0.938099980354309,-0.418,-0.1498,0.6868
52.83,09-22-2026 23:26:45:225,-0.150199994444847,0.241300001740456,0.198300004005432,0.938099980354309,-0.4188,-0.1497,0.6868
52.84,09-22-2026 23:26:45:235,-0.150199994444847,0.241300001740456,0.19820000231266,0.938099980354309,-0.4195,-0.1495,0.6888
52.85,09-22-2026 23:26:45:245,-0.150199994444847,0.241300001740456,0.198100000619888,0.938099980354309,-0.4193,-0.1501,0.6862
52.86,09-22-2026 23:26:45:255,-0.150199994444847,0.241300001740456,0.198100000619888,0.938099980354309,-0.4194,-0.1498,0.685
52.87,09-22-2026 23:26:45:265,-0.150199994444847,0.241300001740456,0.197999998927116,0.938099980354309,-0.4196,-0.1493,0.6848
52.88,09-22-2026 23:26:45:275,-0.150199994444847,0.241300001740456,0.197899997234344,0.938099980354309,-0.4188,-0.1487,0.6816
52.89,09-22-2026 23:26:45:285,-0.150199994444847,0.241300001740456,0.197899997234344,0.938099980354309,-0.4174,-0.1493,0.6786
52.9,09-22-2026 23:26:45:295,-0.150199994444847,0.241300001740456,0.197799995541573,0.938099980354309,-0.417,-0.1497,0.6762
52.91,09-22-2026 23:26:45:305,-0.150199994444847,0.241400003433228,0.19760000705719,0.938099980354309,-0.4293,-0.1457,0.7116
52.92,09-22-2026 23:26:45:315,-0.150199994444847,0.241400003433228,0.19760000705719,0.938099980354309,-0.4267,-0.1483,0.7098
52.93,09-22-2026 23:26:45:325,-0.150199994444847,0.241400003433228,0.19760000705719,0.938099980354309,-0.4201,-0.1519,0.696
52.94,09-22-2026 23:26:45:335,-0.150199994444847,0.241400003433228,0.19760000705719,0.938099980354309,-0.4167,-0.1532,0.698
52.95,09-22-2026 23:26:45:345,-0.150199994444847,0.241400003433228,0.19760000705719,0.938099980354309,-0.4165,-0.1545,0.6988
52.96,09-22-2026 23:26:45:355,-0.150199994444847,0.241400003433228,0.19760000705719,0.938099980354309,-0.4161,-0.156,0.6918
52.97,09-22-2026 23:26:45:365,-0.150199994444847,0.241400003433228,0.19760000705719,0.938099980354309,-0.4159,-0.1561,0.6932
52.98,09-22-2026 23:26:45:375,-0.150199994444847,0.241400003433228,0.19760000705719,0.938099980354309,-0.4167,-0.1563,0.6962
52.99,09-22-2026 23:26:45:385,-0.150199994444847,0.241400003433228,0.19760000705719,0.938099980354309,-0.4167,-0.1569,0.6908
53,09-22-2026 23:26:45:395,-0.150199994444847,0.241400003433228,0.19760000705719,0.938099980354309,-0.4169,-0.1567,0.6886
53.01,09-22-2026 23:26:45:405,-0.150199994444847,0.241400003433228,0.19760000705719,0.938099980354309,-0.4183,-0.1546,0.6849
53.02,09-22-2026 23:26:45:415,-0.150199994444847,0.241400003433228,0.19760000705719,0.938099980354309,-0.4175,-0.1539,0.6851
53.03,09-22-2026 23:26:45:425,-0.150199994444847,0.241400003433228,0.19760000705719,0.938099980354309,-0.4175,-0.1539,0.6846
53.04,09-22-2026 23:26:45:435,-0.150199994444847,0.241400003433228,0.19760000705719,0.938099980354309,-0.4182,-0.1542,0.6832
53.05,09-22-2026 23:26:45:445,-0.150199994444847,0.241400003433228,0.19760000705719,0.938099980354309,-0.4186,-0.1545,0.6838
53.06,09-22-2026 23:26:45:455,-0.150199994444847,0.241400003433228,0.19760000705719,0.938099980354309,-0.4188,-0.1552,0.6854
53.07,09-22-2026 23:26:45:465,-0.150199994444847,0.241400003433228,0.19760000705719,0.938099980354309,-0.4195,-0.1569,0.6856
53.08,09-22-2026 23:26:45:475,-0.150199994444847,0.241400003433228,0.19760000705719,0.938099980354309,-0.4202,-0.1569,0.6861
53.09,09-22-2026 23:26:45:485,-0.150199994444847,0.241400003433228,0.19760000705719,0.938099980354309,-0.4226,-0.1564,0.6924
53.1,09-22-2026 23:26:45:495,-0.150199994444847,0.241400003433228,0.19760000705719,0.938099980354309,-0.4233,-0.1563,0.6946
53.11,09-22-2026 23:26:45:505,-0.150199994444847,0.241400003433228,0.19760000705719,0.938099980354309,-0.4199,-0.1582,0.6879
53.12,09-22-2026 23:26:45:515,-0.150299996137619,0.241400003433228,0.19760000705719,0.938099980354309,-0.4196,-0.1587,0.6868
53.13,09-22-2026 23:26:45:525,-0.150299996137619,0.241400003433228,0.19760000705719,0.938099980354309,-0.4196,-0.1583,0.6871
53.14,09-22-2026 23:26:45:535,-0.150399997830391,0.241400003433228,0.19760000705719,0.938099980354309,-0.4198,-0.1585,0.6868
53.15,09-22-2026 23:26:45:545,-0.150399997830391,0.241400003433228,0.19760000705719,0.938099980354309,-0.4203,-0.1585,0.6884
53.16,09-22-2026 23:26:45:555,-0.150399997830391,0.241400003433228,0.19760000705719,0.938099980354309,-0.4209,-0.1584,0.6906
53.17,09-22-2026 23:26:45:565,-0.150399997830391,0.241400003433228,0.19760000705719,0.938099980354309,-0.421,-0.1589,0.6908
53.18,09-22-2026 23:26:45:575,-0.150399997830391,0.241400003433228,0.19760000705719,0.938099980354309,-0.4219,-0.1589,0.6913
53.19,09-22-2026 23:26:45:585,-0.150399997830391,0.241400003433228,0.19760000705719,0.938099980354309,-0.4219,-0.1577,0.6936
53.2,09-22-2026 23:26:45:595,-0.150499999523163,0.241400003433228,0.19760000705719,0.938099980354309,-0.4218,-0.1577,0.6921
53.21,09-22-2026 23:26:45:605,-0.150700002908707,0.241400003433228,0.19760000705719,0.938099980354309,-0.4217,-0.1549,0.689
53.22,09-22-2026 23:26:45:615,-0.150800004601479,0.241400003433228,0.19760000705719,0.938099980354309,-0.4215,-0.1548,0.6898
53.23,09-22-2026 23:26:45:625,-0.150800004601479,0.241400003433228,0.19760000705719,0.938099980354309,-0.4218,-0.1536,0.69
53.24,09-22-2026 23:26:45:635,-0.150800004601479,0.241300001740456,0.197500005364418,0.938099980354309,-0.4223,-0.1533,0.6889
53.25,09-22-2026 23:26:45:645,-0.150800004601479,0.241300001740456,0.197500005364418,0.938000023365021,-0.4228,-0.1529,0.6891
53.26,09-22-2026 23:26:45:655,-0.150800004601479,0.241300001740456,0.197500005364418,0.938000023365021,-0.4223,-0.1531,0.6899
53.27,09-22-2026 23:26:45:665,-0.150800004601479,0.241300001740456,0.197500005364418,0.938000023365021,-0.4219,-0.154,0.6902
53.28,09-22-2026 23:26:45:675,-0.15090000629425,0.241300001740456,0.197500005364418,0.938000023365021,-0.4215,-0.154,0.69
53.29,09-22-2026 23:26:45:685,-0.150999993085861,0.241300001740456,0.197500005364418,0.938000023365021,-0.4215,-0.1545,0.6894
53.3,09-22-2026 23:26:45:695,-0.150999993085861,0.241300001740456,0.197500005364418,0.938000023365021,-0.4213,-0.1542,0.6892
53.31,09-22-2026 23:26:45:705,-0.151299998164177,0.241300001740456,0.197400003671646,0.938000023365021,-0.4193,-0.1538,0.6884
53.32,09-22-2026 23:26:45:715,-0.151399999856949,0.241300001740456,0.197400003671646,0.938000023365021,-0.4196,-0.1542,0.6885
53.33,09-22-2026 23:26:45:725,-0.151399999856949,0.241300001740456,0.197400003671646,0.938000023365021,-0.4207,-0.1546,0.6887
53.34,09-22-2026 23:26:45:735,-0.151500001549721,0.241300001740456,0.197400003671646,0.938000023365021,-0.4209,-0.1548,0.69
53.35,09-22-2026 23:26:45:745,-0.151600003242493,0.241300001740456,0.197400003671646,0.938000023365021,-0.4207,-0.1552,0.6895
53.36,09-22-2026 23:26:45:755,-0.151700004935265,0.241300001740456,0.197400003671646,0.937900006771088,-0.4209,-0.1549,0.689
53.37,09-22-2026 23:26:45:765,-0.151700004935265,0.241300001740456,0.197400003671646,0.937900006771088,-0.4207,-0.1544,0.6893
53.38,09-22-2026 23:26:45:775,-0.151800006628036,0.241300001740456,0.197400003671646,0.937900006771088,-0.4218,-0.1543,0.6891
53.39,09-22-2026 23:26:45:785,-0.151800006628036,0.241300001740456,0.197400003671646,0.937900006771088,-0.4219,-0.1543,0.6884
53.4,09-22-2026 23:26:45:795,-0.151800006628036,0.241300001740456,0.197300001978874,0.937900006771088,-0.422,-0.1536,0.6885
53.41,09-22-2026 23:26:45:805,-0.151999995112419,0.241300001740456,0.197300001978874,0.937900006771088,-0.4205,-0.1531,0.6862
53.42,09-22-2026 23:26:45:815,-0.152099996805191,0.241300001740456,0.197300001978874,0.937900006771088,-0.4208,-0.153,0.6857
53.43,09-22-2026 23:26:45:825,-0.152199998497963,0.241300001740456,0.197300001978874,0.937900006771088,-0.4211,-0.1526,0.6851
53.44,09-22-2026 23:26:45:835,-0.152199998497963,0.241200000047684,0.197300001978874,0.937900006771088,-0.4218,-0.1526,0.6854
53.45,09-22-2026 23:26:45:845,-0.152300000190735,0.241200000047684,0.197300001978874,0.937799990177155,-0.4219,-0.1531,0.6871
53.46,09-22-2026 23:26:45:855,-0.152400001883507,0.241200000047684,0.197300001978874,0.937799990177155,-0.4226,-0.1534,0.6884
53.47,09-22-2026 23:26:45:865,-0.152400001883507,0.241200000047684,0.197200000286102,0.937799990177155,-0.4223,-0.153,0.6893
53.48,09-22-2026 23:26:45:875,-0.152500003576279,0.241200000047684,0.197200000286102,0.937799990177155,-0.4228,-0.153,0.6898
53.49,09-22-2026 23:26:45:885,-0.152500003576279,0.241200000047684,0.197200000286102,0.937799990177155,-0.423,-0.1537,0.6904
53.5,09-22-2026 23:26:45:895,-0.152500003576279,0.241200000047684,0.197200000286102,0.937799990177155,-0.4222,-0.1542,0.6891
53.51,09-22-2026 23:26:45:905,-0.152600005269051,0.241200000047684,0.197200000286102,0.937799990177155,-0.421,-0.154,0.6856
53.52,09-22-2026 23:26:45:915,-0.152600005269051,0.241200000047684,0.197200000286102,0.937799990177155,-0.422,-0.1541,0.6861
53.53,09-22-2026 23:26:45:925,-0.152600005269051,0.241200000047684,0.197200000286102,0.937799990177155,-0.4224,-0.1544,0.6876
53.54,09-22-2026 23:26:45:935,-0.152600005269051,0.241200000047684,0.197200000286102,0.937799990177155,-0.4227,-0.1546,0.6882
53.55,09-22-2026 23:26:45:945,-0.152600005269051,0.241200000047684,0.197200000286102,0.937799990177155,-0.4224,-0.1546,0.6893
53.56,09-22-2026 23:26:45:955,-0.152600005269051,0.241200000047684,0.197200000286102,0.937799990177155,-0.4222,-0.1546,0.69
53.57,09-22-2026 23:26:45:965,-0.152600005269051,0.241300001740456,0.197200000286102,0.937799990177155,-0.422,-0.1547,0.6896
53.58,09-22-2026 23:26:45:975,-0.152700006961823,0.241300001740456,0.197200000286102,0.937799990177155,-0.4203,-0.154,0.6883
53.59,09-22-2026 23:26:45:985,-0.152700006961823,0.241300001740456,0.197200000286102,0.937799990177155,-0.4197,-0.1534,0.6872
53.6,09-22-2026 23:26:45:995,-0.152700006961823,0.241300001740456,0.197200000286102,0.937799990177155,-0.4202,-0.1527,0.687
53.61,09-22-2026 23:26:46:005,-0.152700006961823,0.241200000047684,0.197200000286102,0.937799990177155,-0.4236,-0.1529,0.6874
53.62,09-22-2026 23:26:46:015,-0.152700006961823,0.241200000047684,0.197200000286102,0.937799990177155,-0.4244,-0.1533,0.6881
53.63,09-22-2026 23:26:46:025,-0.152700006961823,0.241200000047684,0.197200000286102,0.937799990177155,-0.4244,-0.1539,0.688
53.64,09-22-2026 23:26:46:035,-0.152700006961823,0.241200000047684,0.197200000286102,0.937799990177155,-0.4241,-0.1545,0.6883
53.65,09-22-2026 23:26:46:045,-0.152700006961823,0.241200000047684,0.197200000286102,0.937799990177155,-0.4231,-0.1559,0.6886
53.66,09-22-2026 23:26:46:055,-0.152700006961823,0.241200000047684,0.197200000286102,0.937799990177155,-0.4222,-0.1569,0.6878
53.67,09-22-2026 23:26:46:065,-0.152700006961823,0.241200000047684,0.197200000286102,0.937799990177155,-0.4212,-0.1571,0.6879
53.68,09-22-2026 23:26:46:075,-0.152799993753433,0.241200000047684,0.197200000286102,0.937799990177155,-0.4209,-0.1581,0.6879
53.69,09-22-2026 23:26:46:085,-0.152799993753433,0.241200000047684,0.197200000286102,0.937799990177155,-0.4206,-0.158,0.6877
53.7,09-22-2026 23:26:46:095,-0.152799993753433,0.241200000047684,0.197200000286102,0.937799990177155,-0.4211,-0.1579,0.6879
53.71,09-22-2026 23:26:46:105,-0.152799993753433,0.241200000047684,0.197200000286102,0.937699973583221,-0.4216,-0.158,0.6887
53.72,09-22-2026 23:26:46:115,-0.152799993753433,0.241200000047684,0.197200000286102,0.937699973583221,-0.4209,-0.1586,0.6872
53.73,09-22-2026 23:26:46:125,-0.152799993753433,0.241200000047684,0.197200000286102,0.937699973583221,-0.4205,-0.1594,0.6869
53.74,09-22-2026 23:26:46:135,-0.152799993753433,0.241200000047684,0.197200000286102,0.937699973583221,-0.4204,-0.1599,0.6871
53.75,09-22-2026 23:26:46:145,-0.152799993753433,0.241200000047684,0.197200000286102,0.937699973583221,-0.4206,-0.1608,0.6869
53.76,09-22-2026 23:26:46:155,-0.152799993753433,0.241200000047684,0.197200000286102,0.937699973583221,-0.4207,-0.1605,0.6868
53.77,09-22-2026 23:26:46:165,-0.152799993753433,0.241200000047684,0.197200000286102,0.937699973583221,-0.4213,-0.1608,0.6877
53.78,09-22-2026 23:26:46:175,-0.152799993753433,0.241200000047684,0.197200000286102,0.937699973583221,-0.4213,-0.1613,0.6883
53.79,09-22-2026 23:26:46:185,-0.152799993753433,0.241200000047684,0.197200000286102,0.937699973583221,-0.4211,-0.1614,0.6872
53.8,09-22-2026 23:26:46:195,-0.152899995446205,0.241200000047684,0.197200000286102,0.937699973583221,-0.4217,-0.1609,0.6869
53.81,09-22-2026 23:26:46:205,-0.152899995446205,0.241400003433228,0.197200000286102,0.937699973583221,-0.4225,-0.1622,0.6865
53.82,09-22-2026 23:26:46:215,-0.152899995446205,0.241400003433228,0.197200000286102,0.937699973583221,-0.4219,-0.1628,0.6867
53.83,09-22-2026 23:26:46:225,-0.152899995446205,0.241400003433228,0.197200000286102,0.937699973583221,-0.4212,-0.1632,0.6865
53.84,09-22-2026 23:26:46:235,-0.152899995446205,0.241400003433228,0.197200000286102,0.937699973583221,-0.4209,-0.1634,0.6875
53.85,09-22-2026 23:26:46:245,-0.152899995446205,0.241400003433228,0.197200000286102,0.937699973583221,-0.4213,-0.1636,0.6879
53.86,09-22-2026 23:26:46:255,-0.152899995446205,0.241400003433228,0.197200000286102,0.937699973583221,-0.4212,-0.1643,0.6878
53.87,09-22-2026 23:26:46:265,-0.152899995446205,0.241400003433228,0.197200000286102,0.937699973583221,-0.4212,-0.1643,0.6887
53.88,09-22-2026 23:26:46:275,-0.152899995446205,0.241400003433228,0.197200000286102,0.937699973583221,-0.4221,-0.1645,0.69
53.89,09-22-2026 23:26:46:285,-0.152899995446205,0.241400003433228,0.197200000286102,0.937699973583221,-0.4221,-0.1645,0.6905
53.9,09-22-2026 23:26:46:295,-0.152899995446205,0.241400003433228,0.197200000286102,0.937699973583221,-0.4217,-0.1641,0.6896
53.91,09-22-2026 23:26:46:305,-0.152899995446205,0.241400003433228,0.197200000286102,0.937699973583221,-0.4213,-0.1643,0.6906
53.92,09-22-2026 23:26:46:315,-0.152899995446205,0.241400003433228,0.197200000286102,0.937699973583221,-0.4203,-0.1647,0.6908
53.93,09-22-2026 23:26:46:325,-0.152899995446205,0.241400003433228,0.197200000286102,0.937699973583221,-0.4195,-0.1645,0.6894
53.94,09-22-2026 23:26:46:335,-0.152899995446205,0.241400003433228,0.197200000286102,0.937699973583221,-0.4186,-0.1643,0.6884
53.95,09-22-2026 23:26:46:345,-0.152899995446205,0.241400003433228,0.197200000286102,0.937699973583221,-0.4187,-0.1635,0.6877
53.96,09-22-2026 23:26:46:355,-0.152999997138977,0.241400003433228,0.197200000286102,0.937699973583221,-0.42,-0.1628,0.6875
53.97,09-22-2026 23:26:46:365,-0.152999997138977,0.241400003433228,0.197200000286102,0.937699973583221,-0.4211,-0.162,0.6873
53.98,09-22-2026 23:26:46:375,-0.152999997138977,0.241400003433228,0.197200000286102,0.937699973583221,-0.4218,-0.1622,0.6869
53.99,09-22-2026 23:26:46:385,-0.152999997138977,0.241400003433228,0.197200000286102,0.937699973583221,-0.4217,-0.1615,0.687
54,09-22-2026 23:26:46:395,-0.152999997138977,0.241400003433228,0.197200000286102,0.937699973583221,-0.4228,-0.161,0.6866
54.01,09-22-2026 23:26:46:405,-0.152999997138977,0.241400003433228,0.197200000286102,0.937699973583221,-0.4228,-0.1596,0.6884
54.02,09-22-2026 23:26:46:415,-0.152999997138977,0.241500005125999,0.197200000286102,0.937699973583221,-0.4213,-0.1603,0.6877
54.03,09-22-2026 23:26:46:425,-0.153099998831749,0.241500005125999,0.197200000286102,0.937699973583221,-0.4207,-0.1609,0.6871
54.04,09-22-2026 23:26:46:435,-0.153099998831749,0.241500005125999,0.197200000286102,0.937699973583221,-0.4197,-0.1613,0.6851
54.05,09-22-2026 23:26:46:445,-0.153200000524521,0.241500005125999,0.197200000286102,0.937699973583221,-0.4193,-0.1611,0.6846
54.06,09-22-2026 23:26:46:455,-0.153300002217293,0.241500005125999,0.197200000286102,0.937699973583221,-0.4199,-0.1614,0.6855
54.07,09-22-2026 23:26:46:465,-0.153400003910065,0.241500005125999,0.197200000286102,0.937600016593933,-0.4201,-0.1617,0.6854
54.08,09-22-2026 23:26:46:475,-0.153500005602837,0.241500005125999,0.197200000286102,0.937600016593933,-0.4203,-0.1625,0.6853
54.09,09-22-2026 23:26:46:485,-0.153600007295609,0.241500005125999,0.197200000286102,0.937600016593933,-0.4212,-0.1617,0.686
54.1,09-22-2026 23:26:46:495,-0.153600007295609,0.241400003433228,0.197200000286102,0.937600016593933,-0.4226,-0.1615,0.6865
54.11,09-22-2026 23:26:46:505,-0.153999999165535,0.241400003433228,0.197200000286102,0.9375,-0.423,-0.1607,0.6873
54.12,09-22-2026 23:26:46:515,-0.153999999165535,0.241400003433228,0.197200000286102,0.9375,-0.4223,-0.161,0.6878
54.13,09-22-2026 23:26:46:525,-0.154100000858307,0.241500005125999,0.19709999859333,0.9375,-0.4215,-0.1615,0.6877
54.14,09-22-2026 23:26:46:535,-0.154100000858307,0.241500005125999,0.19709999859333,0.9375,-0.4212,-0.1619,0.6875
54.15,09-22-2026 23:26:46:545,-0.154100000858307,0.241500005125999,0.19709999859333,0.9375,-0.4214,-0.1612,0.6874
54.16,09-22-2026 23:26:46:555,-0.154100000858307,0.241500005125999,0.19709999859333,0.9375,-0.4217,-0.1602,0.687
54.17,09-22-2026 23:26:46:565,-0.154200002551079,0.241500005125999,0.19709999859333,0.9375,-0.4216,-0.1596,0.6864
54.18,09-22-2026 23:26:46:575,-0.154200002551079,0.241500005125999,0.19709999859333,0.9375,-0.4222,-0.159,0.6859
54.19,09-22-2026 23:26:46:585,-0.154200002551079,0.241500005125999,0.196999996900558,0.9375,-0.423,-0.1584,0.6861
54.2,09-22-2026 23:26:46:595,-0.154200002551079,0.241500005125999,0.196999996900558,0.9375,-0.4235,-0.1583,0.6866
54.21,09-22-2026 23:26:46:605,-0.154300004243851,0.241600006818771,0.196999996900558,0.9375,-0.4242,-0.1588,0.6863
54.22,09-22-2026 23:26:46:615,-0.154300004243851,0.241600006818771,0.196999996900558,0.9375,-0.4233,-0.1588,0.6859
54.23,09-22-2026 23:26:46:625,-0.154300004243851,0.241600006818771,0.196999996900558,0.9375,-0.4231,-0.1592,0.6869
54.24,09-22-2026 23:26:46:635,-0.154300004243851,0.241600006818771,0.196999996900558,0.9375,-0.4223,-0.1592,0.6867
54.25,09-22-2026 23:26:46:645,-0.154300004243851,0.241600006818771,0.196999996900558,0.9375,-0.4224,-0.1596,0.686
54.26,09-22-2026 23:26:46:655,-0.154300004243851,0.241600006818771,0.196999996900558,0.9375,-0.4225,-0.1595,0.6864
54.27,09-22-2026 23:26:46:665,-0.154300004243851,0.241600006818771,0.196999996900558,0.9375,-0.4222,-0.1596,0.6867
54.28,09-22-2026 23:26:46:675,-0.154300004243851,0.241600006818771,0.196999996900558,0.9375,-0.4226,-0.1597,0.6863
54.29,09-22-2026 23:26:46:685,-0.154300004243851,0.241600006818771,0.196999996900558,0.937399983406067,-0.4235,-0.1602,0.6873
54.3,09-22-2026 23:26:46:695,-0.154300004243851,0.241600006818771,0.196999996900558,0.937399983406067,-0.4234,-0.1602,0.6882
54.31,09-22-2026 23:26:46:705,-0.154100000858307,0.241600006818771,0.196999996900558,0.937399983406067,-0.4226,-0.159,0.6855
54.32,09-22-2026 23:26:46:715,-0.154100000858307,0.241600006818771,0.196999996900558,0.937399983406067,-0.423,-0.1584,0.6859
54.33,09-22-2026 23:26:46:725,-0.154100000858307,0.241600006818771,0.196999996900558,0.937300026416779,-0.4231,-0.158,0.6859
54.34,09-22-2026 23:26:46:735,-0.154100000858307,0.241600006818771,0.196999996900558,0.937300026416779,-0.4223,-0.1586,0.6864
54.35,09-22-2026 23:26:46:745,-0.154100000858307,0.241600006818771,0.196999996900558,0.937300026416779,-0.4222,-0.1594,0.6869
54.36,09-22-2026 23:26:46:755,-0.154100000858307,0.241600006818771,0.196999996900558,0.937300026416779,-0.4226,-0.1593,0.6878
54.37,09-22-2026 23:26:46:765,-0.154100000858307,0.241600006818771,0.196999996900558,0.937300026416779,-0.4229,-0.1597,0.6887
54.38,09-22-2026 23:26:46:775,-0.154200002551079,0.241600006818771,0.196999996900558,0.937300026416779,-0.4222,-0.1597,0.689
54.39,09-22-2026 23:26:46:785,-0.154200002551079,0.241699993610382,0.19709999859333,0.937300026416779,-0.4216,-0.1602,0.6892
54.4,09-22-2026 23:26:46:795,-0.154200002551079,0.241699993610382,0.19709999859333,0.937300026416779,-0.4209,-0.1605,0.6877
54.41,09-22-2026 23:26:46:805,-0.154100000858307,0.241899996995926,0.197300001978874,0.937399983406067,-0.4206,-0.1605,0.6847
54.42,09-22-2026 23:26:46:815,-0.154100000858307,0.241899996995926,0.197300001978874,0.937399983406067,-0.4209,-0.1603,0.6836
54.43,09-22-2026 23:26:46:825,-0.153999999165535,0.241999998688698,0.197300001978874,0.937399983406067,-0.421,-0.1601,0.6833
54.44,09-22-2026 23:26:46:835,-0.153999999165535,0.241999998688698,0.197300001978874,0.937399983406067,-0.4208,-0.1607,0.683
54.45,09-22-2026 23:26:46:845,-0.153999999165535,0.241899996995926,0.197300001978874,0.937399983406067,-0.4214,-0.1608,0.6828
54.46,09-22-2026 23:26:46:855,-0.153999999165535,0.241899996995926,0.197300001978874,0.937399983406067,-0.4218,-0.1611,0.6834
54.47,09-22-2026 23:26:46:865,-0.153999999165535,0.241899996995926,0.197300001978874,0.937399983406067,-0.4227,-0.1615,0.6839
54.48,09-22-2026 23:26:46:875,-0.153999999165535,0.241899996995926,0.197300001978874,0.937399983406067,-0.4239,-0.1613,0.6837
54.49,09-22-2026 23:26:46:885,-0.153999999165535,0.241899996995926,0.197300001978874,0.937399983406067,-0.4245,-0.162,0.6848
54.5,09-22-2026 23:26:46:895,-0.153999999165535,0.241899996995926,0.197300001978874,0.937399983406067,-0.4249,-0.1629,0.6853
54.51,09-22-2026 23:26:46:905,-0.153999999165535,0.241999998688698,0.19709999859333,0.937399983406067,-0.4234,-0.1666,0.6863
54.52,09-22-2026 23:26:46:915,-0.153899997472763,0.24210000038147,0.19709999859333,0.937399983406067,-0.4223,-0.1665,0.6871
54.53,09-22-2026 23:26:46:925,-0.153899997472763,0.24210000038147,0.196999996900558,0.937399983406067,-0.4222,-0.1669,0.6879
54.54,09-22-2026 23:26:46:935,-0.153799995779991,0.24210000038147,0.196999996900558,0.937399983406067,-0.4219,-0.1667,0.688
54.55,09-22-2026 23:26:46:945,-0.153699994087219,0.24210000038147,0.196999996900558,0.937399983406067,-0.4217,-0.167,0.6882
54.56,09-22-2026 23:26:46:955,-0.153600007295609,0.24210000038147,0.196999996900558,0.937399983406067,-0.4215,-0.1667,0.6883
54.57,09-22-2026 23:26:46:965,-0.153500005602837,0.242200002074242,0.196999996900558,0.937399983406067,-0.4221,-0.1664,0.6884
54.58,09-22-2026 23:26:46:975,-0.153400003910065,0.242200002074242,0.196999996900558,0.937399983406067,-0.4219,-0.1663,0.6879
54.59,09-22-2026 23:26:46:985,-0.153400003910065,0.242200002074242,0.196999996900558,0.937399983406067,-0.4215,-0.1659,0.6878
54.6,09-22-2026 23:26:46:995,-0.153300002217293,0.242200002074242,0.196999996900558,0.937399983406067,-0.4216,-0.1661,0.6869
54.61,09-22-2026 23:26:47:005,-0.153099998831749,0.242200002074242,0.196999996900558,0.937399983406067,-0.4245,-0.165,0.686
54.62,09-22-2026 23:26:47:015,-0.153099998831749,0.242200002074242,0.196999996900558,0.937399983406067,-0.4256,-0.1645,0.6861
54.63,09-22-2026 23:26:47:025,-0.152999997138977,0.242200002074242,0.196899995207787,0.937399983406067,-0.427,-0.1637,0.6858
54.64,09-22-2026 23:26:47:035,-0.152999997138977,0.242300003767014,0.196899995207787,0.937399983406067,-0.4273,-0.1627,0.6862
54.65,09-22-2026 23:26:47:045,-0.152899995446205,0.242300003767014,0.196899995207787,0.937399983406067,-0.4277,-0.1623,0.6859
54.66,09-22-2026 23:26:47:055,-0.152899995446205,0.242300003767014,0.196899995207787,0.937399983406067,-0.4269,-0.1625,0.686
54.67,09-22-2026 23:26:47:065,-0.152799993753433,0.242400005459785,0.196899995207787,0.937399983406067,-0.4254,-0.1631,0.6869
54.68,09-22-2026 23:26:47:075,-0.152899995446205,0.242400005459785,0.196899995207787,0.937399983406067,-0.4244,-0.1641,0.687
54.69,09-22-2026 23:26:47:085,-0.152899995446205,0.242400005459785,0.196899995207787,0.937399983406067,-0.4238,-0.1645,0.6864
54.7,09-22-2026 23:26:47:095,-0.152899995446205,0.242500007152557,0.196899995207787,0.937399983406067,-0.4233,-0.1646,0.6867
54.71,09-22-2026 23:26:47:105,-0.152600005269051,0.242599993944168,0.196899995207787,0.937399983406067,-0.4211,-0.165,0.6867
54.72,09-22-2026 23:26:47:115,-0.152500003576279,0.24269999563694,0.196999996900558,0.937399983406067,-0.4202,-0.1656,0.6846
54.73,09-22-2026 23:26:47:125,-0.152300000190735,0.24269999563694,0.196999996900558,0.9375,-0.4201,-0.1653,0.6854
54.74,09-22-2026 23:26:47:135,-0.151999995112419,0.242799997329712,0.196999996900558,0.9375,-0.4204,-0.1652,0.6875
54.75,09-22-2026 23:26:47:145,-0.151800006628036,0.242799997329712,0.196999996900558,0.937600016593933,-0.4197,-0.1654,0.6868
54.76,09-22-2026 23:26:47:155,-0.151399999856949,0.242799997329712,0.19709999859333,0.937600016593933,-0.4205,-0.1652,0.687
54.77,09-22-2026 23:26:47:165,-0.151099994778633,0.242799997329712,0.19709999859333,0.937699973583221,-0.4201,-0.165,0.6878
54.78,09-22-2026 23:26:47:175,-0.150700002908707,0.242799997329712,0.19709999859333,0.937799990177155,-0.4203,-0.1658,0.6872
54.79,09-22-2026 23:26:47:185,-0.150299996137619,0.242799997329712,0.19709999859333,0.937799990177155,-0.42,-0.1651,0.6857
54.8,09-22-2026 23:26:47:195,-0.149800002574921,0.242799997329712,0.19709999859333,0.937900006771088,-0.421,-0.1648,0.6855
54.81,09-22-2026 23:26:47:205,-0.147799998521805,0.242799997329712,0.19709999859333,0.938300013542175,-0.4243,-0.1625,0.684
54.82,09-22-2026 23:26:47:215,-0.147300004959106,0.242799997329712,0.19709999859333,0.938300013542175,-0.425,-0.1619,0.6829
54.83,09-22-2026 23:26:47:225,-0.146899998188019,0.242799997329712,0.197200000286102,0.938399970531464,-0.4257,-0.1619,0.6834
54.84,09-22-2026 23:26:47:235,-0.146500006318092,0.24269999563694,0.197200000286102,0.938399970531464,-0.4257,-0.1618,0.6846
54.85,09-22-2026 23:26:47:245,-0.146200001239777,0.24269999563694,0.197200000286102,0.938499987125397,-0.4254,-0.1619,0.6855
54.86,09-22-2026 23:26:47:255,-0.145899996161461,0.24269999563694,0.197200000286102,0.938499987125397,-0.4252,-0.1617,0.6867
54.87,09-22-2026 23:26:47:265,-0.145699992775917,0.242599993944168,0.197200000286102,0.93860000371933,-0.4261,-0.1617,0.6874
54.88,09-22-2026 23:26:47:275,-0.145600005984306,0.242599993944168,0.197200000286102,0.93860000371933,-0.4256,-0.1617,0.6878
54.89,09-22-2026 23:26:47:285,-0.145500004291534,0.242599993944168,0.197200000286102,0.93860000371933,-0.4251,-0.162,0.6883
54.9,09-22-2026 23:26:47:295,-0.145400002598763,0.242500007152557,0.197300001978874,0.93860000371933,-0.4244,-0.1619,0.6893
54.91,09-22-2026 23:26:47:305,-0.145199999213219,0.242400005459785,0.197400003671646,0.938499987125397,-0.4267,-0.1622,0.69
54.92,09-22-2026 23:26:47:315,-0.145199999213219,0.242300003767014,0.197400003671646,0.938499987125397,-0.427,-0.162,0.6888
54.93,09-22-2026 23:26:47:325,-0.145199999213219,0.242300003767014,0.197500005364418,0.938499987125397,-0.4265,-0.1624,0.6877
54.94,09-22-2026 23:26:47:335,-0.145199999213219,0.242300003767014,0.197500005364418,0.938399970531464,-0.426,-0.1626,0.686
54.95,09-22-2026 23:26:47:345,-0.145199999213219,0.242200002074242,0.197500005364418,0.938399970531464,-0.4248,-0.1624,0.684
54.96,09-22-2026 23:26:47:355,-0.145099997520447,0.242200002074242,0.197500005364418,0.938399970531464,-0.4226,-0.162,0.6824
54.97,09-22-2026 23:26:47:365,-0.145099997520447,0.242200002074242,0.197500005364418,0.938399970531464,-0.4209,-0.1619,0.6808
54.98,09-22-2026 23:26:47:375,-0.145099997520447,0.242300003767014,0.19760000705719,0.938300013542175,-0.4207,-0.1609,0.6799
54.99,09-22-2026 23:26:47:385,-0.145199999213219,0.242300003767014,0.19760000705719,0.938300013542175,-0.4212,-0.1599,0.6798
55,09-22-2026 23:26:47:395,-0.145199999213219,0.242300003767014,0.19760000705719,0.938300013542175,-0.4222,-0.1583,0.6806
55.01,09-22-2026 23:26:47:405,-0.145300000905991,0.242500007152557,0.197799995541573,0.938300013542175,-0.4259,-0.1582,0.6811
55.02,09-22-2026 23:26:47:415,-0.145300000905991,0.242500007152557,0.197899997234344,0.938300013542175,-0.4261,-0.158,0.6821
55.03,09-22-2026 23:26:47:425,-0.145300000905991,0.242599993944168,0.197899997234344,0.938300013542175,-0.4261,-0.158,0.6828
55.04,09-22-2026 23:26:47:435,-0.145400002598763,0.24269999563694,0.197999998927116,0.938300013542175,-0.4261,-0.1579,0.6833
55.05,09-22-2026 23:26:47:445,-0.145500004291534,0.24269999563694,0.198100000619888,0.938300013542175,-0.4259,-0.1587,0.6853
55.06,09-22-2026 23:26:47:455,-0.145500004291534,0.242799997329712,0.19820000231266,0.938199996948242,-0.4253,-0.1593,0.6864
55.07,09-22-2026 23:26:47:465,-0.145600005984306,0.242799997329712,0.198300004005432,0.938199996948242,-0.425,-0.1595,0.6869
55.08,09-22-2026 23:26:47:475,-0.145699992775917,0.242799997329712,0.198300004005432,0.938199996948242,-0.4249,-0.16,0.6866
55.09,09-22-2026 23:26:47:485,-0.145699992775917,0.242899999022484,0.198400005698204,0.938199996948242,-0.4249,-0.1595,0.6872
55.1,09-22-2026 23:26:47:495,-0.145799994468689,0.242899999022484,0.198500007390976,0.938199996948242,-0.4249,-0.1592,0.6873
55.11,09-22-2026 23:26:47:505,-0.145899996161461,0.242799997329712,0.198500007390976,0.938099980354309,-0.4285,-0.1579,0.6982
55.12,09-22-2026 23:26:47:515,-0.145899996161461,0.242799997329712,0.198599994182587,0.938099980354309,-0.4282,-0.1577,0.6996
55.13,09-22-2026 23:26:47:525,-0.145899996161461,0.242799997329712,0.198599994182587,0.938099980354309,-0.4271,-0.1585,0.7009
55.14,09-22-2026 23:26:47:535,-0.145899996161461,0.24269999563694,0.198599994182587,0.938099980354309,-0.4261,-0.159,0.7015
55.15,09-22-2026 23:26:47:545,-0.145799994468689,0.24269999563694,0.198699995875359,0.938099980354309,-0.426,-0.1595,0.7002
55.16,09-22-2026 23:26:47:555,-0.145799994468689,0.24269999563694,0.198699995875359,0.938099980354309,-0.4261,-0.1595,0.6997
55.17,09-22-2026 23:26:47:565,-0.145699992775917,0.242599993944168,0.198699995875359,0.938099980354309,-0.4265,-0.16,0.7004
55.18,09-22-2026 23:26:47:575,-0.145600005984306,0.242599993944168,0.19879999756813,0.938099980354309,-0.4273,-0.1591,0.701
55.19,09-22-2026 23:26:47:585,-0.145500004291534,0.242599993944168,0.19879999756813,0.938099980354309,-0.429,-0.1574,0.7005
55.2,09-22-2026 23:26:47:595,-0.145500004291534,0.242599993944168,0.198899999260902,0.938099980354309,-0.4296,-0.1562,0.6995
55.21,09-22-2026 23:26:47:605,-0.145500004291534,0.242500007152557,0.199200004339218,0.938099980354309,-0.4253,-0.1524,0.6828
55.22,09-22-2026 23:26:47:615,-0.145500004291534,0.242500007152557,0.19930000603199,0.938099980354309,-0.4246,-0.1536,0.6774
55.23,09-22-2026 23:26:47:625,-0.145500004291534,0.242500007152557,0.19930000603199,0.938099980354309,-0.4235,-0.1533,0.6748
55.24,09-22-2026 23:26:47:635,-0.145600005984306,0.242500007152557,0.199399992823601,0.938000023365021,-0.4212,-0.1525,0.6756
55.25,09-22-2026 23:26:47:645,-0.145600005984306,0.242500007152557,0.199399992823601,0.938000023365021,-0.4193,-0.1528,0.6722
55.26,09-22-2026 23:26:47:655,-0.145600005984306,0.242400005459785,0.199499994516373,0.938000023365021,-0.4181,-0.1523,0.6692
55.27,09-22-2026 23:26:47:665,-0.145600005984306,0.242400005459785,0.199499994516373,0.938000023365021,-0.4192,-0.1503,0.6706
55.28,09-22-2026 23:26:47:675,-0.145600005984306,0.242400005459785,0.199599996209145,0.938000023365021,-0.4198,-0.1477,0.6722
55.29,09-22-2026 23:26:47:685,-0.145699992775917,0.242400005459785,0.199599996209145,0.938000023365021,-0.4203,-0.1458,0.6728
55.3,09-22-2026 23:26:47:695,-0.145799994468689,0.242400005459785,0.199699997901917,0.938000023365021,-0.4213,-0.1439,0.6746
55.31,09-22-2026 23:26:47:705,-0.146300002932549,0.242400005459785,0.199699997901917,0.937900006771088,-0.4245,-0.1437,0.6835
55.32,09-22-2026 23:26:47:715,-0.146500006318092,0.242400005459785,0.199799999594688,0.937900006771088,-0.4236,-0.1449,0.6837
55.33,09-22-2026 23:26:47:725,-0.146599993109703,0.242500007152557,0.199799999594688,0.937900006771088,-0.4227,-0.1462,0.6847
55.34,09-22-2026 23:26:47:735,-0.146699994802475,0.242500007152557,0.199799999594688,0.937900006771088,-0.4219,-0.1477,0.6868
55.35,09-22-2026 23:26:47:745,-0.146799996495247,0.242400005459785,0.19990000128746,0.937900006771088,-0.4205,-0.1489,0.6851
55.36,09-22-2026 23:26:47:755,-0.146799996495247,0.242400005459785,0.19990000128746,0.937900006771088,-0.4194,-0.1496,0.6847
55.37,09-22-2026 23:26:47:765,-0.146799996495247,0.242400005459785,0.19990000128746,0.937900006771088,-0.4198,-0.1492,0.6873
55.38,09-22-2026 23:26:47:775,-0.146799996495247,0.242400005459785,0.19990000128746,0.937900006771088,-0.4187,-0.1492,0.6875
55.39,09-22-2026 23:26:47:785,-0.146799996495247,0.242400005459785,0.19990000128746,0.937900006771088,-0.4184,-0.1491,0.6862
55.4,09-22-2026 23:26:47:795,-0.146799996495247,0.242400005459785,0.19990000128746,0.937900006771088,-0.4186,-0.1494,0.6874
55.41,09-22-2026 23:26:47:805,-0.147200003266335,0.242400005459785,0.19990000128746,0.938000023365021,-0.4226,-0.1501,0.69
55.42,09-22-2026 23:26:47:815,-0.147300004959106,0.242400005459785,0.19990000128746,0.938000023365021,-0.4238,-0.1497,0.6912
55.43,09-22-2026 23:26:47:825,-0.147400006651878,0.242300003767014,0.19990000128746,0.938000023365021,-0.4243,-0.1505,0.6898
55.44,09-22-2026 23:26:47:835,-0.147499993443489,0.242300003767014,0.19990000128746,0.938000023365021,-0.4247,-0.1517,0.6877
55.45,09-22-2026 23:26:47:845,-0.147599995136261,0.242300003767014,0.19990000128746,0.938000023365021,-0.4249,-0.1513,0.6876
55.46,09-22-2026 23:26:47:855,-0.147699996829033,0.242300003767014,0.19990000128746,0.938000023365021,-0.4256,-0.1514,0.689
55.47,09-22-2026 23:26:47:865,-0.147799998521805,0.242300003767014,0.19990000128746,0.937900006771088,-0.4259,-0.151,0.6897
55.48,09-22-2026 23:26:47:875,-0.147900000214577,0.242300003767014,0.19990000128746,0.937900006771088,-0.4264,-0.1506,0.6908
55.49,09-22-2026 23:26:47:885,-0.148000001907349,0.242200002074242,0.19990000128746,0.937900006771088,-0.4266,-0.1496,0.693
55.5,09-22-2026 23:26:47:895,-0.148100003600121,0.24210000038147,0.19990000128746,0.937900006771088,-0.4259,-0.1492,0.6943
55.51,09-22-2026 23:26:47:905,-0.148599997162819,0.241799995303154,0.199799999594688,0.937900006771088,-0.4202,-0.1518,0.6904
55.52,09-22-2026 23:26:47:915,-0.148699998855591,0.241799995303154,0.199799999594688,0.937900006771088,-0.4207,-0.1512,0.6924
55.53,09-22-2026 23:26:47:925,-0.148699998855591,0.241699993610382,0.199699997901917,0.937900006771088,-0.4211,-0.1508,0.6972
55.54,09-22-2026 23:26:47:935,-0.148800000548363,0.241699993610382,0.199699997901917,0.937900006771088,-0.4214,-0.1508,0.7
55.55,09-22-2026 23:26:47:945,-0.148900002241135,0.241699993610382,0.199699997901917,0.937900006771088,-0.4217,-0.1507,0.698
55.56,09-22-2026 23:26:47:955,-0.149000003933907,0.241699993610382,0.199699997901917,0.937900006771088,-0.4216,-0.1498,0.696
55.57,09-22-2026 23:26:47:965,-0.149100005626678,0.241600006818771,0.199699997901917,0.937900006771088,-0.4212,-0.1493,0.6952
55.58,09-22-2026 23:26:47:975,-0.14920000731945,0.241600006818771,0.199699997901917,0.937900006771088,-0.4189,-0.1489,0.6912
55.59,09-22-2026 23:26:47:985,-0.149299994111061,0.241600006818771,0.199699997901917,0.937900006771088,-0.4169,-0.1489,0.6846
55.6,09-22-2026 23:26:47:995,-0.149499997496605,0.241500005125999,0.199699997901917,0.937900006771088,-0.4158,-0.1479,0.681
55.61,09-22-2026 23:26:48:005,-0.150000005960464,0.241400003433228,0.199599996209145,0.937900006771088,-0.4239,-0.1469,0.6849
55.62,09-22-2026 23:26:48:015,-0.150199994444847,0.241400003433228,0.199599996209145,0.937900006771088,-0.4248,-0.1472,0.6907
55.63,09-22-2026 23:26:48:025,-0.150299996137619,0.241400003433228,0.199599996209145,0.937900006771088,-0.4242,-0.1481,0.6937
55.64,09-22-2026 23:26:48:035,-0.150499999523163,0.241300001740456,0.199499994516373,0.937900006771088,-0.4217,-0.1494,0.6927
55.65,09-22-2026 23:26:48:045,-0.150600001215935,0.241300001740456,0.199499994516373,0.937900006771088,-0.4184,-0.1507,0.6913
55.66,09-22-2026 23:26:48:055,-0.150700002908707,0.241300001740456,0.199499994516373,0.937900006771088,-0.4162,-0.1522,0.6891
55.67,09-22-2026 23:26:48:065,-0.150800004601479,0.241200000047684,0.199399992823601,0.937900006771088,-0.4155,-0.1527,0.6853
55.68,09-22-2026 23:26:48:075,-0.15090000629425,0.241099998354912,0.199399992823601,0.937900006771088,-0.4163,-0.1527,0.6831
55.69,09-22-2026 23:26:48:085,-0.150999993085861,0.241099998354912,0.199399992823601,0.937900006771088,-0.4173,-0.152,0.6807
55.7,09-22-2026 23:26:48:095,-0.151099994778633,0.24099999666214,0.19930000603199,0.937900006771088,-0.419,-0.1509,0.6771
55.71,09-22-2026 23:26:48:105,-0.151600003242493,0.240899994969368,0.199100002646446,0.937900006771088,-0.4241,-0.1481,0.6893
55.72,09-22-2026 23:26:48:115,-0.151700004935265,0.240899994969368,0.199100002646446,0.937900006771088,-0.423,-0.1489,0.6909
55.73,09-22-2026 23:26:48:125,-0.151800006628036,0.240799993276596,0.199000000953674,0.937900006771088,-0.4213,-0.1494,0.6921
55.74,09-22-2026 23:26:48:135,-0.151899993419647,0.240799993276596,0.198899999260902,0.937900006771088,-0.4199,-0.1505,0.6911
55.75,09-22-2026 23:26:48:145,-0.151999995112419,0.240799993276596,0.198899999260902,0.937900006771088,-0.4256,-0.1488,0.6961
55.76,09-22-2026 23:26:48:155,-0.151999995112419,0.240799993276596,0.19879999756813,0.937900006771088,-0.4281,-0.1444,0.7093
55.77,09-22-2026 23:26:48:165,-0.151999995112419,0.240799993276596,0.19879999756813,0.937900006771088,-0.4226,-0.1482,0.7025
55.78,09-22-2026 23:26:48:175,-0.151999995112419,0.240799993276596,0.198699995875359,0.937900006771088,-0.4166,-0.1511,0.6875
55.79,09-22-2026 23:26:48:185,-0.152099996805191,0.240799993276596,0.198599994182587,0.937900006771088,-0.4163,-0.1511,0.6859
55.8,09-22-2026 23:26:48:195,-0.152099996805191,0.240799993276596,0.198599994182587,0.937900006771088,-0.4177,-0.1508,0.6845
55.81,09-22-2026 23:26:48:205,-0.152099996805191,0.240700006484985,0.198400005698204,0.937900006771088,-0.4237,-0.1509,0.6827
55.82,09-22-2026 23:26:48:215,-0.152099996805191,0.240600004792213,0.198300004005432,0.937900006771088,-0.4246,-0.1515,0.6847
55.83,09-22-2026 23:26:48:225,-0.152099996805191,0.240600004792213,0.198300004005432,0.937900006771088,-0.4255,-0.1516,0.6891
55.84,09-22-2026 23:26:48:235,-0.152099996805191,0.240600004792213,0.198300004005432,0.937900006771088,-0.4242,-0.1526,0.6888
55.85,09-22-2026 23:26:48:245,-0.152099996805191,0.240600004792213,0.19820000231266,0.937900006771088,-0.4238,-0.1529,0.6869
55.86,09-22-2026 23:26:48:255,-0.152099996805191,0.240500003099442,0.19820000231266,0.937799990177155,-0.4229,-0.1528,0.6871
55.87,09-22-2026 23:26:48:265,-0.152199998497963,0.240500003099442,0.19820000231266,0.937799990177155,-0.4218,-0.1529,0.6872
55.88,09-22-2026 23:26:48:275,-0.152199998497963,0.240500003099442,0.19820000231266,0.937799990177155,-0.4201,-0.1536,0.6862
55.89,09-22-2026 23:26:48:285,-0.152199998497963,0.240500003099442,0.19820000231266,0.937799990177155,-0.4195,-0.1536,0.6849
55.9,09-22-2026 23:26:48:295,-0.152199998497963,0.240600004792213,0.19820000231266,0.937799990177155,-0.4193,-0.1541,0.6854
55.91,09-22-2026 23:26:48:305,-0.152199998497963,0.240600004792213,0.19820000231266,0.937900006771088,-0.4212,-0.1547,0.6934
55.92,09-22-2026 23:26:48:315,-0.152199998497963,0.240600004792213,0.19820000231266,0.937900006771088,-0.4209,-0.1542,0.6944
55.93,09-22-2026 23:26:48:325,-0.152199998497963,0.240600004792213,0.19820000231266,0.937900006771088,-0.4201,-0.1534,0.6933
55.94,09-22-2026 23:26:48:335,-0.152199998497963,0.240600004792213,0.19820000231266,0.937900006771088,-0.4189,-0.1535,0.6923
55.95,09-22-2026 23:26:48:345,-0.152199998497963,0.240600004792213,0.19820000231266,0.937900006771088,-0.4187,-0.153,0.691
55.96,09-22-2026 23:26:48:355,-0.152199998497963,0.240600004792213,0.19820000231266,0.937900006771088,-0.4182,-0.1527,0.6897
55.97,09-22-2026 23:26:48:365,-0.152199998497963,0.240600004792213,0.19820000231266,0.937900006771088,-0.4174,-0.1526,0.6879
55.98,09-22-2026 23:26:48:375,-0.152199998497963,0.240600004792213,0.19820000231266,0.937799990177155,-0.4164,-0.1537,0.6856
55.99,09-22-2026 23:26:48:385,-0.152199998497963,0.240600004792213,0.19820000231266,0.937799990177155,-0.4162,-0.1548,0.6847
56,09-22-2026 23:26:48:395,-0.152199998497963,0.240500003099442,0.19820000231266,0.937799990177155,-0.4174,-0.1553,0.6855
56.01,09-22-2026 23:26:48:405,-0.152199998497963,0.240500003099442,0.198100000619888,0.937699973583221,-0.4208,-0.1572,0.6876
56.02,09-22-2026 23:26:48:415,-0.152199998497963,0.240500003099442,0.198100000619888,0.937699973583221,-0.4212,-0.1577,0.6888
56.03,09-22-2026 23:26:48:425,-0.152199998497963,0.240500003099442,0.198100000619888,0.937699973583221,-0.4216,-0.1581,0.6895
56.04,09-22-2026 23:26:48:435,-0.152199998497963,0.240500003099442,0.198100000619888,0.937699973583221,-0.4211,-0.1582,0.6891
56.05,09-22-2026 23:26:48:445,-0.152199998497963,0.240500003099442,0.198100000619888,0.937699973583221,-0.4213,-0.1581,0.6891
56.06,09-22-2026 23:26:48:455,-0.152199998497963,0.240500003099442,0.198100000619888,0.937699973583221,-0.4208,-0.1576,0.6893
56.07,09-22-2026 23:26:48:465,-0.152199998497963,0.240500003099442,0.198100000619888,0.937699973583221,-0.4206,-0.1574,0.6885
56.08,09-22-2026 23:26:48:475,-0.152199998497963,0.240600004792213,0.19820000231266,0.937699973583221,-0.421,-0.1571,0.6874
56.09,09-22-2026 23:26:48:485,-0.152199998497963,0.240600004792213,0.19820000231266,0.937699973583221,-0.4206,-0.1563,0.6875
56.1,09-22-2026 23:26:48:495,-0.152199998497963,0.240700006484985,0.19820000231266,0.937699973583221,-0.4205,-0.1565,0.6879
56.11,09-22-2026 23:26:48:505,-0.152300000190735,0.240899994969368,0.198300004005432,0.937699973583221,-0.4221,-0.1583,0.6918
56.12,09-22-2026 23:26:48:515,-0.152300000190735,0.240899994969368,0.198300004005432,0.937699973583221,-0.4227,-0.1587,0.6934
56.13,09-22-2026 23:26:48:525,-0.152300000190735,0.24099999666214,0.198300004005432,0.937699973583221,-0.423,-0.1594,0.6942
56.14,09-22-2026 23:26:48:535,-0.152300000190735,0.24099999666214,0.198300004005432,0.937699973583221,-0.4234,-0.1602,0.694
56.15,09-22-2026 23:26:48:545,-0.152300000190735,0.24099999666214,0.198300004005432,0.937699973583221,-0.4241,-0.1607,0.6934
56.16,09-22-2026 23:26:48:555,-0.152300000190735,0.24099999666214,0.198300004005432,0.937699973583221,-0.4245,-0.1608,0.6936
56.17,09-22-2026 23:26:48:565,-0.152300000190735,0.24099999666214,0.198300004005432,0.937699973583221,-0.4246,-0.1605,0.6932
56.18,09-22-2026 23:26:48:575,-0.152300000190735,0.24099999666214,0.198300004005432,0.937699973583221,-0.4246,-0.1603,0.6922
56.19,09-22-2026 23:26:48:585,-0.152300000190735,0.24099999666214,0.198300004005432,0.937699973583221,-0.4247,-0.1602,0.6915
56.2,09-22-2026 23:26:48:595,-0.152300000190735,0.24099999666214,0.198300004005432,0.937699973583221,-0.4247,-0.16,0.6907
56.21,09-22-2026 23:26:48:605,-0.152300000190735,0.24099999666214,0.198300004005432,0.937699973583221,-0.4229,-0.1602,0.6901
56.22,09-22-2026 23:26:48:615,-0.152300000190735,0.24099999666214,0.198300004005432,0.937699973583221,-0.4217,-0.1595,0.6892
56.23,09-22-2026 23:26:48:625,-0.152300000190735,0.240899994969368,0.198300004005432,0.937699973583221,-0.4212,-0.1599,0.688
56.24,09-22-2026 23:26:48:635,-0.152300000190735,0.240899994969368,0.198300004005432,0.937699973583221,-0.4208,-0.1604,0.6877
56.25,09-22-2026 23:26:48:645,-0.152300000190735,0.240899994969368,0.198300004005432,0.937699973583221,-0.4209,-0.1606,0.6876
56.26,09-22-2026 23:26:48:655,-0.152300000190735,0.240899994969368,0.198300004005432,0.937699973583221,-0.4205,-0.1605,0.6878
56.27,09-22-2026 23:26:48:665,-0.152300000190735,0.240899994969368,0.198300004005432,0.937699973583221,-0.4207,-0.1604,0.6875
56.28,09-22-2026 23:26:48:675,-0.152300000190735,0.240899994969368,0.198300004005432,0.937699973583221,-0.4207,-0.1603,0.6886
56.29,09-22-2026 23:26:48:685,-0.152300000190735,0.240899994969368,0.198300004005432,0.937699973583221,-0.4205,-0.1602,0.6893
56.3,09-22-2026 23:26:48:695,-0.152300000190735,0.240899994969368,0.198300004005432,0.937699973583221,-0.4203,-0.1606,0.689
56.31,09-22-2026 23:26:48:705,-0.152400001883507,0.24099999666214,0.198300004005432,0.937699973583221,-0.4183,-0.16,0.6878
56.32,09-22-2026 23:26:48:715,-0.152400001883507,0.24099999666214,0.198300004005432,0.937699973583221,-0.4179,-0.1597,0.6873
56.33,09-22-2026 23:26:48:725,-0.152400001883507,0.24099999666214,0.198300004005432,0.937699973583221,-0.4177,-0.1593,0.688
56.34,09-22-2026 23:26:48:735,-0.152400001883507,0.24099999666214,0.198300004005432,0.937699973583221,-0.4181,-0.1593,0.6876
56.35,09-22-2026 23:26:48:745,-0.152400001883507,0.24099999666214,0.198300004005432,0.937699973583221,-0.4187,-0.1585,0.6867
56.36,09-22-2026 23:26:48:755,-0.152400001883507,0.24099999666214,0.198300004005432,0.937600016593933,-0.4193,-0.1577,0.687
56.37,09-22-2026 23:26:48:765,-0.152400001883507,0.24099999666214,0.198300004005432,0.937600016593933,-0.419,-0.1576,0.688
56.38,09-22-2026 23:26:48:775,-0.152400001883507,0.24099999666214,0.198300004005432,0.937600016593933,-0.4191,-0.158,0.6881
56.39,09-22-2026 23:26:48:785,-0.152400001883507,0.24099999666214,0.198300004005432,0.937600016593933,-0.4199,-0.1589,0.6883
56.4,09-22-2026 23:26:48:795,-0.152400001883507,0.24099999666214,0.198300004005432,0.937600016593933,-0.42,-0.159,0.6885
56.41,09-22-2026 23:26:48:805,-0.152400001883507,0.24099999666214,0.198300004005432,0.9375,-0.4212,-0.1584,0.6874
56.42,09-22-2026 23:26:48:815,-0.152400001883507,0.24099999666214,0.198300004005432,0.9375,-0.4217,-0.1586,0.6876
56.43,09-22-2026 23:26:48:825,-0.152400001883507,0.24099999666214,0.198300004005432,0.9375,-0.4222,-0.1597,0.688
56.44,09-22-2026 23:26:48:835,-0.152400001883507,0.24099999666214,0.198300004005432,0.9375,-0.4221,-0.1599,0.6883
56.45,09-22-2026 23:26:48:845,-0.152400001883507,0.24099999666214,0.198300004005432,0.9375,-0.4215,-0.1603,0.6878
56.46,09-22-2026 23:26:48:855,-0.152500003576279,0.241099998354912,0.198300004005432,0.9375,-0.4216,-0.1604,0.6882
56.47,09-22-2026 23:26:48:865,-0.152500003576279,0.241099998354912,0.198400005698204,0.9375,-0.4215,-0.1605,0.6886
56.48,09-22-2026 23:26:48:875,-0.152500003576279,0.241200000047684,0.198400005698204,0.9375,-0.4221,-0.1608,0.6883
56.49,09-22-2026 23:26:48:885,-0.152500003576279,0.241200000047684,0.198500007390976,0.9375,-0.4222,-0.1614,0.6884
56.5,09-22-2026 23:26:48:895,-0.152500003576279,0.241200000047684,0.198500007390976,0.9375,-0.4223,-0.1608,0.689
56.51,09-22-2026 23:26:48:905,-0.152500003576279,0.241400003433228,0.198599994182587,0.9375,-0.4215,-0.1602,0.6892
56.52,09-22-2026 23:26:48:915,-0.152500003576279,0.241400003433228,0.198599994182587,0.9375,-0.4206,-0.1602,0.6891
56.53,09-22-2026 23:26:48:925,-0.152500003576279,0.241400003433228,0.198599994182587,0.9375,-0.4202,-0.1605,0.6892
56.54,09-22-2026 23:26:48:935,-0.152500003576279,0.241400003433228,0.198599994182587,0.9375,-0.4197,-0.1598,0.6895
56.55,09-22-2026 23:26:48:945,-0.152500003576279,0.241400003433228,0.198599994182587,0.9375,-0.4201,-0.1588,0.6903
56.56,09-22-2026 23:26:48:955,-0.152500003576279,0.241400003433228,0.198599994182587,0.9375,-0.4206,-0.158,0.6892
56.57,09-22-2026 23:26:48:965,-0.152500003576279,0.241400003433228,0.198599994182587,0.9375,-0.4212,-0.1572,0.6881
56.58,09-22-2026 23:26:48:975,-0.152500003576279,0.241300001740456,0.198599994182587,0.9375,-0.4214,-0.1557,0.6883
56.59,09-22-2026 23:26:48:985,-0.152500003576279,0.241300001740456,0.198599994182587,0.9375,-0.4208,-0.1555,0.6868
56.6,09-22-2026 23:26:48:995,-0.152500003576279,0.241300001740456,0.198599994182587,0.9375,-0.421,-0.1548,0.6857
56.61,09-22-2026 23:26:49:005,-0.152400001883507,0.241400003433228,0.198599994182587,0.9375,-0.4213,-0.1551,0.6862
56.62,09-22-2026 23:26:49:015,-0.152400001883507,0.241400003433228,0.198599994182587,0.9375,-0.4221,-0.1562,0.6859
56.63,09-22-2026 23:26:49:025,-0.152300000190735,0.241400003433228,0.198599994182587,0.9375,-0.4215,-0.1569,0.6859
56.64,09-22-2026 23:26:49:035,-0.152300000190735,0.241400003433228,0.198599994182587,0.937600016593933,-0.4215,-0.1576,0.6868
56.65,09-22-2026 23:26:49:045,-0.152199998497963,0.241400003433228,0.198599994182587,0.937600016593933,-0.4215,-0.1584,0.6871
56.66,09-22-2026 23:26:49:055,-0.152099996805191,0.241400003433228,0.198599994182587,0.937600016593933,-0.4218,-0.1586,0.688
56.67,09-22-2026 23:26:49:065,-0.151999995112419,0.241300001740456,0.198599994182587,0.937600016593933,-0.422,-0.159,0.6887
56.68,09-22-2026 23:26:49:075,-0.151899993419647,0.241300001740456,0.198599994182587,0.937600016593933,-0.4219,-0.1594,0.689
56.69,09-22-2026 23:26:49:085,-0.151800006628036,0.241300001740456,0.198599994182587,0.937600016593933,-0.422,-0.1603,0.6885
56.7,09-22-2026 23:26:49:095,-0.151700004935265,0.241300001740456,0.198599994182587,0.937600016593933,-0.4219,-0.1605,0.6879
56.71,09-22-2026 23:26:49:105,-0.151299998164177,0.241300001740456,0.198500007390976,0.937600016593933,-0.4232,-0.16,0.6857
56.72,09-22-2026 23:26:49:115,-0.151199996471405,0.241400003433228,0.198500007390976,0.937600016593933,-0.4241,-0.159,0.6867
56.73,09-22-2026 23:26:49:125,-0.151199996471405,0.241400003433228,0.198500007390976,0.937600016593933,-0.4245,-0.1579,0.6872
56.74,09-22-2026 23:26:49:135,-0.151099994778633,0.241400003433228,0.198500007390976,0.937600016593933,-0.4241,-0.1579,0.6855
56.75,09-22-2026 23:26:49:145,-0.151099994778633,0.241400003433228,0.198500007390976,0.937600016593933,-0.4234,-0.1582,0.685
56.76,09-22-2026 23:26:49:155,-0.151099994778633,0.241400003433228,0.198500007390976,0.937600016593933,-0.4232,-0.1586,0.686
56.77,09-22-2026 23:26:49:165,-0.151099994778633,0.241400003433228,0.198500007390976,0.937600016593933,-0.4225,-0.159,0.6859
56.78,09-22-2026 23:26:49:175,-0.151099994778633,0.241400003433228,0.198500007390976,0.937600016593933,-0.4215,-0.1592,0.6857
56.79,09-22-2026 23:26:49:185,-0.151099994778633,0.241400003433228,0.198500007390976,0.937600016593933,-0.4213,-0.1595,0.6867
56.8,09-22-2026 23:26:49:195,-0.151099994778633,0.241400003433228,0.198599994182587,0.937600016593933,-0.4213,-0.1599,0.6869
56.81,09-22-2026 23:26:49:205,-0.151099994778633,0.241600006818771,0.198599994182587,0.937600016593933,-0.4224,-0.1604,0.6871
56.82,09-22-2026 23:26:49:215,-0.151099994778633,0.241699993610382,0.198599994182587,0.937600016593933,-0.422,-0.16,0.6862
56.83,09-22-2026 23:26:49:225,-0.151099994778633,0.241699993610382,0.198699995875359,0.937600016593933,-0.4218,-0.1596,0.6865
56.84,09-22-2026 23:26:49:235,-0.151099994778633,0.241799995303154,0.198699995875359,0.937600016593933,-0.4213,-0.1595,0.6868
56.85,09-22-2026 23:26:49:245,-0.151099994778633,0.241799995303154,0.19879999756813,0.937600016593933,-0.4213,-0.1595,0.6865
56.86,09-22-2026 23:26:49:255,-0.151099994778633,0.241799995303154,0.19879999756813,0.937600016593933,-0.4207,-0.1588,0.6866
56.87,09-22-2026 23:26:49:265,-0.151099994778633,0.241799995303154,0.19879999756813,0.937600016593933,-0.4197,-0.1586,0.6865
56.88,09-22-2026 23:26:49:275,-0.151099994778633,0.241799995303154,0.19879999756813,0.937600016593933,-0.4199,-0.1585,0.6863
56.89,09-22-2026 23:26:49:285,-0.151099994778633,0.241799995303154,0.19879999756813,0.937600016593933,-0.4196,-0.1585,0.6853
56.9,09-22-2026 23:26:49:295,-0.151199996471405,0.241799995303154,0.19879999756813,0.937600016593933,-0.4204,-0.1577,0.6848
56.91,09-22-2026 23:26:49:305,-0.151199996471405,0.241799995303154,0.19879999756813,0.937600016593933,-0.4232,-0.1572,0.6877
56.92,09-22-2026 23:26:49:315,-0.151199996471405,0.241799995303154,0.19879999756813,0.937600016593933,-0.4231,-0.1577,0.6891
56.93,09-22-2026 23:26:49:325,-0.151199996471405,0.241799995303154,0.19879999756813,0.937600016593933,-0.4236,-0.1585,0.6893
56.94,09-22-2026 23:26:49:335,-0.151199996471405,0.241799995303154,0.19879999756813,0.937600016593933,-0.4237,-0.1593,0.6898
56.95,09-22-2026 23:26:49:345,-0.151299998164177,0.241799995303154,0.19879999756813,0.937600016593933,-0.4238,-0.1602,0.6905
56.96,09-22-2026 23:26:49:355,-0.151299998164177,0.241799995303154,0.19879999756813,0.937600016593933,-0.4233,-0.1606,0.6901
56.97,09-22-2026 23:26:49:365,-0.151299998164177,0.241799995303154,0.19879999756813,0.937600016593933,-0.4224,-0.1607,0.6905
56.98,09-22-2026 23:26:49:375,-0.151299998164177,0.241799995303154,0.19879999756813,0.937600016593933,-0.4223,-0.1608,0.6907
56.99,09-22-2026 23:26:49:385,-0.151299998164177,0.241799995303154,0.19879999756813,0.937600016593933,-0.4222,-0.1605,0.6901
57,09-22-2026 23:26:49:395,-0.151299998164177,0.241799995303154,0.19879999756813,0.937600016593933,-0.4225,-0.1603,0.6897
57.01,09-22-2026 23:26:49:405,-0.151299998164177,0.241799995303154,0.19879999756813,0.937600016593933,-0.424,-0.1583,0.6895
57.02,09-22-2026 23:26:49:415,-0.151299998164177,0.241799995303154,0.19879999756813,0.937600016593933,-0.4238,-0.1583,0.691
57.03,09-22-2026 23:26:49:425,-0.151399999856949,0.241799995303154,0.198699995875359,0.937600016593933,-0.4241,-0.1578,0.6934
57.04,09-22-2026 23:26:49:435,-0.151399999856949,0.241799995303154,0.198699995875359,0.937600016593933,-0.4239,-0.1569,0.6922
57.05,09-22-2026 23:26:49:445,-0.151399999856949,0.241799995303154,0.198699995875359,0.937600016593933,-0.4236,-0.1567,0.6914
57.06,09-22-2026 23:26:49:455,-0.151399999856949,0.241799995303154,0.198699995875359,0.9375,-0.4217,-0.1564,0.6903
57.07,09-22-2026 23:26:49:465,-0.151399999856949,0.241699993610382,0.198699995875359,0.9375,-0.4208,-0.1565,0.6884
57.08,09-22-2026 23:26:49:475,-0.151399999856949,0.241699993610382,0.198699995875359,0.9375,-0.4208,-0.1562,0.6867
57.09,09-22-2026 23:26:49:485,-0.151399999856949,0.241699993610382,0.198699995875359,0.9375,-0.4213,-0.1557,0.6856
57.1,09-22-2026 23:26:49:495,-0.151399999856949,0.241699993610382,0.198699995875359,0.9375,-0.4214,-0.1555,0.6849
57.11,09-22-2026 23:26:49:505,-0.151500001549721,0.241699993610382,0.198699995875359,0.9375,-0.4234,-0.153,0.6846
57.12,09-22-2026 23:26:49:515,-0.151500001549721,0.241699993610382,0.198699995875359,0.9375,-0.423,-0.1536,0.6849
57.13,09-22-2026 23:26:49:525,-0.151500001549721,0.241699993610382,0.198699995875359,0.9375,-0.4221,-0.1544,0.6852
57.14,09-22-2026 23:26:49:535,-0.151500001549721,0.241699993610382,0.198699995875359,0.9375,-0.4214,-0.1565,0.6849
57.15,09-22-2026 23:26:49:545,-0.151500001549721,0.241699993610382,0.198699995875359,0.9375,-0.4203,-0.1568,0.6855
57.16,09-22-2026 23:26:49:555,-0.151500001549721,0.241799995303154,0.198699995875359,0.9375,-0.4205,-0.1571,0.6862
57.17,09-22-2026 23:26:49:565,-0.151600003242493,0.241799995303154,0.198699995875359,0.9375,-0.4205,-0.1572,0.6868
57.18,09-22-2026 23:26:49:575,-0.151600003242493,0.241799995303154,0.198699995875359,0.9375,-0.4201,-0.1571,0.6872
57.19,09-22-2026 23:26:49:585,-0.151600003242493,0.241799995303154,0.198699995875359,0.9375,-0.4209,-0.1572,0.6869
57.2,09-22-2026 23:26:49:595,-0.151600003242493,0.241799995303154,0.198699995875359,0.9375,-0.4218,-0.1569,0.6875
57.21,09-22-2026 23:26:49:605,-0.151600003242493,0.241799995303154,0.198599994182587,0.9375,-0.4233,-0.1549,0.6875
57.22,09-22-2026 23:26:49:615,-0.151600003242493,0.241799995303154,0.198599994182587,0.9375,-0.4225,-0.1547,0.6872
57.23,09-22-2026 23:26:49:625,-0.151700004935265,0.241799995303154,0.198599994182587,0.9375,-0.4221,-0.1549,0.6871
57.24,09-22-2026 23:26:49:635,-0.151700004935265,0.241799995303154,0.198599994182587,0.9375,-0.4216,-0.1552,0.6868
57.25,09-22-2026 23:26:49:645,-0.151700004935265,0.241799995303154,0.198599994182587,0.9375,-0.4217,-0.1551,0.6864
57.26,09-22-2026 23:26:49:655,-0.151700004935265,0.241899996995926,0.198599994182587,0.9375,-0.4216,-0.1557,0.6866
57.27,09-22-2026 23:26:49:665,-0.151700004935265,0.241899996995926,0.198599994182587,0.9375,-0.4217,-0.1563,0.6872
57.28,09-22-2026 23:26:49:675,-0.151700004935265,0.241899996995926,0.198599994182587,0.9375,-0.4219,-0.157,0.6873
57.29,09-22-2026 23:26:49:685,-0.151700004935265,0.241999998688698,0.198599994182587,0.9375,-0.4219,-0.1574,0.6882
57.3,09-22-2026 23:26:49:695,-0.151700004935265,0.241999998688698,0.198599994182587,0.9375,-0.4226,-0.158,0.6881
57.31,09-22-2026 23:26:49:705,-0.151700004935265,0.241999998688698,0.198599994182587,0.9375,-0.4227,-0.1605,0.6892
57.32,09-22-2026 23:26:49:715,-0.151700004935265,0.241999998688698,0.198599994182587,0.9375,-0.4226,-0.1605,0.6889
57.33,09-22-2026 23:26:49:725,-0.151700004935265,0.241999998688698,0.198599994182587,0.9375,-0.422,-0.1603,0.6885
57.34,09-22-2026 23:26:49:735,-0.151600003242493,0.241999998688698,0.198599994182587,0.9375,-0.4217,-0.1606,0.6886
57.35,09-22-2026 23:26:49:745,-0.151500001549721,0.241999998688698,0.198599994182587,0.9375,-0.4214,-0.1612,0.6881
57.36,09-22-2026 23:26:49:755,-0.151500001549721,0.241999998688698,0.198599994182587,0.9375,-0.4214,-0.1605,0.6878
57.37,09-22-2026 23:26:49:765,-0.151399999856949,0.241999998688698,0.198599994182587,0.937600016593933,-0.4205,-0.1604,0.6876
57.38,09-22-2026 23:26:49:775,-0.151299998164177,0.241999998688698,0.198599994182587,0.937600016593933,-0.4205,-0.1604,0.6872
57.39,09-22-2026 23:26:49:785,-0.151199996471405,0.241999998688698,0.198599994182587,0.937600016593933,-0.4214,-0.1595,0.6872
57.4,09-22-2026 23:26:49:795,-0.151199996471405,0.241999998688698,0.198599994182587,0.937600016593933,-0.4214,-0.1582,0.6875
57.41,09-22-2026 23:26:49:805,-0.150999993085861,0.241999998688698,0.198599994182587,0.937699973583221,-0.4241,-0.1565,0.6865
57.42,09-22-2026 23:26:49:815,-0.150999993085861,0.241999998688698,0.198500007390976,0.937699973583221,-0.4238,-0.1575,0.6863
57.43,09-22-2026 23:26:49:825,-0.150999993085861,0.241999998688698,0.198500007390976,0.937699973583221,-0.4236,-0.1583,0.6865
57.44,09-22-2026 23:26:49:835,-0.150999993085861,0.241999998688698,0.198400005698204,0.937699973583221,-0.423,-0.1588,0.687
57.45,09-22-2026 23:26:49:845,-0.150999993085861,0.24210000038147,0.198400005698204,0.937699973583221,-0.4224,-0.1592,0.6878
57.46,09-22-2026 23:26:49:855,-0.150999993085861,0.24210000038147,0.198400005698204,0.937699973583221,-0.422,-0.1596,0.6885
57.47,09-22-2026 23:26:49:865,-0.150999993085861,0.24210000038147,0.198300004005432,0.937699973583221,-0.4217,-0.1605,0.6893
57.48,09-22-2026 23:26:49:875,-0.150999993085861,0.241999998688698,0.198300004005432,0.937600016593933,-0.4219,-0.1593,0.6895
57.49,09-22-2026 23:26:49:885,-0.151099994778633,0.241999998688698,0.19820000231266,0.937600016593933,-0.422,-0.1586,0.6897
57.5,09-22-2026 23:26:49:895,-0.151099994778633,0.241999998688698,0.19820000231266,0.937600016593933,-0.4212,-0.1581,0.6887
57.51,09-22-2026 23:26:49:905,-0.151299998164177,0.241999998688698,0.198100000619888,0.937600016593933,-0.4204,-0.1563,0.6854
57.52,09-22-2026 23:26:49:915,-0.151299998164177,0.241999998688698,0.198100000619888,0.9375,-0.4211,-0.1561,0.6839
57.53,09-22-2026 23:26:49:925,-0.151299998164177,0.241999998688698,0.198100000619888,0.9375,-0.4217,-0.1551,0.6836
57.54,09-22-2026 23:26:49:935,-0.151299998164177,0.241999998688698,0.198100000619888,0.9375,-0.4224,-0.1549,0.6832
57.55,09-22-2026 23:26:49:945,-0.151299998164177,0.24210000038147,0.198100000619888,0.9375,-0.4221,-0.1546,0.6835
57.56,09-22-2026 23:26:49:955,-0.151299998164177,0.24210000038147,0.198100000619888,0.9375,-0.4229,-0.1542,0.684
57.57,09-22-2026 23:26:49:965,-0.151199996471405,0.24210000038147,0.198100000619888,0.9375,-0.4224,-0.1546,0.6854
57.58,09-22-2026 23:26:49:975,-0.151099994778633,0.24210000038147,0.198100000619888,0.9375,-0.4225,-0.1545,0.6861
57.59,09-22-2026 23:26:49:985,-0.150999993085861,0.24210000038147,0.198100000619888,0.9375,-0.422,-0.1546,0.6873
57.6,09-22-2026 23:26:49:995,-0.15090000629425,0.242200002074242,0.198100000619888,0.9375,-0.422,-0.1549,0.6888
57.61,09-22-2026 23:26:50:005,-0.150399997830391,0.242300003767014,0.198100000619888,0.937600016593933,-0.4239,-0.1558,0.6889
57.62,09-22-2026 23:26:50:015,-0.150199994444847,0.242300003767014,0.198100000619888,0.937600016593933,-0.4243,-0.1567,0.6882
57.63,09-22-2026 23:26:50:025,-0.150000005960464,0.242300003767014,0.198100000619888,0.937600016593933,-0.425,-0.1567,0.688
57.64,09-22-2026 23:26:50:035,-0.149800002574921,0.242300003767014,0.198100000619888,0.937600016593933,-0.4263,-0.1573,0.6894
57.65,09-22-2026 23:26:50:045,-0.149599999189377,0.242300003767014,0.198100000619888,0.937699973583221,-0.4263,-0.1578,0.6903
57.66,09-22-2026 23:26:50:055,-0.149299994111061,0.242300003767014,0.198100000619888,0.937699973583221,-0.4254,-0.1581,0.6903
57.67,09-22-2026 23:26:50:065,-0.149100005626678,0.242400005459785,0.19820000231266,0.937699973583221,-0.4252,-0.1583,0.6897
57.68,09-22-2026 23:26:50:075,-0.148800000548363,0.242400005459785,0.19820000231266,0.937799990177155,-0.4246,-0.1579,0.6892
57.69,09-22-2026 23:26:50:085,-0.148499995470047,0.242400005459785,0.19820000231266,0.937799990177155,-0.4244,-0.1571,0.6883
57.7,09-22-2026 23:26:50:095,-0.148200005292892,0.242400005459785,0.198300004005432,0.937799990177155,-0.424,-0.1565,0.6868
57.71,09-22-2026 23:26:50:105,-0.146899998188019,0.242500007152557,0.198400005698204,0.938000023365021,-0.4257,-0.156,0.6857
57.72,09-22-2026 23:26:50:115,-0.146699994802475,0.242500007152557,0.198400005698204,0.938099980354309,-0.427,-0.1558,0.6882
57.73,09-22-2026 23:26:50:125,-0.14640000462532,0.242500007152557,0.198500007390976,0.938099980354309,-0.4279,-0.1559,0.6897
57.74,09-22-2026 23:26:50:135,-0.146200001239777,0.242599993944168,0.198500007390976,0.938099980354309,-0.4279,-0.1558,0.6885
57.75,09-22-2026 23:26:50:145,-0.145999997854233,0.242599993944168,0.198599994182587,0.938199996948242,-0.4272,-0.156,0.6883
57.76,09-22-2026 23:26:50:155,-0.145799994468689,0.242599993944168,0.198599994182587,0.938199996948242,-0.4261,-0.1559,0.688
57.77,09-22-2026 23:26:50:165,-0.145600005984306,0.242599993944168,0.198599994182587,0.938199996948242,-0.4252,-0.1557,0.6874
57.78,09-22-2026 23:26:50:175,-0.145500004291534,0.242599993944168,0.198699995875359,0.938199996948242,-0.424,-0.1558,0.686
57.79,09-22-2026 23:26:50:185,-0.145400002598763,0.242599993944168,0.198699995875359,0.938199996948242,-0.4233,-0.1553,0.6853
57.8,09-22-2026 23:26:50:195,-0.145300000905991,0.242599993944168,0.198699995875359,0.938199996948242,-0.4229,-0.1556,0.6847
57.81,09-22-2026 23:26:50:205,-0.145199999213219,0.242599993944168,0.19879999756813,0.938199996948242,-0.4232,-0.1542,0.6822
57.82,09-22-2026 23:26:50:215,-0.145199999213219,0.242599993944168,0.19879999756813,0.938199996948242,-0.4241,-0.153,0.6826
57.83,09-22-2026 23:26:50:225,-0.145199999213219,0.242599993944168,0.19879999756813,0.938199996948242,-0.4238,-0.1522,0.6817
57.84,09-22-2026 23:26:50:235,-0.145199999213219,0.242599993944168,0.19879999756813,0.938199996948242,-0.4245,-0.1517,0.6805
57.85,09-22-2026 23:26:50:245,-0.145199999213219,0.24269999563694,0.19879999756813,0.938199996948242,-0.4246,-0.1518,0.6818
57.86,09-22-2026 23:26:50:255,-0.145199999213219,0.24269999563694,0.198699995875359,0.938199996948242,-0.4253,-0.152,0.6836
57.87,09-22-2026 23:26:50:265,-0.145199999213219,0.24269999563694,0.198699995875359,0.938199996948242,-0.4248,-0.1528,0.6828
57.88,09-22-2026 23:26:50:275,-0.145300000905991,0.24269999563694,0.198699995875359,0.938199996948242,-0.4238,-0.1534,0.6827
57.89,09-22-2026 23:26:50:285,-0.145300000905991,0.242799997329712,0.198699995875359,0.938199996948242,-0.4238,-0.1542,0.6844
57.9,09-22-2026 23:26:50:295,-0.145400002598763,0.242799997329712,0.198699995875359,0.938199996948242,-0.424,-0.1554,0.6855
57.91,09-22-2026 23:26:50:305,-0.145500004291534,0.243000000715256,0.198599994182587,0.938199996948242,-0.4246,-0.1577,0.6885
57.92,09-22-2026 23:26:50:315,-0.145600005984306,0.243000000715256,0.198599994182587,0.938199996948242,-0.4252,-0.1573,0.6878
57.93,09-22-2026 23:26:50:325,-0.145699992775917,0.243000000715256,0.198599994182587,0.938199996948242,-0.4265,-0.1569,0.6905
57.94,09-22-2026 23:26:50:335,-0.145899996161461,0.243000000715256,0.198599994182587,0.938099980354309,-0.4275,-0.1569,0.6927
57.95,09-22-2026 23:26:50:345,-0.146099999547005,0.243000000715256,0.198599994182587,0.938099980354309,-0.4272,-0.1577,0.6908
57.96,09-22-2026 23:26:50:355,-0.146300002932549,0.243000000715256,0.198599994182587,0.938099980354309,-0.4275,-0.1582,0.6903
57.97,09-22-2026 23:26:50:365,-0.14640000462532,0.243000000715256,0.198599994182587,0.938099980354309,-0.4281,-0.1588,0.6924
57.98,09-22-2026 23:26:50:375,-0.146599993109703,0.243000000715256,0.198599994182587,0.938000023365021,-0.4275,-0.1587,0.6916
57.99,09-22-2026 23:26:50:385,-0.146699994802475,0.243100002408028,0.198599994182587,0.938000023365021,-0.4278,-0.1588,0.6894
58,09-22-2026 23:26:50:395,-0.146899998188019,0.243100002408028,0.198500007390976,0.938000023365021,-0.4272,-0.159,0.6923
58.01,09-22-2026 23:26:50:405,-0.147599995136261,0.243100002408028,0.198500007390976,0.937900006771088,-0.4257,-0.1585,0.6924
58.02,09-22-2026 23:26:50:415,-0.147799998521805,0.243100002408028,0.198500007390976,0.937900006771088,-0.4255,-0.1586,0.6918
58.03,09-22-2026 23:26:50:425,-0.148000001907349,0.243100002408028,0.198400005698204,0.937900006771088,-0.4251,-0.1569,0.693
58.04,09-22-2026 23:26:50:435,-0.148200005292892,0.243100002408028,0.198400005698204,0.937900006771088,-0.4239,-0.1572,0.6929
58.05,09-22-2026 23:26:50:445,-0.148399993777275,0.243100002408028,0.198400005698204,0.937900006771088,-0.4242,-0.1565,0.6907
58.06,09-22-2026 23:26:50:455,-0.148599997162819,0.243100002408028,0.198400005698204,0.937900006771088,-0.4236,-0.1568,0.691
58.07,09-22-2026 23:26:50:465,-0.148800000548363,0.243100002408028,0.198300004005432,0.937799990177155,-0.424,-0.157,0.6933
58.08,09-22-2026 23:26:50:475,-0.149000003933907,0.2432000041008,0.198400005698204,0.937799990177155,-0.4234,-0.1578,0.6934
58.09,09-22-2026 23:26:50:485,-0.149100005626678,0.2432000041008,0.198400005698204,0.937799990177155,-0.4224,-0.1577,0.6912
58.1,09-22-2026 23:26:50:495,-0.14920000731945,0.2432000041008,0.198400005698204,0.937799990177155,-0.4218,-0.1574,0.6895
58.11,09-22-2026 23:26:50:505,-0.149499997496605,0.243000000715256,0.198300004005432,0.937699973583221,-0.4209,-0.1526,0.6835
58.12,09-22-2026 23:26:50:515,-0.149599999189377,0.242899999022484,0.198300004005432,0.937699973583221,-0.4207,-0.1515,0.6835
58.13,09-22-2026 23:26:50:525,-0.149700000882149,0.242799997329712,0.19820000231266,0.937699973583221,-0.4198,-0.1508,0.6824
58.14,09-22-2026 23:26:50:535,-0.149800002574921,0.242799997329712,0.19820000231266,0.937699973583221,-0.4195,-0.1499,0.6833
58.15,09-22-2026 23:26:50:545,-0.149900004267693,0.242799997329712,0.198100000619888,0.937699973583221,-0.4198,-0.1493,0.6843
58.16,09-22-2026 23:26:50:555,-0.150000005960464,0.242799997329712,0.198100000619888,0.937699973583221,-0.4199,-0.1484,0.6841
58.17,09-22-2026 23:26:50:565,-0.150099992752075,0.242799997329712,0.197999998927116,0.937699973583221,-0.4197,-0.1479,0.6816
58.18,09-22-2026 23:26:50:575,-0.150199994444847,0.242799997329712,0.197899997234344,0.937699973583221,-0.4202,-0.1474,0.6795
58.19,09-22-2026 23:26:50:585,-0.150199994444847,0.242799997329712,0.197899997234344,0.937699973583221,-0.4217,-0.1474,0.6795
58.2,09-22-2026 23:26:50:595,-0.150299996137619,0.242799997329712,0.197899997234344,0.937699973583221,-0.4229,-0.1466,0.6817
58.21,09-22-2026 23:26:50:605,-0.150600001215935,0.242899999022484,0.197899997234344,0.937699973583221,-0.425,-0.1463,0.6892
58.22,09-22-2026 23:26:50:615,-0.150600001215935,0.242899999022484,0.197799995541573,0.937699973583221,-0.4233,-0.1475,0.6865
58.23,09-22-2026 23:26:50:625,-0.150700002908707,0.242899999022484,0.197799995541573,0.937699973583221,-0.4227,-0.1482,0.6861
58.24,09-22-2026 23:26:50:635,-0.150800004601479,0.242799997329712,0.197799995541573,0.937699973583221,-0.4226,-0.1484,0.6864
58.25,09-22-2026 23:26:50:645,-0.15090000629425,0.242799997329712,0.197699993848801,0.937699973583221,-0.4224,-0.1488,0.6871
58.26,09-22-2026 23:26:50:655,-0.150999993085861,0.242799997329712,0.197699993848801,0.937699973583221,-0.4214,-0.1493,0.6861
58.27,09-22-2026 23:26:50:665,-0.151099994778633,0.242799997329712,0.19760000705719,0.937699973583221,-0.4219,-0.1498,0.6856
58.28,09-22-2026 23:26:50:675,-0.151199996471405,0.242799997329712,0.19760000705719,0.937699973583221,-0.4231,-0.1497,0.6872
58.29,09-22-2026 23:26:50:685,-0.151299998164177,0.242799997329712,0.197500005364418,0.937699973583221,-0.4246,-0.1494,0.6892
58.3,09-22-2026 23:26:50:695,-0.151399999856949,0.242799997329712,0.197400003671646,0.937699973583221,-0.4256,-0.1491,0.6901
58.31,09-22-2026 23:26:50:705,-0.151700004935265,0.24269999563694,0.197200000286102,0.937699973583221,-0.4216,-0.149,0.6779
58.32,09-22-2026 23:26:50:715,-0.151800006628036,0.24269999563694,0.197200000286102,0.937699973583221,-0.4204,-0.149,0.6755
58.33,09-22-2026 23:26:50:725,-0.151899993419647,0.24269999563694,0.19709999859333,0.937699973583221,-0.4201,-0.1487,0.6727
58.34,09-22-2026 23:26:50:735,-0.151899993419647,0.24269999563694,0.19709999859333,0.937699973583221,-0.4231,-0.1469,0.6791
58.35,09-22-2026 23:26:50:745,-0.151999995112419,0.24269999563694,0.196999996900558,0.937699973583221,-0.4261,-0.1449,0.6857
58.36,09-22-2026 23:26:50:755,-0.152099996805191,0.24269999563694,0.196999996900558,0.937699973583221,-0.429,-0.1433,0.6849
58.37,09-22-2026 23:26:50:765,-0.152199998497963,0.242799997329712,0.196999996900558,0.937699973583221,-0.4304,-0.1428,0.6865
58.38,09-22-2026 23:26:50:775,-0.152199998497963,0.242799997329712,0.196899995207787,0.937799990177155,-0.4297,-0.144,0.6905
58.39,09-22-2026 23:26:50:785,-0.152300000190735,0.24269999563694,0.196899995207787,0.937799990177155,-0.4265,-0.1474,0.6913
58.4,09-22-2026 23:26:50:795,-0.152300000190735,0.24269999563694,0.196899995207787,0.937799990177155,-0.4211,-0.152,0.6903
58.41,09-22-2026 23:26:50:805,-0.152600005269051,0.242599993944168,0.196700006723404,0.937699973583221,-0.4178,-0.1529,0.6916
58.42,09-22-2026 23:26:50:815,-0.152700006961823,0.242599993944168,0.196600005030632,0.937699973583221,-0.4192,-0.1527,0.6898
58.43,09-22-2026 23:26:50:825,-0.152700006961823,0.242599993944168,0.196600005030632,0.937699973583221,-0.421,-0.1518,0.685
58.44,09-22-2026 23:26:50:835,-0.152799993753433,0.242500007152557,0.19650000333786,0.937699973583221,-0.423,-0.1514,0.6829
58.45,09-22-2026 23:26:50:845,-0.152899995446205,0.242500007152557,0.196400001645088,0.937699973583221,-0.4244,-0.1506,0.6823
58.46,09-22-2026 23:26:50:855,-0.152899995446205,0.242500007152557,0.196400001645088,0.937600016593933,-0.4252,-0.1508,0.6793
58.47,09-22-2026 23:26:50:865,-0.152999997138977,0.242400005459785,0.196299999952316,0.937600016593933,-0.4318,-0.1475,0.6847
58.48,09-22-2026 23:26:50:875,-0.152999997138977,0.242400005459785,0.196299999952316,0.937600016593933,-0.4328,-0.1462,0.7123
58.49,09-22-2026 23:26:50:885,-0.152999997138977,0.242400005459785,0.196199998259544,0.937600016593933,-0.43,-0.1486,0.6985
58.5,09-22-2026 23:26:50:895,-0.152999997138977,0.242400005459785,0.196199998259544,0.9375,-0.4268,-0.1516,0.6784
58.51,09-22-2026 23:26:50:905,-0.152899995446205,0.242400005459785,0.196099996566772,0.937399983406067,-0.4238,-0.1576,0.6862
58.52,09-22-2026 23:26:50:915,-0.152899995446205,0.242400005459785,0.195999994874001,0.937399983406067,-0.4233,-0.1581,0.6881
58.53,09-22-2026 23:26:50:925,-0.152799993753433,0.242500007152557,0.195999994874001,0.937399983406067,-0.4239,-0.1585,0.696
58.54,09-22-2026 23:26:50:935,-0.152799993753433,0.242500007152557,0.195999994874001,0.937399983406067,-0.4241,-0.1599,0.6921
58.55,09-22-2026 23:26:50:945,-0.152799993753433,0.242500007152557,0.196099996566772,0.937300026416779,-0.4254,-0.16,0.6902
58.56,09-22-2026 23:26:50:955,-0.152799993753433,0.242500007152557,0.196099996566772,0.937300026416779,-0.4273,-0.1591,0.6942
58.57,09-22-2026 23:26:50:965,-0.152700006961823,0.242599993944168,0.196099996566772,0.937300026416779,-0.4284,-0.1591,0.6943
58.58,09-22-2026 23:26:50:975,-0.152700006961823,0.242599993944168,0.196199998259544,0.937200009822845,-0.4277,-0.1593,0.6921
58.59,09-22-2026 23:26:50:985,-0.152700006961823,0.24269999563694,0.196199998259544,0.937200009822845,-0.4275,-0.1594,0.6905
58.6,09-22-2026 23:26:50:995,-0.152600005269051,0.242799997329712,0.196299999952316,0.937200009822845,-0.4272,-0.1588,0.6888
58.61,09-22-2026 23:26:51:005,-0.152500003576279,0.243100002408028,0.196400001645088,0.937099993228912,-0.4248,-0.1572,0.6838
58.62,09-22-2026 23:26:51:015,-0.152500003576279,0.2432000041008,0.19650000333786,0.936999976634979,-0.4253,-0.1568,0.6825
58.63,09-22-2026 23:26:51:025,-0.152500003576279,0.2432000041008,0.19650000333786,0.936999976634979,-0.4257,-0.156,0.683
58.64,09-22-2026 23:26:51:035,-0.152500003576279,0.243300005793571,0.196600005030632,0.936999976634979,-0.4258,-0.1553,0.684
58.65,09-22-2026 23:26:51:045,-0.152400001883507,0.243399992585182,0.196700006723404,0.936900019645691,-0.4265,-0.1555,0.685
58.66,09-22-2026 23:26:51:055,-0.152400001883507,0.243499994277954,0.196700006723404,0.936900019645691,-0.4271,-0.156,0.6862
58.67,09-22-2026 23:26:51:065,-0.152400001883507,0.243599995970726,0.196799993515015,0.936900019645691,-0.4266,-0.1569,0.6868
58.68,09-22-2026 23:26:51:075,-0.152300000190735,0.243599995970726,0.196899995207787,0.936800003051758,-0.4254,-0.1581,0.6864
58.69,09-22-2026 23:26:51:085,-0.152300000190735,0.243699997663498,0.196899995207787,0.936800003051758,-0.4246,-0.159,0.6868
58.7,09-22-2026 23:26:51:095,-0.152300000190735,0.24379999935627,0.196999996900558,0.936800003051758,-0.4236,-0.16,0.6867
58.71,09-22-2026 23:26:51:105,-0.152300000190735,0.244100004434586,0.197300001978874,0.936699986457825,-0.4226,-0.1607,0.6845
58.72,09-22-2026 23:26:51:115,-0.152300000190735,0.244100004434586,0.197300001978874,0.936699986457825,-0.4233,-0.1612,0.6846
58.73,09-22-2026 23:26:51:125,-0.152300000190735,0.244200006127357,0.197400003671646,0.936699986457825,-0.4245,-0.1608,0.6858
58.74,09-22-2026 23:26:51:135,-0.152300000190735,0.244299992918968,0.197500005364418,0.936699986457825,-0.4251,-0.1607,0.687
58.75,09-22-2026 23:26:51:145,-0.152300000190735,0.244299992918968,0.19760000705719,0.936699986457825,-0.4257,-0.1603,0.6871
58.76,09-22-2026 23:26:51:155,-0.152300000190735,0.24439999461174,0.197699993848801,0.936699986457825,-0.4264,-0.1608,0.6874
58.77,09-22-2026 23:26:51:165,-0.152300000190735,0.244499996304512,0.197799995541573,0.936699986457825,-0.4255,-0.1609,0.6878
58.78,09-22-2026 23:26:51:175,-0.152300000190735,0.244499996304512,0.197899997234344,0.936699986457825,-0.4247,-0.1612,0.6875
58.79,09-22-2026 23:26:51:185,-0.152300000190735,0.244599997997284,0.197999998927116,0.936699986457825,-0.4242,-0.1615,0.6862
58.8,09-22-2026 23:26:51:195,-0.152300000190735,0.244599997997284,0.197999998927116,0.936699986457825,-0.4235,-0.1614,0.6853
58.81,09-22-2026 23:26:51:205,-0.152300000190735,0.244800001382828,0.19820000231266,0.936699986457825,-0.4263,-0.1597,0.685
58.82,09-22-2026 23:26:51:215,-0.152300000190735,0.244800001382828,0.198300004005432,0.936699986457825,-0.4269,-0.1594,0.6854
58.83,09-22-2026 23:26:51:225,-0.152300000190735,0.244800001382828,0.198300004005432,0.936699986457825,-0.4276,-0.1596,0.6862
58.84,09-22-2026 23:26:51:235,-0.152300000190735,0.244800001382828,0.198300004005432,0.936699986457825,-0.4284,-0.1601,0.6867
58.85,09-22-2026 23:26:51:245,-0.152300000190735,0.244800001382828,0.198300004005432,0.936699986457825,-0.4288,-0.1608,0.6877
58.86,09-22-2026 23:26:51:255,-0.152300000190735,0.244800001382828,0.198300004005432,0.936699986457825,-0.4276,-0.1622,0.6889
58.87,09-22-2026 23:26:51:265,-0.152300000190735,0.244800001382828,0.198300004005432,0.936699986457825,-0.4271,-0.1638,0.6898
58.88,09-22-2026 23:26:51:275,-0.152300000190735,0.244800001382828,0.198300004005432,0.936699986457825,-0.4271,-0.1646,0.6898
58.89,09-22-2026 23:26:51:285,-0.152300000190735,0.244800001382828,0.198300004005432,0.936699986457825,-0.4266,-0.1653,0.6896
58.9,09-22-2026 23:26:51:295,-0.152300000190735,0.244800001382828,0.198300004005432,0.936699986457825,-0.426,-0.1645,0.6893
58.91,09-22-2026 23:26:51:305,-0.152300000190735,0.2449000030756,0.198300004005432,0.936699986457825,-0.4243,-0.1617,0.6873
58.92,09-22-2026 23:26:51:315,-0.152300000190735,0.2449000030756,0.198300004005432,0.936699986457825,-0.4245,-0.1606,0.6868
58.93,09-22-2026 23:26:51:325,-0.152300000190735,0.2449000030756,0.198300004005432,0.936699986457825,-0.4245,-0.1602,0.6869
58.94,09-22-2026 23:26:51:335,-0.152300000190735,0.2449000030756,0.198300004005432,0.936699986457825,-0.4243,-0.1603,0.6865
58.95,09-22-2026 23:26:51:345,-0.152300000190735,0.2449000030756,0.198300004005432,0.936699986457825,-0.424,-0.1598,0.687
58.96,09-22-2026 23:26:51:355,-0.152300000190735,0.2449000030756,0.198300004005432,0.936699986457825,-0.4237,-0.1596,0.6869
58.97,09-22-2026 23:26:51:365,-0.152300000190735,0.2449000030756,0.198300004005432,0.936699986457825,-0.4242,-0.1596,0.6869
58.98,09-22-2026 23:26:51:375,-0.152300000190735,0.2449000030756,0.198300004005432,0.936699986457825,-0.4235,-0.1594,0.6863
58.99,09-22-2026 23:26:51:385,-0.152300000190735,0.2449000030756,0.198300004005432,0.936699986457825,-0.4238,-0.1585,0.6861
59,09-22-2026 23:26:51:395,-0.152300000190735,0.2449000030756,0.198300004005432,0.936699986457825,-0.4245,-0.1581,0.6859
59.01,09-22-2026 23:26:51:405,-0.152300000190735,0.2449000030756,0.198300004005432,0.936600029468536,-0.426,-0.1557,0.6826
59.02,09-22-2026 23:26:51:415,-0.152300000190735,0.2449000030756,0.198300004005432,0.936600029468536,-0.4271,-0.156,0.6827
59.03,09-22-2026 23:26:51:425,-0.152300000190735,0.2449000030756,0.198300004005432,0.936600029468536,-0.4276,-0.1556,0.6825
59.04,09-22-2026 23:26:51:435,-0.152300000190735,0.2449000030756,0.198300004005432,0.936600029468536,-0.4277,-0.1556,0.6831
59.05,09-22-2026 23:26:51:445,-0.152300000190735,0.2449000030756,0.198300004005432,0.936600029468536,-0.4273,-0.1557,0.6838
59.06,09-22-2026 23:26:51:455,-0.152300000190735,0.2449000030756,0.198300004005432,0.936600029468536,-0.4269,-0.156,0.6835
59.07,09-22-2026 23:26:51:465,-0.152300000190735,0.2449000030756,0.198300004005432,0.936600029468536,-0.4261,-0.1561,0.6835
59.08,09-22-2026 23:26:51:475,-0.152300000190735,0.245000004768372,0.198300004005432,0.936600029468536,-0.4255,-0.1566,0.6841
59.09,09-22-2026 23:26:51:485,-0.152400001883507,0.245000004768372,0.198300004005432,0.936600029468536,-0.4256,-0.1563,0.6844
59.1,09-22-2026 23:26:51:495,-0.152400001883507,0.245000004768372,0.198300004005432,0.936600029468536,-0.4249,-0.1568,0.6834
59.11,09-22-2026 23:26:51:505,-0.152300000190735,0.245000004768372,0.198300004005432,0.936600029468536,-0.4248,-0.1581,0.6844
59.12,09-22-2026 23:26:51:515,-0.152300000190735,0.245000004768372,0.198400005698204,0.936600029468536,-0.4253,-0.1581,0.6845
59.13,09-22-2026 23:26:51:525,-0.152300000190735,0.245000004768372,0.198400005698204,0.936600029468536,-0.4259,-0.1582,0.6859
59.14,09-22-2026 23:26:51:535,-0.152300000190735,0.245000004768372,0.198400005698204,0.936600029468536,-0.4269,-0.1579,0.6868
59.15,09-22-2026 23:26:51:545,-0.152400001883507,0.245000004768372,0.198400005698204,0.936600029468536,-0.4266,-0.1583,0.6866
59.16,09-22-2026 23:26:51:555,-0.152400001883507,0.245000004768372,0.198400005698204,0.936500012874603,-0.4272,-0.1583,0.6868
59.17,09-22-2026 23:26:51:565,-0.152400001883507,0.245000004768372,0.198400005698204,0.936500012874603,-0.4284,-0.1579,0.6863
59.18,09-22-2026 23:26:51:575,-0.152400001883507,0.245000004768372,0.198400005698204,0.936500012874603,-0.4288,-0.1574,0.6854
59.19,09-22-2026 23:26:51:585,-0.152400001883507,0.245000004768372,0.198400005698204,0.936500012874603,-0.429,-0.1571,0.6849
59.2,09-22-2026 23:26:51:595,-0.152400001883507,0.245000004768372,0.198400005698204,0.936500012874603,-0.4294,-0.1561,0.6845
59.21,09-22-2026 23:26:51:605,-0.152400001883507,0.245100006461143,0.198500007390976,0.93639999628067,-0.429,-0.1553,0.6838
59.22,09-22-2026 23:26:51:615,-0.152400001883507,0.245100006461143,0.198500007390976,0.93639999628067,-0.4283,-0.1554,0.6832
59.23,09-22-2026 23:26:51:625,-0.152400001883507,0.245100006461143,0.198500007390976,0.93639999628067,-0.4278,-0.1555,0.6839
59.24,09-22-2026 23:26:51:635,-0.152400001883507,0.245100006461143,0.198500007390976,0.93639999628067,-0.4278,-0.1556,0.6851
59.25,09-22-2026 23:26:51:645,-0.152400001883507,0.245100006461143,0.198500007390976,0.93639999628067,-0.4275,-0.1557,0.6853
59.26,09-22-2026 23:26:51:655,-0.152400001883507,0.245100006461143,0.198599994182587,0.93639999628067,-0.4277,-0.156,0.6853
59.27,09-22-2026 23:26:51:665,-0.152400001883507,0.245100006461143,0.198599994182587,0.93639999628067,-0.4276,-0.1562,0.6858
59.28,09-22-2026 23:26:51:675,-0.152400001883507,0.245199993252754,0.198699995875359,0.93639999628067,-0.4272,-0.1562,0.6849
59.29,09-22-2026 23:26:51:685,-0.152400001883507,0.245199993252754,0.198699995875359,0.93639999628067,-0.4276,-0.1566,0.6834
59.3,09-22-2026 23:26:51:695,-0.152400001883507,0.245199993252754,0.19879999756813,0.93639999628067,-0.4278,-0.1557,0.6834
59.31,09-22-2026 23:26:51:705,-0.152500003576279,0.245299994945526,0.198899999260902,0.93639999628067,-0.4294,-0.1549,0.684
59.32,09-22-2026 23:26:51:715,-0.152500003576279,0.245299994945526,0.198899999260902,0.93639999628067,-0.4287,-0.1548,0.6844
59.33,09-22-2026 23:26:51:725,-0.152500003576279,0.245299994945526,0.198899999260902,0.93639999628067,-0.4286,-0.1549,0.6837
59.34,09-22-2026 23:26:51:735,-0.152500003576279,0.245299994945526,0.198899999260902,0.93639999628067,-0.4281,-0.1553,0.6827
59.35,09-22-2026 23:26:51:745,-0.152500003576279,0.245299994945526,0.198899999260902,0.93639999628067,-0.4285,-0.1554,0.6827
59.36,09-22-2026 23:26:51:755,-0.152500003576279,0.245299994945526,0.198899999260902,0.93639999628067,-0.4283,-0.1552,0.6824
59.37,09-22-2026 23:26:51:765,-0.152500003576279,0.245299994945526,0.198899999260902,0.93639999628067,-0.4294,-0.1544,0.6821
59.38,09-22-2026 23:26:51:775,-0.152500003576279,0.245299994945526,0.198899999260902,0.93639999628067,-0.43,-0.1544,0.6819
59.39,09-22-2026 23:26:51:785,-0.152500003576279,0.245299994945526,0.198899999260902,0.93639999628067,-0.4314,-0.1543,0.6829
59.4,09-22-2026 23:26:51:795,-0.152500003576279,0.245299994945526,0.198899999260902,0.93639999628067,-0.4322,-0.1546,0.6836
59.41,09-22-2026 23:26:51:805,-0.152500003576279,0.245299994945526,0.198899999260902,0.93639999628067,-0.4312,-0.1566,0.6856
59.42,09-22-2026 23:26:51:815,-0.152500003576279,0.245299994945526,0.198899999260902,0.93639999628067,-0.4308,-0.1569,0.6853
59.43,09-22-2026 23:26:51:825,-0.152500003576279,0.245299994945526,0.198899999260902,0.93639999628067,-0.4302,-0.157,0.6857
59.44,09-22-2026 23:26:51:835,-0.152500003576279,0.245299994945526,0.198899999260902,0.93639999628067,-0.4292,-0.1567,0.6855
59.45,09-22-2026 23:26:51:845,-0.152500003576279,0.245299994945526,0.198899999260902,0.93639999628067,-0.4289,-0.1567,0.6846
59.46,09-22-2026 23:26:51:855,-0.152500003576279,0.245199993252754,0.198899999260902,0.93639999628067,-0.4289,-0.1569,0.6853
59.47,09-22-2026 23:26:51:865,-0.152500003576279,0.245199993252754,0.198899999260902,0.93639999628067,-0.4282,-0.1568,0.6848
59.48,09-22-2026 23:26:51:875,-0.152500003576279,0.245199993252754,0.198899999260902,0.93639999628067,-0.4279,-0.1561,0.6841
59.49,09-22-2026 23:26:51:885,-0.152500003576279,0.245199993252754,0.198899999260902,0.93639999628067,-0.4286,-0.1556,0.6842
59.5,09-22-2026 23:26:51:895,-0.152500003576279,0.245199993252754,0.198899999260902,0.93639999628067,-0.4282,-0.1553,0.6843
59.51,09-22-2026 23:26:51:905,-0.152500003576279,0.245199993252754,0.198899999260902,0.93639999628067,-0.4265,-0.155,0.6815
59.52,09-22-2026 23:26:51:915,-0.152500003576279,0.245199993252754,0.198899999260902,0.93639999628067,-0.4274,-0.1551,0.6811
59.53,09-22-2026 23:26:51:925,-0.152500003576279,0.245299994945526,0.198899999260902,0.93639999628067,-0.4274,-0.1552,0.6811
59.54,09-22-2026 23:26:51:935,-0.152500003576279,0.245299994945526,0.198899999260902,0.93639999628067,-0.4275,-0.1558,0.6815
59.55,09-22-2026 23:26:51:945,-0.152500003576279,0.245199993252754,0.198899999260902,0.93639999628067,-0.4282,-0.1555,0.6821
59.56,09-22-2026 23:26:51:955,-0.152500003576279,0.245199993252754,0.198899999260902,0.93639999628067,-0.4287,-0.1563,0.6831
59.57,09-22-2026 23:26:51:965,-0.152500003576279,0.245199993252754,0.198899999260902,0.93639999628067,-0.4292,-0.1563,0.6849
59.58,09-22-2026 23:26:51:975,-0.152500003576279,0.245199993252754,0.198899999260902,0.93639999628067,-0.4295,-0.1571,0.6858
59.59,09-22-2026 23:26:51:985,-0.152500003576279,0.245199993252754,0.198899999260902,0.93639999628067,-0.4293,-0.1578,0.6859
59.6,09-22-2026 23:26:51:995,-0.152500003576279,0.245199993252754,0.198899999260902,0.93639999628067,-0.4285,-0.1586,0.6859
59.61,09-22-2026 23:26:52:005,-0.152500003576279,0.245199993252754,0.198899999260902,0.93639999628067,-0.4275,-0.1596,0.6841
59.62,09-22-2026 23:26:52:015,-0.152500003576279,0.245199993252754,0.198899999260902,0.93639999628067,-0.4271,-0.1591,0.6845
59.63,09-22-2026 23:26:52:025,-0.152500003576279,0.245199993252754,0.198899999260902,0.93639999628067,-0.4268,-0.1589,0.6839
59.64,09-22-2026 23:26:52:035,-0.152500003576279,0.245199993252754,0.198899999260902,0.93639999628067,-0.4268,-0.1589,0.6835
59.65,09-22-2026 23:26:52:045,-0.152500003576279,0.245199993252754,0.198899999260902,0.93639999628067,-0.4269,-0.1578,0.6834
59.66,09-22-2026 23:26:52:055,-0.152500003576279,0.245199993252754,0.198899999260902,0.93639999628067,-0.4269,-0.1572,0.6835
59.67,09-22-2026 23:26:52:065,-0.152500003576279,0.245199993252754,0.198899999260902,0.93639999628067,-0.4272,-0.1568,0.6826
59.68,09-22-2026 23:26:52:075,-0.152500003576279,0.245199993252754,0.198899999260902,0.93639999628067,-0.4274,-0.1567,0.6822
59.69,09-22-2026 23:26:52:085,-0.152600005269051,0.245199993252754,0.198899999260902,0.93639999628067,-0.4275,-0.1564,0.6828
59.7,09-22-2026 23:26:52:095,-0.152600005269051,0.245199993252754,0.198899999260902,0.936299979686737,-0.4285,-0.1555,0.6832
59.71,09-22-2026 23:26:52:105,-0.152700006961823,0.245199993252754,0.198899999260902,0.936299979686737,-0.4287,-0.1567,0.6857
59.72,09-22-2026 23:26:52:115,-0.152799993753433,0.245199993252754,0.198899999260902,0.936200022697449,-0.4285,-0.1573,0.6852
59.73,09-22-2026 23:26:52:125,-0.152799993753433,0.245199993252754,0.198899999260902,0.936200022697449,-0.4281,-0.1573,0.6853
59.74,09-22-2026 23:26:52:135,-0.152799993753433,0.245199993252754,0.198899999260902,0.936200022697449,-0.4281,-0.1575,0.686
59.75,09-22-2026 23:26:52:145,-0.152899995446205,0.245199993252754,0.198899999260902,0.936100006103516,-0.4267,-0.157,0.6863
59.76,09-22-2026 23:26:52:155,-0.152899995446205,0.245199993252754,0.198899999260902,0.936100006103516,-0.4254,-0.1561,0.6858
59.77,09-22-2026 23:26:52:165,-0.152999997138977,0.245299994945526,0.198899999260902,0.936100006103516,-0.425,-0.1556,0.6853
59.78,09-22-2026 23:26:52:175,-0.152999997138977,0.245299994945526,0.198899999260902,0.936100006103516,-0.4244,-0.1557,0.6838
59.79,09-22-2026 23:26:52:185,-0.152999997138977,0.245299994945526,0.199000000953674,0.935999989509583,-0.4238,-0.1555,0.6823
59.8,09-22-2026 23:26:52:195,-0.153099998831749,0.245399996638298,0.199000000953674,0.935999989509583,-0.4248,-0.1552,0.681
59.81,09-22-2026 23:26:52:205,-0.153099998831749,0.24549999833107,0.199200004339218,0.936100006103516,-0.4273,-0.1534,0.6812
59.82,09-22-2026 23:26:52:215,-0.153099998831749,0.24549999833107,0.19930000603199,0.936100006103516,-0.4273,-0.1541,0.6815
59.83,09-22-2026 23:26:52:225,-0.153099998831749,0.24549999833107,0.19930000603199,0.936100006103516,-0.4277,-0.1537,0.6832
59.84,09-22-2026 23:26:52:235,-0.153099998831749,0.245600000023842,0.199399992823601,0.936100006103516,-0.4271,-0.1546,0.6839
59.85,09-22-2026 23:26:52:245,-0.153099998831749,0.245600000023842,0.199499994516373,0.936100006103516,-0.4269,-0.1549,0.6847
59.86,09-22-2026 23:26:52:255,-0.153200000524521,0.245600000023842,0.199599996209145,0.936100006103516,-0.4266,-0.1551,0.6861
59.87,09-22-2026 23:26:52:265,-0.153200000524521,0.245600000023842,0.199599996209145,0.936100006103516,-0.4267,-0.156,0.6866
59.88,09-22-2026 23:26:52:275,-0.153200000524521,0.245700001716614,0.199699997901917,0.936100006103516,-0.4277,-0.1563,0.687
59.89,09-22-2026 23:26:52:285,-0.153200000524521,0.245700001716614,0.199699997901917,0.936100006103516,-0.4281,-0.1561,0.6869
59.9,09-22-2026 23:26:52:295,-0.153200000524521,0.245700001716614,0.199699997901917,0.936100006103516,-0.429,-0.1558,0.6874
59.91,09-22-2026 23:26:52:305,-0.153200000524521,0.245600000023842,0.199699997901917,0.936100006103516,-0.4292,-0.1545,0.6859
59.92,09-22-2026 23:26:52:315,-0.153200000524521,0.245600000023842,0.199699997901917,0.936100006103516,-0.4293,-0.1542,0.686
59.93,09-22-2026 23:26:52:325,-0.153200000524521,0.245600000023842,0.199699997901917,0.936100006103516,-0.4289,-0.1547,0.6852
59.94,09-22-2026 23:26:52:335,-0.153200000524521,0.245600000023842,0.199599996209145,0.936100006103516,-0.4287,-0.1551,0.6846
59.95,09-22-2026 23:26:52:345,-0.153200000524521,0.24549999833107,0.199599996209145,0.936100006103516,-0.4282,-0.1555,0.6852
59.96,09-22-2026 23:26:52:355,-0.153200000524521,0.245600000023842,0.199599996209145,0.936100006103516,-0.428,-0.1555,0.6853
59.97,09-22-2026 23:26:52:365,-0.153200000524521,0.245600000023842,0.199599996209145,0.936100006103516,-0.427,-0.156,0.6853
59.98,09-22-2026 23:26:52:375,-0.153200000524521,0.245600000023842,0.199599996209145,0.936100006103516,-0.4264,-0.1557,0.6855
59.99,09-22-2026 23:26:52:385,-0.153200000524521,0.245600000023842,0.199599996209145,0.936100006103516,-0.4261,-0.1553,0.6859
60,09-22-2026 23:26:52:395,-0.153200000524521,0.245600000023842,0.199599996209145,0.936100006103516,-0.4262,-0.1551,0.6851
60.01,09-22-2026 23:26:52:405,-0.153300002217293,0.245600000023842,0.199499994516373,0.936100006103516,-0.4263,-0.1525,0.6841
60.02,09-22-2026 23:26:52:415,-0.153300002217293,0.245600000023842,0.199499994516373,0.936100006103516,-0.4272,-0.1523,0.6833
60.03,09-22-2026 23:26:52:425,-0.153300002217293,0.245600000023842,0.199499994516373,0.936100006103516,-0.4266,-0.1521,0.6815
60.04,09-22-2026 23:26:52:435,-0.153300002217293,0.24549999833107,0.199499994516373,0.936100006103516,-0.4271,-0.1522,0.6813
60.05,09-22-2026 23:26:52:445,-0.153300002217293,0.24549999833107,0.199499994516373,0.936100006103516,-0.4279,-0.1518,0.6815
60.06,09-22-2026 23:26:52:455,-0.153300002217293,0.24549999833107,0.199499994516373,0.936100006103516,-0.427,-0.1518,0.6808
60.07,09-22-2026 23:26:52:465,-0.153300002217293,0.24549999833107,0.199499994516373,0.936100006103516,-0.4272,-0.1512,0.6802
60.08,09-22-2026 23:26:52:475,-0.153300002217293,0.24549999833107,0.199499994516373,0.936100006103516,-0.428,-0.1507,0.6799
60.09,09-22-2026 23:26:52:485,-0.153300002217293,0.24549999833107,0.199499994516373,0.936100006103516,-0.4288,-0.15,0.6812
60.1,09-22-2026 23:26:52:495,-0.153300002217293,0.24549999833107,0.199499994516373,0.936100006103516,-0.4298,-0.1499,0.6821
60.11,09-22-2026 23:26:52:505,-0.153300002217293,0.24549999833107,0.199499994516373,0.936100006103516,-0.4303,-0.1501,0.6832
60.12,09-22-2026 23:26:52:515,-0.153300002217293,0.24549999833107,0.199499994516373,0.936100006103516,-0.4305,-0.1507,0.6836
60.13,09-22-2026 23:26:52:525,-0.153300002217293,0.24549999833107,0.199499994516373,0.936100006103516,-0.43,-0.1512,0.6838
60.14,09-22-2026 23:26:52:535,-0.153300002217293,0.24549999833107,0.199499994516373,0.936100006103516,-0.4285,-0.152,0.6839
60.15,09-22-2026 23:26:52:545,-0.153300002217293,0.24549999833107,0.199499994516373,0.936100006103516,-0.4273,-0.1541,0.6848
60.16,09-22-2026 23:26:52:555,-0.153300002217293,0.24549999833107,0.199499994516373,0.936100006103516,-0.4261,-0.1561,0.6857
60.17,09-22-2026 23:26:52:565,-0.153300002217293,0.24549999833107,0.199499994516373,0.936100006103516,-0.4254,-0.1576,0.6866
60.18,09-22-2026 23:26:52:575,-0.153300002217293,0.24549999833107,0.199499994516373,0.936100006103516,-0.4259,-0.1582,0.6878
60.19,09-22-2026 23:26:52:585,-0.153300002217293,0.24549999833107,0.199499994516373,0.936100006103516,-0.4259,-0.1593,0.691
60.2,09-22-2026 23:26:52:595,-0.153300002217293,0.24549999833107,0.199499994516373,0.936100006103516,-0.425,-0.1614,0.692
60.21,09-22-2026 23:26:52:605,-0.153400003910065,0.24549999833107,0.199499994516373,0.936100006103516,-0.4264,-0.163,0.6883
60.22,09-22-2026 23:26:52:615,-0.153400003910065,0.24549999833107,0.199499994516373,0.936100006103516,-0.4283,-0.1621,0.6874
60.23,09-22-2026 23:26:52:625,-0.153400003910065,0.24549999833107,0.199499994516373,0.936100006103516,-0.4304,-0.1609,0.6868
60.24,09-22-2026 23:26:52:635,-0.153400003910065,0.24549999833107,0.199499994516373,0.936100006103516,-0.4315,-0.1602,0.6853
60.25,09-22-2026 23:26:52:645,-0.153400003910065,0.24549999833107,0.199499994516373,0.936100006103516,-0.4317,-0.1603,0.684
60.26,09-22-2026 23:26:52:655,-0.153400003910065,0.24549999833107,0.199499994516373,0.936100006103516,-0.4317,-0.1597,0.6821
60.27,09-22-2026 23:26:52:665,-0.153400003910065,0.24549999833107,0.199499994516373,0.936100006103516,-0.4315,-0.1591,0.6817
60.28,09-22-2026 23:26:52:675,-0.153300002217293,0.24549999833107,0.199499994516373,0.936100006103516,-0.4306,-0.1578,0.6814
60.29,09-22-2026 23:26:52:685,-0.153300002217293,0.24549999833107,0.199499994516373,0.936100006103516,-0.4295,-0.1577,0.6818
60.3,09-22-2026 23:26:52:695,-0.153300002217293,0.24549999833107,0.199499994516373,0.936100006103516,-0.4283,-0.1573,0.6826
60.31,09-22-2026 23:26:52:705,-0.153200000524521,0.24549999833107,0.199499994516373,0.936100006103516,-0.4265,-0.1566,0.6832
60.32,09-22-2026 23:26:52:715,-0.153099998831749,0.24549999833107,0.199499994516373,0.936100006103516,-0.4257,-0.1573,0.6838
60.33,09-22-2026 23:26:52:725,-0.152999997138977,0.24549999833107,0.199499994516373,0.936100006103516,-0.4261,-0.1574,0.685
60.34,09-22-2026 23:26:52:735,-0.152899995446205,0.24549999833107,0.199499994516373,0.936100006103516,-0.4269,-0.1577,0.6859
60.35,09-22-2026 23:26:52:745,-0.152799993753433,0.24549999833107,0.199499994516373,0.935999989509583,-0.4269,-0.1574,0.6855
60.36,09-22-2026 23:26:52:755,-0.152700006961823,0.24549999833107,0.199499994516373,0.935999989509583,-0.4273,-0.1577,0.6856
60.37,09-22-2026 23:26:52:765,-0.152500003576279,0.24549999833107,0.199499994516373,0.935999989509583,-0.4285,-0.1574,0.6858
60.38,09-22-2026 23:26:52:775,-0.152400001883507,0.24549999833107,0.199499994516373,0.935999989509583,-0.4295,-0.1571,0.6857
60.39,09-22-2026 23:26:52:785,-0.152199998497963,0.24549999833107,0.199499994516373,0.936100006103516,-0.43,-0.1574,0.6843
60.4,09-22-2026 23:26:52:795,-0.151999995112419,0.24549999833107,0.199499994516373,0.936100006103516,-0.4297,-0.1582,0.6825
60.41,09-22-2026 23:26:52:805,-0.15090000629425,0.245600000023842,0.199599996209145,0.936200022697449,-0.427,-0.1584,0.6837
60.42,09-22-2026 23:26:52:815,-0.150700002908707,0.245600000023842,0.199599996209145,0.936200022697449,-0.4262,-0.1582,0.6845
60.43,09-22-2026 23:26:52:825,-0.150399997830391,0.245700001716614,0.199699997901917,0.936200022697449,-0.4264,-0.1581,0.6853
60.44,09-22-2026 23:26:52:835,-0.150099992752075,0.245700001716614,0.199699997901917,0.936299979686737,-0.4264,-0.1578,0.684
60.45,09-22-2026 23:26:52:845,-0.149800002574921,0.245800003409386,0.199799999594688,0.936299979686737,-0.4257,-0.1579,0.6824
60.46,09-22-2026 23:26:52:855,-0.149599999189377,0.245800003409386,0.19990000128746,0.936299979686737,-0.426,-0.1579,0.6828
60.47,09-22-2026 23:26:52:865,-0.149299994111061,0.245800003409386,0.19990000128746,0.93639999628067,-0.4268,-0.1577,0.6826
60.48,09-22-2026 23:26:52:875,-0.149000003933907,0.245900005102158,0.200000002980232,0.93639999628067,-0.4274,-0.1567,0.6827
60.49,09-22-2026 23:26:52:885,-0.148699998855591,0.245900005102158,0.200000002980232,0.936500012874603,-0.4278,-0.1563,0.6837
60.5,09-22-2026 23:26:52:895,-0.148399993777275,0.245900005102158,0.200100004673004,0.936500012874603,-0.4282,-0.156,0.6857
60.51,09-22-2026 23:26:52:905,-0.147400006651878,0.24600000679493,0.200299993157387,0.936600029468536,-0.4288,-0.1566,0.6875
60.52,09-22-2026 23:26:52:915,-0.147200003266335,0.24600000679493,0.200299993157387,0.936600029468536,-0.4287,-0.1574,0.6868
60.53,09-22-2026 23:26:52:925,-0.146999999880791,0.24600000679493,0.200399994850159,0.936600029468536,-0.428,-0.1578,0.6852
60.54,09-22-2026 23:26:52:935,-0.146899998188019,0.24600000679493,0.200399994850159,0.936600029468536,-0.4275,-0.1582,0.6834
60.55,09-22-2026 23:26:52:945,-0.146699994802475,0.24600000679493,0.200499996542931,0.936699986457825,-0.4274,-0.1583,0.683
60.56,09-22-2026 23:26:52:955,-0.146599993109703,0.24600000679493,0.200499996542931,0.936699986457825,-0.4287,-0.1575,0.6833
60.57,09-22-2026 23:26:52:965,-0.146500006318092,0.24600000679493,0.200599998235703,0.936699986457825,-0.4286,-0.1573,0.6824
60.58,09-22-2026 23:26:52:975,-0.14640000462532,0.24600000679493,0.200599998235703,0.936699986457825,-0.4287,-0.1567,0.6808
60.59,09-22-2026 23:26:52:985,-0.14640000462532,0.24600000679493,0.200699999928474,0.936699986457825,-0.4288,-0.1563,0.6816
60.6,09-22-2026 23:26:52:995,-0.14640000462532,0.24600000679493,0.200699999928474,0.936699986457825,-0.4289,-0.1562,0.6821
60.61,09-22-2026 23:26:53:005,-0.146699994802475,0.24609999358654,0.200800001621246,0.936600029468536,-0.426,-0.1566,0.6832
60.62,09-22-2026 23:26:53:015,-0.146899998188019,0.24609999358654,0.200900003314018,0.936600029468536,-0.425,-0.1571,0.6855
60.63,09-22-2026 23:26:53:025,-0.146999999880791,0.246199995279312,0.200900003314018,0.936600029468536,-0.4242,-0.1567,0.6843
60.64,09-22-2026 23:26:53:035,-0.147200003266335,0.246199995279312,0.200900003314018,0.936500012874603,-0.4242,-0.1565,0.684
60.65,09-22-2026 23:26:53:045,-0.147400006651878,0.246199995279312,0.200900003314018,0.936500012874603,-0.4245,-0.1559,0.6849
60.66,09-22-2026 23:26:53:055,-0.147599995136261,0.246199995279312,0.200900003314018,0.936500012874603,-0.4248,-0.1553,0.6846
60.67,09-22-2026 23:26:53:065,-0.147799998521805,0.246199995279312,0.200900003314018,0.93639999628067,-0.4255,-0.1549,0.6843
60.68,09-22-2026 23:26:53:075,-0.147900000214577,0.246299996972084,0.20100000500679,0.93639999628067,-0.4275,-0.1544,0.6845
60.69,09-22-2026 23:26:53:085,-0.148100003600121,0.246299996972084,0.20100000500679,0.93639999628067,-0.4297,-0.1532,0.6853
60.7,09-22-2026 23:26:53:095,-0.148200005292892,0.246299996972084,0.20100000500679,0.93639999628067,-0.4317,-0.1523,0.6863
60.71,09-22-2026 23:26:53:105,-0.148499995470047,0.246399998664856,0.200900003314018,0.936299979686737,-0.4338,-0.1523,0.6897
60.72,09-22-2026 23:26:53:115,-0.148599997162819,0.246399998664856,0.200800001621246,0.936299979686737,-0.4319,-0.153,0.6886
60.73,09-22-2026 23:26:53:125,-0.148699998855591,0.246500000357628,0.200800001621246,0.936299979686737,-0.43,-0.1532,0.6869
60.74,09-22-2026 23:26:53:135,-0.148800000548363,0.246500000357628,0.200800001621246,0.93639999628067,-0.4298,-0.1544,0.6835
60.75,09-22-2026 23:26:53:145,-0.148900002241135,0.246500000357628,0.200699999928474,0.93639999628067,-0.4316,-0.1528,0.6841
60.76,09-22-2026 23:26:53:155,-0.149000003933907,0.2466000020504,0.200699999928474,0.93639999628067,-0.4298,-0.1543,0.6898
60.77,09-22-2026 23:26:53:165,-0.14920000731945,0.2466000020504,0.200699999928474,0.93639999628067,-0.4301,-0.1543,0.689
60.78,09-22-2026 23:26:53:175,-0.149299994111061,0.2466000020504,0.200699999928474,0.93639999628067,-0.4315,-0.1538,0.6917
60.79,09-22-2026 23:26:53:185,-0.149499997496605,0.2466000020504,0.200699999928474,0.93639999628067,-0.4321,-0.1544,0.6958
60.8,09-22-2026 23:26:53:195,-0.149599999189377,0.2466000020504,0.200699999928474,0.93639999628067,-0.4312,-0.1548,0.6943
60.81,09-22-2026 23:26:53:205,-0.150000005960464,0.2466000020504,0.200699999928474,0.93639999628067,-0.4288,-0.155,0.6873
60.82,09-22-2026 23:26:53:215,-0.150099992752075,0.246500000357628,0.200699999928474,0.93639999628067,-0.4294,-0.1544,0.6862
60.83,09-22-2026 23:26:53:225,-0.150199994444847,0.246500000357628,0.200599998235703,0.93639999628067,-0.4301,-0.1537,0.6862
60.84,09-22-2026 23:26:53:235,-0.150299996137619,0.246399998664856,0.200599998235703,0.93639999628067,-0.431,-0.1532,0.6871
60.85,09-22-2026 23:26:53:245,-0.150399997830391,0.246399998664856,0.200499996542931,0.936299979686737,-0.4314,-0.1521,0.6874
60.86,09-22-2026 23:26:53:255,-0.150399997830391,0.246299996972084,0.200399994850159,0.93639999628067,-0.4311,-0.1509,0.6872
60.87,09-22-2026 23:26:53:265,-0.150299996137619,0.246299996972084,0.200399994850159,0.93639999628067,-0.4294,-0.1509,0.6867
60.88,09-22-2026 23:26:53:275,-0.150299996137619,0.246199995279312,0.200299993157387,0.93639999628067,-0.4278,-0.1509,0.6859
60.89,09-22-2026 23:26:53:285,-0.150299996137619,0.246199995279312,0.200200006365776,0.93639999628067,-0.4272,-0.15,0.6851
60.9,09-22-2026 23:26:53:295,-0.150299996137619,0.246199995279312,0.200100004673004,0.93639999628067,-0.4263,-0.1488,0.6834
60.91,09-22-2026 23:26:53:305,-0.150399997830391,0.246199995279312,0.19990000128746,0.936500012874603,-0.4249,-0.1473,0.6784
60.92,09-22-2026 23:26:53:315,-0.150499999523163,0.246199995279312,0.199799999594688,0.936500012874603,-0.4256,-0.1474,0.6781
60.93,09-22-2026 23:26:53:325,-0.150499999523163,0.246199995279312,0.199699997901917,0.936500012874603,-0.4264,-0.1469,0.6797
60.94,09-22-2026 23:26:53:335,-0.150399997830391,0.246199995279312,0.199699997901917,0.936500012874603,-0.426,-0.1472,0.6812
60.95,09-22-2026 23:26:53:345,-0.150399997830391,0.246199995279312,0.199599996209145,0.936500012874603,-0.4254,-0.1475,0.6794
60.96,09-22-2026 23:26:53:355,-0.150399997830391,0.246199995279312,0.199599996209145,0.936500012874603,-0.4247,-0.1479,0.6769
60.97,09-22-2026 23:26:53:365,-0.150399997830391,0.24609999358654,0.199599996209145,0.936500012874603,-0.4244,-0.1473,0.677
60.98,09-22-2026 23:26:53:375,-0.150399997830391,0.24609999358654,0.199599996209145,0.936500012874603,-0.4244,-0.1471,0.6765
60.99,09-22-2026 23:26:53:385,-0.150399997830391,0.24609999358654,0.199499994516373,0.936500012874603,-0.4238,-0.1469,0.6735
61,09-22-2026 23:26:53:395,-0.150399997830391,0.24609999358654,0.199499994516373,0.936500012874603,-0.424,-0.1471,0.6712
61.01,09-22-2026 23:26:53:405,-0.150399997830391,0.24609999358654,0.199200004339218,0.936500012874603,-0.4269,-0.1488,0.6763
61.02,09-22-2026 23:26:53:415,-0.150399997830391,0.24609999358654,0.199100002646446,0.936500012874603,-0.4281,-0.1492,0.6781
61.03,09-22-2026 23:26:53:425,-0.150399997830391,0.24609999358654,0.199100002646446,0.936500012874603,-0.4287,-0.1494,0.6797
61.04,09-22-2026 23:26:53:435,-0.150399997830391,0.24609999358654,0.199000000953674,0.936500012874603,-0.4292,-0.1492,0.6765
61.05,09-22-2026 23:26:53:445,-0.150399997830391,0.24609999358654,0.199000000953674,0.936500012874603,-0.4306,-0.1492,0.6777
61.06,09-22-2026 23:26:53:455,-0.150499999523163,0.24609999358654,0.199000000953674,0.936500012874603,-0.4332,-0.1486,0.6863
61.07,09-22-2026 23:26:53:465,-0.150499999523163,0.24609999358654,0.199000000953674,0.936500012874603,-0.4353,-0.1476,0.6913
61.08,09-22-2026 23:26:53:475,-0.150499999523163,0.24609999358654,0.199000000953674,0.936500012874603,-0.4354,-0.1479,0.6895
61.09,09-22-2026 23:26:53:485,-0.150499999523163,0.24609999358654,0.199000000953674,0.936500012874603,-0.4343,-0.1484,0.6885
61.1,09-22-2026 23:26:53:495,-0.150499999523163,0.24609999358654,0.199000000953674,0.936500012874603,-0.4332,-0.1502,0.6927
61.11,09-22-2026 23:26:53:505,-0.150499999523163,0.24609999358654,0.199000000953674,0.936500012874603,-0.4277,-0.1591,0.6936
61.12,09-22-2026 23:26:53:515,-0.150499999523163,0.24609999358654,0.199000000953674,0.936500012874603,-0.426,-0.1602,0.6923
61.13,09-22-2026 23:26:53:525,-0.150499999523163,0.24609999358654,0.199000000953674,0.936500012874603,-0.4256,-0.1601,0.6891
61.14,09-22-2026 23:26:53:535,-0.150499999523163,0.24609999358654,0.199000000953674,0.936500012874603,-0.4258,-0.1598,0.6843
61.15,09-22-2026 23:26:53:545,-0.150399997830391,0.24609999358654,0.199000000953674,0.936500012874603,-0.4264,-0.1589,0.6822
61.16,09-22-2026 23:26:53:555,-0.150399997830391,0.24609999358654,0.199000000953674,0.936500012874603,-0.4272,-0.1577,0.6829
61.17,09-22-2026 23:26:53:565,-0.150299996137619,0.24609999358654,0.199000000953674,0.936600029468536,-0.4284,-0.1567,0.6838
61.18,09-22-2026 23:26:53:575,-0.150299996137619,0.24609999358654,0.199000000953674,0.936600029468536,-0.4296,-0.1549,0.6847
61.19,09-22-2026 23:26:53:585,-0.150299996137619,0.24609999358654,0.199000000953674,0.936600029468536,-0.4311,-0.1533,0.6857
61.2,09-22-2026 23:26:53:595,-0.150299996137619,0.24609999358654,0.199000000953674,0.936600029468536,-0.4328,-0.152,0.6858
61.21,09-22-2026 23:26:53:605,-0.150299996137619,0.24609999358654,0.199000000953674,0.936600029468536,-0.4305,-0.1501,0.6834
61.22,09-22-2026 23:26:53:615,-0.150299996137619,0.24609999358654,0.199000000953674,0.936600029468536,-0.4294,-0.1506,0.6834
61.23,09-22-2026 23:26:53:625,-0.150299996137619,0.24609999358654,0.199000000953674,0.936600029468536,-0.4283,-0.1507,0.6826
61.24,09-22-2026 23:26:53:635,-0.150299996137619,0.24609999358654,0.199000000953674,0.936600029468536,-0.4278,-0.1508,0.6842
61.25,09-22-2026 23:26:53:645,-0.150299996137619,0.24600000679493,0.199000000953674,0.936600029468536,-0.4357,-0.1505,0.6986
61.26,09-22-2026 23:26:53:655,-0.150299996137619,0.24600000679493,0.199000000953674,0.936600029468536,-0.4337,-0.1449,0.7166
61.27,09-22-2026 23:26:53:665,-0.150299996137619,0.24600000679493,0.199000000953674,0.936600029468536,-0.4276,-0.1493,0.6858
61.28,09-22-2026 23:26:53:675,-0.150299996137619,0.24600000679493,0.199000000953674,0.936600029468536,-0.4233,-0.1514,0.6718
61.29,09-22-2026 23:26:53:685,-0.150299996137619,0.24600000679493,0.199000000953674,0.936600029468536,-0.4257,-0.1505,0.6886
61.3,09-22-2026 23:26:53:695,-0.150299996137619,0.24600000679493,0.199000000953674,0.936600029468536,-0.4258,-0.1521,0.6838
61.31,09-22-2026 23:26:53:705,-0.150399997830391,0.24600000679493,0.199000000953674,0.936600029468536,-0.4303,-0.1535,0.6856
61.32,09-22-2026 23:26:53:715,-0.150399997830391,0.24600000679493,0.199000000953674,0.936600029468536,-0.4313,-0.153,0.6871
61.33,09-22-2026 23:26:53:725,-0.150399997830391,0.24600000679493,0.199000000953674,0.936600029468536,-0.4323,-0.1523,0.6904
61.34,09-22-2026 23:26:53:735,-0.150399997830391,0.24600000679493,0.199000000953674,0.936600029468536,-0.4303,-0.1535,0.688
61.35,09-22-2026 23:26:53:745,-0.150399997830391,0.24600000679493,0.199000000953674,0.936600029468536,-0.4292,-0.1532,0.6837
61.36,09-22-2026 23:26:53:755,-0.150399997830391,0.24600000679493,0.199000000953674,0.936600029468536,-0.4284,-0.1531,0.6821
61.37,09-22-2026 23:26:53:765,-0.150399997830391,0.24600000679493,0.199000000953674,0.936600029468536,-0.4275,-0.1527,0.6809
61.38,09-22-2026 23:26:53:775,-0.150399997830391,0.24600000679493,0.199000000953674,0.936600029468536,-0.4279,-0.1524,0.6799
61.39,09-22-2026 23:26:53:785,-0.150399997830391,0.24600000679493,0.199000000953674,0.936600029468536,-0.4287,-0.1519,0.6804
61.4,09-22-2026 23:26:53:795,-0.150399997830391,0.245900005102158,0.199000000953674,0.936600029468536,-0.4294,-0.1516,0.6817
61.41,09-22-2026 23:26:53:805,-0.150399997830391,0.245900005102158,0.198899999260902,0.936600029468536,-0.4307,-0.152,0.6851
61.42,09-22-2026 23:26:53:815,-0.150399997830391,0.245900005102158,0.198899999260902,0.936600029468536,-0.4302,-0.1521,0.6852
61.43,09-22-2026 23:26:53:825,-0.150399997830391,0.245900005102158,0.19879999756813,0.936600029468536,-0.4303,-0.1529,0.6855
61.44,09-22-2026 23:26:53:835,-0.150399997830391,0.245900005102158,0.19879999756813,0.936600029468536,-0.4301,-0.1529,0.6862
61.45,09-22-2026 23:26:53:845,-0.150399997830391,0.24600000679493,0.198699995875359,0.936600029468536,-0.4301,-0.1541,0.6867
61.46,09-22-2026 23:26:53:855,-0.150499999523163,0.24600000679493,0.198599994182587,0.936600029468536,-0.4294,-0.1545,0.6865
61.47,09-22-2026 23:26:53:865,-0.150499999523163,0.24600000679493,0.198599994182587,0.936600029468536,-0.4289,-0.1546,0.6864
61.48,09-22-2026 23:26:53:875,-0.150499999523163,0.24600000679493,0.198599994182587,0.936600029468536,-0.4289,-0.1549,0.687
61.49,09-22-2026 23:26:53:885,-0.150499999523163,0.24600000679493,0.198599994182587,0.936600029468536,-0.4292,-0.1552,0.688
61.5,09-22-2026 23:26:53:895,-0.150499999523163,0.24600000679493,0.198599994182587,0.936600029468536,-0.4295,-0.155,0.6882
61.51,09-22-2026 23:26:53:905,-0.150499999523163,0.24600000679493,0.198599994182587,0.936600029468536,-0.4291,-0.1542,0.6901
61.52,09-22-2026 23:26:53:915,-0.150499999523163,0.24600000679493,0.198599994182587,0.936600029468536,-0.4285,-0.1548,0.6893
61.53,09-22-2026 23:26:53:925,-0.150499999523163,0.24600000679493,0.198599994182587,0.936600029468536,-0.4284,-0.1545,0.6893
61.54,09-22-2026 23:26:53:935,-0.150499999523163,0.24600000679493,0.198599994182587,0.936600029468536,-0.4275,-0.1539,0.689
61.55,09-22-2026 23:26:53:945,-0.150499999523163,0.24600000679493,0.198599994182587,0.936600029468536,-0.4272,-0.1535,0.6879
61.56,09-22-2026 23:26:53:955,-0.150499999523163,0.24600000679493,0.198599994182587,0.936600029468536,-0.4276,-0.1523,0.6863
61.57,09-22-2026 23:26:53:965,-0.150499999523163,0.24600000679493,0.198599994182587,0.936600029468536,-0.4279,-0.1515,0.6857
61.58,09-22-2026 23:26:53:975,-0.150499999523163,0.24600000679493,0.198599994182587,0.936600029468536,-0.4281,-0.1513,0.6851
61.59,09-22-2026 23:26:53:985,-0.150499999523163,0.24600000679493,0.198599994182587,0.936600029468536,-0.4283,-0.1513,0.6849
61.6,09-22-2026 23:26:53:995,-0.150499999523163,0.24600000679493,0.198599994182587,0.936600029468536,-0.4286,-0.1512,0.6842
61.61,09-22-2026 23:26:54:005,-0.150600001215935,0.24600000679493,0.198599994182587,0.936600029468536,-0.4276,-0.1517,0.6852
61.62,09-22-2026 23:26:54:015,-0.150600001215935,0.24600000679493,0.198599994182587,0.936600029468536,-0.4266,-0.1523,0.6857
61.63,09-22-2026 23:26:54:025,-0.150600001215935,0.24600000679493,0.198599994182587,0.936600029468536,-0.4263,-0.1529,0.6857
61.64,09-22-2026 23:26:54:035,-0.150600001215935,0.245900005102158,0.198599994182587,0.936600029468536,-0.4256,-0.1528,0.6857
61.65,09-22-2026 23:26:54:045,-0.150600001215935,0.245900005102158,0.198599994182587,0.936600029468536,-0.4253,-0.1525,0.6856
61.66,09-22-2026 23:26:54:055,-0.150600001215935,0.245900005102158,0.198599994182587,0.936600029468536,-0.4246,-0.1526,0.6848
61.67,09-22-2026 23:26:54:065,-0.150600001215935,0.245900005102158,0.198599994182587,0.936600029468536,-0.4243,-0.1527,0.6841
61.68,09-22-2026 23:26:54:075,-0.150600001215935,0.245900005102158,0.198599994182587,0.936600029468536,-0.4241,-0.1526,0.6842
61.69,09-22-2026 23:26:54:085,-0.150600001215935,0.245900005102158,0.198599994182587,0.936600029468536,-0.4236,-0.1527,0.6836
61.7,09-22-2026 23:26:54:095,-0.150600001215935,0.245900005102158,0.198599994182587,0.936600029468536,-0.423,-0.1529,0.6837
61.71,09-22-2026 23:26:54:105,-0.150600001215935,0.245900005102158,0.198599994182587,0.936699986457825,-0.4232,-0.1533,0.6847
61.72,09-22-2026 23:26:54:115,-0.150600001215935,0.245900005102158,0.198599994182587,0.936699986457825,-0.424,-0.1527,0.6848
61.73,09-22-2026 23:26:54:125,-0.150600001215935,0.245900005102158,0.198599994182587,0.936699986457825,-0.4248,-0.1519,0.6844
61.74,09-22-2026 23:26:54:135,-0.150600001215935,0.245900005102158,0.198599994182587,0.936699986457825,-0.4272,-0.151,0.6847
61.75,09-22-2026 23:26:54:145,-0.150600001215935,0.245900005102158,0.198599994182587,0.936699986457825,-0.429,-0.1499,0.6858
61.76,09-22-2026 23:26:54:155,-0.150600001215935,0.245900005102158,0.198599994182587,0.936699986457825,-0.4302,-0.1499,0.6864
61.77,09-22-2026 23:26:54:165,-0.150600001215935,0.245800003409386,0.198599994182587,0.936600029468536,-0.431,-0.1504,0.6857
61.78,09-22-2026 23:26:54:175,-0.150499999523163,0.245800003409386,0.198599994182587,0.936600029468536,-0.431,-0.1506,0.6855
61.79,09-22-2026 23:26:54:185,-0.150499999523163,0.245800003409386,0.198599994182587,0.936600029468536,-0.431,-0.1509,0.6862
61.8,09-22-2026 23:26:54:195,-0.150499999523163,0.245800003409386,0.198599994182587,0.936600029468536,-0.431,-0.1512,0.6864
61.81,09-22-2026 23:26:54:205,-0.150499999523163,0.245800003409386,0.198599994182587,0.936600029468536,-0.4287,-0.1532,0.686
61.82,09-22-2026 23:26:54:215,-0.150499999523163,0.245800003409386,0.198599994182587,0.936600029468536,-0.4287,-0.1534,0.6863
61.83,09-22-2026 23:26:54:225,-0.150499999523163,0.245800003409386,0.198599994182587,0.936600029468536,-0.4291,-0.1538,0.6859
61.84,09-22-2026 23:26:54:235,-0.150499999523163,0.245800003409386,0.198599994182587,0.936600029468536,-0.4284,-0.1545,0.6858
61.85,09-22-2026 23:26:54:245,-0.150499999523163,0.245800003409386,0.198599994182587,0.936600029468536,-0.4279,-0.1556,0.6861
61.86,09-22-2026 23:26:54:255,-0.150499999523163,0.245800003409386,0.198599994182587,0.936600029468536,-0.428,-0.1555,0.6855
61.87,09-22-2026 23:26:54:265,-0.150499999523163,0.245800003409386,0.198599994182587,0.936600029468536,-0.428,-0.1558,0.6849
61.88,09-22-2026 23:26:54:275,-0.150499999523163,0.245800003409386,0.198699995875359,0.936600029468536,-0.4271,-0.1559,0.6854
61.89,09-22-2026 23:26:54:285,-0.150499999523163,0.245800003409386,0.198699995875359,0.936600029468536,-0.4262,-0.1556,0.6853
61.9,09-22-2026 23:26:54:295,-0.150499999523163,0.245800003409386,0.198699995875359,0.936600029468536,-0.426,-0.155,0.6846
61.91,09-22-2026 23:26:54:305,-0.15090000629425,0.245800003409386,0.198699995875359,0.936500012874603,-0.4258,-0.1529,0.6845
61.92,09-22-2026 23:26:54:315,-0.150999993085861,0.245800003409386,0.198699995875359,0.93639999628067,-0.4266,-0.1527,0.6851
61.93,09-22-2026 23:26:54:325,-0.151099994778633,0.245800003409386,0.198699995875359,0.93639999628067,-0.4264,-0.1526,0.6855
61.94,09-22-2026 23:26:54:335,-0.151199996471405,0.245800003409386,0.198699995875359,0.936299979686737,-0.4271,-0.1525,0.6865
61.95,09-22-2026 23:26:54:345,-0.151299998164177,0.245800003409386,0.198699995875359,0.936299979686737,-0.4274,-0.1529,0.6871
61.96,09-22-2026 23:26:54:355,-0.151299998164177,0.245800003409386,0.198699995875359,0.936299979686737,-0.4275,-0.1533,0.6867
61.97,09-22-2026 23:26:54:365,-0.151399999856949,0.245800003409386,0.198699995875359,0.936299979686737,-0.4277,-0.1539,0.6867
61.98,09-22-2026 23:26:54:375,-0.151500001549721,0.245800003409386,0.198699995875359,0.936200022697449,-0.4281,-0.1543,0.687
61.99,09-22-2026 23:26:54:385,-0.151600003242493,0.245800003409386,0.19879999756813,0.936200022697449,-0.4277,-0.1545,0.6869
62,09-22-2026 23:26:54:395,-0.151700004935265,0.245800003409386,0.198899999260902,0.936200022697449,-0.4273,-0.1547,0.6862
62.01,09-22-2026 23:26:54:405,-0.151999995112419,0.245900005102158,0.199200004339218,0.936100006103516,-0.4242,-0.1537,0.6849
62.02,09-22-2026 23:26:54:415,-0.152099996805191,0.245900005102158,0.19930000603199,0.936100006103516,-0.4242,-0.1535,0.6849
62.03,09-22-2026 23:26:54:425,-0.152099996805191,0.245900005102158,0.199399992823601,0.936100006103516,-0.4243,-0.1538,0.6855
62.04,09-22-2026 23:26:54:435,-0.152199998497963,0.245900005102158,0.199399992823601,0.936100006103516,-0.4244,-0.1537,0.6861
62.05,09-22-2026 23:26:54:445,-0.152199998497963,0.245900005102158,0.199499994516373,0.936100006103516,-0.4246,-0.154,0.6875
62.06,09-22-2026 23:26:54:455,-0.152199998497963,0.245900005102158,0.199599996209145,0.936100006103516,-0.4248,-0.1546,0.6885
62.07,09-22-2026 23:26:54:465,-0.152199998497963,0.245900005102158,0.199699997901917,0.936100006103516,-0.4244,-0.1551,0.689
62.08,09-22-2026 23:26:54:475,-0.152199998497963,0.245900005102158,0.199699997901917,0.936100006103516,-0.424,-0.1549,0.6888
62.09,09-22-2026 23:26:54:485,-0.152199998497963,0.245800003409386,0.199799999594688,0.936100006103516,-0.4239,-0.1542,0.6882
62.1,09-22-2026 23:26:54:495,-0.152199998497963,0.245800003409386,0.199799999594688,0.936100006103516,-0.4244,-0.1538,0.6866
62.11,09-22-2026 23:26:54:505,-0.152199998497963,0.245700001716614,0.200000002980232,0.936100006103516,-0.4269,-0.1512,0.6841
62.12,09-22-2026 23:26:54:515,-0.152199998497963,0.245700001716614,0.200000002980232,0.936100006103516,-0.4281,-0.1511,0.6855
62.13,09-22-2026 23:26:54:525,-0.152199998497963,0.245700001716614,0.200100004673004,0.936100006103516,-0.4291,-0.1504,0.6859
62.14,09-22-2026 23:26:54:535,-0.152199998497963,0.245700001716614,0.200100004673004,0.936100006103516,-0.4288,-0.1506,0.6861
62.15,09-22-2026 23:26:54:545,-0.152199998497963,0.245700001716614,0.200100004673004,0.936100006103516,-0.4288,-0.1511,0.6867
62.16,09-22-2026 23:26:54:555,-0.152199998497963,0.245700001716614,0.200100004673004,0.936100006103516,-0.4282,-0.1515,0.6874
62.17,09-22-2026 23:26:54:565,-0.152199998497963,0.245700001716614,0.200100004673004,0.936100006103516,-0.427,-0.1516,0.6874
62.18,09-22-2026 23:26:54:575,-0.152199998497963,0.245700001716614,0.200100004673004,0.936100006103516,-0.4257,-0.1517,0.687
62.19,09-22-2026 23:26:54:585,-0.152300000190735,0.245700001716614,0.200100004673004,0.936100006103516,-0.4254,-0.1516,0.6864
62.2,09-22-2026 23:26:54:595,-0.152300000190735,0.245600000023842,0.200100004673004,0.936100006103516,-0.4256,-0.1512,0.6856
62.21,09-22-2026 23:26:54:605,-0.152799993753433,0.245600000023842,0.200100004673004,0.936100006103516,-0.4261,-0.1509,0.687
62.22,09-22-2026 23:26:54:615,-0.152899995446205,0.245600000023842,0.200100004673004,0.936100006103516,-0.4263,-0.1498,0.6874
62.23,09-22-2026 23:26:54:625,-0.152999997138977,0.24549999833107,0.200100004673004,0.936100006103516,-0.4262,-0.1486,0.6906
62.24,09-22-2026 23:26:54:635,-0.153099998831749,0.24549999833107,0.200100004673004,0.935999989509583,-0.4255,-0.148,0.6904
62.25,09-22-2026 23:26:54:645,-0.153200000524521,0.24549999833107,0.200100004673004,0.935999989509583,-0.4242,-0.1475,0.685
62.26,09-22-2026 23:26:54:655,-0.153300002217293,0.24549999833107,0.200100004673004,0.935999989509583,-0.4233,-0.1469,0.6814
62.27,09-22-2026 23:26:54:665,-0.153400003910065,0.24549999833107,0.200100004673004,0.935999989509583,-0.4239,-0.1461,0.68
62.28,09-22-2026 23:26:54:675,-0.153500005602837,0.24549999833107,0.200100004673004,0.935999989509583,-0.4239,-0.1458,0.6768
62.29,09-22-2026 23:26:54:685,-0.153600007295609,0.24549999833107,0.200100004673004,0.935999989509583,-0.4245,-0.1455,0.6748
62.3,09-22-2026 23:26:54:695,-0.153600007295609,0.24549999833107,0.200000002980232,0.935999989509583,-0.4253,-0.1455,0.6762
62.31,09-22-2026 23:26:54:705,-0.153799995779991,0.245399996638298,0.200000002980232,0.936100006103516,-0.4293,-0.1498,0.683
62.32,09-22-2026 23:26:54:715,-0.153799995779991,0.245399996638298,0.200000002980232,0.936100006103516,-0.4285,-0.1508,0.6851
62.33,09-22-2026 23:26:54:725,-0.153799995779991,0.245399996638298,0.200000002980232,0.936100006103516,-0.4275,-0.1518,0.6867
62.34,09-22-2026 23:26:54:735,-0.153799995779991,0.245399996638298,0.200000002980232,0.936100006103516,-0.4262,-0.1528,0.6874
62.35,09-22-2026 23:26:54:745,-0.153799995779991,0.245399996638298,0.200000002980232,0.936100006103516,-0.4244,-0.1534,0.6886
62.36,09-22-2026 23:26:54:755,-0.153799995779991,0.245399996638298,0.19990000128746,0.936100006103516,-0.4231,-0.1538,0.6882
62.37,09-22-2026 23:26:54:765,-0.153799995779991,0.245399996638298,0.19990000128746,0.936100006103516,-0.4225,-0.1542,0.687
62.38,09-22-2026 23:26:54:775,-0.153799995779991,0.245299994945526,0.19990000128746,0.936100006103516,-0.4228,-0.1548,0.6876
62.39,09-22-2026 23:26:54:785,-0.153799995779991,0.245299994945526,0.199799999594688,0.936100006103516,-0.4243,-0.1553,0.6894
62.4,09-22-2026 23:26:54:795,-0.153799995779991,0.245299994945526,0.199799999594688,0.936100006103516,-0.4254,-0.155,0.6895
62.41,09-22-2026 23:26:54:805,-0.153799995779991,0.245199993252754,0.199699997901917,0.936100006103516,-0.4282,-0.1568,0.689
62.42,09-22-2026 23:26:54:815,-0.153799995779991,0.245199993252754,0.199699997901917,0.936100006103516,-0.4284,-0.1567,0.6886
62.43,09-22-2026 23:26:54:825,-0.153899997472763,0.245199993252754,0.199699997901917,0.936100006103516,-0.4282,-0.1567,0.6892
62.44,09-22-2026 23:26:54:835,-0.153799995779991,0.245100006461143,0.199699997901917,0.936100006103516,-0.428,-0.1563,0.689
62.45,09-22-2026 23:26:54:845,-0.153799995779991,0.245100006461143,0.199699997901917,0.936100006103516,-0.4275,-0.1557,0.6886
62.46,09-22-2026 23:26:54:855,-0.153699994087219,0.245100006461143,0.199699997901917,0.936100006103516,-0.4269,-0.155,0.6882
62.47,09-22-2026 23:26:54:865,-0.153699994087219,0.245100006461143,0.199699997901917,0.936100006103516,-0.4258,-0.1552,0.688
62.48,09-22-2026 23:26:54:875,-0.153699994087219,0.245100006461143,0.199699997901917,0.936100006103516,-0.425,-0.1559,0.6874
62.49,09-22-2026 23:26:54:885,-0.153699994087219,0.245100006461143,0.199699997901917,0.936100006103516,-0.4251,-0.1562,0.6878
62.5,09-22-2026 23:26:54:895,-0.153699994087219,0.245100006461143,0.199699997901917,0.936100006103516,-0.4252,-0.1569,0.6887
62.51,09-22-2026 23:26:54:905,-0.153699994087219,0.245100006461143,0.199699997901917,0.936100006103516,-0.4223,-0.1578,0.6886
62.52,09-22-2026 23:26:54:915,-0.153699994087219,0.245100006461143,0.199699997901917,0.936100006103516,-0.4221,-0.1572,0.6877
62.53,09-22-2026 23:26:54:925,-0.153699994087219,0.245100006461143,0.199699997901917,0.936100006103516,-0.4213,-0.1569,0.6866
62.54,09-22-2026 23:26:54:935,-0.153699994087219,0.245100006461143,0.199699997901917,0.936100006103516,-0.4205,-0.1563,0.6849
62.55,09-22-2026 23:26:54:945,-0.153699994087219,0.245100006461143,0.199699997901917,0.936100006103516,-0.4205,-0.1559,0.6838
62.56,09-22-2026 23:26:54:955,-0.153699994087219,0.245100006461143,0.199699997901917,0.936100006103516,-0.4208,-0.1547,0.6816
62.57,09-22-2026 23:26:54:965,-0.153799995779991,0.245100006461143,0.199699997901917,0.936100006103516,-0.421,-0.1538,0.6794
62.58,09-22-2026 23:26:54:975,-0.153799995779991,0.245100006461143,0.199699997901917,0.936100006103516,-0.4218,-0.1533,0.6775
62.59,09-22-2026 23:26:54:985,-0.153799995779991,0.245100006461143,0.199699997901917,0.936100006103516,-0.4226,-0.1525,0.6769
62.6,09-22-2026 23:26:54:995,-0.153799995779991,0.245100006461143,0.199699997901917,0.936100006103516,-0.4237,-0.1518,0.677
62.61,09-22-2026 23:26:55:005,-0.153899997472763,0.245100006461143,0.199699997901917,0.936100006103516,-0.4244,-0.1558,0.6829
62.62,09-22-2026 23:26:55:015,-0.153899997472763,0.245100006461143,0.199699997901917,0.936100006103516,-0.4248,-0.1567,0.6857
62.63,09-22-2026 23:26:55:025,-0.153899997472763,0.245100006461143,0.199699997901917,0.936100006103516,-0.4245,-0.1579,0.6865
62.64,09-22-2026 23:26:55:035,-0.153899997472763,0.245100006461143,0.199699997901917,0.936100006103516,-0.4242,-0.1592,0.6873
62.65,09-22-2026 23:26:55:045,-0.153899997472763,0.245100006461143,0.199699997901917,0.936100006103516,-0.4236,-0.1605,0.6871
62.66,09-22-2026 23:26:55:055,-0.153899997472763,0.245100006461143,0.199699997901917,0.936100006103516,-0.4242,-0.1608,0.6879
62.67,09-22-2026 23:26:55:065,-0.153899997472763,0.245100006461143,0.199699997901917,0.936100006103516,-0.4252,-0.1607,0.6894
62.68,09-22-2026 23:26:55:075,-0.153899997472763,0.245100006461143,0.199699997901917,0.936100006103516,-0.4263,-0.1598,0.6907
62.69,09-22-2026 23:26:55:085,-0.153899997472763,0.245100006461143,0.199699997901917,0.936100006103516,-0.4262,-0.1593,0.6903
62.7,09-22-2026 23:26:55:095,-0.153999999165535,0.245100006461143,0.199599996209145,0.936100006103516,-0.4267,-0.1592,0.6902
62.71,09-22-2026 23:26:55:105,-0.153999999165535,0.245100006461143,0.199599996209145,0.936100006103516,-0.4267,-0.1598,0.6905
62.72,09-22-2026 23:26:55:115,-0.153999999165535,0.245199993252754,0.199599996209145,0.936100006103516,-0.4265,-0.1599,0.6903
62.73,09-22-2026 23:26:55:125,-0.153899997472763,0.245100006461143,0.199599996209145,0.936100006103516,-0.426,-0.1604,0.69
62.74,09-22-2026 23:26:55:135,-0.153899997472763,0.245100006461143,0.199599996209145,0.936100006103516,-0.4269,-0.1606,0.6887
62.75,09-22-2026 23:26:55:145,-0.153799995779991,0.245100006461143,0.199599996209145,0.936100006103516,-0.4273,-0.1608,0.6889
62.76,09-22-2026 23:26:55:155,-0.153799995779991,0.245100006461143,0.199599996209145,0.936100006103516,-0.4278,-0.1608,0.6891
62.77,09-22-2026 23:26:55:165,-0.153799995779991,0.245100006461143,0.199599996209145,0.936100006103516,-0.4273,-0.1602,0.6883
62.78,09-22-2026 23:26:55:175,-0.153699994087219,0.245100006461143,0.199599996209145,0.936100006103516,-0.4275,-0.1594,0.687
62.79,09-22-2026 23:26:55:185,-0.153699994087219,0.245100006461143,0.199599996209145,0.936100006103516,-0.4272,-0.1585,0.687
62.8,09-22-2026 23:26:55:195,-0.153600007295609,0.245100006461143,0.199599996209145,0.936100006103516,-0.428,-0.1581,0.6865
62.81,09-22-2026 23:26:55:205,-0.153400003910065,0.245100006461143,0.199499994516373,0.935999989509583,-0.4261,-0.1587,0.687
62.82,09-22-2026 23:26:55:215,-0.153400003910065,0.245100006461143,0.199499994516373,0.935999989509583,-0.4255,-0.1591,0.6873
62.83,09-22-2026 23:26:55:225,-0.153300002217293,0.245199993252754,0.199499994516373,0.935999989509583,-0.4248,-0.1593,0.6869
62.84,09-22-2026 23:26:55:235,-0.153300002217293,0.245199993252754,0.199499994516373,0.935999989509583,-0.4243,-0.1595,0.6865
62.85,09-22-2026 23:26:55:245,-0.153200000524521,0.245199993252754,0.199599996209145,0.935999989509583,-0.4239,-0.1591,0.6858
62.86,09-22-2026 23:26:55:255,-0.153099998831749,0.245299994945526,0.199599996209145,0.935999989509583,-0.4241,-0.1587,0.6849
62.87,09-22-2026 23:26:55:265,-0.153099998831749,0.245299994945526,0.199599996209145,0.935999989509583,-0.4244,-0.1582,0.6846
62.88,09-22-2026 23:26:55:275,-0.152999997138977,0.245299994945526,0.199599996209145,0.935999989509583,-0.4244,-0.1577,0.6846
62.89,09-22-2026 23:26:55:285,-0.152899995446205,0.245399996638298,0.199599996209145,0.935999989509583,-0.4241,-0.1568,0.6832
62.9,09-22-2026 23:26:55:295,-0.152700006961823,0.245399996638298,0.199599996209145,0.935999989509583,-0.424,-0.1564,0.6824
62.91,09-22-2026 23:26:55:305,-0.151999995112419,0.245600000023842,0.199599996209145,0.936100006103516,-0.4245,-0.1553,0.6809
62.92,09-22-2026 23:26:55:315,-0.151800006628036,0.245600000023842,0.199599996209145,0.936100006103516,-0.4256,-0.1553,0.6805
62.93,09-22-2026 23:26:55:325,-0.151600003242493,0.245700001716614,0.199599996209145,0.936100006103516,-0.426,-0.1557,0.6811
62.94,09-22-2026 23:26:55:335,-0.151299998164177,0.245700001716614,0.199599996209145,0.936100006103516,-0.4269,-0.1557,0.6813
62.95,09-22-2026 23:26:55:345,-0.151099994778633,0.245800003409386,0.199599996209145,0.936100006103516,-0.4268,-0.1561,0.6817
62.96,09-22-2026 23:26:55:355,-0.150800004601479,0.245800003409386,0.199699997901917,0.936100006103516,-0.4271,-0.157,0.6817
62.97,09-22-2026 23:26:55:365,-0.150499999523163,0.245900005102158,0.199699997901917,0.936100006103516,-0.4271,-0.1575,0.6826
62.98,09-22-2026 23:26:55:375,-0.150199994444847,0.245900005102158,0.199699997901917,0.936100006103516,-0.4271,-0.1573,0.6828
62.99,09-22-2026 23:26:55:385,-0.149900004267693,0.245900005102158,0.199699997901917,0.936200022697449,-0.427,-0.1581,0.683
63,09-22-2026 23:26:55:395,-0.149599999189377,0.245900005102158,0.199799999594688,0.936200022697449,-0.4261,-0.1581,0.6832
63.01,09-22-2026 23:26:55:405,-0.148300006985664,0.24609999358654,0.19990000128746,0.936299979686737,-0.4269,-0.1591,0.6848
63.02,09-22-2026 23:26:55:415,-0.148000001907349,0.246199995279312,0.19990000128746,0.93639999628067,-0.4274,-0.1588,0.6856
63.03,09-22-2026 23:26:55:425,-0.147599995136261,0.246199995279312,0.19990000128746,0.93639999628067,-0.4284,-0.1587,0.6858
63.04,09-22-2026 23:26:55:435,-0.147300004959106,0.246299996972084,0.200000002980232,0.936500012874603,-0.4293,-0.1591,0.6857
63.05,09-22-2026 23:26:55:445,-0.146899998188019,0.246399998664856,0.200000002980232,0.936500012874603,-0.4293,-0.1598,0.6866
63.06,09-22-2026 23:26:55:455,-0.146599993109703,0.246500000357628,0.200100004673004,0.936500012874603,-0.428,-0.1599,0.6873
63.07,09-22-2026 23:26:55:465,-0.146200001239777,0.246500000357628,0.200200006365776,0.936600029468536,-0.4278,-0.1606,0.6876
63.08,09-22-2026 23:26:55:475,-0.145899996161461,0.2466000020504,0.200200006365776,0.936600029468536,-0.4276,-0.1611,0.6884
63.09,09-22-2026 23:26:55:485,-0.145600005984306,0.2466000020504,0.200299993157387,0.936600029468536,-0.4273,-0.1615,0.6888
63.1,09-22-2026 23:26:55:495,-0.145300000905991,0.246700003743172,0.200399994850159,0.936699986457825,-0.4269,-0.1616,0.6895
63.11,09-22-2026 23:26:55:505,-0.144199997186661,0.246800005435944,0.200599998235703,0.936699986457825,-0.4274,-0.1593,0.687
63.12,09-22-2026 23:26:55:515,-0.143999993801117,0.246800005435944,0.200599998235703,0.936800003051758,-0.4283,-0.1588,0.6872
63.13,09-22-2026 23:26:55:525,-0.143700003623962,0.246800005435944,0.200699999928474,0.936800003051758,-0.4279,-0.158,0.6873
63.14,09-22-2026 23:26:55:535,-0.143500000238419,0.246900007128716,0.200699999928474,0.936800003051758,-0.4269,-0.1575,0.6869
63.15,09-22-2026 23:26:55:545,-0.143199995160103,0.246900007128716,0.200699999928474,0.936800003051758,-0.4264,-0.1573,0.6874
63.16,09-22-2026 23:26:55:555,-0.14300000667572,0.246900007128716,0.200800001621246,0.936900019645691,-0.4258,-0.1574,0.6876
63.17,09-22-2026 23:26:55:565,-0.142800003290176,0.246900007128716,0.200800001621246,0.936900019645691,-0.4257,-0.1579,0.687
63.18,09-22-2026 23:26:55:575,-0.142499998211861,0.246999993920326,0.200800001621246,0.936900019645691,-0.4257,-0.1571,0.6863
63.19,09-22-2026 23:26:55:585,-0.142299994826317,0.246999993920326,0.200900003314018,0.936900019645691,-0.426,-0.1577,0.6861
63.2,09-22-2026 23:26:55:595,-0.142100006341934,0.247099995613098,0.200900003314018,0.936999976634979,-0.4264,-0.1572,0.6859
63.21,09-22-2026 23:26:55:605,-0.141699999570847,0.247299998998642,0.20100000500679,0.937099993228912,-0.4286,-0.1565,0.6847
63.22,09-22-2026 23:26:55:615,-0.141699999570847,0.247299998998642,0.201100006699562,0.937099993228912,-0.4292,-0.157,0.6845
63.23,09-22-2026 23:26:55:625,-0.141699999570847,0.247400000691414,0.201100006699562,0.937099993228912,-0.43,-0.1572,0.6845
63.24,09-22-2026 23:26:55:635,-0.141800001263618,0.247400000691414,0.201100006699562,0.937099993228912,-0.4305,-0.1579,0.6852
63.25,09-22-2026 23:26:55:645,-0.14190000295639,0.247400000691414,0.201199993491173,0.937099993228912,-0.4302,-0.1585,0.6868
63.26,09-22-2026 23:26:55:655,-0.142000004649162,0.247500002384186,0.201199993491173,0.937099993228912,-0.4302,-0.1593,0.6894
63.27,09-22-2026 23:26:55:665,-0.142000004649162,0.247500002384186,0.201199993491173,0.937099993228912,-0.4304,-0.1593,0.6898
63.28,09-22-2026 23:26:55:675,-0.142100006341934,0.247500002384186,0.201199993491173,0.937099993228912,-0.4298,-0.1599,0.6893
63.29,09-22-2026 23:26:55:685,-0.142199993133545,0.247500002384186,0.201199993491173,0.937099993228912,-0.4293,-0.1599,0.6891
63.3,09-22-2026 23:26:55:695,-0.142299994826317,0.247500002384186,0.201100006699562,0.937099993228912,-0.4289,-0.1593,0.6891
63.31,09-22-2026 23:26:55:705,-0.142800003290176,0.247400000691414,0.20100000500679,0.936999976634979,-0.4304,-0.1554,0.6866
63.32,09-22-2026 23:26:55:715,-0.14300000667572,0.247400000691414,0.20100000500679,0.936999976634979,-0.4314,-0.1544,0.685
63.33,09-22-2026 23:26:55:725,-0.143199995160103,0.247299998998642,0.20100000500679,0.936999976634979,-0.4324,-0.153,0.6858
63.34,09-22-2026 23:26:55:735,-0.143399998545647,0.247299998998642,0.200900003314018,0.936999976634979,-0.433,-0.1521,0.6882
63.35,09-22-2026 23:26:55:745,-0.14360000193119,0.24719999730587,0.200900003314018,0.936999976634979,-0.4337,-0.1529,0.6889
63.36,09-22-2026 23:26:55:755,-0.143800005316734,0.24719999730587,0.200900003314018,0.936999976634979,-0.4344,-0.1511,0.6887
63.37,09-22-2026 23:26:55:765,-0.143999993801117,0.247099995613098,0.200900003314018,0.936999976634979,-0.4312,-0.1522,0.6898
63.38,09-22-2026 23:26:55:775,-0.143999993801117,0.247099995613098,0.200900003314018,0.936999976634979,-0.429,-0.1528,0.6892
63.39,09-22-2026 23:26:55:785,-0.143900007009506,0.247099995613098,0.20100000500679,0.936999976634979,-0.4269,-0.1535,0.6896
63.4,09-22-2026 23:26:55:795,-0.143900007009506,0.247099995613098,0.20100000500679,0.936999976634979,-0.4258,-0.1534,0.6876
63.41,09-22-2026 23:26:55:805,-0.144199997186661,0.246999993920326,0.201100006699562,0.936999976634979,-0.4254,-0.1515,0.688
63.42,09-22-2026 23:26:55:815,-0.144299998879433,0.246900007128716,0.201199993491173,0.936999976634979,-0.4274,-0.15,0.6896
63.43,09-22-2026 23:26:55:825,-0.144400000572205,0.246800005435944,0.201100006699562,0.936999976634979,-0.4288,-0.1488,0.6897
63.44,09-22-2026 23:26:55:835,-0.144500002264977,0.246700003743172,0.201100006699562,0.936900019645691,-0.4301,-0.1479,0.6871
63.45,09-22-2026 23:26:55:845,-0.144600003957748,0.2466000020504,0.201100006699562,0.936900019645691,-0.4305,-0.1472,0.6848
63.46,09-22-2026 23:26:55:855,-0.144600003957748,0.246500000357628,0.20100000500679,0.936900019645691,-0.4311,-0.1459,0.6839
63.47,09-22-2026 23:26:55:865,-0.144600003957748,0.246500000357628,0.200900003314018,0.936900019645691,-0.4316,-0.1456,0.6817
63.48,09-22-2026 23:26:55:875,-0.144600003957748,0.246500000357628,0.200900003314018,0.936900019645691,-0.4317,-0.145,0.6796
63.49,09-22-2026 23:26:55:885,-0.14470000565052,0.246399998664856,0.200900003314018,0.936900019645691,-0.4312,-0.1443,0.6804
63.5,09-22-2026 23:26:55:895,-0.14470000565052,0.246399998664856,0.200900003314018,0.936900019645691,-0.4318,-0.1444,0.6824
63.51,09-22-2026 23:26:55:905,-0.144899994134903,0.246500000357628,0.200900003314018,0.936900019645691,-0.4305,-0.1438,0.6865
63.52,09-22-2026 23:26:55:915,-0.144899994134903,0.246500000357628,0.200900003314018,0.936900019645691,-0.4304,-0.1442,0.6887
63.53,09-22-2026 23:26:55:925,-0.144999995827675,0.246399998664856,0.200900003314018,0.936900019645691,-0.4289,-0.1445,0.6881
63.54,09-22-2026 23:26:55:935,-0.144999995827675,0.246500000357628,0.200900003314018,0.936900019645691,-0.4275,-0.1441,0.6872
63.55,09-22-2026 23:26:55:945,-0.145099997520447,0.246500000357628,0.200900003314018,0.936800003051758,-0.4267,-0.1444,0.6864
63.56,09-22-2026 23:26:55:955,-0.145199999213219,0.246500000357628,0.200900003314018,0.936800003051758,-0.427,-0.144,0.6868
63.57,09-22-2026 23:26:55:965,-0.145199999213219,0.246500000357628,0.200900003314018,0.936800003051758,-0.4273,-0.1435,0.6862
63.58,09-22-2026 23:26:55:975,-0.145300000905991,0.246500000357628,0.200900003314018,0.936800003051758,-0.4278,-0.1417,0.6852
63.59,09-22-2026 23:26:55:985,-0.145400002598763,0.246399998664856,0.200900003314018,0.936800003051758,-0.4282,-0.1408,0.6862
63.6,09-22-2026 23:26:55:995,-0.145500004291534,0.246399998664856,0.200900003314018,0.936800003051758,-0.4273,-0.1398,0.6848
63.61,09-22-2026 23:26:56:005,-0.145799994468689,0.246500000357628,0.200900003314018,0.936699986457825,-0.4231,-0.1397,0.6736
63.62,09-22-2026 23:26:56:015,-0.145899996161461,0.246500000357628,0.200900003314018,0.936699986457825,-0.4223,-0.1387,0.6672
63.63,09-22-2026 23:26:56:025,-0.145899996161461,0.246500000357628,0.200900003314018,0.936699986457825,-0.4259,-0.1369,0.6742
63.64,09-22-2026 23:26:56:035,-0.145999997854233,0.246500000357628,0.200900003314018,0.936699986457825,-0.4281,-0.134,0.682
63.65,09-22-2026 23:26:56:045,-0.146099999547005,0.246500000357628,0.200900003314018,0.936699986457825,-0.4277,-0.1339,0.6778
63.66,09-22-2026 23:26:56:055,-0.146099999547005,0.246500000357628,0.200900003314018,0.936699986457825,-0.4285,-0.1336,0.677
63.67,09-22-2026 23:26:56:065,-0.146099999547005,0.246500000357628,0.20100000500679,0.936699986457825,-0.4311,-0.1326,0.6808
63.68,09-22-2026 23:26:56:075,-0.146099999547005,0.246500000357628,0.20100000500679,0.936699986457825,-0.4343,-0.1331,0.6804
63.69,09-22-2026 23:26:56:085,-0.146099999547005,0.246500000357628,0.20100000500679,0.936699986457825,-0.4357,-0.1341,0.678
63.7,09-22-2026 23:26:56:095,-0.146099999547005,0.246399998664856,0.20100000500679,0.936699986457825,-0.4339,-0.1361,0.6814
63.71,09-22-2026 23:26:56:105,-0.146099999547005,0.246399998664856,0.20100000500679,0.936699986457825,-0.4211,-0.1458,0.6869
63.72,09-22-2026 23:26:56:115,-0.146099999547005,0.246399998664856,0.20100000500679,0.936699986457825,-0.4193,-0.1468,0.6894
63.73,09-22-2026 23:26:56:125,-0.146099999547005,0.246399998664856,0.20100000500679,0.936699986457825,-0.4177,-0.1474,0.6889
63.74,09-22-2026 23:26:56:135,-0.146099999547005,0.246299996972084,0.201100006699562,0.936699986457825,-0.4189,-0.1472,0.6889
63.75,09-22-2026 23:26:56:145,-0.146099999547005,0.246299996972084,0.201100006699562,0.936699986457825,-0.4231,-0.1446,0.6924
63.76,09-22-2026 23:26:56:155,-0.146099999547005,0.246299996972084,0.201100006699562,0.936699986457825,-0.4275,-0.1412,0.6914
63.77,09-22-2026 23:26:56:165,-0.146099999547005,0.246299996972084,0.201100006699562,0.936699986457825,-0.4411,-0.1372,0.7059
63.78,09-22-2026 23:26:56:175,-0.146200001239777,0.246299996972084,0.201100006699562,0.936699986457825,-0.4399,-0.1274,0.7279
63.79,09-22-2026 23:26:56:185,-0.146200001239777,0.246299996972084,0.201100006699562,0.936699986457825,-0.4311,-0.1342,0.6864
63.8,09-22-2026 23:26:56:195,-0.146200001239777,0.246299996972084,0.20100000500679,0.936699986457825,-0.4233,-0.138,0.6679
63.81,09-22-2026 23:26:56:205,-0.146200001239777,0.246199995279312,0.20100000500679,0.936699986457825,-0.4229,-0.1426,0.6811
63.82,09-22-2026 23:26:56:215,-0.146200001239777,0.246199995279312,0.20100000500679,0.936699986457825,-0.4263,-0.1435,0.6903
63.83,09-22-2026 23:26:56:225,-0.146200001239777,0.246199995279312,0.20100000500679,0.936699986457825,-0.4278,-0.145,0.6853
63.84,09-22-2026 23:26:56:235,-0.146200001239777,0.246199995279312,0.20100000500679,0.936699986457825,-0.4294,-0.1448,0.6881
63.85,09-22-2026 23:26:56:245,-0.146200001239777,0.246199995279312,0.20100000500679,0.936699986457825,-0.4312,-0.1443,0.6941
63.86,09-22-2026 23:26:56:255,-0.146200001239777,0.246199995279312,0.20100000500679,0.936699986457825,-0.4299,-0.1459,0.6917
63.87,09-22-2026 23:26:56:265,-0.146200001239777,0.246199995279312,0.20100000500679,0.936699986457825,-0.4284,-0.1461,0.6885
63.88,09-22-2026 23:26:56:275,-0.146200001239777,0.246199995279312,0.20100000500679,0.936699986457825,-0.4282,-0.146,0.6891
63.89,09-22-2026 23:26:56:285,-0.146200001239777,0.246199995279312,0.20100000500679,0.936699986457825,-0.4271,-0.146,0.6881
63.9,09-22-2026 23:26:56:295,-0.146200001239777,0.246199995279312,0.20100000500679,0.936699986457825,-0.426,-0.1464,0.6863
63.91,09-22-2026 23:26:56:305,-0.146200001239777,0.246199995279312,0.20100000500679,0.936699986457825,-0.4257,-0.145,0.689
63.92,09-22-2026 23:26:56:315,-0.146200001239777,0.246199995279312,0.20100000500679,0.936699986457825,-0.4256,-0.1451,0.6898
63.93,09-22-2026 23:26:56:325,-0.146200001239777,0.246199995279312,0.20100000500679,0.936699986457825,-0.4259,-0.1444,0.69
63.94,09-22-2026 23:26:56:335,-0.146200001239777,0.246199995279312,0.20100000500679,0.936699986457825,-0.4263,-0.1441,0.6896
63.95,09-22-2026 23:26:56:345,-0.146200001239777,0.24609999358654,0.20100000500679,0.936699986457825,-0.4265,-0.1443,0.6889
63.96,09-22-2026 23:26:56:355,-0.146200001239777,0.24609999358654,0.20100000500679,0.936699986457825,-0.4268,-0.1445,0.6879
63.97,09-22-2026 23:26:56:365,-0.146200001239777,0.24609999358654,0.20100000500679,0.936699986457825,-0.4269,-0.1455,0.6875
63.98,09-22-2026 23:26:56:375,-0.146200001239777,0.24609999358654,0.20100000500679,0.936699986457825,-0.4272,-0.1458,0.6869
63.99,09-22-2026 23:26:56:385,-0.146200001239777,0.24609999358654,0.20100000500679,0.936699986457825,-0.4268,-0.1463,0.6867
64,09-22-2026 23:26:56:395,-0.146200001239777,0.24609999358654,0.20100000500679,0.936699986457825,-0.4269,-0.147,0.6867
64.01,09-22-2026 23:26:56:405,-0.146300002932549,0.24609999358654,0.20100000500679,0.936699986457825,-0.4284,-0.1486,0.6874
64.02,09-22-2026 23:26:56:415,-0.146300002932549,0.24609999358654,0.20100000500679,0.936699986457825,-0.4288,-0.149,0.688
64.03,09-22-2026 23:26:56:425,-0.146300002932549,0.24609999358654,0.20100000500679,0.936699986457825,-0.4288,-0.1489,0.6884
64.04,09-22-2026 23:26:56:435,-0.146300002932549,0.24609999358654,0.20100000500679,0.936699986457825,-0.4286,-0.1487,0.6884
64.05,09-22-2026 23:26:56:445,-0.146300002932549,0.24609999358654,0.20100000500679,0.936699986457825,-0.4287,-0.1492,0.6887
64.06,09-22-2026 23:26:56:455,-0.146300002932549,0.24609999358654,0.20100000500679,0.936699986457825,-0.4284,-0.1493,0.6895
64.07,09-22-2026 23:26:56:465,-0.146300002932549,0.24609999358654,0.20100000500679,0.936699986457825,-0.4277,-0.1497,0.6902
64.08,09-22-2026 23:26:56:475,-0.146300002932549,0.24609999358654,0.20100000500679,0.936699986457825,-0.427,-0.1496,0.6907
64.09,09-22-2026 23:26:56:485,-0.146300002932549,0.24609999358654,0.20100000500679,0.936699986457825,-0.4265,-0.149,0.6905
64.1,09-22-2026 23:26:56:495,-0.14640000462532,0.24609999358654,0.20100000500679,0.936699986457825,-0.4255,-0.1485,0.6907
64.11,09-22-2026 23:26:56:505,-0.14640000462532,0.24609999358654,0.201100006699562,0.936800003051758,-0.4233,-0.1465,0.6877
64.12,09-22-2026 23:26:56:515,-0.14640000462532,0.24609999358654,0.201199993491173,0.936800003051758,-0.4233,-0.1456,0.6872
64.13,09-22-2026 23:26:56:525,-0.14640000462532,0.24609999358654,0.201199993491173,0.936800003051758,-0.4231,-0.1455,0.6871
64.14,09-22-2026 23:26:56:535,-0.14640000462532,0.24609999358654,0.201299995183945,0.936800003051758,-0.4243,-0.1448,0.6873
64.15,09-22-2026 23:26:56:545,-0.14640000462532,0.24609999358654,0.201299995183945,0.936800003051758,-0.426,-0.1443,0.6875
64.16,09-22-2026 23:26:56:555,-0.14640000462532,0.24609999358654,0.201299995183945,0.936800003051758,-0.4266,-0.1445,0.6882
64.17,09-22-2026 23:26:56:565,-0.14640000462532,0.24600000679493,0.201299995183945,0.936800003051758,-0.4269,-0.1448,0.6887
64.18,09-22-2026 23:26:56:575,-0.14640000462532,0.24600000679493,0.201299995183945,0.936800003051758,-0.4277,-0.1453,0.6907
64.19,09-22-2026 23:26:56:585,-0.14640000462532,0.24600000679493,0.201299995183945,0.936800003051758,-0.428,-0.1456,0.6908
64.2,09-22-2026 23:26:56:595,-0.14640000462532,0.24600000679493,0.201299995183945,0.936800003051758,-0.427,-0.1462,0.6905
64.21,09-22-2026 23:26:56:605,-0.14640000462532,0.245700001716614,0.201299995183945,0.936800003051758,-0.4237,-0.1461,0.6871
64.22,09-22-2026 23:26:56:615,-0.14640000462532,0.245700001716614,0.201299995183945,0.936800003051758,-0.424,-0.1452,0.6851
64.23,09-22-2026 23:26:56:625,-0.14640000462532,0.245600000023842,0.201299995183945,0.936800003051758,-0.4237,-0.1453,0.6851
64.24,09-22-2026 23:26:56:635,-0.14640000462532,0.245600000023842,0.201299995183945,0.936800003051758,-0.4236,-0.1447,0.6845
64.25,09-22-2026 23:26:56:645,-0.146500006318092,0.24549999833107,0.201199993491173,0.936800003051758,-0.4246,-0.1442,0.6845
64.26,09-22-2026 23:26:56:655,-0.146500006318092,0.24549999833107,0.201199993491173,0.936800003051758,-0.4248,-0.144,0.685
64.27,09-22-2026 23:26:56:665,-0.146500006318092,0.24549999833107,0.201199993491173,0.936800003051758,-0.4254,-0.145,0.686
64.28,09-22-2026 23:26:56:675,-0.146599993109703,0.24549999833107,0.201199993491173,0.936800003051758,-0.4258,-0.1458,0.6865
64.29,09-22-2026 23:26:56:685,-0.146699994802475,0.24549999833107,0.201199993491173,0.936800003051758,-0.426,-0.1457,0.6867
64.3,09-22-2026 23:26:56:695,-0.146699994802475,0.24549999833107,0.201199993491173,0.936800003051758,-0.4267,-0.1457,0.6872
64.31,09-22-2026 23:26:56:705,-0.146899998188019,0.24549999833107,0.201199993491173,0.936699986457825,-0.4269,-0.1458,0.6874
64.32,09-22-2026 23:26:56:715,-0.146999999880791,0.24549999833107,0.201199993491173,0.936699986457825,-0.4259,-0.1459,0.6881
64.33,09-22-2026 23:26:56:725,-0.146999999880791,0.24549999833107,0.201199993491173,0.936699986457825,-0.4262,-0.1457,0.6879
64.34,09-22-2026 23:26:56:735,-0.147100001573563,0.24549999833107,0.201199993491173,0.936600029468536,-0.4262,-0.1457,0.6882
64.35,09-22-2026 23:26:56:745,-0.147100001573563,0.245399996638298,0.201299995183945,0.936600029468536,-0.4262,-0.146,0.6878
64.36,09-22-2026 23:26:56:755,-0.147200003266335,0.245399996638298,0.201299995183945,0.936600029468536,-0.4267,-0.1462,0.687
64.37,09-22-2026 23:26:56:765,-0.147200003266335,0.245399996638298,0.201399996876717,0.936600029468536,-0.4271,-0.1463,0.6869
64.38,09-22-2026 23:26:56:775,-0.147300004959106,0.245399996638298,0.201399996876717,0.936600029468536,-0.4277,-0.1454,0.6872
64.39,09-22-2026 23:26:56:785,-0.147300004959106,0.245399996638298,0.201399996876717,0.936600029468536,-0.4287,-0.1446,0.6868
64.4,09-22-2026 23:26:56:795,-0.147300004959106,0.245399996638298,0.201499998569489,0.936600029468536,-0.4291,-0.1448,0.6878
64.41,09-22-2026 23:26:56:805,-0.147400006651878,0.245399996638298,0.20160000026226,0.936600029468536,-0.4282,-0.1437,0.6875
64.42,09-22-2026 23:26:56:815,-0.147400006651878,0.245299994945526,0.201700001955032,0.936600029468536,-0.4276,-0.1442,0.6883
64.43,09-22-2026 23:26:56:825,-0.147400006651878,0.245299994945526,0.201700001955032,0.936600029468536,-0.4272,-0.145,0.6885
64.44,09-22-2026 23:26:56:835,-0.147400006651878,0.245299994945526,0.201800003647804,0.936600029468536,-0.427,-0.1459,0.6898
64.45,09-22-2026 23:26:56:845,-0.147400006651878,0.245299994945526,0.201800003647804,0.936600029468536,-0.4264,-0.1468,0.6901
64.46,09-22-2026 23:26:56:855,-0.147400006651878,0.245299994945526,0.201900005340576,0.936600029468536,-0.4265,-0.1477,0.6899
64.47,09-22-2026 23:26:56:865,-0.147400006651878,0.245299994945526,0.201900005340576,0.936600029468536,-0.4259,-0.1481,0.6904
64.48,09-22-2026 23:26:56:875,-0.147400006651878,0.245199993252754,0.202000007033348,0.936600029468536,-0.4252,-0.1495,0.6911
64.49,09-22-2026 23:26:56:885,-0.147499993443489,0.245199993252754,0.202000007033348,0.936600029468536,-0.4247,-0.1502,0.6913
64.5,09-22-2026 23:26:56:895,-0.147499993443489,0.245199993252754,0.202099993824959,0.936600029468536,-0.4247,-0.15,0.6906
64.51,09-22-2026 23:26:56:905,-0.147499993443489,0.245100006461143,0.202199995517731,0.936600029468536,-0.4253,-0.148,0.6865
64.52,09-22-2026 23:26:56:915,-0.147499993443489,0.245100006461143,0.202199995517731,0.936600029468536,-0.4253,-0.147,0.6858
64.53,09-22-2026 23:26:56:925,-0.147499993443489,0.245100006461143,0.202199995517731,0.936600029468536,-0.4255,-0.1467,0.6849
64.54,09-22-2026 23:26:56:935,-0.147499993443489,0.245100006461143,0.202099993824959,0.936600029468536,-0.4262,-0.1462,0.6853
64.55,09-22-2026 23:26:56:945,-0.147599995136261,0.245100006461143,0.202099993824959,0.936600029468536,-0.4263,-0.1456,0.6856
64.56,09-22-2026 23:26:56:955,-0.147599995136261,0.245100006461143,0.202099993824959,0.936600029468536,-0.4267,-0.1444,0.686
64.57,09-22-2026 23:26:56:965,-0.147599995136261,0.245100006461143,0.202099993824959,0.936600029468536,-0.426,-0.1448,0.6859
64.58,09-22-2026 23:26:56:975,-0.147699996829033,0.245100006461143,0.202099993824959,0.936600029468536,-0.4258,-0.1453,0.686
64.59,09-22-2026 23:26:56:985,-0.147699996829033,0.245100006461143,0.202099993824959,0.936600029468536,-0.4252,-0.1458,0.6865
64.6,09-22-2026 23:26:56:995,-0.147799998521805,0.245000004768372,0.202099993824959,0.936600029468536,-0.4245,-0.1462,0.6863
64.61,09-22-2026 23:26:57:005,-0.148100003600121,0.245000004768372,0.202099993824959,0.936600029468536,-0.4223,-0.1466,0.6852
64.62,09-22-2026 23:26:57:015,-0.148100003600121,0.245000004768372,0.202099993824959,0.936600029468536,-0.4232,-0.1458,0.6848
64.63,09-22-2026 23:26:57:025,-0.148100003600121,0.2449000030756,0.202099993824959,0.936600029468536,-0.4236,-0.1446,0.6848
64.64,09-22-2026 23:26:57:035,-0.148100003600121,0.2449000030756,0.202099993824959,0.936600029468536,-0.4234,-0.1433,0.684
64.65,09-22-2026 23:26:57:045,-0.148100003600121,0.2449000030756,0.202099993824959,0.936600029468536,-0.4243,-0.1433,0.6847
64.66,09-22-2026 23:26:57:055,-0.148100003600121,0.2449000030756,0.202099993824959,0.936600029468536,-0.4248,-0.1437,0.686
64.67,09-22-2026 23:26:57:065,-0.148200005292892,0.2449000030756,0.202099993824959,0.936600029468536,-0.4249,-0.1447,0.6864
64.68,09-22-2026 23:26:57:075,-0.148200005292892,0.2449000030756,0.202099993824959,0.936600029468536,-0.4243,-0.1452,0.6866
64.69,09-22-2026 23:26:57:085,-0.148200005292892,0.2449000030756,0.202099993824959,0.936600029468536,-0.4248,-0.1461,0.6875
64.7,09-22-2026 23:26:57:095,-0.148200005292892,0.244800001382828,0.202000007033348,0.936600029468536,-0.4244,-0.1467,0.6887
64.71,09-22-2026 23:26:57:105,-0.148200005292892,0.244699999690056,0.202099993824959,0.936600029468536,-0.4247,-0.149,0.6892
64.72,09-22-2026 23:26:57:115,-0.148200005292892,0.244699999690056,0.202000007033348,0.936600029468536,-0.4248,-0.1494,0.6894
64.73,09-22-2026 23:26:57:125,-0.148200005292892,0.244699999690056,0.202000007033348,0.936600029468536,-0.4252,-0.1504,0.6897
64.74,09-22-2026 23:26:57:135,-0.148200005292892,0.244699999690056,0.202000007033348,0.936600029468536,-0.4248,-0.1505,0.6889
64.75,09-22-2026 23:26:57:145,-0.148200005292892,0.244699999690056,0.202000007033348,0.936600029468536,-0.4247,-0.1512,0.6884
64.76,09-22-2026 23:26:57:155,-0.148200005292892,0.244699999690056,0.202000007033348,0.936600029468536,-0.4249,-0.1509,0.6891
64.77,09-22-2026 23:26:57:165,-0.148200005292892,0.244699999690056,0.202000007033348,0.936600029468536,-0.4253,-0.1511,0.6891
64.78,09-22-2026 23:26:57:175,-0.148200005292892,0.244599997997284,0.202000007033348,0.936600029468536,-0.4251,-0.1512,0.6888
64.79,09-22-2026 23:26:57:185,-0.148200005292892,0.244599997997284,0.202000007033348,0.936600029468536,-0.4244,-0.1512,0.6883
64.8,09-22-2026 23:26:57:195,-0.148200005292892,0.244599997997284,0.202000007033348,0.936600029468536,-0.4239,-0.1513,0.6877
64.81,09-22-2026 23:26:57:205,-0.148200005292892,0.244599997997284,0.202000007033348,0.936600029468536,-0.4221,-0.1505,0.6859
64.82,09-22-2026 23:26:57:215,-0.148300006985664,0.244599997997284,0.202000007033348,0.936600029468536,-0.4225,-0.1504,0.6868
64.83,09-22-2026 23:26:57:225,-0.148300006985664,0.244599997997284,0.202000007033348,0.936600029468536,-0.4235,-0.1495,0.689
64.84,09-22-2026 23:26:57:235,-0.148300006985664,0.244599997997284,0.202000007033348,0.936600029468536,-0.4241,-0.1479,0.6906
64.85,09-22-2026 23:26:57:245,-0.148300006985664,0.244599997997284,0.202000007033348,0.936600029468536,-0.4248,-0.1478,0.6911
64.86,09-22-2026 23:26:57:255,-0.148300006985664,0.244599997997284,0.202000007033348,0.936600029468536,-0.4251,-0.1484,0.6906
64.87,09-22-2026 23:26:57:265,-0.148300006985664,0.244599997997284,0.202000007033348,0.936600029468536,-0.4249,-0.1485,0.6911
64.88,09-22-2026 23:26:57:275,-0.148300006985664,0.244599997997284,0.202000007033348,0.936600029468536,-0.424,-0.1494,0.6898
64.89,09-22-2026 23:26:57:285,-0.148300006985664,0.244599997997284,0.202000007033348,0.936600029468536,-0.4229,-0.1496,0.6875
64.9,09-22-2026 23:26:57:295,-0.148300006985664,0.244599997997284,0.202000007033348,0.936600029468536,-0.4216,-0.1504,0.6879
64.91,09-22-2026 23:26:57:305,-0.148300006985664,0.244499996304512,0.202000007033348,0.936600029468536,-0.4183,-0.1518,0.687
64.92,09-22-2026 23:26:57:315,-0.148300006985664,0.244499996304512,0.202000007033348,0.936600029468536,-0.4187,-0.1521,0.6869
64.93,09-22-2026 23:26:57:325,-0.148300006985664,0.244499996304512,0.202000007033348,0.936600029468536,-0.4186,-0.152,0.6856
64.94,09-22-2026 23:26:57:335,-0.148300006985664,0.244499996304512,0.202000007033348,0.936600029468536,-0.4196,-0.1521,0.6834
64.95,09-22-2026 23:26:57:345,-0.148300006985664,0.244499996304512,0.202000007033348,0.936600029468536,-0.42,-0.1516,0.683
64.96,09-22-2026 23:26:57:355,-0.148399993777275,0.244499996304512,0.202000007033348,0.936600029468536,-0.4212,-0.1513,0.684
64.97,09-22-2026 23:26:57:365,-0.148399993777275,0.244499996304512,0.202000007033348,0.936600029468536,-0.422,-0.1514,0.6844
64.98,09-22-2026 23:26:57:375,-0.148399993777275,0.244499996304512,0.202000007033348,0.936600029468536,-0.4225,-0.1514,0.6856
64.99,09-22-2026 23:26:57:385,-0.148399993777275,0.244499996304512,0.202000007033348,0.936600029468536,-0.4238,-0.1515,0.6874
65,09-22-2026 23:26:57:395,-0.148399993777275,0.244499996304512,0.202000007033348,0.936600029468536,-0.4242,-0.1517,0.6887
65.01,09-22-2026 23:26:57:405,-0.148399993777275,0.244499996304512,0.202000007033348,0.936600029468536,-0.4232,-0.1539,0.6912
65.02,09-22-2026 23:26:57:415,-0.148499995470047,0.244499996304512,0.202000007033348,0.936600029468536,-0.4234,-0.1541,0.6906
65.03,09-22-2026 23:26:57:425,-0.148499995470047,0.244499996304512,0.202000007033348,0.936600029468536,-0.424,-0.1542,0.6908
65.04,09-22-2026 23:26:57:435,-0.148499995470047,0.244499996304512,0.202000007033348,0.936600029468536,-0.4238,-0.1545,0.6908
65.05,09-22-2026 23:26:57:445,-0.148499995470047,0.244499996304512,0.201900005340576,0.936600029468536,-0.4242,-0.1543,0.6917
65.06,09-22-2026 23:26:57:455,-0.148599997162819,0.24439999461174,0.201900005340576,0.936600029468536,-0.4246,-0.1541,0.6926
65.07,09-22-2026 23:26:57:465,-0.148599997162819,0.24439999461174,0.201900005340576,0.936600029468536,-0.4249,-0.1537,0.6922
65.08,09-22-2026 23:26:57:475,-0.148699998855591,0.24439999461174,0.201900005340576,0.936600029468536,-0.4248,-0.153,0.6929
65.09,09-22-2026 23:26:57:485,-0.148800000548363,0.24439999461174,0.201900005340576,0.936600029468536,-0.4247,-0.1523,0.6936
65.1,09-22-2026 23:26:57:495,-0.148800000548363,0.24439999461174,0.201900005340576,0.936600029468536,-0.4244,-0.152,0.6927
65.11,09-22-2026 23:26:57:505,-0.149100005626678,0.24439999461174,0.201900005340576,0.936600029468536,-0.4228,-0.1496,0.6881
65.12,09-22-2026 23:26:57:515,-0.149100005626678,0.24439999461174,0.201900005340576,0.936500012874603,-0.4228,-0.1489,0.6875
65.13,09-22-2026 23:26:57:525,-0.14920000731945,0.24439999461174,0.201900005340576,0.936500012874603,-0.4236,-0.1481,0.6862
65.14,09-22-2026 23:26:57:535,-0.14920000731945,0.24439999461174,0.201900005340576,0.936500012874603,-0.424,-0.1479,0.6854
65.15,09-22-2026 23:26:57:545,-0.149299994111061,0.24439999461174,0.201900005340576,0.936500012874603,-0.4241,-0.1471,0.6846
65.16,09-22-2026 23:26:57:555,-0.149299994111061,0.24439999461174,0.201900005340576,0.936500012874603,-0.4236,-0.1472,0.6846
65.17,09-22-2026 23:26:57:565,-0.149399995803833,0.24439999461174,0.201800003647804,0.93639999628067,-0.4239,-0.1468,0.6844
65.18,09-22-2026 23:26:57:575,-0.149399995803833,0.24439999461174,0.201800003647804,0.93639999628067,-0.4239,-0.1469,0.6847
65.19,09-22-2026 23:26:57:585,-0.149399995803833,0.24439999461174,0.201800003647804,0.93639999628067,-0.4241,-0.1474,0.6854
65.2,09-22-2026 23:26:57:595,-0.149499997496605,0.24439999461174,0.201700001955032,0.93639999628067,-0.4242,-0.1481,0.6853
65.21,09-22-2026 23:26:57:605,-0.149499997496605,0.244499996304512,0.201700001955032,0.93639999628067,-0.423,-0.1516,0.6855
65.22,09-22-2026 23:26:57:615,-0.149599999189377,0.244599997997284,0.201700001955032,0.93639999628067,-0.4232,-0.1523,0.6865
65.23,09-22-2026 23:26:57:625,-0.149599999189377,0.244599997997284,0.201700001955032,0.93639999628067,-0.4244,-0.1521,0.6874
65.24,09-22-2026 23:26:57:635,-0.149599999189377,0.244699999690056,0.20160000026226,0.93639999628067,-0.4256,-0.1518,0.6877
65.25,09-22-2026 23:26:57:645,-0.149599999189377,0.244800001382828,0.20160000026226,0.93639999628067,-0.4258,-0.1516,0.6884
65.26,09-22-2026 23:26:57:655,-0.149599999189377,0.244800001382828,0.20160000026226,0.93639999628067,-0.4265,-0.1519,0.6894
65.27,09-22-2026 23:26:57:665,-0.149599999189377,0.244800001382828,0.20160000026226,0.93639999628067,-0.4265,-0.1512,0.6908
65.28,09-22-2026 23:26:57:675,-0.149599999189377,0.244800001382828,0.20160000026226,0.93639999628067,-0.4265,-0.1508,0.6919
65.29,09-22-2026 23:26:57:685,-0.149700000882149,0.244800001382828,0.20160000026226,0.93639999628067,-0.4266,-0.1501,0.6918
65.3,09-22-2026 23:26:57:695,-0.149700000882149,0.244800001382828,0.20160000026226,0.93639999628067,-0.4257,-0.1497,0.6909
65.31,09-22-2026 23:26:57:705,-0.149599999189377,0.244800001382828,0.20160000026226,0.93639999628067,-0.4231,-0.1498,0.6887
65.32,09-22-2026 23:26:57:715,-0.149599999189377,0.244800001382828,0.20160000026226,0.93639999628067,-0.4233,-0.1502,0.6879
65.33,09-22-2026 23:26:57:725,-0.149599999189377,0.244800001382828,0.20160000026226,0.93639999628067,-0.4235,-0.15,0.687
65.34,09-22-2026 23:26:57:735,-0.149599999189377,0.244800001382828,0.20160000026226,0.93639999628067,-0.4232,-0.1505,0.6862
65.35,09-22-2026 23:26:57:745,-0.149599999189377,0.244800001382828,0.20160000026226,0.93639999628067,-0.4238,-0.1506,0.6861
65.36,09-22-2026 23:26:57:755,-0.149599999189377,0.244800001382828,0.20160000026226,0.93639999628067,-0.4243,-0.1508,0.6861
65.37,09-22-2026 23:26:57:765,-0.149599999189377,0.244800001382828,0.20160000026226,0.93639999628067,-0.425,-0.1509,0.6867
65.38,09-22-2026 23:26:57:775,-0.149700000882149,0.244800001382828,0.20160000026226,0.93639999628067,-0.4259,-0.1513,0.6869
65.39,09-22-2026 23:26:57:785,-0.149700000882149,0.244800001382828,0.20160000026226,0.93639999628067,-0.4267,-0.1517,0.6872
65.4,09-22-2026 23:26:57:795,-0.149700000882149,0.244800001382828,0.20160000026226,0.93639999628067,-0.4263,-0.1524,0.6876
65.41,09-22-2026 23:26:57:805,-0.149700000882149,0.2449000030756,0.20160000026226,0.93639999628067,-0.4239,-0.1556,0.6873
65.42,09-22-2026 23:26:57:815,-0.149700000882149,0.244800001382828,0.20160000026226,0.93639999628067,-0.4235,-0.1556,0.6863
65.43,09-22-2026 23:26:57:825,-0.149700000882149,0.244800001382828,0.20160000026226,0.93639999628067,-0.4225,-0.155,0.6854
65.44,09-22-2026 23:26:57:835,-0.149700000882149,0.244800001382828,0.20160000026226,0.93639999628067,-0.4223,-0.1546,0.6846
65.45,09-22-2026 23:26:57:845,-0.149800002574921,0.244800001382828,0.20160000026226,0.93639999628067,-0.4222,-0.1547,0.6836
65.46,09-22-2026 23:26:57:855,-0.149800002574921,0.244800001382828,0.20160000026226,0.93639999628067,-0.4233,-0.1539,0.6828
65.47,09-22-2026 23:26:57:865,-0.149800002574921,0.244800001382828,0.20160000026226,0.93639999628067,-0.4249,-0.1538,0.6836
65.48,09-22-2026 23:26:57:875,-0.149800002574921,0.244800001382828,0.20160000026226,0.93639999628067,-0.4259,-0.1535,0.6846
65.49,09-22-2026 23:26:57:885,-0.149800002574921,0.244800001382828,0.20160000026226,0.93639999628067,-0.4265,-0.1529,0.6847
65.5,09-22-2026 23:26:57:895,-0.149800002574921,0.244800001382828,0.20160000026226,0.93639999628067,-0.4265,-0.1535,0.6846
65.51,09-22-2026 23:26:57:905,-0.149800002574921,0.244699999690056,0.20160000026226,0.93639999628067,-0.4269,-0.1559,0.6846
65.52,09-22-2026 23:26:57:915,-0.149800002574921,0.244699999690056,0.20160000026226,0.93639999628067,-0.4279,-0.1559,0.6846
65.53,09-22-2026 23:26:57:925,-0.149900004267693,0.244699999690056,0.20160000026226,0.93639999628067,-0.4288,-0.1561,0.6849
65.54,09-22-2026 23:26:57:935,-0.149900004267693,0.244800001382828,0.20160000026226,0.93639999628067,-0.4292,-0.1558,0.6851
65.55,09-22-2026 23:26:57:945,-0.149900004267693,0.244800001382828,0.20160000026226,0.93639999628067,-0.43,-0.1563,0.6854
65.56,09-22-2026 23:26:57:955,-0.149900004267693,0.244800001382828,0.20160000026226,0.93639999628067,-0.4297,-0.1569,0.6858
65.57,09-22-2026 23:26:57:965,-0.149900004267693,0.244800001382828,0.20160000026226,0.93639999628067,-0.43,-0.1576,0.6875
65.58,09-22-2026 23:26:57:975,-0.149900004267693,0.244800001382828,0.20160000026226,0.93639999628067,-0.4294,-0.1578,0.6892
65.59,09-22-2026 23:26:57:985,-0.149900004267693,0.244800001382828,0.20160000026226,0.936500012874603,-0.429,-0.1582,0.6897
65.6,09-22-2026 23:26:57:995,-0.150000005960464,0.244800001382828,0.20160000026226,0.936500012874603,-0.4286,-0.1591,0.6898
65.61,09-22-2026 23:26:58:005,-0.150099992752075,0.244699999690056,0.20160000026226,0.936600029468536,-0.4283,-0.1599,0.6878
65.62,09-22-2026 23:26:58:015,-0.150199994444847,0.244699999690056,0.20160000026226,0.936600029468536,-0.4285,-0.1586,0.6861
65.63,09-22-2026 23:26:58:025,-0.150299996137619,0.244699999690056,0.20160000026226,0.936500012874603,-0.4289,-0.1575,0.6847
65.64,09-22-2026 23:26:58:035,-0.150499999523163,0.244699999690056,0.20160000026226,0.936500012874603,-0.4297,-0.1562,0.6851
65.65,09-22-2026 23:26:58:045,-0.150800004601479,0.244699999690056,0.20160000026226,0.93639999628067,-0.4299,-0.155,0.6853
65.66,09-22-2026 23:26:58:055,-0.151099994778633,0.244699999690056,0.201499998569489,0.936299979686737,-0.4293,-0.154,0.6848
65.67,09-22-2026 23:26:58:065,-0.151399999856949,0.244699999690056,0.201499998569489,0.936299979686737,-0.4294,-0.1534,0.6853
65.68,09-22-2026 23:26:58:075,-0.151800006628036,0.244599997997284,0.201499998569489,0.936200022697449,-0.429,-0.1534,0.6863
65.69,09-22-2026 23:26:58:085,-0.152099996805191,0.244599997997284,0.201399996876717,0.936100006103516,-0.4285,-0.1541,0.6867
65.7,09-22-2026 23:26:58:095,-0.152500003576279,0.244499996304512,0.201299995183945,0.936100006103516,-0.4277,-0.1545,0.687
65.71,09-22-2026 23:26:58:105,-0.153099998831749,0.244299992918968,0.201100006699562,0.936600029468536,-0.424,-0.1549,0.6861
65.72,09-22-2026 23:26:58:115,-0.153099998831749,0.244299992918968,0.201100006699562,0.936800003051758,-0.4228,-0.1548,0.6854
65.73,09-22-2026 23:26:58:125,-0.153099998831749,0.244299992918968,0.201199993491173,0.937099993228912,-0.422,-0.1549,0.686
65.74,09-22-2026 23:26:58:135,-0.153099998831749,0.244299992918968,0.201199993491173,0.937300026416779,-0.4218,-0.1552,0.6865
65.75,09-22-2026 23:26:58:145,-0.152899995446205,0.244299992918968,0.201299995183945,0.937600016593933,-0.4219,-0.1551,0.6866
65.76,09-22-2026 23:26:58:155,-0.152600005269051,0.244299992918968,0.201399996876717,0.937900006771088,-0.4215,-0.1549,0.6866
65.77,09-22-2026 23:26:58:165,-0.152400001883507,0.24439999461174,0.201499998569489,0.938199996948242,-0.4209,-0.1548,0.6864
65.78,09-22-2026 23:26:58:175,-0.152199998497963,0.24439999461174,0.20160000026226,0.938499987125397,-0.4213,-0.1549,0.6855
65.79,09-22-2026 23:26:58:185,-0.152099996805191,0.24439999461174,0.20160000026226,0.938700020313263,-0.4217,-0.1551,0.6846
65.8,09-22-2026 23:26:58:195,-0.152099996805191,0.24439999461174,0.20160000026226,0.938899993896484,-0.4219,-0.1549,0.683
65.81,09-22-2026 23:26:58:205,-0.152400001883507,0.24210000038147,0.201499998569489,0.939499974250793,-0.4256,-0.154,0.6844
65.82,09-22-2026 23:26:58:215,-0.152700006961823,0.241099998354912,0.201499998569489,0.939499974250793,-0.4266,-0.1535,0.6846
65.83,09-22-2026 23:26:58:225,-0.152999997138977,0.240299999713898,0.201399996876717,0.939499974250793,-0.4286,-0.1524,0.6847
65.84,09-22-2026 23:26:58:235,-0.153500005602837,0.239399999380112,0.201399996876717,0.939400017261505,-0.4308,-0.1523,0.6859
65.85,09-22-2026 23:26:58:245,-0.153999999165535,0.238499999046326,0.201299995183945,0.939300000667572,-0.4311,-0.153,0.6884
65.86,09-22-2026 23:26:58:255,-0.154599994421005,0.237499997019768,0.201299995183945,0.939199984073639,-0.4306,-0.1531,0.6888
65.87,09-22-2026 23:26:58:265,-0.155300006270409,0.23649999499321,0.201199993491173,0.939000010490417,-0.4297,-0.1539,0.6875
65.88,09-22-2026 23:26:58:275,-0.156000003218651,0.235599994659424,0.201100006699562,0.938799977302551,-0.4286,-0.1541,0.6863
65.89,09-22-2026 23:26:58:285,-0.156599998474121,0.234699994325638,0.201100006699562,0.93860000371933,-0.4274,-0.1542,0.686
65.9,09-22-2026 23:26:58:295,-0.157199993729591,0.233799993991852,0.201199993491173,0.938399970531464,-0.4265,-0.1548,0.6863
65.91,09-22-2026 23:26:58:305,-0.158800005912781,0.230599999427795,0.201900005340576,0.937699973583221,-0.426,-0.1541,0.6876
65.92,09-22-2026 23:26:58:315,-0.159199997782707,0.230000004172325,0.202299997210503,0.9375,-0.4261,-0.1544,0.6897
65.93,09-22-2026 23:26:58:325,-0.159500002861023,0.229399994015694,0.202800005674362,0.937300026416779,-0.4253,-0.1551,0.6912
65.94,09-22-2026 23:26:58:335,-0.159700006246567,0.228900000452995,0.203400000929832,0.937200009822845,-0.4251,-0.155,0.6919
65.95,09-22-2026 23:26:58:345,-0.159799993038177,0.228400006890297,0.203999996185303,0.937099993228912,-0.4244,-0.156,0.6912
65.96,09-22-2026 23:26:58:355,-0.159899994730949,0.228100001811981,0.204600006341934,0.936999976634979,-0.4225,-0.1565,0.6911
65.97,09-22-2026 23:26:58:365,-0.159999996423721,0.227899998426437,0.205099999904633,0.936900019645691,-0.4223,-0.156,0.6903
65.98,09-22-2026 23:26:58:375,-0.159999996423721,0.227699995040894,0.205599993467331,0.936800003051758,-0.4223,-0.1559,0.6888
65.99,09-22-2026 23:26:58:385,-0.159999996423721,0.227799996733665,0.20610000193119,0.936699986457825,-0.4223,-0.1551,0.688
66,09-22-2026 23:26:58:395,-0.159799993038177,0.227899998426437,0.206499993801117,0.936699986457825,-0.4217,-0.154,0.6871
66.01,09-22-2026 23:26:58:405,-0.158099994063377,0.228799998760223,0.207499995827675,0.936800003051758,-0.4242,-0.1411,0.6793
66.02,09-22-2026 23:26:58:415,-0.157399997115135,0.229200005531311,0.207699999213219,0.936900019645691,-0.4224,-0.1395,0.6753
66.03,09-22-2026 23:26:58:425,-0.156700000166893,0.229599997401237,0.207800000905991,0.936999976634979,-0.4209,-0.1387,0.6713
66.04,09-22-2026 23:26:58:435,-0.155900001525879,0.230000004172325,0.207800000905991,0.937099993228912,-0.4202,-0.1399,0.6681
66.05,09-22-2026 23:26:58:445,-0.155100002884865,0.230399996042252,0.207699999213219,0.937200009822845,-0.4212,-0.1407,0.6685
66.06,09-22-2026 23:26:58:455,-0.154300004243851,0.230900004506111,0.207499995827675,0.937399983406067,-0.4241,-0.1471,0.6765
66.07,09-22-2026 23:26:58:465,-0.153400003910065,0.231499999761581,0.20720000565052,0.9375,-0.4246,-0.1499,0.6869
66.08,09-22-2026 23:26:58:475,-0.152600005269051,0.232199996709824,0.206699997186661,0.937600016593933,-0.4242,-0.1551,0.6925
66.09,09-22-2026 23:26:58:485,-0.151700004935265,0.232999995350838,0.206200003623962,0.937699973583221,-0.4236,-0.1611,0.6969
66.1,09-22-2026 23:26:58:495,-0.150800004601479,0.233799993991852,0.205599993467331,0.937799990177155,-0.4248,-0.1775,0.7129
66.11,09-22-2026 23:26:58:505,-0.147200003266335,0.237499997019768,0.202000007033348,0.938099980354309,-0.456,-0.1577,0.7307
66.12,09-22-2026 23:26:58:515,-0.146200001239777,0.238499999046326,0.200900003314018,0.938199996948242,-0.4494,-0.1598,0.6995
66.13,09-22-2026 23:26:58:525,-0.145199999213219,0.239600002765656,0.199699997901917,0.938199996948242,-0.4461,-0.1577,0.6959
66.14,09-22-2026 23:26:58:535,-0.144199997186661,0.240799993276596,0.198400005698204,0.938199996948242,-0.4452,-0.1514,0.7043
66.15,09-22-2026 23:26:58:545,-0.143199995160103,0.241999998688698,0.196999996900558,0.938300013542175,-0.4443,-0.1445,0.7001
66.16,09-22-2026 23:26:58:555,-0.142100006341934,0.2432000041008,0.195600003004074,0.938300013542175,-0.4413,-0.1388,0.6809
66.17,09-22-2026 23:26:58:565,-0.141000002622604,0.244499996304512,0.194100007414818,0.938199996948242,-0.4389,-0.1328,0.6611
66.18,09-22-2026 23:26:58:575,-0.139899998903275,0.245900005102158,0.192499995231628,0.938199996948242,-0.4359,-0.1271,0.6545
66.19,09-22-2026 23:26:58:585,-0.138600006699562,0.24719999730587,0.190999999642372,0.938199996948242,-0.4296,-0.1244,0.6563
66.2,09-22-2026 23:26:58:595,-0.13740000128746,0.248600006103516,0.189400002360344,0.938099980354309,-0.4194,-0.1262,0.6545
66.21,09-22-2026 23:26:58:605,-0.131699994206429,0.254299998283386,0.182899996638298,0.937699973583221,-0.4179,-0.1188,0.6555
66.22,09-22-2026 23:26:58:615,-0.130300000309944,0.255699992179871,0.18129999935627,0.937600016593933,-0.4089,-0.1224,0.6575
66.23,09-22-2026 23:26:58:625,-0.128800004720688,0.257299989461899,0.179700002074242,0.937399983406067,-0.3969,-0.1302,0.661
66.24,09-22-2026 23:26:58:635,-0.127399995923042,0.258899986743927,0.178100004792213,0.937200009822845,-0.3843,-0.1416,0.665
66.25,09-22-2026 23:26:58:645,-0.12610000371933,0.260500013828278,0.176499992609024,0.936999976634979,-0.3753,-0.1524,0.6675
66.26,09-22-2026 23:26:58:655,-0.124700002372265,0.262100011110306,0.174899995326996,0.936800003051758,-0.3669,-0.1614,0.676
66.27,09-22-2026 23:26:58:665,-0.123400002717972,0.263700008392334,0.173500001430511,0.936500012874603,-0.3597,-0.1698,0.69
66.28,09-22-2026 23:26:58:675,-0.122000001370907,0.265300005674362,0.172099992632866,0.936200022697449,-0.3549,-0.1764,0.7025
66.29,09-22-2026 23:26:58:685,-0.120600000023842,0.26690000295639,0.170699998736382,0.935899972915649,-0.3519,-0.1806,0.711
66.3,09-22-2026 23:26:58:695,-0.119099996984005,0.268700003623962,0.16949999332428,0.935599982738495,-0.3513,-0.1824,0.7165
66.31,09-22-2026 23:26:58:705,-0.113099999725819,0.275499999523163,0.165199995040894,0.934300005435944,-0.3552,-0.1902,0.7385
66.32,09-22-2026 23:26:58:715,-0.11150000244379,0.277099996805191,0.164299994707108,0.933899998664856,-0.3536,-0.1956,0.743
66.33,09-22-2026 23:26:58:725,-0.109899997711182,0.278899997472763,0.163499996066093,0.933600008487701,-0.3512,-0.203,0.7433
66.34,09-22-2026 23:26:58:735,-0.108199998736382,0.280499994754791,0.162799999117851,0.933300018310547,-0.3492,-0.2068,0.7385
66.35,09-22-2026 23:26:58:745,-0.106499999761581,0.282299995422363,0.162100002169609,0.933000028133392,-0.348,-0.2082,0.7307
66.36,09-22-2026 23:26:58:755,-0.105400003492832,0.284099996089935,0.161400005221367,0.932399988174438,-0.35,-0.2084,0.7208
66.37,09-22-2026 23:26:58:765,-0.104400001466274,0.285899996757507,0.160799995064735,0.931699991226196,-0.3542,-0.2078,0.716
66.38,09-22-2026 23:26:58:775,-0.104900002479553,0.287699997425079,0.160300001502037,0.930400013923645,-0.3598,-0.2082,0.7202
66.39,09-22-2026 23:26:58:785,-0.106799997389317,0.289499998092651,0.159799993038177,0.928300023078918,-0.3618,-0.21,0.7286
66.4,09-22-2026 23:26:58:795,-0.109899997711182,0.291299998760223,0.159400001168251,0.925599992275238,-0.3632,-0.2146,0.7337
66.41,09-22-2026 23:26:58:805,-0.114500001072884,0.298400014638901,0.158500000834465,0.920799970626831,-0.3753,-0.2114,0.7303
66.42,09-22-2026 23:26:58:815,-0.115500003099442,0.299899995326996,0.158500000834465,0.919399976730347,-0.3753,-0.2094,0.724
66.43,09-22-2026 23:26:58:825,-0.115900002419949,0.301699995994568,0.158700004220009,0.91839998960495,-0.3762,-0.205,0.7162
66.44,09-22-2026 23:26:58:835,-0.11429999768734,0.302899986505508,0.158899992704391,0.91839998960495,-0.3777,-0.2002,0.7093
66.45,09-22-2026 23:26:58:845,-0.110500000417233,0.304399996995926,0.159099996089935,0.919300019741058,-0.3804,-0.1954,0.7045
66.46,09-22-2026 23:26:58:855,-0.106299996376038,0.306499987840652,0.159299999475479,0.920499980449677,-0.3861,-0.1886,0.7006
66.47,09-22-2026 23:26:58:865,-0.102899998426437,0.308899998664856,0.159400001168251,0.920899987220764,-0.3918,-0.1826,0.6976
66.48,09-22-2026 23:26:58:875,-0.100100003182888,0.312799990177155,0.159400001168251,0.920899987220764,-0.3987,-0.1774,0.6949
66.49,09-22-2026 23:26:58:885,-0.0974999964237213,0.318199992179871,0.159299999475479,0.92059999704361,-0.405,-0.1734,0.6931
66.5,09-22-2026 23:26:58:895,-0.0948999971151352,0.325100004673004,0.159199997782707,0.920300006866455,-0.411,-0.1706,0.6922
66.51,09-22-2026 23:26:58:905,-0.0878000035881996,0.335900008678436,0.16159999370575,0.918600022792816,-0.4345,-0.1658,0.6852
66.52,09-22-2026 23:26:58:915,-0.0865999981760979,0.338699996471405,0.162599995732307,0.918299973011017,-0.4415,-0.1637,0.6844
66.53,09-22-2026 23:26:58:925,-0.0856000036001205,0.340799987316132,0.163800001144409,0.917999982833862,-0.4485,-0.1613,0.6824
66.54,09-22-2026 23:26:58:935,-0.0847000032663345,0.34060001373291,0.165399998426437,0.917599976062775,-0.4555,-0.1577,0.6798
66.55,09-22-2026 23:26:58:945,-0.0841000005602837,0.338200002908707,0.167400002479553,0.91729998588562,-0.4625,-0.1538,0.6762
66.56,09-22-2026 23:26:58:955,-0.0834000036120415,0.335299998521805,0.169599995017052,0.916999995708466,-0.4685,-0.1484,0.6728
66.57,09-22-2026 23:26:58:965,-0.0826999992132187,0.334199994802475,0.171599999070168,0.916899979114532,-0.4745,-0.1433,0.6718
66.58,09-22-2026 23:26:58:975,-0.0820999965071678,0.334199994802475,0.17339999973774,0.916700005531311,-0.48,-0.1379,0.6722
66.59,09-22-2026 23:26:58:985,-0.0816000029444695,0.334899991750717,0.175200000405312,0.916599988937378,-0.485,-0.1334,0.6722
66.6,09-22-2026 23:26:58:995,-0.0811000019311905,0.335299998521805,0.177200004458427,0.916400015354156,-0.488,-0.1286,0.6718
66.61,09-22-2026 23:26:59:005,-0.0790000036358833,0.338699996471405,0.183200001716614,0.91619998216629,-0.4909,-0.109,0.6554
66.62,09-22-2026 23:26:59:015,-0.0785000026226044,0.339399993419647,0.184200003743172,0.91619998216629,-0.4909,-0.1052,0.6512
66.63,09-22-2026 23:26:59:025,-0.0780000016093254,0.340099990367889,0.185000002384186,0.916100025177002,-0.4918,-0.1021,0.6484
66.64,09-22-2026 23:26:59:035,-0.0775000005960464,0.340799987316132,0.1858000010252,0.916100025177002,-0.4939,-0.1004,0.6476
66.65,09-22-2026 23:26:59:045,-0.0769999995827675,0.341399997472763,0.186499997973442,0.916000008583069,-0.4975,-0.1,0.6486
66.66,09-22-2026 23:26:59:055,-0.0766000002622604,0.341899991035461,0.187199994921684,0.915899991989136,-0.5023,-0.1016,0.6524
66.67,09-22-2026 23:26:59:065,-0.0760999992489815,0.342099994421005,0.187900006771088,0.915799975395203,-0.5062,-0.1027,0.657
66.68,09-22-2026 23:26:59:075,-0.0756999999284744,0.342299997806549,0.188700005412102,0.915799975395203,-0.5104,-0.1028,0.6598
66.69,09-22-2026 23:26:59:085,-0.0751999989151955,0.342400014400482,0.189400002360344,0.915700018405914,-0.5146,-0.102,0.6606
66.7,09-22-2026 23:26:59:095,-0.0746999979019165,0.342400014400482,0.190200001001358,0.915600001811981,-0.5194,-0.0995,0.66
66.71,09-22-2026 23:26:59:105,-0.0724000036716461,0.341800004243851,0.193299993872643,0.915199995040894,-0.5356,-0.0821,0.6601
66.72,09-22-2026 23:26:59:115,-0.0718000009655952,0.341600000858307,0.194100007414818,0.91509997844696,-0.5366,-0.0773,0.6643
66.73,09-22-2026 23:26:59:125,-0.0710999965667725,0.341300010681152,0.194999992847443,0.915000021457672,-0.5356,-0.0749,0.6643
66.74,09-22-2026 23:26:59:135,-0.0705000013113022,0.340999990701675,0.195999994874001,0.914900004863739,-0.5321,-0.0737,0.6643
66.75,09-22-2026 23:26:59:145,-0.0698999986052513,0.340700000524521,0.196999996900558,0.914799988269806,-0.5211,-0.0713,0.6559
66.76,09-22-2026 23:26:59:155,-0.0692000016570091,0.340400010347366,0.197999998927116,0.914600014686584,-0.5081,-0.0809,0.5005
66.77,09-22-2026 23:26:59:165,-0.068400003015995,0.340000003576279,0.199200004339218,0.914499998092651,-0.4846,-0.0413,0.6097
66.78,09-22-2026 23:26:59:175,-0.0676999986171722,0.339700013399124,0.200299993157387,0.914399981498718,-0.4796,-0.0401,0.2485
66.79,09-22-2026 23:26:59:185,-0.0667999982833862,0.339300006628036,0.201499998569489,0.91430002450943,-0.4911,0.0631,0.1393
66.8,09-22-2026 23:26:59:195,-0.0658999979496002,0.338899999856949,0.20270000398159,0.914099991321564,-0.4831,-0.0113,0.4585
66.81,09-22-2026 23:26:59:205,-0.061999998986721,0.337799996137619,0.206900000572205,0.913600027561188,-0.6251,-0.0705,0.7388
66.82,09-22-2026 23:26:59:215,-0.0608999989926815,0.337700009346008,0.207800000905991,0.913500010967255,-0.5996,-0.0953,0.512
66.83,09-22-2026 23:26:59:225,-0.0599000006914139,0.337599992752075,0.208700001239777,0.913299977779388,-0.6371,-0.0401,0.7604
66.84,09-22-2026 23:26:59:235,-0.058899998664856,0.337500005960464,0.209600001573563,0.9132000207901,-0.6791,-0.0377,1.1114
66.85,09-22-2026 23:26:59:245,-0.0579999983310699,0.337500005960464,0.210400000214577,0.912999987602234,-0.6986,-0.0929,0.9818
66.86,09-22-2026 23:26:59:255,-0.0571000017225742,0.337500005960464,0.211199998855591,0.912899971008301,-0.6551,-0.1241,0.6524
66.87,09-22-2026 23:26:59:265,-0.0562000013887882,0.337500005960464,0.211999997496605,0.912800014019012,-0.6026,-0.0977,0.4364
66.88,09-22-2026 23:26:59:275,-0.0553000010550022,0.337500005960464,0.212799996137619,0.912599980831146,-0.5591,-0.0537,0.4472
66.89,09-22-2026 23:26:59:285,-0.0544999986886978,0.337500005960464,0.213499993085861,0.912500023841858,-0.5306,-0.0297,0.5552
66.9,09-22-2026 23:26:59:295,-0.0535999983549118,0.337599992752075,0.214200004935265,0.912400007247925,-0.5156,-0.0361,0.5876
66.91,09-22-2026 23:26:59:305,-0.0507000014185905,0.338299989700317,0.216600000858307,0.91210001707077,-0.511,-0.0667,0.6208
66.92,09-22-2026 23:26:59:315,-0.049600001424551,0.338499993085861,0.217099994421005,0.912000000476837,-0.524,-0.0667,0.6286
66.93,09-22-2026 23:26:59:325,-0.0485999993979931,0.338800013065338,0.217600002884865,0.911899983882904,-0.539,-0.0641,0.601
66.94,09-22-2026 23:26:59:335,-0.0474999994039536,0.339100003242493,0.217999994754791,0.911800026893616,-0.553,-0.0569,0.5926
66.95,09-22-2026 23:26:59:345,-0.0465000011026859,0.339399993419647,0.218299999833107,0.911700010299683,-0.5645,-0.0499,0.6139
66.96,09-22-2026 23:26:59:355,-0.0454000011086464,0.339700013399124,0.218700006604195,0.91159999370575,-0.569,-0.0481,0.6286
66.97,09-22-2026 23:26:59:365,-0.0443999990820885,0.340000003576279,0.218899995088577,0.911499977111816,-0.5685,-0.0511,0.6169
66.98,09-22-2026 23:26:59:375,-0.0434999987483025,0.340299993753433,0.219200000166893,0.911400020122528,-0.5645,-0.0535,0.6028
66.99,09-22-2026 23:26:59:385,-0.0425000004470348,0.340700000524521,0.219400003552437,0.911300003528595,-0.5615,-0.0557,0.6076
67,09-22-2026 23:26:59:395,-0.0417000018060207,0.340999990701675,0.219600006937981,0.911199986934662,-0.559,-0.0575,0.622
67.01,09-22-2026 23:26:59:405,-0.0384999997913837,0.341899991035461,0.220100000500679,0.910899996757507,-0.5624,-0.0508,0.6232
67.02,09-22-2026 23:26:59:415,-0.0377999991178513,0.342200011014938,0.220300003886223,0.910799980163574,-0.5627,-0.0482,0.6258
67.03,09-22-2026 23:26:59:425,-0.0370000004768372,0.342500001192093,0.220400005578995,0.910700023174286,-0.5618,-0.046,0.6222
67.04,09-22-2026 23:26:59:435,-0.0362000018358231,0.342700004577637,0.220599994063377,0.910600006580353,-0.5612,-0.0441,0.6192
67.05,09-22-2026 23:26:59:445,-0.035300001502037,0.342999994754791,0.220899999141693,0.91049998998642,-0.5594,-0.0428,0.623
67.06,09-22-2026 23:26:59:455,-0.034400001168251,0.343199998140335,0.221100002527237,0.910399973392487,-0.5552,-0.0427,0.6282
67.07,09-22-2026 23:26:59:465,-0.0333999991416931,0.343400001525879,0.221499994397163,0.910300016403198,-0.5498,-0.0434,0.631
67.08,09-22-2026 23:26:59:475,-0.0324000008404255,0.34349998831749,0.221900001168251,0.910199999809265,-0.5423,-0.0448,0.6328
67.09,09-22-2026 23:26:59:485,-0.031300000846386,0.343600004911423,0.222399994730949,0.910099983215332,-0.5342,-0.0463,0.6356
67.1,09-22-2026 23:26:59:495,-0.0302000008523464,0.343600004911423,0.222900003194809,0.910099983215332,-0.5255,-0.0475,0.638
67.11,09-22-2026 23:26:59:505,-0.0252999998629093,0.343300014734268,0.225400000810623,0.909900009632111,-0.5147,-0.0444,0.6339
67.12,09-22-2026 23:26:59:515,-0.0240000002086163,0.343300014734268,0.225999996066093,0.909900009632111,-0.5173,-0.0402,0.634
67.13,09-22-2026 23:26:59:525,-0.02280000038445,0.343199998140335,0.226600006222725,0.909900009632111,-0.5213,-0.0348,0.6346
67.14,09-22-2026 23:26:59:535,-0.0214000009000301,0.343199998140335,0.227200001478195,0.910000026226044,-0.5249,-0.0294,0.6373
67.15,09-22-2026 23:26:59:545,-0.0200999993830919,0.343199998140335,0.227699995040894,0.910000026226044,-0.5281,-0.0255,0.6414
67.16,09-22-2026 23:26:59:555,-0.0187999997287989,0.343300014734268,0.228100001811981,0.910000026226044,-0.5301,-0.0216,0.6432
67.17,09-22-2026 23:26:59:565,-0.0175000000745058,0.343300014734268,0.22859999537468,0.910000026226044,-0.5297,-0.018,0.6432
67.18,09-22-2026 23:26:59:575,-0.0162000004202127,0.343300014734268,0.228900000452995,0.910099983215332,-0.5283,-0.0147,0.642
67.19,09-22-2026 23:26:59:585,-0.0148999998345971,0.343400001525879,0.229300007224083,0.910099983215332,-0.5261,-0.0111,0.6409
67.2,09-22-2026 23:26:59:595,-0.0137000000104308,0.34349998831749,0.229599997401237,0.910199999809265,-0.5223,-0.0066,0.6386
67.21,09-22-2026 23:26:59:605,-0.00910000037401915,0.343600004911423,0.230599999427795,0.91049998998642,-0.5163,0.0131,0.6223
67.22,09-22-2026 23:26:59:615,-0.00810000021010637,0.34349998831749,0.230800002813339,0.910600006580353,-0.5161,0.0171,0.6191
67.23,09-22-2026 23:26:59:625,-0.0071000000461936,0.34349998831749,0.230900004506111,0.910700023174286,-0.5161,0.0209,0.6161
67.24,09-22-2026 23:26:59:635,-0.00620000017806888,0.34349998831749,0.231099992990494,0.910799980163574,-0.5163,0.0239,0.6131
67.25,09-22-2026 23:26:59:645,-0.00529999984428287,0.343400001525879,0.231199994683266,0.910899996757507,-0.5177,0.0263,0.6115
67.26,09-22-2026 23:26:59:655,-0.00439999997615814,0.343300014734268,0.23139999806881,0.91100001335144,-0.5205,0.0291,0.6115
67.27,09-22-2026 23:26:59:665,-0.00359999993816018,0.343199998140335,0.23139999806881,0.911199986934662,-0.5249,0.0319,0.6135
67.28,09-22-2026 23:26:59:675,-0.00289999996311963,0.343100011348724,0.231499999761581,0.911300003528595,-0.5299,0.0339,0.6179
67.29,09-22-2026 23:26:59:685,-0.00219999998807907,0.342999994754791,0.231499999761581,0.911400020122528,-0.5347,0.0359,0.6231
67.3,09-22-2026 23:26:59:695,-0.0015999999595806,0.342900007963181,0.231499999761581,0.91159999370575,-0.5385,0.0375,0.6277
67.31,09-22-2026 23:26:59:705,0.000500000023748726,0.342500001192093,0.231199994683266,0.912299990653992,-0.5452,0.0445,0.6288
67.32,09-22-2026 23:26:59:715,0.00100000004749745,0.342400014400482,0.231000006198883,0.912500023841858,-0.5455,0.0478,0.6248
67.33,09-22-2026 23:26:59:725,0.00139999995008111,0.342200011014938,0.230900004506111,0.912699997425079,-0.546,0.0541,0.6209
67.34,09-22-2026 23:26:59:735,0.0019000000320375,0.342099994421005,0.230700001120567,0.912800014019012,-0.5476,0.0616,0.6192
67.35,09-22-2026 23:26:59:745,0.00230000005103648,0.341899991035461,0.230499997735023,0.912999987602234,-0.5494,0.0697,0.6186
67.36,09-22-2026 23:26:59:755,0.00279999990016222,0.341800004243851,0.23029999434948,0.9132000207901,-0.5502,0.0757,0.6194
67.37,09-22-2026 23:26:59:765,0.0031999999191612,0.341600000858307,0.230100005865097,0.913399994373322,-0.5503,0.0799,0.6198
67.38,09-22-2026 23:26:59:775,0.00359999993816018,0.341399997472763,0.229900002479553,0.913600027561188,-0.549,0.0817,0.6191
67.39,09-22-2026 23:26:59:785,0.00400000018998981,0.341100007295609,0.229699999094009,0.913800001144409,-0.5453,0.0823,0.6183
67.4,09-22-2026 23:26:59:795,0.00430000014603138,0.340900003910065,0.229399994015694,0.913999974727631,-0.5402,0.0805,0.6184
67.41,09-22-2026 23:26:59:805,0.00540000014007092,0.339700013399124,0.228400006890297,0.914799988269806,-0.519,0.0715,0.625
67.42,09-22-2026 23:26:59:815,0.00570000009611249,0.339399993419647,0.228100001811981,0.915000021457672,-0.5162,0.0715,0.6266
67.43,09-22-2026 23:26:59:825,0.0059000002220273,0.339199990034103,0.227699995040894,0.915199995040894,-0.5154,0.0717,0.63
67.44,09-22-2026 23:26:59:835,0.00609999988228083,0.338899999856949,0.227400004863739,0.91540002822876,-0.5155,0.0737,0.634
67.45,09-22-2026 23:26:59:845,0.00630000000819564,0.338600009679794,0.226999998092651,0.915499985218048,-0.5171,0.0757,0.6366
67.46,09-22-2026 23:26:59:855,0.00650000013411045,0.33840000629425,0.226600006222725,0.915700018405914,-0.5181,0.0793,0.6388
67.47,09-22-2026 23:26:59:865,0.00669999979436398,0.338099986314774,0.226199999451637,0.915899991989136,-0.5189,0.0823,0.6392
67.48,09-22-2026 23:26:59:875,0.00689999992027879,0.337900012731552,0.22579999268055,0.916100025177002,-0.5197,0.0853,0.639
67.49,09-22-2026 23:26:59:885,0.0071000000461936,0.337599992752075,0.225400000810623,0.916299998760223,-0.5199,0.0887,0.6374
67.5,09-22-2026 23:26:59:895,0.00740000000223517,0.337399989366531,0.224999994039536,0.916400015354156,-0.5201,0.0927,0.6356
67.51,09-22-2026 23:26:59:905,0.00800000037997961,0.336299985647202,0.223399996757507,0.916999995708466,-0.5188,0.1085,0.6267
67.52,09-22-2026 23:26:59:915,0.0082999998703599,0.335999995470047,0.223100006580353,0.917100012302399,-0.5188,0.1115,0.6265
67.53,09-22-2026 23:26:59:925,0.008500000461936,0.335700005292892,0.222699999809265,0.91729998588562,-0.5184,0.1135,0.6263
67.54,09-22-2026 23:26:59:935,0.00870000012218952,0.335399985313416,0.222399994730949,0.917500019073486,-0.5178,0.1171,0.6257
67.55,09-22-2026 23:26:59:945,0.00889999978244305,0.335099995136261,0.222000002861023,0.917599976062775,-0.516,0.1201,0.6243
67.56,09-22-2026 23:26:59:955,0.00899999961256981,0.334800004959106,0.221699997782707,0.917800009250641,-0.5132,0.1229,0.6215
67.57,09-22-2026 23:26:59:965,0.00920000020414591,0.334500014781952,0.221399992704391,0.917999982833862,-0.51,0.1241,0.6171
67.58,09-22-2026 23:26:59:975,0.00930000003427267,0.334199994802475,0.221100002527237,0.918099999427795,-0.5078,0.1255,0.6133
67.59,09-22-2026 23:26:59:985,0.00939999986439943,0.33390000462532,0.220799997448921,0.918299973011017,-0.5056,0.1267,0.6111
67.6,09-22-2026 23:26:59:995,0.00939999986439943,0.333600014448166,0.220500007271767,0.91839998960495,-0.505,0.1283,0.6105
67.61,09-22-2026 23:27:00:005,0.0094999996945262,0.33270001411438,0.219699993729591,0.919000029563904,-0.5052,0.1303,0.6109
67.62,09-22-2026 23:27:00:015,0.0094999996945262,0.332399994134903,0.219500005245209,0.919099986553192,-0.5056,0.131,0.6117
67.63,09-22-2026 23:27:00:025,0.00960000045597553,0.332100003957748,0.219200000166893,0.919200003147125,-0.5058,0.1317,0.6116
67.64,09-22-2026 23:27:00:035,0.00960000045597553,0.331800013780594,0.218899995088577,0.919300019741058,-0.5052,0.1319,0.6099
67.65,09-22-2026 23:27:00:045,0.00970000028610229,0.331499993801117,0.218700006604195,0.919399976730347,-0.5039,0.1318,0.6091
67.66,09-22-2026 23:27:00:055,0.00970000028610229,0.331200003623962,0.218400001525879,0.91949999332428,-0.5035,0.1313,0.6087
67.67,09-22-2026 23:27:00:065,0.00980000011622906,0.330900013446808,0.218199998140335,0.919600009918213,-0.5022,0.1314,0.6088
67.68,09-22-2026 23:27:00:075,0.00989999994635582,0.330599993467331,0.217899993062019,0.919600009918213,-0.5018,0.132,0.6101
67.69,09-22-2026 23:27:00:085,0.00999999977648258,0.330399990081787,0.217700004577637,0.919700026512146,-0.5026,0.1328,0.6128
67.7,09-22-2026 23:27:00:095,0.0100999996066093,0.330099999904633,0.217500001192093,0.919700026512146,-0.5029,0.1318,0.6165
67.71,09-22-2026 23:27:00:105,0.010499999858439,0.328999996185303,0.216700002551079,0.919799983501434,-0.4981,0.1268,0.6234
67.72,09-22-2026 23:27:00:115,0.0105999996885657,0.328799992799759,0.216499999165535,0.919799983501434,-0.4971,0.1259,0.6258
67.73,09-22-2026 23:27:00:125,0.0107000004500151,0.328599989414215,0.216399997472763,0.919799983501434,-0.4966,0.1252,0.6273
67.74,09-22-2026 23:27:00:135,0.0107000004500151,0.328399986028671,0.216299995779991,0.919799983501434,-0.4974,0.1253,0.6287
67.75,09-22-2026 23:27:00:145,0.0108000002801418,0.32820001244545,0.216199994087219,0.919799983501434,-0.4976,0.1254,0.6294
67.76,09-22-2026 23:27:00:155,0.0109000001102686,0.328000009059906,0.216100007295609,0.919799983501434,-0.4981,0.1261,0.6294
67.77,09-22-2026 23:27:00:165,0.0109999999403954,0.327899992465973,0.216000005602837,0.919799983501434,-0.4986,0.1275,0.6303
67.78,09-22-2026 23:27:00:175,0.0110999997705221,0.327699989080429,0.215900003910065,0.919799983501434,-0.498,0.1285,0.6299
67.79,09-22-2026 23:27:00:185,0.0111999996006489,0.327600002288818,0.215800002217293,0.919799983501434,-0.4973,0.1288,0.6286
67.8,09-22-2026 23:27:00:195,0.0113000003620982,0.327499985694885,0.215800002217293,0.919799983501434,-0.497,0.1296,0.6278
67.81,09-22-2026 23:27:00:205,0.0116999996826053,0.327399998903275,0.215599998831749,0.919700026512146,-0.4985,0.1302,0.6294
67.82,09-22-2026 23:27:00:215,0.0118000004440546,0.327399998903275,0.215499997138977,0.919700026512146,-0.4993,0.1301,0.6309
67.83,09-22-2026 23:27:00:225,0.0119000002741814,0.327399998903275,0.215499997138977,0.919700026512146,-0.4996,0.1291,0.6331
67.84,09-22-2026 23:27:00:235,0.0120000001043081,0.327399998903275,0.215499997138977,0.919700026512146,-0.4995,0.1279,0.6348
67.85,09-22-2026 23:27:00:245,0.0120999999344349,0.327499985694885,0.215399995446205,0.919700026512146,-0.499,0.1267,0.6356
67.86,09-22-2026 23:27:00:255,0.0121999997645617,0.327499985694885,0.215399995446205,0.919700026512146,-0.4978,0.1265,0.6362
67.87,09-22-2026 23:27:00:265,0.0122999995946884,0.327600002288818,0.215399995446205,0.919700026512146,-0.497,0.1256,0.6376
67.88,09-22-2026 23:27:00:275,0.0124000003561378,0.327600002288818,0.215399995446205,0.919700026512146,-0.4964,0.1251,0.639
67.89,09-22-2026 23:27:00:285,0.0125000001862645,0.327600002288818,0.215399995446205,0.919700026512146,-0.4953,0.1253,0.6403
67.9,09-22-2026 23:27:00:295,0.0126000000163913,0.327699989080429,0.215399995446205,0.919700026512146,-0.4937,0.1248,0.6417
67.91,09-22-2026 23:27:00:305,0.0130000002682209,0.327899992465973,0.215399995446205,0.919900000095367,-0.4892,0.1246,0.6409
67.92,09-22-2026 23:27:00:315,0.0131000000983477,0.327899992465973,0.215399995446205,0.919900000095367,-0.4879,0.1245,0.6403
67.93,09-22-2026 23:27:00:325,0.0132999997586012,0.327899992465973,0.215299993753433,0.919900000095367,-0.4859,0.1251,0.6385
67.94,09-22-2026 23:27:00:335,0.013399999588728,0.327899992465973,0.215299993753433,0.920000016689301,-0.4846,0.1266,0.6367
67.95,09-22-2026 23:27:00:345,0.0135000003501773,0.327899992465973,0.215299993753433,0.920000016689301,-0.484,0.1272,0.6349
67.96,09-22-2026 23:27:00:355,0.0136000001803041,0.328000009059906,0.215299993753433,0.920099973678589,-0.4821,0.1279,0.6342
67.97,09-22-2026 23:27:00:365,0.0137000000104308,0.327899992465973,0.215200006961823,0.920099973678589,-0.4816,0.1281,0.6346
67.98,09-22-2026 23:27:00:375,0.0137999998405576,0.327899992465973,0.215200006961823,0.920199990272522,-0.4816,0.1289,0.6359
67.99,09-22-2026 23:27:00:385,0.0138999996706843,0.327899992465973,0.215100005269051,0.920199990272522,-0.4817,0.129,0.6375
68,09-22-2026 23:27:00:395,0.0140000004321337,0.327899992465973,0.215100005269051,0.920300006866455,-0.4827,0.1295,0.6389
68.01,09-22-2026 23:27:00:405,0.014299999922514,0.327699989080429,0.214800000190735,0.920400023460388,-0.4844,0.1292,0.6446
