PseudoTimeSec,PseudoTimestamp,R,IR
0.01,09-22-2026 23:25:52:405,129740,185078
0.02,09-22-2026 23:25:52:415,129726,185076
0.03,09-22-2026 23:25:52:425,129733,185081
0.04,09-22-2026 23:25:52:435,129682,185079
0.05,09-22-2026 23:25:52:445,129724,185073
0.06,09-22-2026 23:25:52:455,129737,185072
0.07,09-22-2026 23:25:52:465,129734,185083
0.08,09-22-2026 23:25:52:475,129721,185075
0.09,09-22-2026 23:25:52:485,129745,185095
0.1,09-22-2026 23:25:52:495,129736,185111
0.11,09-22-2026 23:25:52:505,129787,185081
0.12,09-22-2026 23:25:52:515,129815,185080
0.13,09-22-2026 23:25:52:525,129773,185079
0.14,09-22-2026 23:25:52:535,129812,185078
0.15,09-22-2026 23:25:52:545,129809,185077
0.16,09-22-2026 23:25:52:555,129833,185076
0.17,09-22-2026 23:25:52:565,129797,185075
0.18,09-22-2026 23:25:52:575,129838,185074
0.19,09-22-2026 23:25:52:585,129805,185073
0.2,09-22-2026 23:25:52:595,129848,185072
0.21,09-22-2026 23:25:52:605,129817,185187
0.22,09-22-2026 23:25:52:615,129847,185190
0.23,09-22-2026 23:25:52:625,129834,185204
0.24,09-22-2026 23:25:52:635,129863,185197
0.25,09-22-2026 23:25:52:645,129802,185207
0.26,09-22-2026 23:25:52:655,129872,185187
0.27,09-22-2026 23:25:52:665,129834,185223
0.28,09-22-2026 23:25:52:675,129827,185201
0.29,09-22-2026 23:25:52:685,129820,185223
0.3,09-22-2026 23:25:52:695,129848,185225
0.31,09-22-2026 23:25:52:705,129766,185250
0.32,09-22-2026 23:25:52:715,129769,185245
0.33,09-22-2026 23:25:52:725,129783,185240
0.34,09-22-2026 23:25:52:735,129784,185257
0.35,09-22-2026 23:25:52:745,129764,185265
0.36,09-22-2026 23:25:52:755,129781,185258
0.37,09-22-2026 23:25:52:765,129782,185272
0.38,09-22-2026 23:25:52:775,129796,185289
0.39,09-22-2026 23:25:52:785,129775,185296
0.4,09-22-2026 23:25:52:795,129791,185292
0.41,09-22-2026 23:25:52:805,129787,185240
0.42,09-22-2026 23:25:52:815,129815,185240
0.43,09-22-2026 23:25:52:825,129773,185241
0.44,09-22-2026 23:25:52:835,129812,185241
0.45,09-22-2026 23:25:52:845,129809,185241
0.46,09-22-2026 23:25:52:855,129833,185242
0.47,09-22-2026 23:25:52:865,129797,185242
0.48,09-22-2026 23:25:52:875,129838,185242
0.49,09-22-2026 23:25:52:885,129805,185242
0.5,09-22-2026 23:25:52:895,129848,185242
0.51,09-22-2026 23:25:52:905,129817,185130
0.52,09-22-2026 23:25:52:915,129847,185154
0.53,09-22-2026 23:25:52:925,129834,185129
0.54,09-22-2026 23:25:52:935,129863,185140
0.55,09-22-2026 23:25:52:945,129802,185154
0.56,09-22-2026 23:25:52:955,129872,185164
0.57,09-22-2026 23:25:52:965,129834,185183
0.58,09-22-2026 23:25:52:975,129827,185170
0.59,09-22-2026 23:25:52:985,129820,185173
0.6,09-22-2026 23:25:52:995,129848,185183
0.61,09-22-2026 23:25:53:005,129766,185187
0.62,09-22-2026 23:25:53:015,129769,185190
0.63,09-22-2026 23:25:53:025,129783,185204
0.64,09-22-2026 23:25:53:035,129784,185197
0.65,09-22-2026 23:25:53:045,129764,185207
0.66,09-22-2026 23:25:53:055,129781,185187
0.67,09-22-2026 23:25:53:065,129782,185223
0.68,09-22-2026 23:25:53:075,129796,185201
0.69,09-22-2026 23:25:53:085,129775,185223
0.7,09-22-2026 23:25:53:095,129791,185225
0.71,09-22-2026 23:25:53:105,129787,185250
0.72,09-22-2026 23:25:53:115,129815,185245
0.73,09-22-2026 23:25:53:125,129773,185240
0.74,09-22-2026 23:25:53:135,129812,185257
0.75,09-22-2026 23:25:53:145,129809,185265
0.76,09-22-2026 23:25:53:155,129833,185258
0.77,09-22-2026 23:25:53:165,129797,185272
0.78,09-22-2026 23:25:53:175,129838,185289
0.79,09-22-2026 23:25:53:185,129805,185296
0.8,09-22-2026 23:25:53:195,129848,185292
0.81,09-22-2026 23:25:53:205,129817,185240
0.82,09-22-2026 23:25:53:215,129847,185240
0.83,09-22-2026 23:25:53:225,129834,185241
0.84,09-22-2026 23:25:53:235,129863,185241
0.85,09-22-2026 23:25:53:245,129802,185241
0.86,09-22-2026 23:25:53:255,129872,185242
0.87,09-22-2026 23:25:53:265,129834,185242
0.88,09-22-2026 23:25:53:275,129827,185242
0.89,09-22-2026 23:25:53:285,129820,185242
0.9,09-22-2026 23:25:53:295,129848,185242
0.91,09-22-2026 23:25:53:305,129766,185130
0.92,09-22-2026 23:25:53:315,129769,185154
0.93,09-22-2026 23:25:53:325,129783,185129
0.94,09-22-2026 23:25:53:335,129784,185140
0.95,09-22-2026 23:25:53:345,129764,185154
0.96,09-22-2026 23:25:53:355,129781,185164
0.97,09-22-2026 23:25:53:365,129782,185183
0.98,09-22-2026 23:25:53:375,129796,185170
0.99,09-22-2026 23:25:53:385,129775,185173
1,09-22-2026 23:25:53:395,129791,185183
1.01,09-22-2026 23:25:53:405,129787,185187
1.02,09-22-2026 23:25:53:415,129815,185190
1.03,09-22-2026 23:25:53:425,129773,185204
1.04,09-22-2026 23:25:53:435,129812,185197
1.05,09-22-2026 23:25:53:445,129809,185207
1.06,09-22-2026 23:25:53:455,129833,185187
1.07,09-22-2026 23:25:53:465,129797,185223
1.08,09-22-2026 23:25:53:475,129838,185201
1.09,09-22-2026 23:25:53:485,129805,185223
1.1,09-22-2026 23:25:53:495,129848,185225
1.11,09-22-2026 23:25:53:505,129817,185250
1.12,09-22-2026 23:25:53:515,129847,185245
1.13,09-22-2026 23:25:53:525,129834,185240
1.14,09-22-2026 23:25:53:535,129863,185257
1.15,09-22-2026 23:25:53:545,129802,185265
1.16,09-22-2026 23:25:53:555,129872,185258
1.17,09-22-2026 23:25:53:565,129834,185272
1.18,09-22-2026 23:25:53:575,129827,185289
1.19,09-22-2026 23:25:53:585,129820,185296
1.2,09-22-2026 23:25:53:595,129848,185292
1.21,09-22-2026 23:25:53:605,129826,185240
1.22,09-22-2026 23:25:53:615,129854,185240
1.23,09-22-2026 23:25:53:625,129818,185241
1.24,09-22-2026 23:25:53:635,129849,185241
1.25,09-22-2026 23:25:53:645,129830,185241
1.26,09-22-2026 23:25:53:655,129856,185242
1.27,09-22-2026 23:25:53:665,129829,185242
1.28,09-22-2026 23:25:53:675,129836,185242
1.29,09-22-2026 23:25:53:685,129835,185242
1.3,09-22-2026 23:25:53:695,129844,185242
1.31,09-22-2026 23:25:53:705,129838,185130
1.32,09-22-2026 23:25:53:715,129833,185154
1.33,09-22-2026 23:25:53:725,129839,185129
1.34,09-22-2026 23:25:53:735,129829,185140
1.35,09-22-2026 23:25:53:745,129826,185154
1.36,09-22-2026 23:25:53:755,129836,185164
1.37,09-22-2026 23:25:53:765,129835,185183
1.38,09-22-2026 23:25:53:775,129846,185170
1.39,09-22-2026 23:25:53:785,129843,185173
1.4,09-22-2026 23:25:53:795,129838,185183
1.41,09-22-2026 23:25:53:805,129851,185187
1.42,09-22-2026 23:25:53:815,129836,185190
1.43,09-22-2026 23:25:53:825,129842,185204
1.44,09-22-2026 23:25:53:835,129851,185197
1.45,09-22-2026 23:25:53:845,129855,185207
1.46,09-22-2026 23:25:53:855,129851,185187
1.47,09-22-2026 23:25:53:865,129831,185223
1.48,09-22-2026 23:25:53:875,129839,185201
1.49,09-22-2026 23:25:53:885,129859,185223
1.5,09-22-2026 23:25:53:895,129842,185225
1.51,09-22-2026 23:25:53:905,129845,185250
1.52,09-22-2026 23:25:53:915,129859,185245
1.53,09-22-2026 23:25:53:925,129865,185240
1.54,09-22-2026 23:25:53:935,129854,185257
1.55,09-22-2026 23:25:53:945,129836,185265
1.56,09-22-2026 23:25:53:955,129873,185258
1.57,09-22-2026 23:25:53:965,129863,185272
1.58,09-22-2026 23:25:53:975,129862,185289
1.59,09-22-2026 23:25:53:985,129854,185296
1.6,09-22-2026 23:25:53:995,129867,185292
1.61,09-22-2026 23:25:54:005,129866,185301
1.62,09-22-2026 23:25:54:015,129855,185307
1.63,09-22-2026 23:25:54:025,129857,185316
1.64,09-22-2026 23:25:54:035,129869,185325
1.65,09-22-2026 23:25:54:045,129872,185328
1.66,09-22-2026 23:25:54:055,129871,185341
1.67,09-22-2026 23:25:54:065,129862,185329
1.68,09-22-2026 23:25:54:075,129867,185363
1.69,09-22-2026 23:25:54:085,129864,185319
1.7,09-22-2026 23:25:54:095,129876,185345
1.71,09-22-2026 23:25:54:105,129862,185342
1.72,09-22-2026 23:25:54:115,129872,185368
1.73,09-22-2026 23:25:54:125,129882,185344
1.74,09-22-2026 23:25:54:135,129868,185332
1.75,09-22-2026 23:25:54:145,129881,185328
1.76,09-22-2026 23:25:54:155,129878,185317
1.77,09-22-2026 23:25:54:165,129875,185308
1.78,09-22-2026 23:25:54:175,129887,185311
1.79,09-22-2026 23:25:54:185,129884,185314
1.8,09-22-2026 23:25:54:195,129885,185327
1.81,09-22-2026 23:25:54:205,129876,185285
1.82,09-22-2026 23:25:54:215,129893,185334
1.83,09-22-2026 23:25:54:225,129905,185289
1.84,09-22-2026 23:25:54:235,129898,185317
1.85,09-22-2026 23:25:54:245,129903,185294
1.86,09-22-2026 23:25:54:255,129877,185326
1.87,09-22-2026 23:25:54:265,129904,185279
1.88,09-22-2026 23:25:54:275,129909,185324
1.89,09-22-2026 23:25:54:285,129901,185286
1.9,09-22-2026 23:25:54:295,129895,185328
1.91,09-22-2026 23:25:54:305,129910,185268
1.92,09-22-2026 23:25:54:315,129901,185324
1.93,09-22-2026 23:25:54:325,129896,185272
1.94,09-22-2026 23:25:54:335,129904,185334
1.95,09-22-2026 23:25:54:345,129907,185285
1.96,09-22-2026 23:25:54:355,129892,185355
1.97,09-22-2026 23:25:54:365,129906,185318
1.98,09-22-2026 23:25:54:375,129905,185343
1.99,09-22-2026 23:25:54:385,129914,185298
2,09-22-2026 23:25:54:395,129900,185344
2.01,09-22-2026 23:25:54:405,129914,185339
2.02,09-22-2026 23:25:54:415,129919,185356
2.03,09-22-2026 23:25:54:425,129917,185325
2.04,09-22-2026 23:25:54:435,129937,185365
2.05,09-22-2026 23:25:54:445,129914,185331
2.06,09-22-2026 23:25:54:455,129921,185379
2.07,09-22-2026 23:25:54:465,129940,185358
2.08,09-22-2026 23:25:54:475,129910,185373
2.09,09-22-2026 23:25:54:485,129907,185362
2.1,09-22-2026 23:25:54:495,129912,185384
2.11,09-22-2026 23:25:54:505,129931,185394
2.12,09-22-2026 23:25:54:515,129932,185392
2.13,09-22-2026 23:25:54:525,129925,185424
2.14,09-22-2026 23:25:54:535,129932,185422
2.15,09-22-2026 23:25:54:545,129914,185421
2.16,09-22-2026 23:25:54:555,129940,185422
2.17,09-22-2026 23:25:54:565,129940,185444
2.18,09-22-2026 23:25:54:575,129934,185435
2.19,09-22-2026 23:25:54:585,129939,185450
2.2,09-22-2026 23:25:54:595,129926,185449
2.21,09-22-2026 23:25:54:605,129924,185453
2.22,09-22-2026 23:25:54:615,129935,185431
2.23,09-22-2026 23:25:54:625,129931,185480
2.24,09-22-2026 23:25:54:635,129930,185456
2.25,09-22-2026 23:25:54:645,129940,185479
2.26,09-22-2026 23:25:54:655,129937,185472
2.27,09-22-2026 23:25:54:665,129935,185497
2.28,09-22-2026 23:25:54:675,129937,185477
2.29,09-22-2026 23:25:54:685,129935,185521
2.3,09-22-2026 23:25:54:695,129937,185475
2.31,09-22-2026 23:25:54:705,129925,185507
2.32,09-22-2026 23:25:54:715,129952,185487
2.33,09-22-2026 23:25:54:725,129942,185505
2.34,09-22-2026 23:25:54:735,129937,185503
2.35,09-22-2026 23:25:54:745,129931,185523
2.36,09-22-2026 23:25:54:755,129954,185500
2.37,09-22-2026 23:25:54:765,129932,185562
2.38,09-22-2026 23:25:54:775,129952,185540
2.39,09-22-2026 23:25:54:785,129930,185566
2.4,09-22-2026 23:25:54:795,129937,185527
2.41,09-22-2026 23:25:54:805,129932,185563
2.42,09-22-2026 23:25:54:815,129959,185541
2.43,09-22-2026 23:25:54:825,129927,185568
2.44,09-22-2026 23:25:54:835,129961,185556
2.45,09-22-2026 23:25:54:845,129948,185582
2.46,09-22-2026 23:25:54:855,129946,185570
2.47,09-22-2026 23:25:54:865,129933,185594
2.48,09-22-2026 23:25:54:875,129967,185594
2.49,09-22-2026 23:25:54:885,129924,185565
2.5,09-22-2026 23:25:54:895,129948,185597
2.51,09-22-2026 23:25:54:905,129929,185599
2.52,09-22-2026 23:25:54:915,129964,185605
2.53,09-22-2026 23:25:54:925,129938,185620
2.54,09-22-2026 23:25:54:935,129965,185609
2.55,09-22-2026 23:25:54:945,129937,185626
2.56,09-22-2026 23:25:54:955,129968,185627
2.57,09-22-2026 23:25:54:965,129926,185631
2.58,09-22-2026 23:25:54:975,129988,185628
2.59,09-22-2026 23:25:54:985,129923,185633
2.6,09-22-2026 23:25:54:995,129968,185626
2.61,09-22-2026 23:25:55:005,129939,185617
2.62,09-22-2026 23:25:55:015,129971,185618
2.63,09-22-2026 23:25:55:025,129948,185620
2.64,09-22-2026 23:25:55:035,129984,185607
2.65,09-22-2026 23:25:55:045,129947,185606
2.66,09-22-2026 23:25:55:055,129980,185599
2.67,09-22-2026 23:25:55:065,129958,185613
2.68,09-22-2026 23:25:55:075,130003,185606
2.69,09-22-2026 23:25:55:085,129954,185624
2.7,09-22-2026 23:25:55:095,129977,185618
2.71,09-22-2026 23:25:55:105,129971,185611
2.72,09-22-2026 23:25:55:115,129980,185599
2.73,09-22-2026 23:25:55:125,129960,185618
2.74,09-22-2026 23:25:55:135,129986,185619
2.75,09-22-2026 23:25:55:145,129976,185627
2.76,09-22-2026 23:25:55:155,130006,185620
2.77,09-22-2026 23:25:55:165,130004,185628
2.78,09-22-2026 23:25:55:175,129993,185612
2.79,09-22-2026 23:25:55:185,129999,185621
2.8,09-22-2026 23:25:55:195,129981,185629
2.81,09-22-2026 23:25:55:205,130006,185632
2.82,09-22-2026 23:25:55:215,129991,185646
2.83,09-22-2026 23:25:55:225,130018,185635
2.84,09-22-2026 23:25:55:235,130006,185652
2.85,09-22-2026 23:25:55:245,130023,185652
2.86,09-22-2026 23:25:55:255,130011,185657
2.87,09-22-2026 23:25:55:265,130024,185653
2.88,09-22-2026 23:25:55:275,130014,185665
2.89,09-22-2026 23:25:55:285,130029,185655
2.9,09-22-2026 23:25:55:295,130008,185680
2.91,09-22-2026 23:25:55:305,130036,185644
2.92,09-22-2026 23:25:55:315,130007,185669
2.93,09-22-2026 23:25:55:325,130032,185679
2.94,09-22-2026 23:25:55:335,130011,185678
2.95,09-22-2026 23:25:55:345,130042,185678
2.96,09-22-2026 23:25:55:355,130004,185677
2.97,09-22-2026 23:25:55:365,130033,185689
2.98,09-22-2026 23:25:55:375,130004,185702
2.99,09-22-2026 23:25:55:385,130052,185696
3,09-22-2026 23:25:55:395,130018,185693
3.01,09-22-2026 23:25:55:405,130045,185700
3.02,09-22-2026 23:25:55:415,130015,185716
3.03,09-22-2026 23:25:55:425,130026,185738
3.04,09-22-2026 23:25:55:435,130039,185725
3.05,09-22-2026 23:25:55:445,130045,185742
3.06,09-22-2026 23:25:55:455,130018,185722
3.07,09-22-2026 23:25:55:465,130022,185744
3.08,09-22-2026 23:25:55:475,130018,185736
3.09,09-22-2026 23:25:55:485,130035,185760
3.1,09-22-2026 23:25:55:495,130018,185752
3.11,09-22-2026 23:25:55:505,130043,185778
3.12,09-22-2026 23:25:55:515,130018,185775
3.13,09-22-2026 23:25:55:525,130019,185775
3.14,09-22-2026 23:25:55:535,130006,185767
3.15,09-22-2026 23:25:55:545,130017,185773
3.16,09-22-2026 23:25:55:555,130031,185793
3.17,09-22-2026 23:25:55:565,130024,185769
3.18,09-22-2026 23:25:55:575,130034,185788
3.19,09-22-2026 23:25:55:585,130026,185794
3.2,09-22-2026 23:25:55:595,130032,185795
3.21,09-22-2026 23:25:55:605,130022,185801
3.22,09-22-2026 23:25:55:615,130023,185810
3.23,09-22-2026 23:25:55:625,130023,185820
3.24,09-22-2026 23:25:55:635,130042,185820
3.25,09-22-2026 23:25:55:645,130029,185836
3.26,09-22-2026 23:25:55:655,130028,185835
3.27,09-22-2026 23:25:55:665,130039,185829
3.28,09-22-2026 23:25:55:675,130042,185837
3.29,09-22-2026 23:25:55:685,130033,185845
3.3,09-22-2026 23:25:55:695,130039,185856
3.31,09-22-2026 23:25:55:705,130042,185853
3.32,09-22-2026 23:25:55:715,130041,185854
3.33,09-22-2026 23:25:55:725,130051,185865
3.34,09-22-2026 23:25:55:735,130049,185868
3.35,09-22-2026 23:25:55:745,130038,185860
3.36,09-22-2026 23:25:55:755,130023,185870
3.37,09-22-2026 23:25:55:765,130050,185896
3.38,09-22-2026 23:25:55:775,130034,185885
3.39,09-22-2026 23:25:55:785,130059,185865
3.4,09-22-2026 23:25:55:795,130059,185856
3.41,09-22-2026 23:25:55:805,130063,185858
3.42,09-22-2026 23:25:55:815,130051,185839
3.43,09-22-2026 23:25:55:825,130069,185864
3.44,09-22-2026 23:25:55:835,130063,185863
3.45,09-22-2026 23:25:55:845,130058,185854
3.46,09-22-2026 23:25:55:855,130058,185858
3.47,09-22-2026 23:25:55:865,130062,185852
3.48,09-22-2026 23:25:55:875,130062,185873
3.49,09-22-2026 23:25:55:885,130060,185862
3.5,09-22-2026 23:25:55:895,130066,185861
3.51,09-22-2026 23:25:55:905,130055,185857
3.52,09-22-2026 23:25:55:915,130070,185885
3.53,09-22-2026 23:25:55:925,130068,185885
3.54,09-22-2026 23:25:55:935,130063,185866
3.55,09-22-2026 23:25:55:945,130058,185863
3.56,09-22-2026 23:25:55:955,130062,185853
3.57,09-22-2026 23:25:55:965,130067,185881
3.58,09-22-2026 23:25:55:975,130058,185862
3.59,09-22-2026 23:25:55:985,130074,185885
3.6,09-22-2026 23:25:55:995,130062,185876
3.61,09-22-2026 23:25:56:005,130059,185892
3.62,09-22-2026 23:25:56:015,130082,185879
3.63,09-22-2026 23:25:56:025,130079,185912
3.64,09-22-2026 23:25:56:035,130090,185879
3.65,09-22-2026 23:25:56:045,130089,185923
3.66,09-22-2026 23:25:56:055,130061,185887
3.67,09-22-2026 23:25:56:065,130074,185918
3.68,09-22-2026 23:25:56:075,130066,185899
3.69,09-22-2026 23:25:56:085,130080,185922
3.7,09-22-2026 23:25:56:095,130067,185885
3.71,09-22-2026 23:25:56:105,130074,185935
3.72,09-22-2026 23:25:56:115,130060,185886
3.73,09-22-2026 23:25:56:125,130067,185945
3.74,09-22-2026 23:25:56:135,130081,185908
3.75,09-22-2026 23:25:56:145,130079,185957
3.76,09-22-2026 23:25:56:155,130066,185914
3.77,09-22-2026 23:25:56:165,130076,185948
3.78,09-22-2026 23:25:56:175,130090,185905
3.79,09-22-2026 23:25:56:185,130066,185957
3.8,09-22-2026 23:25:56:195,130061,185923
3.81,09-22-2026 23:25:56:205,130088,185970
3.82,09-22-2026 23:25:56:215,130074,185907
3.83,09-22-2026 23:25:56:225,130073,185986
3.84,09-22-2026 23:25:56:235,130073,185945
3.85,09-22-2026 23:25:56:245,130089,185986
3.86,09-22-2026 23:25:56:255,130078,185927
3.87,09-22-2026 23:25:56:265,130094,185993
3.88,09-22-2026 23:25:56:275,130086,185970
3.89,09-22-2026 23:25:56:285,130086,185998
3.9,09-22-2026 23:25:56:295,130082,185975
3.91,09-22-2026 23:25:56:305,130084,186042
3.92,09-22-2026 23:25:56:315,130086,185997
3.93,09-22-2026 23:25:56:325,130093,186016
3.94,09-22-2026 23:25:56:335,130085,186013
3.95,09-22-2026 23:25:56:345,130088,186035
3.96,09-22-2026 23:25:56:355,130092,186015
3.97,09-22-2026 23:25:56:365,130108,186039
3.98,09-22-2026 23:25:56:375,130083,186044
3.99,09-22-2026 23:25:56:385,130087,186068
4,09-22-2026 23:25:56:395,130093,186063
4.01,09-22-2026 23:25:56:405,130101,186074
4.02,09-22-2026 23:25:56:415,130093,186080
4.03,09-22-2026 23:25:56:425,130104,186079
4.04,09-22-2026 23:25:56:435,130109,186095
4.05,09-22-2026 23:25:56:445,130098,186091
4.06,09-22-2026 23:25:56:455,130097,186108
4.07,09-22-2026 23:25:56:465,130101,186088
4.08,09-22-2026 23:25:56:475,130075,186088
4.09,09-22-2026 23:25:56:485,130094,186079
4.1,09-22-2026 23:25:56:495,130089,186109
4.11,09-22-2026 23:25:56:505,130107,186094
4.12,09-22-2026 23:25:56:515,130092,186095
4.13,09-22-2026 23:25:56:525,130114,186070
4.14,09-22-2026 23:25:56:535,130104,186097
4.15,09-22-2026 23:25:56:545,130099,186082
4.16,09-22-2026 23:25:56:555,130097,186120
4.17,09-22-2026 23:25:56:565,130117,186080
4.18,09-22-2026 23:25:56:575,130097,186115
4.19,09-22-2026 23:25:56:585,130100,186086
4.2,09-22-2026 23:25:56:595,130098,186111
4.21,09-22-2026 23:25:56:605,130103,186061
4.22,09-22-2026 23:25:56:615,130102,186125
4.23,09-22-2026 23:25:56:625,130108,186047
4.24,09-22-2026 23:25:56:635,130123,186110
4.25,09-22-2026 23:25:56:645,130113,186077
4.26,09-22-2026 23:25:56:655,130088,186091
4.27,09-22-2026 23:25:56:665,130113,186078
4.28,09-22-2026 23:25:56:675,130095,186118
4.29,09-22-2026 23:25:56:685,130101,186079
4.3,09-22-2026 23:25:56:695,130099,186087
4.31,09-22-2026 23:25:56:705,130119,186096
4.32,09-22-2026 23:25:56:715,130086,186107
4.33,09-22-2026 23:25:56:725,130117,186112
4.34,09-22-2026 23:25:56:735,130078,186126
4.35,09-22-2026 23:25:56:745,130115,186101
4.36,09-22-2026 23:25:56:755,130079,186139
4.37,09-22-2026 23:25:56:765,130120,186113
4.38,09-22-2026 23:25:56:775,130077,186122
4.39,09-22-2026 23:25:56:785,130132,186122
4.4,09-22-2026 23:25:56:795,130093,186113
4.41,09-22-2026 23:25:56:805,130129,186130
4.42,09-22-2026 23:25:56:815,130069,186132
4.43,09-22-2026 23:25:56:825,130118,186133
4.44,09-22-2026 23:25:56:835,130056,186129
4.45,09-22-2026 23:25:56:845,130113,186139
4.46,09-22-2026 23:25:56:855,130070,186135
4.47,09-22-2026 23:25:56:865,130108,186141
4.48,09-22-2026 23:25:56:875,130073,186147
4.49,09-22-2026 23:25:56:885,130122,186151
4.5,09-22-2026 23:25:56:895,130071,186150
4.51,09-22-2026 23:25:56:905,130106,186142
4.52,09-22-2026 23:25:56:915,130092,186158
4.53,09-22-2026 23:25:56:925,130124,186181
4.54,09-22-2026 23:25:56:935,130087,186164
4.55,09-22-2026 23:25:56:945,130122,186169
4.56,09-22-2026 23:25:56:955,130086,186165
4.57,09-22-2026 23:25:56:965,130129,186184
4.58,09-22-2026 23:25:56:975,130103,186175
4.59,09-22-2026 23:25:56:985,130119,186199
4.6,09-22-2026 23:25:56:995,130087,186189
4.61,09-22-2026 23:25:57:005,130125,186195
4.62,09-22-2026 23:25:57:015,130116,186190
4.63,09-22-2026 23:25:57:025,130125,186207
4.64,09-22-2026 23:25:57:035,130137,186209
4.65,09-22-2026 23:25:57:045,130133,186198
4.66,09-22-2026 23:25:57:055,130123,186199
4.67,09-22-2026 23:25:57:065,130120,186205
4.68,09-22-2026 23:25:57:075,130143,186220
4.69,09-22-2026 23:25:57:085,130123,186214
4.7,09-22-2026 23:25:57:095,130151,186219
4.71,09-22-2026 23:25:57:105,130125,186230
4.72,09-22-2026 23:25:57:115,130155,186224
4.73,09-22-2026 23:25:57:125,130122,186224
4.74,09-22-2026 23:25:57:135,130142,186222
4.75,09-22-2026 23:25:57:145,130119,186239
4.76,09-22-2026 23:25:57:155,130162,186226
4.77,09-22-2026 23:25:57:165,130120,186263
4.78,09-22-2026 23:25:57:175,130165,186251
4.79,09-22-2026 23:25:57:185,130126,186253
4.8,09-22-2026 23:25:57:195,130160,186250
4.81,09-22-2026 23:25:57:205,130132,186267
4.82,09-22-2026 23:25:57:215,130158,186262
4.83,09-22-2026 23:25:57:225,130134,186258
4.84,09-22-2026 23:25:57:235,130167,186250
4.85,09-22-2026 23:25:57:245,130123,186270
4.86,09-22-2026 23:25:57:255,130159,186267
4.87,09-22-2026 23:25:57:265,130136,186261
4.88,09-22-2026 23:25:57:275,130166,186253
4.89,09-22-2026 23:25:57:285,130127,186255
4.9,09-22-2026 23:25:57:295,130160,186250
4.91,09-22-2026 23:25:57:305,130118,186246
4.92,09-22-2026 23:25:57:315,130153,186244
4.93,09-22-2026 23:25:57:325,130137,186268
4.94,09-22-2026 23:25:57:335,130140,186250
4.95,09-22-2026 23:25:57:345,130125,186244
4.96,09-22-2026 23:25:57:355,130159,186240
4.97,09-22-2026 23:25:57:365,130117,186237
4.98,09-22-2026 23:25:57:375,130173,186235
4.99,09-22-2026 23:25:57:385,130144,186238
5,09-22-2026 23:25:57:395,130140,186231
5.01,09-22-2026 23:25:57:405,130126,186242
5.02,09-22-2026 23:25:57:415,130141,186246
5.03,09-22-2026 23:25:57:425,130133,186239
5.04,09-22-2026 23:25:57:435,130142,186239
5.05,09-22-2026 23:25:57:445,130131,186253
5.06,09-22-2026 23:25:57:455,130132,186260
5.07,09-22-2026 23:25:57:465,130138,186240
5.08,09-22-2026 23:25:57:475,130129,186258
5.09,09-22-2026 23:25:57:485,130119,186249
5.1,09-22-2026 23:25:57:495,130143,186237
5.11,09-22-2026 23:25:57:505,130135,186262
5.12,09-22-2026 23:25:57:515,130126,186257
5.13,09-22-2026 23:25:57:525,130143,186266
5.14,09-22-2026 23:25:57:535,130130,186252
5.15,09-22-2026 23:25:57:545,130118,186273
5.16,09-22-2026 23:25:57:555,130141,186269
5.17,09-22-2026 23:25:57:565,130116,186259
5.18,09-22-2026 23:25:57:575,130135,186261
5.19,09-22-2026 23:25:57:585,130148,186292
5.2,09-22-2026 23:25:57:595,130141,186268
5.21,09-22-2026 23:25:57:605,130129,186279
5.22,09-22-2026 23:25:57:615,130142,186291
5.23,09-22-2026 23:25:57:625,130129,186288
5.24,09-22-2026 23:25:57:635,130151,186276
5.25,09-22-2026 23:25:57:645,130115,186292
5.26,09-22-2026 23:25:57:655,130128,186298
5.27,09-22-2026 23:25:57:665,130129,186296
5.28,09-22-2026 23:25:57:675,130132,186296
5.29,09-22-2026 23:25:57:685,130140,186296
5.3,09-22-2026 23:25:57:695,130143,186292
5.31,09-22-2026 23:25:57:705,130148,186308
5.32,09-22-2026 23:25:57:715,130138,186302
5.33,09-22-2026 23:25:57:725,130120,186310
5.34,09-22-2026 23:25:57:735,130122,186321
5.35,09-22-2026 23:25:57:745,130132,186316
5.36,09-22-2026 23:25:57:755,130133,186301
5.37,09-22-2026 23:25:57:765,130148,186326
5.38,09-22-2026 23:25:57:775,130137,186333
5.39,09-22-2026 23:25:57:785,130134,186330
5.4,09-22-2026 23:25:57:795,130142,186345
5.41,09-22-2026 23:25:57:805,130135,186318
5.42,09-22-2026 23:25:57:815,130133,186317
5.43,09-22-2026 23:25:57:825,130142,186325
5.44,09-22-2026 23:25:57:835,130139,186330
5.45,09-22-2026 23:25:57:845,130140,186316
5.46,09-22-2026 23:25:57:855,130129,186361
5.47,09-22-2026 23:25:57:865,130149,186327
5.48,09-22-2026 23:25:57:875,130139,186341
5.49,09-22-2026 23:25:57:885,130134,186326
5.5,09-22-2026 23:25:57:895,130126,186338
5.51,09-22-2026 23:25:57:905,130132,186337
5.52,09-22-2026 23:25:57:915,130134,186359
5.53,09-22-2026 23:25:57:925,130152,186349
5.54,09-22-2026 23:25:57:935,130122,186355
5.55,09-22-2026 23:25:57:945,130119,186322
5.56,09-22-2026 23:25:57:955,130135,186378
5.57,09-22-2026 23:25:57:965,130132,186337
5.58,09-22-2026 23:25:57:975,130136,186364
5.59,09-22-2026 23:25:57:985,130124,186334
5.6,09-22-2026 23:25:57:995,130139,186349
5.61,09-22-2026 23:25:58:005,130136,186344
5.62,09-22-2026 23:25:58:015,130125,186384
5.63,09-22-2026 23:25:58:025,130143,186330
5.64,09-22-2026 23:25:58:035,130125,186385
5.65,09-22-2026 23:25:58:045,130141,186338
5.66,09-22-2026 23:25:58:055,130121,186388
5.67,09-22-2026 23:25:58:065,130127,186344
5.68,09-22-2026 23:25:58:075,130124,186403
5.69,09-22-2026 23:25:58:085,130125,186356
5.7,09-22-2026 23:25:58:095,130137,186393
5.71,09-22-2026 23:25:58:105,130121,186340
5.72,09-22-2026 23:25:58:115,130111,186382
5.73,09-22-2026 23:25:58:125,130136,186341
5.74,09-22-2026 23:25:58:135,130118,186363
5.75,09-22-2026 23:25:58:145,130128,186331
5.76,09-22-2026 23:25:58:155,130121,186360
5.77,09-22-2026 23:25:58:165,130113,186340
5.78,09-22-2026 23:25:58:175,130133,186374
5.79,09-22-2026 23:25:58:185,130120,186338
5.8,09-22-2026 23:25:58:195,130117,186365
5.81,09-22-2026 23:25:58:205,130122,186339
5.82,09-22-2026 23:25:58:215,130118,186331
5.83,09-22-2026 23:25:58:225,130111,186363
5.84,09-22-2026 23:25:58:235,130121,186373
5.85,09-22-2026 23:25:58:245,130119,186359
5.86,09-22-2026 23:25:58:255,130118,186362
5.87,09-22-2026 23:25:58:265,130120,186380
5.88,09-22-2026 23:25:58:275,130124,186362
5.89,09-22-2026 23:25:58:285,130134,186364
5.9,09-22-2026 23:25:58:295,130125,186329
5.91,09-22-2026 23:25:58:305,130116,186363
5.92,09-22-2026 23:25:58:315,130116,186346
5.93,09-22-2026 23:25:58:325,130128,186359
5.94,09-22-2026 23:25:58:335,130110,186339
5.95,09-22-2026 23:25:58:345,130127,186359
5.96,09-22-2026 23:25:58:355,130118,186371
5.97,09-22-2026 23:25:58:365,130134,186384
5.98,09-22-2026 23:25:58:375,130113,186343
5.99,09-22-2026 23:25:58:385,130103,186391
6,09-22-2026 23:25:58:395,130109,186358
6.01,09-22-2026 23:25:58:405,130127,186386
6.02,09-22-2026 23:25:58:415,130121,186363
6.03,09-22-2026 23:25:58:425,130118,186377
6.04,09-22-2026 23:25:58:435,130129,186346
6.05,09-22-2026 23:25:58:445,130126,186390
6.06,09-22-2026 23:25:58:455,130119,186374
6.07,09-22-2026 23:25:58:465,130091,186398
6.08,09-22-2026 23:25:58:475,130128,186380
6.09,09-22-2026 23:25:58:485,130107,186397
6.1,09-22-2026 23:25:58:495,130122,186367
6.11,09-22-2026 23:25:58:505,130091,186383
6.12,09-22-2026 23:25:58:515,130131,186341
6.13,09-22-2026 23:25:58:525,130101,186384
6.14,09-22-2026 23:25:58:535,130126,186372
6.15,09-22-2026 23:25:58:545,130093,186375
6.16,09-22-2026 23:25:58:555,130110,186364
6.17,09-22-2026 23:25:58:565,130087,186379
6.18,09-22-2026 23:25:58:575,130092,186371
6.19,09-22-2026 23:25:58:585,130073,186383
6.2,09-22-2026 23:25:58:595,130096,186381
6.21,09-22-2026 23:25:58:605,130068,186385
6.22,09-22-2026 23:25:58:615,130094,186370
6.23,09-22-2026 23:25:58:625,130074,186383
6.24,09-22-2026 23:25:58:635,130087,186365
6.25,09-22-2026 23:25:58:645,130043,186374
6.26,09-22-2026 23:25:58:655,130088,186382
6.27,09-22-2026 23:25:58:665,130033,186396
6.28,09-22-2026 23:25:58:675,130079,186406
6.29,09-22-2026 23:25:58:685,130056,186389
6.3,09-22-2026 23:25:58:695,130096,186389
6.31,09-22-2026 23:25:58:705,130052,186402
6.32,09-22-2026 23:25:58:715,130088,186404
6.33,09-22-2026 23:25:58:725,130048,186423
6.34,09-22-2026 23:25:58:735,130088,186405
6.35,09-22-2026 23:25:58:745,130049,186397
6.36,09-22-2026 23:25:58:755,130084,186393
6.37,09-22-2026 23:25:58:765,130047,186395
6.38,09-22-2026 23:25:58:775,130082,186396
6.39,09-22-2026 23:25:58:785,130051,186403
6.4,09-22-2026 23:25:58:795,130084,186407
6.41,09-22-2026 23:25:58:805,130065,186414
6.42,09-22-2026 23:25:58:815,130078,186424
6.43,09-22-2026 23:25:58:825,130060,186421
6.44,09-22-2026 23:25:58:835,130072,186426
6.45,09-22-2026 23:25:58:845,130054,186430
6.46,09-22-2026 23:25:58:855,130071,186416
6.47,09-22-2026 23:25:58:865,130066,186413
6.48,09-22-2026 23:25:58:875,130071,186433
6.49,09-22-2026 23:25:58:885,130079,186412
6.5,09-22-2026 23:25:58:895,130067,186431
6.51,09-22-2026 23:25:58:905,130081,186413
6.52,09-22-2026 23:25:58:915,130062,186414
6.53,09-22-2026 23:25:58:925,130089,186386
6.54,09-22-2026 23:25:58:935,130073,186371
6.55,09-22-2026 23:25:58:945,130075,186393
6.56,09-22-2026 23:25:58:955,130055,186374
6.57,09-22-2026 23:25:58:965,130066,186371
6.58,09-22-2026 23:25:58:975,130076,186367
6.59,09-22-2026 23:25:58:985,130079,186346
6.6,09-22-2026 23:25:58:995,130066,186358
6.61,09-22-2026 23:25:59:005,130074,186366
6.62,09-22-2026 23:25:59:015,130063,186361
6.63,09-22-2026 23:25:59:025,130075,186349
6.64,09-22-2026 23:25:59:035,130054,186343
6.65,09-22-2026 23:25:59:045,130073,186332
6.66,09-22-2026 23:25:59:055,130062,186322
6.67,09-22-2026 23:25:59:065,130091,186320
6.68,09-22-2026 23:25:59:075,130066,186313
6.69,09-22-2026 23:25:59:085,130093,186316
6.7,09-22-2026 23:25:59:095,130064,186315
6.71,09-22-2026 23:25:59:105,130079,186324
6.72,09-22-2026 23:25:59:115,130048,186336
6.73,09-22-2026 23:25:59:125,130079,186306
6.74,09-22-2026 23:25:59:135,130053,186317
6.75,09-22-2026 23:25:59:145,130087,186322
6.76,09-22-2026 23:25:59:155,130057,186316
6.77,09-22-2026 23:25:59:165,130054,186304
6.78,09-22-2026 23:25:59:175,130048,186317
6.79,09-22-2026 23:25:59:185,130076,186316
6.8,09-22-2026 23:25:59:195,130056,186314
6.81,09-22-2026 23:25:59:205,130063,186303
6.82,09-22-2026 23:25:59:215,130029,186301
6.83,09-22-2026 23:25:59:225,130063,186323
6.84,09-22-2026 23:25:59:235,130043,186300
6.85,09-22-2026 23:25:59:245,130073,186337
6.86,09-22-2026 23:25:59:255,130041,186295
6.87,09-22-2026 23:25:59:265,130036,186305
6.88,09-22-2026 23:25:59:275,130035,186290
6.89,09-22-2026 23:25:59:285,130031,186302
6.9,09-22-2026 23:25:59:295,130036,186296
6.91,09-22-2026 23:25:59:305,130034,186307
6.92,09-22-2026 23:25:59:315,130033,186311
6.93,09-22-2026 23:25:59:325,130029,186313
6.94,09-22-2026 23:25:59:335,130031,186298
6.95,09-22-2026 23:25:59:345,130018,186313
6.96,09-22-2026 23:25:59:355,130024,186311
6.97,09-22-2026 23:25:59:365,130021,186301
6.98,09-22-2026 23:25:59:375,130033,186312
6.99,09-22-2026 23:25:59:385,130021,186320
7,09-22-2026 23:25:59:395,130021,186308
7.01,09-22-2026 23:25:59:405,130018,186310
7.02,09-22-2026 23:25:59:415,130010,186291
7.03,09-22-2026 23:25:59:425,130010,186310
7.04,09-22-2026 23:25:59:435,130000,186307
7.05,09-22-2026 23:25:59:445,130008,186292
7.06,09-22-2026 23:25:59:455,129999,186321
7.07,09-22-2026 23:25:59:465,130000,186315
7.08,09-22-2026 23:25:59:475,129992,186317
7.09,09-22-2026 23:25:59:485,129996,186327
7.1,09-22-2026 23:25:59:495,129989,186309
7.11,09-22-2026 23:25:59:505,129997,186326
7.12,09-22-2026 23:25:59:515,129998,186313
7.13,09-22-2026 23:25:59:525,129986,186328
7.14,09-22-2026 23:25:59:535,129970,186332
7.15,09-22-2026 23:25:59:545,129996,186309
7.16,09-22-2026 23:25:59:555,129980,186325
7.17,09-22-2026 23:25:59:565,129976,186313
7.18,09-22-2026 23:25:59:575,129970,186324
7.19,09-22-2026 23:25:59:585,129979,186338
7.2,09-22-2026 23:25:59:595,129964,186324
7.21,09-22-2026 23:25:59:605,129984,186336
7.22,09-22-2026 23:25:59:615,129979,186314
7.23,09-22-2026 23:25:59:625,129978,186318
7.24,09-22-2026 23:25:59:635,129968,186322
7.25,09-22-2026 23:25:59:645,129980,186314
7.26,09-22-2026 23:25:59:655,129961,186293
7.27,09-22-2026 23:25:59:665,129972,186303
7.28,09-22-2026 23:25:59:675,129965,186281
7.29,09-22-2026 23:25:59:685,129973,186284
7.3,09-22-2026 23:25:59:695,129967,186262
7.31,09-22-2026 23:25:59:705,129975,186247
7.32,09-22-2026 23:25:59:715,129943,186248
7.33,09-22-2026 23:25:59:725,129971,186248
7.34,09-22-2026 23:25:59:735,129960,186229
7.35,09-22-2026 23:25:59:745,129970,186242
7.36,09-22-2026 23:25:59:755,129956,186225
7.37,09-22-2026 23:25:59:765,129950,186214
7.38,09-22-2026 23:25:59:775,129964,186198
7.39,09-22-2026 23:25:59:785,129957,186193
7.4,09-22-2026 23:25:59:795,129951,186178
7.41,09-22-2026 23:25:59:805,129963,186193
7.42,09-22-2026 23:25:59:815,129953,186168
7.43,09-22-2026 23:25:59:825,129950,186178
7.44,09-22-2026 23:25:59:835,129948,186152
7.45,09-22-2026 23:25:59:845,129964,186173
7.46,09-22-2026 23:25:59:855,129959,186128
7.47,09-22-2026 23:25:59:865,129941,186179
7.48,09-22-2026 23:25:59:875,129954,186120
7.49,09-22-2026 23:25:59:885,129933,186165
7.5,09-22-2026 23:25:59:895,129944,186116
7.51,09-22-2026 23:25:59:905,129947,186151
7.52,09-22-2026 23:25:59:915,129945,186127
7.53,09-22-2026 23:25:59:925,129943,186154
7.54,09-22-2026 23:25:59:935,129930,186087
7.55,09-22-2026 23:25:59:945,129943,186144
7.56,09-22-2026 23:25:59:955,129951,186062
7.57,09-22-2026 23:25:59:965,129960,186134
7.58,09-22-2026 23:25:59:975,129949,186074
7.59,09-22-2026 23:25:59:985,129948,186123
7.6,09-22-2026 23:25:59:995,129956,186069
7.61,09-22-2026 23:26:00:005,129943,186141
7.62,09-22-2026 23:26:00:015,129945,186092
7.63,09-22-2026 23:26:00:025,129959,186130
7.64,09-22-2026 23:26:00:035,129946,186101
7.65,09-22-2026 23:26:00:045,129930,186140
7.66,09-22-2026 23:26:00:055,129918,186088
7.67,09-22-2026 23:26:00:065,129928,186119
7.68,09-22-2026 23:26:00:075,129929,186103
7.69,09-22-2026 23:26:00:085,129936,186125
7.7,09-22-2026 23:26:00:095,129925,186094
7.71,09-22-2026 23:26:00:105,129913,186121
7.72,09-22-2026 23:26:00:115,129914,186122
7.73,09-22-2026 23:26:00:125,129930,186131
7.74,09-22-2026 23:26:00:135,129909,186127
7.75,09-22-2026 23:26:00:145,129925,186112
7.76,09-22-2026 23:26:00:155,129915,186133
7.77,09-22-2026 23:26:00:165,129899,186109
7.78,09-22-2026 23:26:00:175,129905,186132
7.79,09-22-2026 23:26:00:185,129903,186127
7.8,09-22-2026 23:26:00:195,129902,186133
7.81,09-22-2026 23:26:00:205,129883,186129
7.82,09-22-2026 23:26:00:215,129883,186145
7.83,09-22-2026 23:26:00:225,129875,186143
7.84,09-22-2026 23:26:00:235,129880,186137
7.85,09-22-2026 23:26:00:245,129879,186127
7.86,09-22-2026 23:26:00:255,129871,186160
7.87,09-22-2026 23:26:00:265,129865,186120
7.88,09-22-2026 23:26:00:275,129870,186154
7.89,09-22-2026 23:26:00:285,129876,186130
7.9,09-22-2026 23:26:00:295,129890,186162
7.91,09-22-2026 23:26:00:305,129872,186133
7.92,09-22-2026 23:26:00:315,129867,186175
7.93,09-22-2026 23:26:00:325,129869,186132
7.94,09-22-2026 23:26:00:335,129852,186180
7.95,09-22-2026 23:26:00:345,129869,186147
7.96,09-22-2026 23:26:00:355,129847,186158
7.97,09-22-2026 23:26:00:365,129865,186124
7.98,09-22-2026 23:26:00:375,129856,186165
7.99,09-22-2026 23:26:00:385,129864,186142
8,09-22-2026 23:26:00:395,129858,186156
8.01,09-22-2026 23:26:00:405,129852,186139
8.02,09-22-2026 23:26:00:415,129832,186141
8.03,09-22-2026 23:26:00:425,129846,186114
8.04,09-22-2026 23:26:00:435,129825,186099
8.05,09-22-2026 23:26:00:445,129847,186078
8.06,09-22-2026 23:26:00:455,129831,186077
8.07,09-22-2026 23:26:00:465,129838,186058
8.08,09-22-2026 23:26:00:475,129833,186050
8.09,09-22-2026 23:26:00:485,129841,186040
8.1,09-22-2026 23:26:00:495,129809,186053
8.11,09-22-2026 23:26:00:505,129835,186033
8.12,09-22-2026 23:26:00:515,129808,186025
8.13,09-22-2026 23:26:00:525,129848,186012
8.14,09-22-2026 23:26:00:535,129809,186012
8.15,09-22-2026 23:26:00:545,129826,185998
8.16,09-22-2026 23:26:00:555,129805,185974
8.17,09-22-2026 23:26:00:565,129842,185979
8.18,09-22-2026 23:26:00:575,129788,185965
8.19,09-22-2026 23:26:00:585,129823,185946
8.2,09-22-2026 23:26:00:595,129802,185961
8.21,09-22-2026 23:26:00:605,129845,185927
8.22,09-22-2026 23:26:00:615,129796,185921
8.23,09-22-2026 23:26:00:625,129815,185918
8.24,09-22-2026 23:26:00:635,129791,185928
8.25,09-22-2026 23:26:00:645,129841,185920
8.26,09-22-2026 23:26:00:655,129783,185927
8.27,09-22-2026 23:26:00:665,129838,185925
8.28,09-22-2026 23:26:00:675,129820,185897
8.29,09-22-2026 23:26:00:685,129843,185902
8.3,09-22-2026 23:26:00:695,129832,185882
8.31,09-22-2026 23:26:00:705,129843,185883
8.32,09-22-2026 23:26:00:715,129813,185891
8.33,09-22-2026 23:26:00:725,129829,185885
8.34,09-22-2026 23:26:00:735,129803,185883
8.35,09-22-2026 23:26:00:745,129855,185872
8.36,09-22-2026 23:26:00:755,129829,185875
8.37,09-22-2026 23:26:00:765,129860,185864
8.38,09-22-2026 23:26:00:775,129843,185872
8.39,09-22-2026 23:26:00:785,129858,185849
8.4,09-22-2026 23:26:00:795,129853,185844
8.41,09-22-2026 23:26:00:805,129837,185836
8.42,09-22-2026 23:26:00:815,129864,185850
8.43,09-22-2026 23:26:00:825,129821,185852
8.44,09-22-2026 23:26:00:835,129847,185845
8.45,09-22-2026 23:26:00:845,129833,185843
8.46,09-22-2026 23:26:00:855,129846,185846
8.47,09-22-2026 23:26:00:865,129824,185833
8.48,09-22-2026 23:26:00:875,129852,185842
8.49,09-22-2026 23:26:00:885,129815,185844
8.5,09-22-2026 23:26:00:895,129846,185848
8.51,09-22-2026 23:26:00:905,129811,185848
8.52,09-22-2026 23:26:00:915,129838,185851
8.53,09-22-2026 23:26:00:925,129815,185832
8.54,09-22-2026 23:26:00:935,129835,185848
8.55,09-22-2026 23:26:00:945,129796,185834
8.56,09-22-2026 23:26:00:955,129821,185853
8.57,09-22-2026 23:26:00:965,129798,185858
8.58,09-22-2026 23:26:00:975,129834,185854
8.59,09-22-2026 23:26:00:985,129794,185847
8.6,09-22-2026 23:26:00:995,129837,185848
8.61,09-22-2026 23:26:01:005,129783,185837
8.62,09-22-2026 23:26:01:015,129834,185869
8.63,09-22-2026 23:26:01:025,129777,185860
8.64,09-22-2026 23:26:01:035,129818,185867
8.65,09-22-2026 23:26:01:045,129778,185862
8.66,09-22-2026 23:26:01:055,129789,185848
8.67,09-22-2026 23:26:01:065,129785,185858
8.68,09-22-2026 23:26:01:075,129799,185852
8.69,09-22-2026 23:26:01:085,129773,185843
8.7,09-22-2026 23:26:01:095,129822,185861
8.71,09-22-2026 23:26:01:105,129760,185858
8.72,09-22-2026 23:26:01:115,129794,185862
8.73,09-22-2026 23:26:01:125,129763,185860
8.74,09-22-2026 23:26:01:135,129793,185856
8.75,09-22-2026 23:26:01:145,129755,185862
8.76,09-22-2026 23:26:01:155,129770,185863
8.77,09-22-2026 23:26:01:165,129763,185880
8.78,09-22-2026 23:26:01:175,129751,185870
8.79,09-22-2026 23:26:01:185,129749,185887
8.8,09-22-2026 23:26:01:195,129763,185885
8.81,09-22-2026 23:26:01:205,129748,185853
8.82,09-22-2026 23:26:01:215,129776,185871
8.83,09-22-2026 23:26:01:225,129760,185858
8.84,09-22-2026 23:26:01:235,129758,185836
8.85,09-22-2026 23:26:01:245,129767,185812
8.86,09-22-2026 23:26:01:255,129747,185816
8.87,09-22-2026 23:26:01:265,129755,185802
8.88,09-22-2026 23:26:01:275,129764,185782
8.89,09-22-2026 23:26:01:285,129755,185809
8.9,09-22-2026 23:26:01:295,129765,185791
8.91,09-22-2026 23:26:01:305,129750,185768
8.92,09-22-2026 23:26:01:315,129748,185780
8.93,09-22-2026 23:26:01:325,129752,185770
8.94,09-22-2026 23:26:01:335,129738,185755
8.95,09-22-2026 23:26:01:345,129749,185739
8.96,09-22-2026 23:26:01:355,129757,185731
8.97,09-22-2026 23:26:01:365,129752,185723
8.98,09-22-2026 23:26:01:375,129758,185703
8.99,09-22-2026 23:26:01:385,129747,185711
9,09-22-2026 23:26:01:395,129764,185690
9.01,09-22-2026 23:26:01:405,129762,185686
9.02,09-22-2026 23:26:01:415,129753,185677
9.03,09-22-2026 23:26:01:425,129777,185672
9.04,09-22-2026 23:26:01:435,129749,185657
9.05,09-22-2026 23:26:01:445,129745,185662
9.06,09-22-2026 23:26:01:455,129743,185679
9.07,09-22-2026 23:26:01:465,129746,185649
9.08,09-22-2026 23:26:01:475,129756,185643
9.09,09-22-2026 23:26:01:485,129757,185652
9.1,09-22-2026 23:26:01:495,129758,185650
9.11,09-22-2026 23:26:01:505,129762,185641
9.12,09-22-2026 23:26:01:515,129769,185638
9.13,09-22-2026 23:26:01:525,129767,185630
9.14,09-22-2026 23:26:01:535,129758,185624
9.15,09-22-2026 23:26:01:545,129750,185622
9.16,09-22-2026 23:26:01:555,129773,185617
9.17,09-22-2026 23:26:01:565,129763,185581
9.18,09-22-2026 23:26:01:575,129741,185611
9.19,09-22-2026 23:26:01:585,129740,185618
9.2,09-22-2026 23:26:01:595,129733,185624
9.21,09-22-2026 23:26:01:605,129739,185608
9.22,09-22-2026 23:26:01:615,129741,185595
9.23,09-22-2026 23:26:01:625,129735,185588
9.24,09-22-2026 23:26:01:635,129733,185605
9.25,09-22-2026 23:26:01:645,129741,185593
9.26,09-22-2026 23:26:01:655,129737,185619
9.27,09-22-2026 23:26:01:665,129728,185591
9.28,09-22-2026 23:26:01:675,129733,185593
9.29,09-22-2026 23:26:01:685,129717,185590
9.3,09-22-2026 23:26:01:695,129713,185623
9.31,09-22-2026 23:26:01:705,129724,185565
9.32,09-22-2026 23:26:01:715,129731,185598
9.33,09-22-2026 23:26:01:725,129726,185575
9.34,09-22-2026 23:26:01:735,129702,185604
9.35,09-22-2026 23:26:01:745,129726,185574
9.36,09-22-2026 23:26:01:755,129721,185614
9.37,09-22-2026 23:26:01:765,129715,185571
9.38,09-22-2026 23:26:01:775,129711,185615
9.39,09-22-2026 23:26:01:785,129698,185570
9.4,09-22-2026 23:26:01:795,129709,185602
9.41,09-22-2026 23:26:01:805,129703,185570
9.42,09-22-2026 23:26:01:815,129713,185625
9.43,09-22-2026 23:26:01:825,129696,185580
9.44,09-22-2026 23:26:01:835,129706,185624
9.45,09-22-2026 23:26:01:845,129715,185574
9.46,09-22-2026 23:26:01:855,129723,185626
9.47,09-22-2026 23:26:01:865,129713,185572
9.48,09-22-2026 23:26:01:875,129715,185622
9.49,09-22-2026 23:26:01:885,129715,185580
9.5,09-22-2026 23:26:01:895,129703,185633
9.51,09-22-2026 23:26:01:905,129707,185591
9.52,09-22-2026 23:26:01:915,129710,185632
9.53,09-22-2026 23:26:01:925,129716,185592
9.54,09-22-2026 23:26:01:935,129699,185621
9.55,09-22-2026 23:26:01:945,129688,185587
9.56,09-22-2026 23:26:01:955,129702,185629
9.57,09-22-2026 23:26:01:965,129704,185582
9.58,09-22-2026 23:26:01:975,129710,185600
9.59,09-22-2026 23:26:01:985,129693,185549
9.6,09-22-2026 23:26:01:995,129696,185575
9.61,09-22-2026 23:26:02:005,129706,185557
9.62,09-22-2026 23:26:02:015,129713,185567
9.63,09-22-2026 23:26:02:025,129709,185549
9.64,09-22-2026 23:26:02:035,129705,185536
9.65,09-22-2026 23:26:02:045,129708,185549
9.66,09-22-2026 23:26:02:055,129701,185518
9.67,09-22-2026 23:26:02:065,129707,185517
9.68,09-22-2026 23:26:02:075,129711,185515
9.69,09-22-2026 23:26:02:085,129695,185500
9.7,09-22-2026 23:26:02:095,129699,185492
9.71,09-22-2026 23:26:02:105,129690,185500
9.72,09-22-2026 23:26:02:115,129707,185471
9.73,09-22-2026 23:26:02:125,129708,185490
9.74,09-22-2026 23:26:02:135,129710,185479
9.75,09-22-2026 23:26:02:145,129709,185463
9.76,09-22-2026 23:26:02:155,129715,185453
9.77,09-22-2026 23:26:02:165,129704,185443
9.78,09-22-2026 23:26:02:175,129716,185439
9.79,09-22-2026 23:26:02:185,129709,185483
9.8,09-22-2026 23:26:02:195,129723,185443
9.81,09-22-2026 23:26:02:205,129686,185460
9.82,09-22-2026 23:26:02:215,129712,185427
9.83,09-22-2026 23:26:02:225,129720,185456
9.84,09-22-2026 23:26:02:235,129727,185418
9.85,09-22-2026 23:26:02:245,129723,185440
9.86,09-22-2026 23:26:02:255,129729,185414
9.87,09-22-2026 23:26:02:265,129705,185467
9.88,09-22-2026 23:26:02:275,129713,185401
9.89,09-22-2026 23:26:02:285,129724,185445
9.9,09-22-2026 23:26:02:295,129723,185399
9.91,09-22-2026 23:26:02:305,129715,185415
9.92,09-22-2026 23:26:02:315,129722,185404
9.93,09-22-2026 23:26:02:325,129707,185403
9.94,09-22-2026 23:26:02:335,129721,185375
9.95,09-22-2026 23:26:02:345,129693,185425
9.96,09-22-2026 23:26:02:355,129720,185411
9.97,09-22-2026 23:26:02:365,129700,185429
9.98,09-22-2026 23:26:02:375,129714,185406
9.99,09-22-2026 23:26:02:385,129685,185419
10,09-22-2026 23:26:02:395,129712,185396
10.01,09-22-2026 23:26:02:405,129680,185407
10.02,09-22-2026 23:26:02:415,129701,185410
10.03,09-22-2026 23:26:02:425,129654,185412
10.04,09-22-2026 23:26:02:435,129687,185411
10.05,09-22-2026 23:26:02:445,129657,185398
10.06,09-22-2026 23:26:02:455,129695,185421
10.07,09-22-2026 23:26:02:465,129665,185426
10.08,09-22-2026 23:26:02:475,129678,185410
10.09,09-22-2026 23:26:02:485,129643,185419
10.1,09-22-2026 23:26:02:495,129682,185419
10.11,09-22-2026 23:26:02:505,129638,185410
10.12,09-22-2026 23:26:02:515,129686,185419
10.13,09-22-2026 23:26:02:525,129658,185416
10.14,09-22-2026 23:26:02:535,129678,185433
10.15,09-22-2026 23:26:02:545,129647,185437
10.16,09-22-2026 23:26:02:555,129678,185440
10.17,09-22-2026 23:26:02:565,129647,185442
10.18,09-22-2026 23:26:02:575,129680,185447
10.19,09-22-2026 23:26:02:585,129683,185450
10.2,09-22-2026 23:26:02:595,129689,185478
10.21,09-22-2026 23:26:02:605,129665,185465
10.22,09-22-2026 23:26:02:615,129691,185462
10.23,09-22-2026 23:26:02:625,129670,185483
10.24,09-22-2026 23:26:02:635,129694,185469
10.25,09-22-2026 23:26:02:645,129663,185482
10.26,09-22-2026 23:26:02:655,129682,185478
10.27,09-22-2026 23:26:02:665,129684,185481
10.28,09-22-2026 23:26:02:675,129696,185439
10.29,09-22-2026 23:26:02:685,129699,185450
10.3,09-22-2026 23:26:02:695,129712,185445
10.31,09-22-2026 23:26:02:705,129693,185433
10.32,09-22-2026 23:26:02:715,129702,185431
10.33,09-22-2026 23:26:02:725,129724,185406
10.34,09-22-2026 23:26:02:735,129711,185398
10.35,09-22-2026 23:26:02:745,129713,185391
10.36,09-22-2026 23:26:02:755,129700,185382
10.37,09-22-2026 23:26:02:765,129711,185395
10.38,09-22-2026 23:26:02:775,129719,185366
10.39,09-22-2026 23:26:02:785,129728,185384
10.4,09-22-2026 23:26:02:795,129706,185374
10.41,09-22-2026 23:26:02:805,129735,185368
10.42,09-22-2026 23:26:02:815,129700,185335
10.43,09-22-2026 23:26:02:825,129742,185343
10.44,09-22-2026 23:26:02:835,129701,185331
10.45,09-22-2026 23:26:02:845,129739,185313
10.46,09-22-2026 23:26:02:855,129707,185302
10.47,09-22-2026 23:26:02:865,129738,185295
10.48,09-22-2026 23:26:02:875,129720,185299
10.49,09-22-2026 23:26:02:885,129740,185277
10.5,09-22-2026 23:26:02:895,129706,185278
10.51,09-22-2026 23:26:02:905,129763,185285
10.52,09-22-2026 23:26:02:915,129701,185287
10.53,09-22-2026 23:26:02:925,129750,185280
10.54,09-22-2026 23:26:02:935,129723,185290
10.55,09-22-2026 23:26:02:945,129757,185282
10.56,09-22-2026 23:26:02:955,129729,185274
10.57,09-22-2026 23:26:02:965,129747,185281
10.58,09-22-2026 23:26:02:975,129730,185275
10.59,09-22-2026 23:26:02:985,129741,185268
10.6,09-22-2026 23:26:02:995,129726,185281
10.61,09-22-2026 23:26:03:005,129754,185295
10.62,09-22-2026 23:26:03:015,129728,185271
10.63,09-22-2026 23:26:03:025,129764,185273
10.64,09-22-2026 23:26:03:035,129744,185278
10.65,09-22-2026 23:26:03:045,129755,185306
10.66,09-22-2026 23:26:03:055,129736,185281
10.67,09-22-2026 23:26:03:065,129760,185267
10.68,09-22-2026 23:26:03:075,129737,185280
10.69,09-22-2026 23:26:03:085,129742,185272
10.7,09-22-2026 23:26:03:095,129744,185280
10.71,09-22-2026 23:26:03:105,129746,185277
10.72,09-22-2026 23:26:03:115,129732,185283
10.73,09-22-2026 23:26:03:125,129742,185293
10.74,09-22-2026 23:26:03:135,129728,185294
10.75,09-22-2026 23:26:03:145,129749,185304
10.76,09-22-2026 23:26:03:155,129747,185283
10.77,09-22-2026 23:26:03:165,129722,185294
10.78,09-22-2026 23:26:03:175,129734,185290
10.79,09-22-2026 23:26:03:185,129717,185320
10.8,09-22-2026 23:26:03:195,129723,185313
10.81,09-22-2026 23:26:03:205,129740,185305
10.82,09-22-2026 23:26:03:215,129716,185319
10.83,09-22-2026 23:26:03:225,129742,185338
10.84,09-22-2026 23:26:03:235,129734,185333
10.85,09-22-2026 23:26:03:245,129725,185332
10.86,09-22-2026 23:26:03:255,129726,185325
10.87,09-22-2026 23:26:03:265,129724,185338
10.88,09-22-2026 23:26:03:275,129724,185353
10.89,09-22-2026 23:26:03:285,129723,185360
10.9,09-22-2026 23:26:03:295,129734,185358
10.91,09-22-2026 23:26:03:305,129705,185364
10.92,09-22-2026 23:26:03:315,129728,185361
10.93,09-22-2026 23:26:03:325,129727,185363
10.94,09-22-2026 23:26:03:335,129734,185369
10.95,09-22-2026 23:26:03:345,129725,185368
10.96,09-22-2026 23:26:03:355,129716,185378
10.97,09-22-2026 23:26:03:365,129727,185383
10.98,09-22-2026 23:26:03:375,129734,185385
10.99,09-22-2026 23:26:03:385,129731,185407
11,09-22-2026 23:26:03:395,129723,185396
11.01,09-22-2026 23:26:03:405,129736,185401
11.02,09-22-2026 23:26:03:415,129729,185403
11.03,09-22-2026 23:26:03:425,129721,185427
11.04,09-22-2026 23:26:03:435,129722,185438
11.05,09-22-2026 23:26:03:445,129716,185417
11.06,09-22-2026 23:26:03:455,129734,185411
11.07,09-22-2026 23:26:03:465,129734,185389
11.08,09-22-2026 23:26:03:475,129730,185395
11.09,09-22-2026 23:26:03:485,129742,185394
11.1,09-22-2026 23:26:03:495,129741,185377
11.11,09-22-2026 23:26:03:505,129738,185361
11.12,09-22-2026 23:26:03:515,129732,185377
11.13,09-22-2026 23:26:03:525,129733,185374
11.14,09-22-2026 23:26:03:535,129730,185360
11.15,09-22-2026 23:26:03:545,129753,185356
11.16,09-22-2026 23:26:03:555,129743,185332
11.17,09-22-2026 23:26:03:565,129756,185357
11.18,09-22-2026 23:26:03:575,129754,185320
11.19,09-22-2026 23:26:03:585,129735,185333
11.2,09-22-2026 23:26:03:595,129747,185321
11.21,09-22-2026 23:26:03:605,129730,185324
11.22,09-22-2026 23:26:03:615,129764,185292
11.23,09-22-2026 23:26:03:625,129748,185302
11.24,09-22-2026 23:26:03:635,129744,185276
11.25,09-22-2026 23:26:03:645,129761,185289
11.26,09-22-2026 23:26:03:655,129740,185258
11.27,09-22-2026 23:26:03:665,129760,185284
11.28,09-22-2026 23:26:03:675,129744,185270
11.29,09-22-2026 23:26:03:685,129743,185288
11.3,09-22-2026 23:26:03:695,129751,185258
11.31,09-22-2026 23:26:03:705,129763,185292
11.32,09-22-2026 23:26:03:715,129774,185261
11.33,09-22-2026 23:26:03:725,129760,185286
11.34,09-22-2026 23:26:03:735,129765,185263
11.35,09-22-2026 23:26:03:745,129768,185296
11.36,09-22-2026 23:26:03:755,129772,185246
11.37,09-22-2026 23:26:03:765,129776,185300
11.38,09-22-2026 23:26:03:775,129766,185226
11.39,09-22-2026 23:26:03:785,129778,185302
11.4,09-22-2026 23:26:03:795,129767,185228
11.41,09-22-2026 23:26:03:805,129769,185310
11.42,09-22-2026 23:26:03:815,129769,185234
11.43,09-22-2026 23:26:03:825,129766,185318
11.44,09-22-2026 23:26:03:835,129764,185254
11.45,09-22-2026 23:26:03:845,129756,185311
11.46,09-22-2026 23:26:03:855,129766,185267
11.47,09-22-2026 23:26:03:865,129780,185315
11.48,09-22-2026 23:26:03:875,129770,185289
11.49,09-22-2026 23:26:03:885,129749,185320
11.5,09-22-2026 23:26:03:895,129762,185282
11.51,09-22-2026 23:26:03:905,129750,185327
11.52,09-22-2026 23:26:03:915,129761,185295
11.53,09-22-2026 23:26:03:925,129774,185352
11.54,09-22-2026 23:26:03:935,129748,185346
11.55,09-22-2026 23:26:03:945,129760,185344
11.56,09-22-2026 23:26:03:955,129765,185367
11.57,09-22-2026 23:26:03:965,129772,185355
11.58,09-22-2026 23:26:03:975,129768,185360
11.59,09-22-2026 23:26:03:985,129761,185340
11.6,09-22-2026 23:26:03:995,129778,185370
11.61,09-22-2026 23:26:04:005,129768,185364
11.62,09-22-2026 23:26:04:015,129777,185371
11.63,09-22-2026 23:26:04:025,129775,185378
11.64,09-22-2026 23:26:04:035,129779,185403
11.65,09-22-2026 23:26:04:045,129778,185374
11.66,09-22-2026 23:26:04:055,129753,185379
11.67,09-22-2026 23:26:04:065,129772,185399
11.68,09-22-2026 23:26:04:075,129768,185409
11.69,09-22-2026 23:26:04:085,129755,185403
11.7,09-22-2026 23:26:04:095,129768,185431
11.71,09-22-2026 23:26:04:105,129768,185412
11.72,09-22-2026 23:26:04:115,129783,185446
11.73,09-22-2026 23:26:04:125,129784,185409
11.74,09-22-2026 23:26:04:135,129769,185454
11.75,09-22-2026 23:26:04:145,129771,185430
11.76,09-22-2026 23:26:04:155,129775,185455
11.77,09-22-2026 23:26:04:165,129778,185419
11.78,09-22-2026 23:26:04:175,129761,185473
11.79,09-22-2026 23:26:04:185,129773,185432
11.8,09-22-2026 23:26:04:195,129754,185456
11.81,09-22-2026 23:26:04:205,129776,185409
11.82,09-22-2026 23:26:04:215,129774,185451
11.83,09-22-2026 23:26:04:225,129778,185412
11.84,09-22-2026 23:26:04:235,129761,185407
11.85,09-22-2026 23:26:04:245,129772,185393
11.86,09-22-2026 23:26:04:255,129771,185433
11.87,09-22-2026 23:26:04:265,129798,185397
11.88,09-22-2026 23:26:04:275,129738,185403
11.89,09-22-2026 23:26:04:285,129791,185391
11.9,09-22-2026 23:26:04:295,129768,185428
11.91,09-22-2026 23:26:04:305,129806,185399
11.92,09-22-2026 23:26:04:315,129765,185377
11.93,09-22-2026 23:26:04:325,129791,185397
11.94,09-22-2026 23:26:04:335,129751,185370
11.95,09-22-2026 23:26:04:345,129790,185369
11.96,09-22-2026 23:26:04:355,129741,185371
11.97,09-22-2026 23:26:04:365,129788,185356
11.98,09-22-2026 23:26:04:375,129740,185348
11.99,09-22-2026 23:26:04:385,129807,185361
12,09-22-2026 23:26:04:395,129733,185371
12.01,09-22-2026 23:26:04:405,129801,185357
12.02,09-22-2026 23:26:04:415,129756,185382
12.03,09-22-2026 23:26:04:425,129812,185362
12.04,09-22-2026 23:26:04:435,129770,185369
12.05,09-22-2026 23:26:04:445,129809,185382
12.06,09-22-2026 23:26:04:455,129760,185381
12.07,09-22-2026 23:26:04:465,129805,185397
12.08,09-22-2026 23:26:04:475,129778,185393
12.09,09-22-2026 23:26:04:485,129810,185387
12.1,09-22-2026 23:26:04:495,129763,185395
12.11,09-22-2026 23:26:04:505,129809,185388
12.12,09-22-2026 23:26:04:515,129795,185367
12.13,09-22-2026 23:26:04:525,129818,185364
12.14,09-22-2026 23:26:04:535,129786,185405
12.15,09-22-2026 23:26:04:545,129795,185393
12.16,09-22-2026 23:26:04:555,129803,185391
12.17,09-22-2026 23:26:04:565,129808,185394
12.18,09-22-2026 23:26:04:575,129810,185413
12.19,09-22-2026 23:26:04:585,129815,185413
12.2,09-22-2026 23:26:04:595,129801,185411
12.21,09-22-2026 23:26:04:605,129796,185422
12.22,09-22-2026 23:26:04:615,129829,185412
12.23,09-22-2026 23:26:04:625,129808,185418
12.24,09-22-2026 23:26:04:635,129825,185418
12.25,09-22-2026 23:26:04:645,129810,185422
12.26,09-22-2026 23:26:04:655,129829,185441
12.27,09-22-2026 23:26:04:665,129825,185446
12.28,09-22-2026 23:26:04:675,129843,185431
12.29,09-22-2026 23:26:04:685,129813,185432
12.3,09-22-2026 23:26:04:695,129845,185447
12.31,09-22-2026 23:26:04:705,129808,185445
12.32,09-22-2026 23:26:04:715,129834,185459
12.33,09-22-2026 23:26:04:725,129816,185467
12.34,09-22-2026 23:26:04:735,129849,185452
12.35,09-22-2026 23:26:04:745,129806,185456
12.36,09-22-2026 23:26:04:755,129852,185466
12.37,09-22-2026 23:26:04:765,129806,185473
12.38,09-22-2026 23:26:04:775,129852,185474
12.39,09-22-2026 23:26:04:785,129815,185485
12.4,09-22-2026 23:26:04:795,129854,185489
12.41,09-22-2026 23:26:04:805,129816,185523
12.42,09-22-2026 23:26:04:815,129837,185491
12.43,09-22-2026 23:26:04:825,129816,185518
12.44,09-22-2026 23:26:04:835,129835,185511
12.45,09-22-2026 23:26:04:845,129826,185505
12.46,09-22-2026 23:26:04:855,129843,185489
12.47,09-22-2026 23:26:04:865,129827,185474
12.48,09-22-2026 23:26:04:875,129839,185480
12.49,09-22-2026 23:26:04:885,129826,185486
12.5,09-22-2026 23:26:04:895,129857,185475
12.51,09-22-2026 23:26:04:905,129822,185471
12.52,09-22-2026 23:26:04:915,129835,185476
12.53,09-22-2026 23:26:04:925,129826,185473
12.54,09-22-2026 23:26:04:935,129823,185458
12.55,09-22-2026 23:26:04:945,129838,185459
12.56,09-22-2026 23:26:04:955,129844,185457
12.57,09-22-2026 23:26:04:965,129849,185464
12.58,09-22-2026 23:26:04:975,129821,185461
12.59,09-22-2026 23:26:04:985,129846,185445
12.6,09-22-2026 23:26:04:995,129839,185453
12.61,09-22-2026 23:26:05:005,129835,185461
12.62,09-22-2026 23:26:05:015,129832,185450
12.63,09-22-2026 23:26:05:025,129847,185424
12.64,09-22-2026 23:26:05:035,129832,185450
12.65,09-22-2026 23:26:05:045,129841,185466
12.66,09-22-2026 23:26:05:055,129847,185443
12.67,09-22-2026 23:26:05:065,129834,185465
12.68,09-22-2026 23:26:05:075,129841,185467
12.69,09-22-2026 23:26:05:085,129841,185454
12.7,09-22-2026 23:26:05:095,129845,185469
12.71,09-22-2026 23:26:05:105,129837,185479
12.72,09-22-2026 23:26:05:115,129847,185470
12.73,09-22-2026 23:26:05:125,129823,185439
12.74,09-22-2026 23:26:05:135,129852,185448
12.75,09-22-2026 23:26:05:145,129852,185473
12.76,09-22-2026 23:26:05:155,129862,185451
12.77,09-22-2026 23:26:05:165,129851,185459
12.78,09-22-2026 23:26:05:175,129855,185474
12.79,09-22-2026 23:26:05:185,129846,185454
12.8,09-22-2026 23:26:05:195,129856,185485
12.81,09-22-2026 23:26:05:205,129836,185465
12.82,09-22-2026 23:26:05:215,129861,185463
12.83,09-22-2026 23:26:05:225,129848,185487
12.84,09-22-2026 23:26:05:235,129847,185495
12.85,09-22-2026 23:26:05:245,129844,185483
12.86,09-22-2026 23:26:05:255,129853,185476
12.87,09-22-2026 23:26:05:265,129855,185490
12.88,09-22-2026 23:26:05:275,129850,185509
12.89,09-22-2026 23:26:05:285,129856,185498
12.9,09-22-2026 23:26:05:295,129859,185515
12.91,09-22-2026 23:26:05:305,129862,185510
12.92,09-22-2026 23:26:05:315,129843,185517
12.93,09-22-2026 23:26:05:325,129869,185496
12.94,09-22-2026 23:26:05:335,129859,185497
12.95,09-22-2026 23:26:05:345,129864,185519
12.96,09-22-2026 23:26:05:355,129851,185533
12.97,09-22-2026 23:26:05:365,129864,185514
12.98,09-22-2026 23:26:05:375,129870,185539
12.99,09-22-2026 23:26:05:385,129853,185532
13,09-22-2026 23:26:05:395,129870,185539
13.01,09-22-2026 23:26:05:405,129859,185527
13.02,09-22-2026 23:26:05:415,129852,185540
13.03,09-22-2026 23:26:05:425,129877,185544
13.04,09-22-2026 23:26:05:435,129859,185551
13.05,09-22-2026 23:26:05:445,129860,185527
13.06,09-22-2026 23:26:05:455,129857,185561
13.07,09-22-2026 23:26:05:465,129867,185536
13.08,09-22-2026 23:26:05:475,129874,185592
13.09,09-22-2026 23:26:05:485,129864,185535
13.1,09-22-2026 23:26:05:495,129860,185584
13.11,09-22-2026 23:26:05:505,129870,185554
13.12,09-22-2026 23:26:05:515,129860,185588
13.13,09-22-2026 23:26:05:525,129868,185568
13.14,09-22-2026 23:26:05:535,129874,185590
13.15,09-22-2026 23:26:05:545,129862,185568
13.16,09-22-2026 23:26:05:555,129871,185606
13.17,09-22-2026 23:26:05:565,129885,185547
13.18,09-22-2026 23:26:05:575,129867,185588
13.19,09-22-2026 23:26:05:585,129878,185550
13.2,09-22-2026 23:26:05:595,129863,185573
13.21,09-22-2026 23:26:05:605,129872,185533
13.22,09-22-2026 23:26:05:615,129862,185562
13.23,09-22-2026 23:26:05:625,129869,185533
13.24,09-22-2026 23:26:05:635,129876,185573
13.25,09-22-2026 23:26:05:645,129869,185559
13.26,09-22-2026 23:26:05:655,129879,185578
13.27,09-22-2026 23:26:05:665,129876,185551
13.28,09-22-2026 23:26:05:675,129879,185562
13.29,09-22-2026 23:26:05:685,129869,185549
13.3,09-22-2026 23:26:05:695,129881,185562
13.31,09-22-2026 23:26:05:705,129885,185547
13.32,09-22-2026 23:26:05:715,129889,185561
13.33,09-22-2026 23:26:05:725,129888,185510
13.34,09-22-2026 23:26:05:735,129888,185560
13.35,09-22-2026 23:26:05:745,129880,185565
13.36,09-22-2026 23:26:05:755,129893,185551
13.37,09-22-2026 23:26:05:765,129885,185562
13.38,09-22-2026 23:26:05:775,129888,185558
13.39,09-22-2026 23:26:05:785,129886,185582
13.4,09-22-2026 23:26:05:795,129890,185571
13.41,09-22-2026 23:26:05:805,129881,185571
13.42,09-22-2026 23:26:05:815,129872,185578
13.43,09-22-2026 23:26:05:825,129869,185590
13.44,09-22-2026 23:26:05:835,129875,185566
13.45,09-22-2026 23:26:05:845,129881,185569
13.46,09-22-2026 23:26:05:855,129891,185569
13.47,09-22-2026 23:26:05:865,129895,185595
13.48,09-22-2026 23:26:05:875,129889,185569
13.49,09-22-2026 23:26:05:885,129888,185600
13.5,09-22-2026 23:26:05:895,129906,185580
13.51,09-22-2026 23:26:05:905,129890,185611
13.52,09-22-2026 23:26:05:915,129900,185568
13.53,09-22-2026 23:26:05:925,129912,185613
13.54,09-22-2026 23:26:05:935,129888,185584
13.55,09-22-2026 23:26:05:945,129906,185634
13.56,09-22-2026 23:26:05:955,129895,185597
13.57,09-22-2026 23:26:05:965,129896,185634
13.58,09-22-2026 23:26:05:975,129891,185611
13.59,09-22-2026 23:26:05:985,129891,185639
13.6,09-22-2026 23:26:05:995,129900,185625
13.61,09-22-2026 23:26:06:005,129894,185628
13.62,09-22-2026 23:26:06:015,129892,185621
13.63,09-22-2026 23:26:06:025,129886,185627
13.64,09-22-2026 23:26:06:035,129889,185625
13.65,09-22-2026 23:26:06:045,129883,185643
13.66,09-22-2026 23:26:06:055,129906,185630
13.67,09-22-2026 23:26:06:065,129895,185659
13.68,09-22-2026 23:26:06:075,129908,185631
13.69,09-22-2026 23:26:06:085,129895,185639
13.7,09-22-2026 23:26:06:095,129922,185649
13.71,09-22-2026 23:26:06:105,129879,185669
13.72,09-22-2026 23:26:06:115,129900,185631
13.73,09-22-2026 23:26:06:125,129897,185663
13.74,09-22-2026 23:26:06:135,129915,185651
13.75,09-22-2026 23:26:06:145,129872,185655
13.76,09-22-2026 23:26:06:155,129910,185647
13.77,09-22-2026 23:26:06:165,129875,185686
13.78,09-22-2026 23:26:06:175,129885,185663
13.79,09-22-2026 23:26:06:185,129881,185686
13.8,09-22-2026 23:26:06:195,129912,185672
13.81,09-22-2026 23:26:06:205,129870,185676
13.82,09-22-2026 23:26:06:215,129912,185687
13.83,09-22-2026 23:26:06:225,129886,185694
13.84,09-22-2026 23:26:06:235,129921,185705
13.85,09-22-2026 23:26:06:245,129884,185701
13.86,09-22-2026 23:26:06:255,129919,185712
13.87,09-22-2026 23:26:06:265,129870,185708
13.88,09-22-2026 23:26:06:275,129904,185713
13.89,09-22-2026 23:26:06:285,129893,185714
13.9,09-22-2026 23:26:06:295,129920,185728
13.91,09-22-2026 23:26:06:305,129889,185743
13.92,09-22-2026 23:26:06:315,129913,185724
13.93,09-22-2026 23:26:06:325,129896,185739
13.94,09-22-2026 23:26:06:335,129915,185745
13.95,09-22-2026 23:26:06:345,129909,185719
13.96,09-22-2026 23:26:06:355,129919,185722
13.97,09-22-2026 23:26:06:365,129909,185715
13.98,09-22-2026 23:26:06:375,129929,185717
13.99,09-22-2026 23:26:06:385,129931,185694
14,09-22-2026 23:26:06:395,129922,185706
14.01,09-22-2026 23:26:06:405,129934,185691
14.02,09-22-2026 23:26:06:415,129924,185703
14.03,09-22-2026 23:26:06:425,129925,185705
14.04,09-22-2026 23:26:06:435,129922,185709
14.05,09-22-2026 23:26:06:445,129938,185710
14.06,09-22-2026 23:26:06:455,129943,185701
14.07,09-22-2026 23:26:06:465,129950,185711
14.08,09-22-2026 23:26:06:475,129928,185700
14.09,09-22-2026 23:26:06:485,129946,185716
14.1,09-22-2026 23:26:06:495,129928,185711
14.11,09-22-2026 23:26:06:505,129951,185700
14.12,09-22-2026 23:26:06:515,129932,185700
14.13,09-22-2026 23:26:06:525,129960,185724
14.14,09-22-2026 23:26:06:535,129930,185702
14.15,09-22-2026 23:26:06:545,129949,185708
14.16,09-22-2026 23:26:06:555,129937,185698
14.17,09-22-2026 23:26:06:565,129959,185715
14.18,09-22-2026 23:26:06:575,129946,185723
14.19,09-22-2026 23:26:06:585,129985,185702
14.2,09-22-2026 23:26:06:595,129938,185730
14.21,09-22-2026 23:26:06:605,129981,185746
14.22,09-22-2026 23:26:06:615,129953,185722
14.23,09-22-2026 23:26:06:625,129986,185732
14.24,09-22-2026 23:26:06:635,129954,185725
14.25,09-22-2026 23:26:06:645,129958,185722
14.26,09-22-2026 23:26:06:655,129935,185740
14.27,09-22-2026 23:26:06:665,129957,185717
14.28,09-22-2026 23:26:06:675,129962,185735
14.29,09-22-2026 23:26:06:685,129963,185718
14.3,09-22-2026 23:26:06:695,129941,185750
14.31,09-22-2026 23:26:06:705,129973,185744
14.32,09-22-2026 23:26:06:715,129945,185757
14.33,09-22-2026 23:26:06:725,129965,185765
14.34,09-22-2026 23:26:06:735,129940,185759
14.35,09-22-2026 23:26:06:745,129951,185757
14.36,09-22-2026 23:26:06:755,129941,185771
14.37,09-22-2026 23:26:06:765,129955,185762
14.38,09-22-2026 23:26:06:775,129947,185776
14.39,09-22-2026 23:26:06:785,129961,185783
14.4,09-22-2026 23:26:06:795,129950,185777
14.41,09-22-2026 23:26:06:805,129964,185787
14.42,09-22-2026 23:26:06:815,129962,185769
14.43,09-22-2026 23:26:06:825,129952,185787
14.44,09-22-2026 23:26:06:835,129968,185772
14.45,09-22-2026 23:26:06:845,129942,185795
14.46,09-22-2026 23:26:06:855,129948,185797
14.47,09-22-2026 23:26:06:865,129955,185796
14.48,09-22-2026 23:26:06:875,129950,185804
14.49,09-22-2026 23:26:06:885,129944,185818
14.5,09-22-2026 23:26:06:895,129951,185816
14.51,09-22-2026 23:26:06:905,129955,185822
14.52,09-22-2026 23:26:06:915,129961,185814
14.53,09-22-2026 23:26:06:925,129953,185821
14.54,09-22-2026 23:26:06:935,129953,185821
14.55,09-22-2026 23:26:06:945,129952,185821
14.56,09-22-2026 23:26:06:955,129956,185836
14.57,09-22-2026 23:26:06:965,129948,185841
14.58,09-22-2026 23:26:06:975,129941,185839
14.59,09-22-2026 23:26:06:985,129961,185845
14.6,09-22-2026 23:26:06:995,129944,185839
14.61,09-22-2026 23:26:07:005,129943,185854
14.62,09-22-2026 23:26:07:015,129936,185855
14.63,09-22-2026 23:26:07:025,129936,185860
14.64,09-22-2026 23:26:07:035,129946,185851
14.65,09-22-2026 23:26:07:045,129980,185863
14.66,09-22-2026 23:26:07:055,129952,185871
14.67,09-22-2026 23:26:07:065,129946,185873
14.68,09-22-2026 23:26:07:075,129962,185872
14.69,09-22-2026 23:26:07:085,129955,185858
14.7,09-22-2026 23:26:07:095,129960,185844
14.71,09-22-2026 23:26:07:105,129974,185853
14.72,09-22-2026 23:26:07:115,129958,185833
14.73,09-22-2026 23:26:07:125,129971,185835
14.74,09-22-2026 23:26:07:135,129973,185842
14.75,09-22-2026 23:26:07:145,129960,185867
14.76,09-22-2026 23:26:07:155,129973,185829
14.77,09-22-2026 23:26:07:165,129959,185860
14.78,09-22-2026 23:26:07:175,129979,185819
14.79,09-22-2026 23:26:07:185,129961,185872
14.8,09-22-2026 23:26:07:195,129970,185838
14.81,09-22-2026 23:26:07:205,129961,185854
14.82,09-22-2026 23:26:07:215,129973,185834
14.83,09-22-2026 23:26:07:225,129952,185851
14.84,09-22-2026 23:26:07:235,129966,185853
14.85,09-22-2026 23:26:07:245,129974,185855
14.86,09-22-2026 23:26:07:255,129965,185833
14.87,09-22-2026 23:26:07:265,129977,185839
14.88,09-22-2026 23:26:07:275,129970,185825
14.89,09-22-2026 23:26:07:285,129955,185856
14.9,09-22-2026 23:26:07:295,129970,185819
14.91,09-22-2026 23:26:07:305,129984,185871
14.92,09-22-2026 23:26:07:315,129979,185836
14.93,09-22-2026 23:26:07:325,129968,185859
14.94,09-22-2026 23:26:07:335,129969,185820
14.95,09-22-2026 23:26:07:345,129993,185868
14.96,09-22-2026 23:26:07:355,129972,185824
14.97,09-22-2026 23:26:07:365,129968,185868
14.98,09-22-2026 23:26:07:375,129969,185826
14.99,09-22-2026 23:26:07:385,129972,185890
15,09-22-2026 23:26:07:395,129960,185846
15.01,09-22-2026 23:26:07:405,129968,185879
15.02,09-22-2026 23:26:07:415,129957,185827
15.03,09-22-2026 23:26:07:425,129989,185891
15.04,09-22-2026 23:26:07:435,129973,185839
15.05,09-22-2026 23:26:07:445,129974,185893
15.06,09-22-2026 23:26:07:455,129969,185820
15.07,09-22-2026 23:26:07:465,129963,185921
15.08,09-22-2026 23:26:07:475,129971,185843
15.09,09-22-2026 23:26:07:485,129966,185904
15.1,09-22-2026 23:26:07:495,129962,185880
15.11,09-22-2026 23:26:07:505,129975,185902
15.12,09-22-2026 23:26:07:515,129985,185895
15.13,09-22-2026 23:26:07:525,129983,185915
15.14,09-22-2026 23:26:07:535,129974,185886
15.15,09-22-2026 23:26:07:545,129987,185933
15.16,09-22-2026 23:26:07:555,129967,185884
15.17,09-22-2026 23:26:07:565,129974,185932
15.18,09-22-2026 23:26:07:575,129991,185908
15.19,09-22-2026 23:26:07:585,129968,185934
15.2,09-22-2026 23:26:07:595,129972,185952
15.21,09-22-2026 23:26:07:605,129977,185930
15.22,09-22-2026 23:26:07:615,129996,185956
15.23,09-22-2026 23:26:07:625,129984,185962
15.24,09-22-2026 23:26:07:635,129967,185970
15.25,09-22-2026 23:26:07:645,129976,185958
15.26,09-22-2026 23:26:07:655,129989,185980
15.27,09-22-2026 23:26:07:665,129984,185955
15.28,09-22-2026 23:26:07:675,129973,186002
15.29,09-22-2026 23:26:07:685,129982,185959
15.3,09-22-2026 23:26:07:695,129976,185973
15.31,09-22-2026 23:26:07:705,129983,185994
15.32,09-22-2026 23:26:07:715,129998,186003
15.33,09-22-2026 23:26:07:725,129980,185988
15.34,09-22-2026 23:26:07:735,129988,186028
15.35,09-22-2026 23:26:07:745,129981,186003
15.36,09-22-2026 23:26:07:755,129966,186007
15.37,09-22-2026 23:26:07:765,129978,186006
15.38,09-22-2026 23:26:07:775,129982,186024
15.39,09-22-2026 23:26:07:785,129983,186008
15.4,09-22-2026 23:26:07:795,129983,186028
15.41,09-22-2026 23:26:07:805,129980,186003
15.42,09-22-2026 23:26:07:815,129979,186016
15.43,09-22-2026 23:26:07:825,129995,185982
15.44,09-22-2026 23:26:07:835,129979,186012
15.45,09-22-2026 23:26:07:845,129994,185975
15.46,09-22-2026 23:26:07:855,129976,186020
15.47,09-22-2026 23:26:07:865,129999,185990
15.48,09-22-2026 23:26:07:875,129964,185996
15.49,09-22-2026 23:26:07:885,129988,185979
15.5,09-22-2026 23:26:07:895,129974,186008
15.51,09-22-2026 23:26:07:905,129986,185969
15.52,09-22-2026 23:26:07:915,129972,185995
15.53,09-22-2026 23:26:07:925,130004,185972
15.54,09-22-2026 23:26:07:935,129967,185997
15.55,09-22-2026 23:26:07:945,129987,185966
15.56,09-22-2026 23:26:07:955,129962,185991
15.57,09-22-2026 23:26:07:965,129996,185963
15.58,09-22-2026 23:26:07:975,129959,185985
15.59,09-22-2026 23:26:07:985,129987,185958
15.6,09-22-2026 23:26:07:995,129960,185969
15.61,09-22-2026 23:26:08:005,129992,185972
15.62,09-22-2026 23:26:08:015,129970,185981
15.63,09-22-2026 23:26:08:025,129985,185982
15.64,09-22-2026 23:26:08:035,129938,185971
15.65,09-22-2026 23:26:08:045,129983,185996
15.66,09-22-2026 23:26:08:055,129944,186002
15.67,09-22-2026 23:26:08:065,129990,185992
15.68,09-22-2026 23:26:08:075,129958,186010
15.69,09-22-2026 23:26:08:085,129999,186009
15.7,09-22-2026 23:26:08:095,129960,186011
15.71,09-22-2026 23:26:08:105,129996,185992
15.72,09-22-2026 23:26:08:115,129958,185992
15.73,09-22-2026 23:26:08:125,130003,186008
15.74,09-22-2026 23:26:08:135,129964,185983
15.75,09-22-2026 23:26:08:145,130008,185999
15.76,09-22-2026 23:26:08:155,130001,186010
15.77,09-22-2026 23:26:08:165,129998,186022
15.78,09-22-2026 23:26:08:175,129974,186025
15.79,09-22-2026 23:26:08:185,130007,186013
15.8,09-22-2026 23:26:08:195,130001,186015
15.81,09-22-2026 23:26:08:205,130007,186026
15.82,09-22-2026 23:26:08:215,129990,186041
15.83,09-22-2026 23:26:08:225,130007,186029
15.84,09-22-2026 23:26:08:235,130014,186033
15.85,09-22-2026 23:26:08:245,130009,186060
15.86,09-22-2026 23:26:08:255,130001,186040
15.87,09-22-2026 23:26:08:265,130004,186049
15.88,09-22-2026 23:26:08:275,130013,186076
15.89,09-22-2026 23:26:08:285,130008,186058
15.9,09-22-2026 23:26:08:295,130002,186056
15.91,09-22-2026 23:26:08:305,129999,186051
15.92,09-22-2026 23:26:08:315,130009,186061
15.93,09-22-2026 23:26:08:325,129973,186067
15.94,09-22-2026 23:26:08:335,130021,186082
15.95,09-22-2026 23:26:08:345,129998,186051
15.96,09-22-2026 23:26:08:355,130017,186102
15.97,09-22-2026 23:26:08:365,130014,186062
15.98,09-22-2026 23:26:08:375,130026,186089
15.99,09-22-2026 23:26:08:385,130005,186078
16,09-22-2026 23:26:08:395,130021,186089
16.01,09-22-2026 23:26:08:405,130019,186084
16.02,09-22-2026 23:26:08:415,130026,186082
16.03,09-22-2026 23:26:08:425,130020,186090
16.04,09-22-2026 23:26:08:435,130041,186073
16.05,09-22-2026 23:26:08:445,130000,186111
16.06,09-22-2026 23:26:08:455,130032,186108
16.07,09-22-2026 23:26:08:465,130005,186112
16.08,09-22-2026 23:26:08:475,130024,186104
16.09,09-22-2026 23:26:08:485,129988,186111
16.1,09-22-2026 23:26:08:495,130065,186125
16.11,09-22-2026 23:26:08:505,129995,186116
16.12,09-22-2026 23:26:08:515,130025,186124
16.13,09-22-2026 23:26:08:525,130012,186129
16.14,09-22-2026 23:26:08:535,130023,186130
16.15,09-22-2026 23:26:08:545,130007,186135
16.16,09-22-2026 23:26:08:555,130016,186114
16.17,09-22-2026 23:26:08:565,129994,186127
16.18,09-22-2026 23:26:08:575,130034,186153
16.19,09-22-2026 23:26:08:585,129988,186140
16.2,09-22-2026 23:26:08:595,130029,186147
16.21,09-22-2026 23:26:08:605,130006,186161
16.22,09-22-2026 23:26:08:615,130010,186146
16.23,09-22-2026 23:26:08:625,130004,186146
16.24,09-22-2026 23:26:08:635,130000,186154
16.25,09-22-2026 23:26:08:645,129992,186127
16.26,09-22-2026 23:26:08:655,130006,186131
16.27,09-22-2026 23:26:08:665,130018,186124
16.28,09-22-2026 23:26:08:675,130018,186124
16.29,09-22-2026 23:26:08:685,130015,186125
16.3,09-22-2026 23:26:08:695,130009,186122
16.31,09-22-2026 23:26:08:705,129991,186105
16.32,09-22-2026 23:26:08:715,130010,186097
16.33,09-22-2026 23:26:08:725,129994,186106
16.34,09-22-2026 23:26:08:735,129982,186119
16.35,09-22-2026 23:26:08:745,129996,186107
16.36,09-22-2026 23:26:08:755,130009,186113
16.37,09-22-2026 23:26:08:765,130009,186126
16.38,09-22-2026 23:26:08:775,130008,186111
16.39,09-22-2026 23:26:08:785,130009,186104
16.4,09-22-2026 23:26:08:795,130012,186111
16.41,09-22-2026 23:26:08:805,130009,186109
16.42,09-22-2026 23:26:08:815,129998,186112
16.43,09-22-2026 23:26:08:825,130006,186101
16.44,09-22-2026 23:26:08:835,130007,186121
16.45,09-22-2026 23:26:08:845,130009,186121
16.46,09-22-2026 23:26:08:855,130020,186109
16.47,09-22-2026 23:26:08:865,130014,186110
16.48,09-22-2026 23:26:08:875,130012,186117
16.49,09-22-2026 23:26:08:885,130004,186131
16.5,09-22-2026 23:26:08:895,130008,186134
16.51,09-22-2026 23:26:08:905,130021,186139
16.52,09-22-2026 23:26:08:915,130007,186118
16.53,09-22-2026 23:26:08:925,130017,186134
16.54,09-22-2026 23:26:08:935,129994,186117
16.55,09-22-2026 23:26:08:945,130031,186124
16.56,09-22-2026 23:26:08:955,130019,186116
16.57,09-22-2026 23:26:08:965,130009,186122
16.58,09-22-2026 23:26:08:975,130008,186150
16.59,09-22-2026 23:26:08:985,130017,186111
16.6,09-22-2026 23:26:08:995,130017,186138
16.61,09-22-2026 23:26:09:005,130012,186125
16.62,09-22-2026 23:26:09:015,130003,186145
16.63,09-22-2026 23:26:09:025,130008,186152
16.64,09-22-2026 23:26:09:035,130016,186154
16.65,09-22-2026 23:26:09:045,130006,186136
16.66,09-22-2026 23:26:09:055,130001,186156
16.67,09-22-2026 23:26:09:065,130008,186153
16.68,09-22-2026 23:26:09:075,129989,186153
16.69,09-22-2026 23:26:09:085,129996,186142
16.7,09-22-2026 23:26:09:095,130005,186147
16.71,09-22-2026 23:26:09:105,129999,186136
16.72,09-22-2026 23:26:09:115,130001,186155
16.73,09-22-2026 23:26:09:125,129974,186160
16.74,09-22-2026 23:26:09:135,130012,186169
16.75,09-22-2026 23:26:09:145,129992,186166
16.76,09-22-2026 23:26:09:155,130000,186166
16.77,09-22-2026 23:26:09:165,129991,186154
16.78,09-22-2026 23:26:09:175,129987,186168
16.79,09-22-2026 23:26:09:185,129987,186147
16.8,09-22-2026 23:26:09:195,129995,186165
16.81,09-22-2026 23:26:09:205,129999,186150
16.82,09-22-2026 23:26:09:215,129995,186175
16.83,09-22-2026 23:26:09:225,129989,186140
16.84,09-22-2026 23:26:09:235,129996,186185
16.85,09-22-2026 23:26:09:245,129993,186134
16.86,09-22-2026 23:26:09:255,130004,186191
16.87,09-22-2026 23:26:09:265,129994,186132
16.88,09-22-2026 23:26:09:275,130003,186199
16.89,09-22-2026 23:26:09:285,129987,186152
16.9,09-22-2026 23:26:09:295,129999,186203
16.91,09-22-2026 23:26:09:305,129995,186134
16.92,09-22-2026 23:26:09:315,129998,186222
16.93,09-22-2026 23:26:09:325,129996,186159
16.94,09-22-2026 23:26:09:335,129983,186209
16.95,09-22-2026 23:26:09:345,129996,186166
16.96,09-22-2026 23:26:09:355,130000,186217
16.97,09-22-2026 23:26:09:365,129988,186208
16.98,09-22-2026 23:26:09:375,129982,186244
16.99,09-22-2026 23:26:09:385,129999,186192
17,09-22-2026 23:26:09:395,129998,186226
17.01,09-22-2026 23:26:09:405,129985,186207
17.02,09-22-2026 23:26:09:415,129975,186225
17.03,09-22-2026 23:26:09:425,129987,186198
17.04,09-22-2026 23:26:09:435,129990,186215
17.05,09-22-2026 23:26:09:445,129982,186202
17.06,09-22-2026 23:26:09:455,129999,186185
17.07,09-22-2026 23:26:09:465,129996,186192
17.08,09-22-2026 23:26:09:475,129984,186202
17.09,09-22-2026 23:26:09:485,129993,186187
17.1,09-22-2026 23:26:09:495,129988,186191
17.11,09-22-2026 23:26:09:505,129980,186195
17.12,09-22-2026 23:26:09:515,129989,186181
17.13,09-22-2026 23:26:09:525,129983,186195
17.14,09-22-2026 23:26:09:535,129992,186167
17.15,09-22-2026 23:26:09:545,130005,186205
17.16,09-22-2026 23:26:09:555,129978,186171
17.17,09-22-2026 23:26:09:565,129979,186190
17.18,09-22-2026 23:26:09:575,129984,186167
17.19,09-22-2026 23:26:09:585,129985,186193
17.2,09-22-2026 23:26:09:595,129993,186173
17.21,09-22-2026 23:26:09:605,129992,186190
17.22,09-22-2026 23:26:09:615,129978,186159
17.23,09-22-2026 23:26:09:625,129982,186191
17.24,09-22-2026 23:26:09:635,129962,186169
17.25,09-22-2026 23:26:09:645,129971,186198
17.26,09-22-2026 23:26:09:655,129993,186170
17.27,09-22-2026 23:26:09:665,129984,186209
17.28,09-22-2026 23:26:09:675,129986,186177
17.29,09-22-2026 23:26:09:685,129995,186188
17.3,09-22-2026 23:26:09:695,129994,186175
17.31,09-22-2026 23:26:09:705,129961,186217
17.32,09-22-2026 23:26:09:715,129961,186159
17.33,09-22-2026 23:26:09:725,129967,186211
17.34,09-22-2026 23:26:09:735,129971,186167
17.35,09-22-2026 23:26:09:745,129978,186173
17.36,09-22-2026 23:26:09:755,129977,186177
17.37,09-22-2026 23:26:09:765,129955,186189
17.38,09-22-2026 23:26:09:775,129980,186164
17.39,09-22-2026 23:26:09:785,129949,186179
17.4,09-22-2026 23:26:09:795,129944,186175
17.41,09-22-2026 23:26:09:805,129935,186210
17.42,09-22-2026 23:26:09:815,129950,186175
17.43,09-22-2026 23:26:09:825,129943,186180
17.44,09-22-2026 23:26:09:835,129971,186173
17.45,09-22-2026 23:26:09:845,129936,186176
17.46,09-22-2026 23:26:09:855,129972,186161
17.47,09-22-2026 23:26:09:865,129915,186168
17.48,09-22-2026 23:26:09:875,129957,186174
17.49,09-22-2026 23:26:09:885,129921,186185
17.5,09-22-2026 23:26:09:895,129957,186201
17.51,09-22-2026 23:26:09:905,129913,186179
17.52,09-22-2026 23:26:09:915,129952,186186
17.53,09-22-2026 23:26:09:925,129911,186203
17.54,09-22-2026 23:26:09:935,129950,186196
17.55,09-22-2026 23:26:09:945,129896,186206
17.56,09-22-2026 23:26:09:955,129936,186186
17.57,09-22-2026 23:26:09:965,129909,186190
17.58,09-22-2026 23:26:09:975,129962,186203
17.59,09-22-2026 23:26:09:985,129936,186184
17.6,09-22-2026 23:26:09:995,129956,186208
17.61,09-22-2026 23:26:10:005,129931,186207
17.62,09-22-2026 23:26:10:015,129931,186195
17.63,09-22-2026 23:26:10:025,129911,186201
17.64,09-22-2026 23:26:10:035,129944,186197
17.65,09-22-2026 23:26:10:045,129920,186204
17.66,09-22-2026 23:26:10:055,129939,186215
17.67,09-22-2026 23:26:10:065,129908,186219
17.68,09-22-2026 23:26:10:075,129944,186205
17.69,09-22-2026 23:26:10:085,129932,186203
17.7,09-22-2026 23:26:10:095,129947,186219
17.71,09-22-2026 23:26:10:105,129946,186213
17.72,09-22-2026 23:26:10:115,129938,186199
17.73,09-22-2026 23:26:10:125,129946,186177
17.74,09-22-2026 23:26:10:135,129930,186199
17.75,09-22-2026 23:26:10:145,129946,186172
17.76,09-22-2026 23:26:10:155,129937,186172
17.77,09-22-2026 23:26:10:165,129960,186181
17.78,09-22-2026 23:26:10:175,129939,186163
17.79,09-22-2026 23:26:10:185,129958,186150
17.8,09-22-2026 23:26:10:195,129930,186159
17.81,09-22-2026 23:26:10:205,129968,186147
17.82,09-22-2026 23:26:10:215,129939,186131
17.83,09-22-2026 23:26:10:225,129949,186144
17.84,09-22-2026 23:26:10:235,129910,186141
17.85,09-22-2026 23:26:10:245,129969,186147
17.86,09-22-2026 23:26:10:255,129917,186134
17.87,09-22-2026 23:26:10:265,129960,186135
17.88,09-22-2026 23:26:10:275,129941,186133
17.89,09-22-2026 23:26:10:285,129954,186115
17.9,09-22-2026 23:26:10:295,129926,186113
17.91,09-22-2026 23:26:10:305,129958,186110
17.92,09-22-2026 23:26:10:315,129932,186109
17.93,09-22-2026 23:26:10:325,129963,186096
17.94,09-22-2026 23:26:10:335,129927,186119
17.95,09-22-2026 23:26:10:345,129949,186111
17.96,09-22-2026 23:26:10:355,129921,186103
17.97,09-22-2026 23:26:10:365,129921,186103
17.98,09-22-2026 23:26:10:375,129934,186099
17.99,09-22-2026 23:26:10:385,129928,186108
18,09-22-2026 23:26:10:395,129924,186098
18.01,09-22-2026 23:26:10:405,129936,186097
18.02,09-22-2026 23:26:10:415,129930,186098
18.03,09-22-2026 23:26:10:425,129941,186098
18.04,09-22-2026 23:26:10:435,129910,186091
18.05,09-22-2026 23:26:10:445,129937,186084
18.06,09-22-2026 23:26:10:455,129915,186110
18.07,09-22-2026 23:26:10:465,129912,186092
18.08,09-22-2026 23:26:10:475,129908,186083
18.09,09-22-2026 23:26:10:485,129905,186080
18.1,09-22-2026 23:26:10:495,129906,186095
18.11,09-22-2026 23:26:10:505,129901,186091
18.12,09-22-2026 23:26:10:515,129898,186107
18.13,09-22-2026 23:26:10:525,129904,186094
18.14,09-22-2026 23:26:10:535,129908,186120
18.15,09-22-2026 23:26:10:545,129888,186107
18.16,09-22-2026 23:26:10:555,129877,186099
18.17,09-22-2026 23:26:10:565,129899,186097
18.18,09-22-2026 23:26:10:575,129893,186118
18.19,09-22-2026 23:26:10:585,129885,186111
18.2,09-22-2026 23:26:10:595,129888,186103
18.21,09-22-2026 23:26:10:605,129885,186124
18.22,09-22-2026 23:26:10:615,129889,186115
18.23,09-22-2026 23:26:10:625,129870,186115
18.24,09-22-2026 23:26:10:635,129872,186111
18.25,09-22-2026 23:26:10:645,129867,186100
18.26,09-22-2026 23:26:10:655,129882,186107
18.27,09-22-2026 23:26:10:665,129874,186111
18.28,09-22-2026 23:26:10:675,129875,186109
18.29,09-22-2026 23:26:10:685,129886,186118
18.3,09-22-2026 23:26:10:695,129867,186115
18.31,09-22-2026 23:26:10:705,129867,186111
18.32,09-22-2026 23:26:10:715,129868,186120
18.33,09-22-2026 23:26:10:725,129862,186118
18.34,09-22-2026 23:26:10:735,129853,186145
18.35,09-22-2026 23:26:10:745,129852,186110
18.36,09-22-2026 23:26:10:755,129863,186120
18.37,09-22-2026 23:26:10:765,129853,186119
18.38,09-22-2026 23:26:10:775,129855,186124
18.39,09-22-2026 23:26:10:785,129836,186132
18.4,09-22-2026 23:26:10:795,129855,186128
18.41,09-22-2026 23:26:10:805,129852,186128
18.42,09-22-2026 23:26:10:815,129839,186122
18.43,09-22-2026 23:26:10:825,129859,186118
18.44,09-22-2026 23:26:10:835,129836,186105
18.45,09-22-2026 23:26:10:845,129849,186110
18.46,09-22-2026 23:26:10:855,129831,186089
18.47,09-22-2026 23:26:10:865,129835,186079
18.48,09-22-2026 23:26:10:875,129835,186058
18.49,09-22-2026 23:26:10:885,129838,186068
18.5,09-22-2026 23:26:10:895,129837,186046
18.51,09-22-2026 23:26:10:905,129857,186059
18.52,09-22-2026 23:26:10:915,129833,186028
18.53,09-22-2026 23:26:10:925,129842,186032
18.54,09-22-2026 23:26:10:935,129833,186030
18.55,09-22-2026 23:26:10:945,129849,186027
18.56,09-22-2026 23:26:10:955,129828,186021
18.57,09-22-2026 23:26:10:965,129836,186014
18.58,09-22-2026 23:26:10:975,129850,186004
18.59,09-22-2026 23:26:10:985,129841,186021
18.6,09-22-2026 23:26:10:995,129830,185981
18.61,09-22-2026 23:26:11:005,129818,185986
18.62,09-22-2026 23:26:11:015,129835,185956
18.63,09-22-2026 23:26:11:025,129856,185975
18.64,09-22-2026 23:26:11:035,129828,185932
18.65,09-22-2026 23:26:11:045,129813,185956
18.66,09-22-2026 23:26:11:055,129810,185913
18.67,09-22-2026 23:26:11:065,129831,185957
18.68,09-22-2026 23:26:11:075,129830,185917
18.69,09-22-2026 23:26:11:085,129839,185948
18.7,09-22-2026 23:26:11:095,129824,185912
18.71,09-22-2026 23:26:11:105,129838,185945
18.72,09-22-2026 23:26:11:115,129830,185903
18.73,09-22-2026 23:26:11:125,129817,185919
18.74,09-22-2026 23:26:11:135,129845,185853
18.75,09-22-2026 23:26:11:145,129825,185939
18.76,09-22-2026 23:26:11:155,129815,185836
18.77,09-22-2026 23:26:11:165,129831,185917
18.78,09-22-2026 23:26:11:175,129839,185848
18.79,09-22-2026 23:26:11:185,129845,185911
18.8,09-22-2026 23:26:11:195,129840,185880
18.81,09-22-2026 23:26:11:205,129825,185900
18.82,09-22-2026 23:26:11:215,129829,185851
18.83,09-22-2026 23:26:11:225,129829,185900
18.84,09-22-2026 23:26:11:235,129826,185878
18.85,09-22-2026 23:26:11:245,129817,185893
18.86,09-22-2026 23:26:11:255,129826,185864
18.87,09-22-2026 23:26:11:265,129801,185899
18.88,09-22-2026 23:26:11:275,129815,185892
18.89,09-22-2026 23:26:11:285,129789,185890
18.9,09-22-2026 23:26:11:295,129790,185875
18.91,09-22-2026 23:26:11:305,129789,185924
18.92,09-22-2026 23:26:11:315,129808,185883
18.93,09-22-2026 23:26:11:325,129796,185920
18.94,09-22-2026 23:26:11:335,129800,185909
18.95,09-22-2026 23:26:11:345,129795,185887
18.96,09-22-2026 23:26:11:355,129783,185909
18.97,09-22-2026 23:26:11:365,129796,185907
18.98,09-22-2026 23:26:11:375,129795,185919
18.99,09-22-2026 23:26:11:385,129785,185918
19,09-22-2026 23:26:11:395,129781,185940
19.01,09-22-2026 23:26:11:405,129777,185907
19.02,09-22-2026 23:26:11:415,129775,185942
19.03,09-22-2026 23:26:11:425,129782,185915
19.04,09-22-2026 23:26:11:435,129778,185923
19.05,09-22-2026 23:26:11:445,129770,185909
19.06,09-22-2026 23:26:11:455,129754,185941
19.07,09-22-2026 23:26:11:465,129750,185909
19.08,09-22-2026 23:26:11:475,129764,185951
19.09,09-22-2026 23:26:11:485,129766,185928
19.1,09-22-2026 23:26:11:495,129744,185972
19.11,09-22-2026 23:26:11:505,129757,185917
19.12,09-22-2026 23:26:11:515,129765,185952
19.13,09-22-2026 23:26:11:525,129745,185929
19.14,09-22-2026 23:26:11:535,129744,185954
19.15,09-22-2026 23:26:11:545,129753,185951
19.16,09-22-2026 23:26:11:555,129736,185954
19.17,09-22-2026 23:26:11:565,129751,185938
19.18,09-22-2026 23:26:11:575,129746,185972
19.19,09-22-2026 23:26:11:585,129750,185930
19.2,09-22-2026 23:26:11:595,129746,185970
19.21,09-22-2026 23:26:11:605,129746,185940
19.22,09-22-2026 23:26:11:615,129727,185931
19.23,09-22-2026 23:26:11:625,129752,185895
19.24,09-22-2026 23:26:11:635,129741,185913
19.25,09-22-2026 23:26:11:645,129740,185901
19.26,09-22-2026 23:26:11:655,129724,185902
19.27,09-22-2026 23:26:11:665,129743,185863
19.28,09-22-2026 23:26:11:675,129732,185869
19.29,09-22-2026 23:26:11:685,129748,185859
19.3,09-22-2026 23:26:11:695,129711,185863
19.31,09-22-2026 23:26:11:705,129760,185847
19.32,09-22-2026 23:26:11:715,129705,185825
19.33,09-22-2026 23:26:11:725,129749,185825
19.34,09-22-2026 23:26:11:735,129704,185825
19.35,09-22-2026 23:26:11:745,129750,185812
19.36,09-22-2026 23:26:11:755,129708,185792
19.37,09-22-2026 23:26:11:765,129733,185798
19.38,09-22-2026 23:26:11:775,129708,185804
19.39,09-22-2026 23:26:11:785,129749,185781
19.4,09-22-2026 23:26:11:795,129694,185762
19.41,09-22-2026 23:26:11:805,129755,185745
19.42,09-22-2026 23:26:11:815,129710,185761
19.43,09-22-2026 23:26:11:825,129750,185749
19.44,09-22-2026 23:26:11:835,129704,185736
19.45,09-22-2026 23:26:11:845,129749,185731
19.46,09-22-2026 23:26:11:855,129709,185728
19.47,09-22-2026 23:26:11:865,129746,185735
19.48,09-22-2026 23:26:11:875,129719,185736
19.49,09-22-2026 23:26:11:885,129748,185720
19.5,09-22-2026 23:26:11:895,129729,185725
19.51,09-22-2026 23:26:11:905,129760,185718
19.52,09-22-2026 23:26:11:915,129719,185728
19.53,09-22-2026 23:26:11:925,129749,185713
19.54,09-22-2026 23:26:11:935,129724,185726
19.55,09-22-2026 23:26:11:945,129760,185694
19.56,09-22-2026 23:26:11:955,129733,185713
19.57,09-22-2026 23:26:11:965,129751,185710
19.58,09-22-2026 23:26:11:975,129782,185707
19.59,09-22-2026 23:26:11:985,129752,185710
19.6,09-22-2026 23:26:11:995,129760,185702
19.61,09-22-2026 23:26:12:005,129763,185686
19.62,09-22-2026 23:26:12:015,129776,185730
19.63,09-22-2026 23:26:12:025,129749,185699
19.64,09-22-2026 23:26:12:035,129760,185714
19.65,09-22-2026 23:26:12:045,129755,185694
19.66,09-22-2026 23:26:12:055,129752,185708
19.67,09-22-2026 23:26:12:065,129742,185718
19.68,09-22-2026 23:26:12:075,129763,185710
19.69,09-22-2026 23:26:12:085,129728,185709
19.7,09-22-2026 23:26:12:095,129753,185724
19.71,09-22-2026 23:26:12:105,129730,185706
19.72,09-22-2026 23:26:12:115,129751,185706
19.73,09-22-2026 23:26:12:125,129733,185721
19.74,09-22-2026 23:26:12:135,129756,185705
19.75,09-22-2026 23:26:12:145,129731,185710
19.76,09-22-2026 23:26:12:155,129761,185720
19.77,09-22-2026 23:26:12:165,129721,185712
19.78,09-22-2026 23:26:12:175,129758,185716
19.79,09-22-2026 23:26:12:185,129707,185719
19.8,09-22-2026 23:26:12:195,129749,185732
19.81,09-22-2026 23:26:12:205,129737,185711
19.82,09-22-2026 23:26:12:215,129754,185731
19.83,09-22-2026 23:26:12:225,129719,185727
19.84,09-22-2026 23:26:12:235,129735,185726
19.85,09-22-2026 23:26:12:245,129709,185719
19.86,09-22-2026 23:26:12:255,129752,185736
19.87,09-22-2026 23:26:12:265,129712,185725
19.88,09-22-2026 23:26:12:275,129720,185724
19.89,09-22-2026 23:26:12:285,129694,185746
19.9,09-22-2026 23:26:12:295,129721,185742
19.91,09-22-2026 23:26:12:305,129699,185728
19.92,09-22-2026 23:26:12:315,129735,185739
19.93,09-22-2026 23:26:12:325,129713,185745
19.94,09-22-2026 23:26:12:335,129725,185738
19.95,09-22-2026 23:26:12:345,129710,185755
19.96,09-22-2026 23:26:12:355,129723,185750
19.97,09-22-2026 23:26:12:365,129699,185742
19.98,09-22-2026 23:26:12:375,129736,185744
19.99,09-22-2026 23:26:12:385,129698,185756
20,09-22-2026 23:26:12:395,129695,185753
20.01,09-22-2026 23:26:12:405,129678,185770
20.02,09-22-2026 23:26:12:415,129711,185763
20.03,09-22-2026 23:26:12:425,129704,185745
20.04,09-22-2026 23:26:12:435,129703,185726
20.05,09-22-2026 23:26:12:445,129701,185727
20.06,09-22-2026 23:26:12:455,129692,185714
20.07,09-22-2026 23:26:12:465,129688,185693
20.08,09-22-2026 23:26:12:475,129717,185704
20.09,09-22-2026 23:26:12:485,129712,185681
20.1,09-22-2026 23:26:12:495,129712,185680
20.11,09-22-2026 23:26:12:505,129704,185679
20.12,09-22-2026 23:26:12:515,129703,185652
20.13,09-22-2026 23:26:12:525,129690,185661
20.14,09-22-2026 23:26:12:535,129702,185648
20.15,09-22-2026 23:26:12:545,129692,185630
20.16,09-22-2026 23:26:12:555,129706,185625
20.17,09-22-2026 23:26:12:565,129721,185625
20.18,09-22-2026 23:26:12:575,129709,185629
20.19,09-22-2026 23:26:12:585,129701,185609
20.2,09-22-2026 23:26:12:595,129714,185607
20.21,09-22-2026 23:26:12:605,129720,185595
20.22,09-22-2026 23:26:12:615,129716,185616
20.23,09-22-2026 23:26:12:625,129707,185583
20.24,09-22-2026 23:26:12:635,129717,185580
20.25,09-22-2026 23:26:12:645,129725,185553
20.26,09-22-2026 23:26:12:655,129716,185587
20.27,09-22-2026 23:26:12:665,129731,185592
20.28,09-22-2026 23:26:12:675,129722,185571
20.29,09-22-2026 23:26:12:685,129720,185568
20.3,09-22-2026 23:26:12:695,129721,185567
20.31,09-22-2026 23:26:12:705,129718,185562
20.32,09-22-2026 23:26:12:715,129715,185576
20.33,09-22-2026 23:26:12:725,129726,185571
20.34,09-22-2026 23:26:12:735,129720,185550
20.35,09-22-2026 23:26:12:745,129718,185561
20.36,09-22-2026 23:26:12:755,129734,185558
20.37,09-22-2026 23:26:12:765,129714,185549
20.38,09-22-2026 23:26:12:775,129731,185561
20.39,09-22-2026 23:26:12:785,129727,185547
20.4,09-22-2026 23:26:12:795,129734,185523
20.41,09-22-2026 23:26:12:805,129745,185541
20.42,09-22-2026 23:26:12:815,129730,185564
20.43,09-22-2026 23:26:12:825,129734,185558
20.44,09-22-2026 23:26:12:835,129748,185560
20.45,09-22-2026 23:26:12:845,129745,185554
20.46,09-22-2026 23:26:12:855,129731,185557
20.47,09-22-2026 23:26:12:865,129740,185534
20.48,09-22-2026 23:26:12:875,129742,185564
20.49,09-22-2026 23:26:12:885,129737,185552
20.5,09-22-2026 23:26:12:895,129737,185552
20.51,09-22-2026 23:26:12:905,129735,185562
20.52,09-22-2026 23:26:12:915,129727,185543
20.53,09-22-2026 23:26:12:925,129736,185562
20.54,09-22-2026 23:26:12:935,129744,185557
20.55,09-22-2026 23:26:12:945,129724,185575
20.56,09-22-2026 23:26:12:955,129741,185561
20.57,09-22-2026 23:26:12:965,129735,185570
20.58,09-22-2026 23:26:12:975,129734,185540
20.59,09-22-2026 23:26:12:985,129716,185561
20.6,09-22-2026 23:26:12:995,129723,185532
20.61,09-22-2026 23:26:13:005,129725,185589
20.62,09-22-2026 23:26:13:015,129725,185567
20.63,09-22-2026 23:26:13:025,129720,185597
20.64,09-22-2026 23:26:13:035,129723,185543
20.65,09-22-2026 23:26:13:045,129708,185603
20.66,09-22-2026 23:26:13:055,129732,185581
20.67,09-22-2026 23:26:13:065,129709,185609
20.68,09-22-2026 23:26:13:075,129715,185556
20.69,09-22-2026 23:26:13:085,129711,185610
20.7,09-22-2026 23:26:13:095,129715,185547
20.71,09-22-2026 23:26:13:105,129695,185614
20.72,09-22-2026 23:26:13:115,129702,185546
20.73,09-22-2026 23:26:13:125,129694,185624
20.74,09-22-2026 23:26:13:135,129701,185576
20.75,09-22-2026 23:26:13:145,129710,185651
20.76,09-22-2026 23:26:13:155,129712,185582
20.77,09-22-2026 23:26:13:165,129689,185633
20.78,09-22-2026 23:26:13:175,129714,185612
20.79,09-22-2026 23:26:13:185,129717,185647
20.8,09-22-2026 23:26:13:195,129698,185628
20.81,09-22-2026 23:26:13:205,129714,185651
20.82,09-22-2026 23:26:13:215,129705,185634
20.83,09-22-2026 23:26:13:225,129692,185662
20.84,09-22-2026 23:26:13:235,129716,185619
20.85,09-22-2026 23:26:13:245,129693,185681
20.86,09-22-2026 23:26:13:255,129704,185667
20.87,09-22-2026 23:26:13:265,129707,185681
20.88,09-22-2026 23:26:13:275,129718,185678
20.89,09-22-2026 23:26:13:285,129695,185642
20.9,09-22-2026 23:26:13:295,129700,185636
20.91,09-22-2026 23:26:13:305,129694,185633
20.92,09-22-2026 23:26:13:315,129705,185641
20.93,09-22-2026 23:26:13:325,129703,185619
20.94,09-22-2026 23:26:13:335,129694,185628
20.95,09-22-2026 23:26:13:345,129706,185603
20.96,09-22-2026 23:26:13:355,129704,185617
20.97,09-22-2026 23:26:13:365,129709,185589
20.98,09-22-2026 23:26:13:375,129719,185585
20.99,09-22-2026 23:26:13:385,129718,185582
21,09-22-2026 23:26:13:395,129724,185605
21.01,09-22-2026 23:26:13:405,129715,185569
21.02,09-22-2026 23:26:13:415,129710,185577
21.03,09-22-2026 23:26:13:425,129720,185563
21.04,09-22-2026 23:26:13:435,129709,185582
21.05,09-22-2026 23:26:13:445,129717,185535
21.06,09-22-2026 23:26:13:455,129721,185546
21.07,09-22-2026 23:26:13:465,129728,185523
21.08,09-22-2026 23:26:13:475,129743,185555
21.09,09-22-2026 23:26:13:485,129730,185500
21.1,09-22-2026 23:26:13:495,129715,185541
21.11,09-22-2026 23:26:13:505,129715,185496
21.12,09-22-2026 23:26:13:515,129735,185513
21.13,09-22-2026 23:26:13:525,129741,185495
21.14,09-22-2026 23:26:13:535,129734,185536
21.15,09-22-2026 23:26:13:545,129721,185501
21.16,09-22-2026 23:26:13:555,129741,185521
21.17,09-22-2026 23:26:13:565,129734,185494
21.18,09-22-2026 23:26:13:575,129708,185521
21.19,09-22-2026 23:26:13:585,129729,185495
21.2,09-22-2026 23:26:13:595,129733,185491
21.21,09-22-2026 23:26:13:605,129718,185489
21.22,09-22-2026 23:26:13:615,129726,185500
21.23,09-22-2026 23:26:13:625,129728,185482
21.24,09-22-2026 23:26:13:635,129698,185511
21.25,09-22-2026 23:26:13:645,129736,185485
21.26,09-22-2026 23:26:13:655,129717,185497
21.27,09-22-2026 23:26:13:665,129749,185487
21.28,09-22-2026 23:26:13:675,129736,185507
21.29,09-22-2026 23:26:13:685,129740,185491
21.3,09-22-2026 23:26:13:695,129720,185488
21.31,09-22-2026 23:26:13:705,129776,185508
21.32,09-22-2026 23:26:13:715,129721,185504
21.33,09-22-2026 23:26:13:725,129748,185489
21.34,09-22-2026 23:26:13:735,129732,185507
21.35,09-22-2026 23:26:13:745,129750,185506
21.36,09-22-2026 23:26:13:755,129734,185507
21.37,09-22-2026 23:26:13:765,129739,185492
21.38,09-22-2026 23:26:13:775,129716,185520
21.39,09-22-2026 23:26:13:785,129758,185515
21.4,09-22-2026 23:26:13:795,129716,185532
21.41,09-22-2026 23:26:13:805,129750,185523
21.42,09-22-2026 23:26:13:815,129708,185525
21.43,09-22-2026 23:26:13:825,129743,185538
21.44,09-22-2026 23:26:13:835,129701,185531
21.45,09-22-2026 23:26:13:845,129745,185545
21.46,09-22-2026 23:26:13:855,129707,185538
21.47,09-22-2026 23:26:13:865,129755,185559
21.48,09-22-2026 23:26:13:875,129703,185561
21.49,09-22-2026 23:26:13:885,129745,185543
21.5,09-22-2026 23:26:13:895,129728,185544
21.51,09-22-2026 23:26:13:905,129739,185538
21.52,09-22-2026 23:26:13:915,129713,185557
21.53,09-22-2026 23:26:13:925,129746,185563
21.54,09-22-2026 23:26:13:935,129722,185583
21.55,09-22-2026 23:26:13:945,129738,185570
21.56,09-22-2026 23:26:13:955,129711,185576
21.57,09-22-2026 23:26:13:965,129748,185589
21.58,09-22-2026 23:26:13:975,129715,185572
21.59,09-22-2026 23:26:13:985,129734,185596
21.6,09-22-2026 23:26:13:995,129749,185593
21.61,09-22-2026 23:26:14:005,129741,185599
21.62,09-22-2026 23:26:14:015,129747,185602
21.63,09-22-2026 23:26:14:025,129747,185597
21.64,09-22-2026 23:26:14:035,129754,185611
21.65,09-22-2026 23:26:14:045,129740,185607
21.66,09-22-2026 23:26:14:055,129753,185625
21.67,09-22-2026 23:26:14:065,129720,185623
21.68,09-22-2026 23:26:14:075,129763,185618
21.69,09-22-2026 23:26:14:085,129739,185635
21.7,09-22-2026 23:26:14:095,129751,185650
21.71,09-22-2026 23:26:14:105,129754,185649
21.72,09-22-2026 23:26:14:115,129761,185631
21.73,09-22-2026 23:26:14:125,129737,185627
21.74,09-22-2026 23:26:14:135,129770,185622
21.75,09-22-2026 23:26:14:145,129766,185602
21.76,09-22-2026 23:26:14:155,129769,185596
21.77,09-22-2026 23:26:14:165,129748,185601
21.78,09-22-2026 23:26:14:175,129775,185593
21.79,09-22-2026 23:26:14:185,129768,185578
21.8,09-22-2026 23:26:14:195,129779,185582
21.81,09-22-2026 23:26:14:205,129749,185585
21.82,09-22-2026 23:26:14:215,129784,185569
21.83,09-22-2026 23:26:14:225,129755,185569
21.84,09-22-2026 23:26:14:235,129778,185582
21.85,09-22-2026 23:26:14:245,129770,185561
21.86,09-22-2026 23:26:14:255,129767,185570
21.87,09-22-2026 23:26:14:265,129758,185547
21.88,09-22-2026 23:26:14:275,129803,185542
21.89,09-22-2026 23:26:14:285,129751,185558
21.9,09-22-2026 23:26:14:295,129803,185532
21.91,09-22-2026 23:26:14:305,129754,185534
21.92,09-22-2026 23:26:14:315,129781,185540
21.93,09-22-2026 23:26:14:325,129760,185536
21.94,09-22-2026 23:26:14:335,129786,185523
21.95,09-22-2026 23:26:14:345,129764,185552
21.96,09-22-2026 23:26:14:355,129789,185543
21.97,09-22-2026 23:26:14:365,129779,185541
21.98,09-22-2026 23:26:14:375,129783,185551
21.99,09-22-2026 23:26:14:385,129777,185537
22,09-22-2026 23:26:14:395,129807,185551
22.01,09-22-2026 23:26:14:405,129766,185544
22.02,09-22-2026 23:26:14:415,129774,185538
22.03,09-22-2026 23:26:14:425,129769,185556
22.04,09-22-2026 23:26:14:435,129793,185551
22.05,09-22-2026 23:26:14:445,129768,185533
22.06,09-22-2026 23:26:14:455,129769,185559
22.07,09-22-2026 23:26:14:465,129764,185547
22.08,09-22-2026 23:26:14:475,129766,185542
22.09,09-22-2026 23:26:14:485,129777,185547
22.1,09-22-2026 23:26:14:495,129786,185554
22.11,09-22-2026 23:26:14:505,129771,185578
22.12,09-22-2026 23:26:14:515,129769,185552
22.13,09-22-2026 23:26:14:525,129780,185566
22.14,09-22-2026 23:26:14:535,129773,185563
22.15,09-22-2026 23:26:14:545,129783,185556
22.16,09-22-2026 23:26:14:555,129774,185567
22.17,09-22-2026 23:26:14:565,129769,185567
22.18,09-22-2026 23:26:14:575,129772,185571
22.19,09-22-2026 23:26:14:585,129778,185580
22.2,09-22-2026 23:26:14:595,129757,185586
22.21,09-22-2026 23:26:14:605,129750,185574
22.22,09-22-2026 23:26:14:615,129761,185575
22.23,09-22-2026 23:26:14:625,129778,185579
22.24,09-22-2026 23:26:14:635,129761,185599
22.25,09-22-2026 23:26:14:645,129793,185579
22.26,09-22-2026 23:26:14:655,129769,185588
22.27,09-22-2026 23:26:14:665,129794,185609
22.28,09-22-2026 23:26:14:675,129773,185613
22.29,09-22-2026 23:26:14:685,129778,185589
22.3,09-22-2026 23:26:14:695,129789,185610
22.31,09-22-2026 23:26:14:705,129763,185613
22.32,09-22-2026 23:26:14:715,129768,185623
22.33,09-22-2026 23:26:14:725,129759,185640
22.34,09-22-2026 23:26:14:735,129787,185645
22.35,09-22-2026 23:26:14:745,129778,185639
22.36,09-22-2026 23:26:14:755,129785,185635
22.37,09-22-2026 23:26:14:765,129762,185640
22.38,09-22-2026 23:26:14:775,129772,185671
22.39,09-22-2026 23:26:14:785,129760,185664
22.4,09-22-2026 23:26:14:795,129762,185659
22.41,09-22-2026 23:26:14:805,129789,185655
22.42,09-22-2026 23:26:14:815,129780,185662
22.43,09-22-2026 23:26:14:825,129771,185692
22.44,09-22-2026 23:26:14:835,129780,185667
22.45,09-22-2026 23:26:14:845,129781,185673
22.46,09-22-2026 23:26:14:855,129792,185645
22.47,09-22-2026 23:26:14:865,129781,185641
22.48,09-22-2026 23:26:14:875,129775,185649
22.49,09-22-2026 23:26:14:885,129772,185624
22.5,09-22-2026 23:26:14:895,129785,185625
22.51,09-22-2026 23:26:14:905,129774,185624
22.52,09-22-2026 23:26:14:915,129786,185640
22.53,09-22-2026 23:26:14:925,129794,185610
22.54,09-22-2026 23:26:14:935,129791,185603
22.55,09-22-2026 23:26:14:945,129785,185603
22.56,09-22-2026 23:26:14:955,129799,185615
22.57,09-22-2026 23:26:14:965,129792,185592
22.58,09-22-2026 23:26:14:975,129810,185619
22.59,09-22-2026 23:26:14:985,129796,185573
22.6,09-22-2026 23:26:14:995,129807,185620
22.61,09-22-2026 23:26:15:005,129802,185562
22.62,09-22-2026 23:26:15:015,129794,185596
22.63,09-22-2026 23:26:15:025,129809,185565
22.64,09-22-2026 23:26:15:035,129806,185590
22.65,09-22-2026 23:26:15:045,129802,185550
22.66,09-22-2026 23:26:15:055,129800,185579
22.67,09-22-2026 23:26:15:065,129805,185540
22.68,09-22-2026 23:26:15:075,129805,185618
22.69,09-22-2026 23:26:15:085,129799,185556
22.7,09-22-2026 23:26:15:095,129799,185609
22.71,09-22-2026 23:26:15:105,129814,185561
22.72,09-22-2026 23:26:15:115,129806,185602
22.73,09-22-2026 23:26:15:125,129799,185553
22.74,09-22-2026 23:26:15:135,129806,185631
22.75,09-22-2026 23:26:15:145,129807,185544
22.76,09-22-2026 23:26:15:155,129809,185614
22.77,09-22-2026 23:26:15:165,129811,185563
22.78,09-22-2026 23:26:15:175,129808,185616
22.79,09-22-2026 23:26:15:185,129804,185574
22.8,09-22-2026 23:26:15:195,129797,185624
22.81,09-22-2026 23:26:15:205,129807,185594
22.82,09-22-2026 23:26:15:215,129802,185632
22.83,09-22-2026 23:26:15:225,129798,185594
22.84,09-22-2026 23:26:15:235,129805,185628
22.85,09-22-2026 23:26:15:245,129805,185612
22.86,09-22-2026 23:26:15:255,129777,185632
22.87,09-22-2026 23:26:15:265,129801,185621
22.88,09-22-2026 23:26:15:275,129804,185624
22.89,09-22-2026 23:26:15:285,129810,185623
22.9,09-22-2026 23:26:15:295,129792,185641
22.91,09-22-2026 23:26:15:305,129802,185653
22.92,09-22-2026 23:26:15:315,129789,185661
22.93,09-22-2026 23:26:15:325,129802,185675
22.94,09-22-2026 23:26:15:335,129810,185653
22.95,09-22-2026 23:26:15:345,129790,185674
22.96,09-22-2026 23:26:15:355,129809,185670
22.97,09-22-2026 23:26:15:365,129810,185685
22.98,09-22-2026 23:26:15:375,129800,185680
22.99,09-22-2026 23:26:15:385,129794,185714
23,09-22-2026 23:26:15:395,129825,185685
23.01,09-22-2026 23:26:15:405,129798,185712
23.02,09-22-2026 23:26:15:415,129799,185698
23.03,09-22-2026 23:26:15:425,129784,185710
23.04,09-22-2026 23:26:15:435,129795,185672
23.05,09-22-2026 23:26:15:445,129798,185707
23.06,09-22-2026 23:26:15:455,129798,185709
23.07,09-22-2026 23:26:15:465,129796,185733
23.08,09-22-2026 23:26:15:475,129794,185711
23.09,09-22-2026 23:26:15:485,129804,185733
23.1,09-22-2026 23:26:15:495,129787,185733
23.11,09-22-2026 23:26:15:505,129800,185748
23.12,09-22-2026 23:26:15:515,129811,185706
23.13,09-22-2026 23:26:15:525,129807,185750
23.14,09-22-2026 23:26:15:535,129789,185724
23.15,09-22-2026 23:26:15:545,129796,185745
23.16,09-22-2026 23:26:15:555,129800,185702
23.17,09-22-2026 23:26:15:565,129814,185735
23.18,09-22-2026 23:26:15:575,129820,185723
23.19,09-22-2026 23:26:15:585,129804,185713
23.2,09-22-2026 23:26:15:595,129817,185705
23.21,09-22-2026 23:26:15:605,129794,185687
23.22,09-22-2026 23:26:15:615,129811,185668
23.23,09-22-2026 23:26:15:625,129816,185690
23.24,09-22-2026 23:26:15:635,129811,185667
23.25,09-22-2026 23:26:15:645,129791,185698
23.26,09-22-2026 23:26:15:655,129818,185655
23.27,09-22-2026 23:26:15:665,129790,185694
23.28,09-22-2026 23:26:15:675,129817,185668
23.29,09-22-2026 23:26:15:685,129795,185687
23.3,09-22-2026 23:26:15:695,129808,185643
23.31,09-22-2026 23:26:15:705,129789,185664
23.32,09-22-2026 23:26:15:715,129811,185652
23.33,09-22-2026 23:26:15:725,129805,185633
23.34,09-22-2026 23:26:15:735,129821,185641
23.35,09-22-2026 23:26:15:745,129788,185654
23.36,09-22-2026 23:26:15:755,129826,185647
23.37,09-22-2026 23:26:15:765,129793,185650
23.38,09-22-2026 23:26:15:775,129813,185640
23.39,09-22-2026 23:26:15:785,129774,185640
23.4,09-22-2026 23:26:15:795,129822,185646
23.41,09-22-2026 23:26:15:805,129794,185631
23.42,09-22-2026 23:26:15:815,129830,185649
23.43,09-22-2026 23:26:15:825,129781,185643
23.44,09-22-2026 23:26:15:835,129839,185641
23.45,09-22-2026 23:26:15:845,129788,185628
23.46,09-22-2026 23:26:15:855,129826,185645
23.47,09-22-2026 23:26:15:865,129760,185651
23.48,09-22-2026 23:26:15:875,129826,185642
23.49,09-22-2026 23:26:15:885,129764,185632
23.5,09-22-2026 23:26:15:895,129821,185648
23.51,09-22-2026 23:26:15:905,129787,185653
23.52,09-22-2026 23:26:15:915,129825,185651
23.53,09-22-2026 23:26:15:925,129797,185667
23.54,09-22-2026 23:26:15:935,129823,185657
23.55,09-22-2026 23:26:15:945,129795,185657
23.56,09-22-2026 23:26:15:955,129832,185657
23.57,09-22-2026 23:26:15:965,129793,185650
23.58,09-22-2026 23:26:15:975,129815,185663
23.59,09-22-2026 23:26:15:985,129810,185650
23.6,09-22-2026 23:26:15:995,129836,185664
23.61,09-22-2026 23:26:16:005,129805,185671
23.62,09-22-2026 23:26:16:015,129809,185665
23.63,09-22-2026 23:26:16:025,129814,185688
23.64,09-22-2026 23:26:16:035,129814,185674
23.65,09-22-2026 23:26:16:045,129805,185696
23.66,09-22-2026 23:26:16:055,129818,185685
23.67,09-22-2026 23:26:16:065,129826,185687
23.68,09-22-2026 23:26:16:075,129817,185706
23.69,09-22-2026 23:26:16:085,129833,185697
23.7,09-22-2026 23:26:16:095,129813,185693
23.71,09-22-2026 23:26:16:105,129851,185705
23.72,09-22-2026 23:26:16:115,129812,185687
23.73,09-22-2026 23:26:16:125,129827,185703
23.74,09-22-2026 23:26:16:135,129827,185700
23.75,09-22-2026 23:26:16:145,129831,185713
23.76,09-22-2026 23:26:16:155,129825,185728
23.77,09-22-2026 23:26:16:165,129843,185729
23.78,09-22-2026 23:26:16:175,129806,185721
23.79,09-22-2026 23:26:16:185,129864,185719
23.8,09-22-2026 23:26:16:195,129821,185721
23.81,09-22-2026 23:26:16:205,129849,185730
23.82,09-22-2026 23:26:16:215,129824,185736
23.83,09-22-2026 23:26:16:225,129845,185741
23.84,09-22-2026 23:26:16:235,129815,185745
23.85,09-22-2026 23:26:16:245,129865,185744
23.86,09-22-2026 23:26:16:255,129829,185739
23.87,09-22-2026 23:26:16:265,129861,185721
23.88,09-22-2026 23:26:16:275,129811,185720
23.89,09-22-2026 23:26:16:285,129851,185736
23.9,09-22-2026 23:26:16:295,129823,185703
23.91,09-22-2026 23:26:16:305,129871,185705
23.92,09-22-2026 23:26:16:315,129834,185703
23.93,09-22-2026 23:26:16:325,129855,185706
23.94,09-22-2026 23:26:16:335,129802,185698
23.95,09-22-2026 23:26:16:345,129847,185697
23.96,09-22-2026 23:26:16:355,129833,185700
23.97,09-22-2026 23:26:16:365,129856,185697
23.98,09-22-2026 23:26:16:375,129820,185681
23.99,09-22-2026 23:26:16:385,129851,185690
24,09-22-2026 23:26:16:395,129820,185683
24.01,09-22-2026 23:26:16:405,129850,185683
24.02,09-22-2026 23:26:16:415,129828,185679
24.03,09-22-2026 23:26:16:425,129860,185681
24.04,09-22-2026 23:26:16:435,129812,185671
24.05,09-22-2026 23:26:16:445,129838,185662
24.06,09-22-2026 23:26:16:455,129832,185677
24.07,09-22-2026 23:26:16:465,129838,185650
24.08,09-22-2026 23:26:16:475,129834,185654
24.09,09-22-2026 23:26:16:485,129835,185652
24.1,09-22-2026 23:26:16:495,129849,185659
24.11,09-22-2026 23:26:16:505,129851,185669
24.12,09-22-2026 23:26:16:515,129840,185675
24.13,09-22-2026 23:26:16:525,129847,185655
24.14,09-22-2026 23:26:16:535,129858,185682
24.15,09-22-2026 23:26:16:545,129842,185670
24.16,09-22-2026 23:26:16:555,129845,185660
24.17,09-22-2026 23:26:16:565,129838,185655
24.18,09-22-2026 23:26:16:575,129849,185676
24.19,09-22-2026 23:26:16:585,129833,185675
24.2,09-22-2026 23:26:16:595,129859,185665
24.21,09-22-2026 23:26:16:605,129838,185683
24.22,09-22-2026 23:26:16:615,129826,185649
24.23,09-22-2026 23:26:16:625,129845,185668
24.24,09-22-2026 23:26:16:635,129858,185660
24.25,09-22-2026 23:26:16:645,129846,185678
24.26,09-22-2026 23:26:16:655,129847,185673
24.27,09-22-2026 23:26:16:665,129840,185670
24.28,09-22-2026 23:26:16:675,129845,185682
24.29,09-22-2026 23:26:16:685,129842,185688
24.3,09-22-2026 23:26:16:695,129842,185706
24.31,09-22-2026 23:26:16:705,129849,185682
24.32,09-22-2026 23:26:16:715,129848,185703
24.33,09-22-2026 23:26:16:725,129839,185692
24.34,09-22-2026 23:26:16:735,129841,185691
24.35,09-22-2026 23:26:16:745,129846,185703
24.36,09-22-2026 23:26:16:755,129853,185695
24.37,09-22-2026 23:26:16:765,129846,185710
24.38,09-22-2026 23:26:16:775,129854,185705
24.39,09-22-2026 23:26:16:785,129834,185713
24.4,09-22-2026 23:26:16:795,129849,185706
24.41,09-22-2026 23:26:16:805,129852,185710
24.42,09-22-2026 23:26:16:815,129841,185717
24.43,09-22-2026 23:26:16:825,129854,185719
24.44,09-22-2026 23:26:16:835,129840,185707
24.45,09-22-2026 23:26:16:845,129832,185738
24.46,09-22-2026 23:26:16:855,129850,185715
24.47,09-22-2026 23:26:16:865,129864,185733
24.48,09-22-2026 23:26:16:875,129854,185732
24.49,09-22-2026 23:26:16:885,129842,185759
24.5,09-22-2026 23:26:16:895,129846,185757
24.51,09-22-2026 23:26:16:905,129837,185743
24.52,09-22-2026 23:26:16:915,129834,185760
24.53,09-22-2026 23:26:16:925,129855,185746
24.54,09-22-2026 23:26:16:935,129844,185759
24.55,09-22-2026 23:26:16:945,129844,185761
24.56,09-22-2026 23:26:16:955,129840,185752
24.57,09-22-2026 23:26:16:965,129860,185767
24.58,09-22-2026 23:26:16:975,129849,185740
24.59,09-22-2026 23:26:16:985,129846,185797
24.6,09-22-2026 23:26:16:995,129835,185731
24.61,09-22-2026 23:26:17:005,129859,185756
24.62,09-22-2026 23:26:17:015,129849,185731
24.63,09-22-2026 23:26:17:025,129856,185756
24.64,09-22-2026 23:26:17:035,129865,185711
24.65,09-22-2026 23:26:17:045,129846,185728
24.66,09-22-2026 23:26:17:055,129845,185701
24.67,09-22-2026 23:26:17:065,129840,185709
24.68,09-22-2026 23:26:17:075,129852,185685
24.69,09-22-2026 23:26:17:085,129843,185739
24.7,09-22-2026 23:26:17:095,129848,185685
24.71,09-22-2026 23:26:17:105,129869,185725
24.72,09-22-2026 23:26:17:115,129854,185681
24.73,09-22-2026 23:26:17:125,129865,185719
24.74,09-22-2026 23:26:17:135,129844,185671
24.75,09-22-2026 23:26:17:145,129857,185698
24.76,09-22-2026 23:26:17:155,129869,185675
24.77,09-22-2026 23:26:17:165,129869,185707
24.78,09-22-2026 23:26:17:175,129850,185662
24.79,09-22-2026 23:26:17:185,129857,185700
24.8,09-22-2026 23:26:17:195,129861,185685
24.81,09-22-2026 23:26:17:205,129856,185703
24.82,09-22-2026 23:26:17:215,129850,185698
24.83,09-22-2026 23:26:17:225,129869,185733
24.84,09-22-2026 23:26:17:235,129866,185670
24.85,09-22-2026 23:26:17:245,129871,185708
24.86,09-22-2026 23:26:17:255,129854,185669
24.87,09-22-2026 23:26:17:265,129851,185734
24.88,09-22-2026 23:26:17:275,129872,185674
24.89,09-22-2026 23:26:17:285,129855,185718
24.9,09-22-2026 23:26:17:295,129854,185715
24.91,09-22-2026 23:26:17:305,129858,185700
24.92,09-22-2026 23:26:17:315,129858,185691
24.93,09-22-2026 23:26:17:325,129863,185730
24.94,09-22-2026 23:26:17:335,129865,185727
24.95,09-22-2026 23:26:17:345,129861,185722
24.96,09-22-2026 23:26:17:355,129852,185726
24.97,09-22-2026 23:26:17:365,129873,185720
24.98,09-22-2026 23:26:17:375,129863,185740
24.99,09-22-2026 23:26:17:385,129855,185719
25,09-22-2026 23:26:17:395,129859,185734
25.01,09-22-2026 23:26:17:405,129867,185736
25.02,09-22-2026 23:26:17:415,129854,185759
25.03,09-22-2026 23:26:17:425,129870,185729
25.04,09-22-2026 23:26:17:435,129854,185764
25.05,09-22-2026 23:26:17:445,129854,185746
25.06,09-22-2026 23:26:17:455,129871,185757
25.07,09-22-2026 23:26:17:465,129864,185734
25.08,09-22-2026 23:26:17:475,129854,185761
25.09,09-22-2026 23:26:17:485,129866,185757
25.1,09-22-2026 23:26:17:495,129866,185778
25.11,09-22-2026 23:26:17:505,129867,185765
25.12,09-22-2026 23:26:17:515,129871,185777
25.13,09-22-2026 23:26:17:525,129865,185765
25.14,09-22-2026 23:26:17:535,129867,185790
25.15,09-22-2026 23:26:17:545,129872,185753
25.16,09-22-2026 23:26:17:555,129879,185795
25.17,09-22-2026 23:26:17:565,129879,185773
25.18,09-22-2026 23:26:17:575,129855,185806
25.19,09-22-2026 23:26:17:585,129863,185770
25.2,09-22-2026 23:26:17:595,129859,185808
25.21,09-22-2026 23:26:17:605,129873,185774
25.22,09-22-2026 23:26:17:615,129870,185828
25.23,09-22-2026 23:26:17:625,129873,185798
25.24,09-22-2026 23:26:17:635,129857,185834
25.25,09-22-2026 23:26:17:645,129852,185792
25.26,09-22-2026 23:26:17:655,129863,185807
25.27,09-22-2026 23:26:17:665,129877,185802
25.28,09-22-2026 23:26:17:675,129843,185841
25.29,09-22-2026 23:26:17:685,129874,185807
25.3,09-22-2026 23:26:17:695,129852,185822
25.31,09-22-2026 23:26:17:705,129869,185823
25.32,09-22-2026 23:26:17:715,129859,185822
25.33,09-22-2026 23:26:17:725,129876,185814
25.34,09-22-2026 23:26:17:735,129853,185805
25.35,09-22-2026 23:26:17:745,129880,185792
25.36,09-22-2026 23:26:17:755,129852,185781
25.37,09-22-2026 23:26:17:765,129881,185796
25.38,09-22-2026 23:26:17:775,129864,185775
25.39,09-22-2026 23:26:17:785,129874,185773
25.4,09-22-2026 23:26:17:795,129854,185771
25.41,09-22-2026 23:26:17:805,129886,185786
25.42,09-22-2026 23:26:17:815,129836,185777
25.43,09-22-2026 23:26:17:825,129880,185777
25.44,09-22-2026 23:26:17:835,129840,185768
25.45,09-22-2026 23:26:17:845,129877,185782
25.46,09-22-2026 23:26:17:855,129826,185769
25.47,09-22-2026 23:26:17:865,129891,185762
25.48,09-22-2026 23:26:17:875,129836,185756
25.49,09-22-2026 23:26:17:885,129886,185769
25.5,09-22-2026 23:26:17:895,129833,185759
25.51,09-22-2026 23:26:17:905,129880,185753
25.52,09-22-2026 23:26:17:915,129832,185745
25.53,09-22-2026 23:26:17:925,129885,185758
25.54,09-22-2026 23:26:17:935,129857,185761
25.55,09-22-2026 23:26:17:945,129889,185762
25.56,09-22-2026 23:26:17:955,129863,185756
25.57,09-22-2026 23:26:17:965,129874,185758
25.58,09-22-2026 23:26:17:975,129874,185779
25.59,09-22-2026 23:26:17:985,129883,185767
25.6,09-22-2026 23:26:17:995,129875,185763
25.61,09-22-2026 23:26:18:005,129885,185757
25.62,09-22-2026 23:26:18:015,129877,185748
25.63,09-22-2026 23:26:18:025,129886,185764
25.64,09-22-2026 23:26:18:035,129884,185764
25.65,09-22-2026 23:26:18:045,129885,185747
25.66,09-22-2026 23:26:18:055,129897,185763
25.67,09-22-2026 23:26:18:065,129877,185768
25.68,09-22-2026 23:26:18:075,129896,185766
25.69,09-22-2026 23:26:18:085,129888,185768
25.7,09-22-2026 23:26:18:095,129879,185792
25.71,09-22-2026 23:26:18:105,129876,185791
25.72,09-22-2026 23:26:18:115,129915,185796
25.73,09-22-2026 23:26:18:125,129893,185776
25.74,09-22-2026 23:26:18:135,129900,185786
25.75,09-22-2026 23:26:18:145,129918,185769
25.76,09-22-2026 23:26:18:155,129904,185800
25.77,09-22-2026 23:26:18:165,129892,185797
25.78,09-22-2026 23:26:18:175,129929,185790
25.79,09-22-2026 23:26:18:185,129901,185777
25.8,09-22-2026 23:26:18:195,129913,185798
25.81,09-22-2026 23:26:18:205,129897,185797
25.82,09-22-2026 23:26:18:215,129913,185798
25.83,09-22-2026 23:26:18:225,129895,185812
25.84,09-22-2026 23:26:18:235,129907,185802
25.85,09-22-2026 23:26:18:245,129900,185818
25.86,09-22-2026 23:26:18:255,129919,185817
25.87,09-22-2026 23:26:18:265,129896,185824
25.88,09-22-2026 23:26:18:275,129944,185819
25.89,09-22-2026 23:26:18:285,129909,185826
25.9,09-22-2026 23:26:18:295,129935,185812
25.91,09-22-2026 23:26:18:305,129906,185827
25.92,09-22-2026 23:26:18:315,129914,185834
25.93,09-22-2026 23:26:18:325,129898,185845
25.94,09-22-2026 23:26:18:335,129922,185841
25.95,09-22-2026 23:26:18:345,129886,185853
25.96,09-22-2026 23:26:18:355,129902,185845
25.97,09-22-2026 23:26:18:365,129877,185848
25.98,09-22-2026 23:26:18:375,129913,185854
25.99,09-22-2026 23:26:18:385,129910,185847
26,09-22-2026 23:26:18:395,129924,185864
26.01,09-22-2026 23:26:18:405,129912,185843
26.02,09-22-2026 23:26:18:415,129916,185868
26.03,09-22-2026 23:26:18:425,129903,185864
26.04,09-22-2026 23:26:18:435,129943,185874
26.05,09-22-2026 23:26:18:445,129896,185886
26.06,09-22-2026 23:26:18:455,129914,185869
26.07,09-22-2026 23:26:18:465,129911,185873
26.08,09-22-2026 23:26:18:475,129900,185879
26.09,09-22-2026 23:26:18:485,129910,185890
26.1,09-22-2026 23:26:18:495,129906,185907
26.11,09-22-2026 23:26:18:505,129901,185892
26.12,09-22-2026 23:26:18:515,129924,185905
26.13,09-22-2026 23:26:18:525,129898,185902
26.14,09-22-2026 23:26:18:535,129900,185913
26.15,09-22-2026 23:26:18:545,129896,185898
26.16,09-22-2026 23:26:18:555,129903,185909
26.17,09-22-2026 23:26:18:565,129913,185876
26.18,09-22-2026 23:26:18:575,129918,185897
26.19,09-22-2026 23:26:18:585,129912,185889
26.2,09-22-2026 23:26:18:595,129895,185888
26.21,09-22-2026 23:26:18:605,129893,185857
26.22,09-22-2026 23:26:18:615,129906,185893
26.23,09-22-2026 23:26:18:625,129907,185875
26.24,09-22-2026 23:26:18:635,129917,185878
26.25,09-22-2026 23:26:18:645,129927,185885
26.26,09-22-2026 23:26:18:655,129912,185873
26.27,09-22-2026 23:26:18:665,129904,185865
26.28,09-22-2026 23:26:18:675,129908,185863
26.29,09-22-2026 23:26:18:685,129917,185868
26.3,09-22-2026 23:26:18:695,129910,185868
26.31,09-22-2026 23:26:18:705,129913,185862
26.32,09-22-2026 23:26:18:715,129918,185858
26.33,09-22-2026 23:26:18:725,129905,185861
26.34,09-22-2026 23:26:18:735,129909,185848
26.35,09-22-2026 23:26:18:745,129926,185837
26.36,09-22-2026 23:26:18:755,129911,185848
26.37,09-22-2026 23:26:18:765,129907,185842
26.38,09-22-2026 23:26:18:775,129917,185845
26.39,09-22-2026 23:26:18:785,129912,185855
26.4,09-22-2026 23:26:18:795,129902,185856
26.41,09-22-2026 23:26:18:805,129920,185880
26.42,09-22-2026 23:26:18:815,129915,185874
26.43,09-22-2026 23:26:18:825,129915,185873
26.44,09-22-2026 23:26:18:835,129922,185866
26.45,09-22-2026 23:26:18:845,129914,185858
26.46,09-22-2026 23:26:18:855,129912,185874
26.47,09-22-2026 23:26:18:865,129921,185856
26.48,09-22-2026 23:26:18:875,129930,185864
26.49,09-22-2026 23:26:18:885,129912,185872
26.5,09-22-2026 23:26:18:895,129914,185859
26.51,09-22-2026 23:26:18:905,129921,185869
26.52,09-22-2026 23:26:18:915,129920,185881
26.53,09-22-2026 23:26:18:925,129916,185872
26.54,09-22-2026 23:26:18:935,129921,185883
26.55,09-22-2026 23:26:18:945,129926,185885
26.56,09-22-2026 23:26:18:955,129922,185887
26.57,09-22-2026 23:26:18:965,129943,185877
26.58,09-22-2026 23:26:18:975,129939,185893
26.59,09-22-2026 23:26:18:985,129922,185881
26.6,09-22-2026 23:26:18:995,129915,185891
26.61,09-22-2026 23:26:19:005,129933,185869
26.62,09-22-2026 23:26:19:015,129925,185899
26.63,09-22-2026 23:26:19:025,129917,185873
26.64,09-22-2026 23:26:19:035,129919,185889
26.65,09-22-2026 23:26:19:045,129918,185898
26.66,09-22-2026 23:26:19:055,129938,185917
26.67,09-22-2026 23:26:19:065,129932,185892
26.68,09-22-2026 23:26:19:075,129921,185933
26.69,09-22-2026 23:26:19:085,129932,185905
26.7,09-22-2026 23:26:19:095,129918,185931
26.71,09-22-2026 23:26:19:105,129921,185897
26.72,09-22-2026 23:26:19:115,129922,185925
26.73,09-22-2026 23:26:19:125,129927,185899
26.74,09-22-2026 23:26:19:135,129937,185940
26.75,09-22-2026 23:26:19:145,129915,185854
26.76,09-22-2026 23:26:19:155,129936,185943
26.77,09-22-2026 23:26:19:165,129917,185894
26.78,09-22-2026 23:26:19:175,129930,185953
26.79,09-22-2026 23:26:19:185,129940,185887
26.8,09-22-2026 23:26:19:195,129933,185958
26.81,09-22-2026 23:26:19:205,129934,185886
26.82,09-22-2026 23:26:19:215,129931,185960
26.83,09-22-2026 23:26:19:225,129950,185918
26.84,09-22-2026 23:26:19:235,129939,185956
26.85,09-22-2026 23:26:19:245,129944,185921
26.86,09-22-2026 23:26:19:255,129934,185977
26.87,09-22-2026 23:26:19:265,129921,185943
26.88,09-22-2026 23:26:19:275,129926,185968
26.89,09-22-2026 23:26:19:285,129929,185959
26.9,09-22-2026 23:26:19:295,129940,185983
26.91,09-22-2026 23:26:19:305,129927,185960
26.92,09-22-2026 23:26:19:315,129942,186006
26.93,09-22-2026 23:26:19:325,129930,185984
26.94,09-22-2026 23:26:19:335,129939,186011
26.95,09-22-2026 23:26:19:345,129943,186024
26.96,09-22-2026 23:26:19:355,129946,186020
26.97,09-22-2026 23:26:19:365,129929,186025
26.98,09-22-2026 23:26:19:375,129933,186018
26.99,09-22-2026 23:26:19:385,129942,186037
27,09-22-2026 23:26:19:395,129952,186027
27.01,09-22-2026 23:26:19:405,129932,186036
27.02,09-22-2026 23:26:19:415,129937,186009
27.03,09-22-2026 23:26:19:425,129928,186007
27.04,09-22-2026 23:26:19:435,129941,186008
27.05,09-22-2026 23:26:19:445,129942,186019
27.06,09-22-2026 23:26:19:455,129946,185999
27.07,09-22-2026 23:26:19:465,129939,186020
27.08,09-22-2026 23:26:19:475,129930,185981
27.09,09-22-2026 23:26:19:485,129932,186005
27.1,09-22-2026 23:26:19:495,129942,185981
27.11,09-22-2026 23:26:19:505,129944,186014
27.12,09-22-2026 23:26:19:515,129952,185977
27.13,09-22-2026 23:26:19:525,129949,186014
27.14,09-22-2026 23:26:19:535,129943,185988
27.15,09-22-2026 23:26:19:545,129937,186022
27.16,09-22-2026 23:26:19:555,129955,185998
27.17,09-22-2026 23:26:19:565,129933,186026
27.18,09-22-2026 23:26:19:575,129948,185970
27.19,09-22-2026 23:26:19:585,129942,186011
27.2,09-22-2026 23:26:19:595,129920,185975
27.21,09-22-2026 23:26:19:605,129939,186017
27.22,09-22-2026 23:26:19:615,129931,185965
27.23,09-22-2026 23:26:19:625,129937,186033
27.24,09-22-2026 23:26:19:635,129938,185976
27.25,09-22-2026 23:26:19:645,129937,186011
27.26,09-22-2026 23:26:19:655,129963,185996
27.27,09-22-2026 23:26:19:665,129929,186003
27.28,09-22-2026 23:26:19:675,129961,185997
27.29,09-22-2026 23:26:19:685,129922,186012
27.3,09-22-2026 23:26:19:695,129951,185996
27.31,09-22-2026 23:26:19:705,129901,186014
27.32,09-22-2026 23:26:19:715,129939,185983
27.33,09-22-2026 23:26:19:725,129916,186032
27.34,09-22-2026 23:26:19:735,129951,186010
27.35,09-22-2026 23:26:19:745,129896,185995
27.36,09-22-2026 23:26:19:755,129937,186000
27.37,09-22-2026 23:26:19:765,129902,186016
27.38,09-22-2026 23:26:19:775,129935,186002
27.39,09-22-2026 23:26:19:785,129898,186007
27.4,09-22-2026 23:26:19:795,129946,185998
27.41,09-22-2026 23:26:19:805,129904,186000
27.42,09-22-2026 23:26:19:815,129949,186009
27.43,09-22-2026 23:26:19:825,129887,186029
27.44,09-22-2026 23:26:19:835,129936,186002
27.45,09-22-2026 23:26:19:845,129887,186024
27.46,09-22-2026 23:26:19:855,129945,186006
27.47,09-22-2026 23:26:19:865,129879,186025
27.48,09-22-2026 23:26:19:875,129937,186042
27.49,09-22-2026 23:26:19:885,129883,186032
27.5,09-22-2026 23:26:19:895,129919,186036
27.51,09-22-2026 23:26:19:905,129863,186054
27.52,09-22-2026 23:26:19:915,129921,186034
27.53,09-22-2026 23:26:19:925,129895,186062
27.54,09-22-2026 23:26:19:935,129922,186034
27.55,09-22-2026 23:26:19:945,129895,186041
27.56,09-22-2026 23:26:19:955,129927,186041
27.57,09-22-2026 23:26:19:965,129899,186054
27.58,09-22-2026 23:26:19:975,129930,186064
27.59,09-22-2026 23:26:19:985,129903,186051
27.6,09-22-2026 23:26:19:995,129909,186061
27.61,09-22-2026 23:26:20:005,129889,186053
27.62,09-22-2026 23:26:20:015,129931,186059
27.63,09-22-2026 23:26:20:025,129902,186048
27.64,09-22-2026 23:26:20:035,129928,186063
27.65,09-22-2026 23:26:20:045,129912,186074
27.66,09-22-2026 23:26:20:055,129932,186051
27.67,09-22-2026 23:26:20:065,129949,186067
27.68,09-22-2026 23:26:20:075,129932,186066
27.69,09-22-2026 23:26:20:085,129932,186084
27.7,09-22-2026 23:26:20:095,129931,186078
27.71,09-22-2026 23:26:20:105,129946,186068
27.72,09-22-2026 23:26:20:115,129921,186077
27.73,09-22-2026 23:26:20:125,129930,186073
27.74,09-22-2026 23:26:20:135,129931,186096
27.75,09-22-2026 23:26:20:145,129947,186084
27.76,09-22-2026 23:26:20:155,129910,186092
27.77,09-22-2026 23:26:20:165,129943,186094
27.78,09-22-2026 23:26:20:175,129920,186113
27.79,09-22-2026 23:26:20:185,129956,186083
27.8,09-22-2026 23:26:20:195,129912,186107
27.81,09-22-2026 23:26:20:205,129958,186097
27.82,09-22-2026 23:26:20:215,129920,186100
27.83,09-22-2026 23:26:20:225,129956,186086
27.84,09-22-2026 23:26:20:235,129924,186081
27.85,09-22-2026 23:26:20:245,129953,186085
27.86,09-22-2026 23:26:20:255,129925,186061
27.87,09-22-2026 23:26:20:265,129955,186057
27.88,09-22-2026 23:26:20:275,129932,186062
27.89,09-22-2026 23:26:20:285,129941,186049
27.9,09-22-2026 23:26:20:295,129926,186070
27.91,09-22-2026 23:26:20:305,129944,186055
27.92,09-22-2026 23:26:20:315,129935,186046
27.93,09-22-2026 23:26:20:325,129943,186072
27.94,09-22-2026 23:26:20:335,129921,186041
27.95,09-22-2026 23:26:20:345,129955,186051
27.96,09-22-2026 23:26:20:355,129920,186035
27.97,09-22-2026 23:26:20:365,129959,186047
27.98,09-22-2026 23:26:20:375,129926,186035
27.99,09-22-2026 23:26:20:385,129946,186025
28,09-22-2026 23:26:20:395,129938,186019
28.01,09-22-2026 23:26:20:405,129942,186040
28.02,09-22-2026 23:26:20:415,129913,186022
28.03,09-22-2026 23:26:20:425,129943,186021
28.04,09-22-2026 23:26:20:435,129917,186028
28.05,09-22-2026 23:26:20:445,129943,186046
28.06,09-22-2026 23:26:20:455,129920,186015
28.07,09-22-2026 23:26:20:465,129930,186051
28.08,09-22-2026 23:26:20:475,129932,186036
28.09,09-22-2026 23:26:20:485,129918,186045
28.1,09-22-2026 23:26:20:495,129931,186047
28.11,09-22-2026 23:26:20:505,129934,186054
28.12,09-22-2026 23:26:20:515,129933,186034
28.13,09-22-2026 23:26:20:525,129922,186039
28.14,09-22-2026 23:26:20:535,129925,186047
28.15,09-22-2026 23:26:20:545,129938,186040
28.16,09-22-2026 23:26:20:555,129918,186043
28.17,09-22-2026 23:26:20:565,129939,186042
28.18,09-22-2026 23:26:20:575,129939,186046
28.19,09-22-2026 23:26:20:585,129939,186034
28.2,09-22-2026 23:26:20:595,129913,186055
28.21,09-22-2026 23:26:20:605,129924,186065
28.22,09-22-2026 23:26:20:615,129920,186052
28.23,09-22-2026 23:26:20:625,129934,186053
28.24,09-22-2026 23:26:20:635,129919,186060
28.25,09-22-2026 23:26:20:645,129949,186065
28.26,09-22-2026 23:26:20:655,129943,186050
28.27,09-22-2026 23:26:20:665,129940,186088
28.28,09-22-2026 23:26:20:675,129933,186069
28.29,09-22-2026 23:26:20:685,129930,186075
28.3,09-22-2026 23:26:20:695,129937,186096
28.31,09-22-2026 23:26:20:705,129935,186081
28.32,09-22-2026 23:26:20:715,129923,186072
28.33,09-22-2026 23:26:20:725,129934,186075
28.34,09-22-2026 23:26:20:735,129925,186071
28.35,09-22-2026 23:26:20:745,129936,186088
28.36,09-22-2026 23:26:20:755,129937,186081
28.37,09-22-2026 23:26:20:765,129927,186071
28.38,09-22-2026 23:26:20:775,129927,186099
28.39,09-22-2026 23:26:20:785,129910,186100
28.4,09-22-2026 23:26:20:795,129930,186096
28.41,09-22-2026 23:26:20:805,129921,186094
28.42,09-22-2026 23:26:20:815,129924,186084
28.43,09-22-2026 23:26:20:825,129941,186087
28.44,09-22-2026 23:26:20:835,129916,186096
28.45,09-22-2026 23:26:20:845,129930,186101
28.46,09-22-2026 23:26:20:855,129915,186111
28.47,09-22-2026 23:26:20:865,129908,186108
28.48,09-22-2026 23:26:20:875,129933,186112
28.49,09-22-2026 23:26:20:885,129921,186114
28.5,09-22-2026 23:26:20:895,129924,186107
28.51,09-22-2026 23:26:20:905,129908,186102
28.52,09-22-2026 23:26:20:915,129928,186087
28.53,09-22-2026 23:26:20:925,129923,186125
28.54,09-22-2026 23:26:20:935,129912,186110
28.55,09-22-2026 23:26:20:945,129915,186112
28.56,09-22-2026 23:26:20:955,129895,186123
28.57,09-22-2026 23:26:20:965,129911,186136
28.58,09-22-2026 23:26:20:975,129918,186122
28.59,09-22-2026 23:26:20:985,129917,186129
28.6,09-22-2026 23:26:20:995,129913,186112
28.61,09-22-2026 23:26:21:005,129909,186135
28.62,09-22-2026 23:26:21:015,129915,186102
28.63,09-22-2026 23:26:21:025,129923,186139
28.64,09-22-2026 23:26:21:035,129898,186115
28.65,09-22-2026 23:26:21:045,129902,186159
28.66,09-22-2026 23:26:21:055,129904,186131
28.67,09-22-2026 23:26:21:065,129917,186162
28.68,09-22-2026 23:26:21:075,129901,186092
28.69,09-22-2026 23:26:21:085,129926,186148
28.7,09-22-2026 23:26:21:095,129926,186069
28.71,09-22-2026 23:26:21:105,129902,186126
28.72,09-22-2026 23:26:21:115,129898,186061
28.73,09-22-2026 23:26:21:125,129912,186126
28.74,09-22-2026 23:26:21:135,129908,186053
28.75,09-22-2026 23:26:21:145,129903,186112
28.76,09-22-2026 23:26:21:155,129910,186040
28.77,09-22-2026 23:26:21:165,129901,186119
28.78,09-22-2026 23:26:21:175,129907,186060
28.79,09-22-2026 23:26:21:185,129890,186118
28.8,09-22-2026 23:26:21:195,129898,186085
28.81,09-22-2026 23:26:21:205,129907,186113
28.82,09-22-2026 23:26:21:215,129899,186083
28.83,09-22-2026 23:26:21:225,129905,186100
28.84,09-22-2026 23:26:21:235,129890,186060
28.85,09-22-2026 23:26:21:245,129908,186102
28.86,09-22-2026 23:26:21:255,129896,186061
28.87,09-22-2026 23:26:21:265,129915,186106
28.88,09-22-2026 23:26:21:275,129892,186090
28.89,09-22-2026 23:26:21:285,129886,186086
28.9,09-22-2026 23:26:21:295,129927,186088
28.91,09-22-2026 23:26:21:305,129910,186094
28.92,09-22-2026 23:26:21:315,129928,186101
28.93,09-22-2026 23:26:21:325,129915,186105
28.94,09-22-2026 23:26:21:335,129904,186086
28.95,09-22-2026 23:26:21:345,129908,186102
28.96,09-22-2026 23:26:21:355,129913,186100
28.97,09-22-2026 23:26:21:365,129909,186103
28.98,09-22-2026 23:26:21:375,129904,186114
28.99,09-22-2026 23:26:21:385,129930,186095
29,09-22-2026 23:26:21:395,129901,186123
29.01,09-22-2026 23:26:21:405,129909,186086
29.02,09-22-2026 23:26:21:415,129916,186117
29.03,09-22-2026 23:26:21:425,129888,186077
29.04,09-22-2026 23:26:21:435,129911,186100
29.05,09-22-2026 23:26:21:445,129903,186096
29.06,09-22-2026 23:26:21:455,129913,186117
29.07,09-22-2026 23:26:21:465,129908,186076
29.08,09-22-2026 23:26:21:475,129902,186148
29.09,09-22-2026 23:26:21:485,129897,186102
29.1,09-22-2026 23:26:21:495,129872,186127
29.11,09-22-2026 23:26:21:505,129890,186103
29.12,09-22-2026 23:26:21:515,129886,186119
29.13,09-22-2026 23:26:21:525,129901,186090
29.14,09-22-2026 23:26:21:535,129890,186131
29.15,09-22-2026 23:26:21:545,129892,186084
29.16,09-22-2026 23:26:21:555,129881,186140
29.17,09-22-2026 23:26:21:565,129907,186102
29.18,09-22-2026 23:26:21:575,129875,186120
29.19,09-22-2026 23:26:21:585,129879,186110
29.2,09-22-2026 23:26:21:595,129879,186137
29.21,09-22-2026 23:26:21:605,129875,186114
29.22,09-22-2026 23:26:21:615,129880,186139
29.23,09-22-2026 23:26:21:625,129867,186111
29.24,09-22-2026 23:26:21:635,129875,186148
29.25,09-22-2026 23:26:21:645,129869,186094
29.26,09-22-2026 23:26:21:655,129845,186128
29.27,09-22-2026 23:26:21:665,129892,186114
29.28,09-22-2026 23:26:21:675,129838,186122
29.29,09-22-2026 23:26:21:685,129879,186131
29.3,09-22-2026 23:26:21:695,129834,186120
29.31,09-22-2026 23:26:21:705,129884,186105
29.32,09-22-2026 23:26:21:715,129840,186123
29.33,09-22-2026 23:26:21:725,129861,186139
29.34,09-22-2026 23:26:21:735,129827,186124
29.35,09-22-2026 23:26:21:745,129877,186135
29.36,09-22-2026 23:26:21:755,129837,186137
29.37,09-22-2026 23:26:21:765,129882,186139
29.38,09-22-2026 23:26:21:775,129838,186165
29.39,09-22-2026 23:26:21:785,129890,186162
29.4,09-22-2026 23:26:21:795,129824,186136
29.41,09-22-2026 23:26:21:805,129871,186138
29.42,09-22-2026 23:26:21:815,129849,186160
29.43,09-22-2026 23:26:21:825,129864,186151
29.44,09-22-2026 23:26:21:835,129850,186142
29.45,09-22-2026 23:26:21:845,129869,186133
29.46,09-22-2026 23:26:21:855,129849,186137
29.47,09-22-2026 23:26:21:865,129864,186118
29.48,09-22-2026 23:26:21:875,129854,186102
29.49,09-22-2026 23:26:21:885,129858,186118
29.5,09-22-2026 23:26:21:895,129854,186110
29.51,09-22-2026 23:26:21:905,129863,186103
29.52,09-22-2026 23:26:21:915,129860,186096
29.53,09-22-2026 23:26:21:925,129881,186080
29.54,09-22-2026 23:26:21:935,129866,186102
29.55,09-22-2026 23:26:21:945,129858,186093
29.56,09-22-2026 23:26:21:955,129866,186112
29.57,09-22-2026 23:26:21:965,129871,186076
29.58,09-22-2026 23:26:21:975,129887,186083
29.59,09-22-2026 23:26:21:985,129876,186062
29.6,09-22-2026 23:26:21:995,129882,186060
29.61,09-22-2026 23:26:22:005,129854,186060
29.62,09-22-2026 23:26:22:015,129889,186080
29.63,09-22-2026 23:26:22:025,129867,186060
29.64,09-22-2026 23:26:22:035,129888,186071
29.65,09-22-2026 23:26:22:045,129878,186063
29.66,09-22-2026 23:26:22:055,129893,186071
29.67,09-22-2026 23:26:22:065,129863,186054
29.68,09-22-2026 23:26:22:075,129885,186065
29.69,09-22-2026 23:26:22:085,129862,186069
29.7,09-22-2026 23:26:22:095,129877,186044
29.71,09-22-2026 23:26:22:105,129862,186058
29.72,09-22-2026 23:26:22:115,129889,186059
29.73,09-22-2026 23:26:22:125,129863,186075
29.74,09-22-2026 23:26:22:135,129879,186055
29.75,09-22-2026 23:26:22:145,129861,186056
29.76,09-22-2026 23:26:22:155,129891,186045
29.77,09-22-2026 23:26:22:165,129856,186054
29.78,09-22-2026 23:26:22:175,129881,186060
29.79,09-22-2026 23:26:22:185,129864,186060
29.8,09-22-2026 23:26:22:195,129892,186052
29.81,09-22-2026 23:26:22:205,129847,186067
29.82,09-22-2026 23:26:22:215,129855,186064
29.83,09-22-2026 23:26:22:225,129839,186048
29.84,09-22-2026 23:26:22:235,129861,186062
29.85,09-22-2026 23:26:22:245,129839,186047
29.86,09-22-2026 23:26:22:255,129835,186056
29.87,09-22-2026 23:26:22:265,129823,186052
29.88,09-22-2026 23:26:22:275,129870,186066
29.89,09-22-2026 23:26:22:285,129838,186044
29.9,09-22-2026 23:26:22:295,129840,186070
29.91,09-22-2026 23:26:22:305,129841,186058
29.92,09-22-2026 23:26:22:315,129839,186075
29.93,09-22-2026 23:26:22:325,129829,186075
29.94,09-22-2026 23:26:22:335,129827,186074
29.95,09-22-2026 23:26:22:345,129827,186072
29.96,09-22-2026 23:26:22:355,129829,186062
29.97,09-22-2026 23:26:22:365,129828,186070
29.98,09-22-2026 23:26:22:375,129847,186066
29.99,09-22-2026 23:26:22:385,129810,186077
30,09-22-2026 23:26:22:395,129810,186071
30.01,09-22-2026 23:26:22:405,129821,186087
30.02,09-22-2026 23:26:22:415,129818,186078
30.03,09-22-2026 23:26:22:425,129820,186098
30.04,09-22-2026 23:26:22:435,129823,186073
30.05,09-22-2026 23:26:22:445,129828,186084
30.06,09-22-2026 23:26:22:455,129829,186092
30.07,09-22-2026 23:26:22:465,129832,186090
30.08,09-22-2026 23:26:22:475,129811,186087
30.09,09-22-2026 23:26:22:485,129820,186118
30.1,09-22-2026 23:26:22:495,129805,186091
30.11,09-22-2026 23:26:22:505,129819,186088
30.12,09-22-2026 23:26:22:515,129816,186084
30.13,09-22-2026 23:26:22:525,129821,186087
30.14,09-22-2026 23:26:22:535,129808,186069
30.15,09-22-2026 23:26:22:545,129797,186045
30.16,09-22-2026 23:26:22:555,129816,186065
30.17,09-22-2026 23:26:22:565,129810,186063
30.18,09-22-2026 23:26:22:575,129824,186059
30.19,09-22-2026 23:26:22:585,129804,186038
30.2,09-22-2026 23:26:22:595,129810,186042
30.21,09-22-2026 23:26:22:605,129819,186043
30.22,09-22-2026 23:26:22:615,129814,186021
30.23,09-22-2026 23:26:22:625,129809,186043
30.24,09-22-2026 23:26:22:635,129799,186034
30.25,09-22-2026 23:26:22:645,129823,185999
30.26,09-22-2026 23:26:22:655,129797,186011
30.27,09-22-2026 23:26:22:665,129798,186007
30.28,09-22-2026 23:26:22:675,129808,186001
30.29,09-22-2026 23:26:22:685,129794,185984
30.3,09-22-2026 23:26:22:695,129804,185982
30.31,09-22-2026 23:26:22:705,129820,185967
30.32,09-22-2026 23:26:22:715,129808,185964
30.33,09-22-2026 23:26:22:725,129802,185973
30.34,09-22-2026 23:26:22:735,129801,185990
30.35,09-22-2026 23:26:22:745,129800,185947
30.36,09-22-2026 23:26:22:755,129804,185970
30.37,09-22-2026 23:26:22:765,129805,185964
30.38,09-22-2026 23:26:22:775,129807,185986
30.39,09-22-2026 23:26:22:785,129801,185982
30.4,09-22-2026 23:26:22:795,129801,185982
30.41,09-22-2026 23:26:22:805,129805,185978
30.42,09-22-2026 23:26:22:815,129804,185967
30.43,09-22-2026 23:26:22:825,129810,185969
30.44,09-22-2026 23:26:22:835,129808,185938
30.45,09-22-2026 23:26:22:845,129807,185947
30.46,09-22-2026 23:26:22:855,129801,185920
30.47,09-22-2026 23:26:22:865,129799,185964
30.48,09-22-2026 23:26:22:875,129806,185932
30.49,09-22-2026 23:26:22:885,129802,185965
30.5,09-22-2026 23:26:22:895,129778,185928
30.51,09-22-2026 23:26:22:905,129789,185967
30.52,09-22-2026 23:26:22:915,129788,185914
30.53,09-22-2026 23:26:22:925,129806,185981
30.54,09-22-2026 23:26:22:935,129787,185920
30.55,09-22-2026 23:26:22:945,129784,185955
30.56,09-22-2026 23:26:22:955,129784,185913
30.57,09-22-2026 23:26:22:965,129771,185965
30.58,09-22-2026 23:26:22:975,129787,185920
30.59,09-22-2026 23:26:22:985,129775,185992
30.6,09-22-2026 23:26:22:995,129765,185897
30.61,09-22-2026 23:26:23:005,129764,185978
30.62,09-22-2026 23:26:23:015,129757,185903
30.63,09-22-2026 23:26:23:025,129757,185971
30.64,09-22-2026 23:26:23:035,129763,185900
30.65,09-22-2026 23:26:23:045,129764,185964
30.66,09-22-2026 23:26:23:055,129768,185943
30.67,09-22-2026 23:26:23:065,129748,185992
30.68,09-22-2026 23:26:23:075,129762,185935
30.69,09-22-2026 23:26:23:085,129766,185971
30.7,09-22-2026 23:26:23:095,129754,185970
30.71,09-22-2026 23:26:23:105,129775,185964
30.72,09-22-2026 23:26:23:115,129745,185959
30.73,09-22-2026 23:26:23:125,129755,185982
30.74,09-22-2026 23:26:23:135,129745,185951
30.75,09-22-2026 23:26:23:145,129758,185999
30.76,09-22-2026 23:26:23:155,129762,186003
30.77,09-22-2026 23:26:23:165,129759,185999
30.78,09-22-2026 23:26:23:175,129754,186023
30.79,09-22-2026 23:26:23:185,129740,186013
30.8,09-22-2026 23:26:23:195,129737,186017
30.81,09-22-2026 23:26:23:205,129746,186004
30.82,09-22-2026 23:26:23:215,129762,186033
30.83,09-22-2026 23:26:23:225,129751,186009
30.84,09-22-2026 23:26:23:235,129734,186021
30.85,09-22-2026 23:26:23:245,129750,186002
30.86,09-22-2026 23:26:23:255,129723,185998
30.87,09-22-2026 23:26:23:265,129757,185973
30.88,09-22-2026 23:26:23:275,129747,186002
30.89,09-22-2026 23:26:23:285,129752,185965
30.9,09-22-2026 23:26:23:295,129735,185963
30.91,09-22-2026 23:26:23:305,129750,185938
30.92,09-22-2026 23:26:23:315,129736,185995
30.93,09-22-2026 23:26:23:325,129756,185940
30.94,09-22-2026 23:26:23:335,129740,185962
30.95,09-22-2026 23:26:23:345,129749,185929
30.96,09-22-2026 23:26:23:355,129752,185985
30.97,09-22-2026 23:26:23:365,129737,185923
30.98,09-22-2026 23:26:23:375,129738,185930
30.99,09-22-2026 23:26:23:385,129757,185905
31,09-22-2026 23:26:23:395,129730,185937
31.01,09-22-2026 23:26:23:405,129732,185897
31.02,09-22-2026 23:26:23:415,129732,185910
31.03,09-22-2026 23:26:23:425,129739,185877
31.04,09-22-2026 23:26:23:435,129737,185886
31.05,09-22-2026 23:26:23:445,129745,185836
31.06,09-22-2026 23:26:23:455,129731,185858
31.07,09-22-2026 23:26:23:465,129744,185840
31.08,09-22-2026 23:26:23:475,129730,185867
31.09,09-22-2026 23:26:23:485,129738,185846
31.1,09-22-2026 23:26:23:495,129718,185873
31.11,09-22-2026 23:26:23:505,129728,185853
31.12,09-22-2026 23:26:23:515,129719,185858
31.13,09-22-2026 23:26:23:525,129761,185856
31.14,09-22-2026 23:26:23:535,129734,185836
31.15,09-22-2026 23:26:23:545,129750,185849
31.16,09-22-2026 23:26:23:555,129695,185836
31.17,09-22-2026 23:26:23:565,129742,185846
31.18,09-22-2026 23:26:23:575,129711,185843
31.19,09-22-2026 23:26:23:585,129761,185850
31.2,09-22-2026 23:26:23:595,129703,185850
31.21,09-22-2026 23:26:23:605,129743,185842
31.22,09-22-2026 23:26:23:615,129697,185834
31.23,09-22-2026 23:26:23:625,129745,185841
31.24,09-22-2026 23:26:23:635,129707,185819
31.25,09-22-2026 23:26:23:645,129744,185836
31.26,09-22-2026 23:26:23:655,129706,185832
31.27,09-22-2026 23:26:23:665,129745,185848
31.28,09-22-2026 23:26:23:675,129694,185850
31.29,09-22-2026 23:26:23:685,129758,185849
31.3,09-22-2026 23:26:23:695,129709,185832
31.31,09-22-2026 23:26:23:705,129757,185815
31.32,09-22-2026 23:26:23:715,129733,185844
31.33,09-22-2026 23:26:23:725,129756,185838
31.34,09-22-2026 23:26:23:735,129714,185860
31.35,09-22-2026 23:26:23:745,129741,185862
31.36,09-22-2026 23:26:23:755,129730,185864
31.37,09-22-2026 23:26:23:765,129736,185875
31.38,09-22-2026 23:26:23:775,129718,185856
31.39,09-22-2026 23:26:23:785,129739,185864
31.4,09-22-2026 23:26:23:795,129722,185851
31.41,09-22-2026 23:26:23:805,129733,185860
31.42,09-22-2026 23:26:23:815,129724,185863
31.43,09-22-2026 23:26:23:825,129730,185871
31.44,09-22-2026 23:26:23:835,129736,185861
31.45,09-22-2026 23:26:23:845,129724,185872
31.46,09-22-2026 23:26:23:855,129742,185867
31.47,09-22-2026 23:26:23:865,129725,185873
31.48,09-22-2026 23:26:23:875,129744,185878
31.49,09-22-2026 23:26:23:885,129714,185877
31.5,09-22-2026 23:26:23:895,129747,185881
31.51,09-22-2026 23:26:23:905,129704,185874
31.52,09-22-2026 23:26:23:915,129736,185875
31.53,09-22-2026 23:26:23:925,129726,185869
31.54,09-22-2026 23:26:23:935,129722,185889
31.55,09-22-2026 23:26:23:945,129712,185883
31.56,09-22-2026 23:26:23:955,129737,185888
31.57,09-22-2026 23:26:23:965,129731,185914
31.58,09-22-2026 23:26:23:975,129741,185907
31.59,09-22-2026 23:26:23:985,129729,185905
31.6,09-22-2026 23:26:23:995,129750,185893
31.61,09-22-2026 23:26:24:005,129712,185916
31.62,09-22-2026 23:26:24:015,129736,185915
31.63,09-22-2026 23:26:24:025,129724,185915
31.64,09-22-2026 23:26:24:035,129754,185912
31.65,09-22-2026 23:26:24:045,129726,185929
31.66,09-22-2026 23:26:24:055,129734,185940
31.67,09-22-2026 23:26:24:065,129708,185931
31.68,09-22-2026 23:26:24:075,129736,185906
31.69,09-22-2026 23:26:24:085,129701,185931
31.7,09-22-2026 23:26:24:095,129718,185907
31.71,09-22-2026 23:26:24:105,129705,185898
31.72,09-22-2026 23:26:24:115,129716,185894
31.73,09-22-2026 23:26:24:125,129699,185875
31.74,09-22-2026 23:26:24:135,129719,185870
31.75,09-22-2026 23:26:24:145,129712,185866
31.76,09-22-2026 23:26:24:155,129720,185851
31.77,09-22-2026 23:26:24:165,129705,185838
31.78,09-22-2026 23:26:24:175,129717,185845
31.79,09-22-2026 23:26:24:185,129694,185854
31.8,09-22-2026 23:26:24:195,129727,185839
31.81,09-22-2026 23:26:24:205,129701,185834
31.82,09-22-2026 23:26:24:215,129718,185816
31.83,09-22-2026 23:26:24:225,129692,185816
31.84,09-22-2026 23:26:24:235,129700,185819
31.85,09-22-2026 23:26:24:245,129712,185799
31.86,09-22-2026 23:26:24:255,129709,185802
31.87,09-22-2026 23:26:24:265,129714,185807
31.88,09-22-2026 23:26:24:275,129691,185773
31.89,09-22-2026 23:26:24:285,129708,185793
31.9,09-22-2026 23:26:24:295,129712,185784
31.91,09-22-2026 23:26:24:305,129689,185774
31.92,09-22-2026 23:26:24:315,129710,185772
31.93,09-22-2026 23:26:24:325,129722,185771
31.94,09-22-2026 23:26:24:335,129707,185768
31.95,09-22-2026 23:26:24:345,129718,185758
31.96,09-22-2026 23:26:24:355,129708,185787
31.97,09-22-2026 23:26:24:365,129707,185769
31.98,09-22-2026 23:26:24:375,129709,185752
31.99,09-22-2026 23:26:24:385,129713,185770
32,09-22-2026 23:26:24:395,129709,185760
32.01,09-22-2026 23:26:24:405,129703,185758
32.02,09-22-2026 23:26:24:415,129724,185762
32.03,09-22-2026 23:26:24:425,129720,185758
32.04,09-22-2026 23:26:24:435,129705,185752
32.05,09-22-2026 23:26:24:445,129731,185774
32.06,09-22-2026 23:26:24:455,129734,185760
32.07,09-22-2026 23:26:24:465,129744,185750
32.08,09-22-2026 23:26:24:475,129725,185751
32.09,09-22-2026 23:26:24:485,129697,185746
32.1,09-22-2026 23:26:24:495,129714,185739
32.11,09-22-2026 23:26:24:505,129721,185755
32.12,09-22-2026 23:26:24:515,129717,185765
32.13,09-22-2026 23:26:24:525,129716,185753
32.14,09-22-2026 23:26:24:535,129714,185756
32.15,09-22-2026 23:26:24:545,129711,185761
32.16,09-22-2026 23:26:24:555,129702,185765
32.17,09-22-2026 23:26:24:565,129709,185753
32.18,09-22-2026 23:26:24:575,129718,185754
32.19,09-22-2026 23:26:24:585,129696,185748
32.2,09-22-2026 23:26:24:595,129709,185761
32.21,09-22-2026 23:26:24:605,129702,185758
32.22,09-22-2026 23:26:24:615,129720,185764
32.23,09-22-2026 23:26:24:625,129707,185767
32.24,09-22-2026 23:26:24:635,129709,185788
32.25,09-22-2026 23:26:24:645,129719,185770
32.26,09-22-2026 23:26:24:655,129702,185784
32.27,09-22-2026 23:26:24:665,129712,185783
32.28,09-22-2026 23:26:24:675,129699,185773
32.29,09-22-2026 23:26:24:685,129690,185774
32.3,09-22-2026 23:26:24:695,129694,185783
32.31,09-22-2026 23:26:24:705,129701,185784
32.32,09-22-2026 23:26:24:715,129698,185805
32.33,09-22-2026 23:26:24:725,129709,185795
32.34,09-22-2026 23:26:24:735,129706,185800
32.35,09-22-2026 23:26:24:745,129691,185789
32.36,09-22-2026 23:26:24:755,129690,185796
32.37,09-22-2026 23:26:24:765,129686,185793
32.38,09-22-2026 23:26:24:775,129702,185790
32.39,09-22-2026 23:26:24:785,129707,185778
32.4,09-22-2026 23:26:24:795,129689,185814
32.41,09-22-2026 23:26:24:805,129697,185793
32.42,09-22-2026 23:26:24:815,129681,185830
32.43,09-22-2026 23:26:24:825,129678,185792
32.44,09-22-2026 23:26:24:835,129700,185813
32.45,09-22-2026 23:26:24:845,129692,185807
32.46,09-22-2026 23:26:24:855,129687,185839
32.47,09-22-2026 23:26:24:865,129716,185790
32.48,09-22-2026 23:26:24:875,129708,185838
32.49,09-22-2026 23:26:24:885,129694,185780
32.5,09-22-2026 23:26:24:895,129699,185816
32.51,09-22-2026 23:26:24:905,129690,185781
32.52,09-22-2026 23:26:24:915,129700,185811
32.53,09-22-2026 23:26:24:925,129701,185741
32.54,09-22-2026 23:26:24:935,129677,185776
32.55,09-22-2026 23:26:24:945,129698,185732
32.56,09-22-2026 23:26:24:955,129687,185781
32.57,09-22-2026 23:26:24:965,129709,185709
32.58,09-22-2026 23:26:24:975,129685,185750
32.59,09-22-2026 23:26:24:985,129697,185700
32.6,09-22-2026 23:26:24:995,129689,185760
32.61,09-22-2026 23:26:25:005,129703,185717
32.62,09-22-2026 23:26:25:015,129708,185752
32.63,09-22-2026 23:26:25:025,129710,185726
32.64,09-22-2026 23:26:25:035,129715,185745
32.65,09-22-2026 23:26:25:045,129706,185712
32.66,09-22-2026 23:26:25:055,129713,185727
32.67,09-22-2026 23:26:25:065,129717,185705
32.68,09-22-2026 23:26:25:075,129706,185707
32.69,09-22-2026 23:26:25:085,129711,185681
32.7,09-22-2026 23:26:25:095,129705,185709
32.71,09-22-2026 23:26:25:105,129716,185705
32.72,09-22-2026 23:26:25:115,129694,185713
32.73,09-22-2026 23:26:25:125,129711,185705
32.74,09-22-2026 23:26:25:135,129732,185699
32.75,09-22-2026 23:26:25:145,129727,185720
32.76,09-22-2026 23:26:25:155,129727,185718
32.77,09-22-2026 23:26:25:165,129712,185705
32.78,09-22-2026 23:26:25:175,129728,185719
32.79,09-22-2026 23:26:25:185,129724,185716
32.8,09-22-2026 23:26:25:195,129717,185686
32.81,09-22-2026 23:26:25:205,129712,185726
32.82,09-22-2026 23:26:25:215,129726,185709
32.83,09-22-2026 23:26:25:225,129704,185708
32.84,09-22-2026 23:26:25:235,129717,185713
32.85,09-22-2026 23:26:25:245,129713,185739
32.86,09-22-2026 23:26:25:255,129708,185712
32.87,09-22-2026 23:26:25:265,129733,185738
32.88,09-22-2026 23:26:25:275,129707,185714
32.89,09-22-2026 23:26:25:285,129698,185745
32.9,09-22-2026 23:26:25:295,129697,185716
32.91,09-22-2026 23:26:25:305,129720,185762
32.92,09-22-2026 23:26:25:315,129722,185720
32.93,09-22-2026 23:26:25:325,129698,185775
32.94,09-22-2026 23:26:25:335,129716,185722
32.95,09-22-2026 23:26:25:345,129704,185765
32.96,09-22-2026 23:26:25:355,129718,185737
32.97,09-22-2026 23:26:25:365,129720,185759
32.98,09-22-2026 23:26:25:375,129716,185728
32.99,09-22-2026 23:26:25:385,129696,185774
33,09-22-2026 23:26:25:395,129707,185736
33.01,09-22-2026 23:26:25:405,129691,185771
33.02,09-22-2026 23:26:25:415,129697,185771
33.03,09-22-2026 23:26:25:425,129697,185758
33.04,09-22-2026 23:26:25:435,129706,185768
33.05,09-22-2026 23:26:25:445,129689,185771
33.06,09-22-2026 23:26:25:455,129703,185760
33.07,09-22-2026 23:26:25:465,129703,185774
33.08,09-22-2026 23:26:25:475,129711,185758
33.09,09-22-2026 23:26:25:485,129675,185784
33.1,09-22-2026 23:26:25:495,129716,185756
33.11,09-22-2026 23:26:25:505,129692,185779
33.12,09-22-2026 23:26:25:515,129717,185777
33.13,09-22-2026 23:26:25:525,129691,185770
33.14,09-22-2026 23:26:25:535,129708,185786
33.15,09-22-2026 23:26:25:545,129684,185791
33.16,09-22-2026 23:26:25:555,129719,185791
33.17,09-22-2026 23:26:25:565,129672,185805
33.18,09-22-2026 23:26:25:575,129700,185801
33.19,09-22-2026 23:26:25:585,129674,185800
33.2,09-22-2026 23:26:25:595,129714,185802
33.21,09-22-2026 23:26:25:605,129682,185786
33.22,09-22-2026 23:26:25:615,129725,185794
33.23,09-22-2026 23:26:25:625,129682,185755
33.24,09-22-2026 23:26:25:635,129713,185759
33.25,09-22-2026 23:26:25:645,129678,185753
33.26,09-22-2026 23:26:25:655,129711,185746
33.27,09-22-2026 23:26:25:665,129684,185752
33.28,09-22-2026 23:26:25:675,129707,185754
33.29,09-22-2026 23:26:25:685,129691,185734
33.3,09-22-2026 23:26:25:695,129728,185731
33.31,09-22-2026 23:26:25:705,129676,185727
33.32,09-22-2026 23:26:25:715,129723,185745
33.33,09-22-2026 23:26:25:725,129696,185712
33.34,09-22-2026 23:26:25:735,129724,185723
33.35,09-22-2026 23:26:25:745,129699,185726
33.36,09-22-2026 23:26:25:755,129730,185715
33.37,09-22-2026 23:26:25:765,129712,185728
33.38,09-22-2026 23:26:25:775,129704,185702
33.39,09-22-2026 23:26:25:785,129714,185696
33.4,09-22-2026 23:26:25:795,129728,185700
33.41,09-22-2026 23:26:25:805,129706,185702
33.42,09-22-2026 23:26:25:815,129721,185710
33.43,09-22-2026 23:26:25:825,129735,185699
33.44,09-22-2026 23:26:25:835,129736,185700
33.45,09-22-2026 23:26:25:845,129736,185697
33.46,09-22-2026 23:26:25:855,129712,185708
33.47,09-22-2026 23:26:25:865,129726,185692
33.48,09-22-2026 23:26:25:875,129712,185716
33.49,09-22-2026 23:26:25:885,129736,185709
33.5,09-22-2026 23:26:25:895,129717,185680
33.51,09-22-2026 23:26:25:905,129754,185714
33.52,09-22-2026 23:26:25:915,129716,185688
33.53,09-22-2026 23:26:25:925,129732,185708
33.54,09-22-2026 23:26:25:935,129721,185700
33.55,09-22-2026 23:26:25:945,129730,185714
33.56,09-22-2026 23:26:25:955,129701,185704
33.57,09-22-2026 23:26:25:965,129743,185704
33.58,09-22-2026 23:26:25:975,129722,185691
33.59,09-22-2026 23:26:25:985,129741,185718
33.6,09-22-2026 23:26:25:995,129722,185717
33.61,09-22-2026 23:26:26:005,129747,185705
33.62,09-22-2026 23:26:26:015,129718,185738
33.63,09-22-2026 23:26:26:025,129747,185710
33.64,09-22-2026 23:26:26:035,129706,185719
33.65,09-22-2026 23:26:26:045,129724,185726
33.66,09-22-2026 23:26:26:055,129714,185714
33.67,09-22-2026 23:26:26:065,129726,185738
33.68,09-22-2026 23:26:26:075,129701,185718
33.69,09-22-2026 23:26:26:085,129736,185736
33.7,09-22-2026 23:26:26:095,129731,185731
33.71,09-22-2026 23:26:26:105,129737,185729
33.72,09-22-2026 23:26:26:115,129718,185738
33.73,09-22-2026 23:26:26:125,129746,185735
33.74,09-22-2026 23:26:26:135,129713,185753
33.75,09-22-2026 23:26:26:145,129715,185743
33.76,09-22-2026 23:26:26:155,129697,185746
33.77,09-22-2026 23:26:26:165,129730,185749
33.78,09-22-2026 23:26:26:175,129705,185756
33.79,09-22-2026 23:26:26:185,129727,185753
33.8,09-22-2026 23:26:26:195,129715,185768
33.81,09-22-2026 23:26:26:205,129745,185757
33.82,09-22-2026 23:26:26:215,129712,185765
33.83,09-22-2026 23:26:26:225,129711,185753
33.84,09-22-2026 23:26:26:235,129701,185762
33.85,09-22-2026 23:26:26:245,129702,185776
33.86,09-22-2026 23:26:26:255,129719,185786
33.87,09-22-2026 23:26:26:265,129710,185759
33.88,09-22-2026 23:26:26:275,129715,185756
33.89,09-22-2026 23:26:26:285,129740,185753
33.9,09-22-2026 23:26:26:295,129721,185733
33.91,09-22-2026 23:26:26:305,129720,185746
33.92,09-22-2026 23:26:26:315,129711,185745
33.93,09-22-2026 23:26:26:325,129709,185716
33.94,09-22-2026 23:26:26:335,129710,185696
33.95,09-22-2026 23:26:26:345,129713,185717
33.96,09-22-2026 23:26:26:355,129718,185718
33.97,09-22-2026 23:26:26:365,129707,185710
33.98,09-22-2026 23:26:26:375,129716,185707
33.99,09-22-2026 23:26:26:385,129705,185696
34,09-22-2026 23:26:26:395,129724,185712
34.01,09-22-2026 23:26:26:405,129718,185703
34.02,09-22-2026 23:26:26:415,129699,185687
34.03,09-22-2026 23:26:26:425,129719,185686
34.04,09-22-2026 23:26:26:435,129717,185661
34.05,09-22-2026 23:26:26:445,129711,185681
34.06,09-22-2026 23:26:26:455,129712,185669
34.07,09-22-2026 23:26:26:465,129720,185665
34.08,09-22-2026 23:26:26:475,129714,185663
34.09,09-22-2026 23:26:26:485,129727,185680
34.1,09-22-2026 23:26:26:495,129726,185669
34.11,09-22-2026 23:26:26:505,129735,185676
34.12,09-22-2026 23:26:26:515,129728,185676
34.13,09-22-2026 23:26:26:525,129730,185674
34.14,09-22-2026 23:26:26:535,129723,185682
34.15,09-22-2026 23:26:26:545,129728,185653
34.16,09-22-2026 23:26:26:555,129743,185680
34.17,09-22-2026 23:26:26:565,129727,185661
34.18,09-22-2026 23:26:26:575,129736,185657
34.19,09-22-2026 23:26:26:585,129728,185677
34.2,09-22-2026 23:26:26:595,129731,185663
34.21,09-22-2026 23:26:26:605,129730,185665
34.22,09-22-2026 23:26:26:615,129735,185667
34.23,09-22-2026 23:26:26:625,129746,185667
34.24,09-22-2026 23:26:26:635,129717,185667
34.25,09-22-2026 23:26:26:645,129729,185665
34.26,09-22-2026 23:26:26:655,129728,185654
34.27,09-22-2026 23:26:26:665,129717,185661
34.28,09-22-2026 23:26:26:675,129727,185673
34.29,09-22-2026 23:26:26:685,129721,185685
34.3,09-22-2026 23:26:26:695,129736,185658
34.31,09-22-2026 23:26:26:705,129736,185667
34.32,09-22-2026 23:26:26:715,129730,185668
34.33,09-22-2026 23:26:26:725,129728,185685
34.34,09-22-2026 23:26:26:735,129718,185668
34.35,09-22-2026 23:26:26:745,129731,185676
34.36,09-22-2026 23:26:26:755,129720,185678
34.37,09-22-2026 23:26:26:765,129705,185694
34.38,09-22-2026 23:26:26:775,129709,185674
34.39,09-22-2026 23:26:26:785,129712,185692
34.4,09-22-2026 23:26:26:795,129712,185687
34.41,09-22-2026 23:26:26:805,129718,185679
34.42,09-22-2026 23:26:26:815,129712,185659
34.43,09-22-2026 23:26:26:825,129703,185687
34.44,09-22-2026 23:26:26:835,129716,185664
34.45,09-22-2026 23:26:26:845,129709,185701
34.46,09-22-2026 23:26:26:855,129700,185662
34.47,09-22-2026 23:26:26:865,129706,185714
34.48,09-22-2026 23:26:26:875,129703,185659
34.49,09-22-2026 23:26:26:885,129712,185708
34.5,09-22-2026 23:26:26:895,129714,185678
34.51,09-22-2026 23:26:26:905,129719,185726
34.52,09-22-2026 23:26:26:915,129708,185675
34.53,09-22-2026 23:26:26:925,129719,185715
34.54,09-22-2026 23:26:26:935,129715,185670
34.55,09-22-2026 23:26:26:945,129714,185744
34.56,09-22-2026 23:26:26:955,129701,185699
34.57,09-22-2026 23:26:26:965,129713,185764
34.58,09-22-2026 23:26:26:975,129721,185703
34.59,09-22-2026 23:26:26:985,129713,185743
34.6,09-22-2026 23:26:26:995,129723,185672
34.61,09-22-2026 23:26:27:005,129706,185734
34.62,09-22-2026 23:26:27:015,129716,185680
34.63,09-22-2026 23:26:27:025,129713,185719
34.64,09-22-2026 23:26:27:035,129714,185664
34.65,09-22-2026 23:26:27:045,129731,185687
34.66,09-22-2026 23:26:27:055,129715,185673
34.67,09-22-2026 23:26:27:065,129718,185690
34.68,09-22-2026 23:26:27:075,129735,185661
34.69,09-22-2026 23:26:27:085,129711,185686
34.7,09-22-2026 23:26:27:095,129734,185651
34.71,09-22-2026 23:26:27:105,129730,185679
34.72,09-22-2026 23:26:27:115,129715,185637
34.73,09-22-2026 23:26:27:125,129726,185676
34.74,09-22-2026 23:26:27:135,129713,185659
34.75,09-22-2026 23:26:27:145,129706,185658
34.76,09-22-2026 23:26:27:155,129715,185653
34.77,09-22-2026 23:26:27:165,129731,185657
34.78,09-22-2026 23:26:27:175,129725,185662
34.79,09-22-2026 23:26:27:185,129728,185641
34.8,09-22-2026 23:26:27:195,129719,185657
34.81,09-22-2026 23:26:27:205,129721,185631
34.82,09-22-2026 23:26:27:215,129726,185660
34.83,09-22-2026 23:26:27:225,129731,185628
34.84,09-22-2026 23:26:27:235,129735,185654
34.85,09-22-2026 23:26:27:245,129729,185646
34.86,09-22-2026 23:26:27:255,129741,185638
34.87,09-22-2026 23:26:27:265,129733,185628
34.88,09-22-2026 23:26:27:275,129730,185655
34.89,09-22-2026 23:26:27:285,129731,185648
34.9,09-22-2026 23:26:27:295,129730,185636
34.91,09-22-2026 23:26:27:305,129732,185627
34.92,09-22-2026 23:26:27:315,129727,185643
34.93,09-22-2026 23:26:27:325,129731,185612
34.94,09-22-2026 23:26:27:335,129737,185674
34.95,09-22-2026 23:26:27:345,129736,185610
34.96,09-22-2026 23:26:27:355,129728,185670
34.97,09-22-2026 23:26:27:365,129735,185644
34.98,09-22-2026 23:26:27:375,129740,185651
34.99,09-22-2026 23:26:27:385,129737,185632
35,09-22-2026 23:26:27:395,129746,185663
35.01,09-22-2026 23:26:27:405,129737,185632
35.02,09-22-2026 23:26:27:415,129737,185661
35.03,09-22-2026 23:26:27:425,129747,185653
35.04,09-22-2026 23:26:27:435,129730,185658
35.05,09-22-2026 23:26:27:445,129744,185651
35.06,09-22-2026 23:26:27:455,129722,185665
35.07,09-22-2026 23:26:27:465,129738,185638
35.08,09-22-2026 23:26:27:475,129728,185699
35.09,09-22-2026 23:26:27:485,129746,185645
35.1,09-22-2026 23:26:27:495,129713,185672
35.11,09-22-2026 23:26:27:505,129739,185648
35.12,09-22-2026 23:26:27:515,129719,185684
35.13,09-22-2026 23:26:27:525,129744,185681
35.14,09-22-2026 23:26:27:535,129701,185670
35.15,09-22-2026 23:26:27:545,129724,185676
35.16,09-22-2026 23:26:27:555,129695,185674
35.17,09-22-2026 23:26:27:565,129742,185671
35.18,09-22-2026 23:26:27:575,129698,185677
35.19,09-22-2026 23:26:27:585,129752,185692
35.2,09-22-2026 23:26:27:595,129701,185687
35.21,09-22-2026 23:26:27:605,129744,185680
35.22,09-22-2026 23:26:27:615,129717,185677
35.23,09-22-2026 23:26:27:625,129733,185708
35.24,09-22-2026 23:26:27:635,129706,185698
35.25,09-22-2026 23:26:27:645,129724,185706
35.26,09-22-2026 23:26:27:655,129708,185694
35.27,09-22-2026 23:26:27:665,129743,185698
35.28,09-22-2026 23:26:27:675,129694,185705
35.29,09-22-2026 23:26:27:685,129739,185720
35.3,09-22-2026 23:26:27:695,129712,185714
35.31,09-22-2026 23:26:27:705,129744,185712
35.32,09-22-2026 23:26:27:715,129672,185729
35.33,09-22-2026 23:26:27:725,129750,185727
35.34,09-22-2026 23:26:27:735,129689,185729
35.35,09-22-2026 23:26:27:745,129730,185739
35.36,09-22-2026 23:26:27:755,129689,185738
35.37,09-22-2026 23:26:27:765,129738,185720
35.38,09-22-2026 23:26:27:775,129714,185737
35.39,09-22-2026 23:26:27:785,129744,185727
35.4,09-22-2026 23:26:27:795,129713,185715
35.41,09-22-2026 23:26:27:805,129739,185720
35.42,09-22-2026 23:26:27:815,129711,185707
35.43,09-22-2026 23:26:27:825,129733,185719
35.44,09-22-2026 23:26:27:835,129728,185705
35.45,09-22-2026 23:26:27:845,129746,185683
35.46,09-22-2026 23:26:27:855,129728,185704
35.47,09-22-2026 23:26:27:865,129734,185686
35.48,09-22-2026 23:26:27:875,129732,185700
35.49,09-22-2026 23:26:27:885,129746,185690
35.5,09-22-2026 23:26:27:895,129757,185684
35.51,09-22-2026 23:26:27:905,129747,185656
35.52,09-22-2026 23:26:27:915,129770,185669
35.53,09-22-2026 23:26:27:925,129761,185679
35.54,09-22-2026 23:26:27:935,129763,185667
35.55,09-22-2026 23:26:27:945,129732,185670
35.56,09-22-2026 23:26:27:955,129761,185647
35.57,09-22-2026 23:26:27:965,129748,185656
35.58,09-22-2026 23:26:27:975,129757,185647
35.59,09-22-2026 23:26:27:985,129735,185646
35.6,09-22-2026 23:26:27:995,129774,185665
35.61,09-22-2026 23:26:28:005,129734,185664
35.62,09-22-2026 23:26:28:015,129757,185661
35.63,09-22-2026 23:26:28:025,129737,185650
35.64,09-22-2026 23:26:28:035,129770,185662
35.65,09-22-2026 23:26:28:045,129745,185674
35.66,09-22-2026 23:26:28:055,129791,185666
35.67,09-22-2026 23:26:28:065,129752,185682
35.68,09-22-2026 23:26:28:075,129781,185660
35.69,09-22-2026 23:26:28:085,129761,185654
35.7,09-22-2026 23:26:28:095,129792,185664
35.71,09-22-2026 23:26:28:105,129739,185657
35.72,09-22-2026 23:26:28:115,129773,185662
35.73,09-22-2026 23:26:28:125,129739,185675
35.74,09-22-2026 23:26:28:135,129796,185666
35.75,09-22-2026 23:26:28:145,129756,185684
35.76,09-22-2026 23:26:28:155,129775,185664
35.77,09-22-2026 23:26:28:165,129759,185666
35.78,09-22-2026 23:26:28:175,129769,185686
35.79,09-22-2026 23:26:28:185,129740,185665
35.8,09-22-2026 23:26:28:195,129773,185673
35.81,09-22-2026 23:26:28:205,129749,185674
35.82,09-22-2026 23:26:28:215,129775,185680
35.83,09-22-2026 23:26:28:225,129741,185692
35.84,09-22-2026 23:26:28:235,129771,185688
35.85,09-22-2026 23:26:28:245,129750,185705
35.86,09-22-2026 23:26:28:255,129769,185700
35.87,09-22-2026 23:26:28:265,129751,185688
35.88,09-22-2026 23:26:28:275,129775,185705
35.89,09-22-2026 23:26:28:285,129747,185707
35.9,09-22-2026 23:26:28:295,129752,185724
35.91,09-22-2026 23:26:28:305,129750,185721
35.92,09-22-2026 23:26:28:315,129758,185716
35.93,09-22-2026 23:26:28:325,129741,185712
35.94,09-22-2026 23:26:28:335,129756,185718
35.95,09-22-2026 23:26:28:345,129761,185719
35.96,09-22-2026 23:26:28:355,129748,185707
35.97,09-22-2026 23:26:28:365,129745,185726
35.98,09-22-2026 23:26:28:375,129761,185719
35.99,09-22-2026 23:26:28:385,129763,185724
36,09-22-2026 23:26:28:395,129764,185725
36.01,09-22-2026 23:26:28:405,129753,185749
36.02,09-22-2026 23:26:28:415,129753,185734
36.03,09-22-2026 23:26:28:425,129753,185750
36.04,09-22-2026 23:26:28:435,129751,185757
36.05,09-22-2026 23:26:28:445,129756,185757
36.06,09-22-2026 23:26:28:455,129774,185747
36.07,09-22-2026 23:26:28:465,129771,185765
36.08,09-22-2026 23:26:28:475,129757,185764
36.09,09-22-2026 23:26:28:485,129751,185758
36.1,09-22-2026 23:26:28:495,129754,185751
36.11,09-22-2026 23:26:28:505,129739,185762
36.12,09-22-2026 23:26:28:515,129754,185735
36.13,09-22-2026 23:26:28:525,129766,185734
36.14,09-22-2026 23:26:28:535,129752,185722
36.15,09-22-2026 23:26:28:545,129755,185725
36.16,09-22-2026 23:26:28:555,129759,185709
36.17,09-22-2026 23:26:28:565,129755,185721
36.18,09-22-2026 23:26:28:575,129758,185730
36.19,09-22-2026 23:26:28:585,129768,185745
36.2,09-22-2026 23:26:28:595,129760,185716
36.21,09-22-2026 23:26:28:605,129759,185724
36.22,09-22-2026 23:26:28:615,129759,185728
36.23,09-22-2026 23:26:28:625,129758,185709
36.24,09-22-2026 23:26:28:635,129746,185712
36.25,09-22-2026 23:26:28:645,129772,185724
36.26,09-22-2026 23:26:28:655,129768,185714
36.27,09-22-2026 23:26:28:665,129765,185711
36.28,09-22-2026 23:26:28:675,129755,185693
36.29,09-22-2026 23:26:28:685,129769,185692
36.3,09-22-2026 23:26:28:695,129767,185706
36.31,09-22-2026 23:26:28:705,129753,185689
36.32,09-22-2026 23:26:28:715,129773,185684
36.33,09-22-2026 23:26:28:725,129767,185698
36.34,09-22-2026 23:26:28:735,129763,185704
36.35,09-22-2026 23:26:28:745,129780,185706
36.36,09-22-2026 23:26:28:755,129775,185710
36.37,09-22-2026 23:26:28:765,129792,185693
36.38,09-22-2026 23:26:28:775,129769,185711
36.39,09-22-2026 23:26:28:785,129781,185700
36.4,09-22-2026 23:26:28:795,129768,185716
36.41,09-22-2026 23:26:28:805,129778,185686
36.42,09-22-2026 23:26:28:815,129782,185714
36.43,09-22-2026 23:26:28:825,129751,185689
36.44,09-22-2026 23:26:28:835,129776,185704
36.45,09-22-2026 23:26:28:845,129776,185698
36.46,09-22-2026 23:26:28:855,129754,185730
36.47,09-22-2026 23:26:28:865,129751,185706
36.48,09-22-2026 23:26:28:875,129760,185737
36.49,09-22-2026 23:26:28:885,129777,185713
36.5,09-22-2026 23:26:28:895,129770,185743
36.51,09-22-2026 23:26:28:905,129788,185691
36.52,09-22-2026 23:26:28:915,129768,185740
36.53,09-22-2026 23:26:28:925,129760,185716
36.54,09-22-2026 23:26:28:935,129772,185749
36.55,09-22-2026 23:26:28:945,129764,185713
36.56,09-22-2026 23:26:28:955,129765,185742
36.57,09-22-2026 23:26:28:965,129776,185717
36.58,09-22-2026 23:26:28:975,129772,185765
36.59,09-22-2026 23:26:28:985,129770,185731
36.6,09-22-2026 23:26:28:995,129782,185777
36.61,09-22-2026 23:26:29:005,129768,185717
36.62,09-22-2026 23:26:29:015,129767,185760
36.63,09-22-2026 23:26:29:025,129764,185728
36.64,09-22-2026 23:26:29:035,129785,185765
36.65,09-22-2026 23:26:29:045,129763,185731
36.66,09-22-2026 23:26:29:055,129774,185772
36.67,09-22-2026 23:26:29:065,129782,185759
36.68,09-22-2026 23:26:29:075,129778,185776
36.69,09-22-2026 23:26:29:085,129765,185742
36.7,09-22-2026 23:26:29:095,129775,185767
36.71,09-22-2026 23:26:29:105,129775,185762
36.72,09-22-2026 23:26:29:115,129781,185785
36.73,09-22-2026 23:26:29:125,129768,185768
36.74,09-22-2026 23:26:29:135,129774,185815
36.75,09-22-2026 23:26:29:145,129767,185790
36.76,09-22-2026 23:26:29:155,129787,185820
36.77,09-22-2026 23:26:29:165,129763,185810
36.78,09-22-2026 23:26:29:175,129770,185797
36.79,09-22-2026 23:26:29:185,129776,185826
36.8,09-22-2026 23:26:29:195,129769,185804
36.81,09-22-2026 23:26:29:205,129768,185817
36.82,09-22-2026 23:26:29:215,129750,185791
36.83,09-22-2026 23:26:29:225,129768,185802
36.84,09-22-2026 23:26:29:235,129780,185804
36.85,09-22-2026 23:26:29:245,129782,185813
36.86,09-22-2026 23:26:29:255,129782,185776
36.87,09-22-2026 23:26:29:265,129773,185798
36.88,09-22-2026 23:26:29:275,129775,185766
36.89,09-22-2026 23:26:29:285,129760,185802
36.9,09-22-2026 23:26:29:295,129785,185785
36.91,09-22-2026 23:26:29:305,129761,185800
36.92,09-22-2026 23:26:29:315,129767,185775
36.93,09-22-2026 23:26:29:325,129774,185803
36.94,09-22-2026 23:26:29:335,129778,185767
36.95,09-22-2026 23:26:29:345,129783,185802
36.96,09-22-2026 23:26:29:355,129785,185768
36.97,09-22-2026 23:26:29:365,129792,185780
36.98,09-22-2026 23:26:29:375,129765,185769
36.99,09-22-2026 23:26:29:385,129795,185798
37,09-22-2026 23:26:29:395,129782,185771
37.01,09-22-2026 23:26:29:405,129781,185817
37.02,09-22-2026 23:26:29:415,129781,185766
37.03,09-22-2026 23:26:29:425,129782,185812
37.04,09-22-2026 23:26:29:435,129791,185782
37.05,09-22-2026 23:26:29:445,129766,185829
37.06,09-22-2026 23:26:29:455,129780,185794
37.07,09-22-2026 23:26:29:465,129774,185791
37.08,09-22-2026 23:26:29:475,129776,185764
37.09,09-22-2026 23:26:29:485,129767,185791
37.1,09-22-2026 23:26:29:495,129777,185775
37.11,09-22-2026 23:26:29:505,129790,185798
37.12,09-22-2026 23:26:29:515,129813,185776
37.13,09-22-2026 23:26:29:525,129798,185795
37.14,09-22-2026 23:26:29:535,129799,185768
37.15,09-22-2026 23:26:29:545,129779,185787
37.16,09-22-2026 23:26:29:555,129786,185783
37.17,09-22-2026 23:26:29:565,129775,185801
37.18,09-22-2026 23:26:29:575,129815,185782
37.19,09-22-2026 23:26:29:585,129760,185775
37.2,09-22-2026 23:26:29:595,129791,185795
37.21,09-22-2026 23:26:29:605,129771,185782
37.22,09-22-2026 23:26:29:615,129803,185799
37.23,09-22-2026 23:26:29:625,129768,185806
37.24,09-22-2026 23:26:29:635,129792,185793
37.25,09-22-2026 23:26:29:645,129764,185792
37.26,09-22-2026 23:26:29:655,129803,185806
37.27,09-22-2026 23:26:29:665,129779,185816
37.28,09-22-2026 23:26:29:675,129808,185802
37.29,09-22-2026 23:26:29:685,129753,185809
37.3,09-22-2026 23:26:29:695,129818,185819
37.31,09-22-2026 23:26:29:705,129780,185834
37.32,09-22-2026 23:26:29:715,129809,185814
37.33,09-22-2026 23:26:29:725,129758,185820
37.34,09-22-2026 23:26:29:735,129810,185824
37.35,09-22-2026 23:26:29:745,129760,185815
37.36,09-22-2026 23:26:29:755,129811,185825
37.37,09-22-2026 23:26:29:765,129784,185816
37.38,09-22-2026 23:26:29:775,129798,185831
37.39,09-22-2026 23:26:29:785,129775,185840
37.4,09-22-2026 23:26:29:795,129800,185853
37.41,09-22-2026 23:26:29:805,129770,185865
37.42,09-22-2026 23:26:29:815,129801,185850
37.43,09-22-2026 23:26:29:825,129781,185851
37.44,09-22-2026 23:26:29:835,129803,185842
37.45,09-22-2026 23:26:29:845,129774,185854
37.46,09-22-2026 23:26:29:855,129796,185856
37.47,09-22-2026 23:26:29:865,129807,185851
37.48,09-22-2026 23:26:29:875,129802,185863
37.49,09-22-2026 23:26:29:885,129812,185885
37.5,09-22-2026 23:26:29:895,129800,185884
37.51,09-22-2026 23:26:29:905,129807,185883
37.52,09-22-2026 23:26:29:915,129802,185892
37.53,09-22-2026 23:26:29:925,129800,185890
37.54,09-22-2026 23:26:29:935,129787,185900
37.55,09-22-2026 23:26:29:945,129825,185901
37.56,09-22-2026 23:26:29:955,129799,185891
37.57,09-22-2026 23:26:29:965,129829,185890
37.58,09-22-2026 23:26:29:975,129815,185925
37.59,09-22-2026 23:26:29:985,129831,185914
37.6,09-22-2026 23:26:29:995,129802,185897
37.61,09-22-2026 23:26:30:005,129816,185889
37.62,09-22-2026 23:26:30:015,129820,185884
37.63,09-22-2026 23:26:30:025,129832,185879
37.64,09-22-2026 23:26:30:035,129801,185882
37.65,09-22-2026 23:26:30:045,129831,185873
37.66,09-22-2026 23:26:30:055,129824,185869
37.67,09-22-2026 23:26:30:065,129841,185877
37.68,09-22-2026 23:26:30:075,129808,185860
37.69,09-22-2026 23:26:30:085,129844,185872
37.7,09-22-2026 23:26:30:095,129807,185866
37.71,09-22-2026 23:26:30:105,129838,185882
37.72,09-22-2026 23:26:30:115,129812,185876
37.73,09-22-2026 23:26:30:125,129856,185876
37.74,09-22-2026 23:26:30:135,129825,185869
37.75,09-22-2026 23:26:30:145,129850,185866
37.76,09-22-2026 23:26:30:155,129809,185873
37.77,09-22-2026 23:26:30:165,129828,185872
37.78,09-22-2026 23:26:30:175,129813,185868
37.79,09-22-2026 23:26:30:185,129844,185860
37.8,09-22-2026 23:26:30:195,129832,185852
37.81,09-22-2026 23:26:30:205,129835,185862
37.82,09-22-2026 23:26:30:215,129822,185880
37.83,09-22-2026 23:26:30:225,129849,185863
37.84,09-22-2026 23:26:30:235,129827,185860
37.85,09-22-2026 23:26:30:245,129824,185890
37.86,09-22-2026 23:26:30:255,129826,185867
37.87,09-22-2026 23:26:30:265,129846,185882
37.88,09-22-2026 23:26:30:275,129819,185880
37.89,09-22-2026 23:26:30:285,129831,185873
37.9,09-22-2026 23:26:30:295,129817,185866
37.91,09-22-2026 23:26:30:305,129810,185870
37.92,09-22-2026 23:26:30:315,129815,185862
37.93,09-22-2026 23:26:30:325,129832,185871
37.94,09-22-2026 23:26:30:335,129811,185880
37.95,09-22-2026 23:26:30:345,129831,185876
37.96,09-22-2026 23:26:30:355,129812,185869
37.97,09-22-2026 23:26:30:365,129822,185895
37.98,09-22-2026 23:26:30:375,129821,185880
37.99,09-22-2026 23:26:30:385,129814,185907
38,09-22-2026 23:26:30:395,129828,185883
38.01,09-22-2026 23:26:30:405,129825,185911
38.02,09-22-2026 23:26:30:415,129809,185894
38.03,09-22-2026 23:26:30:425,129820,185895
38.04,09-22-2026 23:26:30:435,129827,185907
38.05,09-22-2026 23:26:30:445,129825,185905
38.06,09-22-2026 23:26:30:455,129831,185910
38.07,09-22-2026 23:26:30:465,129828,185917
38.08,09-22-2026 23:26:30:475,129823,185916
38.09,09-22-2026 23:26:30:485,129828,185914
38.1,09-22-2026 23:26:30:495,129821,185922
38.11,09-22-2026 23:26:30:505,129831,185925
38.12,09-22-2026 23:26:30:515,129829,185941
38.13,09-22-2026 23:26:30:525,129844,185938
38.14,09-22-2026 23:26:30:535,129841,185921
38.15,09-22-2026 23:26:30:545,129818,185931
38.16,09-22-2026 23:26:30:555,129816,185943
38.17,09-22-2026 23:26:30:565,129828,185948
38.18,09-22-2026 23:26:30:575,129839,185945
38.19,09-22-2026 23:26:30:585,129834,185941
38.2,09-22-2026 23:26:30:595,129817,185958
38.21,09-22-2026 23:26:30:605,129834,185952
38.22,09-22-2026 23:26:30:615,129833,185940
38.23,09-22-2026 23:26:30:625,129830,185954
38.24,09-22-2026 23:26:30:635,129839,185955
38.25,09-22-2026 23:26:30:645,129822,185979
38.26,09-22-2026 23:26:30:655,129840,185965
38.27,09-22-2026 23:26:30:665,129841,185962
38.28,09-22-2026 23:26:30:675,129846,185962
38.29,09-22-2026 23:26:30:685,129811,185973
38.3,09-22-2026 23:26:30:695,129823,185974
38.31,09-22-2026 23:26:30:705,129827,185987
38.32,09-22-2026 23:26:30:715,129837,185984
38.33,09-22-2026 23:26:30:725,129826,185992
38.34,09-22-2026 23:26:30:735,129830,185994
38.35,09-22-2026 23:26:30:745,129844,186001
38.36,09-22-2026 23:26:30:755,129824,185984
38.37,09-22-2026 23:26:30:765,129821,186010
38.38,09-22-2026 23:26:30:775,129816,185978
38.39,09-22-2026 23:26:30:785,129832,185996
38.4,09-22-2026 23:26:30:795,129832,185980
38.41,09-22-2026 23:26:30:805,129815,185999
38.42,09-22-2026 23:26:30:815,129836,185973
38.43,09-22-2026 23:26:30:825,129821,185971
38.44,09-22-2026 23:26:30:835,129842,185931
38.45,09-22-2026 23:26:30:845,129838,185967
38.46,09-22-2026 23:26:30:855,129837,185936
38.47,09-22-2026 23:26:30:865,129847,185970
38.48,09-22-2026 23:26:30:875,129835,185928
38.49,09-22-2026 23:26:30:885,129852,185998
38.5,09-22-2026 23:26:30:895,129836,185941
38.51,09-22-2026 23:26:30:905,129838,185970
38.52,09-22-2026 23:26:30:915,129840,185928
38.53,09-22-2026 23:26:30:925,129853,185959
38.54,09-22-2026 23:26:30:935,129840,185926
38.55,09-22-2026 23:26:30:945,129833,185971
38.56,09-22-2026 23:26:30:955,129838,185919
38.57,09-22-2026 23:26:30:965,129850,185962
38.58,09-22-2026 23:26:30:975,129834,185930
38.59,09-22-2026 23:26:30:985,129838,185963
38.6,09-22-2026 23:26:30:995,129830,185893
38.61,09-22-2026 23:26:31:005,129837,185982
38.62,09-22-2026 23:26:31:015,129830,185927
38.63,09-22-2026 23:26:31:025,129836,185972
38.64,09-22-2026 23:26:31:035,129841,185918
38.65,09-22-2026 23:26:31:045,129837,185980
38.66,09-22-2026 23:26:31:055,129848,185937
38.67,09-22-2026 23:26:31:065,129842,185972
38.68,09-22-2026 23:26:31:075,129850,185930
38.69,09-22-2026 23:26:31:085,129837,185977
38.7,09-22-2026 23:26:31:095,129838,185940
38.71,09-22-2026 23:26:31:105,129837,185972
38.72,09-22-2026 23:26:31:115,129851,185952
38.73,09-22-2026 23:26:31:125,129848,185972
38.74,09-22-2026 23:26:31:135,129828,185968
38.75,09-22-2026 23:26:31:145,129834,185986
38.76,09-22-2026 23:26:31:155,129827,185955
38.77,09-22-2026 23:26:31:165,129843,185995
38.78,09-22-2026 23:26:31:175,129849,186004
38.79,09-22-2026 23:26:31:185,129823,186002
38.8,09-22-2026 23:26:31:195,129848,186008
38.81,09-22-2026 23:26:31:205,129837,185989
38.82,09-22-2026 23:26:31:215,129839,186008
38.83,09-22-2026 23:26:31:225,129858,186007
38.84,09-22-2026 23:26:31:235,129858,186024
38.85,09-22-2026 23:26:31:245,129847,185999
38.86,09-22-2026 23:26:31:255,129832,186024
38.87,09-22-2026 23:26:31:265,129846,186024
38.88,09-22-2026 23:26:31:275,129833,186034
38.89,09-22-2026 23:26:31:285,129838,186029
38.9,09-22-2026 23:26:31:295,129839,186059
38.91,09-22-2026 23:26:31:305,129830,186032
38.92,09-22-2026 23:26:31:315,129850,186075
38.93,09-22-2026 23:26:31:325,129837,186033
38.94,09-22-2026 23:26:31:335,129831,186065
38.95,09-22-2026 23:26:31:345,129829,186036
38.96,09-22-2026 23:26:31:355,129836,186067
38.97,09-22-2026 23:26:31:365,129840,186038
38.98,09-22-2026 23:26:31:375,129841,186069
38.99,09-22-2026 23:26:31:385,129858,186037
39,09-22-2026 23:26:31:395,129831,186093
39.01,09-22-2026 23:26:31:405,129840,186048
39.02,09-22-2026 23:26:31:415,129843,186080
39.03,09-22-2026 23:26:31:425,129842,186050
39.04,09-22-2026 23:26:31:435,129821,186089
39.05,09-22-2026 23:26:31:445,129841,186066
39.06,09-22-2026 23:26:31:455,129823,186097
39.07,09-22-2026 23:26:31:465,129836,186069
39.08,09-22-2026 23:26:31:475,129822,186082
39.09,09-22-2026 23:26:31:485,129839,186055
39.1,09-22-2026 23:26:31:495,129811,186084
39.11,09-22-2026 23:26:31:505,129843,186042
39.12,09-22-2026 23:26:31:515,129812,186065
39.13,09-22-2026 23:26:31:525,129823,186037
39.14,09-22-2026 23:26:31:535,129815,186066
39.15,09-22-2026 23:26:31:545,129866,186046
39.16,09-22-2026 23:26:31:555,129827,186047
39.17,09-22-2026 23:26:31:565,129835,186022
39.18,09-22-2026 23:26:31:575,129802,186027
39.19,09-22-2026 23:26:31:585,129835,186038
39.2,09-22-2026 23:26:31:595,129801,186032
39.21,09-22-2026 23:26:31:605,129834,186016
39.22,09-22-2026 23:26:31:615,129808,186030
39.23,09-22-2026 23:26:31:625,129835,186032
39.24,09-22-2026 23:26:31:635,129803,186043
39.25,09-22-2026 23:26:31:645,129846,186037
39.26,09-22-2026 23:26:31:655,129799,186014
39.27,09-22-2026 23:26:31:665,129845,186014
39.28,09-22-2026 23:26:31:675,129804,186037
39.29,09-22-2026 23:26:31:685,129840,186026
39.3,09-22-2026 23:26:31:695,129798,186023
39.31,09-22-2026 23:26:31:705,129842,186023
39.32,09-22-2026 23:26:31:715,129779,186029
39.33,09-22-2026 23:26:31:725,129841,186042
39.34,09-22-2026 23:26:31:735,129785,186041
39.35,09-22-2026 23:26:31:745,129833,186036
39.36,09-22-2026 23:26:31:755,129796,186028
39.37,09-22-2026 23:26:31:765,129833,186035
39.38,09-22-2026 23:26:31:775,129823,186032
39.39,09-22-2026 23:26:31:785,129839,186040
39.4,09-22-2026 23:26:31:795,129812,186038
39.41,09-22-2026 23:26:31:805,129837,186046
39.42,09-22-2026 23:26:31:815,129830,186038
39.43,09-22-2026 23:26:31:825,129848,186044
39.44,09-22-2026 23:26:31:835,129824,186058
39.45,09-22-2026 23:26:31:845,129850,186022
39.46,09-22-2026 23:26:31:855,129801,186045
39.47,09-22-2026 23:26:31:865,129842,186034
39.48,09-22-2026 23:26:31:875,129809,186041
39.49,09-22-2026 23:26:31:885,129838,186053
39.5,09-22-2026 23:26:31:895,129843,186065
39.51,09-22-2026 23:26:31:905,129845,186052
39.52,09-22-2026 23:26:31:915,129846,186053
39.53,09-22-2026 23:26:31:925,129832,186055
39.54,09-22-2026 23:26:31:935,129836,186055
39.55,09-22-2026 23:26:31:945,129811,186055
39.56,09-22-2026 23:26:31:955,129856,186051
39.57,09-22-2026 23:26:31:965,129830,186061
39.58,09-22-2026 23:26:31:975,129851,186054
39.59,09-22-2026 23:26:31:985,129831,186088
39.6,09-22-2026 23:26:31:995,129834,186069
39.61,09-22-2026 23:26:32:005,129835,186080
39.62,09-22-2026 23:26:32:015,129851,186084
39.63,09-22-2026 23:26:32:025,129840,186088
39.64,09-22-2026 23:26:32:035,129850,186087
39.65,09-22-2026 23:26:32:045,129830,186078
39.66,09-22-2026 23:26:32:055,129854,186087
39.67,09-22-2026 23:26:32:065,129840,186083
39.68,09-22-2026 23:26:32:075,129849,186096
39.69,09-22-2026 23:26:32:085,129827,186085
39.7,09-22-2026 23:26:32:095,129864,186099
39.71,09-22-2026 23:26:32:105,129838,186113
39.72,09-22-2026 23:26:32:115,129868,186084
39.73,09-22-2026 23:26:32:125,129833,186099
39.74,09-22-2026 23:26:32:135,129846,186103
39.75,09-22-2026 23:26:32:145,129832,186109
39.76,09-22-2026 23:26:32:155,129848,186111
39.77,09-22-2026 23:26:32:165,129823,186107
39.78,09-22-2026 23:26:32:175,129860,186102
39.79,09-22-2026 23:26:32:185,129827,186114
39.8,09-22-2026 23:26:32:195,129838,186103
39.81,09-22-2026 23:26:32:205,129826,186088
39.82,09-22-2026 23:26:32:215,129858,186104
39.83,09-22-2026 23:26:32:225,129817,186076
39.84,09-22-2026 23:26:32:235,129854,186090
39.85,09-22-2026 23:26:32:245,129836,186079
39.86,09-22-2026 23:26:32:255,129839,186068
39.87,09-22-2026 23:26:32:265,129830,186065
39.88,09-22-2026 23:26:32:275,129835,186069
39.89,09-22-2026 23:26:32:285,129820,186080
39.9,09-22-2026 23:26:32:295,129843,186065
39.91,09-22-2026 23:26:32:305,129842,186066
39.92,09-22-2026 23:26:32:315,129829,186058
39.93,09-22-2026 23:26:32:325,129827,186061
39.94,09-22-2026 23:26:32:335,129843,186042
39.95,09-22-2026 23:26:32:345,129841,186065
39.96,09-22-2026 23:26:32:355,129825,186040
39.97,09-22-2026 23:26:32:365,129845,186065
39.98,09-22-2026 23:26:32:375,129829,186051
39.99,09-22-2026 23:26:32:385,129826,186058
40,09-22-2026 23:26:32:395,129826,186052
40.01,09-22-2026 23:26:32:405,129832,186057
40.02,09-22-2026 23:26:32:415,129836,186057
40.03,09-22-2026 23:26:32:425,129849,186037
40.04,09-22-2026 23:26:32:435,129833,186040
40.05,09-22-2026 23:26:32:445,129826,186047
40.06,09-22-2026 23:26:32:455,129833,186079
40.07,09-22-2026 23:26:32:465,129835,186042
40.08,09-22-2026 23:26:32:475,129833,186038
40.09,09-22-2026 23:26:32:485,129815,186041
40.1,09-22-2026 23:26:32:495,129826,186053
40.11,09-22-2026 23:26:32:505,129844,186040
40.12,09-22-2026 23:26:32:515,129838,186049
40.13,09-22-2026 23:26:32:525,129823,186044
40.14,09-22-2026 23:26:32:535,129837,186045
40.15,09-22-2026 23:26:32:545,129831,186044
40.16,09-22-2026 23:26:32:555,129827,186057
40.17,09-22-2026 23:26:32:565,129842,186052
40.18,09-22-2026 23:26:32:575,129832,186053
40.19,09-22-2026 23:26:32:585,129831,186049
40.2,09-22-2026 23:26:32:595,129829,186052
40.21,09-22-2026 23:26:32:605,129832,186081
40.22,09-22-2026 23:26:32:615,129826,186072
40.23,09-22-2026 23:26:32:625,129830,186078
40.24,09-22-2026 23:26:32:635,129809,186073
40.25,09-22-2026 23:26:32:645,129828,186076
40.26,09-22-2026 23:26:32:655,129811,186076
40.27,09-22-2026 23:26:32:665,129820,186093
40.28,09-22-2026 23:26:32:675,129818,186075
40.29,09-22-2026 23:26:32:685,129820,186076
40.3,09-22-2026 23:26:32:695,129806,186082
40.31,09-22-2026 23:26:32:705,129830,186075
40.32,09-22-2026 23:26:32:715,129806,186075
40.33,09-22-2026 23:26:32:725,129806,186098
40.34,09-22-2026 23:26:32:735,129826,186091
40.35,09-22-2026 23:26:32:745,129816,186098
40.36,09-22-2026 23:26:32:755,129805,186102
40.37,09-22-2026 23:26:32:765,129807,186107
40.38,09-22-2026 23:26:32:775,129793,186116
40.39,09-22-2026 23:26:32:785,129812,186094
40.4,09-22-2026 23:26:32:795,129816,186094
40.41,09-22-2026 23:26:32:805,129802,186109
40.42,09-22-2026 23:26:32:815,129814,186092
40.43,09-22-2026 23:26:32:825,129804,186104
40.44,09-22-2026 23:26:32:835,129810,186090
40.45,09-22-2026 23:26:32:845,129804,186119
40.46,09-22-2026 23:26:32:855,129816,186098
40.47,09-22-2026 23:26:32:865,129798,186125
40.48,09-22-2026 23:26:32:875,129799,186107
40.49,09-22-2026 23:26:32:885,129802,186134
40.5,09-22-2026 23:26:32:895,129805,186094
40.51,09-22-2026 23:26:32:905,129803,186122
40.52,09-22-2026 23:26:32:915,129797,186118
40.53,09-22-2026 23:26:32:925,129798,186130
40.54,09-22-2026 23:26:32:935,129800,186102
40.55,09-22-2026 23:26:32:945,129789,186116
40.56,09-22-2026 23:26:32:955,129792,186091
40.57,09-22-2026 23:26:32:965,129795,186155
40.58,09-22-2026 23:26:32:975,129792,186092
40.59,09-22-2026 23:26:32:985,129789,186146
40.6,09-22-2026 23:26:32:995,129794,186067
40.61,09-22-2026 23:26:33:005,129800,186124
40.62,09-22-2026 23:26:33:015,129792,186056
40.63,09-22-2026 23:26:33:025,129783,186109
40.64,09-22-2026 23:26:33:035,129792,186067
40.65,09-22-2026 23:26:33:045,129781,186101
40.66,09-22-2026 23:26:33:055,129782,186032
40.67,09-22-2026 23:26:33:065,129799,186083
40.68,09-22-2026 23:26:33:075,129804,186029
40.69,09-22-2026 23:26:33:085,129796,186058
40.7,09-22-2026 23:26:33:095,129775,186055
40.71,09-22-2026 23:26:33:105,129790,186071
40.72,09-22-2026 23:26:33:115,129790,186037
40.73,09-22-2026 23:26:33:125,129806,186078
40.74,09-22-2026 23:26:33:135,129792,186033
40.75,09-22-2026 23:26:33:145,129796,186050
40.76,09-22-2026 23:26:33:155,129796,186038
40.77,09-22-2026 23:26:33:165,129784,186065
40.78,09-22-2026 23:26:33:175,129799,186036
40.79,09-22-2026 23:26:33:185,129783,186042
40.8,09-22-2026 23:26:33:195,129804,186037
40.81,09-22-2026 23:26:33:205,129794,186021
40.82,09-22-2026 23:26:33:215,129811,186048
40.83,09-22-2026 23:26:33:225,129806,186029
40.84,09-22-2026 23:26:33:235,129801,186025
40.85,09-22-2026 23:26:33:245,129792,186035
40.86,09-22-2026 23:26:33:255,129800,186050
40.87,09-22-2026 23:26:33:265,129818,186050
40.88,09-22-2026 23:26:33:275,129799,186062
40.89,09-22-2026 23:26:33:285,129795,186041
40.9,09-22-2026 23:26:33:295,129794,186075
40.91,09-22-2026 23:26:33:305,129806,186038
40.92,09-22-2026 23:26:33:315,129797,186051
40.93,09-22-2026 23:26:33:325,129802,186039
40.94,09-22-2026 23:26:33:335,129788,186055
40.95,09-22-2026 23:26:33:345,129794,186041
40.96,09-22-2026 23:26:33:355,129800,186076
40.97,09-22-2026 23:26:33:365,129789,186034
40.98,09-22-2026 23:26:33:375,129808,186077
40.99,09-22-2026 23:26:33:385,129796,186036
41,09-22-2026 23:26:33:395,129797,186052
41.01,09-22-2026 23:26:33:405,129797,186040
41.02,09-22-2026 23:26:33:415,129794,186068
41.03,09-22-2026 23:26:33:425,129787,186040
41.04,09-22-2026 23:26:33:435,129776,186066
41.05,09-22-2026 23:26:33:445,129792,186042
41.06,09-22-2026 23:26:33:455,129777,186080
41.07,09-22-2026 23:26:33:465,129790,186054
41.08,09-22-2026 23:26:33:475,129789,186076
41.09,09-22-2026 23:26:33:485,129773,186047
41.1,09-22-2026 23:26:33:495,129770,186080
41.11,09-22-2026 23:26:33:505,129767,186054
41.12,09-22-2026 23:26:33:515,129761,186069
41.13,09-22-2026 23:26:33:525,129782,186072
41.14,09-22-2026 23:26:33:535,129768,186085
41.15,09-22-2026 23:26:33:545,129798,186070
41.16,09-22-2026 23:26:33:555,129782,186081
41.17,09-22-2026 23:26:33:565,129768,186074
41.18,09-22-2026 23:26:33:575,129756,186096
41.19,09-22-2026 23:26:33:585,129772,186085
41.2,09-22-2026 23:26:33:595,129764,186089
41.21,09-22-2026 23:26:33:605,129792,186077
41.22,09-22-2026 23:26:33:615,129751,186086
41.23,09-22-2026 23:26:33:625,129754,186073
41.24,09-22-2026 23:26:33:635,129740,186084
41.25,09-22-2026 23:26:33:645,129776,186087
41.26,09-22-2026 23:26:33:655,129726,186092
41.27,09-22-2026 23:26:33:665,129748,186086
41.28,09-22-2026 23:26:33:675,129724,186097
41.29,09-22-2026 23:26:33:685,129768,186105
41.3,09-22-2026 23:26:33:695,129738,186079
41.31,09-22-2026 23:26:33:705,129769,186095
41.32,09-22-2026 23:26:33:715,129731,186097
41.33,09-22-2026 23:26:33:725,129773,186112
41.34,09-22-2026 23:26:33:735,129735,186111
41.35,09-22-2026 23:26:33:745,129746,186104
41.36,09-22-2026 23:26:33:755,129735,186116
41.37,09-22-2026 23:26:33:765,129787,186120
41.38,09-22-2026 23:26:33:775,129741,186114
41.39,09-22-2026 23:26:33:785,129759,186115
41.4,09-22-2026 23:26:33:795,129749,186091
41.41,09-22-2026 23:26:33:805,129758,186109
41.42,09-22-2026 23:26:33:815,129727,186078
41.43,09-22-2026 23:26:33:825,129764,186070
41.44,09-22-2026 23:26:33:835,129737,186068
41.45,09-22-2026 23:26:33:845,129758,186051
41.46,09-22-2026 23:26:33:855,129765,186062
41.47,09-22-2026 23:26:33:865,129767,186062
41.48,09-22-2026 23:26:33:875,129749,186060
41.49,09-22-2026 23:26:33:885,129755,186053
41.5,09-22-2026 23:26:33:895,129738,186050
41.51,09-22-2026 23:26:33:905,129766,186036
41.52,09-22-2026 23:26:33:915,129761,186043
41.53,09-22-2026 23:26:33:925,129763,186039
41.54,09-22-2026 23:26:33:935,129767,186036
41.55,09-22-2026 23:26:33:945,129757,186028
41.56,09-22-2026 23:26:33:955,129770,186026
41.57,09-22-2026 23:26:33:965,129764,186040
41.58,09-22-2026 23:26:33:975,129767,186017
41.59,09-22-2026 23:26:33:985,129742,186027
41.6,09-22-2026 23:26:33:995,129759,186008
41.61,09-22-2026 23:26:34:005,129761,186013
41.62,09-22-2026 23:26:34:015,129760,186028
41.63,09-22-2026 23:26:34:025,129734,186027
41.64,09-22-2026 23:26:34:035,129784,186014
41.65,09-22-2026 23:26:34:045,129749,186033
41.66,09-22-2026 23:26:34:055,129780,186009
41.67,09-22-2026 23:26:34:065,129746,186015
41.68,09-22-2026 23:26:34:075,129765,186012
41.69,09-22-2026 23:26:34:085,129743,186015
41.7,09-22-2026 23:26:34:095,129771,186017
41.71,09-22-2026 23:26:34:105,129740,186004
41.72,09-22-2026 23:26:34:115,129766,186023
41.73,09-22-2026 23:26:34:125,129752,186020
41.74,09-22-2026 23:26:34:135,129777,186006
41.75,09-22-2026 23:26:34:145,129756,185988
41.76,09-22-2026 23:26:34:155,129766,186012
41.77,09-22-2026 23:26:34:165,129748,186022
41.78,09-22-2026 23:26:34:175,129785,186016
41.79,09-22-2026 23:26:34:185,129759,186027
41.8,09-22-2026 23:26:34:195,129759,186032
41.81,09-22-2026 23:26:34:205,129747,186024
41.82,09-22-2026 23:26:34:215,129764,185998
41.83,09-22-2026 23:26:34:225,129744,186020
41.84,09-22-2026 23:26:34:235,129761,186014
41.85,09-22-2026 23:26:34:245,129739,186011
41.86,09-22-2026 23:26:34:255,129757,186021
41.87,09-22-2026 23:26:34:265,129731,186028
41.88,09-22-2026 23:26:34:275,129764,186018
41.89,09-22-2026 23:26:34:285,129739,186015
41.9,09-22-2026 23:26:34:295,129705,186032
41.91,09-22-2026 23:26:34:305,129734,186029
41.92,09-22-2026 23:26:34:315,129745,186035
41.93,09-22-2026 23:26:34:325,129754,186034
41.94,09-22-2026 23:26:34:335,129749,186029
41.95,09-22-2026 23:26:34:345,129734,186047
41.96,09-22-2026 23:26:34:355,129738,186045
41.97,09-22-2026 23:26:34:365,129733,186037
41.98,09-22-2026 23:26:34:375,129742,186038
41.99,09-22-2026 23:26:34:385,129727,186031
42,09-22-2026 23:26:34:395,129738,186016
42.01,09-22-2026 23:26:34:405,129734,186024
42.02,09-22-2026 23:26:34:415,129750,185998
42.03,09-22-2026 23:26:34:425,129733,186010
42.04,09-22-2026 23:26:34:435,129741,185997
42.05,09-22-2026 23:26:34:445,129737,186003
42.06,09-22-2026 23:26:34:455,129749,185988
42.07,09-22-2026 23:26:34:465,129745,186008
42.08,09-22-2026 23:26:34:475,129734,186002
42.09,09-22-2026 23:26:34:485,129733,186011
42.1,09-22-2026 23:26:34:495,129752,185999
42.11,09-22-2026 23:26:34:505,129742,185999
42.12,09-22-2026 23:26:34:515,129740,186001
42.13,09-22-2026 23:26:34:525,129744,185987
42.14,09-22-2026 23:26:34:535,129738,185999
42.15,09-22-2026 23:26:34:545,129743,185992
42.16,09-22-2026 23:26:34:555,129752,186022
42.17,09-22-2026 23:26:34:565,129756,186012
42.18,09-22-2026 23:26:34:575,129749,186022
42.19,09-22-2026 23:26:34:585,129747,186006
42.2,09-22-2026 23:26:34:595,129753,186018
42.21,09-22-2026 23:26:34:605,129739,186022
42.22,09-22-2026 23:26:34:615,129731,186012
42.23,09-22-2026 23:26:34:625,129751,186010
42.24,09-22-2026 23:26:34:635,129752,186012
42.25,09-22-2026 23:26:34:645,129743,186029
42.26,09-22-2026 23:26:34:655,129758,186020
42.27,09-22-2026 23:26:34:665,129757,185998
42.28,09-22-2026 23:26:34:675,129756,186009
42.29,09-22-2026 23:26:34:685,129757,186018
42.3,09-22-2026 23:26:34:695,129756,186021
42.31,09-22-2026 23:26:34:705,129753,185995
42.32,09-22-2026 23:26:34:715,129770,186000
42.33,09-22-2026 23:26:34:725,129739,186018
42.34,09-22-2026 23:26:34:735,129750,186035
42.35,09-22-2026 23:26:34:745,129747,186014
42.36,09-22-2026 23:26:34:755,129745,186024
42.37,09-22-2026 23:26:34:765,129739,186031
42.38,09-22-2026 23:26:34:775,129760,186032
42.39,09-22-2026 23:26:34:785,129756,186034
42.4,09-22-2026 23:26:34:795,129767,186039
42.41,09-22-2026 23:26:34:805,129745,186030
42.42,09-22-2026 23:26:34:815,129746,186035
42.43,09-22-2026 23:26:34:825,129752,186018
42.44,09-22-2026 23:26:34:835,129754,186041
42.45,09-22-2026 23:26:34:845,129742,186007
42.46,09-22-2026 23:26:34:855,129746,186040
42.47,09-22-2026 23:26:34:865,129753,186008
42.48,09-22-2026 23:26:34:875,129742,186052
42.49,09-22-2026 23:26:34:885,129751,186041
42.5,09-22-2026 23:26:34:895,129754,186061
42.51,09-22-2026 23:26:34:905,129747,186029
42.52,09-22-2026 23:26:34:915,129727,186083
42.53,09-22-2026 23:26:34:925,129738,185999
42.54,09-22-2026 23:26:34:935,129719,186056
42.55,09-22-2026 23:26:34:945,129724,186039
42.56,09-22-2026 23:26:34:955,129737,186073
42.57,09-22-2026 23:26:34:965,129719,186019
42.58,09-22-2026 23:26:34:975,129733,186095
42.59,09-22-2026 23:26:34:985,129733,186028
42.6,09-22-2026 23:26:34:995,129729,186085
42.61,09-22-2026 23:26:35:005,129733,186030
42.62,09-22-2026 23:26:35:015,129723,186074
42.63,09-22-2026 23:26:35:025,129722,186037
42.64,09-22-2026 23:26:35:035,129734,186101
42.65,09-22-2026 23:26:35:045,129717,186047
42.66,09-22-2026 23:26:35:055,129725,186103
42.67,09-22-2026 23:26:35:065,129722,186066
42.68,09-22-2026 23:26:35:075,129726,186116
42.69,09-22-2026 23:26:35:085,129705,186068
42.7,09-22-2026 23:26:35:095,129716,186114
42.71,09-22-2026 23:26:35:105,129720,186120
42.72,09-22-2026 23:26:35:115,129706,186116
42.73,09-22-2026 23:26:35:125,129714,186104
42.74,09-22-2026 23:26:35:135,129733,186128
42.75,09-22-2026 23:26:35:145,129723,186108
42.76,09-22-2026 23:26:35:155,129718,186143
42.77,09-22-2026 23:26:35:165,129714,186132
42.78,09-22-2026 23:26:35:175,129709,186117
42.79,09-22-2026 23:26:35:185,129715,186132
42.8,09-22-2026 23:26:35:195,129733,186122
42.81,09-22-2026 23:26:35:205,129707,186106
42.82,09-22-2026 23:26:35:215,129728,186095
42.83,09-22-2026 23:26:35:225,129734,186086
42.84,09-22-2026 23:26:35:235,129698,186064
42.85,09-22-2026 23:26:35:245,129711,186097
42.86,09-22-2026 23:26:35:255,129717,186074
42.87,09-22-2026 23:26:35:265,129698,186073
42.88,09-22-2026 23:26:35:275,129710,186067
42.89,09-22-2026 23:26:35:285,129697,186071
42.9,09-22-2026 23:26:35:295,129709,186059
42.91,09-22-2026 23:26:35:305,129705,186073
42.92,09-22-2026 23:26:35:315,129705,186029
42.93,09-22-2026 23:26:35:325,129705,186061
42.94,09-22-2026 23:26:35:335,129697,186013
42.95,09-22-2026 23:26:35:345,129704,186059
42.96,09-22-2026 23:26:35:355,129706,186018
42.97,09-22-2026 23:26:35:365,129697,186039
42.98,09-22-2026 23:26:35:375,129704,186001
42.99,09-22-2026 23:26:35:385,129695,186036
43,09-22-2026 23:26:35:395,129708,185992
43.01,09-22-2026 23:26:35:405,129711,186037
43.02,09-22-2026 23:26:35:415,129701,185997
43.03,09-22-2026 23:26:35:425,129708,186054
43.04,09-22-2026 23:26:35:435,129712,185990
43.05,09-22-2026 23:26:35:445,129665,186004
43.06,09-22-2026 23:26:35:455,129696,185993
43.07,09-22-2026 23:26:35:465,129687,186017
43.08,09-22-2026 23:26:35:475,129688,185981
43.09,09-22-2026 23:26:35:485,129679,186011
43.1,09-22-2026 23:26:35:495,129688,185978
43.11,09-22-2026 23:26:35:505,129673,185991
43.12,09-22-2026 23:26:35:515,129690,185997
43.13,09-22-2026 23:26:35:525,129665,186013
43.14,09-22-2026 23:26:35:535,129704,185993
43.15,09-22-2026 23:26:35:545,129669,185999
43.16,09-22-2026 23:26:35:555,129689,185963
43.17,09-22-2026 23:26:35:565,129647,185972
43.18,09-22-2026 23:26:35:575,129679,185970
43.19,09-22-2026 23:26:35:585,129647,185976
43.2,09-22-2026 23:26:35:595,129679,185990
43.21,09-22-2026 23:26:35:605,129633,185987
43.22,09-22-2026 23:26:35:615,129658,185978
43.23,09-22-2026 23:26:35:625,129619,185993
43.24,09-22-2026 23:26:35:635,129665,186000
43.25,09-22-2026 23:26:35:645,129602,185987
43.26,09-22-2026 23:26:35:655,129665,185983
43.27,09-22-2026 23:26:35:665,129596,185982
43.28,09-22-2026 23:26:35:675,129644,185999
43.29,09-22-2026 23:26:35:685,129616,185986
43.3,09-22-2026 23:26:35:695,129663,185993
43.31,09-22-2026 23:26:35:705,129609,185981
43.32,09-22-2026 23:26:35:715,129670,185992
43.33,09-22-2026 23:26:35:725,129628,185982
43.34,09-22-2026 23:26:35:735,129647,185988
43.35,09-22-2026 23:26:35:745,129611,185973
43.36,09-22-2026 23:26:35:755,129641,185984
43.37,09-22-2026 23:26:35:765,129604,185978
43.38,09-22-2026 23:26:35:775,129646,185992
43.39,09-22-2026 23:26:35:785,129639,186004
43.4,09-22-2026 23:26:35:795,129657,186004
43.41,09-22-2026 23:26:35:805,129623,186015
43.42,09-22-2026 23:26:35:815,129645,186009
43.43,09-22-2026 23:26:35:825,129661,185990
43.44,09-22-2026 23:26:35:835,129652,185991
43.45,09-22-2026 23:26:35:845,129646,186003
43.46,09-22-2026 23:26:35:855,129639,186003
43.47,09-22-2026 23:26:35:865,129647,185992
43.48,09-22-2026 23:26:35:875,129648,185964
43.49,09-22-2026 23:26:35:885,129661,185966
43.5,09-22-2026 23:26:35:895,129626,185959
43.51,09-22-2026 23:26:35:905,129663,185944
43.52,09-22-2026 23:26:35:915,129640,185927
43.53,09-22-2026 23:26:35:925,129667,185917
43.54,09-22-2026 23:26:35:935,129657,185930
43.55,09-22-2026 23:26:35:945,129664,185899
43.56,09-22-2026 23:26:35:955,129627,185902
43.57,09-22-2026 23:26:35:965,129670,185895
43.58,09-22-2026 23:26:35:975,129635,185896
43.59,09-22-2026 23:26:35:985,129655,185876
43.6,09-22-2026 23:26:35:995,129654,185868
43.61,09-22-2026 23:26:36:005,129660,185885
43.62,09-22-2026 23:26:36:015,129633,185880
43.63,09-22-2026 23:26:36:025,129670,185859
43.64,09-22-2026 23:26:36:035,129645,185842
43.65,09-22-2026 23:26:36:045,129678,185851
43.66,09-22-2026 23:26:36:055,129624,185844
43.67,09-22-2026 23:26:36:065,129670,185836
43.68,09-22-2026 23:26:36:075,129651,185848
43.69,09-22-2026 23:26:36:085,129677,185826
43.7,09-22-2026 23:26:36:095,129640,185840
43.71,09-22-2026 23:26:36:105,129678,185838
43.72,09-22-2026 23:26:36:115,129642,185819
43.73,09-22-2026 23:26:36:125,129658,185833
43.74,09-22-2026 23:26:36:135,129620,185825
43.75,09-22-2026 23:26:36:145,129636,185806
43.76,09-22-2026 23:26:36:155,129625,185822
43.77,09-22-2026 23:26:36:165,129652,185796
43.78,09-22-2026 23:26:36:175,129637,185820
43.79,09-22-2026 23:26:36:185,129631,185807
43.8,09-22-2026 23:26:36:195,129629,185823
43.81,09-22-2026 23:26:36:205,129651,185799
43.82,09-22-2026 23:26:36:215,129618,185817
43.83,09-22-2026 23:26:36:225,129613,185804
43.84,09-22-2026 23:26:36:235,129615,185806
43.85,09-22-2026 23:26:36:245,129601,185803
43.86,09-22-2026 23:26:36:255,129617,185806
43.87,09-22-2026 23:26:36:265,129604,185808
43.88,09-22-2026 23:26:36:275,129598,185788
43.89,09-22-2026 23:26:36:285,129604,185823
43.9,09-22-2026 23:26:36:295,129589,185823
43.91,09-22-2026 23:26:36:305,129588,185801
43.92,09-22-2026 23:26:36:315,129605,185818
43.93,09-22-2026 23:26:36:325,129599,185822
43.94,09-22-2026 23:26:36:335,129591,185816
43.95,09-22-2026 23:26:36:345,129588,185826
43.96,09-22-2026 23:26:36:355,129591,185820
43.97,09-22-2026 23:26:36:365,129594,185820
43.98,09-22-2026 23:26:36:375,129596,185827
43.99,09-22-2026 23:26:36:385,129586,185809
44,09-22-2026 23:26:36:395,129583,185824
44.01,09-22-2026 23:26:36:405,129588,185815
44.02,09-22-2026 23:26:36:415,129585,185815
44.03,09-22-2026 23:26:36:425,129571,185802
44.04,09-22-2026 23:26:36:435,129588,185824
44.05,09-22-2026 23:26:36:445,129598,185806
44.06,09-22-2026 23:26:36:455,129587,185818
44.07,09-22-2026 23:26:36:465,129591,185837
44.08,09-22-2026 23:26:36:475,129588,185798
44.09,09-22-2026 23:26:36:485,129582,185807
44.1,09-22-2026 23:26:36:495,129579,185792
44.11,09-22-2026 23:26:36:505,129580,185760
44.12,09-22-2026 23:26:36:515,129572,185788
44.13,09-22-2026 23:26:36:525,129568,185769
44.14,09-22-2026 23:26:36:535,129580,185754
44.15,09-22-2026 23:26:36:545,129566,185750
44.16,09-22-2026 23:26:36:555,129573,185768
44.17,09-22-2026 23:26:36:565,129570,185737
44.18,09-22-2026 23:26:36:575,129579,185725
44.19,09-22-2026 23:26:36:585,129592,185734
44.2,09-22-2026 23:26:36:595,129587,185711
44.21,09-22-2026 23:26:36:605,129587,185724
44.22,09-22-2026 23:26:36:615,129582,185691
44.23,09-22-2026 23:26:36:625,129598,185692
44.24,09-22-2026 23:26:36:635,129588,185673
44.25,09-22-2026 23:26:36:645,129590,185682
44.26,09-22-2026 23:26:36:655,129577,185682
44.27,09-22-2026 23:26:36:665,129578,185657
44.28,09-22-2026 23:26:36:675,129582,185647
44.29,09-22-2026 23:26:36:685,129577,185664
44.3,09-22-2026 23:26:36:695,129591,185639
44.31,09-22-2026 23:26:36:705,129580,185645
44.32,09-22-2026 23:26:36:715,129580,185643
44.33,09-22-2026 23:26:36:725,129584,185660
44.34,09-22-2026 23:26:36:735,129566,185609
44.35,09-22-2026 23:26:36:745,129569,185632
44.36,09-22-2026 23:26:36:755,129569,185625
44.37,09-22-2026 23:26:36:765,129574,185622
44.38,09-22-2026 23:26:36:775,129568,185594
44.39,09-22-2026 23:26:36:785,129571,185631
44.4,09-22-2026 23:26:36:795,129570,185585
44.41,09-22-2026 23:26:36:805,129556,185593
44.42,09-22-2026 23:26:36:815,129561,185560
44.43,09-22-2026 23:26:36:825,129546,185598
44.44,09-22-2026 23:26:36:835,129559,185573
44.45,09-22-2026 23:26:36:845,129559,185609
44.46,09-22-2026 23:26:36:855,129556,185560
44.47,09-22-2026 23:26:36:865,129556,185616
44.48,09-22-2026 23:26:36:875,129553,185560
44.49,09-22-2026 23:26:36:885,129554,185608
44.5,09-22-2026 23:26:36:895,129539,185541
44.51,09-22-2026 23:26:36:905,129529,185607
44.52,09-22-2026 23:26:36:915,129545,185567
44.53,09-22-2026 23:26:36:925,129529,185583
44.54,09-22-2026 23:26:36:935,129530,185535
44.55,09-22-2026 23:26:36:945,129535,185612
44.56,09-22-2026 23:26:36:955,129536,185554
44.57,09-22-2026 23:26:36:965,129550,185591
44.58,09-22-2026 23:26:36:975,129547,185578
44.59,09-22-2026 23:26:36:985,129540,185583
44.6,09-22-2026 23:26:36:995,129526,185585
44.61,09-22-2026 23:26:37:005,129539,185614
44.62,09-22-2026 23:26:37:015,129540,185587
44.63,09-22-2026 23:26:37:025,129543,185602
44.64,09-22-2026 23:26:37:035,129546,185600
44.65,09-22-2026 23:26:37:045,129536,185606
44.66,09-22-2026 23:26:37:055,129545,185601
44.67,09-22-2026 23:26:37:065,129555,185628
44.68,09-22-2026 23:26:37:075,129536,185628
44.69,09-22-2026 23:26:37:085,129531,185589
44.7,09-22-2026 23:26:37:095,129525,185606
44.71,09-22-2026 23:26:37:105,129525,185610
44.72,09-22-2026 23:26:37:115,129543,185569
44.73,09-22-2026 23:26:37:125,129540,185569
44.74,09-22-2026 23:26:37:135,129539,185559
44.75,09-22-2026 23:26:37:145,129538,185529
44.76,09-22-2026 23:26:37:155,129539,185565
44.77,09-22-2026 23:26:37:165,129530,185530
44.78,09-22-2026 23:26:37:175,129538,185522
44.79,09-22-2026 23:26:37:185,129550,185505
44.8,09-22-2026 23:26:37:195,129527,185538
44.81,09-22-2026 23:26:37:205,129534,185493
44.82,09-22-2026 23:26:37:215,129551,185505
44.83,09-22-2026 23:26:37:225,129540,185482
44.84,09-22-2026 23:26:37:235,129542,185507
44.85,09-22-2026 23:26:37:245,129551,185459
44.86,09-22-2026 23:26:37:255,129538,185476
44.87,09-22-2026 23:26:37:265,129536,185444
44.88,09-22-2026 23:26:37:275,129551,185472
44.89,09-22-2026 23:26:37:285,129538,185433
44.9,09-22-2026 23:26:37:295,129533,185454
44.91,09-22-2026 23:26:37:305,129541,185427
44.92,09-22-2026 23:26:37:315,129539,185462
44.93,09-22-2026 23:26:37:325,129550,185429
44.94,09-22-2026 23:26:37:335,129540,185446
44.95,09-22-2026 23:26:37:345,129556,185416
44.96,09-22-2026 23:26:37:355,129527,185421
44.97,09-22-2026 23:26:37:365,129530,185409
44.98,09-22-2026 23:26:37:375,129539,185405
44.99,09-22-2026 23:26:37:385,129542,185390
45,09-22-2026 23:26:37:395,129529,185413
45.01,09-22-2026 23:26:37:405,129527,185397
45.02,09-22-2026 23:26:37:415,129521,185399
45.03,09-22-2026 23:26:37:425,129549,185403
45.04,09-22-2026 23:26:37:435,129510,185400
45.05,09-22-2026 23:26:37:445,129532,185381
45.06,09-22-2026 23:26:37:455,129493,185400
45.07,09-22-2026 23:26:37:465,129523,185393
45.08,09-22-2026 23:26:37:475,129526,185366
45.09,09-22-2026 23:26:37:485,129534,185385
45.1,09-22-2026 23:26:37:495,129487,185375
45.11,09-22-2026 23:26:37:505,129530,185399
45.12,09-22-2026 23:26:37:515,129475,185382
45.13,09-22-2026 23:26:37:525,129520,185388
45.14,09-22-2026 23:26:37:535,129487,185375
45.15,09-22-2026 23:26:37:545,129526,185372
45.16,09-22-2026 23:26:37:555,129494,185376
45.17,09-22-2026 23:26:37:565,129537,185379
45.18,09-22-2026 23:26:37:575,129500,185400
45.19,09-22-2026 23:26:37:585,129511,185379
45.2,09-22-2026 23:26:37:595,129487,185398
45.21,09-22-2026 23:26:37:605,129520,185397
45.22,09-22-2026 23:26:37:615,129485,185391
45.23,09-22-2026 23:26:37:625,129536,185396
45.24,09-22-2026 23:26:37:635,129523,185400
45.25,09-22-2026 23:26:37:645,129534,185411
45.26,09-22-2026 23:26:37:655,129504,185399
45.27,09-22-2026 23:26:37:665,129537,185407
45.28,09-22-2026 23:26:37:675,129504,185398
45.29,09-22-2026 23:26:37:685,129522,185420
45.3,09-22-2026 23:26:37:695,129499,185413
45.31,09-22-2026 23:26:37:705,129537,185392
45.32,09-22-2026 23:26:37:715,129504,185415
45.33,09-22-2026 23:26:37:725,129525,185399
45.34,09-22-2026 23:26:37:735,129517,185404
45.35,09-22-2026 23:26:37:745,129520,185384
45.36,09-22-2026 23:26:37:755,129543,185359
45.37,09-22-2026 23:26:37:765,129542,185368
45.38,09-22-2026 23:26:37:775,129535,185349
45.39,09-22-2026 23:26:37:785,129541,185331
45.4,09-22-2026 23:26:37:795,129555,185327
45.41,09-22-2026 23:26:37:805,129533,185324
45.42,09-22-2026 23:26:37:815,129566,185340
45.43,09-22-2026 23:26:37:825,129543,185304
45.44,09-22-2026 23:26:37:835,129553,185309
45.45,09-22-2026 23:26:37:845,129548,185301
45.46,09-22-2026 23:26:37:855,129569,185293
45.47,09-22-2026 23:26:37:865,129522,185304
45.48,09-22-2026 23:26:37:875,129558,185287
45.49,09-22-2026 23:26:37:885,129537,185273
45.5,09-22-2026 23:26:37:895,129559,185268
45.51,09-22-2026 23:26:37:905,129552,185265
45.52,09-22-2026 23:26:37:915,129571,185258
45.53,09-22-2026 23:26:37:925,129548,185253
45.54,09-22-2026 23:26:37:935,129591,185261
45.55,09-22-2026 23:26:37:945,129543,185240
45.56,09-22-2026 23:26:37:955,129573,185243
45.57,09-22-2026 23:26:37:965,129564,185244
45.58,09-22-2026 23:26:37:975,129590,185250
45.59,09-22-2026 23:26:37:985,129559,185258
45.6,09-22-2026 23:26:37:995,129587,185238
45.61,09-22-2026 23:26:38:005,129559,185247
45.62,09-22-2026 23:26:38:015,129596,185236
45.63,09-22-2026 23:26:38:025,129566,185231
45.64,09-22-2026 23:26:38:035,129572,185229
45.65,09-22-2026 23:26:38:045,129569,185233
45.66,09-22-2026 23:26:38:055,129602,185237
45.67,09-22-2026 23:26:38:065,129570,185240
45.68,09-22-2026 23:26:38:075,129586,185222
45.69,09-22-2026 23:26:38:085,129571,185236
45.7,09-22-2026 23:26:38:095,129590,185245
45.71,09-22-2026 23:26:38:105,129584,185232
45.72,09-22-2026 23:26:38:115,129583,185237
45.73,09-22-2026 23:26:38:125,129579,185239
45.74,09-22-2026 23:26:38:135,129583,185240
45.75,09-22-2026 23:26:38:145,129588,185234
45.76,09-22-2026 23:26:38:155,129575,185242
45.77,09-22-2026 23:26:38:165,129578,185264
45.78,09-22-2026 23:26:38:175,129585,185227
45.79,09-22-2026 23:26:38:185,129589,185265
45.8,09-22-2026 23:26:38:195,129597,185257
45.81,09-22-2026 23:26:38:205,129594,185244
45.82,09-22-2026 23:26:38:215,129586,185265
45.83,09-22-2026 23:26:38:225,129591,185270
45.84,09-22-2026 23:26:38:235,129591,185254
45.85,09-22-2026 23:26:38:245,129576,185268
45.86,09-22-2026 23:26:38:255,129608,185260
45.87,09-22-2026 23:26:38:265,129596,185262
45.88,09-22-2026 23:26:38:275,129597,185296
45.89,09-22-2026 23:26:38:285,129597,185276
45.9,09-22-2026 23:26:38:295,129601,185299
45.91,09-22-2026 23:26:38:305,129609,185295
45.92,09-22-2026 23:26:38:315,129610,185295
45.93,09-22-2026 23:26:38:325,129607,185300
45.94,09-22-2026 23:26:38:335,129624,185297
45.95,09-22-2026 23:26:38:345,129602,185295
45.96,09-22-2026 23:26:38:355,129614,185301
45.97,09-22-2026 23:26:38:365,129596,185332
45.98,09-22-2026 23:26:38:375,129628,185310
45.99,09-22-2026 23:26:38:385,129615,185321
46,09-22-2026 23:26:38:395,129621,185322
46.01,09-22-2026 23:26:38:405,129633,185318
46.02,09-22-2026 23:26:38:415,129635,185337
46.03,09-22-2026 23:26:38:425,129615,185354
46.04,09-22-2026 23:26:38:435,129617,185337
46.05,09-22-2026 23:26:38:445,129618,185341
46.06,09-22-2026 23:26:38:455,129626,185354
46.07,09-22-2026 23:26:38:465,129645,185363
46.08,09-22-2026 23:26:38:475,129628,185367
46.09,09-22-2026 23:26:38:485,129629,185373
46.1,09-22-2026 23:26:38:495,129640,185383
46.11,09-22-2026 23:26:38:505,129640,185380
46.12,09-22-2026 23:26:38:515,129628,185391
46.13,09-22-2026 23:26:38:525,129633,185395
46.14,09-22-2026 23:26:38:535,129617,185388
46.15,09-22-2026 23:26:38:545,129643,185387
46.16,09-22-2026 23:26:38:555,129631,185398
46.17,09-22-2026 23:26:38:565,129625,185418
46.18,09-22-2026 23:26:38:575,129634,185396
46.19,09-22-2026 23:26:38:585,129634,185416
46.2,09-22-2026 23:26:38:595,129646,185427
46.21,09-22-2026 23:26:38:605,129642,185410
46.22,09-22-2026 23:26:38:615,129638,185448
46.23,09-22-2026 23:26:38:625,129628,185418
46.24,09-22-2026 23:26:38:635,129648,185441
46.25,09-22-2026 23:26:38:645,129645,185436
46.26,09-22-2026 23:26:38:655,129645,185449
46.27,09-22-2026 23:26:38:665,129649,185443
46.28,09-22-2026 23:26:38:675,129656,185463
46.29,09-22-2026 23:26:38:685,129644,185441
46.3,09-22-2026 23:26:38:695,129652,185472
46.31,09-22-2026 23:26:38:705,129648,185456
46.32,09-22-2026 23:26:38:715,129656,185492
46.33,09-22-2026 23:26:38:725,129659,185454
46.34,09-22-2026 23:26:38:735,129669,185515
46.35,09-22-2026 23:26:38:745,129671,185455
46.36,09-22-2026 23:26:38:755,129651,185506
46.37,09-22-2026 23:26:38:765,129664,185473
46.38,09-22-2026 23:26:38:775,129665,185523
46.39,09-22-2026 23:26:38:785,129658,185483
46.4,09-22-2026 23:26:38:795,129652,185547
46.41,09-22-2026 23:26:38:805,129657,185475
46.42,09-22-2026 23:26:38:815,129651,185537
46.43,09-22-2026 23:26:38:825,129657,185512
46.44,09-22-2026 23:26:38:835,129669,185546
46.45,09-22-2026 23:26:38:845,129667,185483
46.46,09-22-2026 23:26:38:855,129675,185520
46.47,09-22-2026 23:26:38:865,129672,185468
46.48,09-22-2026 23:26:38:875,129662,185538
46.49,09-22-2026 23:26:38:885,129678,185492
46.5,09-22-2026 23:26:38:895,129672,185522
46.51,09-22-2026 23:26:38:905,129663,185501
46.52,09-22-2026 23:26:38:915,129674,185534
46.53,09-22-2026 23:26:38:925,129673,185489
46.54,09-22-2026 23:26:38:935,129660,185532
46.55,09-22-2026 23:26:38:945,129670,185499
46.56,09-22-2026 23:26:38:955,129680,185525
46.57,09-22-2026 23:26:38:965,129684,185513
46.58,09-22-2026 23:26:38:975,129685,185521
46.59,09-22-2026 23:26:38:985,129674,185527
46.6,09-22-2026 23:26:38:995,129681,185535
46.61,09-22-2026 23:26:39:005,129700,185522
46.62,09-22-2026 23:26:39:015,129673,185538
46.63,09-22-2026 23:26:39:025,129693,185543
46.64,09-22-2026 23:26:39:035,129682,185520
46.65,09-22-2026 23:26:39:045,129708,185545
46.66,09-22-2026 23:26:39:055,129680,185547
46.67,09-22-2026 23:26:39:065,129688,185544
46.68,09-22-2026 23:26:39:075,129690,185535
46.69,09-22-2026 23:26:39:085,129697,185573
46.7,09-22-2026 23:26:39:095,129699,185559
46.71,09-22-2026 23:26:39:105,129700,185557
46.72,09-22-2026 23:26:39:115,129702,185531
46.73,09-22-2026 23:26:39:125,129698,185578
46.74,09-22-2026 23:26:39:135,129701,185542
46.75,09-22-2026 23:26:39:145,129692,185579
46.76,09-22-2026 23:26:39:155,129702,185551
46.77,09-22-2026 23:26:39:165,129702,185609
46.78,09-22-2026 23:26:39:175,129704,185557
46.79,09-22-2026 23:26:39:185,129710,185604
46.8,09-22-2026 23:26:39:195,129703,185568
46.81,09-22-2026 23:26:39:205,129701,185615
46.82,09-22-2026 23:26:39:215,129719,185561
46.83,09-22-2026 23:26:39:225,129701,185601
46.84,09-22-2026 23:26:39:235,129708,185580
46.85,09-22-2026 23:26:39:245,129695,185613
46.86,09-22-2026 23:26:39:255,129726,185594
46.87,09-22-2026 23:26:39:265,129720,185630
46.88,09-22-2026 23:26:39:275,129714,185600
46.89,09-22-2026 23:26:39:285,129706,185620
46.9,09-22-2026 23:26:39:295,129720,185601
46.91,09-22-2026 23:26:39:305,129698,185621
46.92,09-22-2026 23:26:39:315,129736,185625
46.93,09-22-2026 23:26:39:325,129691,185632
46.94,09-22-2026 23:26:39:335,129731,185625
46.95,09-22-2026 23:26:39:345,129683,185649
46.96,09-22-2026 23:26:39:355,129737,185635
46.97,09-22-2026 23:26:39:365,129710,185631
46.98,09-22-2026 23:26:39:375,129741,185636
46.99,09-22-2026 23:26:39:385,129701,185638
47,09-22-2026 23:26:39:395,129720,185641
47.01,09-22-2026 23:26:39:405,129701,185643
47.02,09-22-2026 23:26:39:415,129727,185661
47.03,09-22-2026 23:26:39:425,129692,185674
47.04,09-22-2026 23:26:39:435,129745,185672
47.05,09-22-2026 23:26:39:445,129688,185676
47.06,09-22-2026 23:26:39:455,129751,185672
47.07,09-22-2026 23:26:39:465,129708,185681
47.08,09-22-2026 23:26:39:475,129747,185703
47.09,09-22-2026 23:26:39:485,129694,185693
47.1,09-22-2026 23:26:39:495,129736,185691
47.11,09-22-2026 23:26:39:505,129703,185706
47.12,09-22-2026 23:26:39:515,129747,185698
47.13,09-22-2026 23:26:39:525,129720,185704
47.14,09-22-2026 23:26:39:535,129751,185695
47.15,09-22-2026 23:26:39:545,129733,185720
47.16,09-22-2026 23:26:39:555,129749,185711
47.17,09-22-2026 23:26:39:565,129728,185734
47.18,09-22-2026 23:26:39:575,129754,185726
47.19,09-22-2026 23:26:39:585,129738,185724
47.2,09-22-2026 23:26:39:595,129754,185737
47.21,09-22-2026 23:26:39:605,129744,185742
47.22,09-22-2026 23:26:39:615,129755,185735
47.23,09-22-2026 23:26:39:625,129772,185755
47.24,09-22-2026 23:26:39:635,129761,185774
47.25,09-22-2026 23:26:39:645,129749,185778
47.26,09-22-2026 23:26:39:655,129752,185766
47.27,09-22-2026 23:26:39:665,129773,185780
47.28,09-22-2026 23:26:39:675,129762,185805
47.29,09-22-2026 23:26:39:685,129773,185790
47.3,09-22-2026 23:26:39:695,129759,185800
47.31,09-22-2026 23:26:39:705,129789,185809
47.32,09-22-2026 23:26:39:715,129790,185795
47.33,09-22-2026 23:26:39:725,129791,185788
47.34,09-22-2026 23:26:39:735,129766,185817
47.35,09-22-2026 23:26:39:745,129799,185819
47.36,09-22-2026 23:26:39:755,129784,185826
47.37,09-22-2026 23:26:39:765,129789,185832
47.38,09-22-2026 23:26:39:775,129775,185815
47.39,09-22-2026 23:26:39:785,129788,185836
47.4,09-22-2026 23:26:39:795,129775,185834
47.41,09-22-2026 23:26:39:805,129816,185818
47.42,09-22-2026 23:26:39:815,129791,185831
47.43,09-22-2026 23:26:39:825,129822,185833
47.44,09-22-2026 23:26:39:835,129793,185852
47.45,09-22-2026 23:26:39:845,129821,185859
47.46,09-22-2026 23:26:39:855,129793,185862
47.47,09-22-2026 23:26:39:865,129804,185868
47.48,09-22-2026 23:26:39:875,129790,185865
47.49,09-22-2026 23:26:39:885,129837,185870
47.5,09-22-2026 23:26:39:895,129785,185871
47.51,09-22-2026 23:26:39:905,129823,185870
47.52,09-22-2026 23:26:39:915,129799,185870
47.53,09-22-2026 23:26:39:925,129813,185868
47.54,09-22-2026 23:26:39:935,129797,185889
47.55,09-22-2026 23:26:39:945,129832,185872
47.56,09-22-2026 23:26:39:955,129786,185876
47.57,09-22-2026 23:26:39:965,129823,185883
47.58,09-22-2026 23:26:39:975,129807,185877
47.59,09-22-2026 23:26:39:985,129819,185872
47.6,09-22-2026 23:26:39:995,129783,185887
47.61,09-22-2026 23:26:40:005,129796,185874
47.62,09-22-2026 23:26:40:015,129797,185896
47.63,09-22-2026 23:26:40:025,129814,185875
47.64,09-22-2026 23:26:40:035,129814,185878
47.65,09-22-2026 23:26:40:045,129805,185863
47.66,09-22-2026 23:26:40:055,129812,185886
47.67,09-22-2026 23:26:40:065,129800,185892
47.68,09-22-2026 23:26:40:075,129809,185880
47.69,09-22-2026 23:26:40:085,129809,185886
47.7,09-22-2026 23:26:40:095,129822,185882
47.71,09-22-2026 23:26:40:105,129818,185902
47.72,09-22-2026 23:26:40:115,129819,185884
47.73,09-22-2026 23:26:40:125,129822,185905
47.74,09-22-2026 23:26:40:135,129822,185910
47.75,09-22-2026 23:26:40:145,129827,185928
47.76,09-22-2026 23:26:40:155,129822,185921
47.77,09-22-2026 23:26:40:165,129824,185920
47.78,09-22-2026 23:26:40:175,129807,185931
47.79,09-22-2026 23:26:40:185,129814,185932
47.8,09-22-2026 23:26:40:195,129821,185923
47.81,09-22-2026 23:26:40:205,129814,185930
47.82,09-22-2026 23:26:40:215,129809,185913
47.83,09-22-2026 23:26:40:225,129810,185938
47.84,09-22-2026 23:26:40:235,129820,185931
47.85,09-22-2026 23:26:40:245,129821,185954
47.86,09-22-2026 23:26:40:255,129829,185946
47.87,09-22-2026 23:26:40:265,129837,185958
47.88,09-22-2026 23:26:40:275,129816,185966
47.89,09-22-2026 23:26:40:285,129824,185952
47.9,09-22-2026 23:26:40:295,129844,185966
47.91,09-22-2026 23:26:40:305,129835,185965
47.92,09-22-2026 23:26:40:315,129824,185980
47.93,09-22-2026 23:26:40:325,129839,185983
47.94,09-22-2026 23:26:40:335,129840,185981
47.95,09-22-2026 23:26:40:345,129823,185975
47.96,09-22-2026 23:26:40:355,129851,185992
47.97,09-22-2026 23:26:40:365,129843,185991
47.98,09-22-2026 23:26:40:375,129850,185990
47.99,09-22-2026 23:26:40:385,129850,186003
48,09-22-2026 23:26:40:395,129861,185998
48.01,09-22-2026 23:26:40:405,129843,186008
48.02,09-22-2026 23:26:40:415,129839,186006
48.03,09-22-2026 23:26:40:425,129848,186007
48.04,09-22-2026 23:26:40:435,129847,186000
48.05,09-22-2026 23:26:40:445,129841,186023
48.06,09-22-2026 23:26:40:455,129846,186013
48.07,09-22-2026 23:26:40:465,129858,186041
48.08,09-22-2026 23:26:40:475,129855,186025
48.09,09-22-2026 23:26:40:485,129840,186026
48.1,09-22-2026 23:26:40:495,129849,186024
48.11,09-22-2026 23:26:40:505,129844,186048
48.12,09-22-2026 23:26:40:515,129862,186018
48.13,09-22-2026 23:26:40:525,129860,186038
48.14,09-22-2026 23:26:40:535,129858,186029
48.15,09-22-2026 23:26:40:545,129846,186059
48.16,09-22-2026 23:26:40:555,129863,186049
48.17,09-22-2026 23:26:40:565,129861,186071
48.18,09-22-2026 23:26:40:575,129855,186056
48.19,09-22-2026 23:26:40:585,129852,186067
48.2,09-22-2026 23:26:40:595,129860,186053
48.21,09-22-2026 23:26:40:605,129851,186073
48.22,09-22-2026 23:26:40:615,129851,186041
48.23,09-22-2026 23:26:40:625,129873,186085
48.24,09-22-2026 23:26:40:635,129868,186043
48.25,09-22-2026 23:26:40:645,129855,186099
48.26,09-22-2026 23:26:40:655,129862,186045
48.27,09-22-2026 23:26:40:665,129855,186085
48.28,09-22-2026 23:26:40:675,129854,186058
48.29,09-22-2026 23:26:40:685,129873,186100
48.3,09-22-2026 23:26:40:695,129875,186062
48.31,09-22-2026 23:26:40:705,129868,186111
48.32,09-22-2026 23:26:40:715,129863,186094
48.33,09-22-2026 23:26:40:725,129865,186122
48.34,09-22-2026 23:26:40:735,129861,186061
48.35,09-22-2026 23:26:40:745,129849,186143
48.36,09-22-2026 23:26:40:755,129869,186116
48.37,09-22-2026 23:26:40:765,129879,186140
48.38,09-22-2026 23:26:40:775,129876,186135
48.39,09-22-2026 23:26:40:785,129870,186153
48.4,09-22-2026 23:26:40:795,129878,186131
48.41,09-22-2026 23:26:40:805,129857,186152
48.42,09-22-2026 23:26:40:815,129882,186121
48.43,09-22-2026 23:26:40:825,129876,186140
48.44,09-22-2026 23:26:40:835,129881,186115
48.45,09-22-2026 23:26:40:845,129870,186119
48.46,09-22-2026 23:26:40:855,129883,186120
48.47,09-22-2026 23:26:40:865,129877,186128
48.48,09-22-2026 23:26:40:875,129896,186149
48.49,09-22-2026 23:26:40:885,129872,186158
48.5,09-22-2026 23:26:40:895,129895,186157
48.51,09-22-2026 23:26:40:905,129899,186139
48.52,09-22-2026 23:26:40:915,129889,186149
48.53,09-22-2026 23:26:40:925,129879,186171
48.54,09-22-2026 23:26:40:935,129884,186188
48.55,09-22-2026 23:26:40:945,129897,186148
48.56,09-22-2026 23:26:40:955,129890,186167
48.57,09-22-2026 23:26:40:965,129892,186170
48.58,09-22-2026 23:26:40:975,129872,186164
48.59,09-22-2026 23:26:40:985,129892,186137
48.6,09-22-2026 23:26:40:995,129892,186167
48.61,09-22-2026 23:26:41:005,129875,186165
48.62,09-22-2026 23:26:41:015,129891,186190
48.63,09-22-2026 23:26:41:025,129876,186180
48.64,09-22-2026 23:26:41:035,129878,186212
48.65,09-22-2026 23:26:41:045,129900,186184
48.66,09-22-2026 23:26:41:055,129876,186208
48.67,09-22-2026 23:26:41:065,129909,186182
48.68,09-22-2026 23:26:41:075,129887,186200
48.69,09-22-2026 23:26:41:085,129892,186197
48.7,09-22-2026 23:26:41:095,129910,186228
48.71,09-22-2026 23:26:41:105,129890,186176
48.72,09-22-2026 23:26:41:115,129883,186223
48.73,09-22-2026 23:26:41:125,129893,186197
48.74,09-22-2026 23:26:41:135,129890,186225
48.75,09-22-2026 23:26:41:145,129896,186200
48.76,09-22-2026 23:26:41:155,129886,186225
48.77,09-22-2026 23:26:41:165,129884,186219
48.78,09-22-2026 23:26:41:175,129868,186219
48.79,09-22-2026 23:26:41:185,129887,186219
48.8,09-22-2026 23:26:41:195,129884,186234
48.81,09-22-2026 23:26:41:205,129909,186236
48.82,09-22-2026 23:26:41:215,129878,186231
48.83,09-22-2026 23:26:41:225,129912,186235
48.84,09-22-2026 23:26:41:235,129870,186253
48.85,09-22-2026 23:26:41:245,129900,186237
48.86,09-22-2026 23:26:41:255,129863,186237
48.87,09-22-2026 23:26:41:265,129893,186243
48.88,09-22-2026 23:26:41:275,129857,186242
48.89,09-22-2026 23:26:41:285,129914,186268
48.9,09-22-2026 23:26:41:295,129865,186255
48.91,09-22-2026 23:26:41:305,129909,186246
48.92,09-22-2026 23:26:41:315,129871,186262
48.93,09-22-2026 23:26:41:325,129896,186266
48.94,09-22-2026 23:26:41:335,129866,186285
48.95,09-22-2026 23:26:41:345,129897,186281
48.96,09-22-2026 23:26:41:355,129869,186272
48.97,09-22-2026 23:26:41:365,129899,186278
48.98,09-22-2026 23:26:41:375,129887,186288
48.99,09-22-2026 23:26:41:385,129915,186280
49,09-22-2026 23:26:41:395,129920,186273
49.01,09-22-2026 23:26:41:405,129935,186283
49.02,09-22-2026 23:26:41:415,129890,186293
49.03,09-22-2026 23:26:41:425,129911,186291
49.04,09-22-2026 23:26:41:435,129919,186314
49.05,09-22-2026 23:26:41:445,129932,186302
49.06,09-22-2026 23:26:41:455,129902,186295
49.07,09-22-2026 23:26:41:465,129931,186305
49.08,09-22-2026 23:26:41:475,129927,186325
49.09,09-22-2026 23:26:41:485,129941,186313
49.1,09-22-2026 23:26:41:495,129937,186303
49.11,09-22-2026 23:26:41:505,129933,186327
49.12,09-22-2026 23:26:41:515,129946,186320
49.13,09-22-2026 23:26:41:525,129937,186346
49.14,09-22-2026 23:26:41:535,129955,186334
49.15,09-22-2026 23:26:41:545,129946,186338
49.16,09-22-2026 23:26:41:555,129958,186340
49.17,09-22-2026 23:26:41:565,129926,186321
49.18,09-22-2026 23:26:41:575,129947,186347
49.19,09-22-2026 23:26:41:585,129932,186338
49.2,09-22-2026 23:26:41:595,129958,186351
49.21,09-22-2026 23:26:41:605,129945,186365
49.22,09-22-2026 23:26:41:615,129950,186352
49.23,09-22-2026 23:26:41:625,129941,186360
49.24,09-22-2026 23:26:41:635,129974,186363
49.25,09-22-2026 23:26:41:645,129933,186347
49.26,09-22-2026 23:26:41:655,129978,186344
49.27,09-22-2026 23:26:41:665,129924,186357
49.28,09-22-2026 23:26:41:675,129969,186343
49.29,09-22-2026 23:26:41:685,129945,186353
49.3,09-22-2026 23:26:41:695,129965,186331
49.31,09-22-2026 23:26:41:705,129954,186337
49.32,09-22-2026 23:26:41:715,129971,186347
49.33,09-22-2026 23:26:41:725,129953,186348
49.34,09-22-2026 23:26:41:735,129974,186358
49.35,09-22-2026 23:26:41:745,129952,186354
49.36,09-22-2026 23:26:41:755,129971,186330
49.37,09-22-2026 23:26:41:765,129959,186354
49.38,09-22-2026 23:26:41:775,129968,186366
49.39,09-22-2026 23:26:41:785,129968,186355
49.4,09-22-2026 23:26:41:795,129945,186368
49.41,09-22-2026 23:26:41:805,129958,186373
49.42,09-22-2026 23:26:41:815,129967,186354
49.43,09-22-2026 23:26:41:825,129941,186348
49.44,09-22-2026 23:26:41:835,129972,186357
49.45,09-22-2026 23:26:41:845,129936,186366
49.46,09-22-2026 23:26:41:855,129964,186384
49.47,09-22-2026 23:26:41:865,129930,186381
49.48,09-22-2026 23:26:41:875,129935,186395
49.49,09-22-2026 23:26:41:885,129939,186395
49.5,09-22-2026 23:26:41:895,129942,186396
49.51,09-22-2026 23:26:41:905,129937,186392
49.52,09-22-2026 23:26:41:915,129944,186396
49.53,09-22-2026 23:26:41:925,129943,186404
49.54,09-22-2026 23:26:41:935,129933,186415
49.55,09-22-2026 23:26:41:945,129935,186396
49.56,09-22-2026 23:26:41:955,129954,186394
49.57,09-22-2026 23:26:41:965,129944,186400
49.58,09-22-2026 23:26:41:975,129935,186399
49.59,09-22-2026 23:26:41:985,129948,186422
49.6,09-22-2026 23:26:41:995,129948,186412
49.61,09-22-2026 23:26:42:005,129936,186431
49.62,09-22-2026 23:26:42:015,129957,186424
49.63,09-22-2026 23:26:42:025,129943,186424
49.64,09-22-2026 23:26:42:035,129946,186426
49.65,09-22-2026 23:26:42:045,129972,186420
49.66,09-22-2026 23:26:42:055,129953,186437
49.67,09-22-2026 23:26:42:065,129945,186421
49.68,09-22-2026 23:26:42:075,129947,186419
49.69,09-22-2026 23:26:42:085,129947,186442
49.7,09-22-2026 23:26:42:095,129931,186426
49.71,09-22-2026 23:26:42:105,129939,186453
49.72,09-22-2026 23:26:42:115,129944,186442
49.73,09-22-2026 23:26:42:125,129953,186462
49.74,09-22-2026 23:26:42:135,129945,186464
49.75,09-22-2026 23:26:42:145,129955,186456
49.76,09-22-2026 23:26:42:155,129949,186444
49.77,09-22-2026 23:26:42:165,129942,186450
49.78,09-22-2026 23:26:42:175,129949,186464
49.79,09-22-2026 23:26:42:185,129940,186453
49.8,09-22-2026 23:26:42:195,129952,186466
49.81,09-22-2026 23:26:42:205,129958,186450
49.82,09-22-2026 23:26:42:215,129964,186467
49.83,09-22-2026 23:26:42:225,129946,186484
49.84,09-22-2026 23:26:42:235,129961,186455
49.85,09-22-2026 23:26:42:245,129952,186436
49.86,09-22-2026 23:26:42:255,129982,186463
49.87,09-22-2026 23:26:42:265,129955,186471
49.88,09-22-2026 23:26:42:275,129961,186471
49.89,09-22-2026 23:26:42:285,129951,186465
49.9,09-22-2026 23:26:42:295,129967,186473
49.91,09-22-2026 23:26:42:305,129967,186474
49.92,09-22-2026 23:26:42:315,129974,186483
49.93,09-22-2026 23:26:42:325,129974,186485
49.94,09-22-2026 23:26:42:335,129983,186481
49.95,09-22-2026 23:26:42:345,129968,186480
49.96,09-22-2026 23:26:42:355,129954,186494
49.97,09-22-2026 23:26:42:365,129972,186471
49.98,09-22-2026 23:26:42:375,129966,186505
49.99,09-22-2026 23:26:42:385,129986,186483
50,09-22-2026 23:26:42:395,129962,186483
50.01,09-22-2026 23:26:42:405,129966,186494
50.02,09-22-2026 23:26:42:415,129967,186482
50.03,09-22-2026 23:26:42:425,129945,186501
50.04,09-22-2026 23:26:42:435,129971,186479
50.05,09-22-2026 23:26:42:445,129960,186500
50.06,09-22-2026 23:26:42:455,129967,186477
50.07,09-22-2026 23:26:42:465,129957,186489
50.08,09-22-2026 23:26:42:475,129948,186449
50.09,09-22-2026 23:26:42:485,129962,186493
50.1,09-22-2026 23:26:42:495,129989,186432
50.11,09-22-2026 23:26:42:505,129972,186488
50.12,09-22-2026 23:26:42:515,129975,186451
50.13,09-22-2026 23:26:42:525,129972,186479
50.14,09-22-2026 23:26:42:535,129959,186422
50.15,09-22-2026 23:26:42:545,129969,186499
50.16,09-22-2026 23:26:42:555,129975,186423
50.17,09-22-2026 23:26:42:565,129971,186490
50.18,09-22-2026 23:26:42:575,129970,186406
50.19,09-22-2026 23:26:42:585,129968,186494
50.2,09-22-2026 23:26:42:595,129994,186441
50.21,09-22-2026 23:26:42:605,129973,186506
50.22,09-22-2026 23:26:42:615,129966,186452
50.23,09-22-2026 23:26:42:625,129967,186491
50.24,09-22-2026 23:26:42:635,129980,186455
50.25,09-22-2026 23:26:42:645,129970,186511
50.26,09-22-2026 23:26:42:655,129986,186480
50.27,09-22-2026 23:26:42:665,129966,186518
50.28,09-22-2026 23:26:42:675,129972,186494
50.29,09-22-2026 23:26:42:685,129974,186518
50.3,09-22-2026 23:26:42:695,129980,186488
50.31,09-22-2026 23:26:42:705,129977,186519
50.32,09-22-2026 23:26:42:715,129972,186507
50.33,09-22-2026 23:26:42:725,129972,186531
50.34,09-22-2026 23:26:42:735,129977,186518
50.35,09-22-2026 23:26:42:745,129980,186518
50.36,09-22-2026 23:26:42:755,129971,186540
50.37,09-22-2026 23:26:42:765,129980,186535
50.38,09-22-2026 23:26:42:775,129977,186556
50.39,09-22-2026 23:26:42:785,129973,186528
50.4,09-22-2026 23:26:42:795,129982,186553
50.41,09-22-2026 23:26:42:805,129973,186543
50.42,09-22-2026 23:26:42:815,129978,186540
50.43,09-22-2026 23:26:42:825,129985,186566
50.44,09-22-2026 23:26:42:835,129971,186563
50.45,09-22-2026 23:26:42:845,129974,186528
50.46,09-22-2026 23:26:42:855,129984,186571
50.47,09-22-2026 23:26:42:865,129985,186571
50.48,09-22-2026 23:26:42:875,130002,186608
50.49,09-22-2026 23:26:42:885,129978,186552
50.5,09-22-2026 23:26:42:895,129983,186594
50.51,09-22-2026 23:26:42:905,129971,186553
50.52,09-22-2026 23:26:42:915,129963,186606
50.53,09-22-2026 23:26:42:925,130003,186571
50.54,09-22-2026 23:26:42:935,129998,186624
50.55,09-22-2026 23:26:42:945,130000,186559
50.56,09-22-2026 23:26:42:955,129996,186605
50.57,09-22-2026 23:26:42:965,129974,186581
50.58,09-22-2026 23:26:42:975,129971,186619
50.59,09-22-2026 23:26:42:985,129982,186574
50.6,09-22-2026 23:26:42:995,129967,186610
50.61,09-22-2026 23:26:43:005,129985,186583
50.62,09-22-2026 23:26:43:015,129975,186590
50.63,09-22-2026 23:26:43:025,129976,186576
50.64,09-22-2026 23:26:43:035,129975,186604
50.65,09-22-2026 23:26:43:045,129986,186603
50.66,09-22-2026 23:26:43:055,129968,186617
50.67,09-22-2026 23:26:43:065,129985,186568
50.68,09-22-2026 23:26:43:075,129974,186618
50.69,09-22-2026 23:26:43:085,129979,186587
50.7,09-22-2026 23:26:43:095,129952,186626
50.71,09-22-2026 23:26:43:105,129983,186584
50.72,09-22-2026 23:26:43:115,129949,186599
50.73,09-22-2026 23:26:43:125,129984,186578
50.74,09-22-2026 23:26:43:135,129937,186594
50.75,09-22-2026 23:26:43:145,129975,186617
50.76,09-22-2026 23:26:43:155,129941,186610
50.77,09-22-2026 23:26:43:165,129960,186606
50.78,09-22-2026 23:26:43:175,129926,186622
50.79,09-22-2026 23:26:43:185,129983,186623
50.8,09-22-2026 23:26:43:195,129944,186610
50.81,09-22-2026 23:26:43:205,129986,186628
50.82,09-22-2026 23:26:43:215,129932,186624
50.83,09-22-2026 23:26:43:225,129974,186634
50.84,09-22-2026 23:26:43:235,129953,186628
50.85,09-22-2026 23:26:43:245,129973,186626
50.86,09-22-2026 23:26:43:255,129964,186628
50.87,09-22-2026 23:26:43:265,129993,186648
50.88,09-22-2026 23:26:43:275,129952,186627
50.89,09-22-2026 23:26:43:285,129974,186644
50.9,09-22-2026 23:26:43:295,129960,186648
50.91,09-22-2026 23:26:43:305,129987,186637
50.92,09-22-2026 23:26:43:315,129964,186645
50.93,09-22-2026 23:26:43:325,129997,186659
50.94,09-22-2026 23:26:43:335,129955,186638
50.95,09-22-2026 23:26:43:345,129987,186653
50.96,09-22-2026 23:26:43:355,129981,186647
50.97,09-22-2026 23:26:43:365,129985,186640
50.98,09-22-2026 23:26:43:375,129987,186641
50.99,09-22-2026 23:26:43:385,129985,186624
51,09-22-2026 23:26:43:395,129993,186620
51.01,09-22-2026 23:26:43:405,129977,186602
51.02,09-22-2026 23:26:43:415,129990,186627
51.03,09-22-2026 23:26:43:425,129975,186627
51.04,09-22-2026 23:26:43:435,129995,186628
51.05,09-22-2026 23:26:43:445,129978,186633
51.06,09-22-2026 23:26:43:455,130005,186634
51.07,09-22-2026 23:26:43:465,129993,186619
51.08,09-22-2026 23:26:43:475,129996,186631
51.09,09-22-2026 23:26:43:485,129962,186616
51.1,09-22-2026 23:26:43:495,130019,186612
51.11,09-22-2026 23:26:43:505,129981,186612
51.12,09-22-2026 23:26:43:515,130010,186614
51.13,09-22-2026 23:26:43:525,129979,186599
51.14,09-22-2026 23:26:43:535,130027,186615
51.15,09-22-2026 23:26:43:545,129975,186608
51.16,09-22-2026 23:26:43:555,130015,186594
51.17,09-22-2026 23:26:43:565,129975,186628
51.18,09-22-2026 23:26:43:575,130031,186627
51.19,09-22-2026 23:26:43:585,129993,186615
51.2,09-22-2026 23:26:43:595,130024,186622
51.21,09-22-2026 23:26:43:605,129979,186604
51.22,09-22-2026 23:26:43:615,130023,186634
51.23,09-22-2026 23:26:43:625,129967,186620
51.24,09-22-2026 23:26:43:635,129980,186633
51.25,09-22-2026 23:26:43:645,129970,186621
51.26,09-22-2026 23:26:43:655,130012,186621
51.27,09-22-2026 23:26:43:665,129974,186611
51.28,09-22-2026 23:26:43:675,129999,186603
51.29,09-22-2026 23:26:43:685,129988,186616
51.3,09-22-2026 23:26:43:695,130015,186623
51.31,09-22-2026 23:26:43:705,129979,186625
51.32,09-22-2026 23:26:43:715,130002,186614
51.33,09-22-2026 23:26:43:725,129990,186620
51.34,09-22-2026 23:26:43:735,129989,186641
51.35,09-22-2026 23:26:43:745,129999,186627
51.36,09-22-2026 23:26:43:755,129989,186624
51.37,09-22-2026 23:26:43:765,130000,186620
51.38,09-22-2026 23:26:43:775,130002,186631
51.39,09-22-2026 23:26:43:785,129986,186615
51.4,09-22-2026 23:26:43:795,129989,186633
51.41,09-22-2026 23:26:43:805,129990,186621
51.42,09-22-2026 23:26:43:815,129999,186637
51.43,09-22-2026 23:26:43:825,130011,186641
51.44,09-22-2026 23:26:43:835,129993,186647
51.45,09-22-2026 23:26:43:845,129993,186658
51.46,09-22-2026 23:26:43:855,129973,186658
51.47,09-22-2026 23:26:43:865,129991,186631
51.48,09-22-2026 23:26:43:875,129986,186648
51.49,09-22-2026 23:26:43:885,130001,186644
51.5,09-22-2026 23:26:43:895,129985,186646
51.51,09-22-2026 23:26:43:905,129998,186630
51.52,09-22-2026 23:26:43:915,129983,186657
51.53,09-22-2026 23:26:43:925,129994,186656
51.54,09-22-2026 23:26:43:935,129993,186660
51.55,09-22-2026 23:26:43:945,129968,186664
51.56,09-22-2026 23:26:43:955,129988,186649
51.57,09-22-2026 23:26:43:965,129993,186649
51.58,09-22-2026 23:26:43:975,129976,186658
51.59,09-22-2026 23:26:43:985,129992,186663
51.6,09-22-2026 23:26:43:995,129989,186663
51.61,09-22-2026 23:26:44:005,129997,186663
51.62,09-22-2026 23:26:44:015,129988,186653
51.63,09-22-2026 23:26:44:025,129983,186662
51.64,09-22-2026 23:26:44:035,129987,186663
51.65,09-22-2026 23:26:44:045,129976,186690
51.66,09-22-2026 23:26:44:055,129992,186660
51.67,09-22-2026 23:26:44:065,129988,186676
51.68,09-22-2026 23:26:44:075,129995,186665
51.69,09-22-2026 23:26:44:085,129976,186675
51.7,09-22-2026 23:26:44:095,129972,186667
51.71,09-22-2026 23:26:44:105,129981,186690
51.72,09-22-2026 23:26:44:115,129977,186688
51.73,09-22-2026 23:26:44:125,129993,186678
51.74,09-22-2026 23:26:44:135,129984,186670
51.75,09-22-2026 23:26:44:145,129977,186685
51.76,09-22-2026 23:26:44:155,129971,186696
51.77,09-22-2026 23:26:44:165,129966,186657
51.78,09-22-2026 23:26:44:175,129981,186681
51.79,09-22-2026 23:26:44:185,129967,186688
51.8,09-22-2026 23:26:44:195,129982,186695
51.81,09-22-2026 23:26:44:205,129978,186694
51.82,09-22-2026 23:26:44:215,129976,186703
51.83,09-22-2026 23:26:44:225,129990,186691
51.84,09-22-2026 23:26:44:235,129972,186709
51.85,09-22-2026 23:26:44:245,129979,186670
51.86,09-22-2026 23:26:44:255,129993,186694
51.87,09-22-2026 23:26:44:265,129985,186667
51.88,09-22-2026 23:26:44:275,129989,186664
51.89,09-22-2026 23:26:44:285,129980,186647
51.9,09-22-2026 23:26:44:295,129989,186672
51.91,09-22-2026 23:26:44:305,129985,186629
51.92,09-22-2026 23:26:44:315,129968,186688
51.93,09-22-2026 23:26:44:325,129984,186617
51.94,09-22-2026 23:26:44:335,129978,186668
51.95,09-22-2026 23:26:44:345,129985,186629
51.96,09-22-2026 23:26:44:355,129996,186674
51.97,09-22-2026 23:26:44:365,129978,186624
51.98,09-22-2026 23:26:44:375,129980,186662
51.99,09-22-2026 23:26:44:385,129969,186597
52,09-22-2026 23:26:44:395,129995,186664
52.01,09-22-2026 23:26:44:405,129996,186611
52.02,09-22-2026 23:26:44:415,129983,186656
52.03,09-22-2026 23:26:44:425,129997,186606
52.04,09-22-2026 23:26:44:435,129980,186654
52.05,09-22-2026 23:26:44:445,129983,186613
52.06,09-22-2026 23:26:44:455,129994,186644
52.07,09-22-2026 23:26:44:465,129996,186637
52.08,09-22-2026 23:26:44:475,129997,186676
52.09,09-22-2026 23:26:44:485,129969,186648
52.1,09-22-2026 23:26:44:495,129985,186659
52.11,09-22-2026 23:26:44:505,129982,186643
52.12,09-22-2026 23:26:44:515,130001,186663
52.13,09-22-2026 23:26:44:525,129987,186639
52.14,09-22-2026 23:26:44:535,129984,186667
52.15,09-22-2026 23:26:44:545,129982,186623
52.16,09-22-2026 23:26:44:555,129981,186650
52.17,09-22-2026 23:26:44:565,129978,186674
52.18,09-22-2026 23:26:44:575,129971,186662
52.19,09-22-2026 23:26:44:585,129974,186664
52.2,09-22-2026 23:26:44:595,129980,186666
52.21,09-22-2026 23:26:44:605,129977,186669
52.22,09-22-2026 23:26:44:615,129967,186634
52.23,09-22-2026 23:26:44:625,129986,186684
52.24,09-22-2026 23:26:44:635,129987,186671
52.25,09-22-2026 23:26:44:645,129982,186685
52.26,09-22-2026 23:26:44:655,129984,186674
52.27,09-22-2026 23:26:44:665,129993,186692
52.28,09-22-2026 23:26:44:675,129982,186674
52.29,09-22-2026 23:26:44:685,129971,186698
52.3,09-22-2026 23:26:44:695,129971,186684
52.31,09-22-2026 23:26:44:705,129985,186707
52.32,09-22-2026 23:26:44:715,129974,186682
52.33,09-22-2026 23:26:44:725,129963,186714
52.34,09-22-2026 23:26:44:735,129969,186678
52.35,09-22-2026 23:26:44:745,129956,186722
52.36,09-22-2026 23:26:44:755,129951,186684
52.37,09-22-2026 23:26:44:765,129946,186706
52.38,09-22-2026 23:26:44:775,129938,186698
52.39,09-22-2026 23:26:44:785,129918,186736
52.4,09-22-2026 23:26:44:795,129937,186699
52.41,09-22-2026 23:26:44:805,129931,186728
52.42,09-22-2026 23:26:44:815,129951,186684
52.43,09-22-2026 23:26:44:825,129905,186729
52.44,09-22-2026 23:26:44:835,129934,186684
52.45,09-22-2026 23:26:44:845,129909,186708
52.46,09-22-2026 23:26:44:855,129931,186722
52.47,09-22-2026 23:26:44:865,129886,186742
52.48,09-22-2026 23:26:44:875,129910,186703
52.49,09-22-2026 23:26:44:885,129862,186746
52.5,09-22-2026 23:26:44:895,129892,186703
52.51,09-22-2026 23:26:44:905,129867,186722
52.52,09-22-2026 23:26:44:915,129885,186714
52.53,09-22-2026 23:26:44:925,129843,186721
52.54,09-22-2026 23:26:44:935,129858,186718
52.55,09-22-2026 23:26:44:945,129838,186712
52.56,09-22-2026 23:26:44:955,129868,186705
52.57,09-22-2026 23:26:44:965,129824,186712
52.58,09-22-2026 23:26:44:975,129875,186716
52.59,09-22-2026 23:26:44:985,129845,186712
52.6,09-22-2026 23:26:44:995,129897,186718
52.61,09-22-2026 23:26:45:005,129867,186734
52.62,09-22-2026 23:26:45:015,129915,186731
52.63,09-22-2026 23:26:45:025,129852,186717
52.64,09-22-2026 23:26:45:035,129925,186731
52.65,09-22-2026 23:26:45:045,129880,186724
52.66,09-22-2026 23:26:45:055,129918,186747
52.67,09-22-2026 23:26:45:065,129887,186716
52.68,09-22-2026 23:26:45:075,129930,186717
52.69,09-22-2026 23:26:45:085,129912,186726
52.7,09-22-2026 23:26:45:095,129927,186688
52.71,09-22-2026 23:26:45:105,129888,186696
52.72,09-22-2026 23:26:45:115,129922,186677
52.73,09-22-2026 23:26:45:125,129883,186693
52.74,09-22-2026 23:26:45:135,129914,186666
52.75,09-22-2026 23:26:45:145,129875,186664
52.76,09-22-2026 23:26:45:155,129925,186659
52.77,09-22-2026 23:26:45:165,129911,186656
52.78,09-22-2026 23:26:45:175,129920,186630
52.79,09-22-2026 23:26:45:185,129919,186632
52.8,09-22-2026 23:26:45:195,129913,186614
52.81,09-22-2026 23:26:45:205,129912,186627
52.82,09-22-2026 23:26:45:215,129919,186612
52.83,09-22-2026 23:26:45:225,129912,186610
52.84,09-22-2026 23:26:45:235,129897,186602
52.85,09-22-2026 23:26:45:245,129920,186587
52.86,09-22-2026 23:26:45:255,129905,186561
52.87,09-22-2026 23:26:45:265,129936,186572
52.88,09-22-2026 23:26:45:275,129896,186542
52.89,09-22-2026 23:26:45:285,129913,186524
52.9,09-22-2026 23:26:45:295,129885,186524
52.91,09-22-2026 23:26:45:305,129909,186526
52.92,09-22-2026 23:26:45:315,129902,186516
52.93,09-22-2026 23:26:45:325,129941,186500
52.94,09-22-2026 23:26:45:335,129894,186498
52.95,09-22-2026 23:26:45:345,129935,186500
52.96,09-22-2026 23:26:45:355,129885,186484
52.97,09-22-2026 23:26:45:365,129916,186502
52.98,09-22-2026 23:26:45:375,129888,186508
52.99,09-22-2026 23:26:45:385,129920,186533
53,09-22-2026 23:26:45:395,129872,186552
53.01,09-22-2026 23:26:45:405,129917,186527
53.02,09-22-2026 23:26:45:415,129876,186552
53.03,09-22-2026 23:26:45:425,129903,186575
53.04,09-22-2026 23:26:45:435,129843,186579
53.05,09-22-2026 23:26:45:445,129888,186580
53.06,09-22-2026 23:26:45:455,129846,186610
53.07,09-22-2026 23:26:45:465,129862,186598
53.08,09-22-2026 23:26:45:475,129856,186579
53.09,09-22-2026 23:26:45:485,129859,186577
53.1,09-22-2026 23:26:45:495,129841,186587
53.11,09-22-2026 23:26:45:505,129875,186572
53.12,09-22-2026 23:26:45:515,129863,186564
53.13,09-22-2026 23:26:45:525,129862,186570
53.14,09-22-2026 23:26:45:535,129838,186557
53.15,09-22-2026 23:26:45:545,129840,186546
53.16,09-22-2026 23:26:45:555,129846,186560
53.17,09-22-2026 23:26:45:565,129827,186561
53.18,09-22-2026 23:26:45:575,129832,186566
53.19,09-22-2026 23:26:45:585,129821,186566
53.2,09-22-2026 23:26:45:595,129826,186572
53.21,09-22-2026 23:26:45:605,129839,186562
53.22,09-22-2026 23:26:45:615,129815,186558
53.23,09-22-2026 23:26:45:625,129823,186557
53.24,09-22-2026 23:26:45:635,129818,186547
53.25,09-22-2026 23:26:45:645,129813,186550
53.26,09-22-2026 23:26:45:655,129803,186540
53.27,09-22-2026 23:26:45:665,129818,186565
53.28,09-22-2026 23:26:45:675,129822,186559
53.29,09-22-2026 23:26:45:685,129828,186555
53.3,09-22-2026 23:26:45:695,129817,186551
53.31,09-22-2026 23:26:45:705,129817,186568
53.32,09-22-2026 23:26:45:715,129828,186544
53.33,09-22-2026 23:26:45:725,129819,186558
53.34,09-22-2026 23:26:45:735,129818,186545
53.35,09-22-2026 23:26:45:745,129796,186549
53.36,09-22-2026 23:26:45:755,129802,186553
53.37,09-22-2026 23:26:45:765,129804,186536
53.38,09-22-2026 23:26:45:775,129801,186551
53.39,09-22-2026 23:26:45:785,129810,186531
53.4,09-22-2026 23:26:45:795,129804,186528
53.41,09-22-2026 23:26:45:805,129796,186521
53.42,09-22-2026 23:26:45:815,129796,186501
53.43,09-22-2026 23:26:45:825,129796,186476
53.44,09-22-2026 23:26:45:835,129801,186493
53.45,09-22-2026 23:26:45:845,129790,186461
53.46,09-22-2026 23:26:45:855,129792,186465
53.47,09-22-2026 23:26:45:865,129796,186446
53.48,09-22-2026 23:26:45:875,129811,186444
53.49,09-22-2026 23:26:45:885,129800,186434
53.5,09-22-2026 23:26:45:895,129802,186443
53.51,09-22-2026 23:26:45:905,129807,186435
53.52,09-22-2026 23:26:45:915,129786,186419
53.53,09-22-2026 23:26:45:925,129805,186416
53.54,09-22-2026 23:26:45:935,129782,186417
53.55,09-22-2026 23:26:45:945,129795,186394
53.56,09-22-2026 23:26:45:955,129792,186376
53.57,09-22-2026 23:26:45:965,129807,186386
53.58,09-22-2026 23:26:45:975,129804,186374
53.59,09-22-2026 23:26:45:985,129782,186374
53.6,09-22-2026 23:26:45:995,129802,186372
53.61,09-22-2026 23:26:46:005,129805,186382
53.62,09-22-2026 23:26:46:015,129792,186349
53.63,09-22-2026 23:26:46:025,129781,186356
53.64,09-22-2026 23:26:46:035,129806,186350
53.65,09-22-2026 23:26:46:045,129786,186361
53.66,09-22-2026 23:26:46:055,129772,186342
53.67,09-22-2026 23:26:46:065,129782,186344
53.68,09-22-2026 23:26:46:075,129776,186326
53.69,09-22-2026 23:26:46:085,129779,186341
53.7,09-22-2026 23:26:46:095,129768,186328
53.71,09-22-2026 23:26:46:105,129759,186345
53.72,09-22-2026 23:26:46:115,129770,186319
53.73,09-22-2026 23:26:46:125,129768,186333
53.74,09-22-2026 23:26:46:135,129767,186310
53.75,09-22-2026 23:26:46:145,129762,186339
53.76,09-22-2026 23:26:46:155,129768,186303
53.77,09-22-2026 23:26:46:165,129758,186342
53.78,09-22-2026 23:26:46:175,129744,186293
53.79,09-22-2026 23:26:46:185,129755,186322
53.8,09-22-2026 23:26:46:195,129755,186295
53.81,09-22-2026 23:26:46:205,129755,186329
53.82,09-22-2026 23:26:46:215,129741,186273
53.83,09-22-2026 23:26:46:225,129748,186343
53.84,09-22-2026 23:26:46:235,129741,186264
53.85,09-22-2026 23:26:46:245,129745,186331
53.86,09-22-2026 23:26:46:255,129727,186264
53.87,09-22-2026 23:26:46:265,129739,186324
53.88,09-22-2026 23:26:46:275,129742,186278
53.89,09-22-2026 23:26:46:285,129720,186340
53.9,09-22-2026 23:26:46:295,129732,186265
53.91,09-22-2026 23:26:46:305,129728,186318
53.92,09-22-2026 23:26:46:315,129735,186280
53.93,09-22-2026 23:26:46:325,129727,186321
53.94,09-22-2026 23:26:46:335,129721,186307
53.95,09-22-2026 23:26:46:345,129726,186332
53.96,09-22-2026 23:26:46:355,129707,186309
53.97,09-22-2026 23:26:46:365,129712,186321
53.98,09-22-2026 23:26:46:375,129724,186296
53.99,09-22-2026 23:26:46:385,129715,186350
54,09-22-2026 23:26:46:395,129726,186309
54.01,09-22-2026 23:26:46:405,129706,186331
54.02,09-22-2026 23:26:46:415,129707,186312
54.03,09-22-2026 23:26:46:425,129737,186331
54.04,09-22-2026 23:26:46:435,129720,186351
54.05,09-22-2026 23:26:46:445,129720,186317
54.06,09-22-2026 23:26:46:455,129729,186337
54.07,09-22-2026 23:26:46:465,129719,186325
54.08,09-22-2026 23:26:46:475,129716,186322
54.09,09-22-2026 23:26:46:485,129710,186307
54.1,09-22-2026 23:26:46:495,129713,186306
54.11,09-22-2026 23:26:46:505,129701,186293
54.12,09-22-2026 23:26:46:515,129703,186282
54.13,09-22-2026 23:26:46:525,129706,186255
54.14,09-22-2026 23:26:46:535,129706,186282
54.15,09-22-2026 23:26:46:545,129720,186263
54.16,09-22-2026 23:26:46:555,129683,186276
54.17,09-22-2026 23:26:46:565,129680,186220
54.18,09-22-2026 23:26:46:575,129680,186254
54.19,09-22-2026 23:26:46:585,129690,186239
54.2,09-22-2026 23:26:46:595,129683,186218
54.21,09-22-2026 23:26:46:605,129691,186184
54.22,09-22-2026 23:26:46:615,129685,186204
54.23,09-22-2026 23:26:46:625,129681,186165
54.24,09-22-2026 23:26:46:635,129679,186185
54.25,09-22-2026 23:26:46:645,129671,186137
54.26,09-22-2026 23:26:46:655,129661,186186
54.27,09-22-2026 23:26:46:665,129683,186120
54.28,09-22-2026 23:26:46:675,129656,186144
54.29,09-22-2026 23:26:46:685,129682,186111
54.3,09-22-2026 23:26:46:695,129644,186145
54.31,09-22-2026 23:26:46:705,129664,186108
54.32,09-22-2026 23:26:46:715,129655,186103
54.33,09-22-2026 23:26:46:725,129657,186078
54.34,09-22-2026 23:26:46:735,129642,186121
54.35,09-22-2026 23:26:46:745,129656,186096
54.36,09-22-2026 23:26:46:755,129635,186104
54.37,09-22-2026 23:26:46:765,129655,186089
54.38,09-22-2026 23:26:46:775,129628,186100
54.39,09-22-2026 23:26:46:785,129647,186077
54.4,09-22-2026 23:26:46:795,129592,186102
54.41,09-22-2026 23:26:46:805,129642,186095
54.42,09-22-2026 23:26:46:815,129614,186103
54.43,09-22-2026 23:26:46:825,129628,186084
54.44,09-22-2026 23:26:46:835,129603,186091
54.45,09-22-2026 23:26:46:845,129633,186077
54.46,09-22-2026 23:26:46:855,129593,186072
54.47,09-22-2026 23:26:46:865,129619,186088
54.48,09-22-2026 23:26:46:875,129577,186071
54.49,09-22-2026 23:26:46:885,129605,186053
54.5,09-22-2026 23:26:46:895,129588,186055
54.51,09-22-2026 23:26:46:905,129608,186045
54.52,09-22-2026 23:26:46:915,129576,186057
54.53,09-22-2026 23:26:46:925,129608,186050
54.54,09-22-2026 23:26:46:935,129543,186051
54.55,09-22-2026 23:26:46:945,129586,186043
54.56,09-22-2026 23:26:46:955,129545,186068
54.57,09-22-2026 23:26:46:965,129587,186048
54.58,09-22-2026 23:26:46:975,129554,186030
54.59,09-22-2026 23:26:46:985,129576,186031
54.6,09-22-2026 23:26:46:995,129558,186010
54.61,09-22-2026 23:26:47:005,129575,186003
54.62,09-22-2026 23:26:47:015,129543,186029
54.63,09-22-2026 23:26:47:025,129562,186024
54.64,09-22-2026 23:26:47:035,129551,186015
54.65,09-22-2026 23:26:47:045,129549,185999
54.66,09-22-2026 23:26:47:055,129545,186014
54.67,09-22-2026 23:26:47:065,129563,186004
54.68,09-22-2026 23:26:47:075,129566,186010
54.69,09-22-2026 23:26:47:085,129542,186002
54.7,09-22-2026 23:26:47:095,129563,186004
54.71,09-22-2026 23:26:47:105,129520,185985
54.72,09-22-2026 23:26:47:115,129556,185995
54.73,09-22-2026 23:26:47:125,129523,185996
54.74,09-22-2026 23:26:47:135,129558,185984
54.75,09-22-2026 23:26:47:145,129527,185989
54.76,09-22-2026 23:26:47:155,129537,185992
54.77,09-22-2026 23:26:47:165,129526,186005
54.78,09-22-2026 23:26:47:175,129548,185989
54.79,09-22-2026 23:26:47:185,129522,185985
54.8,09-22-2026 23:26:47:195,129530,185972
54.81,09-22-2026 23:26:47:205,129519,185962
54.82,09-22-2026 23:26:47:215,129543,185943
54.83,09-22-2026 23:26:47:225,129512,185944
54.84,09-22-2026 23:26:47:235,129538,185928
54.85,09-22-2026 23:26:47:245,129509,185919
54.86,09-22-2026 23:26:47:255,129546,185909
54.87,09-22-2026 23:26:47:265,129518,185904
54.88,09-22-2026 23:26:47:275,129559,185874
54.89,09-22-2026 23:26:47:285,129496,185882
54.9,09-22-2026 23:26:47:295,129558,185853
54.91,09-22-2026 23:26:47:305,129499,185852
54.92,09-22-2026 23:26:47:315,129525,185826
54.93,09-22-2026 23:26:47:325,129492,185832
54.94,09-22-2026 23:26:47:335,129531,185800
54.95,09-22-2026 23:26:47:345,129472,185800
54.96,09-22-2026 23:26:47:355,129500,185768
54.97,09-22-2026 23:26:47:365,129483,185760
54.98,09-22-2026 23:26:47:375,129512,185742
54.99,09-22-2026 23:26:47:385,129478,185714
55,09-22-2026 23:26:47:395,129504,185722
55.01,09-22-2026 23:26:47:405,129477,185713
55.02,09-22-2026 23:26:47:415,129495,185705
55.03,09-22-2026 23:26:47:425,129482,185695
55.04,09-22-2026 23:26:47:435,129494,185665
55.05,09-22-2026 23:26:47:445,129488,185660
55.06,09-22-2026 23:26:47:455,129465,185689
55.07,09-22-2026 23:26:47:465,129480,185648
55.08,09-22-2026 23:26:47:475,129487,185645
55.09,09-22-2026 23:26:47:485,129476,185657
55.1,09-22-2026 23:26:47:495,129467,185651
55.11,09-22-2026 23:26:47:505,129468,185617
55.12,09-22-2026 23:26:47:515,129473,185617
55.13,09-22-2026 23:26:47:525,129483,185614
55.14,09-22-2026 23:26:47:535,129471,185598
55.15,09-22-2026 23:26:47:545,129471,185602
55.16,09-22-2026 23:26:47:555,129460,185610
55.17,09-22-2026 23:26:47:565,129467,185593
55.18,09-22-2026 23:26:47:575,129450,185585
55.19,09-22-2026 23:26:47:585,129442,185571
55.2,09-22-2026 23:26:47:595,129438,185588
55.21,09-22-2026 23:26:47:605,129420,185574
55.22,09-22-2026 23:26:47:615,129414,185564
55.23,09-22-2026 23:26:47:625,129415,185567
55.24,09-22-2026 23:26:47:635,129383,185575
55.25,09-22-2026 23:26:47:645,129382,185565
55.26,09-22-2026 23:26:47:655,129369,185560
55.27,09-22-2026 23:26:47:665,129377,185548
55.28,09-22-2026 23:26:47:675,129365,185562
55.29,09-22-2026 23:26:47:685,129362,185547
55.3,09-22-2026 23:26:47:695,129345,185536
55.31,09-22-2026 23:26:47:705,129338,185542
55.32,09-22-2026 23:26:47:715,129328,185535
55.33,09-22-2026 23:26:47:725,129315,185534
55.34,09-22-2026 23:26:47:735,129319,185510
55.35,09-22-2026 23:26:47:745,129292,185518
55.36,09-22-2026 23:26:47:755,129288,185537
55.37,09-22-2026 23:26:47:765,129276,185526
55.38,09-22-2026 23:26:47:775,129284,185538
55.39,09-22-2026 23:26:47:785,129275,185517
55.4,09-22-2026 23:26:47:795,129272,185520
55.41,09-22-2026 23:26:47:805,129257,185519
55.42,09-22-2026 23:26:47:815,129240,185524
55.43,09-22-2026 23:26:47:825,129244,185516
55.44,09-22-2026 23:26:47:835,129227,185519
55.45,09-22-2026 23:26:47:845,129232,185538
55.46,09-22-2026 23:26:47:855,129233,185522
55.47,09-22-2026 23:26:47:865,129240,185510
55.48,09-22-2026 23:26:47:875,129219,185512
55.49,09-22-2026 23:26:47:885,129224,185502
55.5,09-22-2026 23:26:47:895,129226,185517
55.51,09-22-2026 23:26:47:905,129219,185506
55.52,09-22-2026 23:26:47:915,129222,185530
55.53,09-22-2026 23:26:47:925,129230,185529
55.54,09-22-2026 23:26:47:935,129251,185530
55.55,09-22-2026 23:26:47:945,129243,185517
55.56,09-22-2026 23:26:47:955,129250,185505
55.57,09-22-2026 23:26:47:965,129280,185512
55.58,09-22-2026 23:26:47:975,129274,185495
55.59,09-22-2026 23:26:47:985,129273,185461
55.6,09-22-2026 23:26:47:995,129290,185456
55.61,09-22-2026 23:26:48:005,129286,185406
55.62,09-22-2026 23:26:48:015,129301,185448
55.63,09-22-2026 23:26:48:025,129309,185394
55.64,09-22-2026 23:26:48:035,129321,185388
55.65,09-22-2026 23:26:48:045,129336,185340
55.66,09-22-2026 23:26:48:055,129337,185362
55.67,09-22-2026 23:26:48:065,129352,185306
55.68,09-22-2026 23:26:48:075,129368,185330
55.69,09-22-2026 23:26:48:085,129381,185256
55.7,09-22-2026 23:26:48:095,129367,185270
55.71,09-22-2026 23:26:48:105,129360,185191
55.72,09-22-2026 23:26:48:115,129381,185235
55.73,09-22-2026 23:26:48:125,129376,185167
55.74,09-22-2026 23:26:48:135,129390,185205
55.75,09-22-2026 23:26:48:145,129385,185141
55.76,09-22-2026 23:26:48:155,129373,185137
55.77,09-22-2026 23:26:48:165,129383,185081
55.78,09-22-2026 23:26:48:175,129379,185121
55.79,09-22-2026 23:26:48:185,129379,185045
55.8,09-22-2026 23:26:48:195,129374,185075
55.81,09-22-2026 23:26:48:205,129386,185023
55.82,09-22-2026 23:26:48:215,129369,185024
55.83,09-22-2026 23:26:48:225,129360,184990
55.84,09-22-2026 23:26:48:235,129367,184978
55.85,09-22-2026 23:26:48:245,129361,184942
55.86,09-22-2026 23:26:48:255,129363,184964
55.87,09-22-2026 23:26:48:265,129353,184949
55.88,09-22-2026 23:26:48:275,129357,184939
55.89,09-22-2026 23:26:48:285,129352,184949
55.9,09-22-2026 23:26:48:295,129355,184978
55.91,09-22-2026 23:26:48:305,129355,184941
55.92,09-22-2026 23:26:48:315,129353,184954
55.93,09-22-2026 23:26:48:325,129356,184951
55.94,09-22-2026 23:26:48:335,129370,184958
55.95,09-22-2026 23:26:48:345,129347,184995
55.96,09-22-2026 23:26:48:355,129353,184995
55.97,09-22-2026 23:26:48:365,129351,185033
55.98,09-22-2026 23:26:48:375,129339,185026
55.99,09-22-2026 23:26:48:385,129355,185051
56,09-22-2026 23:26:48:395,129361,185018
56.01,09-22-2026 23:26:48:405,129351,185057
56.02,09-22-2026 23:26:48:415,129349,185065
56.03,09-22-2026 23:26:48:425,129345,185091
56.04,09-22-2026 23:26:48:435,129355,185095
56.05,09-22-2026 23:26:48:445,129353,185135
56.06,09-22-2026 23:26:48:455,129346,185131
56.07,09-22-2026 23:26:48:465,129330,185177
56.08,09-22-2026 23:26:48:475,129341,185171
56.09,09-22-2026 23:26:48:485,129321,185197
56.1,09-22-2026 23:26:48:495,129324,185165
56.11,09-22-2026 23:26:48:505,129317,185216
56.12,09-22-2026 23:26:48:515,129330,185188
56.13,09-22-2026 23:26:48:525,129308,185209
56.14,09-22-2026 23:26:48:535,129323,185179
56.15,09-22-2026 23:26:48:545,129308,185229
56.16,09-22-2026 23:26:48:555,129321,185175
56.17,09-22-2026 23:26:48:565,129310,185207
56.18,09-22-2026 23:26:48:575,129312,185189
56.19,09-22-2026 23:26:48:585,129298,185193
56.2,09-22-2026 23:26:48:595,129304,185180
56.21,09-22-2026 23:26:48:605,129290,185192
56.22,09-22-2026 23:26:48:615,129302,185177
56.23,09-22-2026 23:26:48:625,129286,185199
56.24,09-22-2026 23:26:48:635,129313,185144
56.25,09-22-2026 23:26:48:645,129275,185170
56.26,09-22-2026 23:26:48:655,129291,185152
56.27,09-22-2026 23:26:48:665,129270,185135
56.28,09-22-2026 23:26:48:675,129295,185179
56.29,09-22-2026 23:26:48:685,129276,185145
56.3,09-22-2026 23:26:48:695,129305,185139
56.31,09-22-2026 23:26:48:705,129253,185147
56.32,09-22-2026 23:26:48:715,129308,185168
56.33,09-22-2026 23:26:48:725,129247,185154
56.34,09-22-2026 23:26:48:735,129294,185162
56.35,09-22-2026 23:26:48:745,129252,185150
56.36,09-22-2026 23:26:48:755,129301,185160
56.37,09-22-2026 23:26:48:765,129251,185174
56.38,09-22-2026 23:26:48:775,129306,185156
56.39,09-22-2026 23:26:48:785,129261,185127
56.4,09-22-2026 23:26:48:795,129299,185121
56.41,09-22-2026 23:26:48:805,129278,185114
56.42,09-22-2026 23:26:48:815,129303,185098
56.43,09-22-2026 23:26:48:825,129274,185097
56.44,09-22-2026 23:26:48:835,129305,185086
56.45,09-22-2026 23:26:48:845,129267,185074
56.46,09-22-2026 23:26:48:855,129309,185062
56.47,09-22-2026 23:26:48:865,129258,185063
56.48,09-22-2026 23:26:48:875,129303,185046
56.49,09-22-2026 23:26:48:885,129288,185026
56.5,09-22-2026 23:26:48:895,129298,185039
56.51,09-22-2026 23:26:48:905,129298,185025
56.52,09-22-2026 23:26:48:915,129296,185015
56.53,09-22-2026 23:26:48:925,129307,184996
56.54,09-22-2026 23:26:48:935,129289,184993
56.55,09-22-2026 23:26:48:945,129310,184983
56.56,09-22-2026 23:26:48:955,129317,184978
56.57,09-22-2026 23:26:48:965,129319,184944
56.58,09-22-2026 23:26:48:975,129307,184954
56.59,09-22-2026 23:26:48:985,129333,184939
56.6,09-22-2026 23:26:48:995,129298,184958
56.61,09-22-2026 23:26:49:005,129332,184950
56.62,09-22-2026 23:26:49:015,129310,184934
56.63,09-22-2026 23:26:49:025,129326,184945
56.64,09-22-2026 23:26:49:035,129306,184945
56.65,09-22-2026 23:26:49:045,129337,184911
56.66,09-22-2026 23:26:49:055,129314,184923
56.67,09-22-2026 23:26:49:065,129319,184917
56.68,09-22-2026 23:26:49:075,129301,184917
56.69,09-22-2026 23:26:49:085,129330,184905
56.7,09-22-2026 23:26:49:095,129320,184923
56.71,09-22-2026 23:26:49:105,129330,184904
56.72,09-22-2026 23:26:49:115,129288,184902
56.73,09-22-2026 23:26:49:125,129328,184897
56.74,09-22-2026 23:26:49:135,129308,184908
56.75,09-22-2026 23:26:49:145,129309,184901
56.76,09-22-2026 23:26:49:155,129295,184898
56.77,09-22-2026 23:26:49:165,129320,184908
56.78,09-22-2026 23:26:49:175,129312,184921
56.79,09-22-2026 23:26:49:185,129373,184908
56.8,09-22-2026 23:26:49:195,129310,184913
56.81,09-22-2026 23:26:49:205,129324,184918
56.82,09-22-2026 23:26:49:215,129326,184894
56.83,09-22-2026 23:26:49:225,129329,184894
56.84,09-22-2026 23:26:49:235,129307,184905
56.85,09-22-2026 23:26:49:245,129323,184921
56.86,09-22-2026 23:26:49:255,129290,184909
56.87,09-22-2026 23:26:49:265,129329,184909
56.88,09-22-2026 23:26:49:275,129308,184922
56.89,09-22-2026 23:26:49:285,129335,184925
56.9,09-22-2026 23:26:49:295,129316,184911
56.91,09-22-2026 23:26:49:305,129302,184932
56.92,09-22-2026 23:26:49:315,129305,184916
56.93,09-22-2026 23:26:49:325,129313,184936
56.94,09-22-2026 23:26:49:335,129311,184931
56.95,09-22-2026 23:26:49:345,129310,184936
56.96,09-22-2026 23:26:49:355,129314,184952
56.97,09-22-2026 23:26:49:365,129311,184935
56.98,09-22-2026 23:26:49:375,129312,184955
56.99,09-22-2026 23:26:49:385,129325,184949
57,09-22-2026 23:26:49:395,129324,184956
57.01,09-22-2026 23:26:49:405,129331,184942
57.02,09-22-2026 23:26:49:415,129332,184956
57.03,09-22-2026 23:26:49:425,129344,184948
57.04,09-22-2026 23:26:49:435,129353,184948
57.05,09-22-2026 23:26:49:445,129325,184925
57.06,09-22-2026 23:26:49:455,129324,184927
57.07,09-22-2026 23:26:49:465,129343,184905
57.08,09-22-2026 23:26:49:475,129340,184896
57.09,09-22-2026 23:26:49:485,129341,184910
57.1,09-22-2026 23:26:49:495,129345,184902
57.11,09-22-2026 23:26:49:505,129350,184891
57.12,09-22-2026 23:26:49:515,129363,184880
57.13,09-22-2026 23:26:49:525,129360,184885
57.14,09-22-2026 23:26:49:535,129350,184875
57.15,09-22-2026 23:26:49:545,129362,184855
57.16,09-22-2026 23:26:49:555,129354,184850
57.17,09-22-2026 23:26:49:565,129356,184840
57.18,09-22-2026 23:26:49:575,129360,184852
57.19,09-22-2026 23:26:49:585,129366,184857
57.2,09-22-2026 23:26:49:595,129365,184838
57.21,09-22-2026 23:26:49:605,129361,184827
57.22,09-22-2026 23:26:49:615,129382,184831
57.23,09-22-2026 23:26:49:625,129370,184822
57.24,09-22-2026 23:26:49:635,129371,184823
57.25,09-22-2026 23:26:49:645,129363,184822
57.26,09-22-2026 23:26:49:655,129379,184814
57.27,09-22-2026 23:26:49:665,129379,184816
57.28,09-22-2026 23:26:49:675,129375,184833
57.29,09-22-2026 23:26:49:685,129378,184815
57.3,09-22-2026 23:26:49:695,129365,184830
57.31,09-22-2026 23:26:49:705,129357,184824
57.32,09-22-2026 23:26:49:715,129357,184815
57.33,09-22-2026 23:26:49:725,129362,184820
57.34,09-22-2026 23:26:49:735,129379,184810
57.35,09-22-2026 23:26:49:745,129384,184817
57.36,09-22-2026 23:26:49:755,129373,184823
57.37,09-22-2026 23:26:49:765,129367,184838
57.38,09-22-2026 23:26:49:775,129367,184830
57.39,09-22-2026 23:26:49:785,129366,184845
57.4,09-22-2026 23:26:49:795,129369,184821
57.41,09-22-2026 23:26:49:805,129363,184863
57.42,09-22-2026 23:26:49:815,129370,184834
57.43,09-22-2026 23:26:49:825,129359,184858
57.44,09-22-2026 23:26:49:835,129362,184859
57.45,09-22-2026 23:26:49:845,129387,184876
57.46,09-22-2026 23:26:49:855,129367,184838
57.47,09-22-2026 23:26:49:865,129356,184873
57.48,09-22-2026 23:26:49:875,129347,184847
57.49,09-22-2026 23:26:49:885,129357,184880
57.5,09-22-2026 23:26:49:895,129368,184835
57.51,09-22-2026 23:26:49:905,129354,184892
57.52,09-22-2026 23:26:49:915,129342,184838
57.53,09-22-2026 23:26:49:925,129361,184901
57.54,09-22-2026 23:26:49:935,129364,184856
57.55,09-22-2026 23:26:49:945,129370,184911
57.56,09-22-2026 23:26:49:955,129362,184862
57.57,09-22-2026 23:26:49:965,129382,184901
57.58,09-22-2026 23:26:49:975,129353,184877
57.59,09-22-2026 23:26:49:985,129356,184940
57.6,09-22-2026 23:26:49:995,129352,184877
57.61,09-22-2026 23:26:50:005,129344,184939
57.62,09-22-2026 23:26:50:015,129350,184875
57.63,09-22-2026 23:26:50:025,129370,184947
57.64,09-22-2026 23:26:50:035,129358,184898
57.65,09-22-2026 23:26:50:045,129374,184947
57.66,09-22-2026 23:26:50:055,129366,184907
57.67,09-22-2026 23:26:50:065,129365,184940
57.68,09-22-2026 23:26:50:075,129366,184892
57.69,09-22-2026 23:26:50:085,129384,184921
57.7,09-22-2026 23:26:50:095,129379,184894
57.71,09-22-2026 23:26:50:105,129393,184905
57.72,09-22-2026 23:26:50:115,129386,184881
57.73,09-22-2026 23:26:50:125,129391,184889
57.74,09-22-2026 23:26:50:135,129373,184882
57.75,09-22-2026 23:26:50:145,129370,184884
57.76,09-22-2026 23:26:50:155,129372,184890
57.77,09-22-2026 23:26:50:165,129391,184874
57.78,09-22-2026 23:26:50:175,129366,184880
57.79,09-22-2026 23:26:50:185,129390,184874
57.8,09-22-2026 23:26:50:195,129387,184856
57.81,09-22-2026 23:26:50:205,129378,184850
57.82,09-22-2026 23:26:50:215,129389,184877
57.83,09-22-2026 23:26:50:225,129398,184835
57.84,09-22-2026 23:26:50:235,129391,184848
57.85,09-22-2026 23:26:50:245,129387,184828
57.86,09-22-2026 23:26:50:255,129390,184852
57.87,09-22-2026 23:26:50:265,129382,184834
57.88,09-22-2026 23:26:50:275,129391,184839
57.89,09-22-2026 23:26:50:285,129395,184822
57.9,09-22-2026 23:26:50:295,129380,184853
57.91,09-22-2026 23:26:50:305,129382,184831
57.92,09-22-2026 23:26:50:315,129385,184860
57.93,09-22-2026 23:26:50:325,129385,184835
57.94,09-22-2026 23:26:50:335,129371,184850
57.95,09-22-2026 23:26:50:345,129369,184817
57.96,09-22-2026 23:26:50:355,129366,184859
57.97,09-22-2026 23:26:50:365,129386,184820
57.98,09-22-2026 23:26:50:375,129367,184857
57.99,09-22-2026 23:26:50:385,129359,184832
58,09-22-2026 23:26:50:395,129351,184861
58.01,09-22-2026 23:26:50:405,129352,184830
58.02,09-22-2026 23:26:50:415,129344,184873
58.03,09-22-2026 23:26:50:425,129328,184826
58.04,09-22-2026 23:26:50:435,129320,184883
58.05,09-22-2026 23:26:50:445,129303,184835
58.06,09-22-2026 23:26:50:455,129262,184867
58.07,09-22-2026 23:26:50:465,129280,184841
58.08,09-22-2026 23:26:50:475,129243,184843
58.09,09-22-2026 23:26:50:485,129247,184851
58.1,09-22-2026 23:26:50:495,129227,184865
58.11,09-22-2026 23:26:50:505,129248,184858
58.12,09-22-2026 23:26:50:515,129208,184889
58.13,09-22-2026 23:26:50:525,129228,184880
58.14,09-22-2026 23:26:50:535,129176,184879
58.15,09-22-2026 23:26:50:545,129205,184876
58.16,09-22-2026 23:26:50:555,129177,184891
58.17,09-22-2026 23:26:50:565,129202,184880
58.18,09-22-2026 23:26:50:575,129153,184883
58.19,09-22-2026 23:26:50:585,129186,184897
58.2,09-22-2026 23:26:50:595,129156,184897
58.21,09-22-2026 23:26:50:605,129179,184899
58.22,09-22-2026 23:26:50:615,129130,184895
58.23,09-22-2026 23:26:50:625,129156,184898
58.24,09-22-2026 23:26:50:635,129130,184904
58.25,09-22-2026 23:26:50:645,129180,184908
58.26,09-22-2026 23:26:50:655,129107,184892
58.27,09-22-2026 23:26:50:665,129166,184901
58.28,09-22-2026 23:26:50:675,129142,184903
58.29,09-22-2026 23:26:50:685,129170,184889
58.3,09-22-2026 23:26:50:695,129119,184903
58.31,09-22-2026 23:26:50:705,129175,184869
58.32,09-22-2026 23:26:50:715,129151,184871
58.33,09-22-2026 23:26:50:725,129197,184855
58.34,09-22-2026 23:26:50:735,129179,184874
58.35,09-22-2026 23:26:50:745,129199,184856
58.36,09-22-2026 23:26:50:755,129199,184840
58.37,09-22-2026 23:26:50:765,129235,184819
58.38,09-22-2026 23:26:50:775,129233,184822
58.39,09-22-2026 23:26:50:785,129291,184804
58.4,09-22-2026 23:26:50:795,129271,184781
58.41,09-22-2026 23:26:50:805,129340,184775
58.42,09-22-2026 23:26:50:815,129323,184749
58.43,09-22-2026 23:26:50:825,129328,184749
58.44,09-22-2026 23:26:50:835,129365,184705
58.45,09-22-2026 23:26:50:845,129366,184661
58.46,09-22-2026 23:26:50:855,129390,184649
58.47,09-22-2026 23:26:50:865,129370,184637
58.48,09-22-2026 23:26:50:875,129378,184605
58.49,09-22-2026 23:26:50:885,129376,184567
58.5,09-22-2026 23:26:50:895,129392,184567
58.51,09-22-2026 23:26:50:905,129378,184560
58.52,09-22-2026 23:26:50:915,129396,184551
58.53,09-22-2026 23:26:50:925,129366,184525
58.54,09-22-2026 23:26:50:935,129395,184524
58.55,09-22-2026 23:26:50:945,129362,184499
58.56,09-22-2026 23:26:50:955,129399,184496
58.57,09-22-2026 23:26:50:965,129379,184471
58.58,09-22-2026 23:26:50:975,129396,184474
58.59,09-22-2026 23:26:50:985,129366,184466
58.6,09-22-2026 23:26:50:995,129400,184460
58.61,09-22-2026 23:26:51:005,129372,184455
58.62,09-22-2026 23:26:51:015,129396,184432
58.63,09-22-2026 23:26:51:025,129366,184449
58.64,09-22-2026 23:26:51:035,129416,184428
58.65,09-22-2026 23:26:51:045,129376,184434
58.66,09-22-2026 23:26:51:055,129405,184422
58.67,09-22-2026 23:26:51:065,129392,184414
58.68,09-22-2026 23:26:51:075,129399,184421
58.69,09-22-2026 23:26:51:085,129393,184430
58.7,09-22-2026 23:26:51:095,129453,184431
58.71,09-22-2026 23:26:51:105,129379,184462
58.72,09-22-2026 23:26:51:115,129411,184468
58.73,09-22-2026 23:26:51:125,129383,184482
58.74,09-22-2026 23:26:51:135,129419,184496
58.75,09-22-2026 23:26:51:145,129387,184520
58.76,09-22-2026 23:26:51:155,129422,184536
58.77,09-22-2026 23:26:51:165,129380,184580
58.78,09-22-2026 23:26:51:175,129411,184602
58.79,09-22-2026 23:26:51:185,129401,184662
58.8,09-22-2026 23:26:51:195,129395,184686
58.81,09-22-2026 23:26:51:205,129424,184711
58.82,09-22-2026 23:26:51:215,129387,184756
58.83,09-22-2026 23:26:51:225,129400,184740
58.84,09-22-2026 23:26:51:235,129394,184780
58.85,09-22-2026 23:26:51:245,129388,184788
58.86,09-22-2026 23:26:51:255,129399,184795
58.87,09-22-2026 23:26:51:265,129399,184815
58.88,09-22-2026 23:26:51:275,129404,184838
58.89,09-22-2026 23:26:51:285,129406,184818
58.9,09-22-2026 23:26:51:295,129406,184814
58.91,09-22-2026 23:26:51:305,129417,184826
58.92,09-22-2026 23:26:51:315,129415,184835
58.93,09-22-2026 23:26:51:325,129410,184841
58.94,09-22-2026 23:26:51:335,129407,184837
58.95,09-22-2026 23:26:51:345,129415,184831
58.96,09-22-2026 23:26:51:355,129419,184834
58.97,09-22-2026 23:26:51:365,129421,184851
58.98,09-22-2026 23:26:51:375,129423,184866
58.99,09-22-2026 23:26:51:385,129405,184849
59,09-22-2026 23:26:51:395,129416,184865
59.01,09-22-2026 23:26:51:405,129434,184881
59.02,09-22-2026 23:26:51:415,129440,184880
59.03,09-22-2026 23:26:51:425,129415,184882
59.04,09-22-2026 23:26:51:435,129423,184884
59.05,09-22-2026 23:26:51:445,129420,184895
59.06,09-22-2026 23:26:51:455,129429,184886
59.07,09-22-2026 23:26:51:465,129433,184899
59.08,09-22-2026 23:26:51:475,129437,184917
59.09,09-22-2026 23:26:51:485,129424,184923
59.1,09-22-2026 23:26:51:495,129430,184910
59.11,09-22-2026 23:26:51:505,129445,184930
59.12,09-22-2026 23:26:51:515,129426,184939
59.13,09-22-2026 23:26:51:525,129433,184953
59.14,09-22-2026 23:26:51:535,129440,184968
59.15,09-22-2026 23:26:51:545,129423,184954
59.16,09-22-2026 23:26:51:555,129441,184964
59.17,09-22-2026 23:26:51:565,129440,184974
59.18,09-22-2026 23:26:51:575,129445,184961
59.19,09-22-2026 23:26:51:585,129450,184938
59.2,09-22-2026 23:26:51:595,129431,184938
59.21,09-22-2026 23:26:51:605,129440,184945
59.22,09-22-2026 23:26:51:615,129463,184964
59.23,09-22-2026 23:26:51:625,129449,184946
59.24,09-22-2026 23:26:51:635,129444,184947
59.25,09-22-2026 23:26:51:645,129452,184944
59.26,09-22-2026 23:26:51:655,129459,184954
59.27,09-22-2026 23:26:51:665,129472,184935
59.28,09-22-2026 23:26:51:675,129451,184960
59.29,09-22-2026 23:26:51:685,129450,184942
59.3,09-22-2026 23:26:51:695,129456,184942
59.31,09-22-2026 23:26:51:705,129475,184945
59.32,09-22-2026 23:26:51:715,129479,184925
59.33,09-22-2026 23:26:51:725,129450,184941
59.34,09-22-2026 23:26:51:735,129457,184930
59.35,09-22-2026 23:26:51:745,129477,184934
59.36,09-22-2026 23:26:51:755,129493,184919
59.37,09-22-2026 23:26:51:765,129474,184939
59.38,09-22-2026 23:26:51:775,129483,184916
59.39,09-22-2026 23:26:51:785,129482,184952
59.4,09-22-2026 23:26:51:795,129482,184918
59.41,09-22-2026 23:26:51:805,129486,184944
59.42,09-22-2026 23:26:51:815,129473,184911
59.43,09-22-2026 23:26:51:825,129492,184917
59.44,09-22-2026 23:26:51:835,129495,184911
59.45,09-22-2026 23:26:51:845,129494,184945
59.46,09-22-2026 23:26:51:855,129497,184908
59.47,09-22-2026 23:26:51:865,129489,184962
59.48,09-22-2026 23:26:51:875,129493,184917
59.49,09-22-2026 23:26:51:885,129505,184970
59.5,09-22-2026 23:26:51:895,129501,184924
59.51,09-22-2026 23:26:51:905,129481,184973
59.52,09-22-2026 23:26:51:915,129493,184914
59.53,09-22-2026 23:26:51:925,129499,184997
59.54,09-22-2026 23:26:51:935,129508,184940
59.55,09-22-2026 23:26:51:945,129489,184986
59.56,09-22-2026 23:26:51:955,129501,184960
59.57,09-22-2026 23:26:51:965,129498,184994
59.58,09-22-2026 23:26:51:975,129504,184949
59.59,09-22-2026 23:26:51:985,129505,185017
59.6,09-22-2026 23:26:51:995,129527,184968
59.61,09-22-2026 23:26:52:005,129503,185003
59.62,09-22-2026 23:26:52:015,129515,184998
59.63,09-22-2026 23:26:52:025,129518,185020
59.64,09-22-2026 23:26:52:035,129497,185021
59.65,09-22-2026 23:26:52:045,129495,185034
59.66,09-22-2026 23:26:52:055,129521,185012
59.67,09-22-2026 23:26:52:065,129503,185049
59.68,09-22-2026 23:26:52:075,129504,185036
59.69,09-22-2026 23:26:52:085,129513,185067
59.7,09-22-2026 23:26:52:095,129519,185069
59.71,09-22-2026 23:26:52:105,129517,185081
59.72,09-22-2026 23:26:52:115,129502,185089
59.73,09-22-2026 23:26:52:125,129522,185096
59.74,09-22-2026 23:26:52:135,129521,185096
59.75,09-22-2026 23:26:52:145,129532,185093
59.76,09-22-2026 23:26:52:155,129533,185112
59.77,09-22-2026 23:26:52:165,129529,185117
59.78,09-22-2026 23:26:52:175,129524,185114
59.79,09-22-2026 23:26:52:185,129530,185117
59.8,09-22-2026 23:26:52:195,129540,185147
59.81,09-22-2026 23:26:52:205,129536,185142
59.82,09-22-2026 23:26:52:215,129542,185169
59.83,09-22-2026 23:26:52:225,129529,185145
59.84,09-22-2026 23:26:52:235,129541,185189
59.85,09-22-2026 23:26:52:245,129546,185162
59.86,09-22-2026 23:26:52:255,129530,185178
59.87,09-22-2026 23:26:52:265,129540,185185
59.88,09-22-2026 23:26:52:275,129526,185205
59.89,09-22-2026 23:26:52:285,129545,185178
59.9,09-22-2026 23:26:52:295,129539,185208
59.91,09-22-2026 23:26:52:305,129537,185192
59.92,09-22-2026 23:26:52:315,129555,185225
59.93,09-22-2026 23:26:52:325,129544,185195
59.94,09-22-2026 23:26:52:335,129550,185226
59.95,09-22-2026 23:26:52:345,129563,185162
59.96,09-22-2026 23:26:52:355,129559,185205
59.97,09-22-2026 23:26:52:365,129578,185179
59.98,09-22-2026 23:26:52:375,129555,185190
59.99,09-22-2026 23:26:52:385,129561,185168
60,09-22-2026 23:26:52:395,129558,185191
60.01,09-22-2026 23:26:52:405,129554,185181
60.02,09-22-2026 23:26:52:415,129560,185211
60.03,09-22-2026 23:26:52:425,129562,185176
60.04,09-22-2026 23:26:52:435,129558,185209
60.05,09-22-2026 23:26:52:445,129574,185182
60.06,09-22-2026 23:26:52:455,129554,185191
60.07,09-22-2026 23:26:52:465,129569,185189
60.08,09-22-2026 23:26:52:475,129539,185202
60.09,09-22-2026 23:26:52:485,129580,185182
60.1,09-22-2026 23:26:52:495,129562,185213
60.11,09-22-2026 23:26:52:505,129578,185189
60.12,09-22-2026 23:26:52:515,129567,185177
60.13,09-22-2026 23:26:52:525,129585,185212
60.14,09-22-2026 23:26:52:535,129586,185211
60.15,09-22-2026 23:26:52:545,129601,185212
60.16,09-22-2026 23:26:52:555,129568,185198
60.17,09-22-2026 23:26:52:565,129604,185228
60.18,09-22-2026 23:26:52:575,129591,185212
60.19,09-22-2026 23:26:52:585,129606,185218
60.2,09-22-2026 23:26:52:595,129609,185234
60.21,09-22-2026 23:26:52:605,129615,185232
60.22,09-22-2026 23:26:52:615,129591,185229
60.23,09-22-2026 23:26:52:625,129621,185250
60.24,09-22-2026 23:26:52:635,129583,185247
60.25,09-22-2026 23:26:52:645,129620,185258
60.26,09-22-2026 23:26:52:655,129563,185247
60.27,09-22-2026 23:26:52:665,129630,185270
60.28,09-22-2026 23:26:52:675,129589,185263
60.29,09-22-2026 23:26:52:685,129618,185260
60.3,09-22-2026 23:26:52:695,129601,185266
60.31,09-22-2026 23:26:52:705,129622,185279
60.32,09-22-2026 23:26:52:715,129579,185283
60.33,09-22-2026 23:26:52:725,129595,185293
60.34,09-22-2026 23:26:52:735,129612,185300
60.35,09-22-2026 23:26:52:745,129626,185301
60.36,09-22-2026 23:26:52:755,129582,185314
60.37,09-22-2026 23:26:52:765,129621,185290
60.38,09-22-2026 23:26:52:775,129615,185312
60.39,09-22-2026 23:26:52:785,129615,185328
60.4,09-22-2026 23:26:52:795,129603,185329
60.41,09-22-2026 23:26:52:805,129624,185319
60.42,09-22-2026 23:26:52:815,129595,185348
60.43,09-22-2026 23:26:52:825,129647,185347
60.44,09-22-2026 23:26:52:835,129647,185367
60.45,09-22-2026 23:26:52:845,129635,185347
60.46,09-22-2026 23:26:52:855,129639,185351
60.47,09-22-2026 23:26:52:865,129632,185355
60.48,09-22-2026 23:26:52:875,129661,185364
60.49,09-22-2026 23:26:52:885,129639,185372
60.5,09-22-2026 23:26:52:895,129644,185398
60.51,09-22-2026 23:26:52:905,129641,185406
60.52,09-22-2026 23:26:52:915,129643,185409
60.53,09-22-2026 23:26:52:925,129638,185428
60.54,09-22-2026 23:26:52:935,129646,185404
60.55,09-22-2026 23:26:52:945,129619,185431
60.56,09-22-2026 23:26:52:955,129667,185438
60.57,09-22-2026 23:26:52:965,129637,185465
60.58,09-22-2026 23:26:52:975,129666,185467
60.59,09-22-2026 23:26:52:985,129654,185462
60.6,09-22-2026 23:26:52:995,129695,185459
60.61,09-22-2026 23:26:53:005,129663,185452
60.62,09-22-2026 23:26:53:015,129657,185458
60.63,09-22-2026 23:26:53:025,129656,185451
60.64,09-22-2026 23:26:53:035,129675,185452
60.65,09-22-2026 23:26:53:045,129662,185445
60.66,09-22-2026 23:26:53:055,129692,185452
60.67,09-22-2026 23:26:53:065,129663,185445
60.68,09-22-2026 23:26:53:075,129688,185462
60.69,09-22-2026 23:26:53:085,129658,185443
60.7,09-22-2026 23:26:53:095,129678,185448
60.71,09-22-2026 23:26:53:105,129650,185440
60.72,09-22-2026 23:26:53:115,129695,185443
60.73,09-22-2026 23:26:53:125,129658,185464
60.74,09-22-2026 23:26:53:135,129660,185447
60.75,09-22-2026 23:26:53:145,129650,185450
60.76,09-22-2026 23:26:53:155,129656,185443
60.77,09-22-2026 23:26:53:165,129626,185448
60.78,09-22-2026 23:26:53:175,129626,185459
60.79,09-22-2026 23:26:53:185,129618,185467
60.8,09-22-2026 23:26:53:195,129632,185461
60.81,09-22-2026 23:26:53:205,129592,185480
60.82,09-22-2026 23:26:53:215,129608,185477
60.83,09-22-2026 23:26:53:225,129570,185483
60.84,09-22-2026 23:26:53:235,129560,185492
60.85,09-22-2026 23:26:53:245,129534,185482
60.86,09-22-2026 23:26:53:255,129532,185477
60.87,09-22-2026 23:26:53:265,129510,185494
60.88,09-22-2026 23:26:53:275,129488,185489
60.89,09-22-2026 23:26:53:285,129478,185499
60.9,09-22-2026 23:26:53:295,129478,185507
60.91,09-22-2026 23:26:53:305,129454,185496
60.92,09-22-2026 23:26:53:315,129428,185500
60.93,09-22-2026 23:26:53:325,129412,185516
60.94,09-22-2026 23:26:53:335,129400,185511
60.95,09-22-2026 23:26:53:345,129381,185487
60.96,09-22-2026 23:26:53:355,129373,185510
60.97,09-22-2026 23:26:53:365,129371,185518
60.98,09-22-2026 23:26:53:375,129362,185506
60.99,09-22-2026 23:26:53:385,129339,185524
61,09-22-2026 23:26:53:395,129345,185533
61.01,09-22-2026 23:26:53:405,129333,185536
61.02,09-22-2026 23:26:53:415,129322,185549
61.03,09-22-2026 23:26:53:425,129333,185558
61.04,09-22-2026 23:26:53:435,129333,185566
61.05,09-22-2026 23:26:53:445,129316,185577
61.06,09-22-2026 23:26:53:455,129329,185577
61.07,09-22-2026 23:26:53:465,129321,185575
61.08,09-22-2026 23:26:53:475,129343,185596
61.09,09-22-2026 23:26:53:485,129359,185575
61.1,09-22-2026 23:26:53:495,129365,185584
61.11,09-22-2026 23:26:53:505,129414,185600
61.12,09-22-2026 23:26:53:515,129464,185586
61.13,09-22-2026 23:26:53:525,129508,185596
61.14,09-22-2026 23:26:53:535,129560,185578
61.15,09-22-2026 23:26:53:545,129598,185564
61.16,09-22-2026 23:26:53:555,129640,185561
61.17,09-22-2026 23:26:53:565,129658,185543
61.18,09-22-2026 23:26:53:575,129656,185518
61.19,09-22-2026 23:26:53:585,129666,185510
61.2,09-22-2026 23:26:53:595,129666,185492
61.21,09-22-2026 23:26:53:605,129649,185503
61.22,09-22-2026 23:26:53:615,129674,185461
61.23,09-22-2026 23:26:53:625,129674,185447
61.24,09-22-2026 23:26:53:635,129685,185435
61.25,09-22-2026 23:26:53:645,129682,185419
61.26,09-22-2026 23:26:53:655,129667,185415
61.27,09-22-2026 23:26:53:665,129685,185363
61.28,09-22-2026 23:26:53:675,129671,185351
61.29,09-22-2026 23:26:53:685,129675,185313
61.3,09-22-2026 23:26:53:695,129652,185293
61.31,09-22-2026 23:26:53:705,129677,185243
61.32,09-22-2026 23:26:53:715,129650,185221
61.33,09-22-2026 23:26:53:725,129660,185193
61.34,09-22-2026 23:26:53:735,129653,185167
61.35,09-22-2026 23:26:53:745,129658,185125
61.36,09-22-2026 23:26:53:755,129645,185131
61.37,09-22-2026 23:26:53:765,129649,185085
61.38,09-22-2026 23:26:53:775,129641,185089
61.39,09-22-2026 23:26:53:785,129653,185031
61.4,09-22-2026 23:26:53:795,129651,185047
61.41,09-22-2026 23:26:53:805,129662,185019
61.42,09-22-2026 23:26:53:815,129645,185019
61.43,09-22-2026 23:26:53:825,129670,184992
61.44,09-22-2026 23:26:53:835,129644,185012
61.45,09-22-2026 23:26:53:845,129641,184991
61.46,09-22-2026 23:26:53:855,129659,185029
61.47,09-22-2026 23:26:53:865,129653,185001
61.48,09-22-2026 23:26:53:875,129672,185039
61.49,09-22-2026 23:26:53:885,129656,185011
61.5,09-22-2026 23:26:53:895,129661,185092
61.51,09-22-2026 23:26:53:905,129663,185121
61.52,09-22-2026 23:26:53:915,129671,185291
61.53,09-22-2026 23:26:53:925,129693,185316
61.54,09-22-2026 23:26:53:935,129667,185441
61.55,09-22-2026 23:26:53:945,129651,185436
61.56,09-22-2026 23:26:53:955,129678,185566
61.57,09-22-2026 23:26:53:965,129657,185546
61.58,09-22-2026 23:26:53:975,129663,185631
61.59,09-22-2026 23:26:53:985,129659,185576
61.6,09-22-2026 23:26:53:995,129677,185646
61.61,09-22-2026 23:26:54:005,129674,185602
61.62,09-22-2026 23:26:54:015,129682,185631
61.63,09-22-2026 23:26:54:025,129667,185631
61.64,09-22-2026 23:26:54:035,129685,185645
61.65,09-22-2026 23:26:54:045,129673,185639
61.66,09-22-2026 23:26:54:055,129671,185667
61.67,09-22-2026 23:26:54:065,129658,185637
61.68,09-22-2026 23:26:54:075,129663,185650
61.69,09-22-2026 23:26:54:085,129688,185602
61.7,09-22-2026 23:26:54:095,129687,185649
61.71,09-22-2026 23:26:54:105,129683,185624
61.72,09-22-2026 23:26:54:115,129671,185648
61.73,09-22-2026 23:26:54:125,129674,185661
61.74,09-22-2026 23:26:54:135,129679,185641
61.75,09-22-2026 23:26:54:145,129675,185657
61.76,09-22-2026 23:26:54:155,129681,185622
61.77,09-22-2026 23:26:54:165,129664,185656
61.78,09-22-2026 23:26:54:175,129682,185655
61.79,09-22-2026 23:26:54:185,129683,185665
61.8,09-22-2026 23:26:54:195,129674,185650
61.81,09-22-2026 23:26:54:205,129670,185676
61.82,09-22-2026 23:26:54:215,129683,185667
61.83,09-22-2026 23:26:54:225,129673,185710
61.84,09-22-2026 23:26:54:235,129651,185672
61.85,09-22-2026 23:26:54:245,129660,185705
61.86,09-22-2026 23:26:54:255,129674,185696
61.87,09-22-2026 23:26:54:265,129669,185730
61.88,09-22-2026 23:26:54:275,129670,185697
61.89,09-22-2026 23:26:54:285,129660,185729
61.9,09-22-2026 23:26:54:295,129674,185694
61.91,09-22-2026 23:26:54:305,129683,185753
61.92,09-22-2026 23:26:54:315,129677,185719
61.93,09-22-2026 23:26:54:325,129681,185734
61.94,09-22-2026 23:26:54:335,129686,185720
61.95,09-22-2026 23:26:54:345,129660,185765
61.96,09-22-2026 23:26:54:355,129697,185725
61.97,09-22-2026 23:26:54:365,129684,185754
61.98,09-22-2026 23:26:54:375,129689,185733
61.99,09-22-2026 23:26:54:385,129682,185788
62,09-22-2026 23:26:54:395,129679,185743
62.01,09-22-2026 23:26:54:405,129698,185788
62.02,09-22-2026 23:26:54:415,129697,185741
62.03,09-22-2026 23:26:54:425,129692,185795
62.04,09-22-2026 23:26:54:435,129708,185771
62.05,09-22-2026 23:26:54:445,129668,185764
62.06,09-22-2026 23:26:54:455,129708,185761
62.07,09-22-2026 23:26:54:465,129693,185776
62.08,09-22-2026 23:26:54:475,129703,185756
62.09,09-22-2026 23:26:54:485,129693,185796
62.1,09-22-2026 23:26:54:495,129704,185777
62.11,09-22-2026 23:26:54:505,129686,185823
62.12,09-22-2026 23:26:54:515,129685,185792
62.13,09-22-2026 23:26:54:525,129696,185801
62.14,09-22-2026 23:26:54:535,129695,185770
62.15,09-22-2026 23:26:54:545,129683,185810
62.16,09-22-2026 23:26:54:555,129707,185780
62.17,09-22-2026 23:26:54:565,129702,185764
62.18,09-22-2026 23:26:54:575,129707,185788
62.19,09-22-2026 23:26:54:585,129681,185764
62.2,09-22-2026 23:26:54:595,129732,185791
62.21,09-22-2026 23:26:54:605,129696,185766
62.22,09-22-2026 23:26:54:615,129741,185761
62.23,09-22-2026 23:26:54:625,129693,185749
62.24,09-22-2026 23:26:54:635,129737,185769
62.25,09-22-2026 23:26:54:645,129710,185766
62.26,09-22-2026 23:26:54:655,129737,185753
62.27,09-22-2026 23:26:54:665,129687,185761
62.28,09-22-2026 23:26:54:675,129734,185749
62.29,09-22-2026 23:26:54:685,129696,185748
62.3,09-22-2026 23:26:54:695,129723,185746
62.31,09-22-2026 23:26:54:705,129666,185752
62.32,09-22-2026 23:26:54:715,129716,185752
62.33,09-22-2026 23:26:54:725,129683,185769
62.34,09-22-2026 23:26:54:735,129732,185752
62.35,09-22-2026 23:26:54:745,129694,185767
62.36,09-22-2026 23:26:54:755,129742,185755
62.37,09-22-2026 23:26:54:765,129697,185764
62.38,09-22-2026 23:26:54:775,129721,185771
62.39,09-22-2026 23:26:54:785,129687,185773
62.4,09-22-2026 23:26:54:795,129720,185775
62.41,09-22-2026 23:26:54:805,129704,185771
62.42,09-22-2026 23:26:54:815,129736,185802
62.43,09-22-2026 23:26:54:825,129694,185795
62.44,09-22-2026 23:26:54:835,129712,185812
62.45,09-22-2026 23:26:54:845,129712,185791
62.46,09-22-2026 23:26:54:855,129739,185801
62.47,09-22-2026 23:26:54:865,129704,185795
62.48,09-22-2026 23:26:54:875,129748,185795
62.49,09-22-2026 23:26:54:885,129704,185804
62.5,09-22-2026 23:26:54:895,129725,185804
62.51,09-22-2026 23:26:54:905,129724,185799
62.52,09-22-2026 23:26:54:915,129726,185822
62.53,09-22-2026 23:26:54:925,129721,185818
62.54,09-22-2026 23:26:54:935,129746,185816
62.55,09-22-2026 23:26:54:945,129731,185821
62.56,09-22-2026 23:26:54:955,129703,185836
62.57,09-22-2026 23:26:54:965,129743,185830
62.58,09-22-2026 23:26:54:975,129726,185855
62.59,09-22-2026 23:26:54:985,129730,185851
62.6,09-22-2026 23:26:54:995,129716,185877
62.61,09-22-2026 23:26:55:005,129722,185876
62.62,09-22-2026 23:26:55:015,129729,185881
62.63,09-22-2026 23:26:55:025,129731,185893
62.64,09-22-2026 23:26:55:035,129706,185904
62.65,09-22-2026 23:26:55:045,129733,185914
62.66,09-22-2026 23:26:55:055,129706,185916
62.67,09-22-2026 23:26:55:065,129720,185908
62.68,09-22-2026 23:26:55:075,129704,185911
62.69,09-22-2026 23:26:55:085,129725,185889
62.7,09-22-2026 23:26:55:095,129715,185912
62.71,09-22-2026 23:26:55:105,129763,185884
62.72,09-22-2026 23:26:55:115,129708,185888
62.73,09-22-2026 23:26:55:125,129762,185887
62.74,09-22-2026 23:26:55:135,129712,185911
62.75,09-22-2026 23:26:55:145,129743,185896
62.76,09-22-2026 23:26:55:155,129711,185916
62.77,09-22-2026 23:26:55:165,129761,185921
62.78,09-22-2026 23:26:55:175,129703,185920
62.79,09-22-2026 23:26:55:185,129759,185931
62.8,09-22-2026 23:26:55:195,129714,185924
62.81,09-22-2026 23:26:55:205,129736,185929
62.82,09-22-2026 23:26:55:215,129717,185927
62.83,09-22-2026 23:26:55:225,129733,185924
62.84,09-22-2026 23:26:55:235,129714,185936
62.85,09-22-2026 23:26:55:245,129719,185949
62.86,09-22-2026 23:26:55:255,129709,185928
62.87,09-22-2026 23:26:55:265,129738,185944
62.88,09-22-2026 23:26:55:275,129709,185947
62.89,09-22-2026 23:26:55:285,129736,185914
62.9,09-22-2026 23:26:55:295,129716,185939
62.91,09-22-2026 23:26:55:305,129726,185920
62.92,09-22-2026 23:26:55:315,129703,185915
62.93,09-22-2026 23:26:55:325,129725,185893
62.94,09-22-2026 23:26:55:335,129706,185901
62.95,09-22-2026 23:26:55:345,129695,185917
62.96,09-22-2026 23:26:55:355,129706,185878
62.97,09-22-2026 23:26:55:365,129730,185912
62.98,09-22-2026 23:26:55:375,129727,185916
62.99,09-22-2026 23:26:55:385,129721,185882
63,09-22-2026 23:26:55:395,129721,185904
63.01,09-22-2026 23:26:55:405,129722,185913
63.02,09-22-2026 23:26:55:415,129722,185888
63.03,09-22-2026 23:26:55:425,129720,185888
63.04,09-22-2026 23:26:55:435,129722,185872
63.05,09-22-2026 23:26:55:445,129714,185865
63.06,09-22-2026 23:26:55:455,129718,185891
63.07,09-22-2026 23:26:55:465,129723,185883
63.08,09-22-2026 23:26:55:475,129741,185874
63.09,09-22-2026 23:26:55:485,129726,185877
63.1,09-22-2026 23:26:55:495,129733,185881
63.11,09-22-2026 23:26:55:505,129709,185896
63.12,09-22-2026 23:26:55:515,129713,185881
63.13,09-22-2026 23:26:55:525,129725,185890
63.14,09-22-2026 23:26:55:535,129718,185895
63.15,09-22-2026 23:26:55:545,129722,185891
63.16,09-22-2026 23:26:55:555,129728,185902
63.17,09-22-2026 23:26:55:565,129724,185906
63.18,09-22-2026 23:26:55:575,129727,185911
63.19,09-22-2026 23:26:55:585,129715,185892
63.2,09-22-2026 23:26:55:595,129697,185888
63.21,09-22-2026 23:26:55:605,129715,185903
63.22,09-22-2026 23:26:55:615,129720,185916
63.23,09-22-2026 23:26:55:625,129709,185918
63.24,09-22-2026 23:26:55:635,129694,185904
63.25,09-22-2026 23:26:55:645,129703,185906
63.26,09-22-2026 23:26:55:655,129695,185902
63.27,09-22-2026 23:26:55:665,129718,185923
63.28,09-22-2026 23:26:55:675,129710,185905
63.29,09-22-2026 23:26:55:685,129688,185909
63.3,09-22-2026 23:26:55:695,129694,185915
63.31,09-22-2026 23:26:55:705,129688,185916
63.32,09-22-2026 23:26:55:715,129692,185912
63.33,09-22-2026 23:26:55:725,129682,185913
63.34,09-22-2026 23:26:55:735,129672,185914
63.35,09-22-2026 23:26:55:745,129653,185917
63.36,09-22-2026 23:26:55:755,129656,185910
63.37,09-22-2026 23:26:55:765,129638,185919
63.38,09-22-2026 23:26:55:775,129615,185932
63.39,09-22-2026 23:26:55:785,129613,185921
63.4,09-22-2026 23:26:55:795,129600,185930
63.41,09-22-2026 23:26:55:805,129586,185926
63.42,09-22-2026 23:26:55:815,129580,185933
63.43,09-22-2026 23:26:55:825,129559,185939
63.44,09-22-2026 23:26:55:835,129570,185938
63.45,09-22-2026 23:26:55:845,129549,185937
63.46,09-22-2026 23:26:55:855,129525,185942
63.47,09-22-2026 23:26:55:865,129533,185958
63.48,09-22-2026 23:26:55:875,129507,185924
63.49,09-22-2026 23:26:55:885,129492,185928
63.5,09-22-2026 23:26:55:895,129476,185928
63.51,09-22-2026 23:26:55:905,129475,185945
63.52,09-22-2026 23:26:55:915,129470,185922
63.53,09-22-2026 23:26:55:925,129438,185954
63.54,09-22-2026 23:26:55:935,129431,185927
63.55,09-22-2026 23:26:55:945,129415,185983
63.56,09-22-2026 23:26:55:955,129403,185933
63.57,09-22-2026 23:26:55:965,129391,185950
63.58,09-22-2026 23:26:55:975,129394,185919
63.59,09-22-2026 23:26:55:985,129370,185944
63.6,09-22-2026 23:26:55:995,129383,185874
63.61,09-22-2026 23:26:56:005,129380,185930
63.62,09-22-2026 23:26:56:015,129374,185875
63.63,09-22-2026 23:26:56:025,129366,185926
63.64,09-22-2026 23:26:56:035,129366,185863
63.65,09-22-2026 23:26:56:045,129378,185920
63.66,09-22-2026 23:26:56:055,129396,185839
63.67,09-22-2026 23:26:56:065,129430,185898
63.68,09-22-2026 23:26:56:075,129462,185844
63.69,09-22-2026 23:26:56:085,129504,185902
63.7,09-22-2026 23:26:56:095,129546,185838
63.71,09-22-2026 23:26:56:105,129562,185881
63.72,09-22-2026 23:26:56:115,129590,185821
63.73,09-22-2026 23:26:56:125,129620,185841
63.74,09-22-2026 23:26:56:135,129619,185801
63.75,09-22-2026 23:26:56:145,129621,185811
63.76,09-22-2026 23:26:56:155,129613,185759
63.77,09-22-2026 23:26:56:165,129621,185777
63.78,09-22-2026 23:26:56:175,129602,185701
63.79,09-22-2026 23:26:56:185,129616,185713
63.8,09-22-2026 23:26:56:195,129612,185669
63.81,09-22-2026 23:26:56:205,129605,185682
63.82,09-22-2026 23:26:56:215,129624,185686
63.83,09-22-2026 23:26:56:225,129609,185652
63.84,09-22-2026 23:26:56:235,129600,185642
63.85,09-22-2026 23:26:56:245,129600,185594
63.86,09-22-2026 23:26:56:255,129593,185594
63.87,09-22-2026 23:26:56:265,129600,185572
63.88,09-22-2026 23:26:56:275,129595,185572
63.89,09-22-2026 23:26:56:285,129599,185524
63.9,09-22-2026 23:26:56:295,129609,185524
63.91,09-22-2026 23:26:56:305,129608,185497
63.92,09-22-2026 23:26:56:315,129585,185481
63.93,09-22-2026 23:26:56:325,129600,185459
63.94,09-22-2026 23:26:56:335,129602,185459
63.95,09-22-2026 23:26:56:345,129595,185415
63.96,09-22-2026 23:26:56:355,129604,185399
63.97,09-22-2026 23:26:56:365,129591,185359
63.98,09-22-2026 23:26:56:375,129593,185365
63.99,09-22-2026 23:26:56:385,129598,185331
64,09-22-2026 23:26:56:395,129589,185361
64.01,09-22-2026 23:26:56:405,129591,185311
64.02,09-22-2026 23:26:56:415,129594,185356
64.03,09-22-2026 23:26:56:425,129586,185314
64.04,09-22-2026 23:26:56:435,129581,185365
64.05,09-22-2026 23:26:56:445,129591,185353
64.06,09-22-2026 23:26:56:455,129585,185428
64.07,09-22-2026 23:26:56:465,129573,185428
64.08,09-22-2026 23:26:56:475,129566,185551
64.09,09-22-2026 23:26:56:485,129585,185578
64.1,09-22-2026 23:26:56:495,129580,185683
64.11,09-22-2026 23:26:56:505,129570,185685
64.12,09-22-2026 23:26:56:515,129561,185774
64.13,09-22-2026 23:26:56:525,129563,185755
64.14,09-22-2026 23:26:56:535,129545,185802
64.15,09-22-2026 23:26:56:545,129561,185812
64.16,09-22-2026 23:26:56:555,129528,185806
64.17,09-22-2026 23:26:56:565,129540,185803
64.18,09-22-2026 23:26:56:575,129554,185797
64.19,09-22-2026 23:26:56:585,129551,185788
64.2,09-22-2026 23:26:56:595,129531,185783
64.21,09-22-2026 23:26:56:605,129541,185793
64.22,09-22-2026 23:26:56:615,129530,185803
64.23,09-22-2026 23:26:56:625,129551,185781
64.24,09-22-2026 23:26:56:635,129508,185778
64.25,09-22-2026 23:26:56:645,129524,185803
64.26,09-22-2026 23:26:56:655,129521,185773
64.27,09-22-2026 23:26:56:665,129555,185779
64.28,09-22-2026 23:26:56:675,129505,185779
64.29,09-22-2026 23:26:56:685,129543,185786
64.3,09-22-2026 23:26:56:695,129523,185786
64.31,09-22-2026 23:26:56:705,129547,185791
64.32,09-22-2026 23:26:56:715,129492,185787
64.33,09-22-2026 23:26:56:725,129539,185788
64.34,09-22-2026 23:26:56:735,129483,185778
64.35,09-22-2026 23:26:56:745,129534,185761
64.36,09-22-2026 23:26:56:755,129494,185770
64.37,09-22-2026 23:26:56:765,129544,185766
64.38,09-22-2026 23:26:56:775,129475,185750
64.39,09-22-2026 23:26:56:785,129513,185755
64.4,09-22-2026 23:26:56:795,129480,185751
64.41,09-22-2026 23:26:56:805,129539,185743
64.42,09-22-2026 23:26:56:815,129505,185727
64.43,09-22-2026 23:26:56:825,129518,185737
64.44,09-22-2026 23:26:56:835,129519,185715
64.45,09-22-2026 23:26:56:845,129526,185715
64.46,09-22-2026 23:26:56:855,129507,185699
64.47,09-22-2026 23:26:56:865,129535,185693
64.48,09-22-2026 23:26:56:875,129497,185685
64.49,09-22-2026 23:26:56:885,129542,185701
64.5,09-22-2026 23:26:56:895,129510,185666
64.51,09-22-2026 23:26:56:905,129519,185671
64.52,09-22-2026 23:26:56:915,129502,185645
64.53,09-22-2026 23:26:56:925,129526,185649
64.54,09-22-2026 23:26:56:935,129537,185635
64.55,09-22-2026 23:26:56:945,129526,185652
64.56,09-22-2026 23:26:56:955,129550,185634
64.57,09-22-2026 23:26:56:965,129533,185609
64.58,09-22-2026 23:26:56:975,129537,185634
64.59,09-22-2026 23:26:56:985,129523,185629
64.6,09-22-2026 23:26:56:995,129549,185623
64.61,09-22-2026 23:26:57:005,129539,185603
64.62,09-22-2026 23:26:57:015,129544,185633
64.63,09-22-2026 23:26:57:025,129537,185617
64.64,09-22-2026 23:26:57:035,129547,185605
64.65,09-22-2026 23:26:57:045,129541,185617
64.66,09-22-2026 23:26:57:055,129557,185603
64.67,09-22-2026 23:26:57:065,129552,185591
64.68,09-22-2026 23:26:57:075,129557,185609
64.69,09-22-2026 23:26:57:085,129546,185596
64.7,09-22-2026 23:26:57:095,129568,185607
64.71,09-22-2026 23:26:57:105,129543,185597
64.72,09-22-2026 23:26:57:115,129573,185596
64.73,09-22-2026 23:26:57:125,129558,185591
64.74,09-22-2026 23:26:57:135,129567,185604
64.75,09-22-2026 23:26:57:145,129559,185600
64.76,09-22-2026 23:26:57:155,129586,185600
64.77,09-22-2026 23:26:57:165,129556,185578
64.78,09-22-2026 23:26:57:175,129590,185589
64.79,09-22-2026 23:26:57:185,129563,185596
64.8,09-22-2026 23:26:57:195,129600,185595
64.81,09-22-2026 23:26:57:205,129560,185589
64.82,09-22-2026 23:26:57:215,129593,185613
64.83,09-22-2026 23:26:57:225,129550,185600
64.84,09-22-2026 23:26:57:235,129563,185602
64.85,09-22-2026 23:26:57:245,129548,185597
64.86,09-22-2026 23:26:57:255,129566,185603
64.87,09-22-2026 23:26:57:265,129550,185612
64.88,09-22-2026 23:26:57:275,129548,185599
64.89,09-22-2026 23:26:57:285,129553,185623
64.9,09-22-2026 23:26:57:295,129553,185625
64.91,09-22-2026 23:26:57:305,129540,185616
64.92,09-22-2026 23:26:57:315,129539,185603
64.93,09-22-2026 23:26:57:325,129517,185614
64.94,09-22-2026 23:26:57:335,129513,185624
64.95,09-22-2026 23:26:57:345,129513,185627
64.96,09-22-2026 23:26:57:355,129500,185616
64.97,09-22-2026 23:26:57:365,129520,185626
64.98,09-22-2026 23:26:57:375,129491,185639
64.99,09-22-2026 23:26:57:385,129499,185636
65,09-22-2026 23:26:57:395,129505,185654
65.01,09-22-2026 23:26:57:405,129493,185641
65.02,09-22-2026 23:26:57:415,129491,185661
65.03,09-22-2026 23:26:57:425,129502,185641
65.04,09-22-2026 23:26:57:435,129494,185662
65.05,09-22-2026 23:26:57:445,129493,185669
65.06,09-22-2026 23:26:57:455,129487,185647
65.07,09-22-2026 23:26:57:465,129493,185669
65.08,09-22-2026 23:26:57:475,129485,185668
65.09,09-22-2026 23:26:57:485,129495,185661
65.1,09-22-2026 23:26:57:495,129479,185661
65.11,09-22-2026 23:26:57:505,129484,185656
65.12,09-22-2026 23:26:57:515,129490,185651
65.13,09-22-2026 23:26:57:525,129493,185655
65.14,09-22-2026 23:26:57:535,129493,185650
65.15,09-22-2026 23:26:57:545,129494,185639
65.16,09-22-2026 23:26:57:555,129484,185637
65.17,09-22-2026 23:26:57:565,129479,185646
65.18,09-22-2026 23:26:57:575,129491,185635
65.19,09-22-2026 23:26:57:585,129491,185639
65.2,09-22-2026 23:26:57:595,129466,185632
65.21,09-22-2026 23:26:57:605,129480,185629
65.22,09-22-2026 23:26:57:615,129495,185630
65.23,09-22-2026 23:26:57:625,129495,185606
65.24,09-22-2026 23:26:57:635,129473,185602
65.25,09-22-2026 23:26:57:645,129473,185597
65.26,09-22-2026 23:26:57:655,129488,185590
65.27,09-22-2026 23:26:57:665,129470,185569
65.28,09-22-2026 23:26:57:675,129475,185568
65.29,09-22-2026 23:26:57:685,129474,185553
65.3,09-22-2026 23:26:57:695,129488,185564
65.31,09-22-2026 23:26:57:705,129482,185549
65.32,09-22-2026 23:26:57:715,129482,185566
65.33,09-22-2026 23:26:57:725,129476,185544
65.34,09-22-2026 23:26:57:735,129485,185531
65.35,09-22-2026 23:26:57:745,129473,185521
65.36,09-22-2026 23:26:57:755,129461,185516
65.37,09-22-2026 23:26:57:765,129482,185497
65.38,09-22-2026 23:26:57:775,129468,185512
65.39,09-22-2026 23:26:57:785,129477,185517
65.4,09-22-2026 23:26:57:795,129464,185508
65.41,09-22-2026 23:26:57:805,129479,185504
65.42,09-22-2026 23:26:57:815,129474,185490
65.43,09-22-2026 23:26:57:825,129452,185485
65.44,09-22-2026 23:26:57:835,129468,185516
65.45,09-22-2026 23:26:57:845,129436,185483
65.46,09-22-2026 23:26:57:855,129455,185503
65.47,09-22-2026 23:26:57:865,129449,185480
65.48,09-22-2026 23:26:57:875,129455,185487
65.49,09-22-2026 23:26:57:885,129447,185477
65.5,09-22-2026 23:26:57:895,129444,185508
65.51,09-22-2026 23:26:57:905,129447,185448
65.52,09-22-2026 23:26:57:915,129437,185491
65.53,09-22-2026 23:26:57:925,129451,185449
65.54,09-22-2026 23:26:57:935,129435,185489
65.55,09-22-2026 23:26:57:945,129431,185457
65.56,09-22-2026 23:26:57:955,129442,185494
65.57,09-22-2026 23:26:57:965,129425,185448
65.58,09-22-2026 23:26:57:975,129457,185497
65.59,09-22-2026 23:26:57:985,129419,185452
65.6,09-22-2026 23:26:57:995,129428,185482
65.61,09-22-2026 23:26:58:005,129426,185447
65.62,09-22-2026 23:26:58:015,129412,185491
65.63,09-22-2026 23:26:58:025,129409,185435
65.64,09-22-2026 23:26:58:035,129441,185506
65.65,09-22-2026 23:26:58:045,129433,185449
65.66,09-22-2026 23:26:58:055,129406,185484
65.67,09-22-2026 23:26:58:065,129420,185448
65.68,09-22-2026 23:26:58:075,129424,185527
65.69,09-22-2026 23:26:58:085,129411,185462
65.7,09-22-2026 23:26:58:095,129421,185512
65.71,09-22-2026 23:26:58:105,129419,185467
65.72,09-22-2026 23:26:58:115,129427,185519
65.73,09-22-2026 23:26:58:125,129420,185482
65.74,09-22-2026 23:26:58:135,129423,185506
65.75,09-22-2026 23:26:58:145,129416,185452
65.76,09-22-2026 23:26:58:155,129407,185483
65.77,09-22-2026 23:26:58:165,129421,185474
65.78,09-22-2026 23:26:58:175,129436,185467
65.79,09-22-2026 23:26:58:185,129419,185444
65.8,09-22-2026 23:26:58:195,129420,185449
65.81,09-22-2026 23:26:58:205,129417,185419
65.82,09-22-2026 23:26:58:215,129413,185439
65.83,09-22-2026 23:26:58:225,129399,185417
65.84,09-22-2026 23:26:58:235,129424,185420
65.85,09-22-2026 23:26:58:245,129418,185429
65.86,09-22-2026 23:26:58:255,129416,185408
65.87,09-22-2026 23:26:58:265,129404,185418
65.88,09-22-2026 23:26:58:275,129409,185391
65.89,09-22-2026 23:26:58:285,129407,185398
65.9,09-22-2026 23:26:58:295,129404,185373
65.91,09-22-2026 23:26:58:305,129412,185378
65.92,09-22-2026 23:26:58:315,129403,185358
65.93,09-22-2026 23:26:58:325,129409,185361
65.94,09-22-2026 23:26:58:335,129416,185347
65.95,09-22-2026 23:26:58:345,129409,185373
65.96,09-22-2026 23:26:58:355,129428,185331
65.97,09-22-2026 23:26:58:365,129402,185363
65.98,09-22-2026 23:26:58:375,129417,185344
65.99,09-22-2026 23:26:58:385,129415,185350
66,09-22-2026 23:26:58:395,129423,185329
66.01,09-22-2026 23:26:58:405,129416,185346
66.02,09-22-2026 23:26:58:415,129418,185312
66.03,09-22-2026 23:26:58:425,129407,185347
66.04,09-22-2026 23:26:58:435,129417,185315
66.05,09-22-2026 23:26:58:445,129409,185349
66.06,09-22-2026 23:26:58:455,129403,185292
66.07,09-22-2026 23:26:58:465,129409,185332
66.08,09-22-2026 23:26:58:475,129409,185292
66.09,09-22-2026 23:26:58:485,129430,185332
66.1,09-22-2026 23:26:58:495,129419,185298
66.11,09-22-2026 23:26:58:505,129403,185326
66.12,09-22-2026 23:26:58:515,129405,185294
66.13,09-22-2026 23:26:58:525,129412,185320
66.14,09-22-2026 23:26:58:535,129401,185309
66.15,09-22-2026 23:26:58:545,129401,185321
66.16,09-22-2026 23:26:58:555,129400,185296
66.17,09-22-2026 23:26:58:565,129395,185329
66.18,09-22-2026 23:26:58:575,129403,185280
66.19,09-22-2026 23:26:58:585,129396,185320
66.2,09-22-2026 23:26:58:595,129389,185277
66.21,09-22-2026 23:26:58:605,129381,185324
66.22,09-22-2026 23:26:58:615,129396,185304
66.23,09-22-2026 23:26:58:625,129375,185293
66.24,09-22-2026 23:26:58:635,129384,185296
66.25,09-22-2026 23:26:58:645,129371,185302
66.26,09-22-2026 23:26:58:655,129385,185292
66.27,09-22-2026 23:26:58:665,129373,185309
66.28,09-22-2026 23:26:58:675,129381,185300
66.29,09-22-2026 23:26:58:685,129383,185307
66.3,09-22-2026 23:26:58:695,129372,185297
66.31,09-22-2026 23:26:58:705,129364,185281
66.32,09-22-2026 23:26:58:715,129392,185309
66.33,09-22-2026 23:26:58:725,129368,185304
66.34,09-22-2026 23:26:58:735,129379,185308
66.35,09-22-2026 23:26:58:745,129354,185314
66.36,09-22-2026 23:26:58:755,129389,185315
66.37,09-22-2026 23:26:58:765,129360,185321
66.38,09-22-2026 23:26:58:775,129372,185318
66.39,09-22-2026 23:26:58:785,129345,185320
66.4,09-22-2026 23:26:58:795,129366,185328
66.41,09-22-2026 23:26:58:805,129354,185329
66.42,09-22-2026 23:26:58:815,129367,185365
66.43,09-22-2026 23:26:58:825,129353,185321
66.44,09-22-2026 23:26:58:835,129366,185317
66.45,09-22-2026 23:26:58:845,129338,185306
66.46,09-22-2026 23:26:58:855,129371,185289
66.47,09-22-2026 23:26:58:865,129339,185290
66.48,09-22-2026 23:26:58:875,129356,185276
66.49,09-22-2026 23:26:58:885,129319,185272
66.5,09-22-2026 23:26:58:895,129370,185282
66.51,09-22-2026 23:26:58:905,129338,185245
66.52,09-22-2026 23:26:58:915,129375,185236
66.53,09-22-2026 23:26:58:925,129311,185241
66.54,09-22-2026 23:26:58:935,129352,185219
66.55,09-22-2026 23:26:58:945,129311,185227
66.56,09-22-2026 23:26:58:955,129366,185219
66.57,09-22-2026 23:26:58:965,129308,185209
66.58,09-22-2026 23:26:58:975,129364,185187
66.59,09-22-2026 23:26:58:985,129305,185196
66.6,09-22-2026 23:26:58:995,129339,185159
66.61,09-22-2026 23:26:59:005,129302,185159
66.62,09-22-2026 23:26:59:015,129348,185174
66.63,09-22-2026 23:26:59:025,129312,185162
66.64,09-22-2026 23:26:59:035,129337,185145
66.65,09-22-2026 23:26:59:045,129316,185131
66.66,09-22-2026 23:26:59:055,129324,185147
66.67,09-22-2026 23:26:59:065,129303,185137
66.68,09-22-2026 23:26:59:075,129327,185135
66.69,09-22-2026 23:26:59:085,129311,185143
66.7,09-22-2026 23:26:59:095,129324,185133
66.71,09-22-2026 23:26:59:105,129294,185140
66.72,09-22-2026 23:26:59:115,129337,185142
66.73,09-22-2026 23:26:59:125,129312,185150
66.74,09-22-2026 23:26:59:135,129334,185127
66.75,09-22-2026 23:26:59:145,129327,185142
66.76,09-22-2026 23:26:59:155,129335,185114
66.77,09-22-2026 23:26:59:165,129304,185121
66.78,09-22-2026 23:26:59:175,129329,185106
66.79,09-22-2026 23:26:59:185,129303,185117
66.8,09-22-2026 23:26:59:195,129331,185103
66.81,09-22-2026 23:26:59:205,129332,185099
66.82,09-22-2026 23:26:59:215,129317,185108
66.83,09-22-2026 23:26:59:225,129342,185111
66.84,09-22-2026 23:26:59:235,129320,185101
66.85,09-22-2026 23:26:59:245,129336,185101
66.86,09-22-2026 23:26:59:255,129316,185104
66.87,09-22-2026 23:26:59:265,129322,185095
66.88,09-22-2026 23:26:59:275,129322,185099
66.89,09-22-2026 23:26:59:285,129321,185102
66.9,09-22-2026 23:26:59:295,129312,185095
66.91,09-22-2026 23:26:59:305,129321,185094
66.92,09-22-2026 23:26:59:315,129311,185101
66.93,09-22-2026 23:26:59:325,129333,185093
66.94,09-22-2026 23:26:59:335,129324,185110
66.95,09-22-2026 23:26:59:345,129327,185097
66.96,09-22-2026 23:26:59:355,129304,185096
66.97,09-22-2026 23:26:59:365,129332,185113
66.98,09-22-2026 23:26:59:375,129314,185092
66.99,09-22-2026 23:26:59:385,129335,185065
67,09-22-2026 23:26:59:395,129293,185073
67.01,09-22-2026 23:26:59:405,129324,185090
67.02,09-22-2026 23:26:59:415,129323,185070
67.03,09-22-2026 23:26:59:425,129343,185063
67.04,09-22-2026 23:26:59:435,129308,185055
67.05,09-22-2026 23:26:59:445,129353,185058
67.06,09-22-2026 23:26:59:455,129316,185068
67.07,09-22-2026 23:26:59:465,129348,185055
67.08,09-22-2026 23:26:59:475,129310,185050
67.09,09-22-2026 23:26:59:485,129332,185052
67.1,09-22-2026 23:26:59:495,129322,185051
67.11,09-22-2026 23:26:59:505,129343,185038
67.12,09-22-2026 23:26:59:515,129299,185070
67.13,09-22-2026 23:26:59:525,129358,185052
67.14,09-22-2026 23:26:59:535,129327,185065
67.15,09-22-2026 23:26:59:545,129354,185062
67.16,09-22-2026 23:26:59:555,129309,185049
67.17,09-22-2026 23:26:59:565,129340,185059
67.18,09-22-2026 23:26:59:575,129325,185051
67.19,09-22-2026 23:26:59:585,129363,185035
67.2,09-22-2026 23:26:59:595,129325,185026
67.21,09-22-2026 23:26:59:605,129339,185016
67.22,09-22-2026 23:26:59:615,129314,185008
67.23,09-22-2026 23:26:59:625,129328,185017
67.24,09-22-2026 23:26:59:635,129321,185033
67.25,09-22-2026 23:26:59:645,129335,185016
67.26,09-22-2026 23:26:59:655,129313,184986
67.27,09-22-2026 23:26:59:665,129365,184977
67.28,09-22-2026 23:26:59:675,129338,184984
67.29,09-22-2026 23:26:59:685,129362,184976
67.3,09-22-2026 23:26:59:695,129327,184941
67.31,09-22-2026 23:26:59:705,129351,184951
67.32,09-22-2026 23:26:59:715,129340,184962
67.33,09-22-2026 23:26:59:725,129344,184961
67.34,09-22-2026 23:26:59:735,129333,184941
67.35,09-22-2026 23:26:59:745,129358,184966
67.36,09-22-2026 23:26:59:755,129345,184961
67.37,09-22-2026 23:26:59:765,129341,184932
67.38,09-22-2026 23:26:59:775,129349,184928
67.39,09-22-2026 23:26:59:785,129340,184947
67.4,09-22-2026 23:26:59:795,129339,184937
67.41,09-22-2026 23:26:59:805,129361,184911
67.42,09-22-2026 23:26:59:815,129347,184933
67.43,09-22-2026 23:26:59:825,129348,184935
67.44,09-22-2026 23:26:59:835,129349,184938
67.45,09-22-2026 23:26:59:845,129348,184931
67.46,09-22-2026 23:26:59:855,129353,184932
67.47,09-22-2026 23:26:59:865,129352,184931
67.48,09-22-2026 23:26:59:875,129359,184913
67.49,09-22-2026 23:26:59:885,129349,184925
67.5,09-22-2026 23:26:59:895,129343,184935
67.51,09-22-2026 23:26:59:905,129344,184926
67.52,09-22-2026 23:26:59:915,129343,184931
67.53,09-22-2026 23:26:59:925,129322,184940
67.54,09-22-2026 23:26:59:935,129353,184916
67.55,09-22-2026 23:26:59:945,129344,184941
67.56,09-22-2026 23:26:59:955,129328,184938
67.57,09-22-2026 23:26:59:965,129326,184947
67.58,09-22-2026 23:26:59:975,129331,184950
67.59,09-22-2026 23:26:59:985,129321,184975
67.6,09-22-2026 23:26:59:995,129335,184959
67.61,09-22-2026 23:27:00:005,129323,184971
67.62,09-22-2026 23:27:00:015,129317,184957
67.63,09-22-2026 23:27:00:025,129317,184965
67.64,09-22-2026 23:27:00:035,129301,184976
67.65,09-22-2026 23:27:00:045,129312,184982
67.66,09-22-2026 23:27:00:055,129313,184979
67.67,09-22-2026 23:27:00:065,129324,185017
67.68,09-22-2026 23:27:00:075,129323,185005
67.69,09-22-2026 23:27:00:085,129321,185001
67.7,09-22-2026 23:27:00:095,129316,185003
67.71,09-22-2026 23:27:00:105,129324,185018
67.72,09-22-2026 23:27:00:115,129305,185005
67.73,09-22-2026 23:27:00:125,129315,185011
67.74,09-22-2026 23:27:00:135,129323,185006
67.75,09-22-2026 23:27:00:145,129317,185025
67.76,09-22-2026 23:27:00:155,129308,185015
67.77,09-22-2026 23:27:00:165,129307,185026
67.78,09-22-2026 23:27:00:175,129300,185016
67.79,09-22-2026 23:27:00:185,129313,185043
67.8,09-22-2026 23:27:00:195,129309,185023
67.81,09-22-2026 23:27:00:205,129325,185047
67.82,09-22-2026 23:27:00:215,129319,185041
67.83,09-22-2026 23:27:00:225,129330,185065
67.84,09-22-2026 23:27:00:235,129316,185053
67.85,09-22-2026 23:27:00:245,129315,185062
67.86,09-22-2026 23:27:00:255,129330,185054
67.87,09-22-2026 23:27:00:265,129314,185065
67.88,09-22-2026 23:27:00:275,129327,185037
67.89,09-22-2026 23:27:00:285,129329,185057
67.9,09-22-2026 23:27:00:295,129330,185026
67.91,09-22-2026 23:27:00:305,129324,185040
67.92,09-22-2026 23:27:00:315,129324,185010
67.93,09-22-2026 23:27:00:325,129316,185006
67.94,09-22-2026 23:27:00:335,129329,185004
67.95,09-22-2026 23:27:00:345,129330,185020
67.96,09-22-2026 23:27:00:355,129332,184970
67.97,09-22-2026 23:27:00:365,129325,184997
67.98,09-22-2026 23:27:00:375,129334,184954
67.99,09-22-2026 23:27:00:385,129340,184992
68,09-22-2026 23:27:00:395,129352,184960
68.01,09-22-2026 23:27:00:405,129351,184978
68.02,09-22-2026 23:27:00:415,129337,184949
68.03,09-22-2026 23:27:00:425,129359,184972
68.04,09-22-2026 23:27:00:435,129356,184930
68.05,09-22-2026 23:27:00:445,129340,184948
68.06,09-22-2026 23:27:00:455,129363,184910
68.07,09-22-2026 23:27:00:465,129356,184936
68.08,09-22-2026 23:27:00:475,129349,184878
68.09,09-22-2026 23:27:00:485,129361,184945
68.1,09-22-2026 23:27:00:495,129365,184905
68.11,09-22-2026 23:27:00:505,129359,184935
68.12,09-22-2026 23:27:00:515,129369,184902
68.13,09-22-2026 23:27:00:525,129359,184954
68.14,09-22-2026 23:27:00:535,129355,184902
68.15,09-22-2026 23:27:00:545,129363,184935
68.16,09-22-2026 23:27:00:555,129377,184900
68.17,09-22-2026 23:27:00:565,129356,184953
68.18,09-22-2026 23:27:00:575,129381,184896
68.19,09-22-2026 23:27:00:585,129356,184951
68.2,09-22-2026 23:27:00:595,129351,184892
68.21,09-22-2026 23:27:00:605,129362,184965
68.22,09-22-2026 23:27:00:615,129384,184923
68.23,09-22-2026 23:27:00:625,129376,184957
68.24,09-22-2026 23:27:00:635,129370,184900
68.25,09-22-2026 23:27:00:645,129363,184966
68.26,09-22-2026 23:27:00:655,129368,184935
68.27,09-22-2026 23:27:00:665,129370,184969
68.28,09-22-2026 23:27:00:675,129376,184949
68.29,09-22-2026 23:27:00:685,129372,184991
68.3,09-22-2026 23:27:00:695,129367,184974
68.31,09-22-2026 23:27:00:705,129365,185010
68.32,09-22-2026 23:27:00:715,129377,184992
68.33,09-22-2026 23:27:00:725,129375,185001
68.34,09-22-2026 23:27:00:735,129374,184993
68.35,09-22-2026 23:27:00:745,129386,185026
68.36,09-22-2026 23:27:00:755,129377,185001
68.37,09-22-2026 23:27:00:765,129383,185018
68.38,09-22-2026 23:27:00:775,129385,185020
68.39,09-22-2026 23:27:00:785,129378,185048
68.4,09-22-2026 23:27:00:795,129404,185030
68.41,09-22-2026 23:27:00:805,129383,185050
68.42,09-22-2026 23:27:00:815,129377,185069
68.43,09-22-2026 23:27:00:825,129379,185054
68.44,09-22-2026 23:27:00:835,129376,185100
68.45,09-22-2026 23:27:00:845,129379,185081
68.46,09-22-2026 23:27:00:855,129387,185096
68.47,09-22-2026 23:27:00:865,129390,185094
68.48,09-22-2026 23:27:00:875,129400,185103
68.49,09-22-2026 23:27:00:885,129383,185075
68.5,09-22-2026 23:27:00:895,129405,185110
