PseudoTimeSec,PseudoTimestamp,R,IR
0.01,09-20-2026 18:33:46:547,140517,166260
0.02,09-20-2026 18:33:46:557,98099,185135
0.03,09-20-2026 18:33:46:567,98099,185135
0.04,09-20-2026 18:33:46:577,98099,185286
0.05,09-20-2026 18:33:46:587,98099,185286
0.06,09-20-2026 18:33:46:597,98099,185286
0.07,09-20-2026 18:33:46:607,98099,185286
0.08,09-20-2026 18:33:46:617,98099,185286
0.09,09-20-2026 18:33:46:627,98099,185437
0.1,09-20-2026 18:33:46:637,98099,185437
0.11,09-20-2026 18:33:46:647,98043,166260
0.12,09-20-2026 18:33:46:657,98052,166260
0.13,09-20-2026 18:33:46:667,98062,166411
0.14,09-20-2026 18:33:46:677,98045,166562
0.15,09-20-2026 18:33:46:687,98054,166864
0.16,09-20-2026 18:33:46:697,98068,167015
0.17,09-20-2026 18:33:46:707,98070,167166
0.18,09-20-2026 18:33:46:717,98090,167468
0.19,09-20-2026 18:33:46:727,98073,167619
0.2,09-20-2026 18:33:46:737,98073,167770
0.21,09-20-2026 18:33:46:747,98076,184917
0.22,09-20-2026 18:33:46:757,98086,184943
0.23,09-20-2026 18:33:46:767,98090,184965
0.24,09-20-2026 18:33:46:777,98087,185007
0.25,09-20-2026 18:33:46:787,98102,185017
0.26,09-20-2026 18:33:46:797,98108,185067
0.27,09-20-2026 18:33:46:807,98113,185089
0.28,09-20-2026 18:33:46:817,98101,185133
0.29,09-20-2026 18:33:46:827,98123,185141
0.3,09-20-2026 18:33:46:837,98118,185141
0.31,09-20-2026 18:33:46:847,98012,185216
0.32,09-20-2026 18:33:46:857,98045,185225
0.33,09-20-2026 18:33:46:867,98017,185267
0.34,09-20-2026 18:33:46:877,98038,185291
0.35,09-20-2026 18:33:46:887,98025,185321
0.36,09-20-2026 18:33:46:897,98037,185342
0.37,09-20-2026 18:33:46:907,98020,185402
0.38,09-20-2026 18:33:46:917,98027,185408
0.39,09-20-2026 18:33:46:927,98032,185477
0.4,09-20-2026 18:33:46:937,98034,185477
0.41,09-20-2026 18:33:46:947,98043,185249
0.42,09-20-2026 18:33:46:957,98052,185246
0.43,09-20-2026 18:33:46:967,98062,185240
0.44,09-20-2026 18:33:46:977,98045,185237
0.45,09-20-2026 18:33:46:987,98054,185234
0.46,09-20-2026 18:33:46:997,98068,185231
0.47,09-20-2026 18:33:47:007,98070,185225
0.48,09-20-2026 18:33:47:017,98090,185222
0.49,09-20-2026 18:33:47:027,98073,185219
0.5,09-20-2026 18:33:47:037,98073,185216
0.51,09-20-2026 18:33:47:047,98076,184663
0.52,09-20-2026 18:33:47:057,98086,184699
0.53,09-20-2026 18:33:47:067,98090,184711
0.54,09-20-2026 18:33:47:077,98087,184729
0.55,09-20-2026 18:33:47:087,98102,184765
0.56,09-20-2026 18:33:47:097,98108,184765
0.57,09-20-2026 18:33:47:107,98113,184805
0.58,09-20-2026 18:33:47:117,98101,184849
0.59,09-20-2026 18:33:47:127,98123,184845
0.6,09-20-2026 18:33:47:137,98118,184893
0.61,09-20-2026 18:33:47:147,98012,184917
0.62,09-20-2026 18:33:47:157,98045,184943
0.63,09-20-2026 18:33:47:167,98017,184965
0.64,09-20-2026 18:33:47:177,98038,185007
0.65,09-20-2026 18:33:47:187,98025,185017
0.66,09-20-2026 18:33:47:197,98037,185067
0.67,09-20-2026 18:33:47:207,98020,185089
0.68,09-20-2026 18:33:47:217,98027,185133
0.69,09-20-2026 18:33:47:227,98032,185141
0.7,09-20-2026 18:33:47:237,98034,185141
0.71,09-20-2026 18:33:47:247,98043,185216
0.72,09-20-2026 18:33:47:257,98052,185225
0.73,09-20-2026 18:33:47:267,98062,185267
0.74,09-20-2026 18:33:47:277,98045,185291
0.75,09-20-2026 18:33:47:287,98054,185321
0.76,09-20-2026 18:33:47:297,98068,185342
0.77,09-20-2026 18:33:47:307,98070,185402
0.78,09-20-2026 18:33:47:317,98090,185408
0.79,09-20-2026 18:33:47:327,98073,185477
0.8,09-20-2026 18:33:47:337,98073,185477
0.81,09-20-2026 18:33:47:347,98076,185249
0.82,09-20-2026 18:33:47:357,98086,185246
0.83,09-20-2026 18:33:47:367,98090,185240
0.84,09-20-2026 18:33:47:377,98087,185237
0.85,09-20-2026 18:33:47:387,98102,185234
0.86,09-20-2026 18:33:47:397,98108,185231
0.87,09-20-2026 18:33:47:407,98113,185225
0.88,09-20-2026 18:33:47:417,98101,185222
0.89,09-20-2026 18:33:47:427,98123,185219
0.9,09-20-2026 18:33:47:437,98118,185216
0.91,09-20-2026 18:33:47:447,98012,184663
0.92,09-20-2026 18:33:47:457,98045,184699
0.93,09-20-2026 18:33:47:467,98017,184711
0.94,09-20-2026 18:33:47:477,98038,184729
0.95,09-20-2026 18:33:47:487,98025,184765
0.96,09-20-2026 18:33:47:497,98037,184765
0.97,09-20-2026 18:33:47:507,98020,184805
0.98,09-20-2026 18:33:47:517,98027,184849
0.99,09-20-2026 18:33:47:527,98032,184845
1,09-20-2026 18:33:47:537,98034,184893
1.01,09-20-2026 18:33:47:547,98043,184917
1.02,09-20-2026 18:33:47:557,98052,184943
1.03,09-20-2026 18:33:47:567,98062,184965
1.04,09-20-2026 18:33:47:577,98045,185007
1.05,09-20-2026 18:33:47:587,98054,185017
1.06,09-20-2026 18:33:47:597,98068,185067
1.07,09-20-2026 18:33:47:607,98070,185089
1.08,09-20-2026 18:33:47:617,98090,185133
1.09,09-20-2026 18:33:47:627,98073,185141
1.1,09-20-2026 18:33:47:637,98073,185141
1.11,09-20-2026 18:33:47:647,98076,185216
1.12,09-20-2026 18:33:47:657,98086,185225
1.13,09-20-2026 18:33:47:667,98090,185267
1.14,09-20-2026 18:33:47:677,98087,185291
1.15,09-20-2026 18:33:47:687,98102,185321
1.16,09-20-2026 18:33:47:697,98108,185342
1.17,09-20-2026 18:33:47:707,98113,185402
1.18,09-20-2026 18:33:47:717,98101,185408
1.19,09-20-2026 18:33:47:727,98123,185477
1.2,09-20-2026 18:33:47:737,98118,185477
1.21,09-20-2026 18:33:47:747,98130,185249
1.22,09-20-2026 18:33:47:757,98136,185246
1.23,09-20-2026 18:33:47:767,98134,185240
1.24,09-20-2026 18:33:47:777,98138,185237
1.25,09-20-2026 18:33:47:787,98138,185234
1.26,09-20-2026 18:33:47:797,98159,185231
1.27,09-20-2026 18:33:47:807,98162,185225
1.28,09-20-2026 18:33:47:817,98169,185222
1.29,09-20-2026 18:33:47:827,98178,185219
1.3,09-20-2026 18:33:47:837,98169,185216
1.31,09-20-2026 18:33:47:847,98192,184663
1.32,09-20-2026 18:33:47:857,98180,184699
1.33,09-20-2026 18:33:47:867,98158,184711
1.34,09-20-2026 18:33:47:877,98122,184729
1.35,09-20-2026 18:33:47:887,98092,184765
1.36,09-20-2026 18:33:47:897,98058,184765
1.37,09-20-2026 18:33:47:907,98028,184805
1.38,09-20-2026 18:33:47:917,98020,184849
1.39,09-20-2026 18:33:47:927,97998,184845
1.4,09-20-2026 18:33:47:937,97984,184893
1.41,09-20-2026 18:33:47:947,97984,184917
1.42,09-20-2026 18:33:47:957,97975,184943
1.43,09-20-2026 18:33:47:967,97994,184965
1.44,09-20-2026 18:33:47:977,97978,185007
1.45,09-20-2026 18:33:47:987,97966,185017
1.46,09-20-2026 18:33:47:997,97969,185067
1.47,09-20-2026 18:33:48:007,97974,185089
1.48,09-20-2026 18:33:48:017,97955,185133
1.49,09-20-2026 18:33:48:027,97961,185141
1.5,09-20-2026 18:33:48:037,97954,185141
1.51,09-20-2026 18:33:48:047,97950,185216
1.52,09-20-2026 18:33:48:057,97954,185225
1.53,09-20-2026 18:33:48:067,97943,185267
1.54,09-20-2026 18:33:48:077,97949,185291
1.55,09-20-2026 18:33:48:087,97957,185321
1.56,09-20-2026 18:33:48:097,97952,185342
1.57,09-20-2026 18:33:48:107,97957,185402
1.58,09-20-2026 18:33:48:117,97951,185408
1.59,09-20-2026 18:33:48:127,97945,185477
1.6,09-20-2026 18:33:48:137,97951,185477
1.61,09-20-2026 18:33:48:147,97964,185551
1.62,09-20-2026 18:33:48:157,97944,185557
1.63,09-20-2026 18:33:48:167,97947,185629
1.64,09-20-2026 18:33:48:177,97965,185614
1.65,09-20-2026 18:33:48:187,97943,185725
1.66,09-20-2026 18:33:48:197,97937,185695
1.67,09-20-2026 18:33:48:207,97955,185779
1.68,09-20-2026 18:33:48:217,97944,185779
1.69,09-20-2026 18:33:48:227,97935,185902
1.7,09-20-2026 18:33:48:237,97939,185884
1.71,09-20-2026 18:33:48:247,97955,185935
1.72,09-20-2026 18:33:48:257,97945,185845
1.73,09-20-2026 18:33:48:267,97956,185765
1.74,09-20-2026 18:33:48:277,97970,185505
1.75,09-20-2026 18:33:48:287,97966,185345
1.76,09-20-2026 18:33:48:297,97966,185135
1.77,09-20-2026 18:33:48:307,97965,185035
1.78,09-20-2026 18:33:48:317,97974,184885
1.79,09-20-2026 18:33:48:327,97967,184805
1.8,09-20-2026 18:33:48:337,97973,184715
1.81,09-20-2026 18:33:48:347,97973,184701
1.82,09-20-2026 18:33:48:357,97992,184637
1.83,09-20-2026 18:33:48:367,98002,184651
1.84,09-20-2026 18:33:48:377,97997,184637
1.85,09-20-2026 18:33:48:387,98004,184633
1.86,09-20-2026 18:33:48:397,98022,184623
1.87,09-20-2026 18:33:48:407,97998,184599
1.88,09-20-2026 18:33:48:417,98004,184591
1.89,09-20-2026 18:33:48:427,98008,184547
1.9,09-20-2026 18:33:48:437,98011,184553
1.91,09-20-2026 18:33:48:447,98031,184540
1.92,09-20-2026 18:33:48:457,98032,184538
1.93,09-20-2026 18:33:48:467,98041,184509
1.94,09-20-2026 18:33:48:477,98037,184537
1.95,09-20-2026 18:33:48:487,98031,184528
1.96,09-20-2026 18:33:48:497,98050,184583
1.97,09-20-2026 18:33:48:507,98031,184570
1.98,09-20-2026 18:33:48:517,98055,184585
1.99,09-20-2026 18:33:48:527,98065,184569
2,09-20-2026 18:33:48:537,98052,184593
2.01,09-20-2026 18:33:48:547,98076,184570
2.02,09-20-2026 18:33:48:557,98077,184595
2.03,09-20-2026 18:33:48:567,98076,184570
2.04,09-20-2026 18:33:48:577,98091,184614
2.05,09-20-2026 18:33:48:587,98080,184580
2.06,09-20-2026 18:33:48:597,98089,184614
2.07,09-20-2026 18:33:48:607,98086,184575
2.08,09-20-2026 18:33:48:617,98096,184602
2.09,09-20-2026 18:33:48:627,98110,184589
2.1,09-20-2026 18:33:48:637,98105,184647
2.11,09-20-2026 18:33:48:647,98087,184616
2.12,09-20-2026 18:33:48:657,98049,184670
2.13,09-20-2026 18:33:48:667,98037,184652
2.14,09-20-2026 18:33:48:677,97993,184686
2.15,09-20-2026 18:33:48:687,97973,184704
2.16,09-20-2026 18:33:48:697,97945,184732
2.17,09-20-2026 18:33:48:707,97945,184746
2.18,09-20-2026 18:33:48:717,97917,184808
2.19,09-20-2026 18:33:48:727,97939,184816
2.2,09-20-2026 18:33:48:737,97895,184852
2.21,09-20-2026 18:33:48:747,97910,184861
2.22,09-20-2026 18:33:48:757,97865,184891
2.23,09-20-2026 18:33:48:767,97902,184921
2.24,09-20-2026 18:33:48:777,97863,184945
2.25,09-20-2026 18:33:48:787,97883,184984
2.26,09-20-2026 18:33:48:797,97861,185002
2.27,09-20-2026 18:33:48:807,97896,185035
2.28,09-20-2026 18:33:48:817,97855,185071
2.29,09-20-2026 18:33:48:827,97862,185119
2.3,09-20-2026 18:33:48:837,97837,185167
2.31,09-20-2026 18:33:48:847,97866,185176
2.32,09-20-2026 18:33:48:857,97818,185224
2.33,09-20-2026 18:33:48:867,97865,185245
2.34,09-20-2026 18:33:48:877,97855,185284
2.35,09-20-2026 18:33:48:887,97881,185299
2.36,09-20-2026 18:33:48:897,97847,185347
2.37,09-20-2026 18:33:48:907,97865,185368
2.38,09-20-2026 18:33:48:917,97861,185416
2.39,09-20-2026 18:33:48:927,97875,185461
2.4,09-20-2026 18:33:48:937,97850,185491
2.41,09-20-2026 18:33:48:947,97902,185534
2.42,09-20-2026 18:33:48:957,97870,185561
2.43,09-20-2026 18:33:48:967,97877,185603
2.44,09-20-2026 18:33:48:977,97858,185654
2.45,09-20-2026 18:33:48:987,97887,185690
2.46,09-20-2026 18:33:48:997,97855,185738
2.47,09-20-2026 18:33:49:007,97887,185786
2.48,09-20-2026 18:33:49:017,97880,185813
2.49,09-20-2026 18:33:49:027,97889,185825
2.5,09-20-2026 18:33:49:037,97902,185804
2.51,09-20-2026 18:33:49:047,97885,185656
2.52,09-20-2026 18:33:49:057,97897,185458
2.53,09-20-2026 18:33:49:067,97903,185260
2.54,09-20-2026 18:33:49:077,97909,185089
2.55,09-20-2026 18:33:49:087,97891,184936
2.56,09-20-2026 18:33:49:097,97901,184837
2.57,09-20-2026 18:33:49:107,97904,184702
2.58,09-20-2026 18:33:49:117,97908,184657
2.59,09-20-2026 18:33:49:127,97905,184594
2.6,09-20-2026 18:33:49:137,97935,184594
2.61,09-20-2026 18:33:49:147,97919,184526
2.62,09-20-2026 18:33:49:157,97935,184516
2.63,09-20-2026 18:33:49:167,97928,184506
2.64,09-20-2026 18:33:49:177,97960,184488
2.65,09-20-2026 18:33:49:187,97925,184480
2.66,09-20-2026 18:33:49:197,97952,184454
2.67,09-20-2026 18:33:49:207,97923,184466
2.68,09-20-2026 18:33:49:217,97967,184436
2.69,09-20-2026 18:33:49:227,97926,184418
2.7,09-20-2026 18:33:49:237,97983,184398
2.71,09-20-2026 18:33:49:247,97942,184398
2.72,09-20-2026 18:33:49:257,97967,184399
2.73,09-20-2026 18:33:49:267,97946,184413
2.74,09-20-2026 18:33:49:277,97968,184427
2.75,09-20-2026 18:33:49:287,97968,184428
2.76,09-20-2026 18:33:49:297,97971,184461
2.77,09-20-2026 18:33:49:307,97944,184446
2.78,09-20-2026 18:33:49:317,97982,184467
2.79,09-20-2026 18:33:49:327,97973,184446
2.8,09-20-2026 18:33:49:337,98002,184452
2.81,09-20-2026 18:33:49:347,97995,184465
2.82,09-20-2026 18:33:49:357,98005,184446
2.83,09-20-2026 18:33:49:367,97995,184459
2.84,09-20-2026 18:33:49:377,98013,184471
2.85,09-20-2026 18:33:49:387,98015,184457
2.86,09-20-2026 18:33:49:397,97989,184496
2.87,09-20-2026 18:33:49:407,97963,184500
2.88,09-20-2026 18:33:49:417,97953,184481
2.89,09-20-2026 18:33:49:427,97935,184506
2.9,09-20-2026 18:33:49:437,97885,184533
2.91,09-20-2026 18:33:49:447,97881,184553
2.92,09-20-2026 18:33:49:457,97844,184573
2.93,09-20-2026 18:33:49:467,97830,184595
2.94,09-20-2026 18:33:49:477,97845,184619
2.95,09-20-2026 18:33:49:487,97823,184621
2.96,09-20-2026 18:33:49:497,97830,184659
2.97,09-20-2026 18:33:49:507,97820,184671
2.98,09-20-2026 18:33:49:517,97827,184705
2.99,09-20-2026 18:33:49:527,97824,184723
3,09-20-2026 18:33:49:537,97818,184737
3.01,09-20-2026 18:33:49:547,97811,184768
3.02,09-20-2026 18:33:49:557,97804,184801
3.03,09-20-2026 18:33:49:567,97823,184822
3.04,09-20-2026 18:33:49:577,97800,184864
3.05,09-20-2026 18:33:49:587,97804,184888
3.06,09-20-2026 18:33:49:597,97806,184930
3.07,09-20-2026 18:33:49:607,97802,184957
3.08,09-20-2026 18:33:49:617,97806,184993
3.09,09-20-2026 18:33:49:627,97810,184996
3.1,09-20-2026 18:33:49:637,97811,185041
3.11,09-20-2026 18:33:49:647,97807,185060
3.12,09-20-2026 18:33:49:657,97811,185108
3.13,09-20-2026 18:33:49:667,97807,185132
3.14,09-20-2026 18:33:49:677,97816,185135
3.15,09-20-2026 18:33:49:687,97813,185210
3.16,09-20-2026 18:33:49:697,97810,185213
3.17,09-20-2026 18:33:49:707,97799,185240
3.18,09-20-2026 18:33:49:717,97816,185288
3.19,09-20-2026 18:33:49:727,97802,185303
3.2,09-20-2026 18:33:49:737,97814,185357
3.21,09-20-2026 18:33:49:747,97807,185378
3.22,09-20-2026 18:33:49:757,97804,185432
3.23,09-20-2026 18:33:49:767,97827,185480
3.24,09-20-2026 18:33:49:777,97813,185492
3.25,09-20-2026 18:33:49:787,97795,185510
3.26,09-20-2026 18:33:49:797,97814,185420
3.27,09-20-2026 18:33:49:807,97820,185264
3.28,09-20-2026 18:33:49:817,97826,185126
3.29,09-20-2026 18:33:49:827,97814,184934
3.3,09-20-2026 18:33:49:837,97817,184784
3.31,09-20-2026 18:33:49:847,97839,184659
3.32,09-20-2026 18:33:49:857,97818,184551
3.33,09-20-2026 18:33:49:867,97817,184467
3.34,09-20-2026 18:33:49:877,97834,184425
3.35,09-20-2026 18:33:49:887,97845,184389
3.36,09-20-2026 18:33:49:897,97827,184350
3.37,09-20-2026 18:33:49:907,97841,184353
3.38,09-20-2026 18:33:49:917,97839,184359
3.39,09-20-2026 18:33:49:927,97856,184323
3.4,09-20-2026 18:33:49:937,97853,184341
3.41,09-20-2026 18:33:49:947,97839,184299
3.42,09-20-2026 18:33:49:957,97865,184335
3.43,09-20-2026 18:33:49:967,97855,184273
3.44,09-20-2026 18:33:49:977,97886,184318
3.45,09-20-2026 18:33:49:987,97867,184263
3.46,09-20-2026 18:33:49:997,97870,184279
3.47,09-20-2026 18:33:50:007,97880,184249
3.48,09-20-2026 18:33:50:017,97875,184304
3.49,09-20-2026 18:33:50:027,97892,184286
3.5,09-20-2026 18:33:50:037,97896,184355
3.51,09-20-2026 18:33:50:047,97892,184323
3.52,09-20-2026 18:33:50:057,97901,184349
3.53,09-20-2026 18:33:50:067,97898,184318
3.54,09-20-2026 18:33:50:077,97917,184368
3.55,09-20-2026 18:33:50:087,97913,184283
3.56,09-20-2026 18:33:50:097,97910,184348
3.57,09-20-2026 18:33:50:107,97925,184290
3.58,09-20-2026 18:33:50:117,97918,184331
3.59,09-20-2026 18:33:50:127,97928,184315
3.6,09-20-2026 18:33:50:137,97916,184358
3.61,09-20-2026 18:33:50:147,97945,184329
3.62,09-20-2026 18:33:50:157,97927,184387
3.63,09-20-2026 18:33:50:167,97907,184355
3.64,09-20-2026 18:33:50:177,97881,184421
3.65,09-20-2026 18:33:50:187,97827,184397
3.66,09-20-2026 18:33:50:197,97833,184435
3.67,09-20-2026 18:33:50:207,97805,184451
3.68,09-20-2026 18:33:50:217,97797,184501
3.69,09-20-2026 18:33:50:227,97783,184525
3.7,09-20-2026 18:33:50:237,97767,184537
3.71,09-20-2026 18:33:50:247,97774,184578
3.72,09-20-2026 18:33:50:257,97773,184592
3.73,09-20-2026 18:33:50:267,97758,184606
3.74,09-20-2026 18:33:50:277,97754,184628
3.75,09-20-2026 18:33:50:287,97755,184652
3.76,09-20-2026 18:33:50:297,97758,184680
3.77,09-20-2026 18:33:50:307,97771,184728
3.78,09-20-2026 18:33:50:317,97759,184720
3.79,09-20-2026 18:33:50:327,97759,184768
3.8,09-20-2026 18:33:50:337,97735,184778
3.81,09-20-2026 18:33:50:347,97741,184831
3.82,09-20-2026 18:33:50:357,97744,184831
3.83,09-20-2026 18:33:50:367,97739,184905
3.84,09-20-2026 18:33:50:377,97761,184901
3.85,09-20-2026 18:33:50:387,97755,184945
3.86,09-20-2026 18:33:50:397,97757,184961
3.87,09-20-2026 18:33:50:407,97745,185013
3.88,09-20-2026 18:33:50:417,97742,185017
3.89,09-20-2026 18:33:50:427,97733,185081
3.9,09-20-2026 18:33:50:437,97748,185057
3.91,09-20-2026 18:33:50:447,97738,185129
3.92,09-20-2026 18:33:50:457,97749,185126
3.93,09-20-2026 18:33:50:467,97730,185201
3.94,09-20-2026 18:33:50:477,97735,185198
3.95,09-20-2026 18:33:50:487,97735,185267
3.96,09-20-2026 18:33:50:497,97754,185261
3.97,09-20-2026 18:33:50:507,97711,185312
3.98,09-20-2026 18:33:50:517,97742,185345
3.99,09-20-2026 18:33:50:527,97731,185396
4,09-20-2026 18:33:50:537,97737,185417
4.01,09-20-2026 18:33:50:547,97751,185426
4.02,09-20-2026 18:33:50:557,97744,185309
4.03,09-20-2026 18:33:50:567,97746,185183
4.04,09-20-2026 18:33:50:577,97766,184994
4.05,09-20-2026 18:33:50:587,97739,184823
4.06,09-20-2026 18:33:50:597,97774,184670
4.07,09-20-2026 18:33:50:607,97746,184571
4.08,09-20-2026 18:33:50:617,97775,184490
4.09,09-20-2026 18:33:50:627,97758,184418
4.1,09-20-2026 18:33:50:637,97798,184373
4.11,09-20-2026 18:33:50:647,97749,184333
4.12,09-20-2026 18:33:50:657,97790,184312
4.13,09-20-2026 18:33:50:667,97747,184315
4.14,09-20-2026 18:33:50:677,97790,184308
4.15,09-20-2026 18:33:50:687,97753,184302
4.16,09-20-2026 18:33:50:697,97793,184283
4.17,09-20-2026 18:33:50:707,97763,184269
4.18,09-20-2026 18:33:50:717,97812,184259
4.19,09-20-2026 18:33:50:727,97756,184240
4.2,09-20-2026 18:33:50:737,97840,184212
4.21,09-20-2026 18:33:50:747,97763,184225
4.22,09-20-2026 18:33:50:757,97819,184218
4.23,09-20-2026 18:33:50:767,97796,184234
4.24,09-20-2026 18:33:50:777,97821,184242
4.25,09-20-2026 18:33:50:787,97807,184266
4.26,09-20-2026 18:33:50:797,97854,184296
4.27,09-20-2026 18:33:50:807,97812,184296
4.28,09-20-2026 18:33:50:817,97851,184291
4.29,09-20-2026 18:33:50:827,97846,184289
4.3,09-20-2026 18:33:50:837,97857,184296
4.31,09-20-2026 18:33:50:847,97835,184292
4.32,09-20-2026 18:33:50:857,97857,184287
4.33,09-20-2026 18:33:50:867,97880,184290
4.34,09-20-2026 18:33:50:877,97874,184286
4.35,09-20-2026 18:33:50:887,97871,184306
4.36,09-20-2026 18:33:50:897,97854,184282
4.37,09-20-2026 18:33:50:907,97887,184304
4.38,09-20-2026 18:33:50:917,97857,184318
4.39,09-20-2026 18:33:50:927,97841,184334
4.4,09-20-2026 18:33:50:937,97830,184335
4.41,09-20-2026 18:33:50:947,97810,184366
4.42,09-20-2026 18:33:50:957,97770,184384
4.43,09-20-2026 18:33:50:967,97769,184390
4.44,09-20-2026 18:33:50:977,97726,184432
4.45,09-20-2026 18:33:50:987,97754,184464
4.46,09-20-2026 18:33:50:997,97718,184478
4.47,09-20-2026 18:33:51:007,97749,184490
4.48,09-20-2026 18:33:51:017,97722,184526
4.49,09-20-2026 18:33:51:027,97748,184552
4.5,09-20-2026 18:33:51:037,97707,184578
4.51,09-20-2026 18:33:51:047,97759,184599
4.52,09-20-2026 18:33:51:057,97717,184617
4.53,09-20-2026 18:33:51:067,97740,184651
4.54,09-20-2026 18:33:51:077,97697,184679
4.55,09-20-2026 18:33:51:087,97739,184703
4.56,09-20-2026 18:33:51:097,97705,184719
4.57,09-20-2026 18:33:51:107,97724,184741
4.58,09-20-2026 18:33:51:117,97707,184775
4.59,09-20-2026 18:33:51:127,97753,184799
4.6,09-20-2026 18:33:51:137,97706,184841
4.61,09-20-2026 18:33:51:147,97720,184863
4.62,09-20-2026 18:33:51:157,97699,184891
4.63,09-20-2026 18:33:51:167,97742,184897
4.64,09-20-2026 18:33:51:177,97709,184927
4.65,09-20-2026 18:33:51:187,97725,184949
4.66,09-20-2026 18:33:51:197,97701,184983
4.67,09-20-2026 18:33:51:207,97731,185027
4.68,09-20-2026 18:33:51:217,97687,185057
4.69,09-20-2026 18:33:51:227,97710,185081
4.7,09-20-2026 18:33:51:237,97692,185099
4.71,09-20-2026 18:33:51:247,97690,185139
4.72,09-20-2026 18:33:51:257,97694,185167
4.73,09-20-2026 18:33:51:267,97685,185191
4.74,09-20-2026 18:33:51:277,97694,185255
4.75,09-20-2026 18:33:51:287,97706,185287
4.76,09-20-2026 18:33:51:297,97681,185275
4.77,09-20-2026 18:33:51:307,97719,185291
4.78,09-20-2026 18:33:51:317,97688,185215
4.79,09-20-2026 18:33:51:327,97696,185051
4.8,09-20-2026 18:33:51:337,97696,184903
4.81,09-20-2026 18:33:51:347,97689,184744
4.82,09-20-2026 18:33:51:357,97709,184624
4.83,09-20-2026 18:33:51:367,97705,184504
4.84,09-20-2026 18:33:51:377,97719,184432
4.85,09-20-2026 18:33:51:387,97719,184364
4.86,09-20-2026 18:33:51:397,97712,184336
4.87,09-20-2026 18:33:51:407,97724,184324
4.88,09-20-2026 18:33:51:417,97708,184288
4.89,09-20-2026 18:33:51:427,97722,184288
4.9,09-20-2026 18:33:51:437,97730,184268
4.91,09-20-2026 18:33:51:447,97729,184237
4.92,09-20-2026 18:33:51:457,97719,184243
4.93,09-20-2026 18:33:51:467,97734,184225
4.94,09-20-2026 18:33:51:477,97735,184216
4.95,09-20-2026 18:33:51:487,97737,184215
4.96,09-20-2026 18:33:51:497,97739,184174
4.97,09-20-2026 18:33:51:507,97736,184164
4.98,09-20-2026 18:33:51:517,97743,184171
4.99,09-20-2026 18:33:51:527,97744,184165
5,09-20-2026 18:33:51:537,97750,184196
5.01,09-20-2026 18:33:51:547,97763,184207
5.02,09-20-2026 18:33:51:557,97761,184203
5.03,09-20-2026 18:33:51:567,97758,184210
5.04,09-20-2026 18:33:51:577,97752,184224
5.05,09-20-2026 18:33:51:587,97754,184206
5.06,09-20-2026 18:33:51:597,97771,184210
5.07,09-20-2026 18:33:51:607,97766,184197
5.08,09-20-2026 18:33:51:617,97783,184192
5.09,09-20-2026 18:33:51:627,97769,184190
5.1,09-20-2026 18:33:51:637,97786,184195
5.11,09-20-2026 18:33:51:647,97784,184196
5.12,09-20-2026 18:33:51:657,97778,184201
5.13,09-20-2026 18:33:51:667,97754,184200
5.14,09-20-2026 18:33:51:677,97732,184214
5.15,09-20-2026 18:33:51:687,97702,184212
5.16,09-20-2026 18:33:51:697,97682,184224
5.17,09-20-2026 18:33:51:707,97666,184268
5.18,09-20-2026 18:33:51:717,97664,184258
5.19,09-20-2026 18:33:51:727,97644,184282
5.2,09-20-2026 18:33:51:737,97644,184292
5.21,09-20-2026 18:33:51:747,97636,184307
5.22,09-20-2026 18:33:51:757,97634,184307
5.23,09-20-2026 18:33:51:767,97644,184351
5.24,09-20-2026 18:33:51:777,97643,184335
5.25,09-20-2026 18:33:51:787,97621,184381
5.26,09-20-2026 18:33:51:797,97629,184375
5.27,09-20-2026 18:33:51:807,97637,184427
5.28,09-20-2026 18:33:51:817,97622,184389
5.29,09-20-2026 18:33:51:827,97614,184445
5.3,09-20-2026 18:33:51:837,97614,184437
5.31,09-20-2026 18:33:51:847,97612,184489
5.32,09-20-2026 18:33:51:857,97610,184491
5.33,09-20-2026 18:33:51:867,97619,184549
5.34,09-20-2026 18:33:51:877,97608,184527
5.35,09-20-2026 18:33:51:887,97623,184585
5.36,09-20-2026 18:33:51:897,97625,184559
5.37,09-20-2026 18:33:51:907,97621,184599
5.38,09-20-2026 18:33:51:917,97628,184585
5.39,09-20-2026 18:33:51:927,97611,184647
5.4,09-20-2026 18:33:51:937,97614,184615
5.41,09-20-2026 18:33:51:947,97622,184695
5.42,09-20-2026 18:33:51:957,97611,184691
5.43,09-20-2026 18:33:51:967,97619,184745
5.44,09-20-2026 18:33:51:977,97597,184725
5.45,09-20-2026 18:33:51:987,97628,184785
5.46,09-20-2026 18:33:51:997,97625,184793
5.47,09-20-2026 18:33:52:007,97627,184869
5.48,09-20-2026 18:33:52:017,97598,184859
5.49,09-20-2026 18:33:52:027,97609,184909
5.5,09-20-2026 18:33:52:037,97613,184901
5.51,09-20-2026 18:33:52:047,97619,184892
5.52,09-20-2026 18:33:52:057,97606,184801
5.53,09-20-2026 18:33:52:067,97612,184675
5.54,09-20-2026 18:33:52:077,97626,184535
5.55,09-20-2026 18:33:52:087,97622,184444
5.56,09-20-2026 18:33:52:097,97619,184304
5.57,09-20-2026 18:33:52:107,97630,184206
5.58,09-20-2026 18:33:52:117,97607,184150
5.59,09-20-2026 18:33:52:127,97619,184115
5.6,09-20-2026 18:33:52:137,97621,184087
5.61,09-20-2026 18:33:52:147,97641,184060
5.62,09-20-2026 18:33:52:157,97638,184054
5.63,09-20-2026 18:33:52:167,97634,184034
5.64,09-20-2026 18:33:52:177,97640,184020
5.65,09-20-2026 18:33:52:187,97648,184008
5.66,09-20-2026 18:33:52:197,97649,184004
5.67,09-20-2026 18:33:52:207,97658,183970
5.68,09-20-2026 18:33:52:217,97649,183978
5.69,09-20-2026 18:33:52:227,97651,183928
5.7,09-20-2026 18:33:52:237,97654,183950
5.71,09-20-2026 18:33:52:247,97661,183915
5.72,09-20-2026 18:33:52:257,97659,183929
5.73,09-20-2026 18:33:52:267,97656,183920
5.74,09-20-2026 18:33:52:277,97659,183959
5.75,09-20-2026 18:33:52:287,97663,183954
5.76,09-20-2026 18:33:52:297,97677,183991
5.77,09-20-2026 18:33:52:307,97670,183960
5.78,09-20-2026 18:33:52:317,97662,183991
5.79,09-20-2026 18:33:52:327,97676,183959
5.8,09-20-2026 18:33:52:337,97672,183984
5.81,09-20-2026 18:33:52:347,97694,183939
5.82,09-20-2026 18:33:52:357,97692,183980
5.83,09-20-2026 18:33:52:367,97678,183937
5.84,09-20-2026 18:33:52:377,97704,183989
5.85,09-20-2026 18:33:52:387,97705,183943
5.86,09-20-2026 18:33:52:397,97700,183995
5.87,09-20-2026 18:33:52:407,97697,183946
5.88,09-20-2026 18:33:52:417,97676,183994
5.89,09-20-2026 18:33:52:427,97675,183967
5.9,09-20-2026 18:33:52:437,97645,184000
5.91,09-20-2026 18:33:52:447,97640,183996
5.92,09-20-2026 18:33:52:457,97605,184048
5.93,09-20-2026 18:33:52:467,97611,184036
5.94,09-20-2026 18:33:52:477,97580,184060
5.95,09-20-2026 18:33:52:487,97574,184056
5.96,09-20-2026 18:33:52:497,97561,184108
5.97,09-20-2026 18:33:52:507,97587,184086
5.98,09-20-2026 18:33:52:517,97546,184086
5.99,09-20-2026 18:33:52:527,97563,184134
6,09-20-2026 18:33:52:537,97547,184134
6.01,09-20-2026 18:33:52:547,97554,184162
6.02,09-20-2026 18:33:52:557,97533,184182
6.03,09-20-2026 18:33:52:567,97539,184210
6.04,09-20-2026 18:33:52:577,97497,184222
6.05,09-20-2026 18:33:52:587,97547,184256
6.06,09-20-2026 18:33:52:597,97513,184266
6.07,09-20-2026 18:33:52:607,97539,184268
6.08,09-20-2026 18:33:52:617,97486,184310
6.09,09-20-2026 18:33:52:627,97533,184322
6.1,09-20-2026 18:33:52:637,97515,184358
6.11,09-20-2026 18:33:52:647,97553,184360
6.12,09-20-2026 18:33:52:657,97511,184382
6.13,09-20-2026 18:33:52:667,97539,184416
6.14,09-20-2026 18:33:52:677,97519,184422
6.15,09-20-2026 18:33:52:687,97548,184442
6.16,09-20-2026 18:33:52:697,97524,184484
6.17,09-20-2026 18:33:52:707,97548,184500
6.18,09-20-2026 18:33:52:717,97538,184520
6.19,09-20-2026 18:33:52:727,97539,184538
6.2,09-20-2026 18:33:52:737,97517,184586
6.21,09-20-2026 18:33:52:747,97547,184599
6.22,09-20-2026 18:33:52:757,97528,184641
6.23,09-20-2026 18:33:52:767,97535,184653
6.24,09-20-2026 18:33:52:777,97534,184704
6.25,09-20-2026 18:33:52:787,97541,184728
6.26,09-20-2026 18:33:52:797,97535,184749
6.27,09-20-2026 18:33:52:807,97546,184731
6.28,09-20-2026 18:33:52:817,97553,184662
6.29,09-20-2026 18:33:52:827,97541,184530
6.3,09-20-2026 18:33:52:837,97545,184404
6.31,09-20-2026 18:33:52:847,97535,184287
6.32,09-20-2026 18:33:52:857,97556,184155
6.33,09-20-2026 18:33:52:867,97542,184059
6.34,09-20-2026 18:33:52:877,97558,183967
6.35,09-20-2026 18:33:52:887,97558,183931
6.36,09-20-2026 18:33:52:897,97569,183903
6.37,09-20-2026 18:33:52:907,97555,183859
6.38,09-20-2026 18:33:52:917,97588,183863
6.39,09-20-2026 18:33:52:927,97555,183823
6.4,09-20-2026 18:33:52:937,97586,183819
6.41,09-20-2026 18:33:52:947,97559,183802
6.42,09-20-2026 18:33:52:957,97596,183806
6.43,09-20-2026 18:33:52:967,97585,183777
6.44,09-20-2026 18:33:52:977,97596,183763
6.45,09-20-2026 18:33:52:987,97592,183738
6.46,09-20-2026 18:33:52:997,97622,183706
6.47,09-20-2026 18:33:53:007,97563,183696
6.48,09-20-2026 18:33:53:017,97612,183688
6.49,09-20-2026 18:33:53:027,97602,183704
6.5,09-20-2026 18:33:53:037,97607,183715
6.51,09-20-2026 18:33:53:047,97590,183739
6.52,09-20-2026 18:33:53:057,97617,183729
6.53,09-20-2026 18:33:53:067,97601,183747
6.54,09-20-2026 18:33:53:077,97600,183748
6.55,09-20-2026 18:33:53:087,97581,183744
6.56,09-20-2026 18:33:53:097,97634,183734
6.57,09-20-2026 18:33:53:107,97608,183711
6.58,09-20-2026 18:33:53:117,97620,183718
6.59,09-20-2026 18:33:53:127,97598,183717
6.6,09-20-2026 18:33:53:137,97642,183721
6.61,09-20-2026 18:33:53:147,97613,183700
6.62,09-20-2026 18:33:53:157,97621,183694
6.63,09-20-2026 18:33:53:167,97622,183715
6.64,09-20-2026 18:33:53:177,97630,183708
6.65,09-20-2026 18:33:53:187,97628,183723
6.66,09-20-2026 18:33:53:197,97645,183727
6.67,09-20-2026 18:33:53:207,97638,183737
6.68,09-20-2026 18:33:53:217,97628,183714
6.69,09-20-2026 18:33:53:227,97620,183747
6.7,09-20-2026 18:33:53:237,97615,183774
6.71,09-20-2026 18:33:53:247,97583,183774
6.72,09-20-2026 18:33:53:257,97561,183788
6.73,09-20-2026 18:33:53:267,97545,183800
6.74,09-20-2026 18:33:53:277,97553,183828
6.75,09-20-2026 18:33:53:287,97526,183864
6.76,09-20-2026 18:33:53:297,97531,183864
6.77,09-20-2026 18:33:53:307,97524,183910
6.78,09-20-2026 18:33:53:317,97520,183888
6.79,09-20-2026 18:33:53:327,97502,183928
6.8,09-20-2026 18:33:53:337,97493,183934
6.81,09-20-2026 18:33:53:347,97503,183948
6.82,09-20-2026 18:33:53:357,97503,183980
6.83,09-20-2026 18:33:53:367,97503,184008
6.84,09-20-2026 18:33:53:377,97490,184024
6.85,09-20-2026 18:33:53:387,97474,184042
6.86,09-20-2026 18:33:53:397,97484,184064
6.87,09-20-2026 18:33:53:407,97471,184076
6.88,09-20-2026 18:33:53:417,97474,184106
6.89,09-20-2026 18:33:53:427,97464,184120
6.9,09-20-2026 18:33:53:437,97485,184132
6.91,09-20-2026 18:33:53:447,97486,184158
6.92,09-20-2026 18:33:53:457,97475,184168
6.93,09-20-2026 18:33:53:467,97473,184184
6.94,09-20-2026 18:33:53:477,97480,184210
6.95,09-20-2026 18:33:53:487,97477,184218
6.96,09-20-2026 18:33:53:497,97459,184256
6.97,09-20-2026 18:33:53:507,97478,184262
6.98,09-20-2026 18:33:53:517,97456,184296
6.99,09-20-2026 18:33:53:527,97477,184324
7,09-20-2026 18:33:53:537,97472,184358
7.01,09-20-2026 18:33:53:547,97462,184385
7.02,09-20-2026 18:33:53:557,97462,184419
7.03,09-20-2026 18:33:53:567,97469,184433
7.04,09-20-2026 18:33:53:577,97464,184489
7.05,09-20-2026 18:33:53:587,97462,184497
7.06,09-20-2026 18:33:53:597,97464,184529
7.07,09-20-2026 18:33:53:607,97468,184525
7.08,09-20-2026 18:33:53:617,97458,184503
7.09,09-20-2026 18:33:53:627,97471,184405
7.1,09-20-2026 18:33:53:637,97461,184303
7.11,09-20-2026 18:33:53:647,97478,184141
7.12,09-20-2026 18:33:53:657,97458,184057
7.13,09-20-2026 18:33:53:667,97450,183917
7.14,09-20-2026 18:33:53:677,97476,183845
7.15,09-20-2026 18:33:53:687,97480,183789
7.16,09-20-2026 18:33:53:697,97467,183749
7.17,09-20-2026 18:33:53:707,97477,183709
7.18,09-20-2026 18:33:53:717,97468,183701
7.19,09-20-2026 18:33:53:727,97481,183665
7.2,09-20-2026 18:33:53:737,97475,183689
7.21,09-20-2026 18:33:53:747,97491,183640
7.22,09-20-2026 18:33:53:757,97484,183656
7.23,09-20-2026 18:33:53:767,97496,183570
7.24,09-20-2026 18:33:53:777,97492,183610
7.25,09-20-2026 18:33:53:787,97497,183558
7.26,09-20-2026 18:33:53:797,97480,183542
7.27,09-20-2026 18:33:53:807,97507,183518
7.28,09-20-2026 18:33:53:817,97497,183544
7.29,09-20-2026 18:33:53:827,97490,183472
7.3,09-20-2026 18:33:53:837,97496,183534
7.31,09-20-2026 18:33:53:847,97504,183506
7.32,09-20-2026 18:33:53:857,97511,183567
7.33,09-20-2026 18:33:53:867,97505,183508
7.34,09-20-2026 18:33:53:877,97501,183569
7.35,09-20-2026 18:33:53:887,97516,183511
7.36,09-20-2026 18:33:53:897,97529,183554
7.37,09-20-2026 18:33:53:907,97519,183497
7.38,09-20-2026 18:33:53:917,97548,183554
7.39,09-20-2026 18:33:53:927,97527,183497
7.4,09-20-2026 18:33:53:937,97517,183527
7.41,09-20-2026 18:33:53:947,97529,183489
7.42,09-20-2026 18:33:53:957,97529,183506
7.43,09-20-2026 18:33:53:967,97529,183492
7.44,09-20-2026 18:33:53:977,97542,183536
7.45,09-20-2026 18:33:53:987,97548,183511
7.46,09-20-2026 18:33:53:997,97547,183541
7.47,09-20-2026 18:33:54:007,97546,183533
7.48,09-20-2026 18:33:54:017,97548,183547
7.49,09-20-2026 18:33:54:027,97526,183565
7.5,09-20-2026 18:33:54:037,97518,183585
7.51,09-20-2026 18:33:54:047,97499,183608
7.52,09-20-2026 18:33:54:057,97476,183610
7.53,09-20-2026 18:33:54:067,97459,183620
7.54,09-20-2026 18:33:54:077,97451,183636
7.55,09-20-2026 18:33:54:087,97434,183656
7.56,09-20-2026 18:33:54:097,97434,183654
7.57,09-20-2026 18:33:54:107,97431,183702
7.58,09-20-2026 18:33:54:117,97428,183700
7.59,09-20-2026 18:33:54:127,97421,183750
7.6,09-20-2026 18:33:54:137,97422,183728
7.61,09-20-2026 18:33:54:147,97419,183783
7.62,09-20-2026 18:33:54:157,97415,183775
7.63,09-20-2026 18:33:54:167,97416,183837
7.64,09-20-2026 18:33:54:177,97403,183823
7.65,09-20-2026 18:33:54:187,97389,183865
7.66,09-20-2026 18:33:54:197,97410,183867
7.67,09-20-2026 18:33:54:207,97391,183903
7.68,09-20-2026 18:33:54:217,97383,183883
7.69,09-20-2026 18:33:54:227,97377,183929
7.7,09-20-2026 18:33:54:237,97403,183921
7.71,09-20-2026 18:33:54:247,97390,183978
7.72,09-20-2026 18:33:54:257,97390,183954
7.73,09-20-2026 18:33:54:267,97373,184022
7.74,09-20-2026 18:33:54:277,97373,183990
7.75,09-20-2026 18:33:54:287,97373,184048
7.76,09-20-2026 18:33:54:297,97383,184044
7.77,09-20-2026 18:33:54:307,97373,184060
7.78,09-20-2026 18:33:54:317,97393,184072
7.79,09-20-2026 18:33:54:327,97356,184122
7.8,09-20-2026 18:33:54:337,97393,184134
7.81,09-20-2026 18:33:54:347,97378,184164
7.82,09-20-2026 18:33:54:357,97383,184168
7.83,09-20-2026 18:33:54:367,97368,184234
7.84,09-20-2026 18:33:54:377,97393,184248
7.85,09-20-2026 18:33:54:387,97339,184306
7.86,09-20-2026 18:33:54:397,97375,184294
7.87,09-20-2026 18:33:54:407,97348,184302
7.88,09-20-2026 18:33:54:417,97381,184262
7.89,09-20-2026 18:33:54:427,97356,184174
7.9,09-20-2026 18:33:54:437,97399,184070
7.91,09-20-2026 18:33:54:447,97347,183923
7.92,09-20-2026 18:33:54:457,97413,183843
7.93,09-20-2026 18:33:54:467,97353,183727
7.94,09-20-2026 18:33:54:477,97397,183659
7.95,09-20-2026 18:33:54:487,97327,183599
7.96,09-20-2026 18:33:54:497,97395,183563
7.97,09-20-2026 18:33:54:507,97338,183523
7.98,09-20-2026 18:33:54:517,97405,183499
7.99,09-20-2026 18:33:54:527,97346,183503
8,09-20-2026 18:33:54:537,97406,183483
8.01,09-20-2026 18:33:54:547,97379,183460
8.02,09-20-2026 18:33:54:557,97415,183434
8.03,09-20-2026 18:33:54:567,97397,183432
8.04,09-20-2026 18:33:54:577,97408,183394
8.05,09-20-2026 18:33:54:587,97388,183374
8.06,09-20-2026 18:33:54:597,97431,183336
8.07,09-20-2026 18:33:54:607,97382,183322
8.08,09-20-2026 18:33:54:617,97422,183312
8.09,09-20-2026 18:33:54:627,97408,183308
8.1,09-20-2026 18:33:54:637,97428,183306
8.11,09-20-2026 18:33:54:647,97418,183329
8.12,09-20-2026 18:33:54:657,97415,183345
8.13,09-20-2026 18:33:54:667,97418,183335
8.14,09-20-2026 18:33:54:677,97427,183350
8.15,09-20-2026 18:33:54:687,97439,183331
8.16,09-20-2026 18:33:54:697,97425,183334
8.17,09-20-2026 18:33:54:707,97461,183346
8.18,09-20-2026 18:33:54:717,97437,183344
8.19,09-20-2026 18:33:54:727,97456,183330
8.2,09-20-2026 18:33:54:737,97452,183354
8.21,09-20-2026 18:33:54:747,97455,183336
8.22,09-20-2026 18:33:54:757,97446,183330
8.23,09-20-2026 18:33:54:767,97481,183330
8.24,09-20-2026 18:33:54:777,97451,183355
8.25,09-20-2026 18:33:54:787,97475,183345
8.26,09-20-2026 18:33:54:797,97469,183357
8.27,09-20-2026 18:33:54:807,97492,183378
8.28,09-20-2026 18:33:54:817,97469,183395
8.29,09-20-2026 18:33:54:827,97497,183384
8.3,09-20-2026 18:33:54:837,97475,183416
8.31,09-20-2026 18:33:54:847,97514,183429
8.32,09-20-2026 18:33:54:857,97460,183441
8.33,09-20-2026 18:33:54:867,97460,183435
8.34,09-20-2026 18:33:54:877,97410,183459
8.35,09-20-2026 18:33:54:887,97436,183479
8.36,09-20-2026 18:33:54:897,97390,183521
8.37,09-20-2026 18:33:54:907,97422,183519
8.38,09-20-2026 18:33:54:917,97380,183527
8.39,09-20-2026 18:33:54:927,97402,183537
8.4,09-20-2026 18:33:54:937,97366,183567
8.41,09-20-2026 18:33:54:947,97383,183584
8.42,09-20-2026 18:33:54:957,97346,183608
8.43,09-20-2026 18:33:54:967,97372,183622
8.44,09-20-2026 18:33:54:977,97337,183652
8.45,09-20-2026 18:33:54:987,97366,183664
8.46,09-20-2026 18:33:54:997,97324,183678
8.47,09-20-2026 18:33:55:007,97355,183692
8.48,09-20-2026 18:33:55:017,97328,183698
8.49,09-20-2026 18:33:55:027,97329,183734
8.5,09-20-2026 18:33:55:037,97317,183756
8.51,09-20-2026 18:33:55:047,97320,183762
8.52,09-20-2026 18:33:55:057,97330,183786
8.53,09-20-2026 18:33:55:067,97309,183772
8.54,09-20-2026 18:33:55:077,97308,183786
8.55,09-20-2026 18:33:55:087,97315,183808
8.56,09-20-2026 18:33:55:097,97326,183840
8.57,09-20-2026 18:33:55:107,97332,183852
8.58,09-20-2026 18:33:55:117,97314,183888
8.59,09-20-2026 18:33:55:127,97323,183920
8.6,09-20-2026 18:33:55:137,97320,183938
8.61,09-20-2026 18:33:55:147,97319,183981
8.62,09-20-2026 18:33:55:157,97299,184011
8.63,09-20-2026 18:33:55:167,97318,184035
8.64,09-20-2026 18:33:55:177,97313,184059
8.65,09-20-2026 18:33:55:187,97316,184091
8.66,09-20-2026 18:33:55:197,97324,184119
8.67,09-20-2026 18:33:55:207,97315,184149
8.68,09-20-2026 18:33:55:217,97313,184153
8.69,09-20-2026 18:33:55:227,97296,184173
8.7,09-20-2026 18:33:55:237,97312,184179
8.71,09-20-2026 18:33:55:247,97347,184097
8.72,09-20-2026 18:33:55:257,97334,184007
8.73,09-20-2026 18:33:55:267,97323,183875
8.74,09-20-2026 18:33:55:277,97335,183779
8.75,09-20-2026 18:33:55:287,97324,183659
8.76,09-20-2026 18:33:55:297,97322,183599
8.77,09-20-2026 18:33:55:307,97329,183521
8.78,09-20-2026 18:33:55:317,97323,183473
8.79,09-20-2026 18:33:55:327,97324,183449
8.8,09-20-2026 18:33:55:337,97338,183419
8.81,09-20-2026 18:33:55:347,97334,183434
8.82,09-20-2026 18:33:55:357,97350,183390
8.83,09-20-2026 18:33:55:367,97355,183394
8.84,09-20-2026 18:33:55:377,97348,183378
8.85,09-20-2026 18:33:55:387,97352,183350
8.86,09-20-2026 18:33:55:397,97359,183310
8.87,09-20-2026 18:33:55:407,97364,183322
8.88,09-20-2026 18:33:55:417,97362,183282
8.89,09-20-2026 18:33:55:427,97373,183266
8.9,09-20-2026 18:33:55:437,97363,183228
8.91,09-20-2026 18:33:55:447,97354,183238
8.92,09-20-2026 18:33:55:457,97368,183227
8.93,09-20-2026 18:33:55:467,97373,183255
8.94,09-20-2026 18:33:55:477,97375,183268
8.95,09-20-2026 18:33:55:487,97376,183284
8.96,09-20-2026 18:33:55:497,97375,183299
8.97,09-20-2026 18:33:55:507,97389,183283
8.98,09-20-2026 18:33:55:517,97395,183261
8.99,09-20-2026 18:33:55:527,97388,183285
9,09-20-2026 18:33:55:537,97394,183258
9.01,09-20-2026 18:33:55:547,97396,183262
9.02,09-20-2026 18:33:55:557,97398,183258
9.03,09-20-2026 18:33:55:567,97406,183284
9.04,09-20-2026 18:33:55:577,97404,183256
9.05,09-20-2026 18:33:55:587,97395,183280
9.06,09-20-2026 18:33:55:597,97404,183267
9.07,09-20-2026 18:33:55:607,97413,183302
9.08,09-20-2026 18:33:55:617,97419,183287
9.09,09-20-2026 18:33:55:627,97427,183324
9.1,09-20-2026 18:33:55:637,97435,183315
9.11,09-20-2026 18:33:55:647,97434,183356
9.12,09-20-2026 18:33:55:657,97468,183352
9.13,09-20-2026 18:33:55:667,97449,183388
9.14,09-20-2026 18:33:55:677,97452,183372
9.15,09-20-2026 18:33:55:687,97449,183436
9.16,09-20-2026 18:33:55:697,97449,183370
9.17,09-20-2026 18:33:55:707,97462,183458
9.18,09-20-2026 18:33:55:717,97426,183418
9.19,09-20-2026 18:33:55:727,97447,183482
9.2,09-20-2026 18:33:55:737,97421,183466
9.21,09-20-2026 18:33:55:747,97405,183544
9.22,09-20-2026 18:33:55:757,97384,183518
9.23,09-20-2026 18:33:55:767,97372,183570
9.24,09-20-2026 18:33:55:777,97359,183554
9.25,09-20-2026 18:33:55:787,97348,183622
9.26,09-20-2026 18:33:55:797,97340,183610
9.27,09-20-2026 18:33:55:807,97349,183656
9.28,09-20-2026 18:33:55:817,97348,183660
9.29,09-20-2026 18:33:55:827,97337,183694
9.3,09-20-2026 18:33:55:837,97343,183710
9.31,09-20-2026 18:33:55:847,97332,183749
9.32,09-20-2026 18:33:55:857,97342,183747
9.33,09-20-2026 18:33:55:867,97325,183811
9.34,09-20-2026 18:33:55:877,97318,183799
9.35,09-20-2026 18:33:55:887,97329,183837
9.36,09-20-2026 18:33:55:897,97305,183857
9.37,09-20-2026 18:33:55:907,97310,183899
9.38,09-20-2026 18:33:55:917,97317,183929
9.39,09-20-2026 18:33:55:927,97325,183925
9.4,09-20-2026 18:33:55:937,97321,183949
9.41,09-20-2026 18:33:55:947,97325,183970
9.42,09-20-2026 18:33:55:957,97315,183988
9.43,09-20-2026 18:33:55:967,97328,184015
9.44,09-20-2026 18:33:55:977,97323,184048
9.45,09-20-2026 18:33:55:987,97330,184063
9.46,09-20-2026 18:33:55:997,97322,184108
9.47,09-20-2026 18:33:56:007,97317,184114
9.48,09-20-2026 18:33:56:017,97309,184192
9.49,09-20-2026 18:33:56:027,97309,184192
9.5,09-20-2026 18:33:56:037,97316,184243
9.51,09-20-2026 18:33:56:047,97310,184247
9.52,09-20-2026 18:33:56:057,97287,184304
9.53,09-20-2026 18:33:56:067,97310,184337
9.54,09-20-2026 18:33:56:077,97313,184394
9.55,09-20-2026 18:33:56:087,97317,184406
9.56,09-20-2026 18:33:56:097,97312,184442
9.57,09-20-2026 18:33:56:107,97330,184409
9.58,09-20-2026 18:33:56:117,97308,184403
9.59,09-20-2026 18:33:56:127,97329,184262
9.6,09-20-2026 18:33:56:137,97312,184172
9.61,09-20-2026 18:33:56:147,97315,184033
9.62,09-20-2026 18:33:56:157,97312,183940
9.63,09-20-2026 18:33:56:167,97332,183847
9.64,09-20-2026 18:33:56:177,97322,183817
9.65,09-20-2026 18:33:56:187,97332,183760
9.66,09-20-2026 18:33:56:197,97310,183727
9.67,09-20-2026 18:33:56:207,97330,183691
9.68,09-20-2026 18:33:56:217,97314,183715
9.69,09-20-2026 18:33:56:227,97340,183685
9.7,09-20-2026 18:33:56:237,97319,183688
9.71,09-20-2026 18:33:56:247,97344,183654
9.72,09-20-2026 18:33:56:257,97309,183658
9.73,09-20-2026 18:33:56:267,97348,183616
9.74,09-20-2026 18:33:56:277,97327,183594
9.75,09-20-2026 18:33:56:287,97351,183600
9.76,09-20-2026 18:33:56:297,97322,183567
9.77,09-20-2026 18:33:56:307,97339,183555
9.78,09-20-2026 18:33:56:317,97324,183548
9.79,09-20-2026 18:33:56:327,97358,183532
9.8,09-20-2026 18:33:56:337,97321,183551
9.81,09-20-2026 18:33:56:347,97364,183565
9.82,09-20-2026 18:33:56:357,97337,183589
9.83,09-20-2026 18:33:56:367,97369,183589
9.84,09-20-2026 18:33:56:377,97351,183604
9.85,09-20-2026 18:33:56:387,97382,183594
9.86,09-20-2026 18:33:56:397,97344,183576
9.87,09-20-2026 18:33:56:407,97387,183579
9.88,09-20-2026 18:33:56:417,97320,183584
9.89,09-20-2026 18:33:56:427,97394,183579
9.9,09-20-2026 18:33:56:437,97355,183581
9.91,09-20-2026 18:33:56:447,97379,183589
9.92,09-20-2026 18:33:56:457,97355,183579
9.93,09-20-2026 18:33:56:467,97392,183586
9.94,09-20-2026 18:33:56:477,97378,183606
9.95,09-20-2026 18:33:56:487,97391,183620
9.96,09-20-2026 18:33:56:497,97394,183633
9.97,09-20-2026 18:33:56:507,97424,183642
9.98,09-20-2026 18:33:56:517,97383,183654
9.99,09-20-2026 18:33:56:527,97419,183661
10,09-20-2026 18:33:56:537,97418,183678
10.01,09-20-2026 18:33:56:547,97406,183682
10.02,09-20-2026 18:33:56:557,97434,183702
10.03,09-20-2026 18:33:56:567,97444,183728
10.04,09-20-2026 18:33:56:577,97422,183734
10.05,09-20-2026 18:33:56:587,97419,183746
10.06,09-20-2026 18:33:56:597,97385,183776
10.07,09-20-2026 18:33:56:607,97360,183786
10.08,09-20-2026 18:33:56:617,97354,183796
10.09,09-20-2026 18:33:56:627,97331,183814
10.1,09-20-2026 18:33:56:637,97343,183826
10.11,09-20-2026 18:33:56:647,97315,183847
10.12,09-20-2026 18:33:56:657,97329,183861
10.13,09-20-2026 18:33:56:667,97294,183881
10.14,09-20-2026 18:33:56:677,97320,183915
10.15,09-20-2026 18:33:56:687,97292,183925
10.16,09-20-2026 18:33:56:697,97318,183953
10.17,09-20-2026 18:33:56:707,97286,183969
10.18,09-20-2026 18:33:56:717,97304,183983
10.19,09-20-2026 18:33:56:727,97291,184005
10.2,09-20-2026 18:33:56:737,97314,184017
10.21,09-20-2026 18:33:56:747,97261,184035
10.22,09-20-2026 18:33:56:757,97285,184061
10.23,09-20-2026 18:33:56:767,97252,184091
10.24,09-20-2026 18:33:56:777,97287,184117
10.25,09-20-2026 18:33:56:787,97229,184097
10.26,09-20-2026 18:33:56:797,97274,184139
10.27,09-20-2026 18:33:56:807,97250,184153
10.28,09-20-2026 18:33:56:817,97262,184185
10.29,09-20-2026 18:33:56:827,97246,184187
10.3,09-20-2026 18:33:56:837,97255,184213
10.31,09-20-2026 18:33:56:847,97237,184221
10.32,09-20-2026 18:33:56:857,97253,184269
10.33,09-20-2026 18:33:56:867,97231,184281
10.34,09-20-2026 18:33:56:877,97231,184319
10.35,09-20-2026 18:33:56:887,97241,184343
10.36,09-20-2026 18:33:56:897,97239,184359
10.37,09-20-2026 18:33:56:907,97212,184383
10.38,09-20-2026 18:33:56:917,97233,184413
10.39,09-20-2026 18:33:56:927,97224,184443
10.4,09-20-2026 18:33:56:937,97216,184451
10.41,09-20-2026 18:33:56:947,97226,184492
10.42,09-20-2026 18:33:56:957,97222,184528
10.43,09-20-2026 18:33:56:967,97222,184522
10.44,09-20-2026 18:33:56:977,97227,184450
10.45,09-20-2026 18:33:56:987,97213,184348
10.46,09-20-2026 18:33:56:997,97214,184246
10.47,09-20-2026 18:33:57:007,97203,184144
10.48,09-20-2026 18:33:57:017,97221,184036
10.49,09-20-2026 18:33:57:027,97213,183940
10.5,09-20-2026 18:33:57:037,97213,183880
10.51,09-20-2026 18:33:57:047,97216,183832
10.52,09-20-2026 18:33:57:057,97231,183810
10.53,09-20-2026 18:33:57:067,97222,183774
10.54,09-20-2026 18:33:57:077,97225,183772
10.55,09-20-2026 18:33:57:087,97240,183754
10.56,09-20-2026 18:33:57:097,97227,183744
10.57,09-20-2026 18:33:57:107,97216,183698
10.58,09-20-2026 18:33:57:117,97206,183692
10.59,09-20-2026 18:33:57:127,97208,183676
10.6,09-20-2026 18:33:57:137,97232,183652
10.61,09-20-2026 18:33:57:147,97228,183636
10.62,09-20-2026 18:33:57:157,97223,183596
10.63,09-20-2026 18:33:57:167,97226,183552
10.64,09-20-2026 18:33:57:177,97216,183556
10.65,09-20-2026 18:33:57:187,97228,183543
10.66,09-20-2026 18:33:57:197,97234,183541
10.67,09-20-2026 18:33:57:207,97223,183587
10.68,09-20-2026 18:33:57:217,97242,183586
10.69,09-20-2026 18:33:57:227,97238,183571
10.7,09-20-2026 18:33:57:237,97241,183577
10.71,09-20-2026 18:33:57:247,97247,183584
10.72,09-20-2026 18:33:57:257,97245,183563
10.73,09-20-2026 18:33:57:267,97244,183553
10.74,09-20-2026 18:33:57:277,97240,183548
10.75,09-20-2026 18:33:57:287,97251,183558
10.76,09-20-2026 18:33:57:297,97230,183544
10.77,09-20-2026 18:33:57:307,97236,183523
10.78,09-20-2026 18:33:57:317,97251,183541
10.79,09-20-2026 18:33:57:327,97243,183525
10.8,09-20-2026 18:33:57:337,97244,183540
10.81,09-20-2026 18:33:57:347,97250,183541
10.82,09-20-2026 18:33:57:357,97258,183539
10.83,09-20-2026 18:33:57:367,97255,183540
10.84,09-20-2026 18:33:57:377,97255,183559
10.85,09-20-2026 18:33:57:387,97276,183552
10.86,09-20-2026 18:33:57:397,97265,183563
10.87,09-20-2026 18:33:57:407,97270,183563
10.88,09-20-2026 18:33:57:417,97288,183580
10.89,09-20-2026 18:33:57:427,97254,183589
10.9,09-20-2026 18:33:57:437,97275,183589
10.91,09-20-2026 18:33:57:447,97266,183616
10.92,09-20-2026 18:33:57:457,97257,183627
10.93,09-20-2026 18:33:57:467,97242,183620
10.94,09-20-2026 18:33:57:477,97228,183619
10.95,09-20-2026 18:33:57:487,97198,183650
10.96,09-20-2026 18:33:57:497,97195,183641
10.97,09-20-2026 18:33:57:507,97164,183669
10.98,09-20-2026 18:33:57:517,97174,183648
10.99,09-20-2026 18:33:57:527,97147,183699
11,09-20-2026 18:33:57:537,97156,183681
11.01,09-20-2026 18:33:57:547,97145,183746
11.02,09-20-2026 18:33:57:557,97136,183724
11.03,09-20-2026 18:33:57:567,97137,183772
11.04,09-20-2026 18:33:57:577,97143,183754
11.05,09-20-2026 18:33:57:587,97124,183804
11.06,09-20-2026 18:33:57:597,97132,183776
11.07,09-20-2026 18:33:57:607,97123,183840
11.08,09-20-2026 18:33:57:617,97108,183800
11.09,09-20-2026 18:33:57:627,97114,183888
11.1,09-20-2026 18:33:57:637,97101,183850
11.11,09-20-2026 18:33:57:647,97097,183912
11.12,09-20-2026 18:33:57:657,97085,183890
11.13,09-20-2026 18:33:57:667,97096,183962
11.14,09-20-2026 18:33:57:677,97084,183910
11.15,09-20-2026 18:33:57:687,97084,183998
11.16,09-20-2026 18:33:57:697,97110,183966
11.17,09-20-2026 18:33:57:707,97092,184018
11.18,09-20-2026 18:33:57:717,97081,183992
11.19,09-20-2026 18:33:57:727,97084,184056
11.2,09-20-2026 18:33:57:737,97081,184048
11.21,09-20-2026 18:33:57:747,97094,184115
11.22,09-20-2026 18:33:57:757,97093,184113
11.23,09-20-2026 18:33:57:767,97075,184141
11.24,09-20-2026 18:33:57:777,97067,184129
11.25,09-20-2026 18:33:57:787,97056,184221
11.26,09-20-2026 18:33:57:797,97068,184229
11.27,09-20-2026 18:33:57:807,97071,184243
11.28,09-20-2026 18:33:57:817,97054,184271
11.29,09-20-2026 18:33:57:827,97077,184293
11.3,09-20-2026 18:33:57:837,97076,184339
11.31,09-20-2026 18:33:57:847,97067,184306
11.32,09-20-2026 18:33:57:857,97075,184234
11.33,09-20-2026 18:33:57:867,97076,184120
11.34,09-20-2026 18:33:57:877,97090,184012
11.35,09-20-2026 18:33:57:887,97087,183880
11.36,09-20-2026 18:33:57:897,97078,183784
11.37,09-20-2026 18:33:57:907,97075,183688
11.38,09-20-2026 18:33:57:917,97079,183646
11.39,09-20-2026 18:33:57:927,97081,183604
11.4,09-20-2026 18:33:57:937,97079,183586
11.41,09-20-2026 18:33:57:947,97086,183542
11.42,09-20-2026 18:33:57:957,97085,183542
11.43,09-20-2026 18:33:57:967,97093,183478
11.44,09-20-2026 18:33:57:977,97099,183506
11.45,09-20-2026 18:33:57:987,97091,183448
11.46,09-20-2026 18:33:57:997,97103,183456
11.47,09-20-2026 18:33:58:007,97096,183400
11.48,09-20-2026 18:33:58:017,97099,183410
11.49,09-20-2026 18:33:58:027,97106,183334
11.5,09-20-2026 18:33:58:037,97105,183362
11.51,09-20-2026 18:33:58:047,97094,183291
11.52,09-20-2026 18:33:58:057,97111,183296
11.53,09-20-2026 18:33:58:067,97104,183248
11.54,09-20-2026 18:33:58:077,97113,183298
11.55,09-20-2026 18:33:58:087,97119,183263
11.56,09-20-2026 18:33:58:097,97110,183315
11.57,09-20-2026 18:33:58:107,97109,183290
11.58,09-20-2026 18:33:58:117,97106,183296
11.59,09-20-2026 18:33:58:127,97116,183261
11.6,09-20-2026 18:33:58:137,97111,183265
11.61,09-20-2026 18:33:58:147,97119,183219
11.62,09-20-2026 18:33:58:157,97127,183252
11.63,09-20-2026 18:33:58:167,97113,183220
11.64,09-20-2026 18:33:58:177,97093,183213
11.65,09-20-2026 18:33:58:187,97144,183194
11.66,09-20-2026 18:33:58:197,97126,183187
11.67,09-20-2026 18:33:58:207,97122,183187
11.68,09-20-2026 18:33:58:217,97117,183160
11.69,09-20-2026 18:33:58:227,97150,183199
11.7,09-20-2026 18:33:58:237,97117,183201
11.71,09-20-2026 18:33:58:247,97139,183221
11.72,09-20-2026 18:33:58:257,97097,183219
11.73,09-20-2026 18:33:58:267,97133,183235
11.74,09-20-2026 18:33:58:277,97071,183256
11.75,09-20-2026 18:33:58:287,97079,183246
11.76,09-20-2026 18:33:58:297,97039,183260
11.77,09-20-2026 18:33:58:307,97061,183293
11.78,09-20-2026 18:33:58:317,97005,183283
11.79,09-20-2026 18:33:58:327,97039,183294
11.8,09-20-2026 18:33:58:337,96967,183316
11.81,09-20-2026 18:33:58:347,97017,183308
11.82,09-20-2026 18:33:58:357,96960,183316
11.83,09-20-2026 18:33:58:367,97020,183350
11.84,09-20-2026 18:33:58:377,96948,183368
11.85,09-20-2026 18:33:58:387,96993,183370
11.86,09-20-2026 18:33:58:397,96958,183414
11.87,09-20-2026 18:33:58:407,96995,183416
11.88,09-20-2026 18:33:58:417,96974,183416
11.89,09-20-2026 18:33:58:427,96992,183438
11.9,09-20-2026 18:33:58:437,96947,183470
11.91,09-20-2026 18:33:58:447,96976,183465
11.92,09-20-2026 18:33:58:457,96942,183487
11.93,09-20-2026 18:33:58:467,96982,183496
11.94,09-20-2026 18:33:58:477,96944,183510
11.95,09-20-2026 18:33:58:487,96969,183540
11.96,09-20-2026 18:33:58:497,96935,183530
11.97,09-20-2026 18:33:58:507,96969,183547
11.98,09-20-2026 18:33:58:517,96954,183544
11.99,09-20-2026 18:33:58:527,96955,183570
12,09-20-2026 18:33:58:537,96960,183590
12.01,09-20-2026 18:33:58:547,96958,183597
12.02,09-20-2026 18:33:58:557,96971,183615
12.03,09-20-2026 18:33:58:567,96954,183633
12.04,09-20-2026 18:33:58:577,96947,183665
12.05,09-20-2026 18:33:58:587,96941,183685
12.06,09-20-2026 18:33:58:597,96967,183717
12.07,09-20-2026 18:33:58:607,96941,183733
12.08,09-20-2026 18:33:58:617,96962,183755
12.09,09-20-2026 18:33:58:627,96942,183765
12.1,09-20-2026 18:33:58:637,96951,183797
12.11,09-20-2026 18:33:58:647,96962,183780
12.12,09-20-2026 18:33:58:657,96982,183710
12.13,09-20-2026 18:33:58:667,96940,183626
12.14,09-20-2026 18:33:58:677,96986,183507
12.15,09-20-2026 18:33:58:687,96952,183388
12.16,09-20-2026 18:33:58:697,96977,183290
12.17,09-20-2026 18:33:58:707,96939,183185
12.18,09-20-2026 18:33:58:717,96978,183115
12.19,09-20-2026 18:33:58:727,96946,183073
12.2,09-20-2026 18:33:58:737,96986,183003
12.21,09-20-2026 18:33:58:747,96959,182974
12.22,09-20-2026 18:33:58:757,96987,182950
12.23,09-20-2026 18:33:58:767,96952,182950
12.24,09-20-2026 18:33:58:777,96995,182926
12.25,09-20-2026 18:33:58:787,96973,182876
12.26,09-20-2026 18:33:58:797,96992,182858
12.27,09-20-2026 18:33:58:807,96951,182822
12.28,09-20-2026 18:33:58:817,97003,182798
12.29,09-20-2026 18:33:58:827,96961,182750
12.3,09-20-2026 18:33:58:837,96995,182740
12.31,09-20-2026 18:33:58:847,96983,182689
12.32,09-20-2026 18:33:58:857,97002,182676
12.33,09-20-2026 18:33:58:867,96981,182660
12.34,09-20-2026 18:33:58:877,96998,182659
12.35,09-20-2026 18:33:58:887,96974,182653
12.36,09-20-2026 18:33:58:897,97006,182671
12.37,09-20-2026 18:33:58:907,96994,182669
12.38,09-20-2026 18:33:58:917,97005,182673
12.39,09-20-2026 18:33:58:927,96984,182657
12.4,09-20-2026 18:33:58:937,96996,182648
12.41,09-20-2026 18:33:58:947,96994,182613
12.42,09-20-2026 18:33:58:957,96997,182581
12.43,09-20-2026 18:33:58:967,96998,182598
12.44,09-20-2026 18:33:58:977,97009,182585
12.45,09-20-2026 18:33:58:987,97009,182567
12.46,09-20-2026 18:33:58:997,97012,182559
12.47,09-20-2026 18:33:59:007,97023,182568
12.48,09-20-2026 18:33:59:017,97015,182572
12.49,09-20-2026 18:33:59:027,97044,182563
12.5,09-20-2026 18:33:59:037,97032,182565
12.51,09-20-2026 18:33:59:047,97036,182569
12.52,09-20-2026 18:33:59:057,97014,182550
12.53,09-20-2026 18:33:59:067,97018,182593
12.54,09-20-2026 18:33:59:077,96986,182589
12.55,09-20-2026 18:33:59:087,96976,182607
12.56,09-20-2026 18:33:59:097,96960,182619
12.57,09-20-2026 18:33:59:107,96936,182624
12.58,09-20-2026 18:33:59:117,96920,182634
12.59,09-20-2026 18:33:59:127,96910,182652
12.6,09-20-2026 18:33:59:137,96896,182655
12.61,09-20-2026 18:33:59:147,96893,182662
12.62,09-20-2026 18:33:59:157,96885,182680
12.63,09-20-2026 18:33:59:167,96890,182700
12.64,09-20-2026 18:33:59:177,96866,182690
12.65,09-20-2026 18:33:59:187,96864,182744
12.66,09-20-2026 18:33:59:197,96873,182746
12.67,09-20-2026 18:33:59:207,96846,182732
12.68,09-20-2026 18:33:59:217,96823,182774
12.69,09-20-2026 18:33:59:227,96845,182806
12.7,09-20-2026 18:33:59:237,96835,182800
12.71,09-20-2026 18:33:59:247,96829,182797
12.72,09-20-2026 18:33:59:257,96821,182833
12.73,09-20-2026 18:33:59:267,96827,182845
12.74,09-20-2026 18:33:59:277,96816,182865
12.75,09-20-2026 18:33:59:287,96808,182885
12.76,09-20-2026 18:33:59:297,96799,182905
12.77,09-20-2026 18:33:59:307,96814,182907
12.78,09-20-2026 18:33:59:317,96793,182947
12.79,09-20-2026 18:33:59:327,96789,182961
12.8,09-20-2026 18:33:59:337,96780,182985
12.81,09-20-2026 18:33:59:347,96783,182982
12.82,09-20-2026 18:33:59:357,96784,182998
12.83,09-20-2026 18:33:59:367,96777,183020
12.84,09-20-2026 18:33:59:377,96781,183060
12.85,09-20-2026 18:33:59:387,96797,183068
12.86,09-20-2026 18:33:59:397,96784,183100
12.87,09-20-2026 18:33:59:407,96788,183140
12.88,09-20-2026 18:33:59:417,96776,183166
12.89,09-20-2026 18:33:59:427,96784,183174
12.9,09-20-2026 18:33:59:437,96775,183218
12.91,09-20-2026 18:33:59:447,96757,183233
12.92,09-20-2026 18:33:59:457,96772,183226
12.93,09-20-2026 18:33:59:467,96765,183149
12.94,09-20-2026 18:33:59:477,96770,183037
12.95,09-20-2026 18:33:59:487,96757,182897
12.96,09-20-2026 18:33:59:497,96782,182778
12.97,09-20-2026 18:33:59:507,96773,182638
12.98,09-20-2026 18:33:59:517,96794,182540
12.99,09-20-2026 18:33:59:527,96764,182442
13,09-20-2026 18:33:59:537,96781,182407
13.01,09-20-2026 18:33:59:547,96778,182316
13.02,09-20-2026 18:33:59:557,96779,182289
13.03,09-20-2026 18:33:59:567,96782,182232
13.04,09-20-2026 18:33:59:577,96775,182232
13.05,09-20-2026 18:33:59:587,96779,182142
13.06,09-20-2026 18:33:59:597,96767,182154
13.07,09-20-2026 18:33:59:607,96781,182079
13.08,09-20-2026 18:33:59:617,96781,182049
13.09,09-20-2026 18:33:59:627,96795,181974
13.1,09-20-2026 18:33:59:637,96783,181989
13.11,09-20-2026 18:33:59:647,96786,181890
13.12,09-20-2026 18:33:59:657,96779,181898
13.13,09-20-2026 18:33:59:667,96786,181802
13.14,09-20-2026 18:33:59:677,96776,181798
13.15,09-20-2026 18:33:59:687,96794,181762
13.16,09-20-2026 18:33:59:697,96784,181786
13.17,09-20-2026 18:33:59:707,96782,181714
13.18,09-20-2026 18:33:59:717,96801,181744
13.19,09-20-2026 18:33:59:727,96789,181712
13.2,09-20-2026 18:33:59:737,96787,181732
13.21,09-20-2026 18:33:59:747,96796,181676
13.22,09-20-2026 18:33:59:757,96790,181687
13.23,09-20-2026 18:33:59:767,96789,181659
13.24,09-20-2026 18:33:59:777,96792,181676
13.25,09-20-2026 18:33:59:787,96795,181626
13.26,09-20-2026 18:33:59:797,96796,181646
13.27,09-20-2026 18:33:59:807,96808,181638
13.28,09-20-2026 18:33:59:817,96812,181624
13.29,09-20-2026 18:33:59:827,96807,181617
13.3,09-20-2026 18:33:59:837,96810,181619
13.31,09-20-2026 18:33:59:847,96826,181613
13.32,09-20-2026 18:33:59:857,96824,181610
13.33,09-20-2026 18:33:59:867,96824,181627
13.34,09-20-2026 18:33:59:877,96804,181606
13.35,09-20-2026 18:33:59:887,96790,181626
13.36,09-20-2026 18:33:59:897,96758,181604
13.37,09-20-2026 18:33:59:907,96730,181636
13.38,09-20-2026 18:33:59:917,96704,181617
13.39,09-20-2026 18:33:59:927,96700,181662
13.4,09-20-2026 18:33:59:937,96678,181662
13.41,09-20-2026 18:33:59:947,96662,181689
13.42,09-20-2026 18:33:59:957,96645,181668
13.43,09-20-2026 18:33:59:967,96625,181693
13.44,09-20-2026 18:33:59:977,96648,181696
13.45,09-20-2026 18:33:59:987,96611,181732
13.46,09-20-2026 18:33:59:997,96618,181711
13.47,09-20-2026 18:34:00:007,96612,181733
13.48,09-20-2026 18:34:00:017,96605,181721
13.49,09-20-2026 18:34:00:027,96586,181790
13.5,09-20-2026 18:34:00:037,96572,181738
13.51,09-20-2026 18:34:00:047,96575,181797
13.52,09-20-2026 18:34:00:057,96551,181751
13.53,09-20-2026 18:34:00:067,96544,181802
13.54,09-20-2026 18:34:00:077,96553,181774
13.55,09-20-2026 18:34:00:087,96534,181823
13.56,09-20-2026 18:34:00:097,96535,181780
13.57,09-20-2026 18:34:00:107,96535,181808
13.58,09-20-2026 18:34:00:117,96541,181789
13.59,09-20-2026 18:34:00:127,96520,181850
13.6,09-20-2026 18:34:00:137,96544,181827
13.61,09-20-2026 18:34:00:147,96514,181853
13.62,09-20-2026 18:34:00:157,96530,181861
13.63,09-20-2026 18:34:00:167,96507,181881
13.64,09-20-2026 18:34:00:177,96529,181885
13.65,09-20-2026 18:34:00:187,96507,181903
13.66,09-20-2026 18:34:00:197,96513,181923
13.67,09-20-2026 18:34:00:207,96503,181959
13.68,09-20-2026 18:34:00:217,96510,181973
13.69,09-20-2026 18:34:00:227,96490,182005
13.7,09-20-2026 18:34:00:237,96507,182031
13.71,09-20-2026 18:34:00:247,96489,182045
13.72,09-20-2026 18:34:00:257,96512,182069
13.73,09-20-2026 18:34:00:267,96459,182061
13.74,09-20-2026 18:34:00:277,96496,181957
13.75,09-20-2026 18:34:00:287,96475,181829
13.76,09-20-2026 18:34:00:297,96520,181685
13.77,09-20-2026 18:34:00:307,96471,181525
13.78,09-20-2026 18:34:00:317,96521,181349
13.79,09-20-2026 18:34:00:327,96481,181261
13.8,09-20-2026 18:34:00:337,96535,181165
13.81,09-20-2026 18:34:00:347,96469,181071
13.82,09-20-2026 18:34:00:357,96520,180995
13.83,09-20-2026 18:34:00:367,96485,180927
13.84,09-20-2026 18:34:00:377,96530,180887
13.85,09-20-2026 18:34:00:387,96505,180831
13.86,09-20-2026 18:34:00:397,96531,180783
13.87,09-20-2026 18:34:00:407,96512,180743
13.88,09-20-2026 18:34:00:417,96542,180691
13.89,09-20-2026 18:34:00:427,96519,180639
13.9,09-20-2026 18:34:00:437,96555,180587
13.91,09-20-2026 18:34:00:447,96548,180535
13.92,09-20-2026 18:34:00:457,96557,180499
13.93,09-20-2026 18:34:00:467,96551,180439
13.94,09-20-2026 18:34:00:477,96573,180379
13.95,09-20-2026 18:34:00:487,96570,180359
13.96,09-20-2026 18:34:00:497,96565,180345
13.97,09-20-2026 18:34:00:507,96579,180341
13.98,09-20-2026 18:34:00:517,96574,180361
13.99,09-20-2026 18:34:00:527,96588,180319
14,09-20-2026 18:34:00:537,96605,180335
14.01,09-20-2026 18:34:00:547,96616,180294
14.02,09-20-2026 18:34:00:557,96613,180281
14.03,09-20-2026 18:34:00:567,96634,180276
14.04,09-20-2026 18:34:00:577,96613,180260
14.05,09-20-2026 18:34:00:587,96643,180226
14.06,09-20-2026 18:34:00:597,96613,180213
14.07,09-20-2026 18:34:00:607,96653,180194
14.08,09-20-2026 18:34:00:617,96642,180195
14.09,09-20-2026 18:34:00:627,96657,180180
14.1,09-20-2026 18:34:00:637,96630,180190
14.11,09-20-2026 18:34:00:647,96610,180166
14.12,09-20-2026 18:34:00:657,96582,180170
14.13,09-20-2026 18:34:00:667,96604,180177
14.14,09-20-2026 18:34:00:677,96546,180183
14.15,09-20-2026 18:34:00:687,96546,180198
14.16,09-20-2026 18:34:00:697,96514,180223
14.17,09-20-2026 18:34:00:707,96524,180234
14.18,09-20-2026 18:34:00:717,96482,180227
14.19,09-20-2026 18:34:00:727,96508,180247
14.2,09-20-2026 18:34:00:737,96474,180251
14.21,09-20-2026 18:34:00:747,96516,180274
14.22,09-20-2026 18:34:00:757,96464,180274
14.23,09-20-2026 18:34:00:767,96484,180288
14.24,09-20-2026 18:34:00:777,96458,180324
14.25,09-20-2026 18:34:00:787,96461,180332
14.26,09-20-2026 18:34:00:797,96450,180360
14.27,09-20-2026 18:34:00:807,96456,180388
14.28,09-20-2026 18:34:00:817,96424,180390
14.29,09-20-2026 18:34:00:827,96450,180414
14.3,09-20-2026 18:34:00:837,96408,180430
14.31,09-20-2026 18:34:00:847,96440,180472
14.32,09-20-2026 18:34:00:857,96436,180480
14.33,09-20-2026 18:34:00:867,96448,180500
14.34,09-20-2026 18:34:00:877,96420,180522
14.35,09-20-2026 18:34:00:887,96434,180562
14.36,09-20-2026 18:34:00:897,96434,180552
14.37,09-20-2026 18:34:00:907,96430,180578
14.38,09-20-2026 18:34:00:917,96440,180616
14.39,09-20-2026 18:34:00:927,96417,180666
14.4,09-20-2026 18:34:00:937,96410,180694
14.41,09-20-2026 18:34:00:947,96406,180717
14.42,09-20-2026 18:34:00:957,96411,180749
14.43,09-20-2026 18:34:00:967,96416,180789
14.44,09-20-2026 18:34:00:977,96426,180819
14.45,09-20-2026 18:34:00:987,96425,180845
14.46,09-20-2026 18:34:00:997,96421,180887
14.47,09-20-2026 18:34:01:007,96444,180907
14.48,09-20-2026 18:34:01:017,96427,180929
14.49,09-20-2026 18:34:01:027,96434,180891
14.5,09-20-2026 18:34:01:037,96432,180805
14.51,09-20-2026 18:34:01:047,96442,180712
14.52,09-20-2026 18:34:01:057,96445,180565
14.53,09-20-2026 18:34:01:067,96477,180425
14.54,09-20-2026 18:34:01:077,96447,180327
14.55,09-20-2026 18:34:01:087,96463,180187
14.56,09-20-2026 18:34:01:097,96453,180110
14.57,09-20-2026 18:34:01:107,96458,180047
14.58,09-20-2026 18:34:01:117,96467,179984
14.59,09-20-2026 18:34:01:127,96485,179942
14.6,09-20-2026 18:34:01:137,96480,179921
14.61,09-20-2026 18:34:01:147,96465,179886
14.62,09-20-2026 18:34:01:157,96479,179844
14.63,09-20-2026 18:34:01:167,96495,179808
14.64,09-20-2026 18:34:01:177,96489,179763
14.65,09-20-2026 18:34:01:187,96507,179733
14.66,09-20-2026 18:34:01:197,96500,179685
14.67,09-20-2026 18:34:01:207,96511,179649
14.68,09-20-2026 18:34:01:217,96502,179634
14.69,09-20-2026 18:34:01:227,96525,179598
14.7,09-20-2026 18:34:01:237,96528,179562
14.71,09-20-2026 18:34:01:247,96531,179558
14.72,09-20-2026 18:34:01:257,96547,179569
14.73,09-20-2026 18:34:01:267,96539,179596
14.74,09-20-2026 18:34:01:277,96552,179603
14.75,09-20-2026 18:34:01:287,96541,179606
14.76,09-20-2026 18:34:01:297,96559,179610
14.77,09-20-2026 18:34:01:307,96565,179597
14.78,09-20-2026 18:34:01:317,96590,179584
14.79,09-20-2026 18:34:01:327,96573,179584
14.8,09-20-2026 18:34:01:337,96583,179580
14.81,09-20-2026 18:34:01:347,96603,179579
14.82,09-20-2026 18:34:01:357,96579,179555
14.83,09-20-2026 18:34:01:367,96594,179581
14.84,09-20-2026 18:34:01:377,96632,179552
14.85,09-20-2026 18:34:01:387,96622,179597
14.86,09-20-2026 18:34:01:397,96626,179581
14.87,09-20-2026 18:34:01:407,96610,179625
14.88,09-20-2026 18:34:01:417,96596,179609
14.89,09-20-2026 18:34:01:427,96554,179659
14.9,09-20-2026 18:34:01:437,96550,179628
14.91,09-20-2026 18:34:01:447,96538,179683
14.92,09-20-2026 18:34:01:457,96516,179669
14.93,09-20-2026 18:34:01:467,96501,179759
14.94,09-20-2026 18:34:01:477,96507,179721
14.95,09-20-2026 18:34:01:487,96489,179789
14.96,09-20-2026 18:34:01:497,96487,179781
14.97,09-20-2026 18:34:01:507,96491,179839
14.98,09-20-2026 18:34:01:517,96483,179813
14.99,09-20-2026 18:34:01:527,96478,179881
15,09-20-2026 18:34:01:537,96482,179867
15.01,09-20-2026 18:34:01:547,96477,179949
15.02,09-20-2026 18:34:01:557,96474,179952
15.03,09-20-2026 18:34:01:567,96457,180021
15.04,09-20-2026 18:34:01:577,96463,180012
15.05,09-20-2026 18:34:01:587,96451,180081
15.06,09-20-2026 18:34:01:597,96460,180081
15.07,09-20-2026 18:34:01:607,96456,180156
15.08,09-20-2026 18:34:01:617,96466,180087
15.09,09-20-2026 18:34:01:627,96471,180204
15.1,09-20-2026 18:34:01:637,96469,180189
15.11,09-20-2026 18:34:01:647,96486,180268
15.12,09-20-2026 18:34:01:657,96476,180259
15.13,09-20-2026 18:34:01:667,96477,180337
15.14,09-20-2026 18:34:01:677,96482,180352
15.15,09-20-2026 18:34:01:687,96485,180412
15.16,09-20-2026 18:34:01:697,96473,180433
15.17,09-20-2026 18:34:01:707,96475,180499
15.18,09-20-2026 18:34:01:717,96470,180511
15.19,09-20-2026 18:34:01:727,96473,180577
15.2,09-20-2026 18:34:01:737,96486,180616
15.21,09-20-2026 18:34:01:747,96471,180656
15.22,09-20-2026 18:34:01:757,96476,180732
15.23,09-20-2026 18:34:01:767,96484,180748
15.24,09-20-2026 18:34:01:777,96484,180816
15.25,09-20-2026 18:34:01:787,96482,180828
15.26,09-20-2026 18:34:01:797,96495,180816
15.27,09-20-2026 18:34:01:807,96486,180740
15.28,09-20-2026 18:34:01:817,96490,180668
15.29,09-20-2026 18:34:01:827,96483,180528
15.3,09-20-2026 18:34:01:837,96505,180420
15.31,09-20-2026 18:34:01:847,96497,180294
15.32,09-20-2026 18:34:01:857,96536,180219
15.33,09-20-2026 18:34:01:867,96507,180138
15.34,09-20-2026 18:34:01:877,96521,180105
15.35,09-20-2026 18:34:01:887,96531,180045
15.36,09-20-2026 18:34:01:897,96526,180072
15.37,09-20-2026 18:34:01:907,96535,180027
15.38,09-20-2026 18:34:01:917,96545,180009
15.39,09-20-2026 18:34:01:927,96540,180003
15.4,09-20-2026 18:34:01:937,96561,180003
15.41,09-20-2026 18:34:01:947,96560,179952
15.42,09-20-2026 18:34:01:957,96562,179974
15.43,09-20-2026 18:34:01:967,96573,179912
15.44,09-20-2026 18:34:01:977,96563,179936
15.45,09-20-2026 18:34:01:987,96582,179882
15.46,09-20-2026 18:34:01:997,96585,179898
15.47,09-20-2026 18:34:02:007,96592,179856
15.48,09-20-2026 18:34:02:017,96598,179909
15.49,09-20-2026 18:34:02:027,96591,179895
15.5,09-20-2026 18:34:02:037,96593,179946
15.51,09-20-2026 18:34:02:047,96613,179941
15.52,09-20-2026 18:34:02:057,96608,179963
15.53,09-20-2026 18:34:02:067,96627,179963
15.54,09-20-2026 18:34:02:077,96608,179989
15.55,09-20-2026 18:34:02:087,96628,179972
15.56,09-20-2026 18:34:02:097,96620,179999
15.57,09-20-2026 18:34:02:107,96637,179989
15.58,09-20-2026 18:34:02:117,96627,179996
15.59,09-20-2026 18:34:02:127,96654,179982
15.6,09-20-2026 18:34:02:137,96611,180015
15.61,09-20-2026 18:34:02:147,96655,180011
15.62,09-20-2026 18:34:02:157,96645,180035
15.63,09-20-2026 18:34:02:167,96660,180023
15.64,09-20-2026 18:34:02:177,96645,180059
15.65,09-20-2026 18:34:02:187,96685,180061
15.66,09-20-2026 18:34:02:197,96638,180095
15.67,09-20-2026 18:34:02:207,96666,180141
15.68,09-20-2026 18:34:02:217,96602,180175
15.69,09-20-2026 18:34:02:227,96628,180193
15.7,09-20-2026 18:34:02:237,96586,180225
15.71,09-20-2026 18:34:02:247,96610,180223
15.72,09-20-2026 18:34:02:257,96541,180289
15.73,09-20-2026 18:34:02:267,96599,180295
15.74,09-20-2026 18:34:02:277,96532,180334
15.75,09-20-2026 18:34:02:287,96589,180358
15.76,09-20-2026 18:34:02:297,96533,180391
15.77,09-20-2026 18:34:02:307,96584,180433
15.78,09-20-2026 18:34:02:317,96562,180463
15.79,09-20-2026 18:34:02:327,96593,180499
15.8,09-20-2026 18:34:02:337,96554,180535
15.81,09-20-2026 18:34:02:347,96571,180571
15.82,09-20-2026 18:34:02:357,96551,180607
15.83,09-20-2026 18:34:02:367,96573,180643
15.84,09-20-2026 18:34:02:377,96574,180673
15.85,09-20-2026 18:34:02:387,96590,180715
15.86,09-20-2026 18:34:02:397,96570,180757
15.87,09-20-2026 18:34:02:407,96581,180775
15.88,09-20-2026 18:34:02:417,96587,180811
15.89,09-20-2026 18:34:02:427,96584,180835
15.9,09-20-2026 18:34:02:437,96609,180883
15.91,09-20-2026 18:34:02:447,96604,180914
15.92,09-20-2026 18:34:02:457,96620,180941
15.93,09-20-2026 18:34:02:467,96612,180965
15.94,09-20-2026 18:34:02:477,96622,181013
15.95,09-20-2026 18:34:02:487,96616,181040
15.96,09-20-2026 18:34:02:497,96608,181061
15.97,09-20-2026 18:34:02:507,96618,181118
15.98,09-20-2026 18:34:02:517,96630,181169
15.99,09-20-2026 18:34:02:527,96610,181214
16,09-20-2026 18:34:02:537,96643,181232
16.01,09-20-2026 18:34:02:547,96631,181298
16.02,09-20-2026 18:34:02:557,96654,181338
16.03,09-20-2026 18:34:02:567,96625,181386
16.04,09-20-2026 18:34:02:577,96671,181422
16.05,09-20-2026 18:34:02:587,96643,181430
16.06,09-20-2026 18:34:02:597,96667,181370
16.07,09-20-2026 18:34:02:607,96655,181278
16.08,09-20-2026 18:34:02:617,96684,181174
16.09,09-20-2026 18:34:02:627,96647,181070
16.1,09-20-2026 18:34:02:637,96700,180986
16.11,09-20-2026 18:34:02:647,96681,180903
16.12,09-20-2026 18:34:02:657,96722,180853
16.13,09-20-2026 18:34:02:667,96689,180827
16.14,09-20-2026 18:34:02:677,96725,180791
16.15,09-20-2026 18:34:02:687,96675,180783
16.16,09-20-2026 18:34:02:697,96714,180785
16.17,09-20-2026 18:34:02:707,96689,180799
16.18,09-20-2026 18:34:02:717,96731,180785
16.19,09-20-2026 18:34:02:727,96705,180779
16.2,09-20-2026 18:34:02:737,96722,180771
16.21,09-20-2026 18:34:02:747,96730,180769
16.22,09-20-2026 18:34:02:757,96754,180772
16.23,09-20-2026 18:34:02:767,96728,180748
16.24,09-20-2026 18:34:02:777,96758,180731
16.25,09-20-2026 18:34:02:787,96732,180725
16.26,09-20-2026 18:34:02:797,96760,180718
16.27,09-20-2026 18:34:02:807,96730,180759
16.28,09-20-2026 18:34:02:817,96761,180765
16.29,09-20-2026 18:34:02:827,96761,180782
16.3,09-20-2026 18:34:02:837,96750,180823
16.31,09-20-2026 18:34:02:847,96775,180853
16.32,09-20-2026 18:34:02:857,96761,180868
16.33,09-20-2026 18:34:02:867,96774,180857
16.34,09-20-2026 18:34:02:877,96768,180886
16.35,09-20-2026 18:34:02:887,96793,180888
16.36,09-20-2026 18:34:02:897,96784,180898
16.37,09-20-2026 18:34:02:907,96789,180907
16.38,09-20-2026 18:34:02:917,96798,180919
16.39,09-20-2026 18:34:02:927,96804,180940
16.4,09-20-2026 18:34:02:937,96811,180943
16.41,09-20-2026 18:34:02:947,96829,180965
16.42,09-20-2026 18:34:02:957,96830,180983
16.43,09-20-2026 18:34:02:967,96849,180997
16.44,09-20-2026 18:34:02:977,96843,181021
16.45,09-20-2026 18:34:02:987,96851,181047
16.46,09-20-2026 18:34:02:997,96859,181067
16.47,09-20-2026 18:34:03:007,96862,181115
16.48,09-20-2026 18:34:03:017,96876,181153
16.49,09-20-2026 18:34:03:027,96877,181149
16.5,09-20-2026 18:34:03:037,96889,181189
16.51,09-20-2026 18:34:03:047,96877,181193
16.52,09-20-2026 18:34:03:057,96871,181244
16.53,09-20-2026 18:34:03:067,96854,181259
16.54,09-20-2026 18:34:03:077,96834,181289
16.55,09-20-2026 18:34:03:087,96831,181304
16.56,09-20-2026 18:34:03:097,96808,181355
16.57,09-20-2026 18:34:03:107,96796,181373
16.58,09-20-2026 18:34:03:117,96794,181436
16.59,09-20-2026 18:34:03:127,96769,181442
16.6,09-20-2026 18:34:03:137,96784,181490
16.61,09-20-2026 18:34:03:147,96759,181516
16.62,09-20-2026 18:34:03:157,96787,181561
16.63,09-20-2026 18:34:03:167,96770,181588
16.64,09-20-2026 18:34:03:177,96784,181621
16.65,09-20-2026 18:34:03:187,96790,181645
16.66,09-20-2026 18:34:03:197,96776,181687
16.67,09-20-2026 18:34:03:207,96773,181702
16.68,09-20-2026 18:34:03:217,96775,181753
16.69,09-20-2026 18:34:03:227,96774,181768
16.7,09-20-2026 18:34:03:237,96783,181822
16.71,09-20-2026 18:34:03:247,96770,181839
16.72,09-20-2026 18:34:03:257,96795,181893
16.73,09-20-2026 18:34:03:267,96778,181920
16.74,09-20-2026 18:34:03:277,96800,181947
16.75,09-20-2026 18:34:03:287,96784,181953
16.76,09-20-2026 18:34:03:297,96782,182007
16.77,09-20-2026 18:34:03:307,96784,182028
16.78,09-20-2026 18:34:03:317,96782,182103
16.79,09-20-2026 18:34:03:327,96784,182103
16.8,09-20-2026 18:34:03:337,96774,182181
16.81,09-20-2026 18:34:03:347,96789,182187
16.82,09-20-2026 18:34:03:357,96783,182244
16.83,09-20-2026 18:34:03:367,96789,182271
16.84,09-20-2026 18:34:03:377,96787,182337
16.85,09-20-2026 18:34:03:387,96803,182340
16.86,09-20-2026 18:34:03:397,96796,182418
16.87,09-20-2026 18:34:03:407,96793,182427
16.88,09-20-2026 18:34:03:417,96807,182484
16.89,09-20-2026 18:34:03:427,96810,182496
16.9,09-20-2026 18:34:03:437,96801,182562
16.91,09-20-2026 18:34:03:447,96805,182504
16.92,09-20-2026 18:34:03:457,96816,182469
16.93,09-20-2026 18:34:03:467,96822,182319
16.94,09-20-2026 18:34:03:477,96814,182254
16.95,09-20-2026 18:34:03:487,96808,182114
16.96,09-20-2026 18:34:03:497,96821,182079
16.97,09-20-2026 18:34:03:507,96839,181969
16.98,09-20-2026 18:34:03:517,96830,181979
16.99,09-20-2026 18:34:03:527,96841,181899
17,09-20-2026 18:34:03:537,96838,181949
17.01,09-20-2026 18:34:03:547,96851,181867
17.02,09-20-2026 18:34:03:557,96848,181959
17.03,09-20-2026 18:34:03:567,96857,181861
17.04,09-20-2026 18:34:03:577,96845,181945
17.05,09-20-2026 18:34:03:587,96861,181892
17.06,09-20-2026 18:34:03:597,96870,181945
17.07,09-20-2026 18:34:03:607,96876,181911
17.08,09-20-2026 18:34:03:617,96888,181962
17.09,09-20-2026 18:34:03:627,96875,181889
17.1,09-20-2026 18:34:03:637,96900,181920
17.11,09-20-2026 18:34:03:647,96896,181903
17.12,09-20-2026 18:34:03:657,96891,181923
17.13,09-20-2026 18:34:03:667,96894,181921
17.14,09-20-2026 18:34:03:677,96902,181973
17.15,09-20-2026 18:34:03:687,96924,181999
17.16,09-20-2026 18:34:03:697,96930,182019
17.17,09-20-2026 18:34:03:707,96931,182025
17.18,09-20-2026 18:34:03:717,96927,182031
17.19,09-20-2026 18:34:03:727,96926,182045
17.2,09-20-2026 18:34:03:737,96941,182061
17.21,09-20-2026 18:34:03:747,96952,182081
17.22,09-20-2026 18:34:03:757,96954,182082
17.23,09-20-2026 18:34:03:767,96955,182118
17.24,09-20-2026 18:34:03:777,96971,182103
17.25,09-20-2026 18:34:03:787,96969,182142
17.26,09-20-2026 18:34:03:797,96959,182145
17.27,09-20-2026 18:34:03:807,96960,182155
17.28,09-20-2026 18:34:03:817,96981,182153
17.29,09-20-2026 18:34:03:827,96984,182187
17.3,09-20-2026 18:34:03:837,96989,182208
17.31,09-20-2026 18:34:03:847,96983,182241
17.32,09-20-2026 18:34:03:857,97006,182245
17.33,09-20-2026 18:34:03:867,96994,182299
17.34,09-20-2026 18:34:03:877,97009,182293
17.35,09-20-2026 18:34:03:887,97021,182359
17.36,09-20-2026 18:34:03:897,97029,182355
17.37,09-20-2026 18:34:03:907,97022,182389
17.38,09-20-2026 18:34:03:917,97028,182391
17.39,09-20-2026 18:34:03:927,97019,182441
17.4,09-20-2026 18:34:03:937,97017,182445
17.41,09-20-2026 18:34:03:947,96996,182524
17.42,09-20-2026 18:34:03:957,96985,182518
17.43,09-20-2026 18:34:03:967,96962,182578
17.44,09-20-2026 18:34:03:977,96963,182563
17.45,09-20-2026 18:34:03:987,96939,182635
17.46,09-20-2026 18:34:03:997,96931,182644
17.47,09-20-2026 18:34:04:007,96926,182686
17.48,09-20-2026 18:34:04:017,96925,182716
17.49,09-20-2026 18:34:04:027,96922,182785
17.5,09-20-2026 18:34:04:037,96929,182785
17.51,09-20-2026 18:34:04:047,96926,182839
17.52,09-20-2026 18:34:04:057,96936,182845
17.53,09-20-2026 18:34:04:067,96919,182914
17.54,09-20-2026 18:34:04:077,96950,182896
17.55,09-20-2026 18:34:04:087,96912,182953
17.56,09-20-2026 18:34:04:097,96931,182980
17.57,09-20-2026 18:34:04:107,96910,183031
17.58,09-20-2026 18:34:04:117,96931,183049
17.59,09-20-2026 18:34:04:127,96901,183088
17.6,09-20-2026 18:34:04:137,96929,183118
17.61,09-20-2026 18:34:04:147,96898,183151
17.62,09-20-2026 18:34:04:157,96944,183166
17.63,09-20-2026 18:34:04:167,96912,183208
17.64,09-20-2026 18:34:04:177,96945,183238
17.65,09-20-2026 18:34:04:187,96904,183298
17.66,09-20-2026 18:34:04:197,96951,183319
17.67,09-20-2026 18:34:04:207,96896,183346
17.68,09-20-2026 18:34:04:217,96953,183373
17.69,09-20-2026 18:34:04:227,96907,183412
17.7,09-20-2026 18:34:04:237,96950,183460
17.71,09-20-2026 18:34:04:247,96921,183486
17.72,09-20-2026 18:34:04:257,96958,183537
17.73,09-20-2026 18:34:04:267,96890,183576
17.74,09-20-2026 18:34:04:277,96959,183612
17.75,09-20-2026 18:34:04:287,96931,183669
17.76,09-20-2026 18:34:04:297,96967,183705
17.77,09-20-2026 18:34:04:307,96941,183732
17.78,09-20-2026 18:34:04:317,96965,183756
17.79,09-20-2026 18:34:04:327,96951,183690
17.8,09-20-2026 18:34:04:337,96972,183600
17.81,09-20-2026 18:34:04:347,96961,183486
17.82,09-20-2026 18:34:04:357,96966,183354
17.83,09-20-2026 18:34:04:367,96949,183274
17.84,09-20-2026 18:34:04:377,96960,183194
17.85,09-20-2026 18:34:04:387,96979,183138
17.86,09-20-2026 18:34:04:397,96966,183102
17.87,09-20-2026 18:34:04:407,96973,183082
17.88,09-20-2026 18:34:04:417,96963,183078
17.89,09-20-2026 18:34:04:427,96999,183074
17.9,09-20-2026 18:34:04:437,96982,183086
17.91,09-20-2026 18:34:04:447,97003,183108
17.92,09-20-2026 18:34:04:457,96995,183109
17.93,09-20-2026 18:34:04:467,97009,183097
17.94,09-20-2026 18:34:04:477,97007,183091
17.95,09-20-2026 18:34:04:487,97010,183102
17.96,09-20-2026 18:34:04:497,96991,183093
17.97,09-20-2026 18:34:04:507,97042,183088
17.98,09-20-2026 18:34:04:517,97019,183081
17.99,09-20-2026 18:34:04:527,97037,183095
18,09-20-2026 18:34:04:537,97022,183100
18.01,09-20-2026 18:34:04:547,97024,183126
18.02,09-20-2026 18:34:04:557,97001,183137
18.03,09-20-2026 18:34:04:567,97052,183170
18.04,09-20-2026 18:34:04:577,97035,183184
18.05,09-20-2026 18:34:04:587,97042,183195
18.06,09-20-2026 18:34:04:597,97022,183200
18.07,09-20-2026 18:34:04:607,97054,183212
18.08,09-20-2026 18:34:04:617,97041,183216
18.09,09-20-2026 18:34:04:627,97073,183236
18.1,09-20-2026 18:34:04:637,97050,183224
18.11,09-20-2026 18:34:04:647,97071,183223
18.12,09-20-2026 18:34:04:657,97044,183245
18.13,09-20-2026 18:34:04:667,97075,183251
18.14,09-20-2026 18:34:04:677,97044,183253
18.15,09-20-2026 18:34:04:687,97068,183271
18.16,09-20-2026 18:34:04:697,97059,183289
18.17,09-20-2026 18:34:04:707,97076,183289
18.18,09-20-2026 18:34:04:717,97066,183325
18.19,09-20-2026 18:34:04:727,97084,183329
18.2,09-20-2026 18:34:04:737,97075,183357
18.21,09-20-2026 18:34:04:747,97094,183360
18.22,09-20-2026 18:34:04:757,97052,183392
18.23,09-20-2026 18:34:04:767,97068,183424
18.24,09-20-2026 18:34:04:777,97020,183428
18.25,09-20-2026 18:34:04:787,97026,183440
18.26,09-20-2026 18:34:04:797,97000,183476
18.27,09-20-2026 18:34:04:807,96976,183482
18.28,09-20-2026 18:34:04:817,96960,183506
18.29,09-20-2026 18:34:04:827,96950,183510
18.3,09-20-2026 18:34:04:837,96960,183536
18.31,09-20-2026 18:34:04:847,96951,183560
18.32,09-20-2026 18:34:04:857,96938,183568
18.33,09-20-2026 18:34:04:867,96951,183614
18.34,09-20-2026 18:34:04:877,96938,183632
18.35,09-20-2026 18:34:04:887,96912,183664
18.36,09-20-2026 18:34:04:897,96918,183668
18.37,09-20-2026 18:34:04:907,96908,183700
18.38,09-20-2026 18:34:04:917,96901,183702
18.39,09-20-2026 18:34:04:927,96917,183720
18.4,09-20-2026 18:34:04:937,96905,183758
18.41,09-20-2026 18:34:04:947,96904,183752
18.42,09-20-2026 18:34:04:957,96895,183778
18.43,09-20-2026 18:34:04:967,96901,183800
18.44,09-20-2026 18:34:04:977,96879,183826
18.45,09-20-2026 18:34:04:987,96889,183856
18.46,09-20-2026 18:34:04:997,96886,183860
18.47,09-20-2026 18:34:05:007,96872,183870
18.48,09-20-2026 18:34:05:017,96873,183910
18.49,09-20-2026 18:34:05:027,96869,183934
18.5,09-20-2026 18:34:05:037,96879,183956
18.51,09-20-2026 18:34:05:047,96872,183980
18.52,09-20-2026 18:34:05:057,96869,184004
18.53,09-20-2026 18:34:05:067,96867,184030
18.54,09-20-2026 18:34:05:077,96852,184048
18.55,09-20-2026 18:34:05:087,96849,184080
18.56,09-20-2026 18:34:05:097,96854,184094
18.57,09-20-2026 18:34:05:107,96853,184142
18.58,09-20-2026 18:34:05:117,96863,184164
18.59,09-20-2026 18:34:05:127,96856,184184
18.6,09-20-2026 18:34:05:137,96861,184202
18.61,09-20-2026 18:34:05:147,96858,184178
18.62,09-20-2026 18:34:05:157,96858,184080
18.63,09-20-2026 18:34:05:167,96855,183961
18.64,09-20-2026 18:34:05:177,96852,183870
18.65,09-20-2026 18:34:05:187,96846,183730
18.66,09-20-2026 18:34:05:197,96860,183632
18.67,09-20-2026 18:34:05:207,96839,183548
18.68,09-20-2026 18:34:05:217,96849,183471
18.69,09-20-2026 18:34:05:227,96853,183422
18.7,09-20-2026 18:34:05:237,96854,183387
18.71,09-20-2026 18:34:05:247,96832,183366
18.72,09-20-2026 18:34:05:257,96846,183327
18.73,09-20-2026 18:34:05:267,96848,183309
18.74,09-20-2026 18:34:05:277,96877,183255
18.75,09-20-2026 18:34:05:287,96851,183261
18.76,09-20-2026 18:34:05:297,96850,183207
18.77,09-20-2026 18:34:05:307,96851,183177
18.78,09-20-2026 18:34:05:317,96854,183123
18.79,09-20-2026 18:34:05:327,96860,183117
18.8,09-20-2026 18:34:05:337,96860,183075
18.81,09-20-2026 18:34:05:347,96852,183056
18.82,09-20-2026 18:34:05:357,96869,183021
18.83,09-20-2026 18:34:05:367,96854,183040
18.84,09-20-2026 18:34:05:377,96873,182978
18.85,09-20-2026 18:34:05:387,96883,183024
18.86,09-20-2026 18:34:05:397,96850,183008
18.87,09-20-2026 18:34:05:407,96874,183006
18.88,09-20-2026 18:34:05:417,96877,182968
18.89,09-20-2026 18:34:05:427,96875,182988
18.9,09-20-2026 18:34:05:437,96876,182948
18.91,09-20-2026 18:34:05:447,96883,182953
18.92,09-20-2026 18:34:05:457,96875,182877
18.93,09-20-2026 18:34:05:467,96886,182925
18.94,09-20-2026 18:34:05:477,96890,182831
18.95,09-20-2026 18:34:05:487,96887,182889
18.96,09-20-2026 18:34:05:497,96895,182833
18.97,09-20-2026 18:34:05:507,96906,182881
18.98,09-20-2026 18:34:05:517,96917,182831
18.99,09-20-2026 18:34:05:527,96894,182867
19,09-20-2026 18:34:05:537,96911,182819
19.01,09-20-2026 18:34:05:547,96906,182878
19.02,09-20-2026 18:34:05:557,96914,182837
19.03,09-20-2026 18:34:05:567,96922,182905
19.04,09-20-2026 18:34:05:577,96926,182859
19.05,09-20-2026 18:34:05:587,96940,182901
19.06,09-20-2026 18:34:05:597,96924,182875
19.07,09-20-2026 18:34:05:607,96906,182913
19.08,09-20-2026 18:34:05:617,96867,182892
19.09,09-20-2026 18:34:05:627,96864,182935
19.1,09-20-2026 18:34:05:637,96834,182920
19.11,09-20-2026 18:34:05:647,96802,182948
19.12,09-20-2026 18:34:05:657,96806,182933
19.13,09-20-2026 18:34:05:667,96773,182970
19.14,09-20-2026 18:34:05:677,96758,182969
19.15,09-20-2026 18:34:05:687,96751,182993
19.16,09-20-2026 18:34:05:697,96746,183000
19.17,09-20-2026 18:34:05:707,96732,183015
19.18,09-20-2026 18:34:05:717,96724,183042
19.19,09-20-2026 18:34:05:727,96718,183051
19.2,09-20-2026 18:34:05:737,96708,183053
19.21,09-20-2026 18:34:05:747,96714,183077
19.22,09-20-2026 18:34:05:757,96703,183107
19.23,09-20-2026 18:34:05:767,96684,183097
19.24,09-20-2026 18:34:05:777,96681,183137
19.25,09-20-2026 18:34:05:787,96673,183137
19.26,09-20-2026 18:34:05:797,96659,183193
19.27,09-20-2026 18:34:05:807,96667,183177
19.28,09-20-2026 18:34:05:817,96646,183223
19.29,09-20-2026 18:34:05:827,96631,183207
19.3,09-20-2026 18:34:05:837,96650,183245
19.31,09-20-2026 18:34:05:847,96645,183233
19.32,09-20-2026 18:34:05:857,96639,183289
19.33,09-20-2026 18:34:05:867,96627,183261
19.34,09-20-2026 18:34:05:877,96633,183321
19.35,09-20-2026 18:34:05:887,96623,183311
19.36,09-20-2026 18:34:05:897,96624,183361
19.37,09-20-2026 18:34:05:907,96618,183355
19.38,09-20-2026 18:34:05:917,96616,183423
19.39,09-20-2026 18:34:05:927,96602,183393
19.4,09-20-2026 18:34:05:937,96608,183473
19.41,09-20-2026 18:34:05:947,96594,183450
19.42,09-20-2026 18:34:05:957,96592,183510
19.43,09-20-2026 18:34:05:967,96588,183515
19.44,09-20-2026 18:34:05:977,96595,183575
19.45,09-20-2026 18:34:05:987,96609,183550
19.46,09-20-2026 18:34:05:997,96592,183520
19.47,09-20-2026 18:34:06:007,96573,183410
19.48,09-20-2026 18:34:06:017,96571,183260
19.49,09-20-2026 18:34:06:027,96576,183100
19.5,09-20-2026 18:34:06:037,96585,182980
19.51,09-20-2026 18:34:06:047,96581,182813
19.52,09-20-2026 18:34:06:057,96580,182713
19.53,09-20-2026 18:34:06:067,96602,182593
19.54,09-20-2026 18:34:06:077,96571,182528
19.55,09-20-2026 18:34:06:087,96604,182468
19.56,09-20-2026 18:34:06:097,96563,182408
19.57,09-20-2026 18:34:06:107,96582,182363
19.58,09-20-2026 18:34:06:117,96555,182328
19.59,09-20-2026 18:34:06:127,96586,182268
19.6,09-20-2026 18:34:06:137,96547,182238
19.61,09-20-2026 18:34:06:147,96598,182182
19.62,09-20-2026 18:34:06:157,96574,182149
19.63,09-20-2026 18:34:06:167,96608,182089
19.64,09-20-2026 18:34:06:177,96559,182032
19.65,09-20-2026 18:34:06:187,96610,182002
19.66,09-20-2026 18:34:06:197,96550,181933
19.67,09-20-2026 18:34:06:207,96605,181903
19.68,09-20-2026 18:34:06:217,96572,181876
19.69,09-20-2026 18:34:06:227,96610,181861
19.7,09-20-2026 18:34:06:237,96583,181855
19.71,09-20-2026 18:34:06:247,96615,181839
19.72,09-20-2026 18:34:06:257,96577,181811
19.73,09-20-2026 18:34:06:267,96630,181795
19.74,09-20-2026 18:34:06:277,96587,181793
19.75,09-20-2026 18:34:06:287,96641,181751
19.76,09-20-2026 18:34:06:297,96589,181717
19.77,09-20-2026 18:34:06:307,96639,181691
19.78,09-20-2026 18:34:06:317,96605,181679
19.79,09-20-2026 18:34:06:327,96645,181635
19.8,09-20-2026 18:34:06:337,96620,181633
19.81,09-20-2026 18:34:06:347,96644,181621
19.82,09-20-2026 18:34:06:357,96616,181591
19.83,09-20-2026 18:34:06:367,96655,181591
19.84,09-20-2026 18:34:06:377,96630,181570
19.85,09-20-2026 18:34:06:387,96665,181574
19.86,09-20-2026 18:34:06:397,96671,181568
19.87,09-20-2026 18:34:06:407,96658,181564
19.88,09-20-2026 18:34:06:417,96672,181592
19.89,09-20-2026 18:34:06:427,96664,181581
19.9,09-20-2026 18:34:06:437,96686,181578
19.91,09-20-2026 18:34:06:447,96668,181590
19.92,09-20-2026 18:34:06:457,96656,181592
19.93,09-20-2026 18:34:06:467,96608,181594
19.94,09-20-2026 18:34:06:477,96600,181601
19.95,09-20-2026 18:34:06:487,96570,181600
19.96,09-20-2026 18:34:06:497,96566,181622
19.97,09-20-2026 18:34:06:507,96522,181629
19.98,09-20-2026 18:34:06:517,96536,181645
19.99,09-20-2026 18:34:06:527,96492,181646
20,09-20-2026 18:34:06:537,96500,181671
20.01,09-20-2026 18:34:06:547,96476,181688
20.02,09-20-2026 18:34:06:557,96486,181698
20.03,09-20-2026 18:34:06:567,96453,181708
20.04,09-20-2026 18:34:06:577,96475,181740
20.05,09-20-2026 18:34:06:587,96431,181754
20.06,09-20-2026 18:34:06:597,96458,181762
20.07,09-20-2026 18:34:06:607,96413,181772
20.08,09-20-2026 18:34:06:617,96444,181806
20.09,09-20-2026 18:34:06:627,96410,181820
20.1,09-20-2026 18:34:06:637,96429,181816
20.11,09-20-2026 18:34:06:647,96378,181871
20.12,09-20-2026 18:34:06:657,96422,181865
20.13,09-20-2026 18:34:06:667,96375,181887
20.14,09-20-2026 18:34:06:677,96421,181907
20.15,09-20-2026 18:34:06:687,96388,181927
20.16,09-20-2026 18:34:06:697,96394,181927
20.17,09-20-2026 18:34:06:707,96382,181973
20.18,09-20-2026 18:34:06:717,96395,181983
20.19,09-20-2026 18:34:06:727,96366,182001
20.2,09-20-2026 18:34:06:737,96384,182017
20.21,09-20-2026 18:34:06:747,96368,182031
20.22,09-20-2026 18:34:06:757,96386,182057
20.23,09-20-2026 18:34:06:767,96361,182055
20.24,09-20-2026 18:34:06:777,96384,182067
20.25,09-20-2026 18:34:06:787,96353,182062
20.26,09-20-2026 18:34:06:797,96355,182085
20.27,09-20-2026 18:34:06:807,96353,182107
20.28,09-20-2026 18:34:06:817,96352,182117
20.29,09-20-2026 18:34:06:827,96351,182123
20.3,09-20-2026 18:34:06:837,96370,182113
20.31,09-20-2026 18:34:06:847,96358,182085
20.32,09-20-2026 18:34:06:857,96358,181977
20.33,09-20-2026 18:34:06:867,96371,181815
20.34,09-20-2026 18:34:06:877,96374,181680
20.35,09-20-2026 18:34:06:887,96392,181527
20.36,09-20-2026 18:34:06:897,96387,181365
20.37,09-20-2026 18:34:06:907,96380,181248
20.38,09-20-2026 18:34:06:917,96382,181140
20.39,09-20-2026 18:34:06:927,96383,181050
20.4,09-20-2026 18:34:06:937,96383,180987
20.41,09-20-2026 18:34:06:947,96401,180921
20.42,09-20-2026 18:34:06:957,96393,180865
20.43,09-20-2026 18:34:06:967,96387,180833
20.44,09-20-2026 18:34:06:977,96404,180777
20.45,09-20-2026 18:34:06:987,96396,180737
20.46,09-20-2026 18:34:06:997,96411,180677
20.47,09-20-2026 18:34:07:007,96416,180609
20.48,09-20-2026 18:34:07:017,96426,180581
20.49,09-20-2026 18:34:07:027,96420,180513
20.5,09-20-2026 18:34:07:037,96421,180481
20.51,09-20-2026 18:34:07:047,96441,180424
20.52,09-20-2026 18:34:07:057,96440,180404
20.53,09-20-2026 18:34:07:067,96438,180366
20.54,09-20-2026 18:34:07:077,96450,180350
20.55,09-20-2026 18:34:07:087,96455,180362
20.56,09-20-2026 18:34:07:097,96451,180366
20.57,09-20-2026 18:34:07:107,96459,180360
20.58,09-20-2026 18:34:07:117,96456,180344
20.59,09-20-2026 18:34:07:127,96465,180328
20.6,09-20-2026 18:34:07:137,96472,180290
20.61,09-20-2026 18:34:07:147,96494,180291
20.62,09-20-2026 18:34:07:157,96487,180290
20.63,09-20-2026 18:34:07:167,96489,180246
20.64,09-20-2026 18:34:07:177,96495,180263
20.65,09-20-2026 18:34:07:187,96486,180231
20.66,09-20-2026 18:34:07:197,96499,180233
20.67,09-20-2026 18:34:07:207,96506,180232
20.68,09-20-2026 18:34:07:217,96524,180231
20.69,09-20-2026 18:34:07:227,96533,180226
20.7,09-20-2026 18:34:07:237,96533,180255
20.71,09-20-2026 18:34:07:247,96536,180240
20.72,09-20-2026 18:34:07:257,96542,180280
20.73,09-20-2026 18:34:07:267,96560,180280
20.74,09-20-2026 18:34:07:277,96549,180316
20.75,09-20-2026 18:34:07:287,96542,180298
20.76,09-20-2026 18:34:07:297,96516,180342
20.77,09-20-2026 18:34:07:307,96503,180338
20.78,09-20-2026 18:34:07:317,96486,180380
20.79,09-20-2026 18:34:07:327,96464,180390
20.8,09-20-2026 18:34:07:337,96449,180390
20.81,09-20-2026 18:34:07:347,96430,180415
20.82,09-20-2026 18:34:07:357,96425,180413
20.83,09-20-2026 18:34:07:367,96415,180443
20.84,09-20-2026 18:34:07:377,96405,180439
20.85,09-20-2026 18:34:07:387,96404,180497
20.86,09-20-2026 18:34:07:397,96420,180485
20.87,09-20-2026 18:34:07:407,96401,180567
20.88,09-20-2026 18:34:07:417,96408,180535
20.89,09-20-2026 18:34:07:427,96402,180617
20.9,09-20-2026 18:34:07:437,96392,180587
20.91,09-20-2026 18:34:07:447,96379,180668
20.92,09-20-2026 18:34:07:457,96401,180646
20.93,09-20-2026 18:34:07:467,96387,180724
20.94,09-20-2026 18:34:07:477,96384,180702
20.95,09-20-2026 18:34:07:487,96374,180780
20.96,09-20-2026 18:34:07:497,96382,180748
20.97,09-20-2026 18:34:07:507,96371,180832
20.98,09-20-2026 18:34:07:517,96401,180814
20.99,09-20-2026 18:34:07:527,96389,180894
21,09-20-2026 18:34:07:537,96391,180900
21.01,09-20-2026 18:34:07:547,96397,180963
21.02,09-20-2026 18:34:07:557,96378,180963
21.03,09-20-2026 18:34:07:567,96390,181044
21.04,09-20-2026 18:34:07:577,96379,181044
21.05,09-20-2026 18:34:07:587,96401,181116
21.06,09-20-2026 18:34:07:597,96383,181128
21.07,09-20-2026 18:34:07:607,96376,181191
21.08,09-20-2026 18:34:07:617,96387,181212
21.09,09-20-2026 18:34:07:627,96389,181260
21.1,09-20-2026 18:34:07:637,96373,181293
21.11,09-20-2026 18:34:07:647,96390,181367
21.12,09-20-2026 18:34:07:657,96386,181385
21.13,09-20-2026 18:34:07:667,96375,181427
21.14,09-20-2026 18:34:07:677,96378,181421
21.15,09-20-2026 18:34:07:687,96405,181367
21.16,09-20-2026 18:34:07:697,96406,181289
21.17,09-20-2026 18:34:07:707,96373,181145
21.18,09-20-2026 18:34:07:717,96393,181031
21.19,09-20-2026 18:34:07:727,96414,180887
21.2,09-20-2026 18:34:07:737,96404,180779
21.21,09-20-2026 18:34:07:747,96415,180693
21.22,09-20-2026 18:34:07:757,96423,180633
21.23,09-20-2026 18:34:07:767,96416,180567
21.24,09-20-2026 18:34:07:777,96416,180561
21.25,09-20-2026 18:34:07:787,96412,180501
21.26,09-20-2026 18:34:07:797,96423,180516
21.27,09-20-2026 18:34:07:807,96418,180480
21.28,09-20-2026 18:34:07:817,96438,180483
21.29,09-20-2026 18:34:07:827,96432,180447
21.3,09-20-2026 18:34:07:837,96451,180426
21.31,09-20-2026 18:34:07:847,96449,180407
21.32,09-20-2026 18:34:07:857,96449,180418
21.33,09-20-2026 18:34:07:867,96460,180345
21.34,09-20-2026 18:34:07:877,96455,180374
21.35,09-20-2026 18:34:07:887,96482,180320
21.36,09-20-2026 18:34:07:897,96464,180358
21.37,09-20-2026 18:34:07:907,96463,180337
21.38,09-20-2026 18:34:07:917,96472,180392
21.39,09-20-2026 18:34:07:927,96480,180375
21.4,09-20-2026 18:34:07:937,96461,180401
21.41,09-20-2026 18:34:07:947,96480,180374
21.42,09-20-2026 18:34:07:957,96472,180407
21.43,09-20-2026 18:34:07:967,96493,180390
21.44,09-20-2026 18:34:07:977,96487,180391
21.45,09-20-2026 18:34:07:987,96494,180366
21.46,09-20-2026 18:34:07:997,96487,180390
21.47,09-20-2026 18:34:08:007,96502,180359
21.48,09-20-2026 18:34:08:017,96477,180372
21.49,09-20-2026 18:34:08:027,96514,180356
21.5,09-20-2026 18:34:08:037,96501,180362
21.51,09-20-2026 18:34:08:047,96533,180348
21.52,09-20-2026 18:34:08:057,96517,180364
21.53,09-20-2026 18:34:08:067,96549,180346
21.54,09-20-2026 18:34:08:077,96516,180374
21.55,09-20-2026 18:34:08:087,96552,180376
21.56,09-20-2026 18:34:08:097,96520,180400
21.57,09-20-2026 18:34:08:107,96538,180432
21.58,09-20-2026 18:34:08:117,96473,180424
21.59,09-20-2026 18:34:08:127,96495,180448
21.6,09-20-2026 18:34:08:137,96450,180484
21.61,09-20-2026 18:34:08:147,96463,180519
21.62,09-20-2026 18:34:08:157,96419,180513
21.63,09-20-2026 18:34:08:167,96439,180543
21.64,09-20-2026 18:34:08:177,96401,180569
21.65,09-20-2026 18:34:08:187,96437,180593
21.66,09-20-2026 18:34:08:197,96394,180619
21.67,09-20-2026 18:34:08:207,96429,180643
21.68,09-20-2026 18:34:08:217,96383,180665
21.69,09-20-2026 18:34:08:227,96414,180699
21.7,09-20-2026 18:34:08:237,96404,180719
21.71,09-20-2026 18:34:08:247,96418,180761
21.72,09-20-2026 18:34:08:257,96400,180769
21.73,09-20-2026 18:34:08:267,96430,180827
21.74,09-20-2026 18:34:08:277,96394,180827
21.75,09-20-2026 18:34:08:287,96421,180863
21.76,09-20-2026 18:34:08:297,96413,180891
21.77,09-20-2026 18:34:08:307,96420,180909
21.78,09-20-2026 18:34:08:317,96417,180941
21.79,09-20-2026 18:34:08:327,96439,180947
21.8,09-20-2026 18:34:08:337,96431,180977
21.81,09-20-2026 18:34:08:347,96437,181027
21.82,09-20-2026 18:34:08:357,96445,181051
21.83,09-20-2026 18:34:08:367,96449,181072
21.84,09-20-2026 18:34:08:377,96454,181102
21.85,09-20-2026 18:34:08:387,96455,181132
21.86,09-20-2026 18:34:08:397,96461,181162
21.87,09-20-2026 18:34:08:407,96440,181204
21.88,09-20-2026 18:34:08:417,96471,181243
21.89,09-20-2026 18:34:08:427,96451,181255
21.9,09-20-2026 18:34:08:437,96461,181315
21.91,09-20-2026 18:34:08:447,96437,181355
21.92,09-20-2026 18:34:08:457,96467,181387
21.93,09-20-2026 18:34:08:467,96459,181443
21.94,09-20-2026 18:34:08:477,96475,181475
21.95,09-20-2026 18:34:08:487,96474,181479
21.96,09-20-2026 18:34:08:497,96499,181435
21.97,09-20-2026 18:34:08:507,96471,181363
21.98,09-20-2026 18:34:08:517,96484,181267
21.99,09-20-2026 18:34:08:527,96481,181155
22,09-20-2026 18:34:08:537,96502,181043
22.01,09-20-2026 18:34:08:547,96495,180949
22.02,09-20-2026 18:34:08:557,96519,180881
22.03,09-20-2026 18:34:08:567,96492,180841
22.04,09-20-2026 18:34:08:577,96523,180803
22.05,09-20-2026 18:34:08:587,96504,180767
22.06,09-20-2026 18:34:08:597,96547,180767
22.07,09-20-2026 18:34:08:607,96516,180773
22.08,09-20-2026 18:34:08:617,96550,180763
22.09,09-20-2026 18:34:08:627,96508,180767
22.1,09-20-2026 18:34:08:637,96567,180765
22.11,09-20-2026 18:34:08:647,96524,180763
22.12,09-20-2026 18:34:08:657,96547,180753
22.13,09-20-2026 18:34:08:667,96535,180753
22.14,09-20-2026 18:34:08:677,96567,180752
22.15,09-20-2026 18:34:08:687,96562,180750
22.16,09-20-2026 18:34:08:697,96573,180737
22.17,09-20-2026 18:34:08:707,96565,180742
22.18,09-20-2026 18:34:08:717,96569,180765
22.19,09-20-2026 18:34:08:727,96570,180802
22.2,09-20-2026 18:34:08:737,96582,180803
22.21,09-20-2026 18:34:08:747,96581,180812
22.22,09-20-2026 18:34:08:757,96597,180844
22.23,09-20-2026 18:34:08:767,96598,180856
22.24,09-20-2026 18:34:08:777,96597,180844
22.25,09-20-2026 18:34:08:787,96602,180844
22.26,09-20-2026 18:34:08:797,96610,180861
22.27,09-20-2026 18:34:08:807,96620,180879
22.28,09-20-2026 18:34:08:817,96626,180889
22.29,09-20-2026 18:34:08:827,96640,180892
22.3,09-20-2026 18:34:08:837,96649,180896
22.31,09-20-2026 18:34:08:847,96650,180920
22.32,09-20-2026 18:34:08:857,96658,180958
22.33,09-20-2026 18:34:08:867,96663,180960
22.34,09-20-2026 18:34:08:877,96659,180972
22.35,09-20-2026 18:34:08:887,96647,181024
22.36,09-20-2026 18:34:08:897,96651,181044
22.37,09-20-2026 18:34:08:907,96631,181060
22.38,09-20-2026 18:34:08:917,96624,181080
22.39,09-20-2026 18:34:08:927,96623,181122
22.4,09-20-2026 18:34:08:937,96593,181134
22.41,09-20-2026 18:34:08:947,96587,181162
22.42,09-20-2026 18:34:08:957,96568,181192
22.43,09-20-2026 18:34:08:967,96582,181216
22.44,09-20-2026 18:34:08:977,96581,181225
22.45,09-20-2026 18:34:08:987,96586,181270
22.46,09-20-2026 18:34:08:997,96575,181294
22.47,09-20-2026 18:34:09:007,96578,181333
22.48,09-20-2026 18:34:09:017,96592,181375
22.49,09-20-2026 18:34:09:027,96585,181402
22.5,09-20-2026 18:34:09:037,96570,181453
22.51,09-20-2026 18:34:09:047,96585,181459
22.52,09-20-2026 18:34:09:057,96577,181489
22.53,09-20-2026 18:34:09:067,96581,181534
22.54,09-20-2026 18:34:09:077,96579,181561
22.55,09-20-2026 18:34:09:087,96583,181582
22.56,09-20-2026 18:34:09:097,96590,181627
22.57,09-20-2026 18:34:09:107,96586,181669
22.58,09-20-2026 18:34:09:117,96602,181696
22.59,09-20-2026 18:34:09:127,96588,181729
22.6,09-20-2026 18:34:09:137,96587,181774
22.61,09-20-2026 18:34:09:147,96599,181790
22.62,09-20-2026 18:34:09:157,96593,181823
22.63,09-20-2026 18:34:09:167,96593,181874
22.64,09-20-2026 18:34:09:177,96603,181904
22.65,09-20-2026 18:34:09:187,96600,181940
22.66,09-20-2026 18:34:09:197,96595,181985
22.67,09-20-2026 18:34:09:207,96608,182036
22.68,09-20-2026 18:34:09:217,96592,182084
22.69,09-20-2026 18:34:09:227,96613,182114
22.7,09-20-2026 18:34:09:237,96609,182171
22.71,09-20-2026 18:34:09:247,96607,182184
22.72,09-20-2026 18:34:09:257,96609,182252
22.73,09-20-2026 18:34:09:267,96614,182260
22.74,09-20-2026 18:34:09:277,96600,182300
22.75,09-20-2026 18:34:09:287,96602,182256
22.76,09-20-2026 18:34:09:297,96621,182208
22.77,09-20-2026 18:34:09:307,96619,182076
22.78,09-20-2026 18:34:09:317,96626,182020
22.79,09-20-2026 18:34:09:327,96601,181900
22.8,09-20-2026 18:34:09:337,96636,181872
22.81,09-20-2026 18:34:09:347,96618,181753
22.82,09-20-2026 18:34:09:357,96640,181775
22.83,09-20-2026 18:34:09:367,96626,181716
22.84,09-20-2026 18:34:09:377,96638,181746
22.85,09-20-2026 18:34:09:387,96644,181712
22.86,09-20-2026 18:34:09:397,96639,181767
22.87,09-20-2026 18:34:09:407,96649,181740
22.88,09-20-2026 18:34:09:417,96656,181788
22.89,09-20-2026 18:34:09:427,96648,181728
22.9,09-20-2026 18:34:09:437,96666,181791
22.91,09-20-2026 18:34:09:447,96659,181748
22.92,09-20-2026 18:34:09:457,96675,181798
22.93,09-20-2026 18:34:09:467,96676,181740
22.94,09-20-2026 18:34:09:477,96671,181798
22.95,09-20-2026 18:34:09:487,96663,181782
22.96,09-20-2026 18:34:09:497,96691,181852
22.97,09-20-2026 18:34:09:507,96671,181800
22.98,09-20-2026 18:34:09:517,96682,181890
22.99,09-20-2026 18:34:09:527,96678,181884
23,09-20-2026 18:34:09:537,96689,181914
23.01,09-20-2026 18:34:09:547,96690,181936
23.02,09-20-2026 18:34:09:557,96691,181936
23.03,09-20-2026 18:34:09:567,96702,181942
23.04,09-20-2026 18:34:09:577,96700,181965
23.05,09-20-2026 18:34:09:587,96697,181973
23.06,09-20-2026 18:34:09:597,96699,181970
23.07,09-20-2026 18:34:09:607,96705,181960
23.08,09-20-2026 18:34:09:617,96717,182007
23.09,09-20-2026 18:34:09:627,96709,182020
23.1,09-20-2026 18:34:09:637,96715,182049
23.11,09-20-2026 18:34:09:647,96711,182087
23.12,09-20-2026 18:34:09:657,96699,182091
23.13,09-20-2026 18:34:09:667,96701,182117
23.14,09-20-2026 18:34:09:677,96682,182129
23.15,09-20-2026 18:34:09:687,96675,182153
23.16,09-20-2026 18:34:09:697,96662,182179
23.17,09-20-2026 18:34:09:707,96631,182219
23.18,09-20-2026 18:34:09:717,96635,182223
23.19,09-20-2026 18:34:09:727,96641,182245
23.2,09-20-2026 18:34:09:737,96647,182265
23.21,09-20-2026 18:34:09:747,96636,182334
23.22,09-20-2026 18:34:09:757,96634,182326
23.23,09-20-2026 18:34:09:767,96641,182350
23.24,09-20-2026 18:34:09:777,96643,182364
23.25,09-20-2026 18:34:09:787,96635,182442
23.26,09-20-2026 18:34:09:797,96633,182446
23.27,09-20-2026 18:34:09:807,96628,182484
23.28,09-20-2026 18:34:09:817,96633,182500
23.29,09-20-2026 18:34:09:827,96645,182554
23.3,09-20-2026 18:34:09:837,96641,182556
23.31,09-20-2026 18:34:09:847,96644,182608
23.32,09-20-2026 18:34:09:857,96648,182620
23.33,09-20-2026 18:34:09:867,96645,182670
23.34,09-20-2026 18:34:09:877,96652,182666
23.35,09-20-2026 18:34:09:887,96646,182728
23.36,09-20-2026 18:34:09:897,96657,182708
23.37,09-20-2026 18:34:09:907,96648,182778
23.38,09-20-2026 18:34:09:917,96648,182794
23.39,09-20-2026 18:34:09:927,96649,182824
23.4,09-20-2026 18:34:09:937,96656,182824
23.41,09-20-2026 18:34:09:947,96654,182893
23.42,09-20-2026 18:34:09:957,96659,182911
23.43,09-20-2026 18:34:09:967,96641,182971
23.44,09-20-2026 18:34:09:977,96649,182974
23.45,09-20-2026 18:34:09:987,96656,183019
23.46,09-20-2026 18:34:09:997,96662,183025
23.47,09-20-2026 18:34:10:007,96631,183091
23.48,09-20-2026 18:34:10:017,96677,183109
23.49,09-20-2026 18:34:10:027,96662,183160
23.5,09-20-2026 18:34:10:037,96667,183145
23.51,09-20-2026 18:34:10:047,96648,183082
23.52,09-20-2026 18:34:10:057,96676,183014
23.53,09-20-2026 18:34:10:067,96661,182930
23.54,09-20-2026 18:34:10:077,96682,182838
23.55,09-20-2026 18:34:10:087,96641,182754
23.56,09-20-2026 18:34:10:097,96700,182698
23.57,09-20-2026 18:34:10:107,96677,182642
23.58,09-20-2026 18:34:10:117,96696,182626
23.59,09-20-2026 18:34:10:127,96678,182602
23.6,09-20-2026 18:34:10:137,96710,182610
23.61,09-20-2026 18:34:10:147,96660,182603
23.62,09-20-2026 18:34:10:157,96718,182619
23.63,09-20-2026 18:34:10:167,96689,182633
23.64,09-20-2026 18:34:10:177,96699,182633
23.65,09-20-2026 18:34:10:187,96647,182630
23.66,09-20-2026 18:34:10:197,96714,182624
23.67,09-20-2026 18:34:10:207,96679,182618
23.68,09-20-2026 18:34:10:217,96720,182647
23.69,09-20-2026 18:34:10:227,96681,182620
23.7,09-20-2026 18:34:10:237,96732,182639
23.71,09-20-2026 18:34:10:247,96700,182625
23.72,09-20-2026 18:34:10:257,96729,182671
23.73,09-20-2026 18:34:10:267,96725,182709
23.74,09-20-2026 18:34:10:277,96738,182703
23.75,09-20-2026 18:34:10:287,96723,182719
23.76,09-20-2026 18:34:10:297,96746,182741
23.77,09-20-2026 18:34:10:307,96729,182737
23.78,09-20-2026 18:34:10:317,96761,182757
23.79,09-20-2026 18:34:10:327,96742,182757
23.8,09-20-2026 18:34:10:337,96761,182775
23.81,09-20-2026 18:34:10:347,96764,182769
23.82,09-20-2026 18:34:10:357,96771,182777
23.83,09-20-2026 18:34:10:367,96767,182796
23.84,09-20-2026 18:34:10:377,96767,182796
23.85,09-20-2026 18:34:10:387,96765,182800
23.86,09-20-2026 18:34:10:397,96755,182815
23.87,09-20-2026 18:34:10:407,96746,182830
23.88,09-20-2026 18:34:10:417,96725,182846
23.89,09-20-2026 18:34:10:427,96719,182875
23.9,09-20-2026 18:34:10:437,96693,182880
23.91,09-20-2026 18:34:10:447,96699,182911
23.92,09-20-2026 18:34:10:457,96685,182941
23.93,09-20-2026 18:34:10:467,96713,182941
23.94,09-20-2026 18:34:10:477,96689,182965
23.95,09-20-2026 18:34:10:487,96713,182969
23.96,09-20-2026 18:34:10:497,96684,183003
23.97,09-20-2026 18:34:10:507,96726,183019
23.98,09-20-2026 18:34:10:517,96672,183043
23.99,09-20-2026 18:34:10:527,96713,183085
24,09-20-2026 18:34:10:537,96673,183081
24.01,09-20-2026 18:34:10:547,96705,183090
24.02,09-20-2026 18:34:10:557,96661,183126
24.03,09-20-2026 18:34:10:567,96719,183124
24.04,09-20-2026 18:34:10:577,96653,183160
24.05,09-20-2026 18:34:10:587,96719,183196
24.06,09-20-2026 18:34:10:597,96666,183202
24.07,09-20-2026 18:34:10:607,96711,183226
24.08,09-20-2026 18:34:10:617,96664,183248
24.09,09-20-2026 18:34:10:627,96697,183254
24.1,09-20-2026 18:34:10:637,96690,183282
24.11,09-20-2026 18:34:10:647,96691,183300
24.12,09-20-2026 18:34:10:657,96671,183334
24.13,09-20-2026 18:34:10:667,96681,183342
24.14,09-20-2026 18:34:10:677,96673,183378
24.15,09-20-2026 18:34:10:687,96696,183390
24.16,09-20-2026 18:34:10:697,96671,183426
24.17,09-20-2026 18:34:10:707,96691,183444
24.18,09-20-2026 18:34:10:717,96675,183478
24.19,09-20-2026 18:34:10:727,96664,183502
24.2,09-20-2026 18:34:10:737,96682,183528
24.21,09-20-2026 18:34:10:747,96658,183546
24.22,09-20-2026 18:34:10:757,96676,183582
24.23,09-20-2026 18:34:10:767,96668,183566
24.24,09-20-2026 18:34:10:777,96684,183538
24.25,09-20-2026 18:34:10:787,96669,183490
24.26,09-20-2026 18:34:10:797,96676,183406
24.27,09-20-2026 18:34:10:807,96676,183322
24.28,09-20-2026 18:34:10:817,96683,183246
24.29,09-20-2026 18:34:10:827,96675,183162
24.3,09-20-2026 18:34:10:837,96681,183110
24.31,09-20-2026 18:34:10:847,96679,183089
24.32,09-20-2026 18:34:10:857,96676,183068
24.33,09-20-2026 18:34:10:867,96691,183042
24.34,09-20-2026 18:34:10:877,96685,183030
24.35,09-20-2026 18:34:10:887,96688,183038
24.36,09-20-2026 18:34:10:897,96688,183035
24.37,09-20-2026 18:34:10:907,96693,183030
24.38,09-20-2026 18:34:10:917,96709,183020
24.39,09-20-2026 18:34:10:927,96700,182995
24.4,09-20-2026 18:34:10:937,96702,182995
24.41,09-20-2026 18:34:10:947,96698,182985
24.42,09-20-2026 18:34:10:957,96703,182966
24.43,09-20-2026 18:34:10:967,96713,182964
24.44,09-20-2026 18:34:10:977,96699,182959
24.45,09-20-2026 18:34:10:987,96704,182954
24.46,09-20-2026 18:34:10:997,96707,182977
24.47,09-20-2026 18:34:11:007,96708,182991
24.48,09-20-2026 18:34:11:017,96708,183005
24.49,09-20-2026 18:34:11:027,96722,183005
24.5,09-20-2026 18:34:11:037,96716,183022
24.51,09-20-2026 18:34:11:047,96718,183004
24.52,09-20-2026 18:34:11:057,96711,183004
24.53,09-20-2026 18:34:11:067,96737,182984
24.54,09-20-2026 18:34:11:077,96716,183019
24.55,09-20-2026 18:34:11:087,96723,183021
24.56,09-20-2026 18:34:11:097,96732,183015
24.57,09-20-2026 18:34:11:107,96728,183017
24.58,09-20-2026 18:34:11:117,96752,183009
24.59,09-20-2026 18:34:11:127,96740,183015
24.6,09-20-2026 18:34:11:137,96745,183020
24.61,09-20-2026 18:34:11:147,96750,183046
24.62,09-20-2026 18:34:11:157,96726,183040
24.63,09-20-2026 18:34:11:167,96725,183072
24.64,09-20-2026 18:34:11:177,96730,183067
24.65,09-20-2026 18:34:11:187,96691,183083
24.66,09-20-2026 18:34:11:197,96689,183087
24.67,09-20-2026 18:34:11:207,96661,183109
24.68,09-20-2026 18:34:11:217,96680,183116
24.69,09-20-2026 18:34:11:227,96650,183127
24.7,09-20-2026 18:34:11:237,96646,183117
24.71,09-20-2026 18:34:11:247,96635,183167
24.72,09-20-2026 18:34:11:257,96631,183133
24.73,09-20-2026 18:34:11:267,96615,183169
24.74,09-20-2026 18:34:11:277,96617,183167
24.75,09-20-2026 18:34:11:287,96630,183207
24.76,09-20-2026 18:34:11:297,96620,183183
24.77,09-20-2026 18:34:11:307,96610,183243
24.78,09-20-2026 18:34:11:317,96609,183203
24.79,09-20-2026 18:34:11:327,96600,183269
24.8,09-20-2026 18:34:11:337,96593,183259
24.81,09-20-2026 18:34:11:347,96594,183284
24.82,09-20-2026 18:34:11:357,96584,183270
24.83,09-20-2026 18:34:11:367,96581,183340
24.84,09-20-2026 18:34:11:377,96587,183308
24.85,09-20-2026 18:34:11:387,96579,183364
24.86,09-20-2026 18:34:11:397,96571,183302
24.87,09-20-2026 18:34:11:407,96588,183386
24.88,09-20-2026 18:34:11:417,96565,183354
24.89,09-20-2026 18:34:11:427,96564,183420
24.9,09-20-2026 18:34:11:437,96558,183390
24.91,09-20-2026 18:34:11:447,96548,183447
24.92,09-20-2026 18:34:11:457,96540,183429
24.93,09-20-2026 18:34:11:467,96537,183499
24.94,09-20-2026 18:34:11:477,96559,183475
24.95,09-20-2026 18:34:11:487,96523,183535
24.96,09-20-2026 18:34:11:497,96542,183527
24.97,09-20-2026 18:34:11:507,96540,183573
24.98,09-20-2026 18:34:11:517,96548,183561
24.99,09-20-2026 18:34:11:527,96535,183601
25,09-20-2026 18:34:11:537,96536,183605
25.01,09-20-2026 18:34:11:547,96528,183633
25.02,09-20-2026 18:34:11:557,96520,183593
25.03,09-20-2026 18:34:11:567,96526,183518
25.04,09-20-2026 18:34:11:577,96529,183413
25.05,09-20-2026 18:34:11:587,96523,183348
25.06,09-20-2026 18:34:11:597,96512,183253
25.07,09-20-2026 18:34:11:607,96504,183163
25.08,09-20-2026 18:34:11:617,96518,183118
25.09,09-20-2026 18:34:11:627,96512,183048
25.1,09-20-2026 18:34:11:637,96517,183028
25.11,09-20-2026 18:34:11:647,96519,182977
25.12,09-20-2026 18:34:11:657,96513,182975
25.13,09-20-2026 18:34:11:667,96517,182919
25.14,09-20-2026 18:34:11:677,96519,182923
25.15,09-20-2026 18:34:11:687,96522,182867
25.16,09-20-2026 18:34:11:697,96512,182853
25.17,09-20-2026 18:34:11:707,96508,182809
25.18,09-20-2026 18:34:11:717,96523,182805
25.19,09-20-2026 18:34:11:727,96505,182729
25.2,09-20-2026 18:34:11:737,96514,182731
25.21,09-20-2026 18:34:11:747,96521,182665
25.22,09-20-2026 18:34:11:757,96529,182651
25.23,09-20-2026 18:34:11:767,96512,182603
25.24,09-20-2026 18:34:11:777,96508,182616
25.25,09-20-2026 18:34:11:787,96513,182580
25.26,09-20-2026 18:34:11:797,96507,182640
25.27,09-20-2026 18:34:11:807,96527,182582
25.28,09-20-2026 18:34:11:817,96515,182605
25.29,09-20-2026 18:34:11:827,96519,182567
25.3,09-20-2026 18:34:11:837,96524,182574
25.31,09-20-2026 18:34:11:847,96526,182512
25.32,09-20-2026 18:34:11:857,96493,182536
25.33,09-20-2026 18:34:11:867,96531,182482
25.34,09-20-2026 18:34:11:877,96506,182512
25.35,09-20-2026 18:34:11:887,96519,182460
25.36,09-20-2026 18:34:11:897,96520,182472
25.37,09-20-2026 18:34:11:907,96532,182452
25.38,09-20-2026 18:34:11:917,96529,182420
25.39,09-20-2026 18:34:11:927,96522,182422
25.4,09-20-2026 18:34:11:937,96516,182406
25.41,09-20-2026 18:34:11:947,96527,182426
25.42,09-20-2026 18:34:11:957,96505,182421
25.43,09-20-2026 18:34:11:967,96551,182400
25.44,09-20-2026 18:34:11:977,96497,182383
25.45,09-20-2026 18:34:11:987,96517,182397
25.46,09-20-2026 18:34:11:997,96473,182405
25.47,09-20-2026 18:34:12:007,96469,182390
25.48,09-20-2026 18:34:12:017,96437,182399
25.49,09-20-2026 18:34:12:027,96447,182379
25.5,09-20-2026 18:34:12:037,96379,182399
25.51,09-20-2026 18:34:12:047,96424,182396
25.52,09-20-2026 18:34:12:057,96385,182392
25.53,09-20-2026 18:34:12:067,96416,182391
25.54,09-20-2026 18:34:12:077,96370,182403
25.55,09-20-2026 18:34:12:087,96381,182417
25.56,09-20-2026 18:34:12:097,96361,182429
25.57,09-20-2026 18:34:12:107,96383,182407
25.58,09-20-2026 18:34:12:117,96317,182439
25.59,09-20-2026 18:34:12:127,96359,182435
25.6,09-20-2026 18:34:12:137,96313,182463
25.61,09-20-2026 18:34:12:147,96332,182455
25.62,09-20-2026 18:34:12:157,96302,182471
25.63,09-20-2026 18:34:12:167,96317,182448
25.64,09-20-2026 18:34:12:177,96289,182478
25.65,09-20-2026 18:34:12:187,96312,182468
25.66,09-20-2026 18:34:12:197,96273,182498
25.67,09-20-2026 18:34:12:207,96314,182490
25.68,09-20-2026 18:34:12:217,96279,182480
25.69,09-20-2026 18:34:12:227,96314,182497
25.7,09-20-2026 18:34:12:237,96288,182499
25.71,09-20-2026 18:34:12:247,96301,182527
25.72,09-20-2026 18:34:12:257,96279,182527
25.73,09-20-2026 18:34:12:267,96277,182545
25.74,09-20-2026 18:34:12:277,96289,182563
25.75,09-20-2026 18:34:12:287,96270,182581
25.76,09-20-2026 18:34:12:297,96281,182597
25.77,09-20-2026 18:34:12:307,96266,182613
25.78,09-20-2026 18:34:12:317,96275,182623
25.79,09-20-2026 18:34:12:327,96266,182657
25.8,09-20-2026 18:34:12:337,96285,182657
25.81,09-20-2026 18:34:12:347,96239,182697
25.82,09-20-2026 18:34:12:357,96265,182691
25.83,09-20-2026 18:34:12:367,96268,182679
25.84,09-20-2026 18:34:12:377,96259,182625
25.85,09-20-2026 18:34:12:387,96234,182493
25.86,09-20-2026 18:34:12:397,96255,182403
25.87,09-20-2026 18:34:12:407,96238,182283
25.88,09-20-2026 18:34:12:417,96268,182175
25.89,09-20-2026 18:34:12:427,96257,182043
25.9,09-20-2026 18:34:12:437,96270,181977
25.91,09-20-2026 18:34:12:447,96245,181922
25.92,09-20-2026 18:34:12:457,96279,181858
25.93,09-20-2026 18:34:12:467,96254,181814
25.94,09-20-2026 18:34:12:477,96276,181782
25.95,09-20-2026 18:34:12:487,96265,181742
25.96,09-20-2026 18:34:12:497,96276,181694
25.97,09-20-2026 18:34:12:507,96256,181646
25.98,09-20-2026 18:34:12:517,96291,181594
25.99,09-20-2026 18:34:12:527,96237,181550
26,09-20-2026 18:34:12:537,96283,181490
26.01,09-20-2026 18:34:12:547,96253,181454
26.02,09-20-2026 18:34:12:557,96292,181394
26.03,09-20-2026 18:34:12:567,96258,181337
26.04,09-20-2026 18:34:12:577,96271,181295
26.05,09-20-2026 18:34:12:587,96264,181283
26.06,09-20-2026 18:34:12:597,96285,181268
26.07,09-20-2026 18:34:12:607,96266,181241
26.08,09-20-2026 18:34:12:617,96313,181241
26.09,09-20-2026 18:34:12:627,96287,181238
26.1,09-20-2026 18:34:12:637,96286,181184
26.11,09-20-2026 18:34:12:647,96264,181156
26.12,09-20-2026 18:34:12:657,96300,181156
26.13,09-20-2026 18:34:12:667,96289,181122
26.14,09-20-2026 18:34:12:677,96281,181070
26.15,09-20-2026 18:34:12:687,96302,181096
26.16,09-20-2026 18:34:12:697,96284,181034
26.17,09-20-2026 18:34:12:707,96295,181040
26.18,09-20-2026 18:34:12:717,96297,181002
26.19,09-20-2026 18:34:12:727,96303,181006
26.2,09-20-2026 18:34:12:737,96299,180988
26.21,09-20-2026 18:34:12:747,96308,180991
26.22,09-20-2026 18:34:12:757,96311,180984
26.23,09-20-2026 18:34:12:767,96312,180969
26.24,09-20-2026 18:34:12:777,96325,180972
26.25,09-20-2026 18:34:12:787,96334,180985
26.26,09-20-2026 18:34:12:797,96312,180965
26.27,09-20-2026 18:34:12:807,96299,180967
26.28,09-20-2026 18:34:12:817,96292,180956
26.29,09-20-2026 18:34:12:827,96287,180982
26.3,09-20-2026 18:34:12:837,96260,180952
26.31,09-20-2026 18:34:12:847,96249,180980
26.32,09-20-2026 18:34:12:857,96235,180953
26.33,09-20-2026 18:34:12:867,96209,180977
26.34,09-20-2026 18:34:12:877,96203,181013
26.35,09-20-2026 18:34:12:887,96184,180996
26.36,09-20-2026 18:34:12:897,96181,180994
26.37,09-20-2026 18:34:12:907,96174,181017
26.38,09-20-2026 18:34:12:917,96162,181027
26.39,09-20-2026 18:34:12:927,96162,181033
26.4,09-20-2026 18:34:12:937,96131,181046
26.41,09-20-2026 18:34:12:947,96134,181059
26.42,09-20-2026 18:34:12:957,96109,181077
26.43,09-20-2026 18:34:12:967,96105,181075
26.44,09-20-2026 18:34:12:977,96107,181098
26.45,09-20-2026 18:34:12:987,96111,181110
26.46,09-20-2026 18:34:12:997,96085,181119
26.47,09-20-2026 18:34:13:007,96077,181123
26.48,09-20-2026 18:34:13:017,96072,181144
26.49,09-20-2026 18:34:13:027,96083,181151
26.5,09-20-2026 18:34:13:037,96067,181175
26.51,09-20-2026 18:34:13:047,96076,181179
26.52,09-20-2026 18:34:13:057,96079,181159
26.53,09-20-2026 18:34:13:067,96074,181197
26.54,09-20-2026 18:34:13:077,96059,181219
26.55,09-20-2026 18:34:13:087,96062,181243
26.56,09-20-2026 18:34:13:097,96064,181263
26.57,09-20-2026 18:34:13:107,96076,181279
26.58,09-20-2026 18:34:13:117,96050,181307
26.59,09-20-2026 18:34:13:127,96060,181327
26.6,09-20-2026 18:34:13:137,96056,181357
26.61,09-20-2026 18:34:13:147,96035,181359
26.62,09-20-2026 18:34:13:157,96045,181398
26.63,09-20-2026 18:34:13:167,96059,181404
26.64,09-20-2026 18:34:13:177,96039,181437
26.65,09-20-2026 18:34:13:187,96038,181443
26.66,09-20-2026 18:34:13:197,96061,181443
26.67,09-20-2026 18:34:13:207,96053,181395
26.68,09-20-2026 18:34:13:217,96026,181323
26.69,09-20-2026 18:34:13:227,96044,181164
26.7,09-20-2026 18:34:13:237,96058,181083
26.71,09-20-2026 18:34:13:247,96057,180912
26.72,09-20-2026 18:34:13:257,96062,180832
26.73,09-20-2026 18:34:13:267,96070,180697
26.74,09-20-2026 18:34:13:277,96044,180667
26.75,09-20-2026 18:34:13:287,96075,180562
26.76,09-20-2026 18:34:13:297,96063,180547
26.77,09-20-2026 18:34:13:307,96059,180462
26.78,09-20-2026 18:34:13:317,96065,180447
26.79,09-20-2026 18:34:13:327,96077,180367
26.8,09-20-2026 18:34:13:337,96071,180357
26.81,09-20-2026 18:34:13:347,96073,180246
26.82,09-20-2026 18:34:13:357,96075,180249
26.83,09-20-2026 18:34:13:367,96094,180168
26.84,09-20-2026 18:34:13:377,96086,180153
26.85,09-20-2026 18:34:13:387,96084,180045
26.86,09-20-2026 18:34:13:397,96095,180054
26.87,09-20-2026 18:34:13:407,96104,179973
26.88,09-20-2026 18:34:13:417,96101,179988
26.89,09-20-2026 18:34:13:427,96110,179901
26.9,09-20-2026 18:34:13:437,96104,179964
26.91,09-20-2026 18:34:13:447,96115,179943
26.92,09-20-2026 18:34:13:457,96125,179963
26.93,09-20-2026 18:34:13:467,96117,179932
26.94,09-20-2026 18:34:13:477,96110,179948
26.95,09-20-2026 18:34:13:487,96122,179893
26.96,09-20-2026 18:34:13:497,96125,179918
26.97,09-20-2026 18:34:13:507,96135,179862
26.98,09-20-2026 18:34:13:517,96128,179879
26.99,09-20-2026 18:34:13:527,96139,179862
27,09-20-2026 18:34:13:537,96133,179850
27.01,09-20-2026 18:34:13:547,96140,179834
27.02,09-20-2026 18:34:13:557,96146,179826
27.03,09-20-2026 18:34:13:567,96152,179850
27.04,09-20-2026 18:34:13:577,96143,179854
27.05,09-20-2026 18:34:13:587,96170,179855
27.06,09-20-2026 18:34:13:597,96181,179854
27.07,09-20-2026 18:34:13:607,96169,179854
27.08,09-20-2026 18:34:13:617,96182,179858
27.09,09-20-2026 18:34:13:627,96171,179906
27.1,09-20-2026 18:34:13:637,96185,179877
27.11,09-20-2026 18:34:13:647,96203,179912
27.12,09-20-2026 18:34:13:657,96201,179904
27.13,09-20-2026 18:34:13:667,96204,179936
27.14,09-20-2026 18:34:13:677,96219,179940
27.15,09-20-2026 18:34:13:687,96218,179966
27.16,09-20-2026 18:34:13:697,96215,179974
27.17,09-20-2026 18:34:13:707,96208,179994
27.18,09-20-2026 18:34:13:717,96208,180006
27.19,09-20-2026 18:34:13:727,96192,180034
27.2,09-20-2026 18:34:13:737,96151,180036
27.21,09-20-2026 18:34:13:747,96143,180070
27.22,09-20-2026 18:34:13:757,96123,180092
27.23,09-20-2026 18:34:13:767,96097,180108
27.24,09-20-2026 18:34:13:777,96122,180104
27.25,09-20-2026 18:34:13:787,96096,180178
27.26,09-20-2026 18:34:13:797,96083,180154
27.27,09-20-2026 18:34:13:807,96070,180198
27.28,09-20-2026 18:34:13:817,96090,180180
27.29,09-20-2026 18:34:13:827,96070,180244
27.3,09-20-2026 18:34:13:837,96071,180232
27.31,09-20-2026 18:34:13:847,96054,180256
27.32,09-20-2026 18:34:13:857,96063,180268
27.33,09-20-2026 18:34:13:867,96043,180322
27.34,09-20-2026 18:34:13:877,96053,180314
27.35,09-20-2026 18:34:13:887,96018,180366
27.36,09-20-2026 18:34:13:897,96027,180364
27.37,09-20-2026 18:34:13:907,96001,180424
27.38,09-20-2026 18:34:13:917,96033,180400
27.39,09-20-2026 18:34:13:927,96012,180450
27.4,09-20-2026 18:34:13:937,96034,180456
27.41,09-20-2026 18:34:13:947,95998,180483
27.42,09-20-2026 18:34:13:957,96044,180501
27.43,09-20-2026 18:34:13:967,96007,180531
27.44,09-20-2026 18:34:13:977,96032,180552
27.45,09-20-2026 18:34:13:987,95990,180606
27.46,09-20-2026 18:34:13:997,96032,180627
27.47,09-20-2026 18:34:14:007,96018,180663
27.48,09-20-2026 18:34:14:017,96031,180672
27.49,09-20-2026 18:34:14:027,95985,180732
27.5,09-20-2026 18:34:14:037,96049,180771
27.51,09-20-2026 18:34:14:047,95982,180803
27.52,09-20-2026 18:34:14:057,96035,180845
27.53,09-20-2026 18:34:14:067,95992,180878
27.54,09-20-2026 18:34:14:077,96049,180920
27.55,09-20-2026 18:34:14:087,96023,180944
27.56,09-20-2026 18:34:14:097,96049,180932
27.57,09-20-2026 18:34:14:107,96027,180896
27.58,09-20-2026 18:34:14:117,96057,180821
27.59,09-20-2026 18:34:14:127,96035,180713
27.6,09-20-2026 18:34:14:137,96077,180596
27.61,09-20-2026 18:34:14:147,96059,180462
27.62,09-20-2026 18:34:14:157,96078,180386
27.63,09-20-2026 18:34:14:167,96048,180282
27.64,09-20-2026 18:34:14:177,96086,180246
27.65,09-20-2026 18:34:14:187,96065,180194
27.66,09-20-2026 18:34:14:197,96095,180162
27.67,09-20-2026 18:34:14:207,96092,180114
27.68,09-20-2026 18:34:14:217,96084,180102
27.69,09-20-2026 18:34:14:227,96116,180062
27.7,09-20-2026 18:34:14:237,96099,180026
27.71,09-20-2026 18:34:14:247,96137,179982
27.72,09-20-2026 18:34:14:257,96103,179956
27.73,09-20-2026 18:34:14:267,96135,179944
27.74,09-20-2026 18:34:14:277,96123,179892
27.75,09-20-2026 18:34:14:287,96136,179864
27.76,09-20-2026 18:34:14:297,96131,179826
27.77,09-20-2026 18:34:14:307,96149,179782
27.78,09-20-2026 18:34:14:317,96122,179770
27.79,09-20-2026 18:34:14:327,96167,179758
27.8,09-20-2026 18:34:14:337,96165,179778
27.81,09-20-2026 18:34:14:347,96174,179803
27.82,09-20-2026 18:34:14:357,96152,179814
27.83,09-20-2026 18:34:14:367,96191,179810
27.84,09-20-2026 18:34:14:377,96175,179819
27.85,09-20-2026 18:34:14:387,96213,179818
27.86,09-20-2026 18:34:14:397,96171,179807
27.87,09-20-2026 18:34:14:407,96216,179791
27.88,09-20-2026 18:34:14:417,96183,179807
27.89,09-20-2026 18:34:14:427,96240,179805
27.9,09-20-2026 18:34:14:437,96201,179808
27.91,09-20-2026 18:34:14:447,96243,179820
27.92,09-20-2026 18:34:14:457,96221,179830
27.93,09-20-2026 18:34:14:467,96254,179836
27.94,09-20-2026 18:34:14:477,96211,179862
27.95,09-20-2026 18:34:14:487,96250,179872
27.96,09-20-2026 18:34:14:497,96233,179890
27.97,09-20-2026 18:34:14:507,96241,179908
27.98,09-20-2026 18:34:14:517,96251,179936
27.99,09-20-2026 18:34:14:527,96262,179936
28,09-20-2026 18:34:14:537,96255,179976
28.01,09-20-2026 18:34:14:547,96276,179981
28.02,09-20-2026 18:34:14:557,96266,180003
28.03,09-20-2026 18:34:14:567,96294,180031
28.04,09-20-2026 18:34:14:577,96282,180035
28.05,09-20-2026 18:34:14:587,96285,180085
28.06,09-20-2026 18:34:14:597,96287,180093
28.07,09-20-2026 18:34:14:607,96281,180117
28.08,09-20-2026 18:34:14:617,96261,180167
28.09,09-20-2026 18:34:14:627,96239,180173
28.1,09-20-2026 18:34:14:637,96234,180201
28.11,09-20-2026 18:34:14:647,96227,180225
28.12,09-20-2026 18:34:14:657,96202,180255
28.13,09-20-2026 18:34:14:667,96199,180273
28.14,09-20-2026 18:34:14:677,96195,180324
28.15,09-20-2026 18:34:14:687,96190,180336
28.16,09-20-2026 18:34:14:697,96193,180360
28.17,09-20-2026 18:34:14:707,96201,180393
28.18,09-20-2026 18:34:14:717,96194,180432
28.19,09-20-2026 18:34:14:727,96189,180453
28.2,09-20-2026 18:34:14:737,96200,180495
28.21,09-20-2026 18:34:14:747,96192,180534
28.22,09-20-2026 18:34:14:757,96189,180555
28.23,09-20-2026 18:34:14:767,96199,180600
28.24,09-20-2026 18:34:14:777,96177,180606
28.25,09-20-2026 18:34:14:787,96174,180648
28.26,09-20-2026 18:34:14:797,96171,180660
28.27,09-20-2026 18:34:14:807,96174,180711
28.28,09-20-2026 18:34:14:817,96161,180729
28.29,09-20-2026 18:34:14:827,96178,180750
28.3,09-20-2026 18:34:14:837,96187,180795
28.31,09-20-2026 18:34:14:847,96170,180829
28.32,09-20-2026 18:34:14:857,96197,180844
28.33,09-20-2026 18:34:14:867,96186,180892
28.34,09-20-2026 18:34:14:877,96192,180943
28.35,09-20-2026 18:34:14:887,96179,180970
28.36,09-20-2026 18:34:14:897,96187,181015
28.37,09-20-2026 18:34:14:907,96188,181033
28.38,09-20-2026 18:34:14:917,96198,181081
28.39,09-20-2026 18:34:14:927,96180,181126
28.4,09-20-2026 18:34:14:937,96180,181168
28.41,09-20-2026 18:34:14:947,96183,181216
28.42,09-20-2026 18:34:14:957,96198,181252
28.43,09-20-2026 18:34:14:967,96183,181285
28.44,09-20-2026 18:34:14:977,96184,181324
28.45,09-20-2026 18:34:14:987,96199,181345
28.46,09-20-2026 18:34:14:997,96199,181327
28.47,09-20-2026 18:34:15:007,96197,181273
28.48,09-20-2026 18:34:15:017,96199,181183
28.49,09-20-2026 18:34:15:027,96214,181099
28.5,09-20-2026 18:34:15:037,96223,181015
28.51,09-20-2026 18:34:15:047,96223,180931
28.52,09-20-2026 18:34:15:057,96245,180850
28.53,09-20-2026 18:34:15:067,96230,180835
28.54,09-20-2026 18:34:15:077,96232,180763
28.55,09-20-2026 18:34:15:087,96238,180751
28.56,09-20-2026 18:34:15:097,96231,180727
28.57,09-20-2026 18:34:15:107,96221,180742
28.58,09-20-2026 18:34:15:117,96250,180703
28.59,09-20-2026 18:34:15:127,96245,180709
28.6,09-20-2026 18:34:15:137,96251,180670
28.61,09-20-2026 18:34:15:147,96269,180680
28.62,09-20-2026 18:34:15:157,96264,180650
28.63,09-20-2026 18:34:15:167,96266,180661
28.64,09-20-2026 18:34:15:177,96283,180602
28.65,09-20-2026 18:34:15:187,96290,180612
28.66,09-20-2026 18:34:15:197,96296,180555
28.67,09-20-2026 18:34:15:207,96295,180592
28.68,09-20-2026 18:34:15:217,96319,180554
28.69,09-20-2026 18:34:15:227,96300,180637
28.7,09-20-2026 18:34:15:237,96313,180592
28.71,09-20-2026 18:34:15:247,96300,180671
28.72,09-20-2026 18:34:15:257,96323,180630
28.73,09-20-2026 18:34:15:267,96322,180670
28.74,09-20-2026 18:34:15:277,96325,180646
28.75,09-20-2026 18:34:15:287,96328,180680
28.76,09-20-2026 18:34:15:297,96323,180650
28.77,09-20-2026 18:34:15:307,96336,180696
28.78,09-20-2026 18:34:15:317,96344,180638
28.79,09-20-2026 18:34:15:327,96357,180704
28.8,09-20-2026 18:34:15:337,96358,180678
28.81,09-20-2026 18:34:15:347,96361,180718
28.82,09-20-2026 18:34:15:357,96379,180720
28.83,09-20-2026 18:34:15:367,96377,180740
28.84,09-20-2026 18:34:15:377,96371,180752
28.85,09-20-2026 18:34:15:387,96390,180798
28.86,09-20-2026 18:34:15:397,96386,180788
28.87,09-20-2026 18:34:15:407,96407,180842
28.88,09-20-2026 18:34:15:417,96399,180838
28.89,09-20-2026 18:34:15:427,96415,180910
28.9,09-20-2026 18:34:15:437,96439,180896
28.91,09-20-2026 18:34:15:447,96401,180943
28.92,09-20-2026 18:34:15:457,96428,180967
28.93,09-20-2026 18:34:15:467,96427,180987
28.94,09-20-2026 18:34:15:477,96415,181027
28.95,09-20-2026 18:34:15:487,96418,181031
28.96,09-20-2026 18:34:15:497,96395,181081
28.97,09-20-2026 18:34:15:507,96384,181099
28.98,09-20-2026 18:34:15:517,96366,181135
28.99,09-20-2026 18:34:15:527,96367,181147
29,09-20-2026 18:34:15:537,96357,181193
29.01,09-20-2026 18:34:15:547,96340,181204
29.02,09-20-2026 18:34:15:557,96341,181255
29.03,09-20-2026 18:34:15:567,96355,181270
29.04,09-20-2026 18:34:15:577,96358,181297
29.05,09-20-2026 18:34:15:587,96345,181330
29.06,09-20-2026 18:34:15:597,96342,181378
29.07,09-20-2026 18:34:15:607,96355,181381
29.08,09-20-2026 18:34:15:617,96341,181441
29.09,09-20-2026 18:34:15:627,96337,181471
29.1,09-20-2026 18:34:15:637,96348,181516
29.11,09-20-2026 18:34:15:647,96345,181524
29.12,09-20-2026 18:34:15:657,96332,181587
29.13,09-20-2026 18:34:15:667,96331,181593
29.14,09-20-2026 18:34:15:677,96339,181650
29.15,09-20-2026 18:34:15:687,96343,181638
29.16,09-20-2026 18:34:15:697,96325,181710
29.17,09-20-2026 18:34:15:707,96355,181710
29.18,09-20-2026 18:34:15:717,96338,181785
29.19,09-20-2026 18:34:15:727,96362,181776
29.2,09-20-2026 18:34:15:737,96347,181854
29.21,09-20-2026 18:34:15:747,96360,181857
29.22,09-20-2026 18:34:15:757,96351,181908
29.23,09-20-2026 18:34:15:767,96350,181932
29.24,09-20-2026 18:34:15:777,96343,181986
29.25,09-20-2026 18:34:15:787,96359,182004
29.26,09-20-2026 18:34:15:797,96352,182061
29.27,09-20-2026 18:34:15:807,96368,182082
29.28,09-20-2026 18:34:15:817,96345,182142
29.29,09-20-2026 18:34:15:827,96359,182166
29.3,09-20-2026 18:34:15:837,96353,182217
29.31,09-20-2026 18:34:15:847,96384,182219
29.32,09-20-2026 18:34:15:857,96351,182255
29.33,09-20-2026 18:34:15:867,96366,182259
29.34,09-20-2026 18:34:15:877,96345,182215
29.35,09-20-2026 18:34:15:887,96374,182147
29.36,09-20-2026 18:34:15:897,96347,182059
29.37,09-20-2026 18:34:15:907,96372,181967
29.38,09-20-2026 18:34:15:917,96361,181899
29.39,09-20-2026 18:34:15:927,96389,181831
29.4,09-20-2026 18:34:15:937,96346,181795
29.41,09-20-2026 18:34:15:947,96383,181762
29.42,09-20-2026 18:34:15:957,96350,181766
29.43,09-20-2026 18:34:15:967,96408,181755
29.44,09-20-2026 18:34:15:977,96361,181743
29.45,09-20-2026 18:34:15:987,96402,181740
29.46,09-20-2026 18:34:15:997,96376,181742
29.47,09-20-2026 18:34:16:007,96418,181742
29.48,09-20-2026 18:34:16:017,96376,181709
29.49,09-20-2026 18:34:16:027,96422,181715
29.5,09-20-2026 18:34:16:037,96418,181700
29.51,09-20-2026 18:34:16:047,96443,181676
29.52,09-20-2026 18:34:16:057,96415,181668
29.53,09-20-2026 18:34:16:067,96442,181691
29.54,09-20-2026 18:34:16:077,96437,181676
29.55,09-20-2026 18:34:16:087,96436,181667
29.56,09-20-2026 18:34:16:097,96434,181688
29.57,09-20-2026 18:34:16:107,96464,181700
29.58,09-20-2026 18:34:16:117,96453,181728
29.59,09-20-2026 18:34:16:127,96471,181755
29.6,09-20-2026 18:34:16:137,96453,181775
29.61,09-20-2026 18:34:16:147,96486,181785
29.62,09-20-2026 18:34:16:157,96514,181800
29.63,09-20-2026 18:34:16:167,96486,181807
29.64,09-20-2026 18:34:16:177,96481,181786
29.65,09-20-2026 18:34:16:187,96509,181805
29.66,09-20-2026 18:34:16:197,96526,181812
29.67,09-20-2026 18:34:16:207,96510,181819
29.68,09-20-2026 18:34:16:217,96508,181841
29.69,09-20-2026 18:34:16:227,96506,181865
29.7,09-20-2026 18:34:16:237,96546,181872
29.71,09-20-2026 18:34:16:247,96535,181885
29.72,09-20-2026 18:34:16:257,96558,181917
29.73,09-20-2026 18:34:16:267,96536,181925
29.74,09-20-2026 18:34:16:277,96555,181949
29.75,09-20-2026 18:34:16:287,96556,181971
29.76,09-20-2026 18:34:16:297,96591,182005
29.77,09-20-2026 18:34:16:307,96564,182029
29.78,09-20-2026 18:34:16:317,96605,182051
29.79,09-20-2026 18:34:16:327,96584,182067
29.8,09-20-2026 18:34:16:337,96600,182079
29.81,09-20-2026 18:34:16:347,96591,182122
29.82,09-20-2026 18:34:16:357,96612,182152
29.83,09-20-2026 18:34:16:367,96582,182174
29.84,09-20-2026 18:34:16:377,96590,182188
29.85,09-20-2026 18:34:16:387,96551,182220
29.86,09-20-2026 18:34:16:397,96562,182254
29.87,09-20-2026 18:34:16:407,96524,182286
29.88,09-20-2026 18:34:16:417,96542,182306
29.89,09-20-2026 18:34:16:427,96497,182328
29.9,09-20-2026 18:34:16:437,96513,182358
29.91,09-20-2026 18:34:16:447,96480,182394
29.92,09-20-2026 18:34:16:457,96517,182418
29.93,09-20-2026 18:34:16:467,96485,182451
29.94,09-20-2026 18:34:16:477,96503,182466
29.95,09-20-2026 18:34:16:487,96489,182499
29.96,09-20-2026 18:34:16:497,96502,182517
29.97,09-20-2026 18:34:16:507,96488,182568
29.98,09-20-2026 18:34:16:517,96502,182595
29.99,09-20-2026 18:34:16:527,96475,182631
30,09-20-2026 18:34:16:537,96493,182655
30.01,09-20-2026 18:34:16:547,96483,182669
30.02,09-20-2026 18:34:16:557,96493,182717
30.03,09-20-2026 18:34:16:567,96488,182744
30.04,09-20-2026 18:34:16:577,96479,182768
30.05,09-20-2026 18:34:16:587,96474,182822
30.06,09-20-2026 18:34:16:597,96474,182843
30.07,09-20-2026 18:34:16:607,96492,182861
30.08,09-20-2026 18:34:16:617,96508,182891
30.09,09-20-2026 18:34:16:627,96492,182921
30.1,09-20-2026 18:34:16:637,96492,182954
30.11,09-20-2026 18:34:16:647,96479,182992
30.12,09-20-2026 18:34:16:657,96499,183061
30.13,09-20-2026 18:34:16:667,96485,183061
30.14,09-20-2026 18:34:16:677,96490,183121
30.15,09-20-2026 18:34:16:687,96488,183139
30.16,09-20-2026 18:34:16:697,96493,183178
30.17,09-20-2026 18:34:16:707,96482,183205
30.18,09-20-2026 18:34:16:717,96486,183265
30.19,09-20-2026 18:34:16:727,96499,183286
30.2,09-20-2026 18:34:16:737,96493,183334
30.21,09-20-2026 18:34:16:747,96488,183349
30.22,09-20-2026 18:34:16:757,96487,183364
30.23,09-20-2026 18:34:16:767,96497,183299
30.24,09-20-2026 18:34:16:777,96498,183219
30.25,09-20-2026 18:34:16:787,96490,183124
30.26,09-20-2026 18:34:16:797,96492,183049
30.27,09-20-2026 18:34:16:807,96506,182964
30.28,09-20-2026 18:34:16:817,96502,182884
30.29,09-20-2026 18:34:16:827,96503,182834
30.3,09-20-2026 18:34:16:837,96512,182799
30.31,09-20-2026 18:34:16:847,96499,182769
30.32,09-20-2026 18:34:16:857,96516,182775
30.33,09-20-2026 18:34:16:867,96507,182750
30.34,09-20-2026 18:34:16:877,96508,182758
30.35,09-20-2026 18:34:16:887,96518,182769
30.36,09-20-2026 18:34:16:897,96532,182747
30.37,09-20-2026 18:34:16:907,96535,182744
30.38,09-20-2026 18:34:16:917,96537,182739
30.39,09-20-2026 18:34:16:927,96524,182715
30.4,09-20-2026 18:34:16:937,96526,182700
30.41,09-20-2026 18:34:16:947,96523,182692
30.42,09-20-2026 18:34:16:957,96541,182692
30.43,09-20-2026 18:34:16:967,96549,182666
30.44,09-20-2026 18:34:16:977,96539,182677
30.45,09-20-2026 18:34:16:987,96559,182677
30.46,09-20-2026 18:34:16:997,96564,182693
30.47,09-20-2026 18:34:17:007,96549,182697
30.48,09-20-2026 18:34:17:017,96571,182726
30.49,09-20-2026 18:34:17:027,96570,182716
30.5,09-20-2026 18:34:17:037,96571,182716
30.51,09-20-2026 18:34:17:047,96583,182752
30.52,09-20-2026 18:34:17:057,96576,182730
30.53,09-20-2026 18:34:17:067,96573,182751
30.54,09-20-2026 18:34:17:077,96576,182738
30.55,09-20-2026 18:34:17:087,96580,182762
30.56,09-20-2026 18:34:17:097,96589,182742
30.57,09-20-2026 18:34:17:107,96574,182768
30.58,09-20-2026 18:34:17:117,96590,182743
30.59,09-20-2026 18:34:17:127,96603,182790
30.6,09-20-2026 18:34:17:137,96592,182742
30.61,09-20-2026 18:34:17:147,96583,182808
30.62,09-20-2026 18:34:17:157,96607,182764
30.63,09-20-2026 18:34:17:167,96612,182814
30.64,09-20-2026 18:34:17:177,96611,182780
30.65,09-20-2026 18:34:17:187,96624,182846
30.66,09-20-2026 18:34:17:197,96609,182810
30.67,09-20-2026 18:34:17:207,96630,182878
30.68,09-20-2026 18:34:17:217,96610,182832
30.69,09-20-2026 18:34:17:227,96610,182904
30.7,09-20-2026 18:34:17:237,96581,182852
30.71,09-20-2026 18:34:17:247,96586,182922
30.72,09-20-2026 18:34:17:257,96548,182912
30.73,09-20-2026 18:34:17:267,96554,182994
30.74,09-20-2026 18:34:17:277,96533,182942
30.75,09-20-2026 18:34:17:287,96507,183020
30.76,09-20-2026 18:34:17:297,96505,183010
30.77,09-20-2026 18:34:17:307,96509,183056
30.78,09-20-2026 18:34:17:317,96501,183028
30.79,09-20-2026 18:34:17:327,96503,183086
30.8,09-20-2026 18:34:17:337,96493,183114
30.81,09-20-2026 18:34:17:347,96483,183132
30.82,09-20-2026 18:34:17:357,96487,183126
30.83,09-20-2026 18:34:17:367,96474,183184
30.84,09-20-2026 18:34:17:377,96475,183176
30.85,09-20-2026 18:34:17:387,96460,183214
30.86,09-20-2026 18:34:17:397,96466,183242
30.87,09-20-2026 18:34:17:407,96452,183278
30.88,09-20-2026 18:34:17:417,96443,183284
30.89,09-20-2026 18:34:17:427,96440,183302
30.9,09-20-2026 18:34:17:437,96442,183320
30.91,09-20-2026 18:34:17:447,96436,183346
30.92,09-20-2026 18:34:17:457,96431,183358
30.93,09-20-2026 18:34:17:467,96431,183370
30.94,09-20-2026 18:34:17:477,96439,183420
30.95,09-20-2026 18:34:17:487,96445,183412
30.96,09-20-2026 18:34:17:497,96434,183450
30.97,09-20-2026 18:34:17:507,96434,183472
30.98,09-20-2026 18:34:17:517,96423,183494
30.99,09-20-2026 18:34:17:527,96430,183524
31,09-20-2026 18:34:17:537,96426,183556
31.01,09-20-2026 18:34:17:547,96418,183545
31.02,09-20-2026 18:34:17:557,96402,183615
31.03,09-20-2026 18:34:17:567,96419,183597
31.04,09-20-2026 18:34:17:577,96390,183675
31.05,09-20-2026 18:34:17:587,96393,183659
31.06,09-20-2026 18:34:17:597,96398,183719
31.07,09-20-2026 18:34:17:607,96390,183699
31.08,09-20-2026 18:34:17:617,96398,183673
31.09,09-20-2026 18:34:17:627,96396,183619
31.1,09-20-2026 18:34:17:637,96388,183551
31.11,09-20-2026 18:34:17:647,96392,183384
31.12,09-20-2026 18:34:17:657,96377,183324
31.13,09-20-2026 18:34:17:667,96392,183196
31.14,09-20-2026 18:34:17:677,96392,183144
31.15,09-20-2026 18:34:17:687,96397,183032
31.16,09-20-2026 18:34:17:697,96378,183012
31.17,09-20-2026 18:34:17:707,96411,182936
31.18,09-20-2026 18:34:17:717,96369,182928
31.19,09-20-2026 18:34:17:727,96399,182888
31.2,09-20-2026 18:34:17:737,96373,182880
31.21,09-20-2026 18:34:17:747,96400,182824
31.22,09-20-2026 18:34:17:757,96393,182818
31.23,09-20-2026 18:34:17:767,96409,182749
31.24,09-20-2026 18:34:17:777,96379,182734
31.25,09-20-2026 18:34:17:787,96411,182677
31.26,09-20-2026 18:34:17:797,96370,182659
31.27,09-20-2026 18:34:17:807,96396,182617
31.28,09-20-2026 18:34:17:817,96395,182569
31.29,09-20-2026 18:34:17:827,96405,182554
31.3,09-20-2026 18:34:17:837,96381,182536
31.31,09-20-2026 18:34:17:847,96416,182511
31.32,09-20-2026 18:34:17:857,96384,182496
31.33,09-20-2026 18:34:17:867,96422,182517
31.34,09-20-2026 18:34:17:877,96366,182500
31.35,09-20-2026 18:34:17:887,96420,182504
31.36,09-20-2026 18:34:17:897,96381,182464
31.37,09-20-2026 18:34:17:907,96428,182445
31.38,09-20-2026 18:34:17:917,96370,182425
31.39,09-20-2026 18:34:17:927,96416,182408
31.4,09-20-2026 18:34:17:937,96388,182395
31.41,09-20-2026 18:34:17:947,96434,182367
31.42,09-20-2026 18:34:17:957,96379,182347
31.43,09-20-2026 18:34:17:967,96431,182333
31.44,09-20-2026 18:34:17:977,96414,182328
31.45,09-20-2026 18:34:17:987,96438,182318
31.46,09-20-2026 18:34:17:997,96419,182300
31.47,09-20-2026 18:34:18:007,96462,182286
31.48,09-20-2026 18:34:18:017,96431,182296
31.49,09-20-2026 18:34:18:027,96459,182289
31.5,09-20-2026 18:34:18:037,96442,182304
31.51,09-20-2026 18:34:18:047,96468,182306
31.52,09-20-2026 18:34:18:057,96434,182291
31.53,09-20-2026 18:34:18:067,96434,182319
31.54,09-20-2026 18:34:18:077,96444,182304
31.55,09-20-2026 18:34:18:087,96402,182312
31.56,09-20-2026 18:34:18:097,96382,182311
31.57,09-20-2026 18:34:18:107,96354,182316
31.58,09-20-2026 18:34:18:117,96364,182329
31.59,09-20-2026 18:34:18:127,96322,182338
31.6,09-20-2026 18:34:18:137,96322,182335
31.61,09-20-2026 18:34:18:147,96300,182344
31.62,09-20-2026 18:34:18:157,96287,182367
31.63,09-20-2026 18:34:18:167,96274,182364
31.64,09-20-2026 18:34:18:177,96288,182384
31.65,09-20-2026 18:34:18:187,96276,182403
31.66,09-20-2026 18:34:18:197,96283,182416
31.67,09-20-2026 18:34:18:207,96228,182428
31.68,09-20-2026 18:34:18:217,96254,182436
31.69,09-20-2026 18:34:18:227,96223,182451
31.7,09-20-2026 18:34:18:237,96247,182455
31.71,09-20-2026 18:34:18:247,96190,182498
31.72,09-20-2026 18:34:18:257,96226,182495
31.73,09-20-2026 18:34:18:267,96183,182497
31.74,09-20-2026 18:34:18:277,96224,182510
31.75,09-20-2026 18:34:18:287,96171,182539
31.76,09-20-2026 18:34:18:297,96218,182556
31.77,09-20-2026 18:34:18:307,96174,182560
31.78,09-20-2026 18:34:18:317,96193,182588
31.79,09-20-2026 18:34:18:327,96165,182608
31.8,09-20-2026 18:34:18:337,96214,182601
31.81,09-20-2026 18:34:18:347,96170,182637
31.82,09-20-2026 18:34:18:357,96191,182641
31.83,09-20-2026 18:34:18:367,96160,182661
31.84,09-20-2026 18:34:18:377,96165,182697
31.85,09-20-2026 18:34:18:387,96157,182715
31.86,09-20-2026 18:34:18:397,96166,182747
31.87,09-20-2026 18:34:18:407,96153,182769
31.88,09-20-2026 18:34:18:417,96165,182811
31.89,09-20-2026 18:34:18:427,96142,182817
31.9,09-20-2026 18:34:18:437,96155,182845
31.91,09-20-2026 18:34:18:447,96142,182857
31.92,09-20-2026 18:34:18:457,96145,182833
31.93,09-20-2026 18:34:18:467,96128,182761
31.94,09-20-2026 18:34:18:477,96145,182625
31.95,09-20-2026 18:34:18:487,96148,182473
31.96,09-20-2026 18:34:18:497,96130,182369
31.97,09-20-2026 18:34:18:507,96138,182201
31.98,09-20-2026 18:34:18:517,96149,182073
31.99,09-20-2026 18:34:18:527,96151,181953
32,09-20-2026 18:34:18:537,96139,181857
32.01,09-20-2026 18:34:18:547,96143,181788
32.02,09-20-2026 18:34:18:557,96150,181728
32.03,09-20-2026 18:34:18:567,96157,181672
32.04,09-20-2026 18:34:18:577,96158,181624
32.05,09-20-2026 18:34:18:587,96157,181552
32.06,09-20-2026 18:34:18:597,96153,181508
32.07,09-20-2026 18:34:18:607,96164,181464
32.08,09-20-2026 18:34:18:617,96153,181400
32.09,09-20-2026 18:34:18:627,96176,181336
32.1,09-20-2026 18:34:18:637,96182,181288
32.11,09-20-2026 18:34:18:647,96166,181222
32.12,09-20-2026 18:34:18:657,96172,181180
32.13,09-20-2026 18:34:18:667,96166,181106
32.14,09-20-2026 18:34:18:677,96179,181078
32.15,09-20-2026 18:34:18:687,96169,181040
32.16,09-20-2026 18:34:18:697,96182,181016
32.17,09-20-2026 18:34:18:707,96192,181022
32.18,09-20-2026 18:34:18:717,96190,181020
32.19,09-20-2026 18:34:18:727,96202,181000
32.2,09-20-2026 18:34:18:737,96194,180978
32.21,09-20-2026 18:34:18:747,96208,180935
32.22,09-20-2026 18:34:18:757,96212,180939
32.23,09-20-2026 18:34:18:767,96210,180921
32.24,09-20-2026 18:34:18:777,96209,180889
32.25,09-20-2026 18:34:18:787,96217,180885
32.26,09-20-2026 18:34:18:797,96228,180843
32.27,09-20-2026 18:34:18:807,96231,180827
32.28,09-20-2026 18:34:18:817,96236,180799
32.29,09-20-2026 18:34:18:827,96231,180803
32.3,09-20-2026 18:34:18:837,96243,180765
32.31,09-20-2026 18:34:18:847,96252,180783
32.32,09-20-2026 18:34:18:857,96253,180770
32.33,09-20-2026 18:34:18:867,96258,180775
32.34,09-20-2026 18:34:18:877,96259,180810
32.35,09-20-2026 18:34:18:887,96275,180791
32.36,09-20-2026 18:34:18:897,96265,180774
32.37,09-20-2026 18:34:18:907,96246,180799
32.38,09-20-2026 18:34:18:917,96229,180794
32.39,09-20-2026 18:34:18:927,96201,180795
32.4,09-20-2026 18:34:18:937,96198,180833
32.41,09-20-2026 18:34:18:947,96158,180817
32.42,09-20-2026 18:34:18:957,96143,180839
32.43,09-20-2026 18:34:18:967,96131,180845
32.44,09-20-2026 18:34:18:977,96127,180887
32.45,09-20-2026 18:34:18:987,96096,180869
32.46,09-20-2026 18:34:18:997,96086,180899
32.47,09-20-2026 18:34:19:007,96087,180883
32.48,09-20-2026 18:34:19:017,96068,180945
32.49,09-20-2026 18:34:19:027,96063,180913
32.5,09-20-2026 18:34:19:037,96069,180985
32.51,09-20-2026 18:34:19:047,96060,180953
32.52,09-20-2026 18:34:19:057,96048,181015
32.53,09-20-2026 18:34:19:067,96051,180995
32.54,09-20-2026 18:34:19:077,96040,181047
32.55,09-20-2026 18:34:19:087,96027,181051
32.56,09-20-2026 18:34:19:097,96027,181089
32.57,09-20-2026 18:34:19:107,96015,181075
32.58,09-20-2026 18:34:19:117,96010,181117
32.59,09-20-2026 18:34:19:127,96006,181111
32.6,09-20-2026 18:34:19:137,96002,181163
32.61,09-20-2026 18:34:19:147,96011,181156
32.62,09-20-2026 18:34:19:157,96019,181210
32.63,09-20-2026 18:34:19:167,96013,181183
32.64,09-20-2026 18:34:19:177,96007,181261
32.65,09-20-2026 18:34:19:187,95998,181234
32.66,09-20-2026 18:34:19:197,96018,181306
32.67,09-20-2026 18:34:19:207,96001,181276
32.68,09-20-2026 18:34:19:217,96004,181360
32.69,09-20-2026 18:34:19:227,96005,181372
32.7,09-20-2026 18:34:19:237,96000,181432
32.71,09-20-2026 18:34:19:247,95997,181429
32.72,09-20-2026 18:34:19:257,95998,181489
32.73,09-20-2026 18:34:19:267,96005,181469
32.74,09-20-2026 18:34:19:277,95999,181553
32.75,09-20-2026 18:34:19:287,95997,181545
32.76,09-20-2026 18:34:19:297,96003,181561
32.77,09-20-2026 18:34:19:307,96011,181473
32.78,09-20-2026 18:34:19:317,96014,181369
32.79,09-20-2026 18:34:19:327,96020,181261
32.8,09-20-2026 18:34:19:337,96013,181113
32.81,09-20-2026 18:34:19:347,96019,180981
32.82,09-20-2026 18:34:19:357,96020,180825
32.83,09-20-2026 18:34:19:367,96032,180711
32.84,09-20-2026 18:34:19:377,96025,180609
32.85,09-20-2026 18:34:19:387,96016,180537
32.86,09-20-2026 18:34:19:397,96021,180441
32.87,09-20-2026 18:34:19:407,96032,180429
32.88,09-20-2026 18:34:19:417,96044,180375
32.89,09-20-2026 18:34:19:427,96032,180351
32.9,09-20-2026 18:34:19:437,96054,180285
32.91,09-20-2026 18:34:19:447,96062,180277
32.92,09-20-2026 18:34:19:457,96057,180202
32.93,09-20-2026 18:34:19:467,96070,180187
32.94,09-20-2026 18:34:19:477,96078,180112
32.95,09-20-2026 18:34:19:487,96067,180097
32.96,09-20-2026 18:34:19:497,96076,180037
32.97,09-20-2026 18:34:19:507,96071,180004
32.98,09-20-2026 18:34:19:517,96093,179956
32.99,09-20-2026 18:34:19:527,96082,179977
33,09-20-2026 18:34:19:537,96091,179956
33.01,09-20-2026 18:34:19:547,96109,179970
33.02,09-20-2026 18:34:19:557,96112,179954
33.03,09-20-2026 18:34:19:567,96110,180010
33.04,09-20-2026 18:34:19:577,96113,179946
33.05,09-20-2026 18:34:19:587,96096,179970
33.06,09-20-2026 18:34:19:597,96111,179916
33.07,09-20-2026 18:34:19:607,96120,179930
33.08,09-20-2026 18:34:19:617,96134,179898
33.09,09-20-2026 18:34:19:627,96123,179924
33.1,09-20-2026 18:34:19:637,96147,179860
33.11,09-20-2026 18:34:19:647,96125,179869
33.12,09-20-2026 18:34:19:657,96148,179860
33.13,09-20-2026 18:34:19:667,96144,179878
33.14,09-20-2026 18:34:19:677,96154,179850
33.15,09-20-2026 18:34:19:687,96156,179889
33.16,09-20-2026 18:34:19:697,96170,179874
33.17,09-20-2026 18:34:19:707,96139,179876
33.18,09-20-2026 18:34:19:717,96152,179901
33.19,09-20-2026 18:34:19:727,96111,179918
33.2,09-20-2026 18:34:19:737,96103,179943
33.21,09-20-2026 18:34:19:747,96069,179954
33.22,09-20-2026 18:34:19:757,96068,179954
33.23,09-20-2026 18:34:19:767,96022,179982
33.24,09-20-2026 18:34:19:777,96048,180000
33.25,09-20-2026 18:34:19:787,96014,180028
33.26,09-20-2026 18:34:19:797,96025,180040
33.27,09-20-2026 18:34:19:807,95988,180050
33.28,09-20-2026 18:34:19:817,96014,180092
33.29,09-20-2026 18:34:19:827,95960,180102
33.3,09-20-2026 18:34:19:837,96005,180132
33.31,09-20-2026 18:34:19:847,95980,180159
33.32,09-20-2026 18:34:19:857,95991,180181
33.33,09-20-2026 18:34:19:867,95963,180209
33.34,09-20-2026 18:34:19:877,95999,180255
33.35,09-20-2026 18:34:19:887,95962,180275
33.36,09-20-2026 18:34:19:897,95983,180293
33.37,09-20-2026 18:34:19:907,95971,180319
33.38,09-20-2026 18:34:19:917,95990,180337
33.39,09-20-2026 18:34:19:927,95967,180365
33.4,09-20-2026 18:34:19:937,95979,180369
33.41,09-20-2026 18:34:19:947,95989,180412
33.42,09-20-2026 18:34:19:957,95997,180448
33.43,09-20-2026 18:34:19:967,96006,180493
33.44,09-20-2026 18:34:19:977,95993,180490
33.45,09-20-2026 18:34:19:987,96001,180523
33.46,09-20-2026 18:34:19:997,95988,180544
33.47,09-20-2026 18:34:20:007,96012,180604
33.48,09-20-2026 18:34:20:017,96006,180628
33.49,09-20-2026 18:34:20:027,96014,180661
33.5,09-20-2026 18:34:20:037,95998,180679
33.51,09-20-2026 18:34:20:047,96014,180731
33.52,09-20-2026 18:34:20:057,96006,180767
33.53,09-20-2026 18:34:20:067,96024,180807
33.54,09-20-2026 18:34:20:077,96010,180851
33.55,09-20-2026 18:34:20:087,96029,180879
33.56,09-20-2026 18:34:20:097,96011,180891
33.57,09-20-2026 18:34:20:107,96033,180823
33.58,09-20-2026 18:34:20:117,96034,180723
33.59,09-20-2026 18:34:20:127,96057,180595
33.6,09-20-2026 18:34:20:137,96040,180499
33.61,09-20-2026 18:34:20:147,96068,180345
33.62,09-20-2026 18:34:20:157,96045,180241
33.63,09-20-2026 18:34:20:167,96082,180153
33.64,09-20-2026 18:34:20:177,96062,180069
33.65,09-20-2026 18:34:20:187,96076,180013
33.66,09-20-2026 18:34:20:197,96060,179973
33.67,09-20-2026 18:34:20:207,96098,179933
33.68,09-20-2026 18:34:20:217,96059,179909
33.69,09-20-2026 18:34:20:227,96094,179893
33.7,09-20-2026 18:34:20:237,96082,179865
33.71,09-20-2026 18:34:20:247,96095,179837
33.72,09-20-2026 18:34:20:257,96087,179797
33.73,09-20-2026 18:34:20:267,96105,179789
33.74,09-20-2026 18:34:20:277,96114,179747
33.75,09-20-2026 18:34:20:287,96121,179709
33.76,09-20-2026 18:34:20:297,96113,179685
33.77,09-20-2026 18:34:20:307,96131,179671
33.78,09-20-2026 18:34:20:317,96116,179669
33.79,09-20-2026 18:34:20:327,96148,179665
33.8,09-20-2026 18:34:20:337,96145,179681
33.81,09-20-2026 18:34:20:347,96140,179720
33.82,09-20-2026 18:34:20:357,96146,179718
33.83,09-20-2026 18:34:20:367,96148,179732
33.84,09-20-2026 18:34:20:377,96159,179736
33.85,09-20-2026 18:34:20:387,96176,179732
33.86,09-20-2026 18:34:20:397,96156,179738
33.87,09-20-2026 18:34:20:407,96161,179746
33.88,09-20-2026 18:34:20:417,96169,179750
33.89,09-20-2026 18:34:20:427,96165,179754
33.9,09-20-2026 18:34:20:437,96190,179774
33.91,09-20-2026 18:34:20:447,96185,179764
33.92,09-20-2026 18:34:20:457,96215,179798
33.93,09-20-2026 18:34:20:467,96203,179808
33.94,09-20-2026 18:34:20:477,96215,179826
33.95,09-20-2026 18:34:20:487,96223,179804
33.96,09-20-2026 18:34:20:497,96216,179870
33.97,09-20-2026 18:34:20:507,96229,179876
33.98,09-20-2026 18:34:20:517,96237,179896
33.99,09-20-2026 18:34:20:527,96252,179912
34,09-20-2026 18:34:20:537,96223,179934
34.01,09-20-2026 18:34:20:547,96229,179949
34.02,09-20-2026 18:34:20:557,96184,179994
34.03,09-20-2026 18:34:20:567,96180,180021
34.04,09-20-2026 18:34:20:577,96169,180045
34.05,09-20-2026 18:34:20:587,96153,180093
34.06,09-20-2026 18:34:20:597,96146,180120
34.07,09-20-2026 18:34:20:607,96131,180132
34.08,09-20-2026 18:34:20:617,96133,180186
34.09,09-20-2026 18:34:20:627,96131,180198
34.1,09-20-2026 18:34:20:637,96112,180249
34.11,09-20-2026 18:34:20:647,96121,180279
34.12,09-20-2026 18:34:20:657,96115,180324
34.13,09-20-2026 18:34:20:667,96116,180330
34.14,09-20-2026 18:34:20:677,96098,180366
34.15,09-20-2026 18:34:20:687,96116,180411
34.16,09-20-2026 18:34:20:697,96139,180453
34.17,09-20-2026 18:34:20:707,96125,180480
34.18,09-20-2026 18:34:20:717,96128,180531
34.19,09-20-2026 18:34:20:727,96114,180549
34.2,09-20-2026 18:34:20:737,96111,180570
34.21,09-20-2026 18:34:20:747,96099,180605
34.22,09-20-2026 18:34:20:757,96111,180653
34.23,09-20-2026 18:34:20:767,96098,180674
34.24,09-20-2026 18:34:20:777,96112,180692
34.25,09-20-2026 18:34:20:787,96120,180770
34.26,09-20-2026 18:34:20:797,96113,180776
34.27,09-20-2026 18:34:20:807,96132,180827
34.28,09-20-2026 18:34:20:817,96123,180848
34.29,09-20-2026 18:34:20:827,96135,180905
34.3,09-20-2026 18:34:20:837,96126,180917
34.31,09-20-2026 18:34:20:847,96131,180985
34.32,09-20-2026 18:34:20:857,96129,180988
34.33,09-20-2026 18:34:20:867,96139,181066
34.34,09-20-2026 18:34:20:877,96128,181087
34.35,09-20-2026 18:34:20:887,96151,181180
34.36,09-20-2026 18:34:20:897,96148,181159
34.37,09-20-2026 18:34:20:907,96142,181255
34.38,09-20-2026 18:34:20:917,96145,181240
34.39,09-20-2026 18:34:20:927,96146,181270
34.4,09-20-2026 18:34:20:937,96151,181174
34.41,09-20-2026 18:34:20:947,96157,181119
34.42,09-20-2026 18:34:20:957,96148,180999
34.43,09-20-2026 18:34:20:967,96167,180909
34.44,09-20-2026 18:34:20:977,96180,180789
34.45,09-20-2026 18:34:20:987,96185,180729
34.46,09-20-2026 18:34:20:997,96168,180619
34.47,09-20-2026 18:34:21:007,96172,180619
34.48,09-20-2026 18:34:21:017,96186,180519
34.49,09-20-2026 18:34:21:027,96183,180584
34.5,09-20-2026 18:34:21:037,96198,180504
34.51,09-20-2026 18:34:21:047,96194,180555
34.52,09-20-2026 18:34:21:057,96199,180487
34.53,09-20-2026 18:34:21:067,96209,180519
34.54,09-20-2026 18:34:21:077,96219,180441
34.55,09-20-2026 18:34:21:087,96210,180491
34.56,09-20-2026 18:34:21:097,96228,180451
34.57,09-20-2026 18:34:21:107,96246,180473
34.58,09-20-2026 18:34:21:117,96237,180425
34.59,09-20-2026 18:34:21:127,96245,180433
34.6,09-20-2026 18:34:21:137,96236,180433
34.61,09-20-2026 18:34:21:147,96236,180428
34.62,09-20-2026 18:34:21:157,96256,180446
34.63,09-20-2026 18:34:21:167,96258,180478
34.64,09-20-2026 18:34:21:177,96257,180462
34.65,09-20-2026 18:34:21:187,96267,180528
34.66,09-20-2026 18:34:21:197,96286,180526
34.67,09-20-2026 18:34:21:207,96280,180538
34.68,09-20-2026 18:34:21:217,96278,180574
34.69,09-20-2026 18:34:21:227,96297,180570
34.7,09-20-2026 18:34:21:237,96297,180586
34.71,09-20-2026 18:34:21:247,96298,180578
34.72,09-20-2026 18:34:21:257,96303,180598
34.73,09-20-2026 18:34:21:267,96314,180604
34.74,09-20-2026 18:34:21:277,96332,180620
34.75,09-20-2026 18:34:21:287,96327,180666
34.76,09-20-2026 18:34:21:297,96337,180672
34.77,09-20-2026 18:34:21:307,96350,180662
34.78,09-20-2026 18:34:21:317,96351,180700
34.79,09-20-2026 18:34:21:327,96353,180704
34.8,09-20-2026 18:34:21:337,96346,180756
34.81,09-20-2026 18:34:21:347,96357,180772
34.82,09-20-2026 18:34:21:357,96328,180817
34.83,09-20-2026 18:34:21:367,96318,180829
34.84,09-20-2026 18:34:21:377,96293,180865
34.85,09-20-2026 18:34:21:387,96283,180886
34.86,09-20-2026 18:34:21:397,96286,180958
34.87,09-20-2026 18:34:21:407,96276,180928
34.88,09-20-2026 18:34:21:417,96279,180994
34.89,09-20-2026 18:34:21:427,96272,181003
34.9,09-20-2026 18:34:21:437,96276,181066
34.91,09-20-2026 18:34:21:447,96263,181073
34.92,09-20-2026 18:34:21:457,96244,181130
34.93,09-20-2026 18:34:21:467,96268,181121
34.94,09-20-2026 18:34:21:477,96250,181214
34.95,09-20-2026 18:34:21:487,96280,181214
34.96,09-20-2026 18:34:21:497,96254,181241
34.97,09-20-2026 18:34:21:507,96274,181259
34.98,09-20-2026 18:34:21:517,96250,181307
34.99,09-20-2026 18:34:21:527,96262,181352
35,09-20-2026 18:34:21:537,96224,181397
35.01,09-20-2026 18:34:21:547,96271,181412
35.02,09-20-2026 18:34:21:557,96238,181442
35.03,09-20-2026 18:34:21:567,96270,181487
35.04,09-20-2026 18:34:21:577,96240,181517
35.05,09-20-2026 18:34:21:587,96278,181511
35.06,09-20-2026 18:34:21:597,96237,181565
35.07,09-20-2026 18:34:21:607,96282,181592
35.08,09-20-2026 18:34:21:617,96243,181631
35.09,09-20-2026 18:34:21:627,96284,181679
35.1,09-20-2026 18:34:21:637,96233,181727
35.11,09-20-2026 18:34:21:647,96278,181743
35.12,09-20-2026 18:34:21:657,96249,181794
35.13,09-20-2026 18:34:21:667,96293,181830
35.14,09-20-2026 18:34:21:677,96247,181875
35.15,09-20-2026 18:34:21:687,96290,181923
35.16,09-20-2026 18:34:21:697,96262,181959
35.17,09-20-2026 18:34:21:707,96306,181998
35.18,09-20-2026 18:34:21:717,96247,182034
35.19,09-20-2026 18:34:21:727,96306,182040
35.2,09-20-2026 18:34:21:737,96270,182037
35.21,09-20-2026 18:34:21:747,96315,181990
35.22,09-20-2026 18:34:21:757,96291,181922
35.23,09-20-2026 18:34:21:767,96327,181826
35.24,09-20-2026 18:34:21:777,96302,181726
35.25,09-20-2026 18:34:21:787,96312,181678
35.26,09-20-2026 18:34:21:797,96307,181606
35.27,09-20-2026 18:34:21:807,96346,181558
35.28,09-20-2026 18:34:21:817,96309,181530
35.29,09-20-2026 18:34:21:827,96342,181510
35.3,09-20-2026 18:34:21:837,96352,181498
35.31,09-20-2026 18:34:21:847,96352,181519
35.32,09-20-2026 18:34:21:857,96346,181508
35.33,09-20-2026 18:34:21:867,96366,181519
35.34,09-20-2026 18:34:21:877,96376,181516
35.35,09-20-2026 18:34:21:887,96350,181514
35.36,09-20-2026 18:34:21:897,96380,181516
35.37,09-20-2026 18:34:21:907,96371,181497
35.38,09-20-2026 18:34:21:917,96398,181518
35.39,09-20-2026 18:34:21:927,96388,181484
35.4,09-20-2026 18:34:21:937,96400,181504
35.41,09-20-2026 18:34:21:947,96393,181489
35.42,09-20-2026 18:34:21:957,96417,181493
35.43,09-20-2026 18:34:21:967,96406,181539
35.44,09-20-2026 18:34:21:977,96429,181547
35.45,09-20-2026 18:34:21:987,96414,181587
35.46,09-20-2026 18:34:21:997,96445,181579
35.47,09-20-2026 18:34:22:007,96406,181609
35.48,09-20-2026 18:34:22:017,96438,181619
35.49,09-20-2026 18:34:22:027,96421,181633
35.5,09-20-2026 18:34:22:037,96480,181649
35.51,09-20-2026 18:34:22:047,96439,181661
35.52,09-20-2026 18:34:22:057,96486,181681
35.53,09-20-2026 18:34:22:067,96443,181667
35.54,09-20-2026 18:34:22:077,96492,181691
35.55,09-20-2026 18:34:22:087,96462,181721
35.56,09-20-2026 18:34:22:097,96498,181733
35.57,09-20-2026 18:34:22:107,96468,181745
35.58,09-20-2026 18:34:22:117,96502,181765
35.59,09-20-2026 18:34:22:127,96481,181783
35.6,09-20-2026 18:34:22:137,96513,181817
35.61,09-20-2026 18:34:22:147,96475,181835
35.62,09-20-2026 18:34:22:157,96484,181855
35.63,09-20-2026 18:34:22:167,96454,181877
35.64,09-20-2026 18:34:22:177,96455,181909
35.65,09-20-2026 18:34:22:187,96439,181923
35.66,09-20-2026 18:34:22:197,96452,181965
35.67,09-20-2026 18:34:22:207,96424,181993
35.68,09-20-2026 18:34:22:217,96422,182025
35.69,09-20-2026 18:34:22:227,96419,182035
35.7,09-20-2026 18:34:22:237,96421,182059
35.71,09-20-2026 18:34:22:247,96417,182121
35.72,09-20-2026 18:34:22:257,96416,182115
35.73,09-20-2026 18:34:22:267,96408,182157
35.74,09-20-2026 18:34:22:277,96402,182181
35.75,09-20-2026 18:34:22:287,96402,182221
35.76,09-20-2026 18:34:22:297,96426,182255
35.77,09-20-2026 18:34:22:307,96407,182279
35.78,09-20-2026 18:34:22:317,96407,182301
35.79,09-20-2026 18:34:22:327,96400,182327
35.8,09-20-2026 18:34:22:337,96413,182359
35.81,09-20-2026 18:34:22:347,96404,182387
35.82,09-20-2026 18:34:22:357,96403,182423
35.83,09-20-2026 18:34:22:367,96413,182450
35.84,09-20-2026 18:34:22:377,96402,182462
35.85,09-20-2026 18:34:22:387,96427,182504
35.86,09-20-2026 18:34:22:397,96412,182525
35.87,09-20-2026 18:34:22:407,96419,182564
35.88,09-20-2026 18:34:22:417,96419,182612
35.89,09-20-2026 18:34:22:427,96408,182618
35.9,09-20-2026 18:34:22:437,96421,182645
35.91,09-20-2026 18:34:22:447,96409,182692
35.92,09-20-2026 18:34:22:457,96410,182716
35.93,09-20-2026 18:34:22:467,96402,182752
35.94,09-20-2026 18:34:22:477,96416,182788
35.95,09-20-2026 18:34:22:487,96430,182809
35.96,09-20-2026 18:34:22:497,96426,182878
35.97,09-20-2026 18:34:22:507,96425,182893
35.98,09-20-2026 18:34:22:517,96434,182929
35.99,09-20-2026 18:34:22:527,96432,182959
36,09-20-2026 18:34:22:537,96440,182983
36.01,09-20-2026 18:34:22:547,96433,182970
36.02,09-20-2026 18:34:22:557,96441,182890
36.03,09-20-2026 18:34:22:567,96442,182818
36.04,09-20-2026 18:34:22:577,96460,182730
36.05,09-20-2026 18:34:22:587,96462,182666
36.06,09-20-2026 18:34:22:597,96454,182598
36.07,09-20-2026 18:34:22:607,96456,182554
36.08,09-20-2026 18:34:22:617,96465,182514
36.09,09-20-2026 18:34:22:627,96459,182510
36.1,09-20-2026 18:34:22:637,96466,182494
36.11,09-20-2026 18:34:22:647,96466,182493
36.12,09-20-2026 18:34:22:657,96483,182496
36.13,09-20-2026 18:34:22:667,96461,182472
36.14,09-20-2026 18:34:22:677,96474,182490
36.15,09-20-2026 18:34:22:687,96488,182480
36.16,09-20-2026 18:34:22:697,96478,182462
36.17,09-20-2026 18:34:22:707,96483,182461
36.18,09-20-2026 18:34:22:717,96477,182471
36.19,09-20-2026 18:34:22:727,96490,182459
36.2,09-20-2026 18:34:22:737,96502,182442
36.21,09-20-2026 18:34:22:747,96488,182443
36.22,09-20-2026 18:34:22:757,96513,182459
36.23,09-20-2026 18:34:22:767,96517,182427
36.24,09-20-2026 18:34:22:777,96507,182503
36.25,09-20-2026 18:34:22:787,96513,182481
36.26,09-20-2026 18:34:22:797,96518,182541
36.27,09-20-2026 18:34:22:807,96528,182519
36.28,09-20-2026 18:34:22:817,96532,182571
36.29,09-20-2026 18:34:22:827,96529,182537
36.3,09-20-2026 18:34:22:837,96536,182563
36.31,09-20-2026 18:34:22:847,96534,182549
36.32,09-20-2026 18:34:22:857,96537,182599
36.33,09-20-2026 18:34:22:867,96550,182549
36.34,09-20-2026 18:34:22:877,96556,182617
36.35,09-20-2026 18:34:22:887,96535,182569
36.36,09-20-2026 18:34:22:897,96565,182633
36.37,09-20-2026 18:34:22:907,96559,182597
36.38,09-20-2026 18:34:22:917,96572,182665
36.39,09-20-2026 18:34:22:927,96584,182617
36.4,09-20-2026 18:34:22:937,96572,182685
36.41,09-20-2026 18:34:22:947,96594,182674
36.42,09-20-2026 18:34:22:957,96581,182742
36.43,09-20-2026 18:34:22:967,96584,182726
36.44,09-20-2026 18:34:22:977,96574,182762
36.45,09-20-2026 18:34:22:987,96590,182750
36.46,09-20-2026 18:34:22:997,96556,182808
36.47,09-20-2026 18:34:23:007,96565,182804
36.48,09-20-2026 18:34:23:017,96554,182852
36.49,09-20-2026 18:34:23:027,96528,182852
36.5,09-20-2026 18:34:23:037,96512,182898
36.51,09-20-2026 18:34:23:047,96520,182913
36.52,09-20-2026 18:34:23:057,96506,182935
36.53,09-20-2026 18:34:23:067,96513,182959
36.54,09-20-2026 18:34:23:077,96511,182979
36.55,09-20-2026 18:34:23:087,96511,183017
36.56,09-20-2026 18:34:23:097,96511,183037
36.57,09-20-2026 18:34:23:107,96498,183071
36.58,09-20-2026 18:34:23:117,96523,183079
36.59,09-20-2026 18:34:23:127,96492,183127
36.6,09-20-2026 18:34:23:137,96510,183143
36.61,09-20-2026 18:34:23:147,96490,183171
36.62,09-20-2026 18:34:23:157,96498,183183
36.63,09-20-2026 18:34:23:167,96496,183227
36.64,09-20-2026 18:34:23:177,96511,183219
36.65,09-20-2026 18:34:23:187,96500,183273
36.66,09-20-2026 18:34:23:197,96479,183279
36.67,09-20-2026 18:34:23:207,96493,183331
36.68,09-20-2026 18:34:23:217,96506,183327
36.69,09-20-2026 18:34:23:227,96491,183355
36.7,09-20-2026 18:34:23:237,96509,183373
36.71,09-20-2026 18:34:23:247,96499,183434
36.72,09-20-2026 18:34:23:257,96507,183422
36.73,09-20-2026 18:34:23:267,96497,183488
36.74,09-20-2026 18:34:23:277,96514,183492
36.75,09-20-2026 18:34:23:287,96499,183542
36.76,09-20-2026 18:34:23:297,96498,183562
36.77,09-20-2026 18:34:23:307,96500,183624
36.78,09-20-2026 18:34:23:317,96497,183598
36.79,09-20-2026 18:34:23:327,96498,183672
36.8,09-20-2026 18:34:23:337,96495,183664
36.81,09-20-2026 18:34:23:347,96489,183707
36.82,09-20-2026 18:34:23:357,96516,183711
36.83,09-20-2026 18:34:23:367,96494,183751
36.84,09-20-2026 18:34:23:377,96528,183711
36.85,09-20-2026 18:34:23:387,96480,183675
36.86,09-20-2026 18:34:23:397,96513,183583
36.87,09-20-2026 18:34:23:407,96483,183507
36.88,09-20-2026 18:34:23:417,96504,183423
36.89,09-20-2026 18:34:23:427,96474,183347
36.9,09-20-2026 18:34:23:437,96507,183279
36.91,09-20-2026 18:34:23:447,96488,183238
36.92,09-20-2026 18:34:23:457,96506,183228
36.93,09-20-2026 18:34:23:467,96502,183209
36.94,09-20-2026 18:34:23:477,96528,183210
36.95,09-20-2026 18:34:23:487,96484,183213
36.96,09-20-2026 18:34:23:497,96522,183194
36.97,09-20-2026 18:34:23:507,96496,183189
36.98,09-20-2026 18:34:23:517,96515,183181
36.99,09-20-2026 18:34:23:527,96502,183171
37,09-20-2026 18:34:23:537,96529,183165
37.01,09-20-2026 18:34:23:547,96498,183146
37.02,09-20-2026 18:34:23:557,96539,183118
37.03,09-20-2026 18:34:23:567,96504,183118
37.04,09-20-2026 18:34:23:577,96523,183115
37.05,09-20-2026 18:34:23:587,96498,183111
37.06,09-20-2026 18:34:23:597,96548,183112
37.07,09-20-2026 18:34:23:607,96524,183135
37.08,09-20-2026 18:34:23:617,96556,183148
37.09,09-20-2026 18:34:23:627,96519,183166
37.1,09-20-2026 18:34:23:637,96552,183170
37.11,09-20-2026 18:34:23:647,96524,183169
37.12,09-20-2026 18:34:23:657,96573,183167
37.13,09-20-2026 18:34:23:667,96543,183165
37.14,09-20-2026 18:34:23:677,96551,183156
37.15,09-20-2026 18:34:23:687,96531,183152
37.16,09-20-2026 18:34:23:697,96576,183161
37.17,09-20-2026 18:34:23:707,96576,183168
37.18,09-20-2026 18:34:23:717,96580,183172
37.19,09-20-2026 18:34:23:727,96587,183171
37.2,09-20-2026 18:34:23:737,96584,183197
37.21,09-20-2026 18:34:23:747,96582,183180
37.22,09-20-2026 18:34:23:757,96594,183202
37.23,09-20-2026 18:34:23:767,96603,183193
37.24,09-20-2026 18:34:23:777,96575,183219
37.25,09-20-2026 18:34:23:787,96585,183229
37.26,09-20-2026 18:34:23:797,96570,183245
37.27,09-20-2026 18:34:23:807,96580,183254
37.28,09-20-2026 18:34:23:817,96552,183263
37.29,09-20-2026 18:34:23:827,96560,183278
37.3,09-20-2026 18:34:23:837,96511,183303
37.31,09-20-2026 18:34:23:847,96539,183304
37.32,09-20-2026 18:34:23:857,96491,183332
37.33,09-20-2026 18:34:23:867,96518,183348
37.34,09-20-2026 18:34:23:877,96490,183356
37.35,09-20-2026 18:34:23:887,96513,183360
37.36,09-20-2026 18:34:23:897,96477,183374
37.37,09-20-2026 18:34:23:907,96493,183398
37.38,09-20-2026 18:34:23:917,96485,183406
37.39,09-20-2026 18:34:23:927,96498,183440
37.4,09-20-2026 18:34:23:937,96460,183434
37.41,09-20-2026 18:34:23:947,96493,183460
37.42,09-20-2026 18:34:23:957,96457,183469
37.43,09-20-2026 18:34:23:967,96494,183494
37.44,09-20-2026 18:34:23:977,96455,183507
37.45,09-20-2026 18:34:23:987,96450,183506
37.46,09-20-2026 18:34:23:997,96441,183531
37.47,09-20-2026 18:34:24:007,96442,183544
37.48,09-20-2026 18:34:24:017,96443,183554
37.49,09-20-2026 18:34:24:027,96455,183564
37.5,09-20-2026 18:34:24:037,96419,183587
37.51,09-20-2026 18:34:24:047,96447,183619
37.52,09-20-2026 18:34:24:057,96435,183627
37.53,09-20-2026 18:34:24:067,96445,183635
37.54,09-20-2026 18:34:24:077,96416,183647
37.55,09-20-2026 18:34:24:087,96415,183657
37.56,09-20-2026 18:34:24:097,96416,183695
37.57,09-20-2026 18:34:24:107,96399,183711
37.58,09-20-2026 18:34:24:117,96405,183727
37.59,09-20-2026 18:34:24:127,96398,183757
37.6,09-20-2026 18:34:24:137,96395,183779
37.61,09-20-2026 18:34:24:147,96398,183802
37.62,09-20-2026 18:34:24:157,96418,183834
37.63,09-20-2026 18:34:24:167,96402,183838
37.64,09-20-2026 18:34:24:177,96394,183838
37.65,09-20-2026 18:34:24:187,96386,183766
37.66,09-20-2026 18:34:24:197,96388,183690
37.67,09-20-2026 18:34:24:207,96391,183606
37.68,09-20-2026 18:34:24:217,96384,183510
37.69,09-20-2026 18:34:24:227,96405,183422
37.7,09-20-2026 18:34:24:237,96403,183342
37.71,09-20-2026 18:34:24:247,96384,183289
37.72,09-20-2026 18:34:24:257,96395,183253
37.73,09-20-2026 18:34:24:267,96389,183208
37.74,09-20-2026 18:34:24:277,96394,183193
37.75,09-20-2026 18:34:24:287,96386,183163
37.76,09-20-2026 18:34:24:297,96401,183142
37.77,09-20-2026 18:34:24:307,96390,183106
37.78,09-20-2026 18:34:24:317,96395,183064
37.79,09-20-2026 18:34:24:327,96383,183064
37.8,09-20-2026 18:34:24:337,96396,183004
37.81,09-20-2026 18:34:24:347,96408,182981
37.82,09-20-2026 18:34:24:357,96390,182947
37.83,09-20-2026 18:34:24:367,96410,182923
37.84,09-20-2026 18:34:24:377,96391,182887
37.85,09-20-2026 18:34:24:387,96410,182889
37.86,09-20-2026 18:34:24:397,96403,182881
37.87,09-20-2026 18:34:24:407,96415,182851
37.88,09-20-2026 18:34:24:417,96393,182865
37.89,09-20-2026 18:34:24:427,96392,182859
37.9,09-20-2026 18:34:24:437,96412,182847
37.91,09-20-2026 18:34:24:447,96408,182835
37.92,09-20-2026 18:34:24:457,96425,182803
37.93,09-20-2026 18:34:24:467,96408,182793
37.94,09-20-2026 18:34:24:477,96422,182777
37.95,09-20-2026 18:34:24:487,96411,182753
37.96,09-20-2026 18:34:24:497,96407,182739
37.97,09-20-2026 18:34:24:507,96411,182721
37.98,09-20-2026 18:34:24:517,96427,182685
37.99,09-20-2026 18:34:24:527,96434,182701
38,09-20-2026 18:34:24:537,96434,182681
38.01,09-20-2026 18:34:24:547,96428,182688
38.02,09-20-2026 18:34:24:557,96432,182658
38.03,09-20-2026 18:34:24:567,96439,182669
38.04,09-20-2026 18:34:24:577,96441,182654
38.05,09-20-2026 18:34:24:587,96422,182672
38.06,09-20-2026 18:34:24:597,96433,182639
38.07,09-20-2026 18:34:24:607,96421,182683
38.08,09-20-2026 18:34:24:617,96406,182665
38.09,09-20-2026 18:34:24:627,96375,182661
38.1,09-20-2026 18:34:24:637,96361,182655
38.11,09-20-2026 18:34:24:647,96356,182690
38.12,09-20-2026 18:34:24:657,96330,182657
38.13,09-20-2026 18:34:24:667,96316,182688
38.14,09-20-2026 18:34:24:677,96313,182672
38.15,09-20-2026 18:34:24:687,96304,182713
38.16,09-20-2026 18:34:24:697,96303,182677
38.17,09-20-2026 18:34:24:707,96292,182730
38.18,09-20-2026 18:34:24:717,96269,182681
38.19,09-20-2026 18:34:24:727,96283,182743
38.2,09-20-2026 18:34:24:737,96268,182708
38.21,09-20-2026 18:34:24:747,96265,182758
38.22,09-20-2026 18:34:24:757,96247,182721
38.23,09-20-2026 18:34:24:767,96251,182779
38.24,09-20-2026 18:34:24:777,96226,182736
38.25,09-20-2026 18:34:24:787,96225,182780
38.26,09-20-2026 18:34:24:797,96206,182752
38.27,09-20-2026 18:34:24:807,96203,182807
38.28,09-20-2026 18:34:24:817,96205,182757
38.29,09-20-2026 18:34:24:827,96217,182818
38.3,09-20-2026 18:34:24:837,96199,182776
38.31,09-20-2026 18:34:24:847,96205,182839
38.32,09-20-2026 18:34:24:857,96217,182827
38.33,09-20-2026 18:34:24:867,96202,182877
38.34,09-20-2026 18:34:24:877,96193,182841
38.35,09-20-2026 18:34:24:887,96187,182879
38.36,09-20-2026 18:34:24:897,96180,182893
38.37,09-20-2026 18:34:24:907,96184,182929
38.38,09-20-2026 18:34:24:917,96179,182905
38.39,09-20-2026 18:34:24:927,96182,182971
38.4,09-20-2026 18:34:24:937,96186,182983
38.41,09-20-2026 18:34:24:947,96168,183014
38.42,09-20-2026 18:34:24:957,96186,183030
38.43,09-20-2026 18:34:24:967,96176,183054
38.44,09-20-2026 18:34:24:977,96171,183066
38.45,09-20-2026 18:34:24:987,96157,183038
38.46,09-20-2026 18:34:24:997,96153,183010
38.47,09-20-2026 18:34:25:007,96152,182894
38.48,09-20-2026 18:34:25:017,96184,182810
38.49,09-20-2026 18:34:25:027,96166,182666
38.5,09-20-2026 18:34:25:037,96176,182586
38.51,09-20-2026 18:34:25:047,96178,182469
38.52,09-20-2026 18:34:25:057,96164,182389
38.53,09-20-2026 18:34:25:067,96159,182297
38.54,09-20-2026 18:34:25:077,96176,182273
38.55,09-20-2026 18:34:25:087,96178,182177
38.56,09-20-2026 18:34:25:097,96164,182169
38.57,09-20-2026 18:34:25:107,96163,182097
38.58,09-20-2026 18:34:25:117,96159,182085
38.59,09-20-2026 18:34:25:127,96179,182013
38.6,09-20-2026 18:34:25:137,96156,182005
38.61,09-20-2026 18:34:25:147,96183,181911
38.62,09-20-2026 18:34:25:157,96177,181902
38.63,09-20-2026 18:34:25:167,96190,181803
38.64,09-20-2026 18:34:25:177,96190,181788
38.65,09-20-2026 18:34:25:187,96182,181707
38.66,09-20-2026 18:34:25:197,96179,181695
38.67,09-20-2026 18:34:25:207,96192,181656
38.68,09-20-2026 18:34:25:217,96184,181665
38.69,09-20-2026 18:34:25:227,96204,181617
38.7,09-20-2026 18:34:25:237,96189,181635
38.71,09-20-2026 18:34:25:247,96210,181614
38.72,09-20-2026 18:34:25:257,96186,181608
38.73,09-20-2026 18:34:25:267,96211,181558
38.74,09-20-2026 18:34:25:277,96184,181568
38.75,09-20-2026 18:34:25:287,96227,181520
38.76,09-20-2026 18:34:25:297,96207,181524
38.77,09-20-2026 18:34:25:307,96246,181466
38.78,09-20-2026 18:34:25:317,96199,181460
38.79,09-20-2026 18:34:25:327,96243,181436
38.8,09-20-2026 18:34:25:337,96200,181436
38.81,09-20-2026 18:34:25:347,96246,181410
38.82,09-20-2026 18:34:25:357,96206,181407
38.83,09-20-2026 18:34:25:367,96260,181413
38.84,09-20-2026 18:34:25:377,96222,181423
38.85,09-20-2026 18:34:25:387,96242,181394
38.86,09-20-2026 18:34:25:397,96168,181402
38.87,09-20-2026 18:34:25:407,96214,181389
38.88,09-20-2026 18:34:25:417,96156,181407
38.89,09-20-2026 18:34:25:427,96180,181415
38.9,09-20-2026 18:34:25:437,96118,181421
38.91,09-20-2026 18:34:25:447,96140,181409
38.92,09-20-2026 18:34:25:457,96114,181429
38.93,09-20-2026 18:34:25:467,96141,181433
38.94,09-20-2026 18:34:25:477,96086,181450
38.95,09-20-2026 18:34:25:487,96104,181439
38.96,09-20-2026 18:34:25:497,96102,181466
38.97,09-20-2026 18:34:25:507,96114,181472
38.98,09-20-2026 18:34:25:517,96086,181479
38.99,09-20-2026 18:34:25:527,96105,181496
39,09-20-2026 18:34:25:537,96082,181509
39.01,09-20-2026 18:34:25:547,96077,181514
39.02,09-20-2026 18:34:25:557,96055,181552
39.03,09-20-2026 18:34:25:567,96078,181566
39.04,09-20-2026 18:34:25:577,96070,181588
39.05,09-20-2026 18:34:25:587,96053,181602
39.06,09-20-2026 18:34:25:597,96073,181600
39.07,09-20-2026 18:34:25:607,96067,181614
39.08,09-20-2026 18:34:25:617,96081,181630
39.09,09-20-2026 18:34:25:627,96061,181654
39.1,09-20-2026 18:34:25:637,96073,181672
39.11,09-20-2026 18:34:25:647,96051,181684
39.12,09-20-2026 18:34:25:657,96084,181696
39.13,09-20-2026 18:34:25:667,96073,181708
39.14,09-20-2026 18:34:25:677,96084,181724
39.15,09-20-2026 18:34:25:687,96066,181758
39.16,09-20-2026 18:34:25:697,96076,181788
39.17,09-20-2026 18:34:25:707,96045,181796
39.18,09-20-2026 18:34:25:717,96087,181828
39.19,09-20-2026 18:34:25:727,96055,181866
39.2,09-20-2026 18:34:25:737,96095,181896
39.21,09-20-2026 18:34:25:747,96053,181922
39.22,09-20-2026 18:34:25:757,96102,181937
39.23,09-20-2026 18:34:25:767,96061,181972
39.24,09-20-2026 18:34:25:777,96097,181952
39.25,09-20-2026 18:34:25:787,96061,181902
39.26,09-20-2026 18:34:25:797,96107,181817
39.27,09-20-2026 18:34:25:807,96069,181707
39.28,09-20-2026 18:34:25:817,96099,181612
39.29,09-20-2026 18:34:25:827,96059,181482
39.3,09-20-2026 18:34:25:837,96095,181387
39.31,09-20-2026 18:34:25:847,96074,181291
39.32,09-20-2026 18:34:25:857,96107,181207
39.33,09-20-2026 18:34:25:867,96090,181155
39.34,09-20-2026 18:34:25:877,96120,181119
39.35,09-20-2026 18:34:25:887,96093,181075
39.36,09-20-2026 18:34:25:897,96125,181039
39.37,09-20-2026 18:34:25:907,96090,181007
39.38,09-20-2026 18:34:25:917,96115,180963
39.39,09-20-2026 18:34:25:927,96104,180915
39.4,09-20-2026 18:34:25:937,96105,180899
39.41,09-20-2026 18:34:25:947,96126,180859
39.42,09-20-2026 18:34:25:957,96126,180811
39.43,09-20-2026 18:34:25:967,96115,180775
39.44,09-20-2026 18:34:25:977,96124,180757
39.45,09-20-2026 18:34:25:987,96139,180733
39.46,09-20-2026 18:34:25:997,96134,180733
39.47,09-20-2026 18:34:26:007,96139,180721
39.48,09-20-2026 18:34:26:017,96142,180753
39.49,09-20-2026 18:34:26:027,96138,180731
39.5,09-20-2026 18:34:26:037,96138,180735
39.51,09-20-2026 18:34:26:047,96150,180735
39.52,09-20-2026 18:34:26:057,96157,180721
39.53,09-20-2026 18:34:26:067,96159,180708
39.54,09-20-2026 18:34:26:077,96153,180697
39.55,09-20-2026 18:34:26:087,96186,180698
39.56,09-20-2026 18:34:26:097,96171,180670
39.57,09-20-2026 18:34:26:107,96181,180664
39.58,09-20-2026 18:34:26:117,96189,180672
39.59,09-20-2026 18:34:26:127,96186,180656
39.6,09-20-2026 18:34:26:137,96192,180666
39.61,09-20-2026 18:34:26:147,96192,180677
39.62,09-20-2026 18:34:26:157,96203,180680
39.63,09-20-2026 18:34:26:167,96214,180678
39.64,09-20-2026 18:34:26:177,96212,180718
39.65,09-20-2026 18:34:26:187,96194,180710
39.66,09-20-2026 18:34:26:197,96180,180716
39.67,09-20-2026 18:34:26:207,96161,180752
39.68,09-20-2026 18:34:26:217,96138,180759
39.69,09-20-2026 18:34:26:227,96135,180774
39.7,09-20-2026 18:34:26:237,96101,180779
39.71,09-20-2026 18:34:26:247,96102,180818
39.72,09-20-2026 18:34:26:257,96100,180824
39.73,09-20-2026 18:34:26:267,96076,180856
39.74,09-20-2026 18:34:26:277,96101,180870
39.75,09-20-2026 18:34:26:287,96075,180880
39.76,09-20-2026 18:34:26:297,96085,180906
39.77,09-20-2026 18:34:26:307,96077,180928
39.78,09-20-2026 18:34:26:317,96060,180972
39.79,09-20-2026 18:34:26:327,96053,180976
39.8,09-20-2026 18:34:26:337,96047,181002
39.81,09-20-2026 18:34:26:347,96058,181042
39.82,09-20-2026 18:34:26:357,96056,181074
39.83,09-20-2026 18:34:26:367,96056,181084
39.84,09-20-2026 18:34:26:377,96040,181098
39.85,09-20-2026 18:34:26:387,96041,181120
39.86,09-20-2026 18:34:26:397,96046,181148
39.87,09-20-2026 18:34:26:407,96051,181152
39.88,09-20-2026 18:34:26:417,96042,181210
39.89,09-20-2026 18:34:26:427,96037,181206
39.9,09-20-2026 18:34:26:437,96051,181206
39.91,09-20-2026 18:34:26:447,96048,181253
39.92,09-20-2026 18:34:26:457,96065,181274
39.93,09-20-2026 18:34:26:467,96047,181313
39.94,09-20-2026 18:34:26:477,96059,181337
39.95,09-20-2026 18:34:26:487,96042,181379
39.96,09-20-2026 18:34:26:497,96045,181364
39.97,09-20-2026 18:34:26:507,96030,181433
39.98,09-20-2026 18:34:26:517,96044,181442
39.99,09-20-2026 18:34:26:527,96043,181514
40,09-20-2026 18:34:26:537,96036,181499
40.01,09-20-2026 18:34:26:547,96047,181567
40.02,09-20-2026 18:34:26:557,96060,181543
40.03,09-20-2026 18:34:26:567,96061,181579
40.04,09-20-2026 18:34:26:577,96076,181525
40.05,09-20-2026 18:34:26:587,96072,181489
40.06,09-20-2026 18:34:26:597,96067,181345
40.07,09-20-2026 18:34:26:607,96074,181261
40.08,09-20-2026 18:34:26:617,96083,181111
40.09,09-20-2026 18:34:26:627,96080,181069
40.1,09-20-2026 18:34:26:637,96105,180925
40.11,09-20-2026 18:34:26:647,96083,180919
40.12,09-20-2026 18:34:26:657,96094,180802
40.13,09-20-2026 18:34:26:667,96084,180823
40.14,09-20-2026 18:34:26:677,96087,180763
40.15,09-20-2026 18:34:26:687,96095,180796
40.16,09-20-2026 18:34:26:697,96102,180730
40.17,09-20-2026 18:34:26:707,96103,180739
40.18,09-20-2026 18:34:26:717,96116,180682
40.19,09-20-2026 18:34:26:727,96107,180685
40.2,09-20-2026 18:34:26:737,96121,180637
40.21,09-20-2026 18:34:26:747,96110,180613
40.22,09-20-2026 18:34:26:757,96130,180592
40.23,09-20-2026 18:34:26:767,96118,180585
40.24,09-20-2026 18:34:26:777,96124,180538
40.25,09-20-2026 18:34:26:787,96121,180556
40.26,09-20-2026 18:34:26:797,96148,180560
40.27,09-20-2026 18:34:26:807,96118,180563
40.28,09-20-2026 18:34:26:817,96159,180578
40.29,09-20-2026 18:34:26:827,96145,180569
40.3,09-20-2026 18:34:26:837,96144,180579
40.31,09-20-2026 18:34:26:847,96149,180564
40.32,09-20-2026 18:34:26:857,96176,180581
40.33,09-20-2026 18:34:26:867,96172,180564
40.34,09-20-2026 18:34:26:877,96192,180575
40.35,09-20-2026 18:34:26:887,96190,180552
40.36,09-20-2026 18:34:26:897,96200,180591
40.37,09-20-2026 18:34:26:907,96190,180550
40.38,09-20-2026 18:34:26:917,96199,180578
40.39,09-20-2026 18:34:26:927,96208,180549
40.4,09-20-2026 18:34:26:937,96195,180581
40.41,09-20-2026 18:34:26:947,96211,180590
40.42,09-20-2026 18:34:26:957,96187,180606
40.43,09-20-2026 18:34:26:967,96188,180624
40.44,09-20-2026 18:34:26:977,96169,180658
40.45,09-20-2026 18:34:26:987,96167,180660
40.46,09-20-2026 18:34:26:997,96145,180698
40.47,09-20-2026 18:34:27:007,96138,180688
40.48,09-20-2026 18:34:27:017,96120,180750
40.49,09-20-2026 18:34:27:027,96154,180734
40.5,09-20-2026 18:34:27:037,96129,180780
40.51,09-20-2026 18:34:27:047,96135,180757
40.52,09-20-2026 18:34:27:057,96123,180811
40.53,09-20-2026 18:34:27:067,96156,180819
40.54,09-20-2026 18:34:27:077,96128,180859
40.55,09-20-2026 18:34:27:087,96128,180851
40.56,09-20-2026 18:34:27:097,96117,180907
40.57,09-20-2026 18:34:27:107,96122,180905
40.58,09-20-2026 18:34:27:117,96100,180957
40.59,09-20-2026 18:34:27:127,96119,180963
40.6,09-20-2026 18:34:27:137,96106,181003
40.61,09-20-2026 18:34:27:147,96121,181005
40.62,09-20-2026 18:34:27:157,96093,181033
40.63,09-20-2026 18:34:27:167,96120,181037
40.64,09-20-2026 18:34:27:177,96088,181077
40.65,09-20-2026 18:34:27:187,96143,181103
40.66,09-20-2026 18:34:27:197,96107,181129
40.67,09-20-2026 18:34:27:207,96138,181139
40.68,09-20-2026 18:34:27:217,96090,181179
40.69,09-20-2026 18:34:27:227,96128,181207
40.7,09-20-2026 18:34:27:237,96106,181249
40.71,09-20-2026 18:34:27:247,96137,181273
40.72,09-20-2026 18:34:27:257,96086,181297
40.73,09-20-2026 18:34:27:267,96137,181342
40.74,09-20-2026 18:34:27:277,96106,181372
40.75,09-20-2026 18:34:27:287,96151,181393
40.76,09-20-2026 18:34:27:297,96105,181441
40.77,09-20-2026 18:34:27:307,96155,181471
40.78,09-20-2026 18:34:27:317,96111,181504
40.79,09-20-2026 18:34:27:327,96173,181537
40.8,09-20-2026 18:34:27:337,96152,181552
40.81,09-20-2026 18:34:27:347,96151,181513
40.82,09-20-2026 18:34:27:357,96134,181453
40.83,09-20-2026 18:34:27:367,96180,181397
40.84,09-20-2026 18:34:27:377,96160,181317
40.85,09-20-2026 18:34:27:387,96169,181233
40.86,09-20-2026 18:34:27:397,96159,181165
40.87,09-20-2026 18:34:27:407,96175,181105
40.88,09-20-2026 18:34:27:417,96169,181065
40.89,09-20-2026 18:34:27:427,96179,181045
40.9,09-20-2026 18:34:27:437,96190,181009
40.91,09-20-2026 18:34:27:447,96204,181001
40.92,09-20-2026 18:34:27:457,96211,180993
40.93,09-20-2026 18:34:27:467,96204,181016
40.94,09-20-2026 18:34:27:477,96214,180996
40.95,09-20-2026 18:34:27:487,96215,180971
40.96,09-20-2026 18:34:27:497,96226,180956
40.97,09-20-2026 18:34:27:507,96229,180953
40.98,09-20-2026 18:34:27:517,96260,180936
40.99,09-20-2026 18:34:27:527,96243,180932
41,09-20-2026 18:34:27:537,96250,180925
41.01,09-20-2026 18:34:27:547,96229,180953
41.02,09-20-2026 18:34:27:557,96274,180966
41.03,09-20-2026 18:34:27:567,96263,180987
41.04,09-20-2026 18:34:27:577,96277,181012
41.05,09-20-2026 18:34:27:587,96255,181041
41.06,09-20-2026 18:34:27:597,96291,181034
41.07,09-20-2026 18:34:27:607,96279,181058
41.08,09-20-2026 18:34:27:617,96300,181040
41.09,09-20-2026 18:34:27:627,96262,181058
41.1,09-20-2026 18:34:27:637,96308,181046
41.11,09-20-2026 18:34:27:647,96286,181037
41.12,09-20-2026 18:34:27:657,96354,181055
41.13,09-20-2026 18:34:27:667,96298,181069
41.14,09-20-2026 18:34:27:677,96330,181055
41.15,09-20-2026 18:34:27:687,96321,181091
41.16,09-20-2026 18:34:27:697,96342,181105
41.17,09-20-2026 18:34:27:707,96332,181131
41.18,09-20-2026 18:34:27:717,96342,181131
41.19,09-20-2026 18:34:27:727,96336,181163
41.2,09-20-2026 18:34:27:737,96359,181169
41.21,09-20-2026 18:34:27:747,96325,181198
41.22,09-20-2026 18:34:27:757,96341,181240
41.23,09-20-2026 18:34:27:767,96325,181242
41.24,09-20-2026 18:34:27:777,96320,181276
41.25,09-20-2026 18:34:27:787,96301,181288
41.26,09-20-2026 18:34:27:797,96287,181318
41.27,09-20-2026 18:34:27:807,96285,181346
41.28,09-20-2026 18:34:27:817,96280,181372
41.29,09-20-2026 18:34:27:827,96271,181416
41.3,09-20-2026 18:34:27:837,96288,181422
41.31,09-20-2026 18:34:27:847,96270,181466
41.32,09-20-2026 18:34:27:857,96281,181488
41.33,09-20-2026 18:34:27:867,96276,181512
41.34,09-20-2026 18:34:27:877,96288,181510
41.35,09-20-2026 18:34:27:887,96284,181550
41.36,09-20-2026 18:34:27:897,96282,181584
41.37,09-20-2026 18:34:27:907,96300,181604
41.38,09-20-2026 18:34:27:917,96284,181642
41.39,09-20-2026 18:34:27:927,96279,181670
41.4,09-20-2026 18:34:27:937,96287,181698
41.41,09-20-2026 18:34:27:947,96286,181727
41.42,09-20-2026 18:34:27:957,96296,181763
41.43,09-20-2026 18:34:27:967,96301,181784
41.44,09-20-2026 18:34:27:977,96310,181820
41.45,09-20-2026 18:34:27:987,96308,181844
41.46,09-20-2026 18:34:27:997,96295,181862
41.47,09-20-2026 18:34:28:007,96307,181892
41.48,09-20-2026 18:34:28:017,96313,181931
41.49,09-20-2026 18:34:28:027,96315,181955
41.5,09-20-2026 18:34:28:037,96321,181997
41.51,09-20-2026 18:34:28:047,96330,182030
41.52,09-20-2026 18:34:28:057,96332,182048
41.53,09-20-2026 18:34:28:067,96310,182090
41.54,09-20-2026 18:34:28:077,96325,182129
41.55,09-20-2026 18:34:28:087,96327,182168
41.56,09-20-2026 18:34:28:097,96339,182210
41.57,09-20-2026 18:34:28:107,96336,182243
41.58,09-20-2026 18:34:28:117,96321,182294
41.59,09-20-2026 18:34:28:127,96330,182315
41.6,09-20-2026 18:34:28:137,96351,182327
41.61,09-20-2026 18:34:28:147,96344,182341
41.62,09-20-2026 18:34:28:157,96349,182293
41.63,09-20-2026 18:34:28:167,96355,182245
41.64,09-20-2026 18:34:28:177,96363,182169
41.65,09-20-2026 18:34:28:187,96369,182093
41.66,09-20-2026 18:34:28:197,96380,182037
41.67,09-20-2026 18:34:28:207,96391,182001
41.68,09-20-2026 18:34:28:217,96379,181949
41.69,09-20-2026 18:34:28:227,96377,181925
41.7,09-20-2026 18:34:28:237,96390,181937
41.71,09-20-2026 18:34:28:247,96390,181938
41.72,09-20-2026 18:34:28:257,96395,181945
41.73,09-20-2026 18:34:28:267,96410,181947
41.74,09-20-2026 18:34:28:277,96407,181962
41.75,09-20-2026 18:34:28:287,96432,181956
41.76,09-20-2026 18:34:28:297,96406,182002
41.77,09-20-2026 18:34:28:307,96420,181977
41.78,09-20-2026 18:34:28:317,96428,182007
41.79,09-20-2026 18:34:28:327,96431,182007
41.8,09-20-2026 18:34:28:337,96424,182034
41.81,09-20-2026 18:34:28:347,96434,182039
41.82,09-20-2026 18:34:28:357,96446,182105
41.83,09-20-2026 18:34:28:367,96455,182083
41.84,09-20-2026 18:34:28:377,96450,182139
41.85,09-20-2026 18:34:28:387,96462,182119
41.86,09-20-2026 18:34:28:397,96466,182149
41.87,09-20-2026 18:34:28:407,96477,182119
41.88,09-20-2026 18:34:28:417,96477,182177
41.89,09-20-2026 18:34:28:427,96481,182147
41.9,09-20-2026 18:34:28:437,96497,182199
41.91,09-20-2026 18:34:28:447,96496,182170
41.92,09-20-2026 18:34:28:457,96499,182218
41.93,09-20-2026 18:34:28:467,96490,182190
41.94,09-20-2026 18:34:28:477,96501,182250
41.95,09-20-2026 18:34:28:487,96498,182204
41.96,09-20-2026 18:34:28:497,96517,182286
41.97,09-20-2026 18:34:28:507,96518,182266
41.98,09-20-2026 18:34:28:517,96518,182348
41.99,09-20-2026 18:34:28:527,96517,182304
42,09-20-2026 18:34:28:537,96543,182406
42.01,09-20-2026 18:34:28:547,96533,182378
42.02,09-20-2026 18:34:28:557,96532,182468
42.03,09-20-2026 18:34:28:567,96528,182450
42.04,09-20-2026 18:34:28:577,96522,182516
42.05,09-20-2026 18:34:28:587,96522,182507
42.06,09-20-2026 18:34:28:597,96505,182546
42.07,09-20-2026 18:34:28:607,96487,182582
42.08,09-20-2026 18:34:28:617,96482,182618
42.09,09-20-2026 18:34:28:627,96468,182633
42.1,09-20-2026 18:34:28:637,96471,182678
42.11,09-20-2026 18:34:28:647,96475,182715
42.12,09-20-2026 18:34:28:657,96469,182745
42.13,09-20-2026 18:34:28:667,96457,182775
42.14,09-20-2026 18:34:28:677,96455,182805
42.15,09-20-2026 18:34:28:687,96477,182844
42.16,09-20-2026 18:34:28:697,96480,182859
42.17,09-20-2026 18:34:28:707,96457,182916
42.18,09-20-2026 18:34:28:717,96476,182922
42.19,09-20-2026 18:34:28:727,96466,182982
42.2,09-20-2026 18:34:28:737,96474,183000
42.21,09-20-2026 18:34:28:747,96473,183061
42.22,09-20-2026 18:34:28:757,96457,183069
42.23,09-20-2026 18:34:28:767,96469,183105
42.24,09-20-2026 18:34:28:777,96487,183101
42.25,09-20-2026 18:34:28:787,96492,183165
42.26,09-20-2026 18:34:28:797,96491,183179
42.27,09-20-2026 18:34:28:807,96490,183229
42.28,09-20-2026 18:34:28:817,96489,183243
42.29,09-20-2026 18:34:28:827,96488,183303
42.3,09-20-2026 18:34:28:837,96497,183293
42.31,09-20-2026 18:34:28:847,96474,183384
42.32,09-20-2026 18:34:28:857,96502,183369
42.33,09-20-2026 18:34:28:867,96473,183459
42.34,09-20-2026 18:34:28:877,96503,183438
42.35,09-20-2026 18:34:28:887,96495,183507
42.36,09-20-2026 18:34:28:897,96495,183513
42.37,09-20-2026 18:34:28:907,96495,183558
42.38,09-20-2026 18:34:28:917,96517,183585
42.39,09-20-2026 18:34:28:927,96483,183654
42.4,09-20-2026 18:34:28:937,96513,183672
42.41,09-20-2026 18:34:28:947,96476,183704
42.42,09-20-2026 18:34:28:957,96517,183688
42.43,09-20-2026 18:34:28:967,96489,183656
42.44,09-20-2026 18:34:28:977,96532,183576
42.45,09-20-2026 18:34:28:987,96501,183480
42.46,09-20-2026 18:34:28:997,96534,183420
42.47,09-20-2026 18:34:29:007,96506,183320
42.48,09-20-2026 18:34:29:017,96536,183280
42.49,09-20-2026 18:34:29:027,96511,183236
42.5,09-20-2026 18:34:29:037,96562,183204
42.51,09-20-2026 18:34:29:047,96512,183186
42.52,09-20-2026 18:34:29:057,96555,183199
42.53,09-20-2026 18:34:29:067,96529,183184
42.54,09-20-2026 18:34:29:077,96543,183213
42.55,09-20-2026 18:34:29:087,96508,183218
42.56,09-20-2026 18:34:29:097,96580,183223
42.57,09-20-2026 18:34:29:107,96526,183236
42.58,09-20-2026 18:34:29:117,96577,183224
42.59,09-20-2026 18:34:29:127,96520,183239
42.6,09-20-2026 18:34:29:137,96597,183240
42.61,09-20-2026 18:34:29:147,96531,183252
42.62,09-20-2026 18:34:29:157,96590,183256
42.63,09-20-2026 18:34:29:167,96557,183268
42.64,09-20-2026 18:34:29:177,96588,183272
42.65,09-20-2026 18:34:29:187,96580,183302
42.66,09-20-2026 18:34:29:197,96583,183334
42.67,09-20-2026 18:34:29:207,96576,183350
42.68,09-20-2026 18:34:29:217,96610,183374
42.69,09-20-2026 18:34:29:227,96587,183388
42.7,09-20-2026 18:34:29:237,96631,183398
42.71,09-20-2026 18:34:29:247,96594,183395
42.72,09-20-2026 18:34:29:257,96619,183413
42.73,09-20-2026 18:34:29:267,96606,183397
42.74,09-20-2026 18:34:29:277,96620,183431
42.75,09-20-2026 18:34:29:287,96647,183449
42.76,09-20-2026 18:34:29:297,96641,183453
42.77,09-20-2026 18:34:29:307,96645,183459
42.78,09-20-2026 18:34:29:317,96656,183483
42.79,09-20-2026 18:34:29:327,96661,183505
42.8,09-20-2026 18:34:29:337,96661,183531
42.81,09-20-2026 18:34:29:347,96667,183549
42.82,09-20-2026 18:34:29:357,96663,183551
42.83,09-20-2026 18:34:29:367,96684,183585
42.84,09-20-2026 18:34:29:377,96647,183609
42.85,09-20-2026 18:34:29:387,96645,183653
42.86,09-20-2026 18:34:29:397,96612,183651
42.87,09-20-2026 18:34:29:407,96626,183677
42.88,09-20-2026 18:34:29:417,96585,183691
42.89,09-20-2026 18:34:29:427,96617,183719
42.9,09-20-2026 18:34:29:437,96580,183737
42.91,09-20-2026 18:34:29:447,96603,183767
42.92,09-20-2026 18:34:29:457,96573,183795
42.93,09-20-2026 18:34:29:467,96611,183811
42.94,09-20-2026 18:34:29:477,96586,183841
42.95,09-20-2026 18:34:29:487,96599,183861
42.96,09-20-2026 18:34:29:497,96574,183877
42.97,09-20-2026 18:34:29:507,96592,183897
42.98,09-20-2026 18:34:29:517,96571,183959
42.99,09-20-2026 18:34:29:527,96598,183967
43,09-20-2026 18:34:29:537,96567,183997
43.01,09-20-2026 18:34:29:547,96599,184039
43.02,09-20-2026 18:34:29:557,96584,184053
43.03,09-20-2026 18:34:29:567,96622,184079
43.04,09-20-2026 18:34:29:577,96566,184095
43.05,09-20-2026 18:34:29:587,96604,184123
43.06,09-20-2026 18:34:29:597,96576,184133
43.07,09-20-2026 18:34:29:607,96610,184163
43.08,09-20-2026 18:34:29:617,96577,184195
43.09,09-20-2026 18:34:29:627,96588,184225
43.1,09-20-2026 18:34:29:637,96582,184255
43.11,09-20-2026 18:34:29:647,96599,184274
43.12,09-20-2026 18:34:29:657,96576,184301
43.13,09-20-2026 18:34:29:667,96594,184331
43.14,09-20-2026 18:34:29:677,96565,184367
43.15,09-20-2026 18:34:29:687,96591,184394
43.16,09-20-2026 18:34:29:697,96566,184418
43.17,09-20-2026 18:34:29:707,96595,184448
43.18,09-20-2026 18:34:29:717,96573,184469
43.19,09-20-2026 18:34:29:727,96610,184499
43.2,09-20-2026 18:34:29:737,96574,184532
43.21,09-20-2026 18:34:29:747,96582,184548
43.22,09-20-2026 18:34:29:757,96582,184543
43.23,09-20-2026 18:34:29:767,96586,184498
43.24,09-20-2026 18:34:29:777,96578,184443
43.25,09-20-2026 18:34:29:787,96593,184378
43.26,09-20-2026 18:34:29:797,96568,184253
43.27,09-20-2026 18:34:29:807,96587,184163
43.28,09-20-2026 18:34:29:817,96590,184083
43.29,09-20-2026 18:34:29:827,96606,184043
43.3,09-20-2026 18:34:29:837,96609,184008
43.31,09-20-2026 18:34:29:847,96610,183966
43.32,09-20-2026 18:34:29:857,96605,183951
43.33,09-20-2026 18:34:29:867,96600,183939
43.34,09-20-2026 18:34:29:877,96618,183973
43.35,09-20-2026 18:34:29:887,96598,183943
43.36,09-20-2026 18:34:29:897,96614,183945
43.37,09-20-2026 18:34:29:907,96621,183935
43.38,09-20-2026 18:34:29:917,96614,183931
43.39,09-20-2026 18:34:29:927,96617,183941
43.4,09-20-2026 18:34:29:937,96627,183942
43.41,09-20-2026 18:34:29:947,96618,183925
43.42,09-20-2026 18:34:29:957,96631,183905
43.43,09-20-2026 18:34:29:967,96620,183901
43.44,09-20-2026 18:34:29:977,96630,183917
43.45,09-20-2026 18:34:29:987,96635,183919
43.46,09-20-2026 18:34:29:997,96630,183930
43.47,09-20-2026 18:34:30:007,96636,183957
43.48,09-20-2026 18:34:30:017,96640,183979
43.49,09-20-2026 18:34:30:027,96646,183973
43.5,09-20-2026 18:34:30:037,96627,183970
43.51,09-20-2026 18:34:30:047,96631,183971
43.52,09-20-2026 18:34:30:057,96639,183970
43.53,09-20-2026 18:34:30:067,96646,183985
43.54,09-20-2026 18:34:30:077,96653,183989
43.55,09-20-2026 18:34:30:087,96669,183982
43.56,09-20-2026 18:34:30:097,96663,183996
43.57,09-20-2026 18:34:30:107,96667,183982
43.58,09-20-2026 18:34:30:117,96670,184004
43.59,09-20-2026 18:34:30:127,96670,184008
43.6,09-20-2026 18:34:30:137,96669,184000
43.61,09-20-2026 18:34:30:147,96669,184005
43.62,09-20-2026 18:34:30:157,96677,184025
43.63,09-20-2026 18:34:30:167,96661,184049
43.64,09-20-2026 18:34:30:177,96652,184045
43.65,09-20-2026 18:34:30:187,96654,184081
43.66,09-20-2026 18:34:30:197,96627,184081
43.67,09-20-2026 18:34:30:207,96608,184105
43.68,09-20-2026 18:34:30:217,96585,184101
43.69,09-20-2026 18:34:30:227,96589,184127
43.7,09-20-2026 18:34:30:237,96585,184147
43.71,09-20-2026 18:34:30:247,96580,184182
43.72,09-20-2026 18:34:30:257,96567,184188
43.73,09-20-2026 18:34:30:267,96568,184202
43.74,09-20-2026 18:34:30:277,96558,184206
43.75,09-20-2026 18:34:30:287,96558,184242
43.76,09-20-2026 18:34:30:297,96542,184250
43.77,09-20-2026 18:34:30:307,96555,184286
43.78,09-20-2026 18:34:30:317,96553,184276
43.79,09-20-2026 18:34:30:327,96536,184330
43.8,09-20-2026 18:34:30:337,96538,184316
43.81,09-20-2026 18:34:30:347,96524,184375
43.82,09-20-2026 18:34:30:357,96525,184343
43.83,09-20-2026 18:34:30:367,96526,184397
43.84,09-20-2026 18:34:30:377,96516,184373
43.85,09-20-2026 18:34:30:387,96509,184405
43.86,09-20-2026 18:34:30:397,96509,184413
43.87,09-20-2026 18:34:30:407,96524,184459
43.88,09-20-2026 18:34:30:417,96514,184453
43.89,09-20-2026 18:34:30:427,96516,184507
43.9,09-20-2026 18:34:30:437,96511,184481
43.91,09-20-2026 18:34:30:447,96513,184552
43.92,09-20-2026 18:34:30:457,96524,184506
43.93,09-20-2026 18:34:30:467,96496,184598
43.94,09-20-2026 18:34:30:477,96495,184540
43.95,09-20-2026 18:34:30:487,96477,184638
43.96,09-20-2026 18:34:30:497,96481,184606
43.97,09-20-2026 18:34:30:507,96481,184680
43.98,09-20-2026 18:34:30:517,96476,184664
43.99,09-20-2026 18:34:30:527,96484,184736
44,09-20-2026 18:34:30:537,96475,184702
44.01,09-20-2026 18:34:30:547,96462,184766
44.02,09-20-2026 18:34:30:557,96481,184712
44.03,09-20-2026 18:34:30:567,96482,184712
44.04,09-20-2026 18:34:30:577,96477,184562
44.05,09-20-2026 18:34:30:587,96477,184508
44.06,09-20-2026 18:34:30:597,96470,184370
44.07,09-20-2026 18:34:30:607,96467,184280
44.08,09-20-2026 18:34:30:617,96482,184154
44.09,09-20-2026 18:34:30:627,96474,184136
44.1,09-20-2026 18:34:30:637,96471,184052
44.11,09-20-2026 18:34:30:647,96477,184047
44.12,09-20-2026 18:34:30:657,96470,183991
44.13,09-20-2026 18:34:30:667,96472,183997
44.14,09-20-2026 18:34:30:677,96460,183937
44.15,09-20-2026 18:34:30:687,96478,183959
44.16,09-20-2026 18:34:30:697,96474,183945
44.17,09-20-2026 18:34:30:707,96470,183893
44.18,09-20-2026 18:34:30:717,96467,183871
44.19,09-20-2026 18:34:30:727,96468,183857
44.2,09-20-2026 18:34:30:737,96461,183835
44.21,09-20-2026 18:34:30:747,96477,183797
44.22,09-20-2026 18:34:30:757,96471,183781
44.23,09-20-2026 18:34:30:767,96486,183761
44.24,09-20-2026 18:34:30:777,96481,183766
44.25,09-20-2026 18:34:30:787,96488,183736
44.26,09-20-2026 18:34:30:797,96487,183743
44.27,09-20-2026 18:34:30:807,96485,183735
44.28,09-20-2026 18:34:30:817,96479,183732
44.29,09-20-2026 18:34:30:827,96480,183688
44.3,09-20-2026 18:34:30:837,96480,183715
44.31,09-20-2026 18:34:30:847,96498,183678
44.32,09-20-2026 18:34:30:857,96494,183688
44.33,09-20-2026 18:34:30:867,96491,183630
44.34,09-20-2026 18:34:30:877,96492,183650
44.35,09-20-2026 18:34:30:887,96497,183622
44.36,09-20-2026 18:34:30:897,96511,183624
44.37,09-20-2026 18:34:30:907,96491,183576
44.38,09-20-2026 18:34:30:917,96503,183608
44.39,09-20-2026 18:34:30:927,96492,183554
44.4,09-20-2026 18:34:30:937,96466,183594
44.41,09-20-2026 18:34:30:947,96466,183560
44.42,09-20-2026 18:34:30:957,96414,183594
44.43,09-20-2026 18:34:30:967,96394,183563
44.44,09-20-2026 18:34:30:977,96382,183577
44.45,09-20-2026 18:34:30:987,96360,183538
44.46,09-20-2026 18:34:30:997,96358,183581
44.47,09-20-2026 18:34:31:007,96336,183563
44.48,09-20-2026 18:34:31:017,96326,183593
44.49,09-20-2026 18:34:31:027,96328,183556
44.5,09-20-2026 18:34:31:037,96326,183595
44.51,09-20-2026 18:34:31:047,96317,183573
44.52,09-20-2026 18:34:31:057,96292,183584
44.53,09-20-2026 18:34:31:067,96288,183590
44.54,09-20-2026 18:34:31:077,96275,183598
44.55,09-20-2026 18:34:31:087,96273,183585
44.56,09-20-2026 18:34:31:097,96261,183624
44.57,09-20-2026 18:34:31:107,96264,183602
44.58,09-20-2026 18:34:31:117,96240,183629
44.59,09-20-2026 18:34:31:127,96249,183637
44.6,09-20-2026 18:34:31:137,96235,183626
44.61,09-20-2026 18:34:31:147,96250,183645
44.62,09-20-2026 18:34:31:157,96224,183644
44.63,09-20-2026 18:34:31:167,96228,183652
44.64,09-20-2026 18:34:31:177,96214,183658
44.65,09-20-2026 18:34:31:187,96232,183661
44.66,09-20-2026 18:34:31:197,96194,183680
44.67,09-20-2026 18:34:31:207,96211,183715
44.68,09-20-2026 18:34:31:217,96203,183705
44.69,09-20-2026 18:34:31:227,96216,183716
44.7,09-20-2026 18:34:31:237,96188,183752
44.71,09-20-2026 18:34:31:247,96199,183760
44.72,09-20-2026 18:34:31:257,96174,183776
44.73,09-20-2026 18:34:31:267,96185,183774
44.74,09-20-2026 18:34:31:277,96161,183796
44.75,09-20-2026 18:34:31:287,96183,183840
44.76,09-20-2026 18:34:31:297,96156,183846
44.77,09-20-2026 18:34:31:307,96188,183828
44.78,09-20-2026 18:34:31:317,96152,183802
44.79,09-20-2026 18:34:31:327,96189,183736
44.8,09-20-2026 18:34:31:337,96133,183604
44.81,09-20-2026 18:34:31:347,96186,183461
44.82,09-20-2026 18:34:31:357,96148,183349
44.83,09-20-2026 18:34:31:367,96194,183209
44.84,09-20-2026 18:34:31:377,96132,183083
44.85,09-20-2026 18:34:31:387,96184,182985
44.86,09-20-2026 18:34:31:397,96141,182894
44.87,09-20-2026 18:34:31:407,96187,182824
44.88,09-20-2026 18:34:31:417,96142,182782
44.89,09-20-2026 18:34:31:427,96191,182726
44.9,09-20-2026 18:34:31:437,96151,182677
44.91,09-20-2026 18:34:31:447,96194,182627
44.92,09-20-2026 18:34:31:457,96167,182595
44.93,09-20-2026 18:34:31:467,96191,182539
44.94,09-20-2026 18:34:31:477,96177,182475
44.95,09-20-2026 18:34:31:487,96194,182451
44.96,09-20-2026 18:34:31:497,96176,182391
44.97,09-20-2026 18:34:31:507,96193,182335
44.98,09-20-2026 18:34:31:517,96200,182303
44.99,09-20-2026 18:34:31:527,96208,182243
45,09-20-2026 18:34:31:537,96191,182239
45.01,09-20-2026 18:34:31:547,96204,182225
45.02,09-20-2026 18:34:31:557,96225,182207
45.03,09-20-2026 18:34:31:567,96225,182215
45.04,09-20-2026 18:34:31:577,96239,182181
45.05,09-20-2026 18:34:31:587,96212,182159
45.06,09-20-2026 18:34:31:597,96225,182143
45.07,09-20-2026 18:34:31:607,96225,182095
45.08,09-20-2026 18:34:31:617,96235,182067
45.09,09-20-2026 18:34:31:627,96239,182053
45.1,09-20-2026 18:34:31:637,96237,182019
45.11,09-20-2026 18:34:31:647,96247,181989
45.12,09-20-2026 18:34:31:657,96255,181967
45.13,09-20-2026 18:34:31:667,96237,181956
45.14,09-20-2026 18:34:31:677,96274,181947
45.15,09-20-2026 18:34:31:687,96242,181933
45.16,09-20-2026 18:34:31:697,96247,181919
45.17,09-20-2026 18:34:31:707,96222,181912
45.18,09-20-2026 18:34:31:717,96220,181906
45.19,09-20-2026 18:34:31:727,96176,181935
45.2,09-20-2026 18:34:31:737,96179,181914
45.21,09-20-2026 18:34:31:747,96135,181896
45.22,09-20-2026 18:34:31:757,96132,181902
45.23,09-20-2026 18:34:31:767,96118,181900
45.24,09-20-2026 18:34:31:777,96112,181930
45.25,09-20-2026 18:34:31:787,96064,181916
45.26,09-20-2026 18:34:31:797,96098,181917
45.27,09-20-2026 18:34:31:807,96065,181922
45.28,09-20-2026 18:34:31:817,96084,181920
45.29,09-20-2026 18:34:31:827,96060,181935
45.3,09-20-2026 18:34:31:837,96077,181938
45.31,09-20-2026 18:34:31:847,96045,181958
45.32,09-20-2026 18:34:31:857,96053,181974
45.33,09-20-2026 18:34:31:867,95997,181970
45.34,09-20-2026 18:34:31:877,96064,181979
45.35,09-20-2026 18:34:31:887,96013,181990
45.36,09-20-2026 18:34:31:897,96013,182013
45.37,09-20-2026 18:34:31:907,95994,182011
45.38,09-20-2026 18:34:31:917,96022,182008
45.39,09-20-2026 18:34:31:927,95994,182037
45.4,09-20-2026 18:34:31:937,96020,182041
45.41,09-20-2026 18:34:31:947,96003,182041
45.42,09-20-2026 18:34:31:957,96020,182057
45.43,09-20-2026 18:34:31:967,95978,182087
45.44,09-20-2026 18:34:31:977,96020,182103
45.45,09-20-2026 18:34:31:987,95993,182123
45.46,09-20-2026 18:34:31:997,96007,182125
45.47,09-20-2026 18:34:32:007,95984,182171
45.48,09-20-2026 18:34:32:017,96015,182171
45.49,09-20-2026 18:34:32:027,95979,182201
45.5,09-20-2026 18:34:32:037,95962,182205
45.51,09-20-2026 18:34:32:047,95979,182226
45.52,09-20-2026 18:34:32:057,95984,182256
45.53,09-20-2026 18:34:32:067,95987,182280
45.54,09-20-2026 18:34:32:077,95987,182262
45.55,09-20-2026 18:34:32:087,95974,182232
45.56,09-20-2026 18:34:32:097,95993,182142
45.57,09-20-2026 18:34:32:107,95980,182010
45.58,09-20-2026 18:34:32:117,96005,181884
45.59,09-20-2026 18:34:32:127,95995,181728
45.6,09-20-2026 18:34:32:137,95990,181584
45.61,09-20-2026 18:34:32:147,96003,181470
45.62,09-20-2026 18:34:32:157,95985,181370
45.63,09-20-2026 18:34:32:167,96002,181260
45.64,09-20-2026 18:34:32:177,96005,181170
45.65,09-20-2026 18:34:32:187,96013,181095
45.66,09-20-2026 18:34:32:197,96015,181050
45.67,09-20-2026 18:34:32:207,96023,181015
45.68,09-20-2026 18:34:32:217,96015,180940
45.69,09-20-2026 18:34:32:227,96018,180895
45.7,09-20-2026 18:34:32:237,96042,180845
45.71,09-20-2026 18:34:32:247,96029,180797
45.72,09-20-2026 18:34:32:257,96045,180752
45.73,09-20-2026 18:34:32:267,96048,180686
45.74,09-20-2026 18:34:32:277,96043,180629
45.75,09-20-2026 18:34:32:287,96054,180584
45.76,09-20-2026 18:34:32:297,96052,180554
45.77,09-20-2026 18:34:32:307,96051,180542
45.78,09-20-2026 18:34:32:317,96065,180518
45.79,09-20-2026 18:34:32:327,96058,180524
45.8,09-20-2026 18:34:32:337,96057,180500
45.81,09-20-2026 18:34:32:347,96074,180492
45.82,09-20-2026 18:34:32:357,96066,180480
45.83,09-20-2026 18:34:32:367,96079,180452
45.84,09-20-2026 18:34:32:377,96071,180450
45.85,09-20-2026 18:34:32:387,96082,180398
45.86,09-20-2026 18:34:32:397,96092,180402
45.87,09-20-2026 18:34:32:407,96092,180366
45.88,09-20-2026 18:34:32:417,96120,180350
45.89,09-20-2026 18:34:32:427,96101,180346
45.9,09-20-2026 18:34:32:437,96118,180334
45.91,09-20-2026 18:34:32:447,96115,180318
45.92,09-20-2026 18:34:32:457,96111,180315
45.93,09-20-2026 18:34:32:467,96101,180314
45.94,09-20-2026 18:34:32:477,96087,180315
45.95,09-20-2026 18:34:32:487,96077,180319
45.96,09-20-2026 18:34:32:497,96053,180326
45.97,09-20-2026 18:34:32:507,96037,180340
45.98,09-20-2026 18:34:32:517,96019,180339
45.99,09-20-2026 18:34:32:527,96007,180332
46,09-20-2026 18:34:32:537,95983,180341
46.01,09-20-2026 18:34:32:547,95991,180346
46.02,09-20-2026 18:34:32:557,95979,180364
46.03,09-20-2026 18:34:32:567,95974,180364
46.04,09-20-2026 18:34:32:577,95952,180386
46.05,09-20-2026 18:34:32:587,95954,180392
46.06,09-20-2026 18:34:32:597,95968,180430
46.07,09-20-2026 18:34:32:607,95954,180410
46.08,09-20-2026 18:34:32:617,95964,180440
46.09,09-20-2026 18:34:32:627,95944,180454
46.1,09-20-2026 18:34:32:637,95925,180474
46.11,09-20-2026 18:34:32:647,95926,180473
46.12,09-20-2026 18:34:32:657,95925,180527
46.13,09-20-2026 18:34:32:667,95914,180503
46.14,09-20-2026 18:34:32:677,95921,180575
46.15,09-20-2026 18:34:32:687,95901,180533
46.16,09-20-2026 18:34:32:697,95918,180601
46.17,09-20-2026 18:34:32:707,95919,180557
46.18,09-20-2026 18:34:32:717,95923,180627
46.19,09-20-2026 18:34:32:727,95921,180611
46.2,09-20-2026 18:34:32:737,95931,180665
46.21,09-20-2026 18:34:32:747,95935,180641
46.22,09-20-2026 18:34:32:757,95925,180716
46.23,09-20-2026 18:34:32:767,95930,180686
46.24,09-20-2026 18:34:32:777,95923,180767
46.25,09-20-2026 18:34:32:787,95931,180743
46.26,09-20-2026 18:34:32:797,95940,180821
46.27,09-20-2026 18:34:32:807,95939,180791
46.28,09-20-2026 18:34:32:817,95932,180890
46.29,09-20-2026 18:34:32:827,95933,180857
46.3,09-20-2026 18:34:32:837,95932,180944
46.31,09-20-2026 18:34:32:847,95925,180876
46.32,09-20-2026 18:34:32:857,95936,180916
46.33,09-20-2026 18:34:32:867,95936,180788
46.34,09-20-2026 18:34:32:877,95942,180740
46.35,09-20-2026 18:34:32:887,95939,180564
46.36,09-20-2026 18:34:32:897,95955,180460
46.37,09-20-2026 18:34:32:907,95950,180316
46.38,09-20-2026 18:34:32:917,95946,180212
46.39,09-20-2026 18:34:32:927,95968,180068
46.4,09-20-2026 18:34:32:937,95944,180012
46.41,09-20-2026 18:34:32:947,95949,179940
46.42,09-20-2026 18:34:32:957,95953,179907
46.43,09-20-2026 18:34:32:967,95967,179871
46.44,09-20-2026 18:34:32:977,95972,179841
46.45,09-20-2026 18:34:32:987,95963,179775
46.46,09-20-2026 18:34:32:997,95960,179757
46.47,09-20-2026 18:34:33:007,95976,179709
46.48,09-20-2026 18:34:33:017,95993,179664
46.49,09-20-2026 18:34:33:027,96002,179634
46.5,09-20-2026 18:34:33:037,95986,179592
46.51,09-20-2026 18:34:33:047,96008,179536
46.52,09-20-2026 18:34:33:057,95997,179498
46.53,09-20-2026 18:34:33:067,95982,179480
46.54,09-20-2026 18:34:33:077,95993,179454
46.55,09-20-2026 18:34:33:087,96000,179496
46.56,09-20-2026 18:34:33:097,96010,179476
46.57,09-20-2026 18:34:33:107,96024,179502
46.58,09-20-2026 18:34:33:117,96031,179480
46.59,09-20-2026 18:34:33:127,96033,179485
46.6,09-20-2026 18:34:33:137,96058,179457
46.61,09-20-2026 18:34:33:147,96026,179477
46.62,09-20-2026 18:34:33:157,96032,179451
46.63,09-20-2026 18:34:33:167,96039,179459
46.64,09-20-2026 18:34:33:177,96058,179427
46.65,09-20-2026 18:34:33:187,96060,179442
46.66,09-20-2026 18:34:33:197,96057,179429
46.67,09-20-2026 18:34:33:207,96046,179438
46.68,09-20-2026 18:34:33:217,96049,179413
46.69,09-20-2026 18:34:33:227,96026,179459
46.7,09-20-2026 18:34:33:237,96015,179428
46.71,09-20-2026 18:34:33:247,96002,179471
46.72,09-20-2026 18:34:33:257,95983,179437
46.73,09-20-2026 18:34:33:267,95973,179507
46.74,09-20-2026 18:34:33:277,95960,179481
46.75,09-20-2026 18:34:33:287,95961,179515
46.76,09-20-2026 18:34:33:297,95951,179505
46.77,09-20-2026 18:34:33:307,95947,179543
46.78,09-20-2026 18:34:33:317,95948,179513
46.79,09-20-2026 18:34:33:327,95949,179591
46.8,09-20-2026 18:34:33:337,95950,179547
46.81,09-20-2026 18:34:33:347,95938,179628
46.82,09-20-2026 18:34:33:357,95936,179580
46.83,09-20-2026 18:34:33:367,95930,179622
46.84,09-20-2026 18:34:33:377,95940,179632
46.85,09-20-2026 18:34:33:387,95911,179690
46.86,09-20-2026 18:34:33:397,95897,179682
46.87,09-20-2026 18:34:33:407,95927,179714
46.88,09-20-2026 18:34:33:417,95933,179720
46.89,09-20-2026 18:34:33:427,95899,179774
46.9,09-20-2026 18:34:33:437,95934,179762
46.91,09-20-2026 18:34:33:447,95901,179794
46.92,09-20-2026 18:34:33:457,95924,179798
46.93,09-20-2026 18:34:33:467,95930,179836
46.94,09-20-2026 18:34:33:477,95927,179836
46.95,09-20-2026 18:34:33:487,95919,179878
46.96,09-20-2026 18:34:33:497,95935,179912
46.97,09-20-2026 18:34:33:507,95917,179928
46.98,09-20-2026 18:34:33:517,95938,179942
46.99,09-20-2026 18:34:33:527,95920,179980
47,09-20-2026 18:34:33:537,95942,180022
47.01,09-20-2026 18:34:33:547,95916,180050
47.02,09-20-2026 18:34:33:557,95944,180074
47.03,09-20-2026 18:34:33:567,95908,180122
47.04,09-20-2026 18:34:33:577,95948,180134
47.05,09-20-2026 18:34:33:587,95932,180167
47.06,09-20-2026 18:34:33:597,95952,180152
47.07,09-20-2026 18:34:33:607,95914,180122
47.08,09-20-2026 18:34:33:617,95976,180023
47.09,09-20-2026 18:34:33:627,95939,179927
47.1,09-20-2026 18:34:33:637,95970,179798
47.11,09-20-2026 18:34:33:647,95930,179702
47.12,09-20-2026 18:34:33:657,95986,179602
47.13,09-20-2026 18:34:33:667,95948,179550
47.14,09-20-2026 18:34:33:677,95987,179478
47.15,09-20-2026 18:34:33:687,95948,179434
47.16,09-20-2026 18:34:33:697,95994,179394
47.17,09-20-2026 18:34:33:707,95962,179362
47.18,09-20-2026 18:34:33:717,96006,179326
47.19,09-20-2026 18:34:33:727,95966,179322
47.2,09-20-2026 18:34:33:737,96026,179314
47.21,09-20-2026 18:34:33:747,95991,179258
47.22,09-20-2026 18:34:33:757,96041,179246
47.23,09-20-2026 18:34:33:767,96028,179199
47.24,09-20-2026 18:34:33:777,96028,179174
47.25,09-20-2026 18:34:33:787,96005,179147
47.26,09-20-2026 18:34:33:797,96038,179137
47.27,09-20-2026 18:34:33:807,96023,179145
47.28,09-20-2026 18:34:33:817,96051,179131
47.29,09-20-2026 18:34:33:827,96025,179162
47.3,09-20-2026 18:34:33:837,96056,179165
47.31,09-20-2026 18:34:33:847,96047,179197
47.32,09-20-2026 18:34:33:857,96064,179191
47.33,09-20-2026 18:34:33:867,96076,179191
47.34,09-20-2026 18:34:33:877,96074,179214
47.35,09-20-2026 18:34:33:887,96086,179199
47.36,09-20-2026 18:34:33:897,96089,179200
47.37,09-20-2026 18:34:33:907,96109,179210
47.38,09-20-2026 18:34:33:917,96114,179198
47.39,09-20-2026 18:34:33:927,96116,179190
47.4,09-20-2026 18:34:33:937,96109,179205
47.41,09-20-2026 18:34:33:947,96135,179226
47.42,09-20-2026 18:34:33:957,96122,179258
47.43,09-20-2026 18:34:33:967,96158,179254
47.44,09-20-2026 18:34:33:977,96129,179278
47.45,09-20-2026 18:34:33:987,96123,179298
47.46,09-20-2026 18:34:33:997,96110,179306
47.47,09-20-2026 18:34:34:007,96114,179344
47.48,09-20-2026 18:34:34:017,96094,179368
47.49,09-20-2026 18:34:34:027,96101,179404
47.5,09-20-2026 18:34:34:037,96063,179410
47.51,09-20-2026 18:34:34:047,96086,179445
47.52,09-20-2026 18:34:34:057,96041,179472
47.53,09-20-2026 18:34:34:067,96081,179493
47.54,09-20-2026 18:34:34:077,96049,179502
47.55,09-20-2026 18:34:34:087,96075,179547
47.56,09-20-2026 18:34:34:097,96054,179571
47.57,09-20-2026 18:34:34:107,96066,179592
47.58,09-20-2026 18:34:34:117,96053,179640
47.59,09-20-2026 18:34:34:127,96072,179658
47.6,09-20-2026 18:34:34:137,96040,179703
47.61,09-20-2026 18:34:34:147,96071,179729
47.62,09-20-2026 18:34:34:157,96031,179765
47.63,09-20-2026 18:34:34:167,96048,179801
47.64,09-20-2026 18:34:34:177,96029,179825
47.65,09-20-2026 18:34:34:187,96069,179870
47.66,09-20-2026 18:34:34:197,96048,179882
47.67,09-20-2026 18:34:34:207,96047,179903
47.68,09-20-2026 18:34:34:217,96051,179942
47.69,09-20-2026 18:34:34:227,96076,179990
47.7,09-20-2026 18:34:34:237,96045,180005
47.71,09-20-2026 18:34:34:247,96062,180048
47.72,09-20-2026 18:34:34:257,96055,180099
47.73,09-20-2026 18:34:34:267,96061,180120
47.74,09-20-2026 18:34:34:277,96054,180153
47.75,09-20-2026 18:34:34:287,96094,180204
47.76,09-20-2026 18:34:34:297,96060,180249
47.77,09-20-2026 18:34:34:307,96045,180267
47.78,09-20-2026 18:34:34:317,96067,180324
47.79,09-20-2026 18:34:34:327,96056,180354
47.8,09-20-2026 18:34:34:337,96057,180399
47.81,09-20-2026 18:34:34:347,96067,180430
47.82,09-20-2026 18:34:34:357,96070,180466
47.83,09-20-2026 18:34:34:367,96054,180458
47.84,09-20-2026 18:34:34:377,96083,180406
47.85,09-20-2026 18:34:34:387,96077,180346
47.86,09-20-2026 18:34:34:397,96092,180254
47.87,09-20-2026 18:34:34:407,96107,180162
47.88,09-20-2026 18:34:34:417,96093,180102
47.89,09-20-2026 18:34:34:427,96103,180026
47.9,09-20-2026 18:34:34:437,96100,179982
47.91,09-20-2026 18:34:34:447,96106,179938
47.92,09-20-2026 18:34:34:457,96107,179934
47.93,09-20-2026 18:34:34:467,96117,179922
47.94,09-20-2026 18:34:34:477,96126,179902
47.95,09-20-2026 18:34:34:487,96115,179888
47.96,09-20-2026 18:34:34:497,96132,179882
47.97,09-20-2026 18:34:34:507,96128,179858
47.98,09-20-2026 18:34:34:517,96138,179832
47.99,09-20-2026 18:34:34:527,96164,179824
48,09-20-2026 18:34:34:537,96157,179806
48.01,09-20-2026 18:34:34:547,96144,179760
48.02,09-20-2026 18:34:34:557,96175,179774
48.03,09-20-2026 18:34:34:567,96163,179771
48.04,09-20-2026 18:34:34:577,96175,179782
48.05,09-20-2026 18:34:34:587,96178,179806
48.06,09-20-2026 18:34:34:597,96180,179816
48.07,09-20-2026 18:34:34:607,96186,179829
48.08,09-20-2026 18:34:34:617,96199,179863
48.09,09-20-2026 18:34:34:627,96212,179871
48.1,09-20-2026 18:34:34:637,96194,179877
48.11,09-20-2026 18:34:34:647,96202,179885
48.12,09-20-2026 18:34:34:657,96221,179888
48.13,09-20-2026 18:34:34:667,96213,179885
48.14,09-20-2026 18:34:34:677,96211,179904
48.15,09-20-2026 18:34:34:687,96222,179891
48.16,09-20-2026 18:34:34:697,96238,179926
48.17,09-20-2026 18:34:34:707,96235,179929
48.18,09-20-2026 18:34:34:717,96241,179950
48.19,09-20-2026 18:34:34:727,96259,179950
48.2,09-20-2026 18:34:34:737,96258,179967
48.21,09-20-2026 18:34:34:747,96269,179997
48.22,09-20-2026 18:34:34:757,96270,180021
48.23,09-20-2026 18:34:34:767,96247,180033
48.24,09-20-2026 18:34:34:777,96231,180067
48.25,09-20-2026 18:34:34:787,96246,180101
48.26,09-20-2026 18:34:34:797,96219,180125
48.27,09-20-2026 18:34:34:807,96230,180151
48.28,09-20-2026 18:34:34:817,96216,180185
48.29,09-20-2026 18:34:34:827,96199,180215
48.3,09-20-2026 18:34:34:837,96190,180223
48.31,09-20-2026 18:34:34:847,96196,180289
48.32,09-20-2026 18:34:34:857,96191,180262
48.33,09-20-2026 18:34:34:867,96199,180319
48.34,09-20-2026 18:34:34:877,96205,180331
48.35,09-20-2026 18:34:34:887,96199,180391
48.36,09-20-2026 18:34:34:897,96194,180391
48.37,09-20-2026 18:34:34:907,96187,180454
48.38,09-20-2026 18:34:34:917,96196,180457
48.39,09-20-2026 18:34:34:927,96205,180523
48.4,09-20-2026 18:34:34:937,96189,180505
48.41,09-20-2026 18:34:34:947,96188,180600
48.42,09-20-2026 18:34:34:957,96184,180558
48.43,09-20-2026 18:34:34:967,96194,180645
48.44,09-20-2026 18:34:34:977,96198,180612
48.45,09-20-2026 18:34:34:987,96181,180708
48.46,09-20-2026 18:34:34:997,96183,180720
48.47,09-20-2026 18:34:35:007,96194,180762
48.48,09-20-2026 18:34:35:017,96203,180759
48.49,09-20-2026 18:34:35:027,96196,180849
48.5,09-20-2026 18:34:35:037,96206,180846
48.51,09-20-2026 18:34:35:047,96198,180928
48.52,09-20-2026 18:34:35:057,96219,180928
48.53,09-20-2026 18:34:35:067,96191,180976
48.54,09-20-2026 18:34:35:077,96200,181012
48.55,09-20-2026 18:34:35:087,96222,181075
48.56,09-20-2026 18:34:35:097,96215,181090
48.57,09-20-2026 18:34:35:107,96213,181138
48.58,09-20-2026 18:34:35:117,96203,181174
48.59,09-20-2026 18:34:35:127,96220,181240
48.6,09-20-2026 18:34:35:137,96208,181258
48.61,09-20-2026 18:34:35:147,96218,181266
48.62,09-20-2026 18:34:35:157,96223,181257
48.63,09-20-2026 18:34:35:167,96215,181200
48.64,09-20-2026 18:34:35:177,96229,181149
48.65,09-20-2026 18:34:35:187,96227,181065
48.66,09-20-2026 18:34:35:197,96227,181005
48.67,09-20-2026 18:34:35:207,96234,180948
48.68,09-20-2026 18:34:35:217,96227,180939
48.69,09-20-2026 18:34:35:227,96253,180888
48.7,09-20-2026 18:34:35:237,96241,180900
48.71,09-20-2026 18:34:35:247,96249,180882
48.72,09-20-2026 18:34:35:257,96250,180876
48.73,09-20-2026 18:34:35:267,96255,180855
48.74,09-20-2026 18:34:35:277,96269,180893
48.75,09-20-2026 18:34:35:287,96268,180822
48.76,09-20-2026 18:34:35:297,96267,180856
48.77,09-20-2026 18:34:35:307,96282,180799
48.78,09-20-2026 18:34:35:317,96275,180832
48.79,09-20-2026 18:34:35:327,96265,180796
48.8,09-20-2026 18:34:35:337,96272,180794
48.81,09-20-2026 18:34:35:347,96287,180780
48.82,09-20-2026 18:34:35:357,96284,180808
48.83,09-20-2026 18:34:35:367,96291,180778
48.84,09-20-2026 18:34:35:377,96289,180828
48.85,09-20-2026 18:34:35:387,96302,180814
48.86,09-20-2026 18:34:35:397,96303,180876
48.87,09-20-2026 18:34:35:407,96303,180866
48.88,09-20-2026 18:34:35:417,96298,180892
48.89,09-20-2026 18:34:35:427,96319,180850
48.9,09-20-2026 18:34:35:437,96311,180910
48.91,09-20-2026 18:34:35:447,96326,180868
48.92,09-20-2026 18:34:35:457,96315,180894
48.93,09-20-2026 18:34:35:467,96336,180873
48.94,09-20-2026 18:34:35:477,96327,180913
48.95,09-20-2026 18:34:35:487,96350,180898
48.96,09-20-2026 18:34:35:497,96313,180927
48.97,09-20-2026 18:34:35:507,96364,180929
48.98,09-20-2026 18:34:35:517,96331,180933
48.99,09-20-2026 18:34:35:527,96369,180968
49,09-20-2026 18:34:35:537,96342,180964
49.01,09-20-2026 18:34:35:547,96367,180976
49.02,09-20-2026 18:34:35:557,96346,181028
49.03,09-20-2026 18:34:35:567,96381,181022
49.04,09-20-2026 18:34:35:577,96308,181066
49.05,09-20-2026 18:34:35:587,96359,181076
49.06,09-20-2026 18:34:35:597,96313,181110
49.07,09-20-2026 18:34:35:607,96334,181102
49.08,09-20-2026 18:34:35:617,96296,181136
49.09,09-20-2026 18:34:35:627,96332,181166
49.1,09-20-2026 18:34:35:637,96284,181188
49.11,09-20-2026 18:34:35:647,96328,181209
49.12,09-20-2026 18:34:35:657,96289,181247
49.13,09-20-2026 18:34:35:667,96328,181267
49.14,09-20-2026 18:34:35:677,96274,181289
49.15,09-20-2026 18:34:35:687,96310,181325
49.16,09-20-2026 18:34:35:697,96290,181355
49.17,09-20-2026 18:34:35:707,96307,181365
49.18,09-20-2026 18:34:35:717,96292,181389
49.19,09-20-2026 18:34:35:727,96304,181401
49.2,09-20-2026 18:34:35:737,96280,181431
49.21,09-20-2026 18:34:35:747,96289,181458
49.22,09-20-2026 18:34:35:757,96302,181484
49.23,09-20-2026 18:34:35:767,96313,181506
49.24,09-20-2026 18:34:35:777,96307,181524
49.25,09-20-2026 18:34:35:787,96313,181570
49.26,09-20-2026 18:34:35:797,96299,181592
49.27,09-20-2026 18:34:35:807,96303,181602
49.28,09-20-2026 18:34:35:817,96318,181630
49.29,09-20-2026 18:34:35:827,96308,181670
49.3,09-20-2026 18:34:35:837,96337,181688
49.31,09-20-2026 18:34:35:847,96308,181722
49.32,09-20-2026 18:34:35:857,96338,181764
49.33,09-20-2026 18:34:35:867,96309,181797
49.34,09-20-2026 18:34:35:877,96338,181815
49.35,09-20-2026 18:34:35:887,96305,181857
49.36,09-20-2026 18:34:35:897,96333,181884
49.37,09-20-2026 18:34:35:907,96316,181920
49.38,09-20-2026 18:34:35:917,96352,181962
49.39,09-20-2026 18:34:35:927,96316,181998
49.4,09-20-2026 18:34:35:937,96348,182016
49.41,09-20-2026 18:34:35:947,96313,182037
49.42,09-20-2026 18:34:35:957,96341,182052
49.43,09-20-2026 18:34:35:967,96320,182037
49.44,09-20-2026 18:34:35:977,96345,181965
49.45,09-20-2026 18:34:35:987,96314,181935
49.46,09-20-2026 18:34:35:997,96353,181857
49.47,09-20-2026 18:34:36:007,96350,181800
49.48,09-20-2026 18:34:36:017,96367,181737
49.49,09-20-2026 18:34:36:027,96345,181716
49.5,09-20-2026 18:34:36:037,96364,181680
49.51,09-20-2026 18:34:36:047,96335,181656
49.52,09-20-2026 18:34:36:057,96346,181662
49.53,09-20-2026 18:34:36:067,96349,181674
49.54,09-20-2026 18:34:36:077,96355,181644
49.55,09-20-2026 18:34:36:087,96348,181636
49.56,09-20-2026 18:34:36:097,96376,181616
49.57,09-20-2026 18:34:36:107,96367,181600
49.58,09-20-2026 18:34:36:117,96359,181579
49.59,09-20-2026 18:34:36:127,96355,181559
49.6,09-20-2026 18:34:36:137,96379,181564
49.61,09-20-2026 18:34:36:147,96366,181540
49.62,09-20-2026 18:34:36:157,96357,181525
49.63,09-20-2026 18:34:36:167,96380,181500
49.64,09-20-2026 18:34:36:177,96383,181510
49.65,09-20-2026 18:34:36:187,96381,181525
49.66,09-20-2026 18:34:36:197,96369,181532
49.67,09-20-2026 18:34:36:207,96392,181558
49.68,09-20-2026 18:34:36:217,96394,181579
49.69,09-20-2026 18:34:36:227,96393,181569
49.7,09-20-2026 18:34:36:237,96393,181574
49.71,09-20-2026 18:34:36:247,96410,181592
49.72,09-20-2026 18:34:36:257,96423,181597
49.73,09-20-2026 18:34:36:267,96410,181584
49.74,09-20-2026 18:34:36:277,96417,181581
49.75,09-20-2026 18:34:36:287,96412,181596
49.76,09-20-2026 18:34:36:297,96436,181600
49.77,09-20-2026 18:34:36:307,96426,181607
49.78,09-20-2026 18:34:36:317,96443,181615
49.79,09-20-2026 18:34:36:327,96435,181617
49.8,09-20-2026 18:34:36:337,96436,181639
49.81,09-20-2026 18:34:36:347,96442,181651
49.82,09-20-2026 18:34:36:357,96448,181677
49.83,09-20-2026 18:34:36:367,96453,181679
49.84,09-20-2026 18:34:36:377,96449,181693
49.85,09-20-2026 18:34:36:387,96461,181691
49.86,09-20-2026 18:34:36:397,96454,181737
49.87,09-20-2026 18:34:36:407,96464,181743
49.88,09-20-2026 18:34:36:417,96479,181781
49.89,09-20-2026 18:34:36:427,96470,181785
49.9,09-20-2026 18:34:36:437,96488,181799
49.91,09-20-2026 18:34:36:447,96493,181822
49.92,09-20-2026 18:34:36:457,96465,181848
49.93,09-20-2026 18:34:36:467,96492,181874
49.94,09-20-2026 18:34:36:477,96502,181910
49.95,09-20-2026 18:34:36:487,96496,181908
49.96,09-20-2026 18:34:36:497,96513,181948
49.97,09-20-2026 18:34:36:507,96494,181948
49.98,09-20-2026 18:34:36:517,96493,181976
49.99,09-20-2026 18:34:36:527,96487,181996
50,09-20-2026 18:34:36:537,96468,182028
50.01,09-20-2026 18:34:36:547,96464,182046
50.02,09-20-2026 18:34:36:557,96456,182094
50.03,09-20-2026 18:34:36:567,96450,182088
50.04,09-20-2026 18:34:36:577,96455,182132
50.05,09-20-2026 18:34:36:587,96444,182136
50.06,09-20-2026 18:34:36:597,96411,182162
50.07,09-20-2026 18:34:36:607,96431,182184
50.08,09-20-2026 18:34:36:617,96421,182226
50.09,09-20-2026 18:34:36:627,96412,182238
50.1,09-20-2026 18:34:36:637,96420,182238
50.11,09-20-2026 18:34:36:647,96395,182278
50.12,09-20-2026 18:34:36:657,96413,182286
50.13,09-20-2026 18:34:36:667,96402,182348
50.14,09-20-2026 18:34:36:677,96394,182326
50.15,09-20-2026 18:34:36:687,96395,182364
50.16,09-20-2026 18:34:36:697,96389,182382
50.17,09-20-2026 18:34:36:707,96384,182422
50.18,09-20-2026 18:34:36:717,96397,182426
50.19,09-20-2026 18:34:36:727,96378,182476
50.2,09-20-2026 18:34:36:737,96383,182476
50.21,09-20-2026 18:34:36:747,96372,182536
50.22,09-20-2026 18:34:36:757,96385,182524
50.23,09-20-2026 18:34:36:767,96384,182580
50.24,09-20-2026 18:34:36:777,96381,182576
50.25,09-20-2026 18:34:36:787,96379,182634
50.26,09-20-2026 18:34:36:797,96380,182632
50.27,09-20-2026 18:34:36:807,96383,182690
50.28,09-20-2026 18:34:36:817,96360,182680
50.29,09-20-2026 18:34:36:827,96381,182768
50.3,09-20-2026 18:34:36:837,96363,182746
50.31,09-20-2026 18:34:36:847,96364,182832
50.32,09-20-2026 18:34:36:857,96361,182772
50.33,09-20-2026 18:34:36:867,96362,182902
50.34,09-20-2026 18:34:36:877,96364,182856
50.35,09-20-2026 18:34:36:887,96366,182938
50.36,09-20-2026 18:34:36:897,96374,182894
50.37,09-20-2026 18:34:36:907,96380,182952
50.38,09-20-2026 18:34:36:917,96375,182868
50.39,09-20-2026 18:34:36:927,96369,182822
50.4,09-20-2026 18:34:36:937,96379,182726
50.41,09-20-2026 18:34:36:947,96369,182663
50.42,09-20-2026 18:34:36:957,96362,182558
50.43,09-20-2026 18:34:36:967,96363,182537
50.44,09-20-2026 18:34:36:977,96364,182477
50.45,09-20-2026 18:34:36:987,96374,182486
50.46,09-20-2026 18:34:36:997,96363,182423
50.47,09-20-2026 18:34:37:007,96369,182447
50.48,09-20-2026 18:34:37:017,96377,182429
50.49,09-20-2026 18:34:37:027,96363,182381
50.5,09-20-2026 18:34:37:037,96375,182381
50.51,09-20-2026 18:34:37:047,96369,182355
50.52,09-20-2026 18:34:37:057,96376,182329
50.53,09-20-2026 18:34:37:067,96367,182287
50.54,09-20-2026 18:34:37:077,96376,182273
50.55,09-20-2026 18:34:37:087,96377,182231
50.56,09-20-2026 18:34:37:097,96396,182221
50.57,09-20-2026 18:34:37:107,96390,182183
50.58,09-20-2026 18:34:37:117,96381,182175
50.59,09-20-2026 18:34:37:127,96378,182147
50.6,09-20-2026 18:34:37:137,96404,182155
50.61,09-20-2026 18:34:37:147,96393,182158
50.62,09-20-2026 18:34:37:157,96406,182198
50.63,09-20-2026 18:34:37:167,96392,182160
50.64,09-20-2026 18:34:37:177,96397,182197
50.65,09-20-2026 18:34:37:187,96402,182145
50.66,09-20-2026 18:34:37:197,96392,182174
50.67,09-20-2026 18:34:37:207,96400,182130
50.68,09-20-2026 18:34:37:217,96410,182163
50.69,09-20-2026 18:34:37:227,96415,182124
50.7,09-20-2026 18:34:37:237,96438,182156
50.71,09-20-2026 18:34:37:247,96413,182102
50.72,09-20-2026 18:34:37:257,96416,182124
50.73,09-20-2026 18:34:37:267,96421,182088
50.74,09-20-2026 18:34:37:277,96421,182148
50.75,09-20-2026 18:34:37:287,96427,182111
50.76,09-20-2026 18:34:37:297,96401,182131
50.77,09-20-2026 18:34:37:307,96437,182111
50.78,09-20-2026 18:34:37:317,96422,182146
50.79,09-20-2026 18:34:37:327,96438,182129
50.8,09-20-2026 18:34:37:337,96433,182174
50.81,09-20-2026 18:34:37:347,96439,182144
50.82,09-20-2026 18:34:37:357,96422,182183
50.83,09-20-2026 18:34:37:367,96449,182137
50.84,09-20-2026 18:34:37:377,96440,182200
50.85,09-20-2026 18:34:37:387,96459,182199
50.86,09-20-2026 18:34:37:397,96427,182169
50.87,09-20-2026 18:34:37:407,96463,182203
50.88,09-20-2026 18:34:37:417,96411,182220
50.89,09-20-2026 18:34:37:427,96467,182233
50.9,09-20-2026 18:34:37:437,96418,182234
50.91,09-20-2026 18:34:37:447,96467,182248
50.92,09-20-2026 18:34:37:457,96409,182280
50.93,09-20-2026 18:34:37:467,96444,182286
50.94,09-20-2026 18:34:37:477,96392,182298
50.95,09-20-2026 18:34:37:487,96429,182312
50.96,09-20-2026 18:34:37:497,96369,182352
50.97,09-20-2026 18:34:37:507,96405,182338
50.98,09-20-2026 18:34:37:517,96358,182370
50.99,09-20-2026 18:34:37:527,96385,182380
51,09-20-2026 18:34:37:537,96358,182402
51.01,09-20-2026 18:34:37:547,96375,182415
51.02,09-20-2026 18:34:37:557,96338,182435
51.03,09-20-2026 18:34:37:567,96355,182441
51.04,09-20-2026 18:34:37:577,96325,182457
51.05,09-20-2026 18:34:37:587,96346,182495
51.06,09-20-2026 18:34:37:597,96316,182503
51.07,09-20-2026 18:34:37:607,96323,182535
51.08,09-20-2026 18:34:37:617,96318,182543
51.09,09-20-2026 18:34:37:627,96317,182573
51.1,09-20-2026 18:34:37:637,96314,182599
51.11,09-20-2026 18:34:37:647,96309,182602
51.12,09-20-2026 18:34:37:657,96319,182634
51.13,09-20-2026 18:34:37:667,96301,182646
51.14,09-20-2026 18:34:37:677,96306,182660
51.15,09-20-2026 18:34:37:687,96301,182666
51.16,09-20-2026 18:34:37:697,96321,182700
51.17,09-20-2026 18:34:37:707,96304,182718
51.18,09-20-2026 18:34:37:717,96296,182736
51.19,09-20-2026 18:34:37:727,96287,182768
51.2,09-20-2026 18:34:37:737,96312,182772
51.21,09-20-2026 18:34:37:747,96274,182808
51.22,09-20-2026 18:34:37:757,96296,182834
51.23,09-20-2026 18:34:37:767,96262,182874
51.24,09-20-2026 18:34:37:777,96315,182862
51.25,09-20-2026 18:34:37:787,96247,182912
51.26,09-20-2026 18:34:37:797,96298,182920
51.27,09-20-2026 18:34:37:807,96246,182948
51.28,09-20-2026 18:34:37:817,96291,182976
51.29,09-20-2026 18:34:37:827,96248,183004
51.3,09-20-2026 18:34:37:837,96277,182996
51.31,09-20-2026 18:34:37:847,96248,182974
51.32,09-20-2026 18:34:37:857,96277,182919
51.33,09-20-2026 18:34:37:867,96246,182854
51.34,09-20-2026 18:34:37:877,96299,182774
51.35,09-20-2026 18:34:37:887,96251,182664
51.36,09-20-2026 18:34:37:897,96285,182569
51.37,09-20-2026 18:34:37:907,96243,182534
51.38,09-20-2026 18:34:37:917,96287,182449
51.39,09-20-2026 18:34:37:927,96269,182409
51.4,09-20-2026 18:34:37:937,96278,182359
51.41,09-20-2026 18:34:37:947,96251,182347
51.42,09-20-2026 18:34:37:957,96265,182293
51.43,09-20-2026 18:34:37:967,96266,182260
51.44,09-20-2026 18:34:37:977,96274,182230
51.45,09-20-2026 18:34:37:987,96247,182191
51.46,09-20-2026 18:34:37:997,96253,182155
51.47,09-20-2026 18:34:38:007,96266,182134
51.48,09-20-2026 18:34:38:017,96278,182071
51.49,09-20-2026 18:34:38:027,96261,182041
51.5,09-20-2026 18:34:38:037,96279,181981
51.51,09-20-2026 18:34:38:047,96269,181959
51.52,09-20-2026 18:34:38:057,96268,181926
51.53,09-20-2026 18:34:38:067,96284,181911
51.54,09-20-2026 18:34:38:077,96269,181895
51.55,09-20-2026 18:34:38:087,96294,181895
51.56,09-20-2026 18:34:38:097,96276,181883
51.57,09-20-2026 18:34:38:107,96288,181889
51.58,09-20-2026 18:34:38:117,96291,181861
51.59,09-20-2026 18:34:38:127,96296,181849
51.6,09-20-2026 18:34:38:137,96294,181836
51.61,09-20-2026 18:34:38:147,96285,181827
51.62,09-20-2026 18:34:38:157,96306,181813
51.63,09-20-2026 18:34:38:167,96288,181785
51.64,09-20-2026 18:34:38:177,96289,181770
51.65,09-20-2026 18:34:38:187,96310,181760
51.66,09-20-2026 18:34:38:197,96303,181742
51.67,09-20-2026 18:34:38:207,96319,181728
51.68,09-20-2026 18:34:38:217,96313,181725
51.69,09-20-2026 18:34:38:227,96320,181715
51.7,09-20-2026 18:34:38:237,96308,181724
51.71,09-20-2026 18:34:38:247,96316,181723
51.72,09-20-2026 18:34:38:257,96323,181726
51.73,09-20-2026 18:34:38:267,96336,181718
51.74,09-20-2026 18:34:38:277,96334,181733
51.75,09-20-2026 18:34:38:287,96342,181750
51.76,09-20-2026 18:34:38:297,96329,181719
51.77,09-20-2026 18:34:38:307,96347,181752
51.78,09-20-2026 18:34:38:317,96347,181751
51.79,09-20-2026 18:34:38:327,96359,181775
51.8,09-20-2026 18:34:38:337,96345,181769
51.81,09-20-2026 18:34:38:347,96389,181783
51.82,09-20-2026 18:34:38:357,96369,181795
51.83,09-20-2026 18:34:38:367,96378,181790
51.84,09-20-2026 18:34:38:377,96361,181808
51.85,09-20-2026 18:34:38:387,96367,181821
51.86,09-20-2026 18:34:38:397,96354,181837
51.87,09-20-2026 18:34:38:407,96356,181842
51.88,09-20-2026 18:34:38:417,96344,181870
51.89,09-20-2026 18:34:38:427,96321,181873
51.9,09-20-2026 18:34:38:437,96311,181886
51.91,09-20-2026 18:34:38:447,96297,181899
51.92,09-20-2026 18:34:38:457,96296,181919
51.93,09-20-2026 18:34:38:467,96264,181921
51.94,09-20-2026 18:34:38:477,96269,181941
51.95,09-20-2026 18:34:38:487,96264,181947
51.96,09-20-2026 18:34:38:497,96244,181981
51.97,09-20-2026 18:34:38:507,96248,181975
51.98,09-20-2026 18:34:38:517,96244,182027
51.99,09-20-2026 18:34:38:527,96228,182021
52,09-20-2026 18:34:38:537,96228,182051
52.01,09-20-2026 18:34:38:547,96223,182041
52.02,09-20-2026 18:34:38:557,96215,182095
52.03,09-20-2026 18:34:38:567,96202,182077
52.04,09-20-2026 18:34:38:577,96188,182143
52.05,09-20-2026 18:34:38:587,96198,182119
52.06,09-20-2026 18:34:38:597,96190,182189
52.07,09-20-2026 18:34:38:607,96171,182165
52.08,09-20-2026 18:34:38:617,96174,182225
52.09,09-20-2026 18:34:38:627,96174,182175
52.1,09-20-2026 18:34:38:637,96174,182239
52.11,09-20-2026 18:34:38:647,96174,182229
52.12,09-20-2026 18:34:38:657,96163,182292
52.13,09-20-2026 18:34:38:667,96170,182271
52.14,09-20-2026 18:34:38:677,96166,182355
52.15,09-20-2026 18:34:38:687,96169,182328
52.16,09-20-2026 18:34:38:697,96152,182370
52.17,09-20-2026 18:34:38:707,96156,182385
52.18,09-20-2026 18:34:38:717,96163,182457
52.19,09-20-2026 18:34:38:727,96144,182457
52.2,09-20-2026 18:34:38:737,96169,182502
52.21,09-20-2026 18:34:38:747,96164,182514
52.22,09-20-2026 18:34:38:757,96160,182558
52.23,09-20-2026 18:34:38:767,96151,182562
52.24,09-20-2026 18:34:38:777,96143,182606
52.25,09-20-2026 18:34:38:787,96167,182586
52.26,09-20-2026 18:34:38:797,96146,182582
52.27,09-20-2026 18:34:38:807,96162,182478
52.28,09-20-2026 18:34:38:817,96156,182422
52.29,09-20-2026 18:34:38:827,96169,182310
52.3,09-20-2026 18:34:38:837,96172,182186
52.31,09-20-2026 18:34:38:847,96169,182107
52.32,09-20-2026 18:34:38:857,96164,181991
52.33,09-20-2026 18:34:38:867,96170,181955
52.34,09-20-2026 18:34:38:877,96186,181871
52.35,09-20-2026 18:34:38:887,96171,181851
52.36,09-20-2026 18:34:38:897,96168,181795
52.37,09-20-2026 18:34:38:907,96171,181759
52.38,09-20-2026 18:34:38:917,96187,181703
52.39,09-20-2026 18:34:38:927,96173,181695
52.4,09-20-2026 18:34:38:937,96187,181643
52.41,09-20-2026 18:34:38:947,96188,181626
52.42,09-20-2026 18:34:38:957,96193,181554
52.43,09-20-2026 18:34:38:967,96194,181524
52.44,09-20-2026 18:34:38:977,96192,181464
52.45,09-20-2026 18:34:38:987,96196,181443
52.46,09-20-2026 18:34:38:997,96193,181383
52.47,09-20-2026 18:34:39:007,96199,181362
52.48,09-20-2026 18:34:39:017,96210,181323
52.49,09-20-2026 18:34:39:027,96216,181341
52.5,09-20-2026 18:34:39:037,96224,181341
52.51,09-20-2026 18:34:39:047,96219,181354
52.52,09-20-2026 18:34:39:057,96231,181302
52.53,09-20-2026 18:34:39:067,96214,181344
52.54,09-20-2026 18:34:39:077,96233,181300
52.55,09-20-2026 18:34:39:087,96233,181319
52.56,09-20-2026 18:34:39:097,96231,181285
52.57,09-20-2026 18:34:39:107,96230,181273
52.58,09-20-2026 18:34:39:117,96253,181257
52.59,09-20-2026 18:34:39:127,96230,181268
52.6,09-20-2026 18:34:39:137,96258,181236
52.61,09-20-2026 18:34:39:147,96231,181224
52.62,09-20-2026 18:34:39:157,96273,181221
52.63,09-20-2026 18:34:39:167,96254,181234
52.64,09-20-2026 18:34:39:177,96271,181219
52.65,09-20-2026 18:34:39:187,96251,181245
52.66,09-20-2026 18:34:39:197,96270,181259
52.67,09-20-2026 18:34:39:207,96251,181246
52.68,09-20-2026 18:34:39:217,96292,181257
52.69,09-20-2026 18:34:39:227,96268,181278
52.7,09-20-2026 18:34:39:237,96301,181276
52.71,09-20-2026 18:34:39:247,96279,181297
52.72,09-20-2026 18:34:39:257,96304,181307
52.73,09-20-2026 18:34:39:267,96276,181327
52.74,09-20-2026 18:34:39:277,96300,181327
52.75,09-20-2026 18:34:39:287,96277,181359
52.76,09-20-2026 18:34:39:297,96273,181381
52.77,09-20-2026 18:34:39:307,96258,181389
52.78,09-20-2026 18:34:39:317,96267,181399
52.79,09-20-2026 18:34:39:327,96222,181413
52.8,09-20-2026 18:34:39:337,96232,181451
52.81,09-20-2026 18:34:39:347,96201,181460
52.82,09-20-2026 18:34:39:357,96217,181472
52.83,09-20-2026 18:34:39:367,96186,181500
52.84,09-20-2026 18:34:39:377,96192,181528
52.85,09-20-2026 18:34:39:387,96171,181550
52.86,09-20-2026 18:34:39:397,96207,181554
52.87,09-20-2026 18:34:39:407,96180,181592
52.88,09-20-2026 18:34:39:417,96208,181628
52.89,09-20-2026 18:34:39:427,96168,181624
52.9,09-20-2026 18:34:39:437,96170,181660
52.91,09-20-2026 18:34:39:447,96183,181680
52.92,09-20-2026 18:34:39:457,96176,181702
52.93,09-20-2026 18:34:39:467,96172,181732
52.94,09-20-2026 18:34:39:477,96151,181742
52.95,09-20-2026 18:34:39:487,96143,181792
52.96,09-20-2026 18:34:39:497,96151,181796
52.97,09-20-2026 18:34:39:507,96157,181832
52.98,09-20-2026 18:34:39:517,96150,181844
52.99,09-20-2026 18:34:39:527,96160,181866
53,09-20-2026 18:34:39:537,96158,181898
53.01,09-20-2026 18:34:39:547,96179,181916
53.02,09-20-2026 18:34:39:557,96153,181925
53.03,09-20-2026 18:34:39:567,96159,181973
53.04,09-20-2026 18:34:39:577,96168,182000
53.05,09-20-2026 18:34:39:587,96188,182009
53.06,09-20-2026 18:34:39:597,96148,182069
53.07,09-20-2026 18:34:39:607,96173,182084
53.08,09-20-2026 18:34:39:617,96156,182126
53.09,09-20-2026 18:34:39:627,96181,182165
53.1,09-20-2026 18:34:39:637,96149,182195
53.11,09-20-2026 18:34:39:647,96182,182217
53.12,09-20-2026 18:34:39:657,96167,182252
53.13,09-20-2026 18:34:39:667,96188,182247
53.14,09-20-2026 18:34:39:677,96160,182247
53.15,09-20-2026 18:34:39:687,96225,182192
53.16,09-20-2026 18:34:39:697,96158,182107
53.17,09-20-2026 18:34:39:707,96208,182002
53.18,09-20-2026 18:34:39:717,96163,181907
53.19,09-20-2026 18:34:39:727,96177,181827
53.2,09-20-2026 18:34:39:737,96180,181732
53.21,09-20-2026 18:34:39:747,96188,181652
53.22,09-20-2026 18:34:39:757,96198,181604
53.23,09-20-2026 18:34:39:767,96201,181553
53.24,09-20-2026 18:34:39:777,96195,181511
53.25,09-20-2026 18:34:39:787,96200,181493
53.26,09-20-2026 18:34:39:797,96181,181469
53.27,09-20-2026 18:34:39:807,96212,181427
53.28,09-20-2026 18:34:39:817,96198,181403
53.29,09-20-2026 18:34:39:827,96204,181373
53.3,09-20-2026 18:34:39:837,96215,181337
53.31,09-20-2026 18:34:39:847,96204,181307
53.32,09-20-2026 18:34:39:857,96216,181287
53.33,09-20-2026 18:34:39:867,96220,181251
53.34,09-20-2026 18:34:39:877,96229,181223
53.35,09-20-2026 18:34:39:887,96233,181185
53.36,09-20-2026 18:34:39:897,96227,181179
53.37,09-20-2026 18:34:39:907,96225,181177
53.38,09-20-2026 18:34:39:917,96226,181199
53.39,09-20-2026 18:34:39:927,96234,181215
53.4,09-20-2026 18:34:39:937,96243,181195
53.41,09-20-2026 18:34:39:947,96258,181200
53.42,09-20-2026 18:34:39:957,96257,181194
53.43,09-20-2026 18:34:39:967,96283,181205
53.44,09-20-2026 18:34:39:977,96260,181210
53.45,09-20-2026 18:34:39:987,96264,181211
53.46,09-20-2026 18:34:39:997,96277,181193
53.47,09-20-2026 18:34:40:007,96275,181186
53.48,09-20-2026 18:34:40:017,96289,181192
53.49,09-20-2026 18:34:40:027,96300,181193
53.5,09-20-2026 18:34:40:037,96300,181200
53.51,09-20-2026 18:34:40:047,96301,181210
53.52,09-20-2026 18:34:40:057,96296,181224
53.53,09-20-2026 18:34:40:067,96294,181226
53.54,09-20-2026 18:34:40:077,96305,181268
53.55,09-20-2026 18:34:40:087,96330,181262
53.56,09-20-2026 18:34:40:097,96326,181270
53.57,09-20-2026 18:34:40:107,96330,181298
53.58,09-20-2026 18:34:40:117,96328,181310
53.59,09-20-2026 18:34:40:127,96337,181320
53.6,09-20-2026 18:34:40:137,96340,181348
53.61,09-20-2026 18:34:40:147,96343,181360
53.62,09-20-2026 18:34:40:157,96364,181370
53.63,09-20-2026 18:34:40:167,96368,181404
53.64,09-20-2026 18:34:40:177,96379,181428
53.65,09-20-2026 18:34:40:187,96360,181436
53.66,09-20-2026 18:34:40:197,96352,181466
53.67,09-20-2026 18:34:40:207,96324,181498
53.68,09-20-2026 18:34:40:217,96325,181516
53.69,09-20-2026 18:34:40:227,96307,181548
53.7,09-20-2026 18:34:40:237,96302,181550
53.71,09-20-2026 18:34:40:247,96279,181598
53.72,09-20-2026 18:34:40:257,96272,181618
53.73,09-20-2026 18:34:40:267,96270,181638
53.74,09-20-2026 18:34:40:277,96263,181664
53.75,09-20-2026 18:34:40:287,96262,181706
53.76,09-20-2026 18:34:40:297,96259,181706
53.77,09-20-2026 18:34:40:307,96252,181752
53.78,09-20-2026 18:34:40:317,96241,181778
53.79,09-20-2026 18:34:40:327,96254,181826
53.8,09-20-2026 18:34:40:337,96239,181826
53.81,09-20-2026 18:34:40:347,96229,181861
53.82,09-20-2026 18:34:40:357,96227,181875
53.83,09-20-2026 18:34:40:367,96250,181925
53.84,09-20-2026 18:34:40:377,96220,181911
53.85,09-20-2026 18:34:40:387,96223,181977
53.86,09-20-2026 18:34:40:397,96223,181969
53.87,09-20-2026 18:34:40:407,96226,182021
53.88,09-20-2026 18:34:40:417,96208,182019
53.89,09-20-2026 18:34:40:427,96223,182107
53.9,09-20-2026 18:34:40:437,96219,182085
53.91,09-20-2026 18:34:40:447,96225,182141
53.92,09-20-2026 18:34:40:457,96232,182141
53.93,09-20-2026 18:34:40:467,96228,182222
53.94,09-20-2026 18:34:40:477,96236,182180
53.95,09-20-2026 18:34:40:487,96229,182282
53.96,09-20-2026 18:34:40:497,96224,182267
53.97,09-20-2026 18:34:40:507,96219,182351
53.98,09-20-2026 18:34:40:517,96225,182333
53.99,09-20-2026 18:34:40:527,96235,182417
54,09-20-2026 18:34:40:537,96229,182387
54.01,09-20-2026 18:34:40:547,96228,182500
54.02,09-20-2026 18:34:40:557,96249,182480
54.03,09-20-2026 18:34:40:567,96240,182544
54.04,09-20-2026 18:34:40:577,96228,182548
54.05,09-20-2026 18:34:40:587,96237,182540
54.06,09-20-2026 18:34:40:597,96250,182432
54.07,09-20-2026 18:34:40:607,96240,182384
54.08,09-20-2026 18:34:40:617,96237,182248
54.09,09-20-2026 18:34:40:627,96240,182180
54.1,09-20-2026 18:34:40:637,96266,182068
54.11,09-20-2026 18:34:40:647,96263,182010
54.12,09-20-2026 18:34:40:657,96256,181952
54.13,09-20-2026 18:34:40:667,96264,181916
54.14,09-20-2026 18:34:40:677,96245,181902
54.15,09-20-2026 18:34:40:687,96260,181850
54.16,09-20-2026 18:34:40:697,96270,181868
54.17,09-20-2026 18:34:40:707,96279,181824
54.18,09-20-2026 18:34:40:717,96277,181832
54.19,09-20-2026 18:34:40:727,96296,181790
54.2,09-20-2026 18:34:40:737,96286,181776
54.21,09-20-2026 18:34:40:747,96281,181732
54.22,09-20-2026 18:34:40:757,96293,181746
54.23,09-20-2026 18:34:40:767,96307,181682
54.24,09-20-2026 18:34:40:777,96287,181698
54.25,09-20-2026 18:34:40:787,96305,181663
54.26,09-20-2026 18:34:40:797,96315,181652
54.27,09-20-2026 18:34:40:807,96302,181627
54.28,09-20-2026 18:34:40:817,96314,181668
54.29,09-20-2026 18:34:40:827,96324,181663
54.3,09-20-2026 18:34:40:837,96307,181708
54.31,09-20-2026 18:34:40:847,96331,181683
54.32,09-20-2026 18:34:40:857,96333,181704
54.33,09-20-2026 18:34:40:867,96325,181688
54.34,09-20-2026 18:34:40:877,96334,181717
54.35,09-20-2026 18:34:40:887,96349,181676
54.36,09-20-2026 18:34:40:897,96340,181731
54.37,09-20-2026 18:34:40:907,96342,181680
54.38,09-20-2026 18:34:40:917,96358,181725
54.39,09-20-2026 18:34:40:927,96363,181688
54.4,09-20-2026 18:34:40:937,96346,181725
54.41,09-20-2026 18:34:40:947,96362,181684
54.42,09-20-2026 18:34:40:957,96355,181722
54.43,09-20-2026 18:34:40:967,96377,181736
54.44,09-20-2026 18:34:40:977,96360,181754
54.45,09-20-2026 18:34:40:987,96389,181774
54.46,09-20-2026 18:34:40:997,96373,181790
54.47,09-20-2026 18:34:41:007,96392,181784
54.48,09-20-2026 18:34:41:017,96389,181836
54.49,09-20-2026 18:34:41:027,96426,181842
54.5,09-20-2026 18:34:41:037,96384,181864
54.51,09-20-2026 18:34:41:047,96416,181876
54.52,09-20-2026 18:34:41:057,96369,181894
54.53,09-20-2026 18:34:41:067,96433,181906
54.54,09-20-2026 18:34:41:077,96403,181938
54.55,09-20-2026 18:34:41:087,96438,181958
54.56,09-20-2026 18:34:41:097,96381,181976
54.57,09-20-2026 18:34:41:107,96413,182006
54.58,09-20-2026 18:34:41:117,96360,182020
54.59,09-20-2026 18:34:41:127,96406,182062
54.6,09-20-2026 18:34:41:137,96343,182084
54.61,09-20-2026 18:34:41:147,96382,182094
54.62,09-20-2026 18:34:41:157,96346,182136
54.63,09-20-2026 18:34:41:167,96369,182154
54.64,09-20-2026 18:34:41:177,96320,182178
54.65,09-20-2026 18:34:41:187,96350,182216
54.66,09-20-2026 18:34:41:197,96325,182234
54.67,09-20-2026 18:34:41:207,96344,182276
54.68,09-20-2026 18:34:41:217,96327,182290
54.69,09-20-2026 18:34:41:227,96340,182312
54.7,09-20-2026 18:34:41:237,96339,182344
54.71,09-20-2026 18:34:41:247,96336,182372
54.72,09-20-2026 18:34:41:257,96340,182390
54.73,09-20-2026 18:34:41:267,96330,182420
54.74,09-20-2026 18:34:41:277,96329,182465
54.75,09-20-2026 18:34:41:287,96331,182489
54.76,09-20-2026 18:34:41:297,96337,182522
54.77,09-20-2026 18:34:41:307,96317,182537
54.78,09-20-2026 18:34:41:317,96326,182573
54.79,09-20-2026 18:34:41:327,96316,182603
54.8,09-20-2026 18:34:41:337,96345,182639
54.81,09-20-2026 18:34:41:347,96326,182666
54.82,09-20-2026 18:34:41:357,96351,182675
54.83,09-20-2026 18:34:41:367,96348,182711
54.84,09-20-2026 18:34:41:377,96361,182741
54.85,09-20-2026 18:34:41:387,96336,182795
54.86,09-20-2026 18:34:41:397,96352,182807
54.87,09-20-2026 18:34:41:407,96320,182846
54.88,09-20-2026 18:34:41:417,96367,182888
54.89,09-20-2026 18:34:41:427,96330,182930
54.9,09-20-2026 18:34:41:437,96360,182963
54.91,09-20-2026 18:34:41:447,96325,182977
54.92,09-20-2026 18:34:41:457,96353,183013
54.93,09-20-2026 18:34:41:467,96318,183064
54.94,09-20-2026 18:34:41:477,96340,183082
54.95,09-20-2026 18:34:41:487,96324,183112
54.96,09-20-2026 18:34:41:497,96368,183070
54.97,09-20-2026 18:34:41:507,96333,183010
54.98,09-20-2026 18:34:41:517,96391,182935
54.99,09-20-2026 18:34:41:527,96320,182836
55,09-20-2026 18:34:41:537,96356,182737
55.01,09-20-2026 18:34:41:547,96350,182662
55.02,09-20-2026 18:34:41:557,96371,182608
55.03,09-20-2026 18:34:41:567,96353,182550
55.04,09-20-2026 18:34:41:577,96389,182506
55.05,09-20-2026 18:34:41:587,96365,182508
55.06,09-20-2026 18:34:41:597,96398,182470
55.07,09-20-2026 18:34:41:607,96351,182470
55.08,09-20-2026 18:34:41:617,96383,182440
55.09,09-20-2026 18:34:41:627,96355,182430
55.1,09-20-2026 18:34:41:637,96362,182412
55.11,09-20-2026 18:34:41:647,96368,182413
55.12,09-20-2026 18:34:41:657,96380,182405
55.13,09-20-2026 18:34:41:667,96367,182371
55.14,09-20-2026 18:34:41:677,96383,182355
55.15,09-20-2026 18:34:41:687,96386,182332
55.16,09-20-2026 18:34:41:697,96393,182321
55.17,09-20-2026 18:34:41:707,96390,182325
55.18,09-20-2026 18:34:41:717,96403,182332
55.19,09-20-2026 18:34:41:727,96397,182317
55.2,09-20-2026 18:34:41:737,96401,182344
55.21,09-20-2026 18:34:41:747,96398,182337
55.22,09-20-2026 18:34:41:757,96401,182362
55.23,09-20-2026 18:34:41:767,96412,182364
55.24,09-20-2026 18:34:41:777,96420,182359
55.25,09-20-2026 18:34:41:787,96409,182366
55.26,09-20-2026 18:34:41:797,96418,182349
55.27,09-20-2026 18:34:41:807,96423,182348
55.28,09-20-2026 18:34:41:817,96442,182354
55.29,09-20-2026 18:34:41:827,96430,182344
55.3,09-20-2026 18:34:41:837,96439,182347
55.31,09-20-2026 18:34:41:847,96428,182355
55.32,09-20-2026 18:34:41:857,96440,182364
55.33,09-20-2026 18:34:41:867,96457,182378
55.34,09-20-2026 18:34:41:877,96451,182381
55.35,09-20-2026 18:34:41:887,96463,182399
55.36,09-20-2026 18:34:41:897,96465,182423
55.37,09-20-2026 18:34:41:907,96458,182428
55.38,09-20-2026 18:34:41:917,96470,182436
55.39,09-20-2026 18:34:41:927,96464,182463
55.4,09-20-2026 18:34:41:937,96477,182476
55.41,09-20-2026 18:34:41:947,96480,182480
55.42,09-20-2026 18:34:41:957,96478,182510
55.43,09-20-2026 18:34:41:967,96483,182526
55.44,09-20-2026 18:34:41:977,96500,182556
55.45,09-20-2026 18:34:41:987,96488,182534
55.46,09-20-2026 18:34:41:997,96469,182574
55.47,09-20-2026 18:34:42:007,96459,182604
55.48,09-20-2026 18:34:42:017,96452,182640
55.49,09-20-2026 18:34:42:027,96435,182634
55.5,09-20-2026 18:34:42:037,96420,182656
55.51,09-20-2026 18:34:42:047,96412,182695
55.52,09-20-2026 18:34:42:057,96407,182707
55.53,09-20-2026 18:34:42:067,96405,182713
55.54,09-20-2026 18:34:42:077,96401,182747
55.55,09-20-2026 18:34:42:087,96389,182759
55.56,09-20-2026 18:34:42:097,96400,182785
55.57,09-20-2026 18:34:42:107,96394,182793
55.58,09-20-2026 18:34:42:117,96418,182831
55.59,09-20-2026 18:34:42:127,96389,182817
55.6,09-20-2026 18:34:42:137,96391,182891
55.61,09-20-2026 18:34:42:147,96389,182892
55.62,09-20-2026 18:34:42:157,96405,182946
55.63,09-20-2026 18:34:42:167,96402,182944
55.64,09-20-2026 18:34:42:177,96379,182970
55.65,09-20-2026 18:34:42:187,96381,182978
55.66,09-20-2026 18:34:42:197,96391,183034
55.67,09-20-2026 18:34:42:207,96382,183028
55.68,09-20-2026 18:34:42:217,96371,183092
55.69,09-20-2026 18:34:42:227,96377,183054
55.7,09-20-2026 18:34:42:237,96375,183134
55.71,09-20-2026 18:34:42:247,96388,183123
55.72,09-20-2026 18:34:42:257,96373,183174
55.73,09-20-2026 18:34:42:267,96380,183168
55.74,09-20-2026 18:34:42:277,96408,183231
55.75,09-20-2026 18:34:42:287,96385,183222
55.76,09-20-2026 18:34:42:297,96390,183282
55.77,09-20-2026 18:34:42:307,96371,183258
55.78,09-20-2026 18:34:42:317,96382,183348
55.79,09-20-2026 18:34:42:327,96384,183339
55.8,09-20-2026 18:34:42:337,96376,183429
55.81,09-20-2026 18:34:42:347,96373,183383
55.82,09-20-2026 18:34:42:357,96376,183483
55.83,09-20-2026 18:34:42:367,96377,183447
55.84,09-20-2026 18:34:42:377,96384,183495
55.85,09-20-2026 18:34:42:387,96377,183391
55.86,09-20-2026 18:34:42:397,96380,183355
55.87,09-20-2026 18:34:42:407,96385,183247
55.88,09-20-2026 18:34:42:417,96381,183215
55.89,09-20-2026 18:34:42:427,96392,183091
55.9,09-20-2026 18:34:42:437,96397,183027
55.91,09-20-2026 18:34:42:447,96409,182961
55.92,09-20-2026 18:34:42:457,96401,182929
55.93,09-20-2026 18:34:42:467,96416,182889
55.94,09-20-2026 18:34:42:477,96409,182877
55.95,09-20-2026 18:34:42:487,96424,182859
55.96,09-20-2026 18:34:42:497,96410,182867
55.97,09-20-2026 18:34:42:507,96408,182841
55.98,09-20-2026 18:34:42:517,96420,182833
55.99,09-20-2026 18:34:42:527,96426,182827
56,09-20-2026 18:34:42:537,96418,182799
56.01,09-20-2026 18:34:42:547,96416,182787
56.02,09-20-2026 18:34:42:557,96434,182757
56.03,09-20-2026 18:34:42:567,96435,182757
56.04,09-20-2026 18:34:42:577,96443,182741
56.05,09-20-2026 18:34:42:587,96420,182736
56.06,09-20-2026 18:34:42:597,96436,182706
56.07,09-20-2026 18:34:42:607,96449,182732
56.08,09-20-2026 18:34:42:617,96448,182711
56.09,09-20-2026 18:34:42:627,96425,182758
56.1,09-20-2026 18:34:42:637,96452,182734
56.11,09-20-2026 18:34:42:647,96454,182773
56.12,09-20-2026 18:34:42:657,96459,182744
56.13,09-20-2026 18:34:42:667,96458,182778
56.14,09-20-2026 18:34:42:677,96465,182743
56.15,09-20-2026 18:34:42:687,96452,182776
56.16,09-20-2026 18:34:42:697,96473,182725
56.17,09-20-2026 18:34:42:707,96461,182746
56.18,09-20-2026 18:34:42:717,96478,182729
56.19,09-20-2026 18:34:42:727,96471,182751
56.2,09-20-2026 18:34:42:737,96486,182720
56.21,09-20-2026 18:34:42:747,96457,182771
56.22,09-20-2026 18:34:42:757,96497,182733
56.23,09-20-2026 18:34:42:767,96466,182767
56.24,09-20-2026 18:34:42:777,96482,182743
56.25,09-20-2026 18:34:42:787,96475,182799
56.26,09-20-2026 18:34:42:797,96510,182783
56.27,09-20-2026 18:34:42:807,96479,182813
56.28,09-20-2026 18:34:42:817,96512,182805
56.29,09-20-2026 18:34:42:827,96506,182828
56.3,09-20-2026 18:34:42:837,96522,182844
56.31,09-20-2026 18:34:42:847,96467,182883
56.32,09-20-2026 18:34:42:857,96480,182885
56.33,09-20-2026 18:34:42:867,96437,182875
56.34,09-20-2026 18:34:42:877,96456,182911
56.35,09-20-2026 18:34:42:887,96412,182933
56.36,09-20-2026 18:34:42:897,96444,182941
56.37,09-20-2026 18:34:42:907,96393,182953
56.38,09-20-2026 18:34:42:917,96435,182977
56.39,09-20-2026 18:34:42:927,96393,183003
56.4,09-20-2026 18:34:42:937,96442,183009
56.41,09-20-2026 18:34:42:947,96378,183036
56.42,09-20-2026 18:34:42:957,96422,183052
56.43,09-20-2026 18:34:42:967,96380,183066
56.44,09-20-2026 18:34:42:977,96416,183078
56.45,09-20-2026 18:34:42:987,96374,183120
56.46,09-20-2026 18:34:42:997,96414,183144
56.47,09-20-2026 18:34:43:007,96379,183142
56.48,09-20-2026 18:34:43:017,96412,183176
56.49,09-20-2026 18:34:43:027,96370,183204
56.5,09-20-2026 18:34:43:037,96379,183220
56.51,09-20-2026 18:34:43:047,96362,183254
56.52,09-20-2026 18:34:43:057,96393,183266
56.53,09-20-2026 18:34:43:067,96363,183292
56.54,09-20-2026 18:34:43:077,96399,183310
56.55,09-20-2026 18:34:43:087,96384,183326
56.56,09-20-2026 18:34:43:097,96381,183352
56.57,09-20-2026 18:34:43:107,96380,183378
56.58,09-20-2026 18:34:43:117,96401,183422
56.59,09-20-2026 18:34:43:127,96385,183412
56.6,09-20-2026 18:34:43:137,96381,183450
56.61,09-20-2026 18:34:43:147,96384,183464
56.62,09-20-2026 18:34:43:157,96379,183488
56.63,09-20-2026 18:34:43:167,96379,183530
56.64,09-20-2026 18:34:43:177,96378,183550
56.65,09-20-2026 18:34:43:187,96398,183606
56.66,09-20-2026 18:34:43:197,96371,183610
56.67,09-20-2026 18:34:43:207,96400,183654
56.68,09-20-2026 18:34:43:217,96384,183672
56.69,09-20-2026 18:34:43:227,96415,183672
56.7,09-20-2026 18:34:43:237,96385,183640
56.71,09-20-2026 18:34:43:247,96404,183560
56.72,09-20-2026 18:34:43:257,96383,183484
56.73,09-20-2026 18:34:43:267,96404,183396
56.74,09-20-2026 18:34:43:277,96374,183304
56.75,09-20-2026 18:34:43:287,96421,183236
56.76,09-20-2026 18:34:43:297,96391,183176
56.77,09-20-2026 18:34:43:307,96405,183132
56.78,09-20-2026 18:34:43:317,96394,183084
56.79,09-20-2026 18:34:43:327,96428,183076
56.8,09-20-2026 18:34:43:337,96404,183076
56.81,09-20-2026 18:34:43:347,96427,183041
56.82,09-20-2026 18:34:43:357,96398,183039
56.83,09-20-2026 18:34:43:367,96422,182993
56.84,09-20-2026 18:34:43:377,96399,182975
56.85,09-20-2026 18:34:43:387,96442,182971
56.86,09-20-2026 18:34:43:397,96404,182943
56.87,09-20-2026 18:34:43:407,96422,182915
56.88,09-20-2026 18:34:43:417,96406,182903
56.89,09-20-2026 18:34:43:427,96433,182875
56.9,09-20-2026 18:34:43:437,96430,182855
56.91,09-20-2026 18:34:43:447,96425,182841
56.92,09-20-2026 18:34:43:457,96416,182838
56.93,09-20-2026 18:34:43:467,96435,182836
56.94,09-20-2026 18:34:43:477,96439,182851
56.95,09-20-2026 18:34:43:487,96425,182840
56.96,09-20-2026 18:34:43:497,96410,182850
56.97,09-20-2026 18:34:43:507,96419,182848
56.98,09-20-2026 18:34:43:517,96423,182854
56.99,09-20-2026 18:34:43:527,96429,182837
57,09-20-2026 18:34:43:537,96427,182835
57.01,09-20-2026 18:34:43:547,96443,182835
57.02,09-20-2026 18:34:43:557,96428,182829
57.03,09-20-2026 18:34:43:567,96443,182823
57.04,09-20-2026 18:34:43:577,96445,182814
57.05,09-20-2026 18:34:43:587,96431,182809
57.06,09-20-2026 18:34:43:597,96455,182816
57.07,09-20-2026 18:34:43:607,96454,182816
57.08,09-20-2026 18:34:43:617,96458,182829
57.09,09-20-2026 18:34:43:627,96459,182855
57.1,09-20-2026 18:34:43:637,96470,182839
57.11,09-20-2026 18:34:43:647,96473,182857
57.12,09-20-2026 18:34:43:657,96483,182854
57.13,09-20-2026 18:34:43:667,96463,182873
57.14,09-20-2026 18:34:43:677,96465,182876
57.15,09-20-2026 18:34:43:687,96454,182891
57.16,09-20-2026 18:34:43:697,96460,182897
57.17,09-20-2026 18:34:43:707,96429,182905
57.18,09-20-2026 18:34:43:717,96426,182927
57.19,09-20-2026 18:34:43:727,96420,182946
57.2,09-20-2026 18:34:43:737,96424,182947
57.21,09-20-2026 18:34:43:747,96389,182956
57.22,09-20-2026 18:34:43:757,96395,182962
57.23,09-20-2026 18:34:43:767,96376,182966
57.24,09-20-2026 18:34:43:777,96382,183000
57.25,09-20-2026 18:34:43:787,96369,183010
57.26,09-20-2026 18:34:43:797,96349,183050
57.27,09-20-2026 18:34:43:807,96370,183046
57.28,09-20-2026 18:34:43:817,96353,183068
57.29,09-20-2026 18:34:43:827,96344,183094
57.3,09-20-2026 18:34:43:837,96350,183108
57.31,09-20-2026 18:34:43:847,96336,183119
57.32,09-20-2026 18:34:43:857,96337,183139
57.33,09-20-2026 18:34:43:867,96332,183155
57.34,09-20-2026 18:34:43:877,96319,183173
57.35,09-20-2026 18:34:43:887,96325,183193
57.36,09-20-2026 18:34:43:897,96297,183187
57.37,09-20-2026 18:34:43:907,96307,183233
57.38,09-20-2026 18:34:43:917,96303,183235
57.39,09-20-2026 18:34:43:927,96314,183241
57.4,09-20-2026 18:34:43:937,96321,183261
57.41,09-20-2026 18:34:43:947,96296,183284
57.42,09-20-2026 18:34:43:957,96318,183290
57.43,09-20-2026 18:34:43:967,96310,183326
57.44,09-20-2026 18:34:43:977,96304,183346
57.45,09-20-2026 18:34:43:987,96306,183358
57.46,09-20-2026 18:34:43:997,96289,183354
57.47,09-20-2026 18:34:44:007,96303,183424
57.48,09-20-2026 18:34:44:017,96299,183426
57.49,09-20-2026 18:34:44:027,96297,183464
57.5,09-20-2026 18:34:44:037,96295,183478
57.51,09-20-2026 18:34:44:047,96291,183514
57.52,09-20-2026 18:34:44:057,96292,183506
57.53,09-20-2026 18:34:44:067,96284,183538
57.54,09-20-2026 18:34:44:077,96293,183522
57.55,09-20-2026 18:34:44:087,96270,183510
57.56,09-20-2026 18:34:44:097,96282,183398
57.57,09-20-2026 18:34:44:107,96277,183354
57.58,09-20-2026 18:34:44:117,96287,183226
57.59,09-20-2026 18:34:44:127,96278,183178
57.6,09-20-2026 18:34:44:137,96284,183034
57.61,09-20-2026 18:34:44:147,96291,183023
57.62,09-20-2026 18:34:44:157,96281,182888
57.63,09-20-2026 18:34:44:167,96291,182918
57.64,09-20-2026 18:34:44:177,96287,182840
57.65,09-20-2026 18:34:44:187,96281,182852
57.66,09-20-2026 18:34:44:197,96299,182789
57.67,09-20-2026 18:34:44:207,96292,182819
57.68,09-20-2026 18:34:44:217,96278,182714
57.69,09-20-2026 18:34:44:227,96293,182753
57.7,09-20-2026 18:34:44:237,96288,182657
57.71,09-20-2026 18:34:44:247,96299,182686
57.72,09-20-2026 18:34:44:257,96294,182618
57.73,09-20-2026 18:34:44:267,96305,182624
57.74,09-20-2026 18:34:44:277,96311,182556
57.75,09-20-2026 18:34:44:287,96307,182566
57.76,09-20-2026 18:34:44:297,96300,182518
57.77,09-20-2026 18:34:44:307,96301,182518
57.78,09-20-2026 18:34:44:317,96300,182530
57.79,09-20-2026 18:34:44:327,96306,182538
57.8,09-20-2026 18:34:44:337,96301,182530
57.81,09-20-2026 18:34:44:347,96307,182542
57.82,09-20-2026 18:34:44:357,96314,182534
57.83,09-20-2026 18:34:44:367,96304,182510
57.84,09-20-2026 18:34:44:377,96306,182506
57.85,09-20-2026 18:34:44:387,96323,182480
57.86,09-20-2026 18:34:44:397,96326,182496
57.87,09-20-2026 18:34:44:407,96324,182463
57.88,09-20-2026 18:34:44:417,96333,182455
57.89,09-20-2026 18:34:44:427,96331,182419
57.9,09-20-2026 18:34:44:437,96325,182443
57.91,09-20-2026 18:34:44:447,96318,182422
57.92,09-20-2026 18:34:44:457,96334,182452
57.93,09-20-2026 18:34:44:467,96336,182420
57.94,09-20-2026 18:34:44:477,96337,182448
57.95,09-20-2026 18:34:44:487,96336,182415
57.96,09-20-2026 18:34:44:497,96331,182462
57.97,09-20-2026 18:34:44:507,96344,182431
57.98,09-20-2026 18:34:44:517,96342,182461
57.99,09-20-2026 18:34:44:527,96353,182446
58,09-20-2026 18:34:44:537,96325,182496
58.01,09-20-2026 18:34:44:547,96329,182464
58.02,09-20-2026 18:34:44:557,96296,182477
58.03,09-20-2026 18:34:44:567,96288,182455
58.04,09-20-2026 18:34:44:577,96287,182515
58.05,09-20-2026 18:34:44:587,96259,182489
58.06,09-20-2026 18:34:44:597,96241,182545
58.07,09-20-2026 18:34:44:607,96254,182519
58.08,09-20-2026 18:34:44:617,96226,182528
58.09,09-20-2026 18:34:44:627,96251,182538
58.1,09-20-2026 18:34:44:637,96207,182581
58.11,09-20-2026 18:34:44:647,96208,182573
58.12,09-20-2026 18:34:44:657,96190,182585
58.13,09-20-2026 18:34:44:667,96209,182573
58.14,09-20-2026 18:34:44:677,96189,182615
58.15,09-20-2026 18:34:44:687,96191,182614
58.16,09-20-2026 18:34:44:697,96160,182638
58.17,09-20-2026 18:34:44:707,96187,182612
58.18,09-20-2026 18:34:44:717,96139,182641
58.19,09-20-2026 18:34:44:727,96161,182632
58.2,09-20-2026 18:34:44:737,96123,182660
58.21,09-20-2026 18:34:44:747,96171,182692
58.22,09-20-2026 18:34:44:757,96125,182706
58.23,09-20-2026 18:34:44:767,96164,182716
58.24,09-20-2026 18:34:44:777,96111,182750
58.25,09-20-2026 18:34:44:787,96164,182746
58.26,09-20-2026 18:34:44:797,96102,182790
58.27,09-20-2026 18:34:44:807,96155,182798
58.28,09-20-2026 18:34:44:817,96095,182814
58.29,09-20-2026 18:34:44:827,96146,182834
58.3,09-20-2026 18:34:44:837,96103,182852
58.31,09-20-2026 18:34:44:847,96143,182871
58.32,09-20-2026 18:34:44:857,96117,182893
58.33,09-20-2026 18:34:44:867,96142,182915
58.34,09-20-2026 18:34:44:877,96108,182955
58.35,09-20-2026 18:34:44:887,96131,182957
58.36,09-20-2026 18:34:44:897,96109,182991
58.37,09-20-2026 18:34:44:907,96127,182985
58.38,09-20-2026 18:34:44:917,96111,183009
58.39,09-20-2026 18:34:44:927,96129,182977
58.4,09-20-2026 18:34:44:937,96126,182933
58.41,09-20-2026 18:34:44:947,96141,182840
58.42,09-20-2026 18:34:44:957,96152,182735
58.43,09-20-2026 18:34:44:967,96132,182620
58.44,09-20-2026 18:34:44:977,96139,182530
58.45,09-20-2026 18:34:44:987,96128,182450
58.46,09-20-2026 18:34:44:997,96156,182375
58.47,09-20-2026 18:34:45:007,96129,182315
58.48,09-20-2026 18:34:45:017,96153,182285
58.49,09-20-2026 18:34:45:027,96143,182240
58.5,09-20-2026 18:34:45:037,96153,182220
58.51,09-20-2026 18:34:45:047,96152,182153
58.52,09-20-2026 18:34:45:057,96171,182153
58.53,09-20-2026 18:34:45:067,96149,182105
58.54,09-20-2026 18:34:45:077,96177,182063
58.55,09-20-2026 18:34:45:087,96153,182003
58.56,09-20-2026 18:34:45:097,96177,181991
58.57,09-20-2026 18:34:45:107,96154,181949
58.58,09-20-2026 18:34:45:117,96193,181907
58.59,09-20-2026 18:34:45:127,96169,181874
58.6,09-20-2026 18:34:45:137,96212,181850
58.61,09-20-2026 18:34:45:147,96172,181815
58.62,09-20-2026 18:34:45:157,96188,181809
58.63,09-20-2026 18:34:45:167,96188,181820
58.64,09-20-2026 18:34:45:177,96205,181817
58.65,09-20-2026 18:34:45:187,96171,181822
58.66,09-20-2026 18:34:45:197,96224,181804
58.67,09-20-2026 18:34:45:207,96175,181784
58.68,09-20-2026 18:34:45:217,96197,181779
58.69,09-20-2026 18:34:45:227,96197,181764
58.7,09-20-2026 18:34:45:237,96204,181745
58.71,09-20-2026 18:34:45:247,96197,181733
58.72,09-20-2026 18:34:45:257,96210,181735
58.73,09-20-2026 18:34:45:267,96207,181721
58.74,09-20-2026 18:34:45:277,96217,181702
58.75,09-20-2026 18:34:45:287,96216,181698
58.76,09-20-2026 18:34:45:297,96226,181692
58.77,09-20-2026 18:34:45:307,96211,181689
58.78,09-20-2026 18:34:45:317,96211,181702
58.79,09-20-2026 18:34:45:327,96218,181692
58.8,09-20-2026 18:34:45:337,96211,181706
58.81,09-20-2026 18:34:45:347,96224,181709
58.82,09-20-2026 18:34:45:357,96251,181713
58.83,09-20-2026 18:34:45:367,96241,181730
58.84,09-20-2026 18:34:45:377,96233,181737
58.85,09-20-2026 18:34:45:387,96233,181742
58.86,09-20-2026 18:34:45:397,96230,181761
58.87,09-20-2026 18:34:45:407,96193,181765
58.88,09-20-2026 18:34:45:417,96187,181786
58.89,09-20-2026 18:34:45:427,96191,181777
58.9,09-20-2026 18:34:45:437,96191,181800
58.91,09-20-2026 18:34:45:447,96154,181824
58.92,09-20-2026 18:34:45:457,96132,181810
58.93,09-20-2026 18:34:45:467,96132,181842
58.94,09-20-2026 18:34:45:477,96107,181836
58.95,09-20-2026 18:34:45:487,96117,181858
58.96,09-20-2026 18:34:45:497,96133,181866
58.97,09-20-2026 18:34:45:507,96106,181892
58.98,09-20-2026 18:34:45:517,96102,181920
58.99,09-20-2026 18:34:45:527,96090,181936
59,09-20-2026 18:34:45:537,96103,181948
59.01,09-20-2026 18:34:45:547,96073,181963
59.02,09-20-2026 18:34:45:557,96086,181973
59.03,09-20-2026 18:34:45:567,96080,181997
59.04,09-20-2026 18:34:45:577,96066,182035
59.05,09-20-2026 18:34:45:587,96057,182031
59.06,09-20-2026 18:34:45:597,96064,182039
59.07,09-20-2026 18:34:45:607,96055,182071
59.08,09-20-2026 18:34:45:617,96053,182081
59.09,09-20-2026 18:34:45:627,96044,182115
59.1,09-20-2026 18:34:45:637,96049,182143
59.11,09-20-2026 18:34:45:647,96062,182151
59.12,09-20-2026 18:34:45:657,96047,182161
59.13,09-20-2026 18:34:45:667,96057,182181
59.14,09-20-2026 18:34:45:677,96061,182193
59.15,09-20-2026 18:34:45:687,96056,182249
59.16,09-20-2026 18:34:45:697,96043,182249
59.17,09-20-2026 18:34:45:707,96062,182279
59.18,09-20-2026 18:34:45:717,96055,182331
59.19,09-20-2026 18:34:45:727,96047,182325
59.2,09-20-2026 18:34:45:737,96063,182357
59.21,09-20-2026 18:34:45:747,96043,182389
59.22,09-20-2026 18:34:45:757,96050,182405
59.23,09-20-2026 18:34:45:767,96044,182417
59.24,09-20-2026 18:34:45:777,96066,182433
59.25,09-20-2026 18:34:45:787,96060,182365
59.26,09-20-2026 18:34:45:797,96052,182297
59.27,09-20-2026 18:34:45:807,96056,182193
59.28,09-20-2026 18:34:45:817,96041,182089
59.29,09-20-2026 18:34:45:827,96060,181957
59.3,09-20-2026 18:34:45:837,96048,181957
59.31,09-20-2026 18:34:45:847,96084,181920
59.32,09-20-2026 18:34:45:857,96058,181796
59.33,09-20-2026 18:34:45:867,96063,181760
59.34,09-20-2026 18:34:45:877,96078,181700
59.35,09-20-2026 18:34:45:887,96074,181680
59.36,09-20-2026 18:34:45:897,96077,181608
59.37,09-20-2026 18:34:45:907,96062,181608
59.38,09-20-2026 18:34:45:917,96072,181536
59.39,09-20-2026 18:34:45:927,96071,181544
59.4,09-20-2026 18:34:45:937,96087,181464
59.41,09-20-2026 18:34:45:947,96082,181475
59.42,09-20-2026 18:34:45:957,96097,181391
59.43,09-20-2026 18:34:45:967,96094,181409
59.44,09-20-2026 18:34:45:977,96095,181325
59.45,09-20-2026 18:34:45:987,96097,181307
59.46,09-20-2026 18:34:45:997,96098,181226
59.47,09-20-2026 18:34:46:007,96102,181277
59.48,09-20-2026 18:34:46:017,96108,181220
59.49,09-20-2026 18:34:46:027,96115,181274
59.5,09-20-2026 18:34:46:037,96118,181223
59.51,09-20-2026 18:34:46:047,96133,181286
59.52,09-20-2026 18:34:46:057,96131,181247
59.53,09-20-2026 18:34:46:067,96118,181275
59.54,09-20-2026 18:34:46:077,96136,181221
59.55,09-20-2026 18:34:46:087,96157,181261
59.56,09-20-2026 18:34:46:097,96132,181206
59.57,09-20-2026 18:34:46:107,96134,181234
59.58,09-20-2026 18:34:46:117,96128,181209
59.59,09-20-2026 18:34:46:127,96145,181214
59.6,09-20-2026 18:34:46:137,96148,181213
59.61,09-20-2026 18:34:46:147,96146,181207
59.62,09-20-2026 18:34:46:157,96151,181232
59.63,09-20-2026 18:34:46:167,96163,181206
59.64,09-20-2026 18:34:46:177,96170,181236
59.65,09-20-2026 18:34:46:187,96178,181233
59.66,09-20-2026 18:34:46:197,96191,181255
59.67,09-20-2026 18:34:46:207,96186,181238
59.68,09-20-2026 18:34:46:217,96188,181277
59.69,09-20-2026 18:34:46:227,96178,181278
59.7,09-20-2026 18:34:46:237,96190,181306
59.71,09-20-2026 18:34:46:247,96183,181309
59.72,09-20-2026 18:34:46:257,96181,181359
59.73,09-20-2026 18:34:46:267,96159,181345
59.74,09-20-2026 18:34:46:277,96160,181373
59.75,09-20-2026 18:34:46:287,96148,181379
59.76,09-20-2026 18:34:46:297,96121,181401
59.77,09-20-2026 18:34:46:307,96103,181411
59.78,09-20-2026 18:34:46:317,96115,181447
59.79,09-20-2026 18:34:46:327,96096,181439
59.8,09-20-2026 18:34:46:337,96073,181483
59.81,09-20-2026 18:34:46:347,96080,181481
59.82,09-20-2026 18:34:46:357,96065,181521
59.83,09-20-2026 18:34:46:367,96068,181509
59.84,09-20-2026 18:34:46:377,96072,181575
59.85,09-20-2026 18:34:46:387,96081,181551
59.86,09-20-2026 18:34:46:397,96036,181607
59.87,09-20-2026 18:34:46:407,96065,181587
59.88,09-20-2026 18:34:46:417,96027,181639
59.89,09-20-2026 18:34:46:427,96067,181641
59.9,09-20-2026 18:34:46:437,96029,181677
59.91,09-20-2026 18:34:46:447,96042,181685
59.92,09-20-2026 18:34:46:457,96025,181707
59.93,09-20-2026 18:34:46:467,96025,181731
59.94,09-20-2026 18:34:46:477,96018,181769
59.95,09-20-2026 18:34:46:487,96052,181747
59.96,09-20-2026 18:34:46:497,96003,181801
59.97,09-20-2026 18:34:46:507,96030,181821
59.98,09-20-2026 18:34:46:517,96034,181823
59.99,09-20-2026 18:34:46:527,96040,181865
60,09-20-2026 18:34:46:537,96019,181889
60.01,09-20-2026 18:34:46:547,96040,181912
60.02,09-20-2026 18:34:46:557,96018,181960
60.03,09-20-2026 18:34:46:567,96036,181982
60.04,09-20-2026 18:34:46:577,96005,182006
60.05,09-20-2026 18:34:46:587,96039,182048
60.06,09-20-2026 18:34:46:597,96018,182078
60.07,09-20-2026 18:34:46:607,96028,182092
60.08,09-20-2026 18:34:46:617,96021,182124
60.09,09-20-2026 18:34:46:627,96028,182134
60.1,09-20-2026 18:34:46:637,96022,182148
60.11,09-20-2026 18:34:46:647,96051,182128
60.12,09-20-2026 18:34:46:657,96049,182063
60.13,09-20-2026 18:34:46:667,96062,181988
60.14,09-20-2026 18:34:46:677,96032,181898
60.15,09-20-2026 18:34:46:687,96048,181783
60.16,09-20-2026 18:34:46:697,96054,181708
60.17,09-20-2026 18:34:46:707,96065,181618
60.18,09-20-2026 18:34:46:717,96040,181563
60.19,09-20-2026 18:34:46:727,96072,181528
60.2,09-20-2026 18:34:46:737,96062,181508
60.21,09-20-2026 18:34:46:747,96090,181465
60.22,09-20-2026 18:34:46:757,96057,181433
60.23,09-20-2026 18:34:46:767,96094,181419
60.24,09-20-2026 18:34:46:777,96110,181387
60.25,09-20-2026 18:34:46:787,96112,181363
60.26,09-20-2026 18:34:46:797,96102,181339
60.27,09-20-2026 18:34:46:807,96114,181301
60.28,09-20-2026 18:34:46:817,96108,181269
60.29,09-20-2026 18:34:46:827,96114,181247
60.3,09-20-2026 18:34:46:837,96145,181235
60.31,09-20-2026 18:34:46:847,96122,181195
60.32,09-20-2026 18:34:46:857,96145,181171
60.33,09-20-2026 18:34:46:867,96115,181201
60.34,09-20-2026 18:34:46:877,96149,181182
60.35,09-20-2026 18:34:46:887,96129,181203
60.36,09-20-2026 18:34:46:897,96172,181223
60.37,09-20-2026 18:34:46:907,96144,181219
60.38,09-20-2026 18:34:46:917,96186,181209
60.39,09-20-2026 18:34:46:927,96162,181224
60.4,09-20-2026 18:34:46:937,96174,181207
60.41,09-20-2026 18:34:46:947,96178,181208
60.42,09-20-2026 18:34:46:957,96197,181198
60.43,09-20-2026 18:34:46:967,96172,181200
60.44,09-20-2026 18:34:46:977,96192,181205
60.45,09-20-2026 18:34:46:987,96176,181207
60.46,09-20-2026 18:34:46:997,96203,181225
60.47,09-20-2026 18:34:47:007,96180,181224
60.48,09-20-2026 18:34:47:017,96221,181239
60.49,09-20-2026 18:34:47:027,96187,181260
60.5,09-20-2026 18:34:47:037,96239,181273
60.51,09-20-2026 18:34:47:047,96209,181295
60.52,09-20-2026 18:34:47:057,96242,181303
60.53,09-20-2026 18:34:47:067,96214,181299
60.54,09-20-2026 18:34:47:077,96228,181315
60.55,09-20-2026 18:34:47:087,96215,181351
60.56,09-20-2026 18:34:47:097,96253,181359
60.57,09-20-2026 18:34:47:107,96244,181381
60.58,09-20-2026 18:34:47:117,96268,181401
60.59,09-20-2026 18:34:47:127,96247,181431
60.6,09-20-2026 18:34:47:137,96259,181429
60.61,09-20-2026 18:34:47:147,96232,181461
60.62,09-20-2026 18:34:47:157,96229,181479
60.63,09-20-2026 18:34:47:167,96207,181519
60.64,09-20-2026 18:34:47:177,96200,181499
60.65,09-20-2026 18:34:47:187,96194,181551
60.66,09-20-2026 18:34:47:197,96172,181569
60.67,09-20-2026 18:34:47:207,96173,181597
60.68,09-20-2026 18:34:47:217,96160,181627
60.69,09-20-2026 18:34:47:227,96159,181641
60.7,09-20-2026 18:34:47:237,96162,181667
60.71,09-20-2026 18:34:47:247,96157,181680
60.72,09-20-2026 18:34:47:257,96148,181726
60.73,09-20-2026 18:34:47:267,96156,181754
60.74,09-20-2026 18:34:47:277,96156,181762
60.75,09-20-2026 18:34:47:287,96142,181778
60.76,09-20-2026 18:34:47:297,96135,181832
60.77,09-20-2026 18:34:47:307,96131,181840
60.78,09-20-2026 18:34:47:317,96117,181880
60.79,09-20-2026 18:34:47:327,96123,181898
60.8,09-20-2026 18:34:47:337,96119,181918
60.81,09-20-2026 18:34:47:347,96129,181952
60.82,09-20-2026 18:34:47:357,96111,181988
60.83,09-20-2026 18:34:47:367,96123,181994
60.84,09-20-2026 18:34:47:377,96131,182051
60.85,09-20-2026 18:34:47:387,96134,182051
60.86,09-20-2026 18:34:47:397,96136,182099
60.87,09-20-2026 18:34:47:407,96138,182111
60.88,09-20-2026 18:34:47:417,96144,182144
60.89,09-20-2026 18:34:47:427,96132,182174
60.9,09-20-2026 18:34:47:437,96132,182216
60.91,09-20-2026 18:34:47:447,96146,182251
60.92,09-20-2026 18:34:47:457,96134,182271
60.93,09-20-2026 18:34:47:467,96128,182313
60.94,09-20-2026 18:34:47:477,96135,182333
60.95,09-20-2026 18:34:47:487,96142,182387
60.96,09-20-2026 18:34:47:497,96133,182433
60.97,09-20-2026 18:34:47:507,96136,182445
60.98,09-20-2026 18:34:47:517,96141,182493
60.99,09-20-2026 18:34:47:527,96134,182481
61,09-20-2026 18:34:47:537,96158,182477
61.01,09-20-2026 18:34:47:547,96134,182419
61.02,09-20-2026 18:34:47:557,96149,182347
61.03,09-20-2026 18:34:47:567,96163,182263
61.04,09-20-2026 18:34:47:577,96152,182183
61.05,09-20-2026 18:34:47:587,96160,182095
61.06,09-20-2026 18:34:47:597,96157,182051
61.07,09-20-2026 18:34:47:607,96164,181979
61.08,09-20-2026 18:34:47:617,96172,181955
61.09,09-20-2026 18:34:47:627,96166,181927
61.1,09-20-2026 18:34:47:637,96173,181911
61.11,09-20-2026 18:34:47:647,96186,181885
61.12,09-20-2026 18:34:47:657,96174,181863
61.13,09-20-2026 18:34:47:667,96167,181841
61.14,09-20-2026 18:34:47:677,96191,181835
61.15,09-20-2026 18:34:47:687,96199,181781
61.16,09-20-2026 18:34:47:697,96190,181793
61.17,09-20-2026 18:34:47:707,96196,181751
61.18,09-20-2026 18:34:47:717,96207,181755
61.19,09-20-2026 18:34:47:727,96198,181727
61.2,09-20-2026 18:34:47:737,96198,181711
61.21,09-20-2026 18:34:47:747,96209,181657
61.22,09-20-2026 18:34:47:757,96220,181697
61.23,09-20-2026 18:34:47:767,96212,181663
61.24,09-20-2026 18:34:47:777,96221,181731
61.25,09-20-2026 18:34:47:787,96236,181690
61.26,09-20-2026 18:34:47:797,96226,181739
61.27,09-20-2026 18:34:47:807,96234,181707
61.28,09-20-2026 18:34:47:817,96239,181731
61.29,09-20-2026 18:34:47:827,96231,181677
61.3,09-20-2026 18:34:47:837,96247,181742
61.31,09-20-2026 18:34:47:847,96248,181681
61.32,09-20-2026 18:34:47:857,96242,181759
61.33,09-20-2026 18:34:47:867,96257,181709
61.34,09-20-2026 18:34:47:877,96272,181753
61.35,09-20-2026 18:34:47:887,96272,181719
61.36,09-20-2026 18:34:47:897,96282,181779
61.37,09-20-2026 18:34:47:907,96286,181735
61.38,09-20-2026 18:34:47:917,96294,181813
61.39,09-20-2026 18:34:47:927,96262,181809
61.4,09-20-2026 18:34:47:937,96282,181839
61.41,09-20-2026 18:34:47:947,96286,181833
61.42,09-20-2026 18:34:47:957,96306,181873
61.43,09-20-2026 18:34:47:967,96310,181853
61.44,09-20-2026 18:34:47:977,96315,181901
61.45,09-20-2026 18:34:47:987,96315,181897
61.46,09-20-2026 18:34:47:997,96330,181951
61.47,09-20-2026 18:34:48:007,96329,181965
61.48,09-20-2026 18:34:48:017,96340,181989
61.49,09-20-2026 18:34:48:027,96327,182023
61.5,09-20-2026 18:34:48:037,96352,182041
61.51,09-20-2026 18:34:48:047,96341,182070
61.52,09-20-2026 18:34:48:057,96343,182052
61.53,09-20-2026 18:34:48:067,96330,182094
61.54,09-20-2026 18:34:48:077,96336,182120
61.55,09-20-2026 18:34:48:087,96316,182174
61.56,09-20-2026 18:34:48:097,96304,182178
61.57,09-20-2026 18:34:48:107,96292,182196
61.58,09-20-2026 18:34:48:117,96280,182224
61.59,09-20-2026 18:34:48:127,96278,182262
61.6,09-20-2026 18:34:48:137,96289,182264
61.61,09-20-2026 18:34:48:147,96285,182308
61.62,09-20-2026 18:34:48:157,96276,182310
61.63,09-20-2026 18:34:48:167,96260,182368
61.64,09-20-2026 18:34:48:177,96257,182382
61.65,09-20-2026 18:34:48:187,96260,182416
61.66,09-20-2026 18:34:48:197,96263,182422
61.67,09-20-2026 18:34:48:207,96258,182496
61.68,09-20-2026 18:34:48:217,96260,182480
61.69,09-20-2026 18:34:48:227,96260,182552
61.7,09-20-2026 18:34:48:237,96265,182534
61.71,09-20-2026 18:34:48:247,96251,182611
61.72,09-20-2026 18:34:48:257,96248,182599
61.73,09-20-2026 18:34:48:267,96235,182655
61.74,09-20-2026 18:34:48:277,96248,182629
61.75,09-20-2026 18:34:48:287,96241,182709
61.76,09-20-2026 18:34:48:297,96239,182699
61.77,09-20-2026 18:34:48:307,96241,182727
61.78,09-20-2026 18:34:48:317,96248,182751
61.79,09-20-2026 18:34:48:327,96234,182797
61.8,09-20-2026 18:34:48:337,96264,182803
61.81,09-20-2026 18:34:48:347,96221,182886
61.82,09-20-2026 18:34:48:357,96256,182880
61.83,09-20-2026 18:34:48:367,96221,182934
61.84,09-20-2026 18:34:48:377,96246,182934
61.85,09-20-2026 18:34:48:387,96212,182979
61.86,09-20-2026 18:34:48:397,96246,182994
61.87,09-20-2026 18:34:48:407,96221,183039
61.88,09-20-2026 18:34:48:417,96259,183072
61.89,09-20-2026 18:34:48:427,96221,183111
61.9,09-20-2026 18:34:48:437,96253,183141
61.91,09-20-2026 18:34:48:447,96210,183169
61.92,09-20-2026 18:34:48:457,96252,183165
61.93,09-20-2026 18:34:48:467,96203,183145
61.94,09-20-2026 18:34:48:477,96269,183073
61.95,09-20-2026 18:34:48:487,96198,182989
61.96,09-20-2026 18:34:48:497,96239,182905
61.97,09-20-2026 18:34:48:507,96208,182857
61.98,09-20-2026 18:34:48:517,96272,182785
61.99,09-20-2026 18:34:48:527,96218,182745
62,09-20-2026 18:34:48:537,96271,182709
62.01,09-20-2026 18:34:48:547,96234,182674
62.02,09-20-2026 18:34:48:557,96265,182658
62.03,09-20-2026 18:34:48:567,96262,182635
62.04,09-20-2026 18:34:48:577,96269,182633
62.05,09-20-2026 18:34:48:587,96258,182632
62.06,09-20-2026 18:34:48:597,96283,182606
62.07,09-20-2026 18:34:48:607,96268,182606
62.08,09-20-2026 18:34:48:617,96296,182585
62.09,09-20-2026 18:34:48:627,96277,182558
62.1,09-20-2026 18:34:48:637,96293,182550
62.11,09-20-2026 18:34:48:647,96298,182529
62.12,09-20-2026 18:34:48:657,96305,182509
62.13,09-20-2026 18:34:48:667,96312,182506
62.14,09-20-2026 18:34:48:677,96316,182498
62.15,09-20-2026 18:34:48:687,96306,182518
62.16,09-20-2026 18:34:48:697,96298,182505
62.17,09-20-2026 18:34:48:707,96348,182512
62.18,09-20-2026 18:34:48:717,96316,182547
62.19,09-20-2026 18:34:48:727,96346,182541
62.2,09-20-2026 18:34:48:737,96331,182539
62.21,09-20-2026 18:34:48:747,96353,182536
62.22,09-20-2026 18:34:48:757,96330,182525
62.23,09-20-2026 18:34:48:767,96355,182541
62.24,09-20-2026 18:34:48:777,96332,182552
62.25,09-20-2026 18:34:48:787,96378,182544
62.26,09-20-2026 18:34:48:797,96355,182552
62.27,09-20-2026 18:34:48:807,96380,182548
62.28,09-20-2026 18:34:48:817,96355,182560
62.29,09-20-2026 18:34:48:827,96385,182545
62.3,09-20-2026 18:34:48:837,96377,182550
62.31,09-20-2026 18:34:48:847,96407,182562
62.32,09-20-2026 18:34:48:857,96380,182583
62.33,09-20-2026 18:34:48:867,96421,182595
62.34,09-20-2026 18:34:48:877,96376,182616
62.35,09-20-2026 18:34:48:887,96423,182608
62.36,09-20-2026 18:34:48:897,96390,182618
62.37,09-20-2026 18:34:48:907,96428,182632
62.38,09-20-2026 18:34:48:917,96398,182657
62.39,09-20-2026 18:34:48:927,96409,182669
62.4,09-20-2026 18:34:48:937,96408,182688
62.41,09-20-2026 18:34:48:947,96427,182724
62.42,09-20-2026 18:34:48:957,96403,182710
62.43,09-20-2026 18:34:48:967,96421,182732
62.44,09-20-2026 18:34:48:977,96369,182740
62.45,09-20-2026 18:34:48:987,96396,182772
62.46,09-20-2026 18:34:48:997,96371,182788
62.47,09-20-2026 18:34:49:007,96376,182826
62.48,09-20-2026 18:34:49:017,96344,182842
62.49,09-20-2026 18:34:49:027,96343,182854
62.5,09-20-2026 18:34:49:037,96350,182874
62.51,09-20-2026 18:34:49:047,96348,182902
62.52,09-20-2026 18:34:49:057,96342,182910
62.53,09-20-2026 18:34:49:067,96330,182952
62.54,09-20-2026 18:34:49:077,96331,182952
62.55,09-20-2026 18:34:49:087,96326,182986
62.56,09-20-2026 18:34:49:097,96335,182998
62.57,09-20-2026 18:34:49:107,96337,183036
62.58,09-20-2026 18:34:49:117,96335,183054
62.59,09-20-2026 18:34:49:127,96317,183094
62.6,09-20-2026 18:34:49:137,96317,183102
62.61,09-20-2026 18:34:49:147,96313,183127
62.62,09-20-2026 18:34:49:157,96321,183161
62.63,09-20-2026 18:34:49:167,96317,183177
62.64,09-20-2026 18:34:49:177,96299,183193
62.65,09-20-2026 18:34:49:187,96311,183211
62.66,09-20-2026 18:34:49:197,96304,183245
62.67,09-20-2026 18:34:49:207,96322,183261
62.68,09-20-2026 18:34:49:217,96322,183281
62.69,09-20-2026 18:34:49:227,96306,183327
62.7,09-20-2026 18:34:49:237,96310,183331
62.71,09-20-2026 18:34:49:247,96304,183379
62.72,09-20-2026 18:34:49:257,96319,183381
62.73,09-20-2026 18:34:49:267,96300,183409
62.74,09-20-2026 18:34:49:277,96318,183445
62.75,09-20-2026 18:34:49:287,96306,183471
62.76,09-20-2026 18:34:49:297,96329,183521
62.77,09-20-2026 18:34:49:307,96303,183551
62.78,09-20-2026 18:34:49:317,96315,183573
62.79,09-20-2026 18:34:49:327,96320,183595
62.8,09-20-2026 18:34:49:337,96314,183609
62.81,09-20-2026 18:34:49:347,96325,183600
62.82,09-20-2026 18:34:49:357,96310,183596
62.83,09-20-2026 18:34:49:367,96314,183548
62.84,09-20-2026 18:34:49:377,96329,183480
62.85,09-20-2026 18:34:49:387,96319,183408
62.86,09-20-2026 18:34:49:397,96322,183340
62.87,09-20-2026 18:34:49:407,96320,183264
62.88,09-20-2026 18:34:49:417,96340,183220
62.89,09-20-2026 18:34:49:427,96329,183164
62.9,09-20-2026 18:34:49:437,96331,183140
62.91,09-20-2026 18:34:49:447,96335,183134
62.92,09-20-2026 18:34:49:457,96337,183112
62.93,09-20-2026 18:34:49:467,96342,183110
62.94,09-20-2026 18:34:49:477,96340,183090
62.95,09-20-2026 18:34:49:487,96348,183084
62.96,09-20-2026 18:34:49:497,96362,183062
62.97,09-20-2026 18:34:49:507,96349,183054
62.98,09-20-2026 18:34:49:517,96356,183034
62.99,09-20-2026 18:34:49:527,96355,183012
63,09-20-2026 18:34:49:537,96349,182966
63.01,09-20-2026 18:34:49:547,96362,182992
63.02,09-20-2026 18:34:49:557,96360,182961
63.03,09-20-2026 18:34:49:567,96371,182967
63.04,09-20-2026 18:34:49:577,96366,182938
63.05,09-20-2026 18:34:49:587,96371,182978
63.06,09-20-2026 18:34:49:597,96374,182970
63.07,09-20-2026 18:34:49:607,96384,182999
63.08,09-20-2026 18:34:49:617,96377,182958
63.09,09-20-2026 18:34:49:627,96378,182984
63.1,09-20-2026 18:34:49:637,96379,182957
63.11,09-20-2026 18:34:49:647,96400,182991
63.12,09-20-2026 18:34:49:657,96402,182950
63.13,09-20-2026 18:34:49:667,96401,182973
63.14,09-20-2026 18:34:49:677,96391,182927
63.15,09-20-2026 18:34:49:687,96400,182994
63.16,09-20-2026 18:34:49:697,96403,182934
63.17,09-20-2026 18:34:49:707,96420,182998
63.18,09-20-2026 18:34:49:717,96423,182951
63.19,09-20-2026 18:34:49:727,96423,183017
63.2,09-20-2026 18:34:49:737,96413,183002
63.21,09-20-2026 18:34:49:747,96429,183035
63.22,09-20-2026 18:34:49:757,96426,183029
63.23,09-20-2026 18:34:49:767,96441,183065
63.24,09-20-2026 18:34:49:777,96440,183059
63.25,09-20-2026 18:34:49:787,96434,183081
63.26,09-20-2026 18:34:49:797,96439,183079
63.27,09-20-2026 18:34:49:807,96430,183133
63.28,09-20-2026 18:34:49:817,96430,183125
63.29,09-20-2026 18:34:49:827,96413,183143
63.3,09-20-2026 18:34:49:837,96410,183169
63.31,09-20-2026 18:34:49:847,96392,183195
63.32,09-20-2026 18:34:49:857,96383,183207
63.33,09-20-2026 18:34:49:867,96360,183239
63.34,09-20-2026 18:34:49:877,96360,183257
63.35,09-20-2026 18:34:49:887,96370,183247
63.36,09-20-2026 18:34:49:897,96360,183283
63.37,09-20-2026 18:34:49:907,96360,183285
63.38,09-20-2026 18:34:49:917,96338,183321
63.39,09-20-2026 18:34:49:927,96350,183327
63.4,09-20-2026 18:34:49:937,96353,183343
63.41,09-20-2026 18:34:49:947,96355,183372
63.42,09-20-2026 18:34:49:957,96342,183390
63.43,09-20-2026 18:34:49:967,96349,183420
63.44,09-20-2026 18:34:49:977,96331,183446
63.45,09-20-2026 18:34:49:987,96349,183460
63.46,09-20-2026 18:34:49:997,96330,183494
63.47,09-20-2026 18:34:50:007,96327,183474
63.48,09-20-2026 18:34:50:017,96317,183546
63.49,09-20-2026 18:34:50:027,96329,183530
63.5,09-20-2026 18:34:50:037,96307,183588
63.51,09-20-2026 18:34:50:047,96319,183563
63.52,09-20-2026 18:34:50:057,96316,183631
63.53,09-20-2026 18:34:50:067,96329,183609
63.54,09-20-2026 18:34:50:077,96305,183659
63.55,09-20-2026 18:34:50:087,96313,183669
63.56,09-20-2026 18:34:50:097,96309,183695
63.57,09-20-2026 18:34:50:107,96312,183707
63.58,09-20-2026 18:34:50:117,96295,183743
63.59,09-20-2026 18:34:50:127,96309,183775
63.6,09-20-2026 18:34:50:137,96276,183797
63.61,09-20-2026 18:34:50:147,96304,183821
63.62,09-20-2026 18:34:50:157,96278,183847
63.63,09-20-2026 18:34:50:167,96301,183859
63.64,09-20-2026 18:34:50:177,96283,183919
63.65,09-20-2026 18:34:50:187,96296,183905
63.66,09-20-2026 18:34:50:197,96269,183915
63.67,09-20-2026 18:34:50:207,96303,183875
63.68,09-20-2026 18:34:50:217,96272,183835
63.69,09-20-2026 18:34:50:227,96299,183741
63.7,09-20-2026 18:34:50:237,96263,183669
63.71,09-20-2026 18:34:50:247,96289,183584
63.72,09-20-2026 18:34:50:257,96250,183536
63.73,09-20-2026 18:34:50:267,96310,183455
63.74,09-20-2026 18:34:50:277,96268,183437
63.75,09-20-2026 18:34:50:287,96306,183371
63.76,09-20-2026 18:34:50:297,96290,183362
63.77,09-20-2026 18:34:50:307,96308,183341
63.78,09-20-2026 18:34:50:317,96288,183329
63.79,09-20-2026 18:34:50:327,96311,183329
63.8,09-20-2026 18:34:50:337,96299,183299
63.81,09-20-2026 18:34:50:347,96321,183270
63.82,09-20-2026 18:34:50:357,96293,183272
63.83,09-20-2026 18:34:50:367,96315,183240
63.84,09-20-2026 18:34:50:377,96345,183206
63.85,09-20-2026 18:34:50:387,96321,183176
63.86,09-20-2026 18:34:50:397,96347,183174
63.87,09-20-2026 18:34:50:407,96310,183158
63.88,09-20-2026 18:34:50:417,96336,183134
63.89,09-20-2026 18:34:50:427,96321,183138
63.9,09-20-2026 18:34:50:437,96335,183140
63.91,09-20-2026 18:34:50:447,96338,183140
63.92,09-20-2026 18:34:50:457,96347,183136
63.93,09-20-2026 18:34:50:467,96338,183137
63.94,09-20-2026 18:34:50:477,96342,183126
63.95,09-20-2026 18:34:50:487,96338,183134
63.96,09-20-2026 18:34:50:497,96355,183109
63.97,09-20-2026 18:34:50:507,96345,183102
63.98,09-20-2026 18:34:50:517,96374,183092
63.99,09-20-2026 18:34:50:527,96329,183082
64,09-20-2026 18:34:50:537,96377,183089
64.01,09-20-2026 18:34:50:547,96360,183090
64.02,09-20-2026 18:34:50:557,96403,183080
64.03,09-20-2026 18:34:50:567,96355,183073
64.04,09-20-2026 18:34:50:577,96388,183060
64.05,09-20-2026 18:34:50:587,96364,183068
64.06,09-20-2026 18:34:50:597,96398,183081
64.07,09-20-2026 18:34:50:607,96356,183074
64.08,09-20-2026 18:34:50:617,96385,183091
64.09,09-20-2026 18:34:50:627,96338,183092
64.1,09-20-2026 18:34:50:637,96346,183097
64.11,09-20-2026 18:34:50:647,96323,183111
64.12,09-20-2026 18:34:50:657,96317,183105
64.13,09-20-2026 18:34:50:667,96284,183122
64.14,09-20-2026 18:34:50:677,96296,183128
64.15,09-20-2026 18:34:50:687,96261,183131
64.16,09-20-2026 18:34:50:697,96263,183154
64.17,09-20-2026 18:34:50:707,96260,183155
64.18,09-20-2026 18:34:50:717,96257,183163
64.19,09-20-2026 18:34:50:727,96242,183179
64.2,09-20-2026 18:34:50:737,96239,183201
64.21,09-20-2026 18:34:50:747,96232,183233
64.22,09-20-2026 18:34:50:757,96223,183208
64.23,09-20-2026 18:34:50:767,96221,183240
64.24,09-20-2026 18:34:50:777,96203,183256
64.25,09-20-2026 18:34:50:787,96211,183270
64.26,09-20-2026 18:34:50:797,96216,183272
64.27,09-20-2026 18:34:50:807,96203,183286
64.28,09-20-2026 18:34:50:817,96199,183303
64.29,09-20-2026 18:34:50:827,96180,183308
64.3,09-20-2026 18:34:50:837,96175,183317
64.31,09-20-2026 18:34:50:847,96181,183329
64.32,09-20-2026 18:34:50:857,96181,183351
64.33,09-20-2026 18:34:50:867,96173,183343
64.34,09-20-2026 18:34:50:877,96174,183381
64.35,09-20-2026 18:34:50:887,96169,183381
64.36,09-20-2026 18:34:50:897,96187,183385
64.37,09-20-2026 18:34:50:907,96179,183431
64.38,09-20-2026 18:34:50:917,96160,183443
64.39,09-20-2026 18:34:50:927,96156,183453
64.4,09-20-2026 18:34:50:937,96155,183475
64.41,09-20-2026 18:34:50:947,96138,183505
64.42,09-20-2026 18:34:50:957,96151,183521
64.43,09-20-2026 18:34:50:967,96145,183545
64.44,09-20-2026 18:34:50:977,96145,183573
64.45,09-20-2026 18:34:50:987,96143,183589
64.46,09-20-2026 18:34:50:997,96140,183593
64.47,09-20-2026 18:34:51:007,96153,183575
64.48,09-20-2026 18:34:51:017,96155,183507
64.49,09-20-2026 18:34:51:027,96128,183439
64.5,09-20-2026 18:34:51:037,96139,183359
64.51,09-20-2026 18:34:51:047,96139,183244
64.52,09-20-2026 18:34:51:057,96128,183160
64.53,09-20-2026 18:34:51:067,96144,183084
64.54,09-20-2026 18:34:51:077,96142,183012
64.55,09-20-2026 18:34:51:087,96133,182968
64.56,09-20-2026 18:34:51:097,96131,182920
64.57,09-20-2026 18:34:51:107,96135,182896
64.58,09-20-2026 18:34:51:117,96153,182868
64.59,09-20-2026 18:34:51:127,96142,182812
64.6,09-20-2026 18:34:51:137,96162,182800
64.61,09-20-2026 18:34:51:147,96150,182746
64.62,09-20-2026 18:34:51:157,96138,182722
64.63,09-20-2026 18:34:51:167,96151,182674
64.64,09-20-2026 18:34:51:177,96153,182650
64.65,09-20-2026 18:34:51:187,96155,182602
64.66,09-20-2026 18:34:51:197,96159,182590
64.67,09-20-2026 18:34:51:207,96166,182521
64.68,09-20-2026 18:34:51:217,96154,182521
64.69,09-20-2026 18:34:51:227,96145,182482
64.7,09-20-2026 18:34:51:237,96161,182482
64.71,09-20-2026 18:34:51:247,96158,182486
64.72,09-20-2026 18:34:51:257,96161,182478
64.73,09-20-2026 18:34:51:267,96159,182436
64.74,09-20-2026 18:34:51:277,96184,182452
64.75,09-20-2026 18:34:51:287,96162,182418
64.76,09-20-2026 18:34:51:297,96188,182414
64.77,09-20-2026 18:34:51:307,96190,182374
64.78,09-20-2026 18:34:51:317,96178,182392
64.79,09-20-2026 18:34:51:327,96181,182322
64.8,09-20-2026 18:34:51:337,96185,182362
64.81,09-20-2026 18:34:51:347,96182,182280
64.82,09-20-2026 18:34:51:357,96192,182351
64.83,09-20-2026 18:34:51:367,96195,182283
64.84,09-20-2026 18:34:51:377,96216,182323
64.85,09-20-2026 18:34:51:387,96197,182268
64.86,09-20-2026 18:34:51:397,96188,182329
64.87,09-20-2026 18:34:51:407,96200,182257
64.88,09-20-2026 18:34:51:417,96198,182313
64.89,09-20-2026 18:34:51:427,96212,182250
64.9,09-20-2026 18:34:51:437,96184,182335
64.91,09-20-2026 18:34:51:447,96169,182275
64.92,09-20-2026 18:34:51:457,96159,182355
64.93,09-20-2026 18:34:51:467,96139,182304
64.94,09-20-2026 18:34:51:477,96140,182348
64.95,09-20-2026 18:34:51:487,96104,182321
64.96,09-20-2026 18:34:51:497,96111,182358
64.97,09-20-2026 18:34:51:507,96084,182358
64.98,09-20-2026 18:34:51:517,96077,182381
64.99,09-20-2026 18:34:51:527,96074,182372
65,09-20-2026 18:34:51:537,96065,182390
65.01,09-20-2026 18:34:51:547,96072,182391
65.02,09-20-2026 18:34:51:557,96068,182423
65.03,09-20-2026 18:34:51:567,96061,182437
65.04,09-20-2026 18:34:51:577,96050,182433
65.05,09-20-2026 18:34:51:587,96038,182467
65.06,09-20-2026 18:34:51:597,96033,182485
65.07,09-20-2026 18:34:51:607,96026,182507
65.08,09-20-2026 18:34:51:617,96014,182489
65.09,09-20-2026 18:34:51:627,96017,182529
65.1,09-20-2026 18:34:51:637,95997,182529
65.11,09-20-2026 18:34:51:647,95997,182546
65.12,09-20-2026 18:34:51:657,96000,182564
65.13,09-20-2026 18:34:51:667,95977,182582
65.14,09-20-2026 18:34:51:677,96003,182568
65.15,09-20-2026 18:34:51:687,95986,182608
65.16,09-20-2026 18:34:51:697,95994,182608
65.17,09-20-2026 18:34:51:707,95977,182650
65.18,09-20-2026 18:34:51:717,95979,182636
65.19,09-20-2026 18:34:51:727,95981,182690
65.2,09-20-2026 18:34:51:737,95984,182702
65.21,09-20-2026 18:34:51:747,95978,182748
65.22,09-20-2026 18:34:51:757,95962,182732
65.23,09-20-2026 18:34:51:767,95974,182800
65.24,09-20-2026 18:34:51:777,95973,182784
65.25,09-20-2026 18:34:51:787,95971,182842
65.26,09-20-2026 18:34:51:797,95967,182810
65.27,09-20-2026 18:34:51:807,95962,182872
65.28,09-20-2026 18:34:51:817,95959,182850
65.29,09-20-2026 18:34:51:827,95957,182840
65.3,09-20-2026 18:34:51:837,95963,182766
65.31,09-20-2026 18:34:51:847,95945,182692
65.32,09-20-2026 18:34:51:857,95962,182572
65.33,09-20-2026 18:34:51:867,95939,182494
65.34,09-20-2026 18:34:51:877,95970,182386
65.35,09-20-2026 18:34:51:887,95955,182278
65.36,09-20-2026 18:34:51:897,95980,182200
65.37,09-20-2026 18:34:51:907,95936,182164
65.38,09-20-2026 18:34:51:917,95990,182062
65.39,09-20-2026 18:34:51:927,95953,182026
65.4,09-20-2026 18:34:51:937,95981,181984
65.41,09-20-2026 18:34:51:947,95953,181944
65.42,09-20-2026 18:34:51:957,96001,181926
65.43,09-20-2026 18:34:51:967,95945,181890
65.44,09-20-2026 18:34:51:977,96003,181830
65.45,09-20-2026 18:34:51:987,95950,181806
65.46,09-20-2026 18:34:51:997,96007,181761
65.47,09-20-2026 18:34:52:007,95963,181707
65.48,09-20-2026 18:34:52:017,95993,181671
65.49,09-20-2026 18:34:52:027,95944,181656
65.5,09-20-2026 18:34:52:037,96006,181614
65.51,09-20-2026 18:34:52:047,95995,181583
65.52,09-20-2026 18:34:52:057,96021,181579
65.53,09-20-2026 18:34:52:067,95983,181586
65.54,09-20-2026 18:34:52:077,96010,181572
65.55,09-20-2026 18:34:52:087,95999,181563
65.56,09-20-2026 18:34:52:097,96016,181559
65.57,09-20-2026 18:34:52:107,96009,181551
65.58,09-20-2026 18:34:52:117,96010,181529
65.59,09-20-2026 18:34:52:127,96019,181505
65.6,09-20-2026 18:34:52:137,96039,181490
65.61,09-20-2026 18:34:52:147,96049,181499
65.62,09-20-2026 18:34:52:157,96042,181472
65.63,09-20-2026 18:34:52:167,96073,181466
65.64,09-20-2026 18:34:52:177,96060,181443
65.65,09-20-2026 18:34:52:187,96064,181452
65.66,09-20-2026 18:34:52:197,96062,181438
65.67,09-20-2026 18:34:52:207,96068,181449
65.68,09-20-2026 18:34:52:217,96067,181443
65.69,09-20-2026 18:34:52:227,96082,181445
65.7,09-20-2026 18:34:52:237,96065,181460
65.71,09-20-2026 18:34:52:247,96093,181457
65.72,09-20-2026 18:34:52:257,96055,181470
65.73,09-20-2026 18:34:52:267,96079,181482
65.74,09-20-2026 18:34:52:277,96041,181488
65.75,09-20-2026 18:34:52:287,96031,181488
65.76,09-20-2026 18:34:52:297,95995,181520
65.77,09-20-2026 18:34:52:307,96015,181519
65.78,09-20-2026 18:34:52:317,95975,181540
65.79,09-20-2026 18:34:52:327,96001,181550
65.8,09-20-2026 18:34:52:337,95943,181550
65.81,09-20-2026 18:34:52:347,95982,181587
65.82,09-20-2026 18:34:52:357,95946,181588
65.83,09-20-2026 18:34:52:367,95967,181619
65.84,09-20-2026 18:34:52:377,95932,181608
65.85,09-20-2026 18:34:52:387,95960,181642
65.86,09-20-2026 18:34:52:397,95932,181644
65.87,09-20-2026 18:34:52:407,95923,181689
65.88,09-20-2026 18:34:52:417,95923,181691
65.89,09-20-2026 18:34:52:427,95926,181693
65.9,09-20-2026 18:34:52:437,95881,181713
65.91,09-20-2026 18:34:52:447,95915,181734
65.92,09-20-2026 18:34:52:457,95884,181748
65.93,09-20-2026 18:34:52:467,95926,181776
65.94,09-20-2026 18:34:52:477,95894,181772
65.95,09-20-2026 18:34:52:487,95914,181806
65.96,09-20-2026 18:34:52:497,95898,181810
65.97,09-20-2026 18:34:52:507,95901,181836
65.98,09-20-2026 18:34:52:517,95883,181856
65.99,09-20-2026 18:34:52:527,95889,181884
66,09-20-2026 18:34:52:537,95896,181884
66.01,09-20-2026 18:34:52:547,95881,181921
66.02,09-20-2026 18:34:52:557,95888,181951
66.03,09-20-2026 18:34:52:567,95869,181977
66.04,09-20-2026 18:34:52:577,95873,181985
66.05,09-20-2026 18:34:52:587,95886,182031
66.06,09-20-2026 18:34:52:597,95884,182049
66.07,09-20-2026 18:34:52:607,95884,182073
66.08,09-20-2026 18:34:52:617,95867,182115
66.09,09-20-2026 18:34:52:627,95880,182135
66.1,09-20-2026 18:34:52:637,95890,182131
66.11,09-20-2026 18:34:52:647,95889,182108
66.12,09-20-2026 18:34:52:657,95877,182042
66.13,09-20-2026 18:34:52:667,95898,181958
66.14,09-20-2026 18:34:52:677,95901,181856
66.15,09-20-2026 18:34:52:687,95913,181754
66.16,09-20-2026 18:34:52:697,95899,181646
66.17,09-20-2026 18:34:52:707,95902,181544
66.18,09-20-2026 18:34:52:717,95904,181484
66.19,09-20-2026 18:34:52:727,95908,181424
66.2,09-20-2026 18:34:52:737,95923,181388
66.21,09-20-2026 18:34:52:747,95916,181363
66.22,09-20-2026 18:34:52:757,95932,181318
66.23,09-20-2026 18:34:52:767,95928,181285
66.24,09-20-2026 18:34:52:777,95937,181246
66.25,09-20-2026 18:34:52:787,95925,181225
66.26,09-20-2026 18:34:52:797,95932,181186
66.27,09-20-2026 18:34:52:807,95952,181174
66.28,09-20-2026 18:34:52:817,95951,181123
66.29,09-20-2026 18:34:52:827,95949,181117
66.3,09-20-2026 18:34:52:837,95960,181060
66.31,09-20-2026 18:34:52:847,95943,181026
66.32,09-20-2026 18:34:52:857,95961,180995
66.33,09-20-2026 18:34:52:867,95957,181000
66.34,09-20-2026 18:34:52:877,95953,180994
66.35,09-20-2026 18:34:52:887,95973,181013
66.36,09-20-2026 18:34:52:897,95972,181015
66.37,09-20-2026 18:34:52:907,95971,181019
66.38,09-20-2026 18:34:52:917,95980,181008
66.39,09-20-2026 18:34:52:927,95996,181001
66.4,09-20-2026 18:34:52:937,95975,180991
66.41,09-20-2026 18:34:52:947,95981,181006
66.42,09-20-2026 18:34:52:957,95982,181006
66.43,09-20-2026 18:34:52:967,95985,180962
66.44,09-20-2026 18:34:52:977,96006,180971
66.45,09-20-2026 18:34:52:987,96017,180996
66.46,09-20-2026 18:34:52:997,96012,180985
66.47,09-20-2026 18:34:53:007,96005,180985
66.48,09-20-2026 18:34:53:017,96017,180975
66.49,09-20-2026 18:34:53:027,96031,181000
66.5,09-20-2026 18:34:53:037,96027,181015
66.51,09-20-2026 18:34:53:047,96050,181041
66.52,09-20-2026 18:34:53:057,96049,181030
66.53,09-20-2026 18:34:53:067,96048,181055
66.54,09-20-2026 18:34:53:077,96039,181043
66.55,09-20-2026 18:34:53:087,96027,181088
66.56,09-20-2026 18:34:53:097,96015,181086
66.57,09-20-2026 18:34:53:107,96016,181115
66.58,09-20-2026 18:34:53:117,96004,181103
66.59,09-20-2026 18:34:53:127,95976,181156
66.6,09-20-2026 18:34:53:137,95971,181135
66.61,09-20-2026 18:34:53:147,95940,181187
66.62,09-20-2026 18:34:53:157,95943,181171
66.63,09-20-2026 18:34:53:167,95937,181235
66.64,09-20-2026 18:34:53:177,95932,181215
66.65,09-20-2026 18:34:53:187,95929,181267
66.66,09-20-2026 18:34:53:197,95934,181241
66.67,09-20-2026 18:34:53:207,95919,181337
66.68,09-20-2026 18:34:53:217,95915,181291
66.69,09-20-2026 18:34:53:227,95894,181363
66.7,09-20-2026 18:34:53:237,95917,181339
66.71,09-20-2026 18:34:53:247,95901,181431
66.72,09-20-2026 18:34:53:257,95891,181399
66.73,09-20-2026 18:34:53:267,95886,181479
66.74,09-20-2026 18:34:53:277,95892,181457
66.75,09-20-2026 18:34:53:287,95891,181501
66.76,09-20-2026 18:34:53:297,95883,181499
66.77,09-20-2026 18:34:53:307,95903,181581
66.78,09-20-2026 18:34:53:317,95896,181561
66.79,09-20-2026 18:34:53:327,95897,181611
66.8,09-20-2026 18:34:53:337,95883,181629
66.81,09-20-2026 18:34:53:347,95894,181650
66.82,09-20-2026 18:34:53:357,95884,181686
66.83,09-20-2026 18:34:53:367,95897,181716
66.84,09-20-2026 18:34:53:377,95893,181740
66.85,09-20-2026 18:34:53:387,95893,181758
66.86,09-20-2026 18:34:53:397,95910,181803
66.87,09-20-2026 18:34:53:407,95887,181818
66.88,09-20-2026 18:34:53:417,95900,181860
66.89,09-20-2026 18:34:53:427,95900,181899
66.9,09-20-2026 18:34:53:437,95902,181926
66.91,09-20-2026 18:34:53:447,95904,181941
66.92,09-20-2026 18:34:53:457,95911,181993
66.93,09-20-2026 18:34:53:467,95908,181989
66.94,09-20-2026 18:34:53:477,95904,181981
66.95,09-20-2026 18:34:53:487,95899,181905
66.96,09-20-2026 18:34:53:497,95910,181841
66.97,09-20-2026 18:34:53:507,95896,181745
66.98,09-20-2026 18:34:53:517,95908,181689
66.99,09-20-2026 18:34:53:527,95917,181557
67,09-20-2026 18:34:53:537,95916,181513
67.01,09-20-2026 18:34:53:547,95917,181414
67.02,09-20-2026 18:34:53:557,95911,181408
67.03,09-20-2026 18:34:53:567,95942,181320
67.04,09-20-2026 18:34:53:577,95921,181318
67.05,09-20-2026 18:34:53:587,95945,181268
67.06,09-20-2026 18:34:53:597,95945,181292
67.07,09-20-2026 18:34:53:607,95945,181236
67.08,09-20-2026 18:34:53:617,95935,181206
67.09,09-20-2026 18:34:53:627,95969,181178
67.1,09-20-2026 18:34:53:637,95942,181180
67.11,09-20-2026 18:34:53:647,95958,181122
67.12,09-20-2026 18:34:53:657,95948,181133
67.13,09-20-2026 18:34:53:667,95972,181072
67.14,09-20-2026 18:34:53:677,95953,181079
67.15,09-20-2026 18:34:53:687,95988,181026
67.16,09-20-2026 18:34:53:697,95971,181018
67.17,09-20-2026 18:34:53:707,95993,181052
67.18,09-20-2026 18:34:53:717,95965,181054
67.19,09-20-2026 18:34:53:727,96010,181060
67.2,09-20-2026 18:34:53:737,95981,181084
67.21,09-20-2026 18:34:53:747,96015,181065
67.22,09-20-2026 18:34:53:757,95959,181056
67.23,09-20-2026 18:34:53:767,96029,181082
67.24,09-20-2026 18:34:53:777,95971,181074
67.25,09-20-2026 18:34:53:787,96020,181086
67.26,09-20-2026 18:34:53:797,95997,181076
67.27,09-20-2026 18:34:53:807,96049,181086
67.28,09-20-2026 18:34:53:817,95996,181064
67.29,09-20-2026 18:34:53:827,96042,181091
67.3,09-20-2026 18:34:53:837,96018,181095
67.31,09-20-2026 18:34:53:847,96051,181115
67.32,09-20-2026 18:34:53:857,96047,181113
67.33,09-20-2026 18:34:53:867,96068,181139
67.34,09-20-2026 18:34:53:877,96048,181155
67.35,09-20-2026 18:34:53:887,96069,181163
67.36,09-20-2026 18:34:53:897,96059,181189
67.37,09-20-2026 18:34:53:907,96075,181207
67.38,09-20-2026 18:34:53:917,96067,181201
67.39,09-20-2026 18:34:53:927,96093,181231
67.4,09-20-2026 18:34:53:937,96051,181249
67.41,09-20-2026 18:34:53:947,96046,181291
67.42,09-20-2026 18:34:53:957,96043,181295
67.43,09-20-2026 18:34:53:967,96020,181319
67.44,09-20-2026 18:34:53:977,96016,181331
67.45,09-20-2026 18:34:53:987,96005,181365
67.46,09-20-2026 18:34:53:997,96008,181389
67.47,09-20-2026 18:34:54:007,95988,181427
67.48,09-20-2026 18:34:54:017,96012,181451
67.49,09-20-2026 18:34:54:027,96003,181489
67.5,09-20-2026 18:34:54:037,95993,181511
67.51,09-20-2026 18:34:54:047,95982,181539
67.52,09-20-2026 18:34:54:057,96004,181555
67.53,09-20-2026 18:34:54:067,95981,181585
67.54,09-20-2026 18:34:54:077,96012,181631
67.55,09-20-2026 18:34:54:087,95990,181635
67.56,09-20-2026 18:34:54:097,96000,181657
67.57,09-20-2026 18:34:54:107,95980,181699
67.58,09-20-2026 18:34:54:117,95995,181713
67.59,09-20-2026 18:34:54:127,95984,181741
67.6,09-20-2026 18:34:54:137,96002,181765
67.61,09-20-2026 18:34:54:147,95982,181804
67.62,09-20-2026 18:34:54:157,96026,181831
67.63,09-20-2026 18:34:54:167,95984,181840
67.64,09-20-2026 18:34:54:177,96005,181873
67.65,09-20-2026 18:34:54:187,95985,181909
67.66,09-20-2026 18:34:54:197,96021,181933
67.67,09-20-2026 18:34:54:207,95995,181960
67.68,09-20-2026 18:34:54:217,96003,182008
67.69,09-20-2026 18:34:54:227,95994,182038
67.7,09-20-2026 18:34:54:237,96031,182068
67.71,09-20-2026 18:34:54:247,95976,182107
67.72,09-20-2026 18:34:54:257,96034,182145
67.73,09-20-2026 18:34:54:267,95999,182175
67.74,09-20-2026 18:34:54:277,96024,182217
67.75,09-20-2026 18:34:54:287,96003,182231
67.76,09-20-2026 18:34:54:297,96011,182279
67.77,09-20-2026 18:34:54:307,96010,182281
67.78,09-20-2026 18:34:54:317,96017,182257
67.79,09-20-2026 18:34:54:327,96005,182183
67.8,09-20-2026 18:34:54:337,96037,182125
67.81,09-20-2026 18:34:54:347,96009,182056
67.82,09-20-2026 18:34:54:357,96042,181963
67.83,09-20-2026 18:34:54:367,96015,181921
67.84,09-20-2026 18:34:54:377,96028,181846
67.85,09-20-2026 18:34:54:387,96018,181795
67.86,09-20-2026 18:34:54:397,96038,181774
67.87,09-20-2026 18:34:54:407,96032,181756
67.88,09-20-2026 18:34:54:417,96028,181735
67.89,09-20-2026 18:34:54:427,96038,181729
67.9,09-20-2026 18:34:54:437,96049,181738
67.91,09-20-2026 18:34:54:447,96050,181697
67.92,09-20-2026 18:34:54:457,96033,181672
67.93,09-20-2026 18:34:54:467,96051,181662
67.94,09-20-2026 18:34:54:477,96080,181656
67.95,09-20-2026 18:34:54:487,96061,181635
67.96,09-20-2026 18:34:54:497,96036,181636
67.97,09-20-2026 18:34:54:507,96058,181615
67.98,09-20-2026 18:34:54:517,96062,181592
67.99,09-20-2026 18:34:54:527,96080,181594
68,09-20-2026 18:34:54:537,96080,181604
68.01,09-20-2026 18:34:54:547,96085,181630
68.02,09-20-2026 18:34:54:557,96086,181640
68.03,09-20-2026 18:34:54:567,96084,181661
68.04,09-20-2026 18:34:54:577,96078,181672
68.05,09-20-2026 18:34:54:587,96080,181666
68.06,09-20-2026 18:34:54:597,96095,181679
68.07,09-20-2026 18:34:54:607,96110,181677
68.08,09-20-2026 18:34:54:617,96107,181671
68.09,09-20-2026 18:34:54:627,96121,181684
68.1,09-20-2026 18:34:54:637,96110,181686
68.11,09-20-2026 18:34:54:647,96136,181688
68.12,09-20-2026 18:34:54:657,96121,181694
68.13,09-20-2026 18:34:54:667,96138,181687
68.14,09-20-2026 18:34:54:677,96118,181712
68.15,09-20-2026 18:34:54:687,96140,181718
68.16,09-20-2026 18:34:54:697,96139,181720
68.17,09-20-2026 18:34:54:707,96157,181752
68.18,09-20-2026 18:34:54:717,96155,181768
68.19,09-20-2026 18:34:54:727,96139,181797
68.2,09-20-2026 18:34:54:737,96118,181802
68.21,09-20-2026 18:34:54:747,96127,181816
68.22,09-20-2026 18:34:54:757,96114,181846
68.23,09-20-2026 18:34:54:767,96114,181856
68.24,09-20-2026 18:34:54:777,96096,181858
68.25,09-20-2026 18:34:54:787,96095,181910
68.26,09-20-2026 18:34:54:797,96078,181910
68.27,09-20-2026 18:34:54:807,96073,181946
68.28,09-20-2026 18:34:54:817,96081,181980
68.29,09-20-2026 18:34:54:827,96074,181978
68.3,09-20-2026 18:34:54:837,96078,182018
68.31,09-20-2026 18:34:54:847,96076,182046
68.32,09-20-2026 18:34:54:857,96076,182074
68.33,09-20-2026 18:34:54:867,96072,182094
68.34,09-20-2026 18:34:54:877,96083,182122
68.35,09-20-2026 18:34:54:887,96075,182154
68.36,09-20-2026 18:34:54:897,96062,182186
68.37,09-20-2026 18:34:54:907,96051,182160
68.38,09-20-2026 18:34:54:917,96056,182228
68.39,09-20-2026 18:34:54:927,96058,182246
68.4,09-20-2026 18:34:54:937,96061,182246
68.41,09-20-2026 18:34:54:947,96068,182273
68.42,09-20-2026 18:34:54:957,96069,182283
68.43,09-20-2026 18:34:54:967,96065,182319
68.44,09-20-2026 18:34:54:977,96083,182319
68.45,09-20-2026 18:34:54:987,96071,182361
68.46,09-20-2026 18:34:54:997,96080,182363
68.47,09-20-2026 18:34:55:007,96080,182443
68.48,09-20-2026 18:34:55:017,96080,182425
68.49,09-20-2026 18:34:55:027,96093,182487
68.5,09-20-2026 18:34:55:037,96067,182467
68.51,09-20-2026 18:34:55:047,96064,182535
68.52,09-20-2026 18:34:55:057,96061,182539
68.53,09-20-2026 18:34:55:067,96085,182609
68.54,09-20-2026 18:34:55:077,96083,182591
68.55,09-20-2026 18:34:55:087,96072,182661
68.56,09-20-2026 18:34:55:097,96085,182655
68.57,09-20-2026 18:34:55:107,96081,182733
68.58,09-20-2026 18:34:55:117,96083,182643
68.59,09-20-2026 18:34:55:127,96087,182657
68.6,09-20-2026 18:34:55:137,96092,182547
68.61,09-20-2026 18:34:55:147,96094,182538
68.62,09-20-2026 18:34:55:157,96102,182406
68.63,09-20-2026 18:34:55:167,96116,182403
68.64,09-20-2026 18:34:55:177,96107,182277
68.65,09-20-2026 18:34:55:187,96110,182319
68.66,09-20-2026 18:34:55:197,96104,182217
68.67,09-20-2026 18:34:55:207,96112,182259
68.68,09-20-2026 18:34:55:217,96118,182199
68.69,09-20-2026 18:34:55:227,96117,182265
68.7,09-20-2026 18:34:55:237,96121,182178
68.71,09-20-2026 18:34:55:247,96116,182226
68.72,09-20-2026 18:34:55:257,96129,182180
68.73,09-20-2026 18:34:55:267,96153,182207
68.74,09-20-2026 18:34:55:277,96146,182152
68.75,09-20-2026 18:34:55:287,96129,182160
68.76,09-20-2026 18:34:55:297,96161,182131
68.77,09-20-2026 18:34:55:307,96152,182152
68.78,09-20-2026 18:34:55:317,96166,182134
68.79,09-20-2026 18:34:55:327,96155,182148
68.8,09-20-2026 18:34:55:337,96175,182125
68.81,09-20-2026 18:34:55:347,96164,182165
68.82,09-20-2026 18:34:55:357,96177,182144
68.83,09-20-2026 18:34:55:367,96163,182210
68.84,09-20-2026 18:34:55:377,96168,182201
68.85,09-20-2026 18:34:55:387,96187,182224
68.86,09-20-2026 18:34:55:397,96183,182228
68.87,09-20-2026 18:34:55:407,96188,182211
68.88,09-20-2026 18:34:55:417,96209,182217
68.89,09-20-2026 18:34:55:427,96212,182224
68.9,09-20-2026 18:34:55:437,96213,182252
68.91,09-20-2026 18:34:55:447,96216,182249
68.92,09-20-2026 18:34:55:457,96206,182263
68.93,09-20-2026 18:34:55:467,96212,182267
68.94,09-20-2026 18:34:55:477,96218,182291
68.95,09-20-2026 18:34:55:487,96234,182289
68.96,09-20-2026 18:34:55:497,96237,182333
68.97,09-20-2026 18:34:55:507,96251,182315
68.98,09-20-2026 18:34:55:517,96247,182353
68.99,09-20-2026 18:34:55:527,96235,182359
69,09-20-2026 18:34:55:537,96229,182401
69.01,09-20-2026 18:34:55:547,96231,182389
69.02,09-20-2026 18:34:55:557,96211,182431
69.03,09-20-2026 18:34:55:567,96202,182417
69.04,09-20-2026 18:34:55:577,96195,182483
69.05,09-20-2026 18:34:55:587,96181,182487
69.06,09-20-2026 18:34:55:597,96175,182527
69.07,09-20-2026 18:34:55:607,96182,182511
69.08,09-20-2026 18:34:55:617,96178,182559
69.09,09-20-2026 18:34:55:627,96174,182563
69.1,09-20-2026 18:34:55:637,96165,182611
69.11,09-20-2026 18:34:55:647,96182,182599
69.12,09-20-2026 18:34:55:657,96168,182680
69.13,09-20-2026 18:34:55:667,96166,182686
69.14,09-20-2026 18:34:55:677,96156,182716
69.15,09-20-2026 18:34:55:687,96165,182707
69.16,09-20-2026 18:34:55:697,96148,182755
69.17,09-20-2026 18:34:55:707,96168,182752
69.18,09-20-2026 18:34:55:717,96147,182803
69.19,09-20-2026 18:34:55:727,96153,182809
69.2,09-20-2026 18:34:55:737,96132,182863
69.21,09-20-2026 18:34:55:747,96162,182873
69.22,09-20-2026 18:34:55:757,96147,182918
69.23,09-20-2026 18:34:55:767,96157,182900
69.24,09-20-2026 18:34:55:777,96156,182945
69.25,09-20-2026 18:34:55:787,96139,182960
69.26,09-20-2026 18:34:55:797,96147,183002
69.27,09-20-2026 18:34:55:807,96163,183017
69.28,09-20-2026 18:34:55:817,96148,183062
69.29,09-20-2026 18:34:55:827,96159,183071
69.3,09-20-2026 18:34:55:837,96139,183131
69.31,09-20-2026 18:34:55:847,96163,183136
69.32,09-20-2026 18:34:55:857,96131,183178
69.33,09-20-2026 18:34:55:867,96152,183214
69.34,09-20-2026 18:34:55:877,96135,183230
69.35,09-20-2026 18:34:55:887,96169,183266
69.36,09-20-2026 18:34:55:897,96145,183288
69.37,09-20-2026 18:34:55:907,96167,183302
69.38,09-20-2026 18:34:55:917,96138,183330
69.39,09-20-2026 18:34:55:927,96167,183310
69.4,09-20-2026 18:34:55:937,96144,183266
69.41,09-20-2026 18:34:55:947,96175,183193
69.42,09-20-2026 18:34:55:957,96151,183142
69.43,09-20-2026 18:34:55:967,96198,183061
69.44,09-20-2026 18:34:55:977,96148,183001
69.45,09-20-2026 18:34:55:987,96186,182953
69.46,09-20-2026 18:34:55:997,96142,182914
69.47,09-20-2026 18:34:56:007,96197,182896
69.48,09-20-2026 18:34:56:017,96158,182881
69.49,09-20-2026 18:34:56:027,96206,182860
69.5,09-20-2026 18:34:56:037,96141,182839
69.51,09-20-2026 18:34:56:047,96204,182848
69.52,09-20-2026 18:34:56:057,96156,182826
69.53,09-20-2026 18:34:56:067,96214,182818
69.54,09-20-2026 18:34:56:077,96157,182814
69.55,09-20-2026 18:34:56:087,96211,182797
69.56,09-20-2026 18:34:56:097,96179,182784
69.57,09-20-2026 18:34:56:107,96221,182745
69.58,09-20-2026 18:34:56:117,96197,182748
69.59,09-20-2026 18:34:56:127,96230,182743
69.6,09-20-2026 18:34:56:137,96221,182730
69.61,09-20-2026 18:34:56:147,96239,182737
69.62,09-20-2026 18:34:56:157,96210,182781
69.63,09-20-2026 18:34:56:167,96249,182779
69.64,09-20-2026 18:34:56:177,96222,182780
69.65,09-20-2026 18:34:56:187,96250,182776
69.66,09-20-2026 18:34:56:197,96227,182792
69.67,09-20-2026 18:34:56:207,96253,182790
69.68,09-20-2026 18:34:56:217,96255,182790
69.69,09-20-2026 18:34:56:227,96262,182792
69.7,09-20-2026 18:34:56:237,96265,182780
69.71,09-20-2026 18:34:56:247,96269,182795
69.72,09-20-2026 18:34:56:257,96285,182794
69.73,09-20-2026 18:34:56:267,96284,182797
69.74,09-20-2026 18:34:56:277,96299,182822
69.75,09-20-2026 18:34:56:287,96303,182833
69.76,09-20-2026 18:34:56:297,96312,182821
69.77,09-20-2026 18:34:56:307,96306,182841
69.78,09-20-2026 18:34:56:317,96328,182855
69.79,09-20-2026 18:34:56:327,96309,182885
69.8,09-20-2026 18:34:56:337,96317,182882
69.81,09-20-2026 18:34:56:347,96308,182888
69.82,09-20-2026 18:34:56:357,96309,182928
69.83,09-20-2026 18:34:56:367,96278,182932
69.84,09-20-2026 18:34:56:377,96299,182950
69.85,09-20-2026 18:34:56:387,96246,182944
69.86,09-20-2026 18:34:56:397,96271,182976
69.87,09-20-2026 18:34:56:407,96237,182986
69.88,09-20-2026 18:34:56:417,96262,183014
69.89,09-20-2026 18:34:56:427,96231,183034
69.9,09-20-2026 18:34:56:437,96259,183054
69.91,09-20-2026 18:34:56:447,96227,183079
69.92,09-20-2026 18:34:56:457,96241,183089
69.93,09-20-2026 18:34:56:467,96211,183125
69.94,09-20-2026 18:34:56:477,96238,183143
69.95,09-20-2026 18:34:56:487,96218,183167
69.96,09-20-2026 18:34:56:497,96235,183175
69.97,09-20-2026 18:34:56:507,96207,183219
69.98,09-20-2026 18:34:56:517,96247,183237
69.99,09-20-2026 18:34:56:527,96181,183251
70,09-20-2026 18:34:56:537,96243,183287
70.01,09-20-2026 18:34:56:547,96186,183289
70.02,09-20-2026 18:34:56:557,96231,183313
70.03,09-20-2026 18:34:56:567,96199,183343
70.04,09-20-2026 18:34:56:577,96235,183361
70.05,09-20-2026 18:34:56:587,96201,183381
70.06,09-20-2026 18:34:56:597,96210,183379
70.07,09-20-2026 18:34:56:607,96194,183417
70.08,09-20-2026 18:34:56:617,96197,183429
70.09,09-20-2026 18:34:56:627,96182,183485
70.1,09-20-2026 18:34:56:637,96210,183499
70.11,09-20-2026 18:34:56:647,96200,183523
70.12,09-20-2026 18:34:56:657,96200,183559
70.13,09-20-2026 18:34:56:667,96183,183579
70.14,09-20-2026 18:34:56:677,96208,183607
70.15,09-20-2026 18:34:56:687,96173,183645
70.16,09-20-2026 18:34:56:697,96201,183651
70.17,09-20-2026 18:34:56:707,96178,183693
70.18,09-20-2026 18:34:56:717,96165,183709
70.19,09-20-2026 18:34:56:727,96165,183725
70.2,09-20-2026 18:34:56:737,96170,183697
70.21,09-20-2026 18:34:56:747,96195,183655
70.22,09-20-2026 18:34:56:757,96187,183599
70.23,09-20-2026 18:34:56:767,96186,183515
70.24,09-20-2026 18:34:56:777,96186,183451
70.25,09-20-2026 18:34:56:787,96194,183379
70.26,09-20-2026 18:34:56:797,96191,183299
70.27,09-20-2026 18:34:56:807,96182,183267
70.28,09-20-2026 18:34:56:817,96192,183219
70.29,09-20-2026 18:34:56:827,96194,183219
70.3,09-20-2026 18:34:56:837,96186,183195
70.31,09-20-2026 18:34:56:847,96199,183173
70.32,09-20-2026 18:34:56:857,96203,183163
70.33,09-20-2026 18:34:56:867,96202,183121
70.34,09-20-2026 18:34:56:877,96209,183119
70.35,09-20-2026 18:34:56:887,96201,183103
70.36,09-20-2026 18:34:56:897,96216,183075
70.37,09-20-2026 18:34:56:907,96210,183069
70.38,09-20-2026 18:34:56:917,96205,183041
70.39,09-20-2026 18:34:56:927,96201,183031
70.4,09-20-2026 18:34:56:937,96227,183001
70.41,09-20-2026 18:34:56:947,96201,182979
70.42,09-20-2026 18:34:56:957,96208,182997
70.43,09-20-2026 18:34:56:967,96220,183016
70.44,09-20-2026 18:34:56:977,96231,183001
70.45,09-20-2026 18:34:56:987,96227,182993
70.46,09-20-2026 18:34:56:997,96240,183019
70.47,09-20-2026 18:34:57:007,96238,183007
70.48,09-20-2026 18:34:57:017,96243,182981
70.49,09-20-2026 18:34:57:027,96255,182993
70.5,09-20-2026 18:34:57:037,96243,182989
70.51,09-20-2026 18:34:57:047,96234,182984
70.52,09-20-2026 18:34:57:057,96246,182984
70.53,09-20-2026 18:34:57:067,96239,182974
70.54,09-20-2026 18:34:57:077,96249,182966
70.55,09-20-2026 18:34:57:087,96245,182954
70.56,09-20-2026 18:34:57:097,96262,182959
70.57,09-20-2026 18:34:57:107,96265,182948
70.58,09-20-2026 18:34:57:117,96274,182972
70.59,09-20-2026 18:34:57:127,96262,182980
70.6,09-20-2026 18:34:57:137,96252,183002
70.61,09-20-2026 18:34:57:147,96241,183001
70.62,09-20-2026 18:34:57:157,96239,183007
70.63,09-20-2026 18:34:57:167,96227,183016
70.64,09-20-2026 18:34:57:177,96202,183046
70.65,09-20-2026 18:34:57:187,96188,183030
70.66,09-20-2026 18:34:57:197,96196,183046
70.67,09-20-2026 18:34:57:207,96166,183036
70.68,09-20-2026 18:34:57:217,96165,183071
70.69,09-20-2026 18:34:57:227,96172,183067
70.7,09-20-2026 18:34:57:237,96159,183103
70.71,09-20-2026 18:34:57:247,96157,183089
70.72,09-20-2026 18:34:57:257,96148,183123
70.73,09-20-2026 18:34:57:267,96148,183117
70.74,09-20-2026 18:34:57:277,96113,183151
70.75,09-20-2026 18:34:57:287,96132,183161
70.76,09-20-2026 18:34:57:297,96128,183195
70.77,09-20-2026 18:34:57:307,96114,183175
70.78,09-20-2026 18:34:57:317,96120,183197
70.79,09-20-2026 18:34:57:327,96102,183205
70.8,09-20-2026 18:34:57:337,96089,183249
70.81,09-20-2026 18:34:57:347,96096,183223
70.82,09-20-2026 18:34:57:357,96093,183273
70.83,09-20-2026 18:34:57:367,96106,183229
70.84,09-20-2026 18:34:57:377,96111,183317
70.85,09-20-2026 18:34:57:387,96099,183287
70.86,09-20-2026 18:34:57:397,96086,183341
70.87,09-20-2026 18:34:57:407,96098,183321
70.88,09-20-2026 18:34:57:417,96087,183389
70.89,09-20-2026 18:34:57:427,96095,183351
70.9,09-20-2026 18:34:57:437,96099,183435
70.91,09-20-2026 18:34:57:447,96070,183383
70.92,09-20-2026 18:34:57:457,96087,183467
70.93,09-20-2026 18:34:57:467,96085,183459
70.94,09-20-2026 18:34:57:477,96079,183519
70.95,09-20-2026 18:34:57:487,96084,183493
70.96,09-20-2026 18:34:57:497,96063,183567
70.97,09-20-2026 18:34:57:507,96075,183557
70.98,09-20-2026 18:34:57:517,96076,183605
70.99,09-20-2026 18:34:57:527,96065,183537
71,09-20-2026 18:34:57:537,96061,183557
71.01,09-20-2026 18:34:57:547,96082,183463
71.02,09-20-2026 18:34:57:557,96080,183443
71.03,09-20-2026 18:34:57:567,96072,183328
71.04,09-20-2026 18:34:57:577,96064,183258
71.05,09-20-2026 18:34:57:587,96076,183143
71.06,09-20-2026 18:34:57:597,96081,183098
71.07,09-20-2026 18:34:57:607,96073,183003
71.08,09-20-2026 18:34:57:617,96075,183008
71.09,09-20-2026 18:34:57:627,96082,182958
71.1,09-20-2026 18:34:57:637,96062,182943
71.11,09-20-2026 18:34:57:647,96087,182876
71.12,09-20-2026 18:34:57:657,96093,182864
71.13,09-20-2026 18:34:57:667,96091,182828
71.14,09-20-2026 18:34:57:677,96081,182808
71.15,09-20-2026 18:34:57:687,96077,182780
71.16,09-20-2026 18:34:57:697,96079,182740
71.17,09-20-2026 18:34:57:707,96097,182710
71.18,09-20-2026 18:34:57:717,96085,182680
71.19,09-20-2026 18:34:57:727,96077,182644
71.2,09-20-2026 18:34:57:737,96076,182622
71.21,09-20-2026 18:34:57:747,96078,182610
71.22,09-20-2026 18:34:57:757,96076,182600
71.23,09-20-2026 18:34:57:767,96089,182595
71.24,09-20-2026 18:34:57:777,96100,182604
71.25,09-20-2026 18:34:57:787,96087,182618
71.26,09-20-2026 18:34:57:797,96091,182595
71.27,09-20-2026 18:34:57:807,96090,182584
71.28,09-20-2026 18:34:57:817,96103,182563
71.29,09-20-2026 18:34:57:827,96093,182580
71.3,09-20-2026 18:34:57:837,96107,182548
71.31,09-20-2026 18:34:57:847,96106,182540
71.32,09-20-2026 18:34:57:857,96106,182504
71.33,09-20-2026 18:34:57:867,96110,182527
71.34,09-20-2026 18:34:57:877,96125,182495
71.35,09-20-2026 18:34:57:887,96116,182525
71.36,09-20-2026 18:34:57:897,96118,182502
71.37,09-20-2026 18:34:57:907,96125,182522
71.38,09-20-2026 18:34:57:917,96126,182481
71.39,09-20-2026 18:34:57:927,96128,182524
71.4,09-20-2026 18:34:57:937,96110,182491
71.41,09-20-2026 18:34:57:947,96103,182520
71.42,09-20-2026 18:34:57:957,96093,182509
71.43,09-20-2026 18:34:57:967,96068,182551
71.44,09-20-2026 18:34:57:977,96058,182513
71.45,09-20-2026 18:34:57:987,96037,182542
71.46,09-20-2026 18:34:57:997,96001,182521
71.47,09-20-2026 18:34:58:007,95999,182582
71.48,09-20-2026 18:34:58:017,96001,182557
71.49,09-20-2026 18:34:58:027,95976,182586
71.5,09-20-2026 18:34:58:037,95980,182559
71.51,09-20-2026 18:34:58:047,95958,182568
71.52,09-20-2026 18:34:58:057,95963,182575
71.53,09-20-2026 18:34:58:067,95948,182607
71.54,09-20-2026 18:34:58:077,95933,182586
71.55,09-20-2026 18:34:58:087,95938,182609
71.56,09-20-2026 18:34:58:097,95937,182588
71.57,09-20-2026 18:34:58:107,95914,182618
71.58,09-20-2026 18:34:58:117,95926,182595
71.59,09-20-2026 18:34:58:127,95898,182623
71.6,09-20-2026 18:34:58:137,95903,182612
71.61,09-20-2026 18:34:58:147,95895,182621
71.62,09-20-2026 18:34:58:157,95899,182635
71.63,09-20-2026 18:34:58:167,95898,182644
71.64,09-20-2026 18:34:58:177,95895,182646
71.65,09-20-2026 18:34:58:187,95876,182676
71.66,09-20-2026 18:34:58:197,95898,182679
71.67,09-20-2026 18:34:58:207,95869,182690
71.68,09-20-2026 18:34:58:217,95883,182718
71.69,09-20-2026 18:34:58:227,95882,182732
71.7,09-20-2026 18:34:58:237,95878,182721
71.71,09-20-2026 18:34:58:247,95859,182744
71.72,09-20-2026 18:34:58:257,95875,182776
71.73,09-20-2026 18:34:58:267,95820,182794
71.74,09-20-2026 18:34:58:277,95870,182810
71.75,09-20-2026 18:34:58:287,95832,182844
71.76,09-20-2026 18:34:58:297,95857,182852
71.77,09-20-2026 18:34:58:307,95835,182870
71.78,09-20-2026 18:34:58:317,95877,182900
71.79,09-20-2026 18:34:58:327,95821,182890
71.8,09-20-2026 18:34:58:337,95865,182856
71.81,09-20-2026 18:34:58:347,95818,182772
71.82,09-20-2026 18:34:58:357,95876,182695
71.83,09-20-2026 18:34:58:367,95821,182576
71.84,09-20-2026 18:34:58:377,95863,182457
71.85,09-20-2026 18:34:58:387,95839,182366
71.86,09-20-2026 18:34:58:397,95870,182268
71.87,09-20-2026 18:34:58:407,95824,182184
71.88,09-20-2026 18:34:58:417,95882,182128
71.89,09-20-2026 18:34:58:427,95831,182037
71.9,09-20-2026 18:34:58:437,95890,181995
71.91,09-20-2026 18:34:58:447,95849,181947
71.92,09-20-2026 18:34:58:457,95889,181899
71.93,09-20-2026 18:34:58:467,95864,181872
71.94,09-20-2026 18:34:58:477,95895,181821
71.95,09-20-2026 18:34:58:487,95875,181788
71.96,09-20-2026 18:34:58:497,95891,181737
71.97,09-20-2026 18:34:58:507,95884,181701
71.98,09-20-2026 18:34:58:517,95886,181686
71.99,09-20-2026 18:34:58:527,95893,181647
72,09-20-2026 18:34:58:537,95909,181578
72.01,09-20-2026 18:34:58:547,95906,181565
72.02,09-20-2026 18:34:58:557,95911,181539
72.03,09-20-2026 18:34:58:567,95918,181538
72.04,09-20-2026 18:34:58:577,95913,181543
72.05,09-20-2026 18:34:58:587,95927,181544
72.06,09-20-2026 18:34:58:597,95931,181517
72.07,09-20-2026 18:34:58:607,95933,181509
72.08,09-20-2026 18:34:58:617,95939,181485
72.09,09-20-2026 18:34:58:627,95950,181473
72.1,09-20-2026 18:34:58:637,95950,181462
72.11,09-20-2026 18:34:58:647,95959,181431
72.12,09-20-2026 18:34:58:657,95953,181423
72.13,09-20-2026 18:34:58:667,95966,181396
72.14,09-20-2026 18:34:58:677,95957,181391
72.15,09-20-2026 18:34:58:687,95986,181382
72.16,09-20-2026 18:34:58:697,95978,181369
72.17,09-20-2026 18:34:58:707,95980,181334
72.18,09-20-2026 18:34:58:717,95971,181347
72.19,09-20-2026 18:34:58:727,96003,181354
72.2,09-20-2026 18:34:58:737,95984,181374
72.21,09-20-2026 18:34:58:747,95998,181357
72.22,09-20-2026 18:34:58:757,95971,181377
72.23,09-20-2026 18:34:58:767,95991,181377
72.24,09-20-2026 18:34:58:777,95972,181397
72.25,09-20-2026 18:34:58:787,95963,181388
72.26,09-20-2026 18:34:58:797,95928,181393
72.27,09-20-2026 18:34:58:807,95940,181409
72.28,09-20-2026 18:34:58:817,95898,181428
72.29,09-20-2026 18:34:58:827,95893,181455
72.3,09-20-2026 18:34:58:837,95872,181454
72.31,09-20-2026 18:34:58:847,95865,181471
72.32,09-20-2026 18:34:58:857,95855,181495
72.33,09-20-2026 18:34:58:867,95885,181515
72.34,09-20-2026 18:34:58:877,95847,181529
72.35,09-20-2026 18:34:58:887,95889,181547
72.36,09-20-2026 18:34:58:897,95842,181587
72.37,09-20-2026 18:34:58:907,95876,181587
72.38,09-20-2026 18:34:58:917,95830,181603
72.39,09-20-2026 18:34:58:927,95833,181635
72.4,09-20-2026 18:34:58:937,95827,181657
72.41,09-20-2026 18:34:58:947,95830,181679
72.42,09-20-2026 18:34:58:957,95815,181693
72.43,09-20-2026 18:34:58:967,95836,181713
72.44,09-20-2026 18:34:58:977,95816,181755
72.45,09-20-2026 18:34:58:987,95828,181765
72.46,09-20-2026 18:34:58:997,95823,181793
72.47,09-20-2026 18:34:59:007,95831,181791
72.48,09-20-2026 18:34:59:017,95818,181841
72.49,09-20-2026 18:34:59:027,95819,181855
72.5,09-20-2026 18:34:59:037,95831,181879
72.51,09-20-2026 18:34:59:047,95836,181897
72.52,09-20-2026 18:34:59:057,95813,181941
72.53,09-20-2026 18:34:59:067,95815,181959
72.54,09-20-2026 18:34:59:077,95818,181973
72.55,09-20-2026 18:34:59:087,95803,182003
72.56,09-20-2026 18:34:59:097,95826,182033
72.57,09-20-2026 18:34:59:107,95824,182079
72.58,09-20-2026 18:34:59:117,95810,182099
72.59,09-20-2026 18:34:59:127,95816,182133
72.6,09-20-2026 18:34:59:137,95823,182149
72.61,09-20-2026 18:34:59:147,95821,182148
72.62,09-20-2026 18:34:59:157,95824,182112
72.63,09-20-2026 18:34:59:167,95818,182040
72.64,09-20-2026 18:34:59:177,95824,181968
72.65,09-20-2026 18:34:59:187,95839,181866
72.66,09-20-2026 18:34:59:197,95840,181758
72.67,09-20-2026 18:34:59:207,95825,181668
72.68,09-20-2026 18:34:59:217,95854,181560
72.69,09-20-2026 18:34:59:227,95847,181494
72.7,09-20-2026 18:34:59:237,95862,181446
72.71,09-20-2026 18:34:59:247,95855,181401
72.72,09-20-2026 18:34:59:257,95853,181363
72.73,09-20-2026 18:34:59:267,95877,181333
72.74,09-20-2026 18:34:59:277,95861,181305
72.75,09-20-2026 18:34:59:287,95870,181271
72.76,09-20-2026 18:34:59:297,95857,181255
72.77,09-20-2026 18:34:59:307,95883,181245
72.78,09-20-2026 18:34:59:317,95858,181209
72.79,09-20-2026 18:34:59:327,95878,181167
72.8,09-20-2026 18:34:59:337,95896,181163
72.81,09-20-2026 18:34:59:347,95902,181154
72.82,09-20-2026 18:34:59:357,95909,181105
72.83,09-20-2026 18:34:59:367,95900,181097
72.84,09-20-2026 18:34:59:377,95926,181092
72.85,09-20-2026 18:34:59:387,95919,181110
72.86,09-20-2026 18:34:59:397,95927,181113
72.87,09-20-2026 18:34:59:407,95926,181117
72.88,09-20-2026 18:34:59:417,95932,181129
72.89,09-20-2026 18:34:59:427,95930,181142
72.9,09-20-2026 18:34:59:437,95939,181121
72.91,09-20-2026 18:34:59:447,95933,181142
72.92,09-20-2026 18:34:59:457,95950,181105
72.93,09-20-2026 18:34:59:467,95969,181121
72.94,09-20-2026 18:34:59:477,95947,181101
72.95,09-20-2026 18:34:59:487,95964,181132
72.96,09-20-2026 18:34:59:497,95976,181107
72.97,09-20-2026 18:34:59:507,95952,181120
72.98,09-20-2026 18:34:59:517,95976,181115
72.99,09-20-2026 18:34:59:527,95988,181140
73,09-20-2026 18:34:59:537,95997,181130
73.01,09-20-2026 18:34:59:547,96000,181143
73.02,09-20-2026 18:34:59:557,96010,181155
73.03,09-20-2026 18:34:59:567,96001,181197
73.04,09-20-2026 18:34:59:577,96003,181197
73.05,09-20-2026 18:34:59:587,96011,181229
73.06,09-20-2026 18:34:59:597,96008,181217
73.07,09-20-2026 18:34:59:607,96037,181277
73.08,09-20-2026 18:34:59:617,96031,181263
73.09,09-20-2026 18:34:59:627,96016,181321
73.1,09-20-2026 18:34:59:637,96012,181289
73.11,09-20-2026 18:34:59:647,95983,181360
73.12,09-20-2026 18:34:59:657,95967,181358
73.13,09-20-2026 18:34:59:667,95961,181408
73.14,09-20-2026 18:34:59:677,95946,181374
73.15,09-20-2026 18:34:59:687,95942,181440
73.16,09-20-2026 18:34:59:697,95918,181436
73.17,09-20-2026 18:34:59:707,95922,181492
73.18,09-20-2026 18:34:59:717,95909,181482
73.19,09-20-2026 18:34:59:727,95897,181568
73.2,09-20-2026 18:34:59:737,95900,181552
73.21,09-20-2026 18:34:59:747,95883,181620
73.22,09-20-2026 18:34:59:757,95898,181602
73.23,09-20-2026 18:34:59:767,95899,181678
73.24,09-20-2026 18:34:59:777,95877,181640
73.25,09-20-2026 18:34:59:787,95873,181734
73.26,09-20-2026 18:34:59:797,95888,181712
73.27,09-20-2026 18:34:59:807,95880,181798
73.28,09-20-2026 18:34:59:817,95879,181770
73.29,09-20-2026 18:34:59:827,95876,181842
73.3,09-20-2026 18:34:59:837,95873,181806
73.31,09-20-2026 18:34:59:847,95872,181901
73.32,09-20-2026 18:34:59:857,95868,181880
73.33,09-20-2026 18:34:59:867,95869,181958
73.34,09-20-2026 18:34:59:877,95884,181937
73.35,09-20-2026 18:34:59:887,95880,182012
73.36,09-20-2026 18:34:59:897,95862,182024
73.37,09-20-2026 18:34:59:907,95882,182084
73.38,09-20-2026 18:34:59:917,95887,182063
73.39,09-20-2026 18:34:59:927,95885,182123
73.4,09-20-2026 18:34:59:937,95900,182138
73.41,09-20-2026 18:34:59:947,95893,182195
73.42,09-20-2026 18:34:59:957,95884,182195
73.43,09-20-2026 18:34:59:967,95881,182277
73.44,09-20-2026 18:34:59:977,95884,182273
73.45,09-20-2026 18:34:59:987,95882,182349
73.46,09-20-2026 18:34:59:997,95884,182343
73.47,09-20-2026 18:35:00:007,95885,182393
73.48,09-20-2026 18:35:00:017,95889,182395
73.49,09-20-2026 18:35:00:027,95890,182347
73.5,09-20-2026 18:35:00:037,95880,182299
73.51,09-20-2026 18:35:00:047,95884,182189
73.52,09-20-2026 18:35:00:057,95891,182109
73.53,09-20-2026 18:35:00:067,95889,181994
73.54,09-20-2026 18:35:00:077,95909,181919
73.55,09-20-2026 18:35:00:087,95898,181799
73.56,09-20-2026 18:35:00:097,95905,181749
73.57,09-20-2026 18:35:00:107,95921,181694
73.58,09-20-2026 18:35:00:117,95905,181674
73.59,09-20-2026 18:35:00:127,95924,181619
73.6,09-20-2026 18:35:00:137,95921,181624
73.61,09-20-2026 18:35:00:147,95930,181581
73.62,09-20-2026 18:35:00:157,95917,181599
73.63,09-20-2026 18:35:00:167,95920,181549
73.64,09-20-2026 18:35:00:177,95945,181567
73.65,09-20-2026 18:35:00:187,95959,181527
73.66,09-20-2026 18:35:00:197,95951,181521
73.67,09-20-2026 18:35:00:207,95947,181471
73.68,09-20-2026 18:35:00:217,95941,181495
73.69,09-20-2026 18:35:00:227,95966,181451
73.7,09-20-2026 18:35:00:237,95982,181473
73.71,09-20-2026 18:35:00:247,95970,181439
73.72,09-20-2026 18:35:00:257,95989,181490
73.73,09-20-2026 18:35:00:267,95969,181466
73.74,09-20-2026 18:35:00:277,95992,181519
73.75,09-20-2026 18:35:00:287,95987,181474
73.76,09-20-2026 18:35:00:297,95994,181539
73.77,09-20-2026 18:35:00:307,95992,181482
73.78,09-20-2026 18:35:00:317,96005,181522
73.79,09-20-2026 18:35:00:327,96018,181482
73.8,09-20-2026 18:35:00:337,96011,181524
73.81,09-20-2026 18:35:00:347,96027,181476
73.82,09-20-2026 18:35:00:357,96019,181504
73.83,09-20-2026 18:35:00:367,96034,181473
73.84,09-20-2026 18:35:00:377,96034,181501
73.85,09-20-2026 18:35:00:387,96034,181475
73.86,09-20-2026 18:35:00:397,96036,181508
73.87,09-20-2026 18:35:00:407,96064,181509
73.88,09-20-2026 18:35:00:417,96040,181528
73.89,09-20-2026 18:35:00:427,96056,181532
73.9,09-20-2026 18:35:00:437,96043,181564
73.91,09-20-2026 18:35:00:447,96020,181557
73.92,09-20-2026 18:35:00:457,96031,181603
73.93,09-20-2026 18:35:00:467,96008,181611
73.94,09-20-2026 18:35:00:477,95982,181619
73.95,09-20-2026 18:35:00:487,95994,181633
73.96,09-20-2026 18:35:00:497,95969,181679
73.97,09-20-2026 18:35:00:507,95967,181699
73.98,09-20-2026 18:35:00:517,95952,181717
73.99,09-20-2026 18:35:00:527,95962,181749
74,09-20-2026 18:35:00:537,95934,181777
74.01,09-20-2026 18:35:00:547,95952,181792
74.02,09-20-2026 18:35:00:557,95940,181828
74.03,09-20-2026 18:35:00:567,95944,181860
74.04,09-20-2026 18:35:00:577,95932,181878
74.05,09-20-2026 18:35:00:587,95951,181900
74.06,09-20-2026 18:35:00:597,95918,181924
74.07,09-20-2026 18:35:00:607,95942,181954
74.08,09-20-2026 18:35:00:617,95929,181992
74.09,09-20-2026 18:35:00:627,95947,182006
74.1,09-20-2026 18:35:00:637,95897,182034
74.11,09-20-2026 18:35:00:647,95948,182049
74.12,09-20-2026 18:35:00:657,95911,182082
74.13,09-20-2026 18:35:00:667,95950,182106
74.14,09-20-2026 18:35:00:677,95908,182157
74.15,09-20-2026 18:35:00:687,95955,182157
74.16,09-20-2026 18:35:00:697,95901,182199
74.17,09-20-2026 18:35:00:707,95957,182232
74.18,09-20-2026 18:35:00:717,95902,182262
74.19,09-20-2026 18:35:00:727,95958,182292
74.2,09-20-2026 18:35:00:737,95913,182310
74.21,09-20-2026 18:35:00:747,95966,182355
74.22,09-20-2026 18:35:00:757,95920,182385
74.23,09-20-2026 18:35:00:767,95965,182419
74.24,09-20-2026 18:35:00:777,95914,182447
74.25,09-20-2026 18:35:00:787,95961,182485
74.26,09-20-2026 18:35:00:797,95899,182533
74.27,09-20-2026 18:35:00:807,95959,182567
74.28,09-20-2026 18:35:00:817,95943,182601
74.29,09-20-2026 18:35:00:827,95970,182589
74.3,09-20-2026 18:35:00:837,95931,182551
74.31,09-20-2026 18:35:00:847,95981,182495
74.32,09-20-2026 18:35:00:857,95949,182430
74.33,09-20-2026 18:35:00:867,95977,182325
74.34,09-20-2026 18:35:00:877,95946,182200
74.35,09-20-2026 18:35:00:887,95969,182145
74.36,09-20-2026 18:35:00:897,95976,182080
74.37,09-20-2026 18:35:00:907,95992,182040
74.38,09-20-2026 18:35:00:917,95970,181985
74.39,09-20-2026 18:35:00:927,95995,181950
74.4,09-20-2026 18:35:00:937,96000,181940
74.41,09-20-2026 18:35:00:947,96021,181947
74.42,09-20-2026 18:35:00:957,96024,181936
74.43,09-20-2026 18:35:00:967,96018,181919
74.44,09-20-2026 18:35:00:977,96026,181923
74.45,09-20-2026 18:35:00:987,96026,181895
74.46,09-20-2026 18:35:00:997,96054,181875
74.47,09-20-2026 18:35:01:007,96038,181881
74.48,09-20-2026 18:35:01:017,96049,181869
74.49,09-20-2026 18:35:01:027,96057,181851
74.5,09-20-2026 18:35:01:037,96067,181840
74.51,09-20-2026 18:35:01:047,96057,181850
74.52,09-20-2026 18:35:01:057,96077,181865
74.53,09-20-2026 18:35:01:067,96051,181855
74.54,09-20-2026 18:35:01:077,96086,181897
74.55,09-20-2026 18:35:01:087,96065,181892
74.56,09-20-2026 18:35:01:097,96100,181931
74.57,09-20-2026 18:35:01:107,96094,181929
74.58,09-20-2026 18:35:01:117,96135,181930
74.59,09-20-2026 18:35:01:127,96087,181928
74.6,09-20-2026 18:35:01:137,96126,181942
74.61,09-20-2026 18:35:01:147,96104,181934
74.62,09-20-2026 18:35:01:157,96135,181950
74.63,09-20-2026 18:35:01:167,96103,181944
74.64,09-20-2026 18:35:01:177,96149,181955
74.65,09-20-2026 18:35:01:187,96122,181949
74.66,09-20-2026 18:35:01:197,96173,181965
74.67,09-20-2026 18:35:01:207,96118,181993
74.68,09-20-2026 18:35:01:217,96181,181997
74.69,09-20-2026 18:35:01:227,96145,182012
74.7,09-20-2026 18:35:01:237,96190,182036
74.71,09-20-2026 18:35:01:247,96144,182057
74.72,09-20-2026 18:35:01:257,96197,182075
74.73,09-20-2026 18:35:01:267,96150,182095
74.74,09-20-2026 18:35:01:277,96185,182143
74.75,09-20-2026 18:35:01:287,96149,182145
74.76,09-20-2026 18:35:01:297,96172,182155
74.77,09-20-2026 18:35:01:307,96120,182199
74.78,09-20-2026 18:35:01:317,96131,182225
74.79,09-20-2026 18:35:01:327,96100,182233
74.8,09-20-2026 18:35:01:337,96100,182269
74.81,09-20-2026 18:35:01:347,96076,182300
74.82,09-20-2026 18:35:01:357,96101,182318
74.83,09-20-2026 18:35:01:367,96069,182357
74.84,09-20-2026 18:35:01:377,96075,182372
74.85,09-20-2026 18:35:01:387,96077,182399
74.86,09-20-2026 18:35:01:397,96064,182441
74.87,09-20-2026 18:35:01:407,96061,182456
74.88,09-20-2026 18:35:01:417,96084,182495
74.89,09-20-2026 18:35:01:427,96074,182513
74.9,09-20-2026 18:35:01:437,96056,182561
74.91,09-20-2026 18:35:01:447,96061,182580
74.92,09-20-2026 18:35:01:457,96055,182610
74.93,09-20-2026 18:35:01:467,96050,182634
74.94,09-20-2026 18:35:01:477,96063,182676
74.95,09-20-2026 18:35:01:487,96055,182688
74.96,09-20-2026 18:35:01:497,96059,182712
74.97,09-20-2026 18:35:01:507,96062,182745
74.98,09-20-2026 18:35:01:517,96065,182787
74.99,09-20-2026 18:35:01:527,96062,182820
75,09-20-2026 18:35:01:537,96051,182841
75.01,09-20-2026 18:35:01:547,96046,182874
75.02,09-20-2026 18:35:01:557,96053,182907
75.03,09-20-2026 18:35:01:567,96050,182916
75.04,09-20-2026 18:35:01:577,96057,182967
75.05,09-20-2026 18:35:01:587,96069,182982
75.06,09-20-2026 18:35:01:597,96071,183021
75.07,09-20-2026 18:35:01:607,96044,183066
75.08,09-20-2026 18:35:01:617,96056,183099
75.09,09-20-2026 18:35:01:627,96069,183129
75.1,09-20-2026 18:35:01:637,96057,183186
75.11,09-20-2026 18:35:01:647,96043,183213
75.12,09-20-2026 18:35:01:657,96069,183245
75.13,09-20-2026 18:35:01:667,96058,183241
75.14,09-20-2026 18:35:01:677,96073,183229
75.15,09-20-2026 18:35:01:687,96071,183189
75.16,09-20-2026 18:35:01:697,96069,183089
75.17,09-20-2026 18:35:01:707,96085,183017
75.18,09-20-2026 18:35:01:717,96076,182917
75.19,09-20-2026 18:35:01:727,96082,182829
75.2,09-20-2026 18:35:01:737,96077,182753
75.21,09-20-2026 18:35:01:747,96085,182709
75.22,09-20-2026 18:35:01:757,96096,182649
75.23,09-20-2026 18:35:01:767,96099,182627
75.24,09-20-2026 18:35:01:777,96100,182597
75.25,09-20-2026 18:35:01:787,96100,182571
75.26,09-20-2026 18:35:01:797,96101,182575
75.27,09-20-2026 18:35:01:807,96110,182569
75.28,09-20-2026 18:35:01:817,96119,182551
75.29,09-20-2026 18:35:01:827,96116,182529
75.3,09-20-2026 18:35:01:837,96138,182541
