PseudoTimeSec,PseudoTimestamp,R,IR
0.01,09-20-2026 21:57:48:490,131555,173659
0.02,09-20-2026 21:57:48:500,131567,173644
0.03,09-20-2026 21:57:48:510,131554,173669
0.04,09-20-2026 21:57:48:520,131570,173645
0.05,09-20-2026 21:57:48:530,131538,173644
0.06,09-20-2026 21:57:48:540,131553,173668
0.07,09-20-2026 21:57:48:550,131540,173643
0.08,09-20-2026 21:57:48:560,131537,173638
0.09,09-20-2026 21:57:48:570,131556,173650
0.1,09-20-2026 21:57:48:580,131558,173643
0.11,09-20-2026 21:57:48:590,131539,173646
0.12,09-20-2026 21:57:48:600,131570,173648
0.13,09-20-2026 21:57:48:610,131546,173637
0.14,09-20-2026 21:57:48:620,131562,173665
0.15,09-20-2026 21:57:48:630,131526,173648
0.16,09-20-2026 21:57:48:640,131549,173644
0.17,09-20-2026 21:57:48:650,131526,173640
0.18,09-20-2026 21:57:48:660,131555,173647
0.19,09-20-2026 21:57:48:670,131535,173648
0.2,09-20-2026 21:57:48:680,131562,173638
0.21,09-20-2026 21:57:48:690,131526,173663
0.22,09-20-2026 21:57:48:700,131569,173650
0.23,09-20-2026 21:57:48:710,131546,173652
0.24,09-20-2026 21:57:48:720,131558,173651
0.25,09-20-2026 21:57:48:730,131551,173672
0.26,09-20-2026 21:57:48:740,131553,173670
0.27,09-20-2026 21:57:48:750,131541,173659
0.28,09-20-2026 21:57:48:760,131550,173659
0.29,09-20-2026 21:57:48:770,131527,173666
0.3,09-20-2026 21:57:48:780,131573,173651
0.31,09-20-2026 21:57:48:790,131540,173661
0.32,09-20-2026 21:57:48:800,131564,173667
0.33,09-20-2026 21:57:48:810,131531,173669
0.34,09-20-2026 21:57:48:820,131581,173677
0.35,09-20-2026 21:57:48:830,131546,173670
0.36,09-20-2026 21:57:48:840,131567,173677
0.37,09-20-2026 21:57:48:850,131530,173659
0.38,09-20-2026 21:57:48:860,131573,173670
0.39,09-20-2026 21:57:48:870,131526,173675
0.4,09-20-2026 21:57:48:880,131553,173647
0.41,09-20-2026 21:57:48:890,131528,173688
0.42,09-20-2026 21:57:48:900,131578,173675
0.43,09-20-2026 21:57:48:910,131535,173675
0.44,09-20-2026 21:57:48:920,131575,173703
0.45,09-20-2026 21:57:48:930,131528,173682
0.46,09-20-2026 21:57:48:940,131542,173699
0.47,09-20-2026 21:57:48:950,131521,173680
0.48,09-20-2026 21:57:48:960,131531,173692
0.49,09-20-2026 21:57:48:970,131529,173684
0.5,09-20-2026 21:57:48:980,131537,173699
0.51,09-20-2026 21:57:48:990,131506,173673
0.52,09-20-2026 21:57:49:000,131549,173694
0.53,09-20-2026 21:57:49:010,131511,173693
0.54,09-20-2026 21:57:49:020,131549,173700
0.55,09-20-2026 21:57:49:030,131530,173689
0.56,09-20-2026 21:57:49:040,131539,173693
0.57,09-20-2026 21:57:49:050,131515,173701
0.58,09-20-2026 21:57:49:060,131526,173692
0.59,09-20-2026 21:57:49:070,131546,173702
0.6,09-20-2026 21:57:49:080,131535,173690
0.61,09-20-2026 21:57:49:090,131515,173659
0.62,09-20-2026 21:57:49:100,131528,173668
0.63,09-20-2026 21:57:49:110,131523,173661
0.64,09-20-2026 21:57:49:120,131495,173659
0.65,09-20-2026 21:57:49:130,131503,173651
0.66,09-20-2026 21:57:49:140,131512,173658
0.67,09-20-2026 21:57:49:150,131499,173650
0.68,09-20-2026 21:57:49:160,131493,173659
0.69,09-20-2026 21:57:49:170,131492,173628
0.7,09-20-2026 21:57:49:180,131496,173652
0.71,09-20-2026 21:57:49:190,131503,173631
0.72,09-20-2026 21:57:49:200,131495,173658
0.73,09-20-2026 21:57:49:210,131514,173634
0.74,09-20-2026 21:57:49:220,131485,173653
0.75,09-20-2026 21:57:49:230,131494,173627
0.76,09-20-2026 21:57:49:240,131489,173630
0.77,09-20-2026 21:57:49:250,131486,173624
0.78,09-20-2026 21:57:49:260,131487,173634
0.79,09-20-2026 21:57:49:270,131490,173591
0.8,09-20-2026 21:57:49:280,131490,173591
0.81,09-20-2026 21:57:49:290,131502,173628
0.82,09-20-2026 21:57:49:300,131499,173604
0.83,09-20-2026 21:57:49:310,131488,173622
0.84,09-20-2026 21:57:49:320,131487,173594
0.85,09-20-2026 21:57:49:330,131487,173628
0.86,09-20-2026 21:57:49:340,131471,173574
0.87,09-20-2026 21:57:49:350,131484,173608
0.88,09-20-2026 21:57:49:360,131483,173593
0.89,09-20-2026 21:57:49:370,131482,173621
0.9,09-20-2026 21:57:49:380,131474,173591
0.91,09-20-2026 21:57:49:390,131460,173626
0.92,09-20-2026 21:57:49:400,131458,173583
0.93,09-20-2026 21:57:49:410,131474,173614
0.94,09-20-2026 21:57:49:420,131485,173574
0.95,09-20-2026 21:57:49:430,131472,173603
0.96,09-20-2026 21:57:49:440,131480,173576
0.97,09-20-2026 21:57:49:450,131455,173621
0.98,09-20-2026 21:57:49:460,131478,173570
0.99,09-20-2026 21:57:49:470,131471,173623
1,09-20-2026 21:57:49:480,131479,173572
1.01,09-20-2026 21:57:49:490,131469,173607
1.02,09-20-2026 21:57:49:500,131448,173555
1.03,09-20-2026 21:57:49:510,131455,173615
1.04,09-20-2026 21:57:49:520,131470,173573
1.05,09-20-2026 21:57:49:530,131458,173620
1.06,09-20-2026 21:57:49:540,131465,173567
1.07,09-20-2026 21:57:49:550,131455,173616
1.08,09-20-2026 21:57:49:560,131465,173579
1.09,09-20-2026 21:57:49:570,131466,173616
1.1,09-20-2026 21:57:49:580,131452,173547
1.11,09-20-2026 21:57:49:590,131451,173625
1.12,09-20-2026 21:57:49:600,131466,173579
1.13,09-20-2026 21:57:49:610,131477,173632
1.14,09-20-2026 21:57:49:620,131475,173571
1.15,09-20-2026 21:57:49:630,131460,173626
1.16,09-20-2026 21:57:49:640,131468,173605
1.17,09-20-2026 21:57:49:650,131446,173616
1.18,09-20-2026 21:57:49:660,131458,173598
1.19,09-20-2026 21:57:49:670,131445,173628
1.2,09-20-2026 21:57:49:680,131457,173598
1.21,09-20-2026 21:57:49:690,131461,173637
1.22,09-20-2026 21:57:49:700,131459,173604
1.23,09-20-2026 21:57:49:710,131463,173637
1.24,09-20-2026 21:57:49:720,131450,173618
1.25,09-20-2026 21:57:49:730,131460,173632
1.26,09-20-2026 21:57:49:740,131455,173610
1.27,09-20-2026 21:57:49:750,131438,173604
1.28,09-20-2026 21:57:49:760,131461,173609
1.29,09-20-2026 21:57:49:770,131440,173624
1.3,09-20-2026 21:57:49:780,131450,173590
1.31,09-20-2026 21:57:49:790,131447,173628
1.32,09-20-2026 21:57:49:800,131456,173633
1.33,09-20-2026 21:57:49:810,131455,173639
1.34,09-20-2026 21:57:49:820,131446,173656
1.35,09-20-2026 21:57:49:830,131436,173636
1.36,09-20-2026 21:57:49:840,131446,173623
1.37,09-20-2026 21:57:49:850,131443,173656
1.38,09-20-2026 21:57:49:860,131443,173664
1.39,09-20-2026 21:57:49:870,131448,173658
1.4,09-20-2026 21:57:49:880,131439,173654
1.41,09-20-2026 21:57:49:890,131439,173615
1.42,09-20-2026 21:57:49:900,131452,173666
1.43,09-20-2026 21:57:49:910,131426,173637
1.44,09-20-2026 21:57:49:920,131445,173669
1.45,09-20-2026 21:57:49:930,131449,173646
1.46,09-20-2026 21:57:49:940,131448,173659
1.47,09-20-2026 21:57:49:950,131436,173642
1.48,09-20-2026 21:57:49:960,131442,173665
1.49,09-20-2026 21:57:49:970,131449,173637
1.5,09-20-2026 21:57:49:980,131432,173644
1.51,09-20-2026 21:57:49:990,131433,173619
1.52,09-20-2026 21:57:50:000,131446,173653
1.53,09-20-2026 21:57:50:010,131427,173626
1.54,09-20-2026 21:57:50:020,131443,173627
1.55,09-20-2026 21:57:50:030,131425,173596
1.56,09-20-2026 21:57:50:040,131421,173620
1.57,09-20-2026 21:57:50:050,131423,173597
1.58,09-20-2026 21:57:50:060,131430,173634
1.59,09-20-2026 21:57:50:070,131430,173600
1.6,09-20-2026 21:57:50:080,131436,173623
1.61,09-20-2026 21:57:50:090,131426,173575
1.62,09-20-2026 21:57:50:100,131437,173649
1.63,09-20-2026 21:57:50:110,131431,173586
1.64,09-20-2026 21:57:50:120,131429,173606
1.65,09-20-2026 21:57:50:130,131420,173587
1.66,09-20-2026 21:57:50:140,131425,173606
1.67,09-20-2026 21:57:50:150,131418,173571
1.68,09-20-2026 21:57:50:160,131423,173624
1.69,09-20-2026 21:57:50:170,131414,173586
1.7,09-20-2026 21:57:50:180,131421,173597
1.71,09-20-2026 21:57:50:190,131429,173565
1.72,09-20-2026 21:57:50:200,131406,173610
1.73,09-20-2026 21:57:50:210,131427,173557
1.74,09-20-2026 21:57:50:220,131417,173613
1.75,09-20-2026 21:57:50:230,131418,173554
1.76,09-20-2026 21:57:50:240,131411,173586
1.77,09-20-2026 21:57:50:250,131412,173550
1.78,09-20-2026 21:57:50:260,131425,173577
1.79,09-20-2026 21:57:50:270,131419,173561
1.8,09-20-2026 21:57:50:280,131418,173558
1.81,09-20-2026 21:57:50:290,131397,173531
1.82,09-20-2026 21:57:50:300,131408,173563
1.83,09-20-2026 21:57:50:310,131398,173558
1.84,09-20-2026 21:57:50:320,131402,173574
1.85,09-20-2026 21:57:50:330,131399,173547
1.86,09-20-2026 21:57:50:340,131386,173570
1.87,09-20-2026 21:57:50:350,131403,173555
1.88,09-20-2026 21:57:50:360,131412,173566
1.89,09-20-2026 21:57:50:370,131404,173539
1.9,09-20-2026 21:57:50:380,131401,173573
1.91,09-20-2026 21:57:50:390,131409,173550
1.92,09-20-2026 21:57:50:400,131398,173564
1.93,09-20-2026 21:57:50:410,131399,173557
1.94,09-20-2026 21:57:50:420,131396,173541
1.95,09-20-2026 21:57:50:430,131395,173540
1.96,09-20-2026 21:57:50:440,131394,173540
1.97,09-20-2026 21:57:50:450,131397,173533
1.98,09-20-2026 21:57:50:460,131381,173552
1.99,09-20-2026 21:57:50:470,131410,173535
2,09-20-2026 21:57:50:480,131384,173556
2.01,09-20-2026 21:57:50:490,131391,173545
2.02,09-20-2026 21:57:50:500,131388,173552
2.03,09-20-2026 21:57:50:510,131389,173522
2.04,09-20-2026 21:57:50:520,131386,173538
2.05,09-20-2026 21:57:50:530,131407,173530
2.06,09-20-2026 21:57:50:540,131379,173541
2.07,09-20-2026 21:57:50:550,131383,173555
2.08,09-20-2026 21:57:50:560,131383,173521
2.09,09-20-2026 21:57:50:570,131415,173540
2.1,09-20-2026 21:57:50:580,131384,173529
2.11,09-20-2026 21:57:50:590,131381,173523
2.12,09-20-2026 21:57:50:600,131386,173545
2.13,09-20-2026 21:57:50:610,131390,173542
2.14,09-20-2026 21:57:50:620,131376,173554
2.15,09-20-2026 21:57:50:630,131377,173531
2.16,09-20-2026 21:57:50:640,131366,173547
2.17,09-20-2026 21:57:50:650,131370,173514
2.18,09-20-2026 21:57:50:660,131360,173529
2.19,09-20-2026 21:57:50:670,131373,173526
2.2,09-20-2026 21:57:50:680,131388,173526
2.21,09-20-2026 21:57:50:690,131365,173540
2.22,09-20-2026 21:57:50:700,131372,173540
2.23,09-20-2026 21:57:50:710,131373,173544
2.24,09-20-2026 21:57:50:720,131356,173536
2.25,09-20-2026 21:57:50:730,131373,173538
2.26,09-20-2026 21:57:50:740,131374,173546
2.27,09-20-2026 21:57:50:750,131385,173550
2.28,09-20-2026 21:57:50:760,131365,173546
2.29,09-20-2026 21:57:50:770,131379,173540
2.3,09-20-2026 21:57:50:780,131335,173531
2.31,09-20-2026 21:57:50:790,131352,173544
2.32,09-20-2026 21:57:50:800,131348,173535
2.33,09-20-2026 21:57:50:810,131376,173548
2.34,09-20-2026 21:57:50:820,131366,173542
2.35,09-20-2026 21:57:50:830,131359,173544
2.36,09-20-2026 21:57:50:840,131350,173532
2.37,09-20-2026 21:57:50:850,131375,173514
2.38,09-20-2026 21:57:50:860,131338,173513
2.39,09-20-2026 21:57:50:870,131360,173512
2.4,09-20-2026 21:57:50:880,131336,173508
2.41,09-20-2026 21:57:50:890,131351,173487
2.42,09-20-2026 21:57:50:900,131330,173493
2.43,09-20-2026 21:57:50:910,131356,173495
2.44,09-20-2026 21:57:50:920,131335,173488
2.45,09-20-2026 21:57:50:930,131353,173486
2.46,09-20-2026 21:57:50:940,131322,173482
2.47,09-20-2026 21:57:50:950,131333,173497
2.48,09-20-2026 21:57:50:960,131320,173482
2.49,09-20-2026 21:57:50:970,131329,173455
2.5,09-20-2026 21:57:50:980,131333,173474
2.51,09-20-2026 21:57:50:990,131344,173474
2.52,09-20-2026 21:57:51:000,131318,173450
2.53,09-20-2026 21:57:51:010,131343,173450
2.54,09-20-2026 21:57:51:020,131305,173426
2.55,09-20-2026 21:57:51:030,131325,173455
2.56,09-20-2026 21:57:51:040,131290,173446
2.57,09-20-2026 21:57:51:050,131308,173438
2.58,09-20-2026 21:57:51:060,131279,173431
2.59,09-20-2026 21:57:51:070,131316,173435
2.6,09-20-2026 21:57:51:080,131284,173446
2.61,09-20-2026 21:57:51:090,131313,173443
2.62,09-20-2026 21:57:51:100,131287,173432
2.63,09-20-2026 21:57:51:110,131326,173438
2.64,09-20-2026 21:57:51:120,131287,173430
2.65,09-20-2026 21:57:51:130,131329,173432
2.66,09-20-2026 21:57:51:140,131267,173436
2.67,09-20-2026 21:57:51:150,131316,173423
2.68,09-20-2026 21:57:51:160,131290,173422
2.69,09-20-2026 21:57:51:170,131312,173411
2.7,09-20-2026 21:57:51:180,131269,173402
2.71,09-20-2026 21:57:51:190,131309,173419
2.72,09-20-2026 21:57:51:200,131261,173402
2.73,09-20-2026 21:57:51:210,131303,173401
2.74,09-20-2026 21:57:51:220,131241,173409
2.75,09-20-2026 21:57:51:230,131283,173412
2.76,09-20-2026 21:57:51:240,131266,173391
2.77,09-20-2026 21:57:51:250,131304,173410
2.78,09-20-2026 21:57:51:260,131242,173403
2.79,09-20-2026 21:57:51:270,131280,173397
2.8,09-20-2026 21:57:51:280,131250,173398
2.81,09-20-2026 21:57:51:290,131295,173397
2.82,09-20-2026 21:57:51:300,131249,173421
2.83,09-20-2026 21:57:51:310,131279,173417
2.84,09-20-2026 21:57:51:320,131268,173395
2.85,09-20-2026 21:57:51:330,131271,173389
2.86,09-20-2026 21:57:51:340,131249,173387
2.87,09-20-2026 21:57:51:350,131279,173398
2.88,09-20-2026 21:57:51:360,131253,173410
2.89,09-20-2026 21:57:51:370,131282,173397
2.9,09-20-2026 21:57:51:380,131244,173397
2.91,09-20-2026 21:57:51:390,131278,173380
2.92,09-20-2026 21:57:51:400,131261,173396
2.93,09-20-2026 21:57:51:410,131286,173389
2.94,09-20-2026 21:57:51:420,131267,173393
2.95,09-20-2026 21:57:51:430,131278,173418
2.96,09-20-2026 21:57:51:440,131256,173405
2.97,09-20-2026 21:57:51:450,131282,173401
2.98,09-20-2026 21:57:51:460,131260,173395
2.99,09-20-2026 21:57:51:470,131274,173387
3,09-20-2026 21:57:51:480,131264,173395
3.01,09-20-2026 21:57:51:490,131281,173390
3.02,09-20-2026 21:57:51:500,131275,173389
3.03,09-20-2026 21:57:51:510,131270,173385
3.04,09-20-2026 21:57:51:520,131287,173395
3.05,09-20-2026 21:57:51:530,131265,173408
3.06,09-20-2026 21:57:51:540,131281,173401
3.07,09-20-2026 21:57:51:550,131274,173391
3.08,09-20-2026 21:57:51:560,131273,173398
3.09,09-20-2026 21:57:51:570,131259,173381
3.1,09-20-2026 21:57:51:580,131290,173369
3.11,09-20-2026 21:57:51:590,131259,173382
3.12,09-20-2026 21:57:51:600,131279,173380
3.13,09-20-2026 21:57:51:610,131262,173405
3.14,09-20-2026 21:57:51:620,131274,173393
3.15,09-20-2026 21:57:51:630,131258,173392
3.16,09-20-2026 21:57:51:640,131267,173399
3.17,09-20-2026 21:57:51:650,131252,173367
3.18,09-20-2026 21:57:51:660,131271,173391
3.19,09-20-2026 21:57:51:670,131244,173382
3.2,09-20-2026 21:57:51:680,131267,173383
3.21,09-20-2026 21:57:51:690,131247,173381
3.22,09-20-2026 21:57:51:700,131266,173382
3.23,09-20-2026 21:57:51:710,131264,173391
3.24,09-20-2026 21:57:51:720,131284,173376
3.25,09-20-2026 21:57:51:730,131261,173388
3.26,09-20-2026 21:57:51:740,131287,173403
3.27,09-20-2026 21:57:51:750,131242,173388
3.28,09-20-2026 21:57:51:760,131270,173408
3.29,09-20-2026 21:57:51:770,131247,173384
3.3,09-20-2026 21:57:51:780,131283,173387
3.31,09-20-2026 21:57:51:790,131237,173399
3.32,09-20-2026 21:57:51:800,131273,173410
3.33,09-20-2026 21:57:51:810,131246,173386
3.34,09-20-2026 21:57:51:820,131276,173417
3.35,09-20-2026 21:57:51:830,131228,173379
3.36,09-20-2026 21:57:51:840,131268,173370
3.37,09-20-2026 21:57:51:850,131223,173359
3.38,09-20-2026 21:57:51:860,131262,173358
3.39,09-20-2026 21:57:51:870,131222,173341
3.4,09-20-2026 21:57:51:880,131262,173337
3.41,09-20-2026 21:57:51:890,131212,173325
3.42,09-20-2026 21:57:51:900,131244,173311
3.43,09-20-2026 21:57:51:910,131213,173326
3.44,09-20-2026 21:57:51:920,131227,173316
3.45,09-20-2026 21:57:51:930,131220,173320
3.46,09-20-2026 21:57:51:940,131230,173289
3.47,09-20-2026 21:57:51:950,131220,173313
3.48,09-20-2026 21:57:51:960,131230,173306
3.49,09-20-2026 21:57:51:970,131206,173286
3.5,09-20-2026 21:57:51:980,131238,173295
3.51,09-20-2026 21:57:51:990,131209,173278
3.52,09-20-2026 21:57:52:000,131232,173264
3.53,09-20-2026 21:57:52:010,131196,173273
3.54,09-20-2026 21:57:52:020,131214,173275
3.55,09-20-2026 21:57:52:030,131196,173268
3.56,09-20-2026 21:57:52:040,131213,173239
3.57,09-20-2026 21:57:52:050,131183,173229
3.58,09-20-2026 21:57:52:060,131197,173235
3.59,09-20-2026 21:57:52:070,131214,173239
3.6,09-20-2026 21:57:52:080,131184,173227
3.61,09-20-2026 21:57:52:090,131169,173239
3.62,09-20-2026 21:57:52:100,131193,173231
3.63,09-20-2026 21:57:52:110,131182,173217
3.64,09-20-2026 21:57:52:120,131178,173233
3.65,09-20-2026 21:57:52:130,131186,173241
3.66,09-20-2026 21:57:52:140,131182,173225
3.67,09-20-2026 21:57:52:150,131183,173194
3.68,09-20-2026 21:57:52:160,131182,173218
3.69,09-20-2026 21:57:52:170,131161,173215
3.7,09-20-2026 21:57:52:180,131171,173204
3.71,09-20-2026 21:57:52:190,131168,173208
3.72,09-20-2026 21:57:52:200,131176,173194
3.73,09-20-2026 21:57:52:210,131165,173209
3.74,09-20-2026 21:57:52:220,131166,173206
3.75,09-20-2026 21:57:52:230,131178,173194
3.76,09-20-2026 21:57:52:240,131155,173218
3.77,09-20-2026 21:57:52:250,131168,173194
3.78,09-20-2026 21:57:52:260,131152,173194
3.79,09-20-2026 21:57:52:270,131150,173161
3.8,09-20-2026 21:57:52:280,131167,173168
3.81,09-20-2026 21:57:52:290,131153,173165
3.82,09-20-2026 21:57:52:300,131147,173202
3.83,09-20-2026 21:57:52:310,131150,173158
3.84,09-20-2026 21:57:52:320,131154,173189
3.85,09-20-2026 21:57:52:330,131147,173160
3.86,09-20-2026 21:57:52:340,131144,173190
3.87,09-20-2026 21:57:52:350,131144,173146
3.88,09-20-2026 21:57:52:360,131137,173162
3.89,09-20-2026 21:57:52:370,131134,173144
3.9,09-20-2026 21:57:52:380,131143,173173
3.91,09-20-2026 21:57:52:390,131148,173134
3.92,09-20-2026 21:57:52:400,131146,173170
3.93,09-20-2026 21:57:52:410,131135,173118
3.94,09-20-2026 21:57:52:420,131138,173167
3.95,09-20-2026 21:57:52:430,131130,173131
3.96,09-20-2026 21:57:52:440,131124,173170
3.97,09-20-2026 21:57:52:450,131117,173143
3.98,09-20-2026 21:57:52:460,131125,173167
3.99,09-20-2026 21:57:52:470,131141,173125
4,09-20-2026 21:57:52:480,131131,173170
4.01,09-20-2026 21:57:52:490,131121,173126
4.02,09-20-2026 21:57:52:500,131119,173170
4.03,09-20-2026 21:57:52:510,131129,173110
4.04,09-20-2026 21:57:52:520,131128,173186
4.05,09-20-2026 21:57:52:530,131127,173135
4.06,09-20-2026 21:57:52:540,131116,173158
4.07,09-20-2026 21:57:52:550,131131,173137
4.08,09-20-2026 21:57:52:560,131119,173171
4.09,09-20-2026 21:57:52:570,131131,173123
4.1,09-20-2026 21:57:52:580,131111,173179
4.11,09-20-2026 21:57:52:590,131103,173140
4.12,09-20-2026 21:57:52:600,131106,173177
4.13,09-20-2026 21:57:52:610,131103,173139
4.14,09-20-2026 21:57:52:620,131113,173171
4.15,09-20-2026 21:57:52:630,131114,173133
4.16,09-20-2026 21:57:52:640,131099,173164
4.17,09-20-2026 21:57:52:650,131106,173125
4.18,09-20-2026 21:57:52:660,131107,173153
4.19,09-20-2026 21:57:52:670,131112,173137
4.2,09-20-2026 21:57:52:680,131093,173163
4.21,09-20-2026 21:57:52:690,131088,173143
4.22,09-20-2026 21:57:52:700,131083,173163
4.23,09-20-2026 21:57:52:710,131104,173136
4.24,09-20-2026 21:57:52:720,131100,173170
4.25,09-20-2026 21:57:52:730,131098,173146
4.26,09-20-2026 21:57:52:740,131117,173183
4.27,09-20-2026 21:57:52:750,131102,173175
4.28,09-20-2026 21:57:52:760,131097,173174
4.29,09-20-2026 21:57:52:770,131097,173178
4.3,09-20-2026 21:57:52:780,131097,173175
4.31,09-20-2026 21:57:52:790,131092,173174
4.32,09-20-2026 21:57:52:800,131094,173168
4.33,09-20-2026 21:57:52:810,131094,173163
4.34,09-20-2026 21:57:52:820,131077,173168
4.35,09-20-2026 21:57:52:830,131096,173169
4.36,09-20-2026 21:57:52:840,131071,173175
4.37,09-20-2026 21:57:52:850,131089,173182
4.38,09-20-2026 21:57:52:860,131098,173175
4.39,09-20-2026 21:57:52:870,131106,173176
4.4,09-20-2026 21:57:52:880,131088,173171
4.41,09-20-2026 21:57:52:890,131085,173185
4.42,09-20-2026 21:57:52:900,131083,173160
4.43,09-20-2026 21:57:52:910,131077,173183
4.44,09-20-2026 21:57:52:920,131094,173177
4.45,09-20-2026 21:57:52:930,131080,173205
4.46,09-20-2026 21:57:52:940,131082,173174
4.47,09-20-2026 21:57:52:950,131085,173214
4.48,09-20-2026 21:57:52:960,131081,173185
4.49,09-20-2026 21:57:52:970,131076,173203
4.5,09-20-2026 21:57:52:980,131086,173170
4.51,09-20-2026 21:57:52:990,131064,173197
4.52,09-20-2026 21:57:53:000,131078,173168
4.53,09-20-2026 21:57:53:010,131064,173208
4.54,09-20-2026 21:57:53:020,131074,173188
4.55,09-20-2026 21:57:53:030,131065,173204
4.56,09-20-2026 21:57:53:040,131068,173164
4.57,09-20-2026 21:57:53:050,131063,173230
4.58,09-20-2026 21:57:53:060,131073,173173
4.59,09-20-2026 21:57:53:070,131064,173210
4.6,09-20-2026 21:57:53:080,131061,173175
4.61,09-20-2026 21:57:53:090,131066,173217
4.62,09-20-2026 21:57:53:100,131073,173185
4.63,09-20-2026 21:57:53:110,131053,173197
4.64,09-20-2026 21:57:53:120,131075,173151
4.65,09-20-2026 21:57:53:130,131066,173195
4.66,09-20-2026 21:57:53:140,131058,173128
4.67,09-20-2026 21:57:53:150,131051,173158
4.68,09-20-2026 21:57:53:160,131053,173129
4.69,09-20-2026 21:57:53:170,131038,173137
4.7,09-20-2026 21:57:53:180,131045,173120
4.71,09-20-2026 21:57:53:190,131028,173141
4.72,09-20-2026 21:57:53:200,131039,173103
4.73,09-20-2026 21:57:53:210,131036,173124
4.74,09-20-2026 21:57:53:220,131029,173085
4.75,09-20-2026 21:57:53:230,131035,173110
4.76,09-20-2026 21:57:53:240,131034,173082
4.77,09-20-2026 21:57:53:250,131041,173097
4.78,09-20-2026 21:57:53:260,131055,173099
4.79,09-20-2026 21:57:53:270,131029,173103
4.8,09-20-2026 21:57:53:280,131033,173069
4.81,09-20-2026 21:57:53:290,131036,173094
4.82,09-20-2026 21:57:53:300,131042,173049
4.83,09-20-2026 21:57:53:310,131035,173072
4.84,09-20-2026 21:57:53:320,131024,173061
4.85,09-20-2026 21:57:53:330,131028,173067
4.86,09-20-2026 21:57:53:340,131012,173048
4.87,09-20-2026 21:57:53:350,131027,173034
4.88,09-20-2026 21:57:53:360,131010,173033
4.89,09-20-2026 21:57:53:370,131010,173047
4.9,09-20-2026 21:57:53:380,131022,173040
4.91,09-20-2026 21:57:53:390,131010,173048
4.92,09-20-2026 21:57:53:400,131021,173041
4.93,09-20-2026 21:57:53:410,131002,173030
4.94,09-20-2026 21:57:53:420,131001,173025
4.95,09-20-2026 21:57:53:430,131017,173021
4.96,09-20-2026 21:57:53:440,131024,173016
4.97,09-20-2026 21:57:53:450,131001,173021
4.98,09-20-2026 21:57:53:460,131012,173015
4.99,09-20-2026 21:57:53:470,130993,173012
5,09-20-2026 21:57:53:480,131014,172985
5.01,09-20-2026 21:57:53:490,131002,173004
5.02,09-20-2026 21:57:53:500,131012,172985
5.03,09-20-2026 21:57:53:510,131005,172994
5.04,09-20-2026 21:57:53:520,130991,172996
5.05,09-20-2026 21:57:53:530,131002,172983
5.06,09-20-2026 21:57:53:540,131001,172983
5.07,09-20-2026 21:57:53:550,130984,172986
5.08,09-20-2026 21:57:53:560,130989,172985
5.09,09-20-2026 21:57:53:570,130996,172971
5.1,09-20-2026 21:57:53:580,130996,172960
5.11,09-20-2026 21:57:53:590,130984,173001
5.12,09-20-2026 21:57:53:600,130974,172976
5.13,09-20-2026 21:57:53:610,130982,172991
5.14,09-20-2026 21:57:53:620,130984,172968
5.15,09-20-2026 21:57:53:630,130975,172987
5.16,09-20-2026 21:57:53:640,130985,172977
5.17,09-20-2026 21:57:53:650,130973,172969
5.18,09-20-2026 21:57:53:660,130987,172994
5.19,09-20-2026 21:57:53:670,130971,172969
5.2,09-20-2026 21:57:53:680,130971,172956
5.21,09-20-2026 21:57:53:690,130993,172970
5.22,09-20-2026 21:57:53:700,130982,172964
5.23,09-20-2026 21:57:53:710,130979,172967
5.24,09-20-2026 21:57:53:720,130966,172957
5.25,09-20-2026 21:57:53:730,130980,172979
5.26,09-20-2026 21:57:53:740,130974,172973
5.27,09-20-2026 21:57:53:750,130970,172949
5.28,09-20-2026 21:57:53:760,130960,172973
5.29,09-20-2026 21:57:53:770,130966,172961
5.3,09-20-2026 21:57:53:780,130966,172941
5.31,09-20-2026 21:57:53:790,130948,172960
5.32,09-20-2026 21:57:53:800,130956,172940
5.33,09-20-2026 21:57:53:810,130968,172956
5.34,09-20-2026 21:57:53:820,130949,172953
5.35,09-20-2026 21:57:53:830,130951,172946
5.36,09-20-2026 21:57:53:840,130953,172957
5.37,09-20-2026 21:57:53:850,130933,172942
5.38,09-20-2026 21:57:53:860,130943,172971
5.39,09-20-2026 21:57:53:870,130947,172958
5.4,09-20-2026 21:57:53:880,130974,172959
5.41,09-20-2026 21:57:53:890,130941,172955
5.42,09-20-2026 21:57:53:900,130944,172956
5.43,09-20-2026 21:57:53:910,130938,172964
5.44,09-20-2026 21:57:53:920,130949,172943
5.45,09-20-2026 21:57:53:930,130954,172971
5.46,09-20-2026 21:57:53:940,130939,172944
5.47,09-20-2026 21:57:53:950,130923,172967
5.48,09-20-2026 21:57:53:960,130937,172948
5.49,09-20-2026 21:57:53:970,130915,172965
5.5,09-20-2026 21:57:53:980,130945,172944
5.51,09-20-2026 21:57:53:990,130934,172958
5.52,09-20-2026 21:57:54:000,130945,172963
5.53,09-20-2026 21:57:54:010,130928,172954
5.54,09-20-2026 21:57:54:020,130927,172953
5.55,09-20-2026 21:57:54:030,130934,172950
5.56,09-20-2026 21:57:54:040,130927,172952
5.57,09-20-2026 21:57:54:050,130915,172950
5.58,09-20-2026 21:57:54:060,130933,172962
5.59,09-20-2026 21:57:54:070,130914,172955
5.6,09-20-2026 21:57:54:080,130941,172954
5.61,09-20-2026 21:57:54:090,130920,172976
5.62,09-20-2026 21:57:54:100,130938,172951
5.63,09-20-2026 21:57:54:110,130895,172949
5.64,09-20-2026 21:57:54:120,130929,172979
5.65,09-20-2026 21:57:54:130,130908,172975
5.66,09-20-2026 21:57:54:140,130935,172944
5.67,09-20-2026 21:57:54:150,130874,172962
5.68,09-20-2026 21:57:54:160,130943,172958
5.69,09-20-2026 21:57:54:170,130899,172973
5.7,09-20-2026 21:57:54:180,130918,172965
5.71,09-20-2026 21:57:54:190,130895,172959
5.72,09-20-2026 21:57:54:200,130925,172965
5.73,09-20-2026 21:57:54:210,130891,172967
5.74,09-20-2026 21:57:54:220,130910,172961
5.75,09-20-2026 21:57:54:230,130880,172961
5.76,09-20-2026 21:57:54:240,130900,172974
5.77,09-20-2026 21:57:54:250,130863,172960
5.78,09-20-2026 21:57:54:260,130914,172944
5.79,09-20-2026 21:57:54:270,130858,172912
5.8,09-20-2026 21:57:54:280,130904,172926
5.81,09-20-2026 21:57:54:290,130864,172902
5.82,09-20-2026 21:57:54:300,130911,172899
5.83,09-20-2026 21:57:54:310,130843,172883
5.84,09-20-2026 21:57:54:320,130904,172898
5.85,09-20-2026 21:57:54:330,130861,172898
5.86,09-20-2026 21:57:54:340,130896,172870
5.87,09-20-2026 21:57:54:350,130856,172859
5.88,09-20-2026 21:57:54:360,130881,172865
5.89,09-20-2026 21:57:54:370,130861,172859
5.9,09-20-2026 21:57:54:380,130889,172852
5.91,09-20-2026 21:57:54:390,130854,172863
5.92,09-20-2026 21:57:54:400,130892,172840
5.93,09-20-2026 21:57:54:410,130844,172835
5.94,09-20-2026 21:57:54:420,130902,172822
5.95,09-20-2026 21:57:54:430,130855,172817
5.96,09-20-2026 21:57:54:440,130875,172823
5.97,09-20-2026 21:57:54:450,130869,172799
5.98,09-20-2026 21:57:54:460,130885,172794
5.99,09-20-2026 21:57:54:470,130850,172807
6,09-20-2026 21:57:54:480,130876,172793
6.01,09-20-2026 21:57:54:490,130852,172790
6.02,09-20-2026 21:57:54:500,130856,172776
6.03,09-20-2026 21:57:54:510,130868,172792
6.04,09-20-2026 21:57:54:520,130853,172768
6.05,09-20-2026 21:57:54:530,130850,172782
6.06,09-20-2026 21:57:54:540,130854,172783
6.07,09-20-2026 21:57:54:550,130867,172769
6.08,09-20-2026 21:57:54:560,130839,172785
6.09,09-20-2026 21:57:54:570,130854,172759
6.1,09-20-2026 21:57:54:580,130839,172764
6.11,09-20-2026 21:57:54:590,130842,172750
6.12,09-20-2026 21:57:54:600,130828,172746
6.13,09-20-2026 21:57:54:610,130850,172749
6.14,09-20-2026 21:57:54:620,130837,172758
6.15,09-20-2026 21:57:54:630,130849,172727
6.16,09-20-2026 21:57:54:640,130819,172735
6.17,09-20-2026 21:57:54:650,130859,172743
6.18,09-20-2026 21:57:54:660,130836,172747
6.19,09-20-2026 21:57:54:670,130836,172733
6.2,09-20-2026 21:57:54:680,130833,172722
6.21,09-20-2026 21:57:54:690,130836,172708
6.22,09-20-2026 21:57:54:700,130827,172721
6.23,09-20-2026 21:57:54:710,130846,172718
6.24,09-20-2026 21:57:54:720,130818,172702
6.25,09-20-2026 21:57:54:730,130836,172711
6.26,09-20-2026 21:57:54:740,130800,172714
6.27,09-20-2026 21:57:54:750,130820,172712
6.28,09-20-2026 21:57:54:760,130819,172711
6.29,09-20-2026 21:57:54:770,130836,172706
6.3,09-20-2026 21:57:54:780,130804,172716
6.31,09-20-2026 21:57:54:790,130837,172708
6.32,09-20-2026 21:57:54:800,130808,172700
6.33,09-20-2026 21:57:54:810,130847,172697
6.34,09-20-2026 21:57:54:820,130819,172707
6.35,09-20-2026 21:57:54:830,130831,172707
6.36,09-20-2026 21:57:54:840,130803,172683
6.37,09-20-2026 21:57:54:850,130823,172700
6.38,09-20-2026 21:57:54:860,130782,172704
6.39,09-20-2026 21:57:54:870,130850,172687
6.4,09-20-2026 21:57:54:880,130804,172695
6.41,09-20-2026 21:57:54:890,130836,172703
6.42,09-20-2026 21:57:54:900,130806,172685
6.43,09-20-2026 21:57:54:910,130831,172695
6.44,09-20-2026 21:57:54:920,130796,172711
6.45,09-20-2026 21:57:54:930,130827,172699
6.46,09-20-2026 21:57:54:940,130776,172667
6.47,09-20-2026 21:57:54:950,130836,172689
6.48,09-20-2026 21:57:54:960,130779,172697
6.49,09-20-2026 21:57:54:970,130799,172686
6.5,09-20-2026 21:57:54:980,130777,172675
6.51,09-20-2026 21:57:54:990,130807,172686
6.52,09-20-2026 21:57:55:000,130783,172678
6.53,09-20-2026 21:57:55:010,130790,172677
6.54,09-20-2026 21:57:55:020,130765,172671
6.55,09-20-2026 21:57:55:030,130786,172695
6.56,09-20-2026 21:57:55:040,130761,172672
6.57,09-20-2026 21:57:55:050,130783,172672
6.58,09-20-2026 21:57:55:060,130783,172687
6.59,09-20-2026 21:57:55:070,130782,172678
6.6,09-20-2026 21:57:55:080,130751,172681
6.61,09-20-2026 21:57:55:090,130767,172684
6.62,09-20-2026 21:57:55:100,130772,172685
6.63,09-20-2026 21:57:55:110,130778,172679
6.64,09-20-2026 21:57:55:120,130764,172691
6.65,09-20-2026 21:57:55:130,130751,172678
6.66,09-20-2026 21:57:55:140,130755,172674
6.67,09-20-2026 21:57:55:150,130754,172688
6.68,09-20-2026 21:57:55:160,130766,172684
6.69,09-20-2026 21:57:55:170,130750,172682
6.7,09-20-2026 21:57:55:180,130758,172671
6.71,09-20-2026 21:57:55:190,130753,172677
6.72,09-20-2026 21:57:55:200,130760,172674
6.73,09-20-2026 21:57:55:210,130752,172675
6.74,09-20-2026 21:57:55:220,130743,172666
6.75,09-20-2026 21:57:55:230,130741,172685
6.76,09-20-2026 21:57:55:240,130745,172678
6.77,09-20-2026 21:57:55:250,130750,172686
6.78,09-20-2026 21:57:55:260,130734,172693
6.79,09-20-2026 21:57:55:270,130746,172673
6.8,09-20-2026 21:57:55:280,130735,172662
6.81,09-20-2026 21:57:55:290,130757,172697
6.82,09-20-2026 21:57:55:300,130744,172663
6.83,09-20-2026 21:57:55:310,130735,172676
6.84,09-20-2026 21:57:55:320,130739,172665
6.85,09-20-2026 21:57:55:330,130733,172670
6.86,09-20-2026 21:57:55:340,130742,172665
6.87,09-20-2026 21:57:55:350,130745,172680
6.88,09-20-2026 21:57:55:360,130728,172647
6.89,09-20-2026 21:57:55:370,130727,172665
6.9,09-20-2026 21:57:55:380,130723,172626
6.91,09-20-2026 21:57:55:390,130728,172648
6.92,09-20-2026 21:57:55:400,130731,172606
6.93,09-20-2026 21:57:55:410,130721,172612
6.94,09-20-2026 21:57:55:420,130707,172583
6.95,09-20-2026 21:57:55:430,130704,172611
6.96,09-20-2026 21:57:55:440,130704,172591
6.97,09-20-2026 21:57:55:450,130715,172596
6.98,09-20-2026 21:57:55:460,130701,172572
6.99,09-20-2026 21:57:55:470,130701,172590
7,09-20-2026 21:57:55:480,130693,172553
7.01,09-20-2026 21:57:55:490,130700,172578
7.02,09-20-2026 21:57:55:500,130693,172531
7.03,09-20-2026 21:57:55:510,130699,172577
7.04,09-20-2026 21:57:55:520,130704,172502
7.05,09-20-2026 21:57:55:530,130695,172550
7.06,09-20-2026 21:57:55:540,130682,172494
7.07,09-20-2026 21:57:55:550,130672,172552
7.08,09-20-2026 21:57:55:560,130684,172481
7.09,09-20-2026 21:57:55:570,130676,172538
7.1,09-20-2026 21:57:55:580,130683,172476
7.11,09-20-2026 21:57:55:590,130673,172511
7.12,09-20-2026 21:57:55:600,130664,172472
7.13,09-20-2026 21:57:55:610,130674,172509
7.14,09-20-2026 21:57:55:620,130659,172452
7.15,09-20-2026 21:57:55:630,130674,172502
7.16,09-20-2026 21:57:55:640,130652,172474
7.17,09-20-2026 21:57:55:650,130677,172511
7.18,09-20-2026 21:57:55:660,130659,172460
7.19,09-20-2026 21:57:55:670,130654,172495
7.2,09-20-2026 21:57:55:680,130670,172456
7.21,09-20-2026 21:57:55:690,130656,172480
7.22,09-20-2026 21:57:55:700,130658,172442
7.23,09-20-2026 21:57:55:710,130658,172493
7.24,09-20-2026 21:57:55:720,130650,172437
7.25,09-20-2026 21:57:55:730,130648,172454
7.26,09-20-2026 21:57:55:740,130639,172443
7.27,09-20-2026 21:57:55:750,130641,172445
7.28,09-20-2026 21:57:55:760,130636,172429
7.29,09-20-2026 21:57:55:770,130659,172442
7.3,09-20-2026 21:57:55:780,130638,172477
7.31,09-20-2026 21:57:55:790,130629,172454
7.32,09-20-2026 21:57:55:800,130648,172446
7.33,09-20-2026 21:57:55:810,130645,172453
7.34,09-20-2026 21:57:55:820,130647,172444
7.35,09-20-2026 21:57:55:830,130619,172428
7.36,09-20-2026 21:57:55:840,130625,172453
7.37,09-20-2026 21:57:55:850,130608,172430
7.38,09-20-2026 21:57:55:860,130638,172445
7.39,09-20-2026 21:57:55:870,130624,172432
7.4,09-20-2026 21:57:55:880,130625,172451
7.41,09-20-2026 21:57:55:890,130603,172432
7.42,09-20-2026 21:57:55:900,130620,172452
7.43,09-20-2026 21:57:55:910,130604,172417
7.44,09-20-2026 21:57:55:920,130610,172448
7.45,09-20-2026 21:57:55:930,130609,172403
7.46,09-20-2026 21:57:55:940,130606,172457
7.47,09-20-2026 21:57:55:950,130605,172419
7.48,09-20-2026 21:57:55:960,130607,172440
7.49,09-20-2026 21:57:55:970,130612,172427
7.5,09-20-2026 21:57:55:980,130613,172436
7.51,09-20-2026 21:57:55:990,130592,172416
7.52,09-20-2026 21:57:56:000,130612,172438
7.53,09-20-2026 21:57:56:010,130593,172401
7.54,09-20-2026 21:57:56:020,130594,172428
7.55,09-20-2026 21:57:56:030,130603,172407
7.56,09-20-2026 21:57:56:040,130609,172457
7.57,09-20-2026 21:57:56:050,130605,172391
7.58,09-20-2026 21:57:56:060,130613,172439
7.59,09-20-2026 21:57:56:070,130597,172401
7.6,09-20-2026 21:57:56:080,130594,172433
7.61,09-20-2026 21:57:56:090,130608,172398
7.62,09-20-2026 21:57:56:100,130595,172423
7.63,09-20-2026 21:57:56:110,130585,172391
7.64,09-20-2026 21:57:56:120,130567,172419
7.65,09-20-2026 21:57:56:130,130572,172387
7.66,09-20-2026 21:57:56:140,130573,172417
7.67,09-20-2026 21:57:56:150,130591,172386
7.68,09-20-2026 21:57:56:160,130565,172413
7.69,09-20-2026 21:57:56:170,130584,172392
7.7,09-20-2026 21:57:56:180,130572,172412
7.71,09-20-2026 21:57:56:190,130578,172386
7.72,09-20-2026 21:57:56:200,130563,172403
7.73,09-20-2026 21:57:56:210,130584,172388
7.74,09-20-2026 21:57:56:220,130582,172404
7.75,09-20-2026 21:57:56:230,130582,172380
7.76,09-20-2026 21:57:56:240,130576,172386
7.77,09-20-2026 21:57:56:250,130575,172378
7.78,09-20-2026 21:57:56:260,130567,172385
7.79,09-20-2026 21:57:56:270,130559,172378
7.8,09-20-2026 21:57:56:280,130561,172386
7.81,09-20-2026 21:57:56:290,130559,172390
7.82,09-20-2026 21:57:56:300,130564,172392
7.83,09-20-2026 21:57:56:310,130563,172388
7.84,09-20-2026 21:57:56:320,130549,172373
7.85,09-20-2026 21:57:56:330,130569,172381
7.86,09-20-2026 21:57:56:340,130561,172393
7.87,09-20-2026 21:57:56:350,130571,172380
7.88,09-20-2026 21:57:56:360,130546,172404
7.89,09-20-2026 21:57:56:370,130563,172392
7.9,09-20-2026 21:57:56:380,130564,172389
7.91,09-20-2026 21:57:56:390,130558,172401
7.92,09-20-2026 21:57:56:400,130554,172400
7.93,09-20-2026 21:57:56:410,130557,172399
7.94,09-20-2026 21:57:56:420,130556,172351
7.95,09-20-2026 21:57:56:430,130547,172364
7.96,09-20-2026 21:57:56:440,130555,172375
7.97,09-20-2026 21:57:56:450,130550,172355
7.98,09-20-2026 21:57:56:460,130545,172342
7.99,09-20-2026 21:57:56:470,130537,172332
8,09-20-2026 21:57:56:480,130534,172332
8.01,09-20-2026 21:57:56:490,130531,172325
8.02,09-20-2026 21:57:56:500,130505,172306
8.03,09-20-2026 21:57:56:510,130515,172324
8.04,09-20-2026 21:57:56:520,130526,172287
8.05,09-20-2026 21:57:56:530,130529,172312
8.06,09-20-2026 21:57:56:540,130510,172293
8.07,09-20-2026 21:57:56:550,130514,172307
8.08,09-20-2026 21:57:56:560,130506,172287
8.09,09-20-2026 21:57:56:570,130520,172287
8.1,09-20-2026 21:57:56:580,130489,172279
8.11,09-20-2026 21:57:56:590,130494,172263
8.12,09-20-2026 21:57:56:600,130508,172275
8.13,09-20-2026 21:57:56:610,130511,172253
8.14,09-20-2026 21:57:56:620,130483,172246
8.15,09-20-2026 21:57:56:630,130498,172243
8.16,09-20-2026 21:57:56:640,130486,172253
8.17,09-20-2026 21:57:56:650,130481,172233
8.18,09-20-2026 21:57:56:660,130474,172233
8.19,09-20-2026 21:57:56:670,130491,172225
8.2,09-20-2026 21:57:56:680,130484,172234
8.21,09-20-2026 21:57:56:690,130488,172241
8.22,09-20-2026 21:57:56:700,130463,172221
8.23,09-20-2026 21:57:56:710,130506,172219
8.24,09-20-2026 21:57:56:720,130460,172211
8.25,09-20-2026 21:57:56:730,130491,172217
8.26,09-20-2026 21:57:56:740,130460,172204
8.27,09-20-2026 21:57:56:750,130473,172190
8.28,09-20-2026 21:57:56:760,130450,172201
8.29,09-20-2026 21:57:56:770,130469,172199
8.3,09-20-2026 21:57:56:780,130419,172202
8.31,09-20-2026 21:57:56:790,130474,172179
8.32,09-20-2026 21:57:56:800,130431,172179
8.33,09-20-2026 21:57:56:810,130471,172187
8.34,09-20-2026 21:57:56:820,130419,172189
8.35,09-20-2026 21:57:56:830,130470,172176
8.36,09-20-2026 21:57:56:840,130419,172193
8.37,09-20-2026 21:57:56:850,130471,172187
8.38,09-20-2026 21:57:56:860,130401,172177
8.39,09-20-2026 21:57:56:870,130464,172190
8.4,09-20-2026 21:57:56:880,130395,172168
8.41,09-20-2026 21:57:56:890,130454,172170
8.42,09-20-2026 21:57:56:900,130399,172176
8.43,09-20-2026 21:57:56:910,130430,172166
8.44,09-20-2026 21:57:56:920,130408,172162
8.45,09-20-2026 21:57:56:930,130441,172158
8.46,09-20-2026 21:57:56:940,130414,172174
8.47,09-20-2026 21:57:56:950,130449,172174
8.48,09-20-2026 21:57:56:960,130419,172164
8.49,09-20-2026 21:57:56:970,130428,172162
8.5,09-20-2026 21:57:56:980,130405,172167
8.51,09-20-2026 21:57:56:990,130448,172171
8.52,09-20-2026 21:57:57:000,130422,172153
8.53,09-20-2026 21:57:57:010,130428,172167
8.54,09-20-2026 21:57:57:020,130408,172174
8.55,09-20-2026 21:57:57:030,130445,172157
8.56,09-20-2026 21:57:57:040,130436,172165
8.57,09-20-2026 21:57:57:050,130430,172162
8.58,09-20-2026 21:57:57:060,130454,172163
8.59,09-20-2026 21:57:57:070,130432,172162
8.6,09-20-2026 21:57:57:080,130439,172167
8.61,09-20-2026 21:57:57:090,130411,172168
8.62,09-20-2026 21:57:57:100,130447,172177
8.63,09-20-2026 21:57:57:110,130421,172162
8.64,09-20-2026 21:57:57:120,130464,172164
8.65,09-20-2026 21:57:57:130,130433,172164
8.66,09-20-2026 21:57:57:140,130431,172157
8.67,09-20-2026 21:57:57:150,130415,172156
8.68,09-20-2026 21:57:57:160,130456,172159
8.69,09-20-2026 21:57:57:170,130421,172164
8.7,09-20-2026 21:57:57:180,130435,172154
8.71,09-20-2026 21:57:57:190,130418,172157
8.72,09-20-2026 21:57:57:200,130449,172166
8.73,09-20-2026 21:57:57:210,130406,172162
8.74,09-20-2026 21:57:57:220,130437,172182
8.75,09-20-2026 21:57:57:230,130414,172169
8.76,09-20-2026 21:57:57:240,130438,172170
8.77,09-20-2026 21:57:57:250,130439,172166
8.78,09-20-2026 21:57:57:260,130460,172177
8.79,09-20-2026 21:57:57:270,130423,172164
8.8,09-20-2026 21:57:57:280,130439,172153
8.81,09-20-2026 21:57:57:290,130409,172166
8.82,09-20-2026 21:57:57:300,130448,172172
8.83,09-20-2026 21:57:57:310,130403,172174
8.84,09-20-2026 21:57:57:320,130450,172169
8.85,09-20-2026 21:57:57:330,130407,172184
8.86,09-20-2026 21:57:57:340,130428,172162
8.87,09-20-2026 21:57:57:350,130398,172176
8.88,09-20-2026 21:57:57:360,130448,172192
8.89,09-20-2026 21:57:57:370,130408,172182
8.9,09-20-2026 21:57:57:380,130426,172170
8.91,09-20-2026 21:57:57:390,130407,172186
8.92,09-20-2026 21:57:57:400,130421,172198
8.93,09-20-2026 21:57:57:410,130407,172186
8.94,09-20-2026 21:57:57:420,130433,172187
8.95,09-20-2026 21:57:57:430,130408,172173
8.96,09-20-2026 21:57:57:440,130414,172176
8.97,09-20-2026 21:57:57:450,130402,172152
8.98,09-20-2026 21:57:57:460,130409,172155
8.99,09-20-2026 21:57:57:470,130400,172129
9,09-20-2026 21:57:57:480,130414,172135
9.01,09-20-2026 21:57:57:490,130383,172122
9.02,09-20-2026 21:57:57:500,130390,172119
9.03,09-20-2026 21:57:57:510,130378,172106
9.04,09-20-2026 21:57:57:520,130390,172112
9.05,09-20-2026 21:57:57:530,130380,172092
9.06,09-20-2026 21:57:57:540,130377,172105
9.07,09-20-2026 21:57:57:550,130367,172086
9.08,09-20-2026 21:57:57:560,130371,172097
9.09,09-20-2026 21:57:57:570,130380,172089
9.1,09-20-2026 21:57:57:580,130385,172086
9.11,09-20-2026 21:57:57:590,130379,172068
9.12,09-20-2026 21:57:57:600,130374,172074
9.13,09-20-2026 21:57:57:610,130365,172064
9.14,09-20-2026 21:57:57:620,130371,172057
9.15,09-20-2026 21:57:57:630,130362,172036
9.16,09-20-2026 21:57:57:640,130356,172050
9.17,09-20-2026 21:57:57:650,130355,172049
9.18,09-20-2026 21:57:57:660,130363,172053
9.19,09-20-2026 21:57:57:670,130343,172006
9.2,09-20-2026 21:57:57:680,130341,172030
9.21,09-20-2026 21:57:57:690,130369,171998
9.22,09-20-2026 21:57:57:700,130357,172050
9.23,09-20-2026 21:57:57:710,130355,172015
9.24,09-20-2026 21:57:57:720,130358,172047
9.25,09-20-2026 21:57:57:730,130340,171993
9.26,09-20-2026 21:57:57:740,130346,172025
9.27,09-20-2026 21:57:57:750,130336,171967
9.28,09-20-2026 21:57:57:760,130357,172025
9.29,09-20-2026 21:57:57:770,130337,171967
9.3,09-20-2026 21:57:57:780,130353,171989
9.31,09-20-2026 21:57:57:790,130340,171963
9.32,09-20-2026 21:57:57:800,130349,172018
9.33,09-20-2026 21:57:57:810,130328,171952
9.34,09-20-2026 21:57:57:820,130316,172014
9.35,09-20-2026 21:57:57:830,130330,171945
9.36,09-20-2026 21:57:57:840,130345,172006
9.37,09-20-2026 21:57:57:850,130343,171958
9.38,09-20-2026 21:57:57:860,130327,172008
9.39,09-20-2026 21:57:57:870,130334,171957
9.4,09-20-2026 21:57:57:880,130325,171983
9.41,09-20-2026 21:57:57:890,130315,171989
9.42,09-20-2026 21:57:57:900,130330,171999
9.43,09-20-2026 21:57:57:910,130336,171944
9.44,09-20-2026 21:57:57:920,130322,172003
9.45,09-20-2026 21:57:57:930,130316,171968
9.46,09-20-2026 21:57:57:940,130321,171991
9.47,09-20-2026 21:57:57:950,130322,171968
9.48,09-20-2026 21:57:57:960,130326,171991
9.49,09-20-2026 21:57:57:970,130320,171981
9.5,09-20-2026 21:57:57:980,130328,171989
9.51,09-20-2026 21:57:57:990,130309,171972
9.52,09-20-2026 21:57:58:000,130298,171983
9.53,09-20-2026 21:57:58:010,130317,171984
9.54,09-20-2026 21:57:58:020,130330,171994
9.55,09-20-2026 21:57:58:030,130315,171994
9.56,09-20-2026 21:57:58:040,130313,171981
9.57,09-20-2026 21:57:58:050,130306,172000
9.58,09-20-2026 21:57:58:060,130321,171998
9.59,09-20-2026 21:57:58:070,130293,172003
9.6,09-20-2026 21:57:58:080,130312,171985
9.61,09-20-2026 21:57:58:090,130319,171993
9.62,09-20-2026 21:57:58:100,130309,171998
9.63,09-20-2026 21:57:58:110,130302,172016
9.64,09-20-2026 21:57:58:120,130324,171969
9.65,09-20-2026 21:57:58:130,130305,172012
9.66,09-20-2026 21:57:58:140,130312,171990
9.67,09-20-2026 21:57:58:150,130295,172031
9.68,09-20-2026 21:57:58:160,130314,172008
9.69,09-20-2026 21:57:58:170,130306,172018
9.7,09-20-2026 21:57:58:180,130303,171995
9.71,09-20-2026 21:57:58:190,130297,172027
9.72,09-20-2026 21:57:58:200,130302,172022
9.73,09-20-2026 21:57:58:210,130313,172040
9.74,09-20-2026 21:57:58:220,130307,171999
9.75,09-20-2026 21:57:58:230,130295,172036
9.76,09-20-2026 21:57:58:240,130293,171998
9.77,09-20-2026 21:57:58:250,130307,172039
9.78,09-20-2026 21:57:58:260,130303,172025
9.79,09-20-2026 21:57:58:270,130317,172056
9.8,09-20-2026 21:57:58:280,130313,172019
9.81,09-20-2026 21:57:58:290,130320,172034
9.82,09-20-2026 21:57:58:300,130317,172023
9.83,09-20-2026 21:57:58:310,130298,172027
9.84,09-20-2026 21:57:58:320,130304,172003
9.85,09-20-2026 21:57:58:330,130312,172043
9.86,09-20-2026 21:57:58:340,130331,172033
9.87,09-20-2026 21:57:58:350,130315,172042
9.88,09-20-2026 21:57:58:360,130304,172029
9.89,09-20-2026 21:57:58:370,130324,172056
9.9,09-20-2026 21:57:58:380,130305,172029
9.91,09-20-2026 21:57:58:390,130307,172054
9.92,09-20-2026 21:57:58:400,130302,172029
9.93,09-20-2026 21:57:58:410,130317,172046
9.94,09-20-2026 21:57:58:420,130308,172039
9.95,09-20-2026 21:57:58:430,130312,172048
9.96,09-20-2026 21:57:58:440,130303,172046
9.97,09-20-2026 21:57:58:450,130300,172075
9.98,09-20-2026 21:57:58:460,130310,172056
9.99,09-20-2026 21:57:58:470,130305,172043
10,09-20-2026 21:57:58:480,130313,172055
10.01,09-20-2026 21:57:58:490,130311,172046
10.02,09-20-2026 21:57:58:500,130307,172032
10.03,09-20-2026 21:57:58:510,130311,172050
10.04,09-20-2026 21:57:58:520,130299,172039
10.05,09-20-2026 21:57:58:530,130302,172027
10.06,09-20-2026 21:57:58:540,130312,172041
10.07,09-20-2026 21:57:58:550,130285,172012
10.08,09-20-2026 21:57:58:560,130297,172012
10.09,09-20-2026 21:57:58:570,130300,172028
10.1,09-20-2026 21:57:58:580,130294,171992
10.11,09-20-2026 21:57:58:590,130281,171990
10.12,09-20-2026 21:57:58:600,130290,171985
10.13,09-20-2026 21:57:58:610,130310,171991
10.14,09-20-2026 21:57:58:620,130302,171987
10.15,09-20-2026 21:57:58:630,130290,171994
10.16,09-20-2026 21:57:58:640,130294,171986
10.17,09-20-2026 21:57:58:650,130294,171978
10.18,09-20-2026 21:57:58:660,130292,171966
10.19,09-20-2026 21:57:58:670,130286,171984
10.2,09-20-2026 21:57:58:680,130279,171954
10.21,09-20-2026 21:57:58:690,130274,171968
10.22,09-20-2026 21:57:58:700,130281,171973
10.23,09-20-2026 21:57:58:710,130292,171954
10.24,09-20-2026 21:57:58:720,130278,171956
10.25,09-20-2026 21:57:58:730,130272,171950
10.26,09-20-2026 21:57:58:740,130279,171967
10.27,09-20-2026 21:57:58:750,130268,171939
10.28,09-20-2026 21:57:58:760,130276,171952
10.29,09-20-2026 21:57:58:770,130272,171952
10.3,09-20-2026 21:57:58:780,130278,171951
10.31,09-20-2026 21:57:58:790,130265,171940
10.32,09-20-2026 21:57:58:800,130268,171951
10.33,09-20-2026 21:57:58:810,130260,171939
10.34,09-20-2026 21:57:58:820,130267,171955
10.35,09-20-2026 21:57:58:830,130266,171933
10.36,09-20-2026 21:57:58:840,130256,171930
10.37,09-20-2026 21:57:58:850,130251,171930
10.38,09-20-2026 21:57:58:860,130252,171929
10.39,09-20-2026 21:57:58:870,130261,171927
10.4,09-20-2026 21:57:58:880,130266,171940
10.41,09-20-2026 21:57:58:890,130248,171929
10.42,09-20-2026 21:57:58:900,130272,171942
10.43,09-20-2026 21:57:58:910,130230,171932
10.44,09-20-2026 21:57:58:920,130261,171940
10.45,09-20-2026 21:57:58:930,130235,171937
10.46,09-20-2026 21:57:58:940,130269,171932
10.47,09-20-2026 21:57:58:950,130243,171922
10.48,09-20-2026 21:57:58:960,130248,171935
10.49,09-20-2026 21:57:58:970,130253,171931
10.5,09-20-2026 21:57:58:980,130274,171925
10.51,09-20-2026 21:57:58:990,130213,171933
10.52,09-20-2026 21:57:59:000,130250,171929
10.53,09-20-2026 21:57:59:010,130226,171936
10.54,09-20-2026 21:57:59:020,130271,171925
10.55,09-20-2026 21:57:59:030,130204,171931
10.56,09-20-2026 21:57:59:040,130263,171938
10.57,09-20-2026 21:57:59:050,130211,171917
10.58,09-20-2026 21:57:59:060,130265,171920
10.59,09-20-2026 21:57:59:070,130221,171938
10.6,09-20-2026 21:57:59:080,130252,171934
10.61,09-20-2026 21:57:59:090,130201,171935
10.62,09-20-2026 21:57:59:100,130246,171939
10.63,09-20-2026 21:57:59:110,130202,171925
10.64,09-20-2026 21:57:59:120,130266,171947
10.65,09-20-2026 21:57:59:130,130220,171938
10.66,09-20-2026 21:57:59:140,130255,171939
10.67,09-20-2026 21:57:59:150,130232,171930
10.68,09-20-2026 21:57:59:160,130238,171931
10.69,09-20-2026 21:57:59:170,130230,171937
10.7,09-20-2026 21:57:59:180,130241,171941
10.71,09-20-2026 21:57:59:190,130217,171934
10.72,09-20-2026 21:57:59:200,130260,171938
10.73,09-20-2026 21:57:59:210,130240,171918
10.74,09-20-2026 21:57:59:220,130263,171943
10.75,09-20-2026 21:57:59:230,130226,171929
10.76,09-20-2026 21:57:59:240,130244,171942
10.77,09-20-2026 21:57:59:250,130237,171949
10.78,09-20-2026 21:57:59:260,130250,171954
10.79,09-20-2026 21:57:59:270,130248,171951
10.8,09-20-2026 21:57:59:280,130258,171942
10.81,09-20-2026 21:57:59:290,130253,171953
10.82,09-20-2026 21:57:59:300,130250,171957
10.83,09-20-2026 21:57:59:310,130260,171946
10.84,09-20-2026 21:57:59:320,130246,171980
10.85,09-20-2026 21:57:59:330,130250,171955
10.86,09-20-2026 21:57:59:340,130264,171957
10.87,09-20-2026 21:57:59:350,130266,171960
10.88,09-20-2026 21:57:59:360,130249,171958
10.89,09-20-2026 21:57:59:370,130278,171966
10.9,09-20-2026 21:57:59:380,130251,171963
10.91,09-20-2026 21:57:59:390,130261,171973
10.92,09-20-2026 21:57:59:400,130244,171965
10.93,09-20-2026 21:57:59:410,130281,171978
10.94,09-20-2026 21:57:59:420,130249,171967
10.95,09-20-2026 21:57:59:430,130262,171959
10.96,09-20-2026 21:57:59:440,130267,171970
10.97,09-20-2026 21:57:59:450,130270,171954
10.98,09-20-2026 21:57:59:460,130257,171949
10.99,09-20-2026 21:57:59:470,130270,171948
11,09-20-2026 21:57:59:480,130246,171932
11.01,09-20-2026 21:57:59:490,130278,171936
11.02,09-20-2026 21:57:59:500,130252,171923
11.03,09-20-2026 21:57:59:510,130281,171917
11.04,09-20-2026 21:57:59:520,130228,171939
11.05,09-20-2026 21:57:59:530,130275,171918
11.06,09-20-2026 21:57:59:540,130241,171923
11.07,09-20-2026 21:57:59:550,130275,171902
11.08,09-20-2026 21:57:59:560,130242,171930
11.09,09-20-2026 21:57:59:570,130279,171903
11.1,09-20-2026 21:57:59:580,130250,171913
11.11,09-20-2026 21:57:59:590,130257,171920
11.12,09-20-2026 21:57:59:600,130230,171900
11.13,09-20-2026 21:57:59:610,130244,171899
11.14,09-20-2026 21:57:59:620,130233,171907
11.15,09-20-2026 21:57:59:630,130251,171882
11.16,09-20-2026 21:57:59:640,130247,171900
11.17,09-20-2026 21:57:59:650,130236,171893
11.18,09-20-2026 21:57:59:660,130242,171873
11.19,09-20-2026 21:57:59:670,130266,171888
11.2,09-20-2026 21:57:59:680,130234,171878
11.21,09-20-2026 21:57:59:690,130266,171877
11.22,09-20-2026 21:57:59:700,130228,171899
11.23,09-20-2026 21:57:59:710,130255,171893
11.24,09-20-2026 21:57:59:720,130231,171879
11.25,09-20-2026 21:57:59:730,130257,171899
11.26,09-20-2026 21:57:59:740,130252,171885
11.27,09-20-2026 21:57:59:750,130251,171851
11.28,09-20-2026 21:57:59:760,130227,171868
11.29,09-20-2026 21:57:59:770,130221,171891
11.3,09-20-2026 21:57:59:780,130238,171888
11.31,09-20-2026 21:57:59:790,130225,171882
11.32,09-20-2026 21:57:59:800,130242,171892
11.33,09-20-2026 21:57:59:810,130228,171872
11.34,09-20-2026 21:57:59:820,130228,171865
11.35,09-20-2026 21:57:59:830,130223,171868
11.36,09-20-2026 21:57:59:840,130234,171856
11.37,09-20-2026 21:57:59:850,130229,171866
11.38,09-20-2026 21:57:59:860,130223,171866
11.39,09-20-2026 21:57:59:870,130214,171867
11.4,09-20-2026 21:57:59:880,130227,171877
11.41,09-20-2026 21:57:59:890,130220,171864
11.42,09-20-2026 21:57:59:900,130219,171855
11.43,09-20-2026 21:57:59:910,130229,171877
11.44,09-20-2026 21:57:59:920,130218,171867
11.45,09-20-2026 21:57:59:930,130226,171889
11.46,09-20-2026 21:57:59:940,130223,171838
11.47,09-20-2026 21:57:59:950,130217,171865
11.48,09-20-2026 21:57:59:960,130227,171840
11.49,09-20-2026 21:57:59:970,130223,171869
11.5,09-20-2026 21:57:59:980,130219,171837
11.51,09-20-2026 21:57:59:990,130229,171867
11.52,09-20-2026 21:58:00:000,130229,171838
11.53,09-20-2026 21:58:00:010,130212,171882
11.54,09-20-2026 21:58:00:020,130218,171851
11.55,09-20-2026 21:58:00:030,130224,171896
11.56,09-20-2026 21:58:00:040,130225,171856
11.57,09-20-2026 21:58:00:050,130224,171893
11.58,09-20-2026 21:58:00:060,130221,171831
11.59,09-20-2026 21:58:00:070,130231,171880
11.6,09-20-2026 21:58:00:080,130228,171844
11.61,09-20-2026 21:58:00:090,130220,171886
11.62,09-20-2026 21:58:00:100,130244,171845
11.63,09-20-2026 21:58:00:110,130214,171874
11.64,09-20-2026 21:58:00:120,130227,171848
11.65,09-20-2026 21:58:00:130,130218,171888
11.66,09-20-2026 21:58:00:140,130224,171848
11.67,09-20-2026 21:58:00:150,130220,171894
11.68,09-20-2026 21:58:00:160,130233,171845
11.69,09-20-2026 21:58:00:170,130228,171905
11.7,09-20-2026 21:58:00:180,130213,171830
11.71,09-20-2026 21:58:00:190,130226,171906
11.72,09-20-2026 21:58:00:200,130216,171860
11.73,09-20-2026 21:58:00:210,130233,171894
11.74,09-20-2026 21:58:00:220,130209,171867
11.75,09-20-2026 21:58:00:230,130225,171892
11.76,09-20-2026 21:58:00:240,130220,171887
11.77,09-20-2026 21:58:00:250,130238,171901
11.78,09-20-2026 21:58:00:260,130224,171867
11.79,09-20-2026 21:58:00:270,130225,171918
11.8,09-20-2026 21:58:00:280,130227,171902
11.81,09-20-2026 21:58:00:290,130224,171914
11.82,09-20-2026 21:58:00:300,130224,171877
11.83,09-20-2026 21:58:00:310,130219,171915
11.84,09-20-2026 21:58:00:320,130233,171914
11.85,09-20-2026 21:58:00:330,130215,171915
11.86,09-20-2026 21:58:00:340,130233,171929
11.87,09-20-2026 21:58:00:350,130222,171893
11.88,09-20-2026 21:58:00:360,130216,171902
11.89,09-20-2026 21:58:00:370,130224,171894
11.9,09-20-2026 21:58:00:380,130226,171892
11.91,09-20-2026 21:58:00:390,130219,171884
11.92,09-20-2026 21:58:00:400,130212,171890
11.93,09-20-2026 21:58:00:410,130214,171880
11.94,09-20-2026 21:58:00:420,130207,171890
11.95,09-20-2026 21:58:00:430,130217,171851
11.96,09-20-2026 21:58:00:440,130218,171894
11.97,09-20-2026 21:58:00:450,130213,171860
11.98,09-20-2026 21:58:00:460,130204,171871
11.99,09-20-2026 21:58:00:470,130196,171874
12,09-20-2026 21:58:00:480,130202,171884
12.01,09-20-2026 21:58:00:490,130197,171856
12.02,09-20-2026 21:58:00:500,130205,171872
12.03,09-20-2026 21:58:00:510,130220,171831
12.04,09-20-2026 21:58:00:520,130221,171874
12.05,09-20-2026 21:58:00:530,130209,171849
12.06,09-20-2026 21:58:00:540,130200,171861
12.07,09-20-2026 21:58:00:550,130211,171826
12.08,09-20-2026 21:58:00:560,130191,171844
12.09,09-20-2026 21:58:00:570,130211,171829
12.1,09-20-2026 21:58:00:580,130215,171856
12.11,09-20-2026 21:58:00:590,130198,171812
12.12,09-20-2026 21:58:00:600,130201,171853
12.13,09-20-2026 21:58:00:610,130194,171833
12.14,09-20-2026 21:58:00:620,130211,171876
12.15,09-20-2026 21:58:00:630,130191,171827
12.16,09-20-2026 21:58:00:640,130210,171868
12.17,09-20-2026 21:58:00:650,130205,171831
12.18,09-20-2026 21:58:00:660,130212,171873
12.19,09-20-2026 21:58:00:670,130204,171822
12.2,09-20-2026 21:58:00:680,130190,171838
12.21,09-20-2026 21:58:00:690,130195,171829
12.22,09-20-2026 21:58:00:700,130202,171823
12.23,09-20-2026 21:58:00:710,130209,171810
12.24,09-20-2026 21:58:00:720,130198,171839
12.25,09-20-2026 21:58:00:730,130196,171810
12.26,09-20-2026 21:58:00:740,130182,171838
12.27,09-20-2026 21:58:00:750,130184,171807
12.28,09-20-2026 21:58:00:760,130199,171830
12.29,09-20-2026 21:58:00:770,130205,171818
12.3,09-20-2026 21:58:00:780,130203,171835
12.31,09-20-2026 21:58:00:790,130205,171814
12.32,09-20-2026 21:58:00:800,130196,171815
12.33,09-20-2026 21:58:00:810,130206,171818
12.34,09-20-2026 21:58:00:820,130209,171809
12.35,09-20-2026 21:58:00:830,130199,171818
12.36,09-20-2026 21:58:00:840,130201,171804
12.37,09-20-2026 21:58:00:850,130198,171793
12.38,09-20-2026 21:58:00:860,130187,171794
12.39,09-20-2026 21:58:00:870,130178,171808
12.4,09-20-2026 21:58:00:880,130182,171797
12.41,09-20-2026 21:58:00:890,130187,171807
12.42,09-20-2026 21:58:00:900,130184,171795
12.43,09-20-2026 21:58:00:910,130186,171793
12.44,09-20-2026 21:58:00:920,130188,171796
12.45,09-20-2026 21:58:00:930,130186,171816
12.46,09-20-2026 21:58:00:940,130184,171805
12.47,09-20-2026 21:58:00:950,130179,171802
12.48,09-20-2026 21:58:00:960,130184,171802
12.49,09-20-2026 21:58:00:970,130180,171798
12.5,09-20-2026 21:58:00:980,130188,171810
12.51,09-20-2026 21:58:00:990,130179,171817
12.52,09-20-2026 21:58:01:000,130181,171805
12.53,09-20-2026 21:58:01:010,130199,171819
12.54,09-20-2026 21:58:01:020,130192,171806
12.55,09-20-2026 21:58:01:030,130173,171828
12.56,09-20-2026 21:58:01:040,130175,171813
12.57,09-20-2026 21:58:01:050,130158,171812
12.58,09-20-2026 21:58:01:060,130196,171818
12.59,09-20-2026 21:58:01:070,130189,171823
12.6,09-20-2026 21:58:01:080,130184,171814
12.61,09-20-2026 21:58:01:090,130182,171818
12.62,09-20-2026 21:58:01:100,130168,171806
12.63,09-20-2026 21:58:01:110,130190,171828
12.64,09-20-2026 21:58:01:120,130174,171834
12.65,09-20-2026 21:58:01:130,130196,171808
12.66,09-20-2026 21:58:01:140,130178,171824
12.67,09-20-2026 21:58:01:150,130191,171833
12.68,09-20-2026 21:58:01:160,130171,171839
12.69,09-20-2026 21:58:01:170,130180,171833
12.7,09-20-2026 21:58:01:180,130171,171834
12.71,09-20-2026 21:58:01:190,130186,171833
12.72,09-20-2026 21:58:01:200,130177,171845
12.73,09-20-2026 21:58:01:210,130190,171829
12.74,09-20-2026 21:58:01:220,130168,171846
12.75,09-20-2026 21:58:01:230,130179,171844
12.76,09-20-2026 21:58:01:240,130161,171845
12.77,09-20-2026 21:58:01:250,130192,171831
12.78,09-20-2026 21:58:01:260,130167,171825
12.79,09-20-2026 21:58:01:270,130184,171813
12.8,09-20-2026 21:58:01:280,130161,171802
12.81,09-20-2026 21:58:01:290,130169,171816
12.82,09-20-2026 21:58:01:300,130144,171804
12.83,09-20-2026 21:58:01:310,130191,171809
12.84,09-20-2026 21:58:01:320,130152,171790
12.85,09-20-2026 21:58:01:330,130180,171766
12.86,09-20-2026 21:58:01:340,130146,171784
12.87,09-20-2026 21:58:01:350,130177,171776
12.88,09-20-2026 21:58:01:360,130143,171783
12.89,09-20-2026 21:58:01:370,130185,171763
12.9,09-20-2026 21:58:01:380,130133,171778
12.91,09-20-2026 21:58:01:390,130172,171769
12.92,09-20-2026 21:58:01:400,130136,171778
12.93,09-20-2026 21:58:01:410,130165,171779
12.94,09-20-2026 21:58:01:420,130102,171762
12.95,09-20-2026 21:58:01:430,130172,171757
12.96,09-20-2026 21:58:01:440,130122,171760
12.97,09-20-2026 21:58:01:450,130183,171765
12.98,09-20-2026 21:58:01:460,130120,171753
12.99,09-20-2026 21:58:01:470,130143,171738
13,09-20-2026 21:58:01:480,130117,171764
13.01,09-20-2026 21:58:01:490,130163,171744
13.02,09-20-2026 21:58:01:500,130128,171737
13.03,09-20-2026 21:58:01:510,130163,171743
13.04,09-20-2026 21:58:01:520,130137,171744
13.05,09-20-2026 21:58:01:530,130156,171749
13.06,09-20-2026 21:58:01:540,130143,171730
13.07,09-20-2026 21:58:01:550,130154,171741
13.08,09-20-2026 21:58:01:560,130153,171759
13.09,09-20-2026 21:58:01:570,130174,171746
13.1,09-20-2026 21:58:01:580,130124,171737
13.11,09-20-2026 21:58:01:590,130164,171755
13.12,09-20-2026 21:58:01:600,130133,171761
13.13,09-20-2026 21:58:01:610,130171,171744
13.14,09-20-2026 21:58:01:620,130154,171755
13.15,09-20-2026 21:58:01:630,130162,171737
13.16,09-20-2026 21:58:01:640,130165,171726
13.17,09-20-2026 21:58:01:650,130161,171729
13.18,09-20-2026 21:58:01:660,130161,171722
13.19,09-20-2026 21:58:01:670,130147,171732
13.2,09-20-2026 21:58:01:680,130156,171725
13.21,09-20-2026 21:58:01:690,130148,171736
13.22,09-20-2026 21:58:01:700,130162,171737
13.23,09-20-2026 21:58:01:710,130153,171716
13.24,09-20-2026 21:58:01:720,130163,171731
13.25,09-20-2026 21:58:01:730,130138,171733
13.26,09-20-2026 21:58:01:740,130170,171720
13.27,09-20-2026 21:58:01:750,130139,171730
13.28,09-20-2026 21:58:01:760,130170,171729
13.29,09-20-2026 21:58:01:770,130141,171744
13.3,09-20-2026 21:58:01:780,130172,171734
13.31,09-20-2026 21:58:01:790,130167,171742
13.32,09-20-2026 21:58:01:800,130168,171741
13.33,09-20-2026 21:58:01:810,130149,171744
13.34,09-20-2026 21:58:01:820,130169,171741
13.35,09-20-2026 21:58:01:830,130154,171742
13.36,09-20-2026 21:58:01:840,130176,171735
13.37,09-20-2026 21:58:01:850,130129,171731
13.38,09-20-2026 21:58:01:860,130183,171748
13.39,09-20-2026 21:58:01:870,130150,171731
13.4,09-20-2026 21:58:01:880,130179,171752
13.41,09-20-2026 21:58:01:890,130130,171744
13.42,09-20-2026 21:58:01:900,130181,171741
13.43,09-20-2026 21:58:01:910,130134,171735
13.44,09-20-2026 21:58:01:920,130174,171745
13.45,09-20-2026 21:58:01:930,130127,171729
13.46,09-20-2026 21:58:01:940,130172,171741
13.47,09-20-2026 21:58:01:950,130113,171738
13.48,09-20-2026 21:58:01:960,130188,171756
13.49,09-20-2026 21:58:01:970,130154,171728
13.5,09-20-2026 21:58:01:980,130166,171735
13.51,09-20-2026 21:58:01:990,130136,171749
13.52,09-20-2026 21:58:02:000,130157,171765
13.53,09-20-2026 21:58:02:010,130140,171758
13.54,09-20-2026 21:58:02:020,130160,171750
13.55,09-20-2026 21:58:02:030,130138,171746
13.56,09-20-2026 21:58:02:040,130134,171759
13.57,09-20-2026 21:58:02:050,130136,171759
13.58,09-20-2026 21:58:02:060,130153,171738
13.59,09-20-2026 21:58:02:070,130123,171756
13.6,09-20-2026 21:58:02:080,130158,171779
13.61,09-20-2026 21:58:02:090,130127,171767
13.62,09-20-2026 21:58:02:100,130138,171747
13.63,09-20-2026 21:58:02:110,130111,171746
13.64,09-20-2026 21:58:02:120,130139,171761
13.65,09-20-2026 21:58:02:130,130134,171723
13.66,09-20-2026 21:58:02:140,130130,171723
13.67,09-20-2026 21:58:02:150,130137,171728
13.68,09-20-2026 21:58:02:160,130121,171731
13.69,09-20-2026 21:58:02:170,130123,171712
13.7,09-20-2026 21:58:02:180,130123,171712
13.71,09-20-2026 21:58:02:190,130132,171702
13.72,09-20-2026 21:58:02:200,130113,171698
13.73,09-20-2026 21:58:02:210,130124,171717
13.74,09-20-2026 21:58:02:220,130124,171697
13.75,09-20-2026 21:58:02:230,130131,171701
13.76,09-20-2026 21:58:02:240,130106,171669
13.77,09-20-2026 21:58:02:250,130121,171695
13.78,09-20-2026 21:58:02:260,130106,171647
13.79,09-20-2026 21:58:02:270,130124,171681
13.8,09-20-2026 21:58:02:280,130103,171656
13.81,09-20-2026 21:58:02:290,130128,171669
13.82,09-20-2026 21:58:02:300,130110,171653
13.83,09-20-2026 21:58:02:310,130123,171674
13.84,09-20-2026 21:58:02:320,130130,171641
13.85,09-20-2026 21:58:02:330,130104,171673
13.86,09-20-2026 21:58:02:340,130123,171646
13.87,09-20-2026 21:58:02:350,130128,171649
13.88,09-20-2026 21:58:02:360,130109,171620
13.89,09-20-2026 21:58:02:370,130091,171661
13.9,09-20-2026 21:58:02:380,130099,171603
13.91,09-20-2026 21:58:02:390,130097,171661
13.92,09-20-2026 21:58:02:400,130107,171599
13.93,09-20-2026 21:58:02:410,130106,171641
13.94,09-20-2026 21:58:02:420,130093,171610
13.95,09-20-2026 21:58:02:430,130104,171657
13.96,09-20-2026 21:58:02:440,130114,171589
13.97,09-20-2026 21:58:02:450,130123,171653
13.98,09-20-2026 21:58:02:460,130102,171602
13.99,09-20-2026 21:58:02:470,130098,171654
14,09-20-2026 21:58:02:480,130109,171587
14.01,09-20-2026 21:58:02:490,130101,171632
14.02,09-20-2026 21:58:02:500,130107,171616
14.03,09-20-2026 21:58:02:510,130107,171655
14.04,09-20-2026 21:58:02:520,130107,171567
14.05,09-20-2026 21:58:02:530,130100,171644
14.06,09-20-2026 21:58:02:540,130100,171638
14.07,09-20-2026 21:58:02:550,130103,171636
14.08,09-20-2026 21:58:02:560,130101,171593
14.09,09-20-2026 21:58:02:570,130110,171636
14.1,09-20-2026 21:58:02:580,130090,171619
14.11,09-20-2026 21:58:02:590,130102,171629
14.12,09-20-2026 21:58:02:600,130094,171612
14.13,09-20-2026 21:58:02:610,130105,171628
14.14,09-20-2026 21:58:02:620,130100,171614
14.15,09-20-2026 21:58:02:630,130101,171637
14.16,09-20-2026 21:58:02:640,130101,171609
14.17,09-20-2026 21:58:02:650,130092,171643
14.18,09-20-2026 21:58:02:660,130099,171646
14.19,09-20-2026 21:58:02:670,130093,171643
14.2,09-20-2026 21:58:02:680,130095,171652
14.21,09-20-2026 21:58:02:690,130093,171616
14.22,09-20-2026 21:58:02:700,130085,171641
14.23,09-20-2026 21:58:02:710,130083,171652
14.24,09-20-2026 21:58:02:720,130106,171649
14.25,09-20-2026 21:58:02:730,130094,171645
14.26,09-20-2026 21:58:02:740,130080,171655
14.27,09-20-2026 21:58:02:750,130070,171628
14.28,09-20-2026 21:58:02:760,130102,171644
14.29,09-20-2026 21:58:02:770,130075,171652
14.3,09-20-2026 21:58:02:780,130096,171670
14.31,09-20-2026 21:58:02:790,130083,171636
14.32,09-20-2026 21:58:02:800,130078,171671
14.33,09-20-2026 21:58:02:810,130076,171675
14.34,09-20-2026 21:58:02:820,130088,171652
14.35,09-20-2026 21:58:02:830,130089,171653
14.36,09-20-2026 21:58:02:840,130095,171655
14.37,09-20-2026 21:58:02:850,130092,171642
14.38,09-20-2026 21:58:02:860,130084,171674
14.39,09-20-2026 21:58:02:870,130085,171645
14.4,09-20-2026 21:58:02:880,130081,171685
14.41,09-20-2026 21:58:02:890,130084,171640
14.42,09-20-2026 21:58:02:900,130077,171670
14.43,09-20-2026 21:58:02:910,130087,171648
14.44,09-20-2026 21:58:02:920,130075,171673
14.45,09-20-2026 21:58:02:930,130070,171656
14.46,09-20-2026 21:58:02:940,130080,171701
14.47,09-20-2026 21:58:02:950,130093,171661
14.48,09-20-2026 21:58:02:960,130078,171691
14.49,09-20-2026 21:58:02:970,130076,171649
14.5,09-20-2026 21:58:02:980,130073,171702
14.51,09-20-2026 21:58:02:990,130077,171660
14.52,09-20-2026 21:58:03:000,130072,171667
14.53,09-20-2026 21:58:03:010,130097,171666
14.54,09-20-2026 21:58:03:020,130068,171681
14.55,09-20-2026 21:58:03:030,130076,171667
14.56,09-20-2026 21:58:03:040,130067,171690
14.57,09-20-2026 21:58:03:050,130086,171654
14.58,09-20-2026 21:58:03:060,130075,171673
14.59,09-20-2026 21:58:03:070,130071,171648
14.6,09-20-2026 21:58:03:080,130079,171644
14.61,09-20-2026 21:58:03:090,130072,171641
14.62,09-20-2026 21:58:03:100,130067,171642
14.63,09-20-2026 21:58:03:110,130071,171644
14.64,09-20-2026 21:58:03:120,130065,171609
14.65,09-20-2026 21:58:03:130,130069,171619
14.66,09-20-2026 21:58:03:140,130070,171622
14.67,09-20-2026 21:58:03:150,130075,171632
14.68,09-20-2026 21:58:03:160,130079,171621
14.69,09-20-2026 21:58:03:170,130074,171606
14.7,09-20-2026 21:58:03:180,130066,171601
14.71,09-20-2026 21:58:03:190,130069,171598
14.72,09-20-2026 21:58:03:200,130070,171589
14.73,09-20-2026 21:58:03:210,130061,171604
14.74,09-20-2026 21:58:03:220,130059,171589
14.75,09-20-2026 21:58:03:230,130048,171583
14.76,09-20-2026 21:58:03:240,130053,171583
14.77,09-20-2026 21:58:03:250,130054,171555
14.78,09-20-2026 21:58:03:260,130064,171576
14.79,09-20-2026 21:58:03:270,130057,171574
14.8,09-20-2026 21:58:03:280,130060,171582
14.81,09-20-2026 21:58:03:290,130055,171556
14.82,09-20-2026 21:58:03:300,130053,171559
14.83,09-20-2026 21:58:03:310,130053,171560
14.84,09-20-2026 21:58:03:320,130044,171574
14.85,09-20-2026 21:58:03:330,130050,171549
14.86,09-20-2026 21:58:03:340,130041,171549
14.87,09-20-2026 21:58:03:350,130044,171563
14.88,09-20-2026 21:58:03:360,130064,171552
14.89,09-20-2026 21:58:03:370,130061,171575
14.9,09-20-2026 21:58:03:380,130047,171539
14.91,09-20-2026 21:58:03:390,130046,171547
14.92,09-20-2026 21:58:03:400,130039,171569
14.93,09-20-2026 21:58:03:410,130043,171557
14.94,09-20-2026 21:58:03:420,130043,171545
14.95,09-20-2026 21:58:03:430,130031,171565
14.96,09-20-2026 21:58:03:440,130042,171538
14.97,09-20-2026 21:58:03:450,130026,171542
14.98,09-20-2026 21:58:03:460,130026,171526
14.99,09-20-2026 21:58:03:470,130036,171555
15,09-20-2026 21:58:03:480,130030,171544
15.01,09-20-2026 21:58:03:490,130032,171535
15.02,09-20-2026 21:58:03:500,130008,171552
15.03,09-20-2026 21:58:03:510,130045,171540
15.04,09-20-2026 21:58:03:520,130013,171529
15.05,09-20-2026 21:58:03:530,130022,171553
15.06,09-20-2026 21:58:03:540,130006,171547
15.07,09-20-2026 21:58:03:550,130029,171534
15.08,09-20-2026 21:58:03:560,130005,171531
15.09,09-20-2026 21:58:03:570,130035,171524
15.1,09-20-2026 21:58:03:580,130000,171540
15.11,09-20-2026 21:58:03:590,130030,171550
15.12,09-20-2026 21:58:03:600,130019,171551
15.13,09-20-2026 21:58:03:610,130028,171548
15.14,09-20-2026 21:58:03:620,129986,171551
15.15,09-20-2026 21:58:03:630,130031,171531
15.16,09-20-2026 21:58:03:640,129995,171538
15.17,09-20-2026 21:58:03:650,130024,171540
15.18,09-20-2026 21:58:03:660,129988,171541
15.19,09-20-2026 21:58:03:670,130028,171544
15.2,09-20-2026 21:58:03:680,129975,171548
15.21,09-20-2026 21:58:03:690,130029,171540
15.22,09-20-2026 21:58:03:700,129986,171554
15.23,09-20-2026 21:58:03:710,130027,171548
15.24,09-20-2026 21:58:03:720,129997,171554
15.25,09-20-2026 21:58:03:730,130016,171557
15.26,09-20-2026 21:58:03:740,129997,171551
15.27,09-20-2026 21:58:03:750,130017,171551
15.28,09-20-2026 21:58:03:760,129991,171568
15.29,09-20-2026 21:58:03:770,130007,171530
15.3,09-20-2026 21:58:03:780,130011,171562
15.31,09-20-2026 21:58:03:790,130019,171563
15.32,09-20-2026 21:58:03:800,130006,171555
15.33,09-20-2026 21:58:03:810,130019,171573
15.34,09-20-2026 21:58:03:820,130002,171536
15.35,09-20-2026 21:58:03:830,130025,171552
15.36,09-20-2026 21:58:03:840,130011,171548
15.37,09-20-2026 21:58:03:850,130019,171553
15.38,09-20-2026 21:58:03:860,130006,171554
15.39,09-20-2026 21:58:03:870,130031,171546
15.4,09-20-2026 21:58:03:880,130008,171567
15.41,09-20-2026 21:58:03:890,130022,171581
15.42,09-20-2026 21:58:03:900,130039,171570
15.43,09-20-2026 21:58:03:910,130017,171555
15.44,09-20-2026 21:58:03:920,130049,171570
15.45,09-20-2026 21:58:03:930,130030,171567
15.46,09-20-2026 21:58:03:940,130026,171585
15.47,09-20-2026 21:58:03:950,130039,171577
15.48,09-20-2026 21:58:03:960,130021,171578
15.49,09-20-2026 21:58:03:970,130015,171560
15.5,09-20-2026 21:58:03:980,130034,171590
15.51,09-20-2026 21:58:03:990,130020,171585
15.52,09-20-2026 21:58:04:000,130045,171571
15.53,09-20-2026 21:58:04:010,130032,171573
15.54,09-20-2026 21:58:04:020,130032,171585
15.55,09-20-2026 21:58:04:030,130013,171581
15.56,09-20-2026 21:58:04:040,130019,171574
15.57,09-20-2026 21:58:04:050,130023,171567
15.58,09-20-2026 21:58:04:060,130044,171560
15.59,09-20-2026 21:58:04:070,130017,171558
15.6,09-20-2026 21:58:04:080,130046,171563
15.61,09-20-2026 21:58:04:090,130003,171531
15.62,09-20-2026 21:58:04:100,130035,171531
15.63,09-20-2026 21:58:04:110,129994,171544
15.64,09-20-2026 21:58:04:120,130033,171555
15.65,09-20-2026 21:58:04:130,130007,171532
15.66,09-20-2026 21:58:04:140,130037,171520
15.67,09-20-2026 21:58:04:150,130006,171529
15.68,09-20-2026 21:58:04:160,130053,171543
15.69,09-20-2026 21:58:04:170,130004,171526
15.7,09-20-2026 21:58:04:180,130055,171541
15.71,09-20-2026 21:58:04:190,130013,171501
15.72,09-20-2026 21:58:04:200,130027,171522
15.73,09-20-2026 21:58:04:210,129998,171529
15.74,09-20-2026 21:58:04:220,130006,171507
15.75,09-20-2026 21:58:04:230,129986,171507
15.76,09-20-2026 21:58:04:240,130021,171495
15.77,09-20-2026 21:58:04:250,129983,171492
15.78,09-20-2026 21:58:04:260,130030,171485
15.79,09-20-2026 21:58:04:270,130006,171483
15.8,09-20-2026 21:58:04:280,130018,171504
15.81,09-20-2026 21:58:04:290,130003,171471
15.82,09-20-2026 21:58:04:300,130002,171475
15.83,09-20-2026 21:58:04:310,129995,171482
15.84,09-20-2026 21:58:04:320,130016,171492
15.85,09-20-2026 21:58:04:330,129987,171480
15.86,09-20-2026 21:58:04:340,129989,171502
15.87,09-20-2026 21:58:04:350,129985,171489
15.88,09-20-2026 21:58:04:360,129977,171493
15.89,09-20-2026 21:58:04:370,129994,171447
15.9,09-20-2026 21:58:04:380,129985,171484
15.91,09-20-2026 21:58:04:390,129978,171466
15.92,09-20-2026 21:58:04:400,129987,171496
15.93,09-20-2026 21:58:04:410,129991,171472
15.94,09-20-2026 21:58:04:420,129988,171496
15.95,09-20-2026 21:58:04:430,129990,171456
15.96,09-20-2026 21:58:04:440,129975,171498
15.97,09-20-2026 21:58:04:450,129987,171449
15.98,09-20-2026 21:58:04:460,129970,171481
15.99,09-20-2026 21:58:04:470,129985,171452
16,09-20-2026 21:58:04:480,129972,171480
16.01,09-20-2026 21:58:04:490,130003,171457
16.02,09-20-2026 21:58:04:500,129991,171468
16.03,09-20-2026 21:58:04:510,129983,171448
16.04,09-20-2026 21:58:04:520,129970,171469
16.05,09-20-2026 21:58:04:530,129984,171438
16.06,09-20-2026 21:58:04:540,129967,171457
16.07,09-20-2026 21:58:04:550,129966,171448
16.08,09-20-2026 21:58:04:560,129975,171484
16.09,09-20-2026 21:58:04:570,129978,171418
16.1,09-20-2026 21:58:04:580,129961,171473
16.11,09-20-2026 21:58:04:590,129967,171435
16.12,09-20-2026 21:58:04:600,129966,171470
16.13,09-20-2026 21:58:04:610,129986,171446
16.14,09-20-2026 21:58:04:620,129962,171479
16.15,09-20-2026 21:58:04:630,129968,171411
16.16,09-20-2026 21:58:04:640,129955,171465
16.17,09-20-2026 21:58:04:650,129980,171438
16.18,09-20-2026 21:58:04:660,129977,171470
16.19,09-20-2026 21:58:04:670,129975,171416
16.2,09-20-2026 21:58:04:680,129964,171472
16.21,09-20-2026 21:58:04:690,129973,171447
16.22,09-20-2026 21:58:04:700,129965,171496
16.23,09-20-2026 21:58:04:710,129978,171433
16.24,09-20-2026 21:58:04:720,129956,171481
16.25,09-20-2026 21:58:04:730,129968,171421
16.26,09-20-2026 21:58:04:740,129948,171466
16.27,09-20-2026 21:58:04:750,129984,171485
16.28,09-20-2026 21:58:04:760,129957,171478
16.29,09-20-2026 21:58:04:770,129960,171442
16.3,09-20-2026 21:58:04:780,129965,171479
16.31,09-20-2026 21:58:04:790,129961,171458
16.32,09-20-2026 21:58:04:800,129963,171475
16.33,09-20-2026 21:58:04:810,129967,171468
16.34,09-20-2026 21:58:04:820,129952,171496
16.35,09-20-2026 21:58:04:830,129975,171471
16.36,09-20-2026 21:58:04:840,129960,171493
16.37,09-20-2026 21:58:04:850,129962,171473
16.38,09-20-2026 21:58:04:860,129954,171485
16.39,09-20-2026 21:58:04:870,129966,171476
16.4,09-20-2026 21:58:04:880,129959,171520
16.41,09-20-2026 21:58:04:890,129966,171507
16.42,09-20-2026 21:58:04:900,129955,171492
16.43,09-20-2026 21:58:04:910,129971,171499
16.44,09-20-2026 21:58:04:920,129971,171504
16.45,09-20-2026 21:58:04:930,129966,171512
16.46,09-20-2026 21:58:04:940,129964,171529
16.47,09-20-2026 21:58:04:950,129959,171514
16.48,09-20-2026 21:58:04:960,129969,171516
16.49,09-20-2026 21:58:04:970,129957,171522
16.5,09-20-2026 21:58:04:980,129957,171525
16.51,09-20-2026 21:58:04:990,129961,171534
16.52,09-20-2026 21:58:05:000,129951,171519
16.53,09-20-2026 21:58:05:010,129945,171536
16.54,09-20-2026 21:58:05:020,129960,171521
16.55,09-20-2026 21:58:05:030,129944,171523
16.56,09-20-2026 21:58:05:040,129958,171509
16.57,09-20-2026 21:58:05:050,129942,171517
16.58,09-20-2026 21:58:05:060,129946,171473
16.59,09-20-2026 21:58:05:070,129950,171496
16.6,09-20-2026 21:58:05:080,129967,171463
16.61,09-20-2026 21:58:05:090,129954,171488
16.62,09-20-2026 21:58:05:100,129954,171456
16.63,09-20-2026 21:58:05:110,129951,171501
16.64,09-20-2026 21:58:05:120,129947,171446
16.65,09-20-2026 21:58:05:130,129954,171485
16.66,09-20-2026 21:58:05:140,129948,171439
16.67,09-20-2026 21:58:05:150,129937,171500
16.68,09-20-2026 21:58:05:160,129922,171446
16.69,09-20-2026 21:58:05:170,129937,171461
16.7,09-20-2026 21:58:05:180,129945,171429
16.71,09-20-2026 21:58:05:190,129941,171468
16.72,09-20-2026 21:58:05:200,129932,171424
16.73,09-20-2026 21:58:05:210,129935,171450
16.74,09-20-2026 21:58:05:220,129936,171422
16.75,09-20-2026 21:58:05:230,129950,171435
16.76,09-20-2026 21:58:05:240,129920,171424
16.77,09-20-2026 21:58:05:250,129951,171419
16.78,09-20-2026 21:58:05:260,129923,171418
16.79,09-20-2026 21:58:05:270,129935,171439
16.8,09-20-2026 21:58:05:280,129919,171402
16.81,09-20-2026 21:58:05:290,129926,171421
16.82,09-20-2026 21:58:05:300,129924,171416
16.83,09-20-2026 21:58:05:310,129920,171419
16.84,09-20-2026 21:58:05:320,129917,171401
16.85,09-20-2026 21:58:05:330,129935,171426
16.86,09-20-2026 21:58:05:340,129924,171402
16.87,09-20-2026 21:58:05:350,129915,171405
16.88,09-20-2026 21:58:05:360,129910,171400
16.89,09-20-2026 21:58:05:370,129912,171370
16.9,09-20-2026 21:58:05:380,129922,171399
16.91,09-20-2026 21:58:05:390,129918,171385
16.92,09-20-2026 21:58:05:400,129917,171385
16.93,09-20-2026 21:58:05:410,129901,171379
16.94,09-20-2026 21:58:05:420,129910,171405
16.95,09-20-2026 21:58:05:430,129916,171388
16.96,09-20-2026 21:58:05:440,129906,171380
16.97,09-20-2026 21:58:05:450,129915,171382
16.98,09-20-2026 21:58:05:460,129889,171375
16.99,09-20-2026 21:58:05:470,129899,171378
17,09-20-2026 21:58:05:480,129912,171382
17.01,09-20-2026 21:58:05:490,129900,171380
17.02,09-20-2026 21:58:05:500,129907,171381
17.03,09-20-2026 21:58:05:510,129899,171375
17.04,09-20-2026 21:58:05:520,129895,171388
17.05,09-20-2026 21:58:05:530,129904,171373
17.06,09-20-2026 21:58:05:540,129903,171371
17.07,09-20-2026 21:58:05:550,129900,171391
17.08,09-20-2026 21:58:05:560,129914,171391
17.09,09-20-2026 21:58:05:570,129906,171373
17.1,09-20-2026 21:58:05:580,129913,171404
17.11,09-20-2026 21:58:05:590,129903,171379
17.12,09-20-2026 21:58:05:600,129901,171385
17.13,09-20-2026 21:58:05:610,129910,171373
17.14,09-20-2026 21:58:05:620,129896,171384
17.15,09-20-2026 21:58:05:630,129895,171373
17.16,09-20-2026 21:58:05:640,129882,171397
17.17,09-20-2026 21:58:05:650,129895,171387
17.18,09-20-2026 21:58:05:660,129893,171399
17.19,09-20-2026 21:58:05:670,129888,171374
17.2,09-20-2026 21:58:05:680,129884,171388
17.21,09-20-2026 21:58:05:690,129887,171386
17.22,09-20-2026 21:58:05:700,129887,171393
17.23,09-20-2026 21:58:05:710,129892,171386
17.24,09-20-2026 21:58:05:720,129882,171382
17.25,09-20-2026 21:58:05:730,129883,171393
17.26,09-20-2026 21:58:05:740,129887,171378
17.27,09-20-2026 21:58:05:750,129875,171391
17.28,09-20-2026 21:58:05:760,129882,171386
17.29,09-20-2026 21:58:05:770,129879,171398
17.3,09-20-2026 21:58:05:780,129884,171396
17.31,09-20-2026 21:58:05:790,129869,171397
17.32,09-20-2026 21:58:05:800,129885,171410
17.33,09-20-2026 21:58:05:810,129858,171397
17.34,09-20-2026 21:58:05:820,129866,171399
17.35,09-20-2026 21:58:05:830,129851,171392
17.36,09-20-2026 21:58:05:840,129892,171416
17.37,09-20-2026 21:58:05:850,129865,171428
17.38,09-20-2026 21:58:05:860,129882,171393
17.39,09-20-2026 21:58:05:870,129859,171414
17.4,09-20-2026 21:58:05:880,129883,171412
17.41,09-20-2026 21:58:05:890,129863,171412
17.42,09-20-2026 21:58:05:900,129867,171420
17.43,09-20-2026 21:58:05:910,129852,171415
17.44,09-20-2026 21:58:05:920,129891,171431
17.45,09-20-2026 21:58:05:930,129845,171435
17.46,09-20-2026 21:58:05:940,129892,171438
17.47,09-20-2026 21:58:05:950,129853,171424
17.48,09-20-2026 21:58:05:960,129888,171429
17.49,09-20-2026 21:58:05:970,129849,171439
17.5,09-20-2026 21:58:05:980,129888,171423
17.51,09-20-2026 21:58:05:990,129833,171425
17.52,09-20-2026 21:58:06:000,129878,171435
17.53,09-20-2026 21:58:06:010,129850,171447
17.54,09-20-2026 21:58:06:020,129875,171454
17.55,09-20-2026 21:58:06:030,129835,171435
17.56,09-20-2026 21:58:06:040,129888,171414
17.57,09-20-2026 21:58:06:050,129850,171417
17.58,09-20-2026 21:58:06:060,129896,171398
17.59,09-20-2026 21:58:06:070,129840,171403
17.6,09-20-2026 21:58:06:080,129874,171380
17.61,09-20-2026 21:58:06:090,129850,171394
17.62,09-20-2026 21:58:06:100,129876,171372
17.63,09-20-2026 21:58:06:110,129820,171383
17.64,09-20-2026 21:58:06:120,129882,171390
17.65,09-20-2026 21:58:06:130,129845,171368
17.66,09-20-2026 21:58:06:140,129871,171378
17.67,09-20-2026 21:58:06:150,129839,171366
17.68,09-20-2026 21:58:06:160,129865,171374
17.69,09-20-2026 21:58:06:170,129846,171363
17.7,09-20-2026 21:58:06:180,129863,171354
17.71,09-20-2026 21:58:06:190,129861,171350
17.72,09-20-2026 21:58:06:200,129860,171367
17.73,09-20-2026 21:58:06:210,129858,171362
17.74,09-20-2026 21:58:06:220,129850,171339
17.75,09-20-2026 21:58:06:230,129865,171322
17.76,09-20-2026 21:58:06:240,129863,171327
17.77,09-20-2026 21:58:06:250,129851,171317
17.78,09-20-2026 21:58:06:260,129851,171324
17.79,09-20-2026 21:58:06:270,129866,171322
17.8,09-20-2026 21:58:06:280,129815,171297
17.81,09-20-2026 21:58:06:290,129871,171325
17.82,09-20-2026 21:58:06:300,129834,171327
17.83,09-20-2026 21:58:06:310,129844,171306
17.84,09-20-2026 21:58:06:320,129839,171290
17.85,09-20-2026 21:58:06:330,129883,171306
17.86,09-20-2026 21:58:06:340,129841,171311
17.87,09-20-2026 21:58:06:350,129880,171316
17.88,09-20-2026 21:58:06:360,129841,171308
17.89,09-20-2026 21:58:06:370,129873,171301
17.9,09-20-2026 21:58:06:380,129817,171292
17.91,09-20-2026 21:58:06:390,129884,171288
17.92,09-20-2026 21:58:06:400,129825,171285
17.93,09-20-2026 21:58:06:410,129880,171307
17.94,09-20-2026 21:58:06:420,129828,171296
17.95,09-20-2026 21:58:06:430,129869,171314
17.96,09-20-2026 21:58:06:440,129816,171294
17.97,09-20-2026 21:58:06:450,129866,171302
17.98,09-20-2026 21:58:06:460,129827,171292
17.99,09-20-2026 21:58:06:470,129852,171297
18,09-20-2026 21:58:06:480,129817,171273
18.01,09-20-2026 21:58:06:490,129860,171283
18.02,09-20-2026 21:58:06:500,129812,171294
18.03,09-20-2026 21:58:06:510,129827,171285
18.04,09-20-2026 21:58:06:520,129823,171285
18.05,09-20-2026 21:58:06:530,129830,171283
18.06,09-20-2026 21:58:06:540,129802,171282
18.07,09-20-2026 21:58:06:550,129833,171296
18.08,09-20-2026 21:58:06:560,129798,171297
18.09,09-20-2026 21:58:06:570,129831,171290
18.1,09-20-2026 21:58:06:580,129810,171294
18.11,09-20-2026 21:58:06:590,129810,171300
18.12,09-20-2026 21:58:06:600,129816,171292
18.13,09-20-2026 21:58:06:610,129830,171290
18.14,09-20-2026 21:58:06:620,129811,171272
18.15,09-20-2026 21:58:06:630,129825,171281
18.16,09-20-2026 21:58:06:640,129800,171297
18.17,09-20-2026 21:58:06:650,129798,171285
18.18,09-20-2026 21:58:06:660,129788,171273
18.19,09-20-2026 21:58:06:670,129780,171300
18.2,09-20-2026 21:58:06:680,129790,171303
18.21,09-20-2026 21:58:06:690,129795,171283
18.22,09-20-2026 21:58:06:700,129778,171295
18.23,09-20-2026 21:58:06:710,129802,171274
18.24,09-20-2026 21:58:06:720,129780,171270
18.25,09-20-2026 21:58:06:730,129805,171300
18.26,09-20-2026 21:58:06:740,129795,171297
18.27,09-20-2026 21:58:06:750,129804,171288
18.28,09-20-2026 21:58:06:760,129789,171291
18.29,09-20-2026 21:58:06:770,129791,171293
18.3,09-20-2026 21:58:06:780,129793,171267
18.31,09-20-2026 21:58:06:790,129792,171295
18.32,09-20-2026 21:58:06:800,129791,171265
18.33,09-20-2026 21:58:06:810,129777,171280
18.34,09-20-2026 21:58:06:820,129801,171271
18.35,09-20-2026 21:58:06:830,129775,171301
18.36,09-20-2026 21:58:06:840,129796,171268
18.37,09-20-2026 21:58:06:850,129787,171291
18.38,09-20-2026 21:58:06:860,129775,171295
18.39,09-20-2026 21:58:06:870,129798,171298
18.4,09-20-2026 21:58:06:880,129792,171272
18.41,09-20-2026 21:58:06:890,129777,171305
18.42,09-20-2026 21:58:06:900,129792,171265
18.43,09-20-2026 21:58:06:910,129768,171305
18.44,09-20-2026 21:58:06:920,129785,171297
18.45,09-20-2026 21:58:06:930,129781,171309
18.46,09-20-2026 21:58:06:940,129797,171278
18.47,09-20-2026 21:58:06:950,129773,171334
18.48,09-20-2026 21:58:06:960,129788,171255
18.49,09-20-2026 21:58:06:970,129777,171290
18.5,09-20-2026 21:58:06:980,129793,171256
18.51,09-20-2026 21:58:06:990,129782,171294
18.52,09-20-2026 21:58:07:000,129790,171225
18.53,09-20-2026 21:58:07:010,129768,171280
18.54,09-20-2026 21:58:07:020,129781,171226
18.55,09-20-2026 21:58:07:030,129762,171253
18.56,09-20-2026 21:58:07:040,129773,171202
18.57,09-20-2026 21:58:07:050,129754,171259
18.58,09-20-2026 21:58:07:060,129769,171190
18.59,09-20-2026 21:58:07:070,129759,171249
18.6,09-20-2026 21:58:07:080,129764,171176
18.61,09-20-2026 21:58:07:090,129758,171233
18.62,09-20-2026 21:58:07:100,129751,171215
18.63,09-20-2026 21:58:07:110,129750,171212
18.64,09-20-2026 21:58:07:120,129751,171199
18.65,09-20-2026 21:58:07:130,129762,171218
18.66,09-20-2026 21:58:07:140,129752,171196
18.67,09-20-2026 21:58:07:150,129749,171212
18.68,09-20-2026 21:58:07:160,129754,171195
18.69,09-20-2026 21:58:07:170,129747,171198
18.7,09-20-2026 21:58:07:180,129737,171200
18.71,09-20-2026 21:58:07:190,129745,171207
18.72,09-20-2026 21:58:07:200,129744,171200
18.73,09-20-2026 21:58:07:210,129749,171207
18.74,09-20-2026 21:58:07:220,129756,171204
18.75,09-20-2026 21:58:07:230,129745,171209
18.76,09-20-2026 21:58:07:240,129733,171213
18.77,09-20-2026 21:58:07:250,129730,171214
18.78,09-20-2026 21:58:07:260,129724,171202
18.79,09-20-2026 21:58:07:270,129746,171210
18.8,09-20-2026 21:58:07:280,129748,171205
18.81,09-20-2026 21:58:07:290,129741,171179
18.82,09-20-2026 21:58:07:300,129742,171211
18.83,09-20-2026 21:58:07:310,129727,171180
18.84,09-20-2026 21:58:07:320,129744,171195
18.85,09-20-2026 21:58:07:330,129747,171194
18.86,09-20-2026 21:58:07:340,129725,171187
18.87,09-20-2026 21:58:07:350,129731,171180
18.88,09-20-2026 21:58:07:360,129739,171206
18.89,09-20-2026 21:58:07:370,129733,171170
18.9,09-20-2026 21:58:07:380,129725,171210
18.91,09-20-2026 21:58:07:390,129729,171163
18.92,09-20-2026 21:58:07:400,129719,171194
18.93,09-20-2026 21:58:07:410,129715,171177
18.94,09-20-2026 21:58:07:420,129714,171201
18.95,09-20-2026 21:58:07:430,129730,171189
18.96,09-20-2026 21:58:07:440,129736,171212
18.97,09-20-2026 21:58:07:450,129721,171162
18.98,09-20-2026 21:58:07:460,129734,171197
18.99,09-20-2026 21:58:07:470,129718,171166
19,09-20-2026 21:58:07:480,129727,171211
19.01,09-20-2026 21:58:07:490,129716,171169
19.02,09-20-2026 21:58:07:500,129711,171207
19.03,09-20-2026 21:58:07:510,129738,171160
19.04,09-20-2026 21:58:07:520,129735,171207
19.05,09-20-2026 21:58:07:530,129712,171184
19.06,09-20-2026 21:58:07:540,129704,171193
19.07,09-20-2026 21:58:07:550,129726,171177
19.08,09-20-2026 21:58:07:560,129705,171197
19.09,09-20-2026 21:58:07:570,129714,171176
19.1,09-20-2026 21:58:07:580,129720,171201
19.11,09-20-2026 21:58:07:590,129715,171180
19.12,09-20-2026 21:58:07:600,129723,171208
19.13,09-20-2026 21:58:07:610,129707,171184
19.14,09-20-2026 21:58:07:620,129705,171198
19.15,09-20-2026 21:58:07:630,129718,171180
19.16,09-20-2026 21:58:07:640,129727,171208
19.17,09-20-2026 21:58:07:650,129713,171191
19.18,09-20-2026 21:58:07:660,129723,171182
19.19,09-20-2026 21:58:07:670,129716,171177
19.2,09-20-2026 21:58:07:680,129705,171199
19.21,09-20-2026 21:58:07:690,129724,171190
19.22,09-20-2026 21:58:07:700,129723,171204
19.23,09-20-2026 21:58:07:710,129724,171196
19.24,09-20-2026 21:58:07:720,129715,171191
19.25,09-20-2026 21:58:07:730,129709,171203
19.26,09-20-2026 21:58:07:740,129705,171210
19.27,09-20-2026 21:58:07:750,129703,171196
19.28,09-20-2026 21:58:07:760,129703,171187
19.29,09-20-2026 21:58:07:770,129712,171207
19.3,09-20-2026 21:58:07:780,129717,171208
19.31,09-20-2026 21:58:07:790,129699,171205
19.32,09-20-2026 21:58:07:800,129701,171203
19.33,09-20-2026 21:58:07:810,129716,171196
19.34,09-20-2026 21:58:07:820,129704,171202
19.35,09-20-2026 21:58:07:830,129697,171195
19.36,09-20-2026 21:58:07:840,129715,171221
19.37,09-20-2026 21:58:07:850,129695,171194
19.38,09-20-2026 21:58:07:860,129707,171178
19.39,09-20-2026 21:58:07:870,129715,171172
19.4,09-20-2026 21:58:07:880,129691,171174
19.41,09-20-2026 21:58:07:890,129692,171146
19.42,09-20-2026 21:58:07:900,129702,171141
19.43,09-20-2026 21:58:07:910,129721,171152
19.44,09-20-2026 21:58:07:920,129699,171152
19.45,09-20-2026 21:58:07:930,129680,171116
19.46,09-20-2026 21:58:07:940,129685,171148
19.47,09-20-2026 21:58:07:950,129687,171151
19.48,09-20-2026 21:58:07:960,129686,171130
19.49,09-20-2026 21:58:07:970,129685,171114
19.5,09-20-2026 21:58:07:980,129681,171120
19.51,09-20-2026 21:58:07:990,129679,171111
19.52,09-20-2026 21:58:08:000,129692,171121
19.53,09-20-2026 21:58:08:010,129675,171109
19.54,09-20-2026 21:58:08:020,129669,171119
19.55,09-20-2026 21:58:08:030,129678,171099
19.56,09-20-2026 21:58:08:040,129658,171085
19.57,09-20-2026 21:58:08:050,129679,171102
19.58,09-20-2026 21:58:08:060,129658,171079
19.59,09-20-2026 21:58:08:070,129676,171099
19.6,09-20-2026 21:58:08:080,129650,171072
19.61,09-20-2026 21:58:08:090,129681,171089
19.62,09-20-2026 21:58:08:100,129644,171077
19.63,09-20-2026 21:58:08:110,129667,171082
19.64,09-20-2026 21:58:08:120,129638,171099
19.65,09-20-2026 21:58:08:130,129692,171075
19.66,09-20-2026 21:58:08:140,129645,171079
19.67,09-20-2026 21:58:08:150,129662,171078
19.68,09-20-2026 21:58:08:160,129612,171067
19.69,09-20-2026 21:58:08:170,129674,171063
19.7,09-20-2026 21:58:08:180,129638,171056
19.71,09-20-2026 21:58:08:190,129668,171061
19.72,09-20-2026 21:58:08:200,129622,171060
19.73,09-20-2026 21:58:08:210,129666,171068
19.74,09-20-2026 21:58:08:220,129621,171070
19.75,09-20-2026 21:58:08:230,129666,171044
19.76,09-20-2026 21:58:08:240,129611,171054
19.77,09-20-2026 21:58:08:250,129661,171063
19.78,09-20-2026 21:58:08:260,129613,171064
19.79,09-20-2026 21:58:08:270,129670,171082
19.8,09-20-2026 21:58:08:280,129637,171060
19.81,09-20-2026 21:58:08:290,129673,171065
19.82,09-20-2026 21:58:08:300,129638,171071
19.83,09-20-2026 21:58:08:310,129660,171051
19.84,09-20-2026 21:58:08:320,129614,171056
19.85,09-20-2026 21:58:08:330,129652,171033
19.86,09-20-2026 21:58:08:340,129618,171041
19.87,09-20-2026 21:58:08:350,129656,171052
19.88,09-20-2026 21:58:08:360,129626,171042
19.89,09-20-2026 21:58:08:370,129656,171065
19.9,09-20-2026 21:58:08:380,129626,171047
19.91,09-20-2026 21:58:08:390,129653,171043
19.92,09-20-2026 21:58:08:400,129617,171053
19.93,09-20-2026 21:58:08:410,129642,171069
19.94,09-20-2026 21:58:08:420,129647,171053
19.95,09-20-2026 21:58:08:430,129658,171053
19.96,09-20-2026 21:58:08:440,129664,171047
19.97,09-20-2026 21:58:08:450,129655,171067
19.98,09-20-2026 21:58:08:460,129667,171050
19.99,09-20-2026 21:58:08:470,129645,171074
20,09-20-2026 21:58:08:480,129671,171056
20.01,09-20-2026 21:58:08:490,129663,171059
20.02,09-20-2026 21:58:08:500,129654,171058
20.03,09-20-2026 21:58:08:510,129649,171060
20.04,09-20-2026 21:58:08:520,129649,171060
20.05,09-20-2026 21:58:08:530,129651,171072
20.06,09-20-2026 21:58:08:540,129684,171074
20.07,09-20-2026 21:58:08:550,129663,171100
20.08,09-20-2026 21:58:08:560,129667,171069
20.09,09-20-2026 21:58:08:570,129637,171097
20.1,09-20-2026 21:58:08:580,129670,171065
20.11,09-20-2026 21:58:08:590,129646,171092
20.12,09-20-2026 21:58:08:600,129674,171087
20.13,09-20-2026 21:58:08:610,129653,171068
20.14,09-20-2026 21:58:08:620,129674,171097
20.15,09-20-2026 21:58:08:630,129653,171081
20.16,09-20-2026 21:58:08:640,129698,171106
20.17,09-20-2026 21:58:08:650,129654,171109
20.18,09-20-2026 21:58:08:660,129681,171087
20.19,09-20-2026 21:58:08:670,129665,171102
20.2,09-20-2026 21:58:08:680,129698,171107
20.21,09-20-2026 21:58:08:690,129655,171103
20.22,09-20-2026 21:58:08:700,129686,171097
20.23,09-20-2026 21:58:08:710,129663,171108
20.24,09-20-2026 21:58:08:720,129702,171098
20.25,09-20-2026 21:58:08:730,129661,171113
20.26,09-20-2026 21:58:08:740,129694,171089
20.27,09-20-2026 21:58:08:750,129648,171094
20.28,09-20-2026 21:58:08:760,129686,171115
20.29,09-20-2026 21:58:08:770,129662,171101
20.3,09-20-2026 21:58:08:780,129690,171101
20.31,09-20-2026 21:58:08:790,129652,171111
20.32,09-20-2026 21:58:08:800,129676,171129
20.33,09-20-2026 21:58:08:810,129642,171129
20.34,09-20-2026 21:58:08:820,129663,171115
20.35,09-20-2026 21:58:08:830,129652,171104
20.36,09-20-2026 21:58:08:840,129666,171077
20.37,09-20-2026 21:58:08:850,129650,171081
20.38,09-20-2026 21:58:08:860,129668,171086
20.39,09-20-2026 21:58:08:870,129648,171071
20.4,09-20-2026 21:58:08:880,129655,171067
20.41,09-20-2026 21:58:08:890,129641,171066
20.42,09-20-2026 21:58:08:900,129653,171063
20.43,09-20-2026 21:58:08:910,129648,171051
20.44,09-20-2026 21:58:08:920,129632,171047
20.45,09-20-2026 21:58:08:930,129647,171048
20.46,09-20-2026 21:58:08:940,129626,171047
20.47,09-20-2026 21:58:08:950,129630,171025
20.48,09-20-2026 21:58:08:960,129626,171033
20.49,09-20-2026 21:58:08:970,129636,171023
20.5,09-20-2026 21:58:08:980,129626,171026
20.51,09-20-2026 21:58:08:990,129636,171012
20.52,09-20-2026 21:58:09:000,129631,171026
20.53,09-20-2026 21:58:09:010,129621,171007
20.54,09-20-2026 21:58:09:020,129629,171010
20.55,09-20-2026 21:58:09:030,129621,170999
20.56,09-20-2026 21:58:09:040,129633,171001
20.57,09-20-2026 21:58:09:050,129632,170981
20.58,09-20-2026 21:58:09:060,129614,171032
20.59,09-20-2026 21:58:09:070,129625,170965
20.6,09-20-2026 21:58:09:080,129633,170999
20.61,09-20-2026 21:58:09:090,129619,170965
20.62,09-20-2026 21:58:09:100,129599,170991
20.63,09-20-2026 21:58:09:110,129606,170979
20.64,09-20-2026 21:58:09:120,129606,171016
20.65,09-20-2026 21:58:09:130,129632,170949
20.66,09-20-2026 21:58:09:140,129615,170996
20.67,09-20-2026 21:58:09:150,129605,170948
20.68,09-20-2026 21:58:09:160,129614,170993
20.69,09-20-2026 21:58:09:170,129603,170954
20.7,09-20-2026 21:58:09:180,129610,170972
20.71,09-20-2026 21:58:09:190,129627,170932
20.72,09-20-2026 21:58:09:200,129614,170976
20.73,09-20-2026 21:58:09:210,129617,170948
20.74,09-20-2026 21:58:09:220,129604,170987
20.75,09-20-2026 21:58:09:230,129608,170929
20.76,09-20-2026 21:58:09:240,129598,170983
20.77,09-20-2026 21:58:09:250,129622,170950
20.78,09-20-2026 21:58:09:260,129595,170960
20.79,09-20-2026 21:58:09:270,129591,170899
20.8,09-20-2026 21:58:09:280,129600,170987
20.81,09-20-2026 21:58:09:290,129608,170933
20.82,09-20-2026 21:58:09:300,129604,170981
20.83,09-20-2026 21:58:09:310,129614,170946
20.84,09-20-2026 21:58:09:320,129597,170978
20.85,09-20-2026 21:58:09:330,129610,170937
20.86,09-20-2026 21:58:09:340,129613,171008
20.87,09-20-2026 21:58:09:350,129612,170945
20.88,09-20-2026 21:58:09:360,129609,170998
20.89,09-20-2026 21:58:09:370,129600,170950
20.9,09-20-2026 21:58:09:380,129608,170970
20.91,09-20-2026 21:58:09:390,129596,170944
20.92,09-20-2026 21:58:09:400,129621,170993
20.93,09-20-2026 21:58:09:410,129588,170948
20.94,09-20-2026 21:58:09:420,129601,171000
20.95,09-20-2026 21:58:09:430,129599,170948
20.96,09-20-2026 21:58:09:440,129590,170976
20.97,09-20-2026 21:58:09:450,129616,170954
20.98,09-20-2026 21:58:09:460,129586,170993
20.99,09-20-2026 21:58:09:470,129610,170949
21,09-20-2026 21:58:09:480,129604,170992
21.01,09-20-2026 21:58:09:490,129603,171006
21.02,09-20-2026 21:58:09:500,129586,171000
21.03,09-20-2026 21:58:09:510,129606,170990
21.04,09-20-2026 21:58:09:520,129603,170994
21.05,09-20-2026 21:58:09:530,129596,170995
21.06,09-20-2026 21:58:09:540,129600,170997
21.07,09-20-2026 21:58:09:550,129598,171016
21.08,09-20-2026 21:58:09:560,129594,170991
21.09,09-20-2026 21:58:09:570,129599,171025
21.1,09-20-2026 21:58:09:580,129602,171006
21.11,09-20-2026 21:58:09:590,129606,171030
21.12,09-20-2026 21:58:09:600,129595,171011
21.13,09-20-2026 21:58:09:610,129597,171030
21.14,09-20-2026 21:58:09:620,129592,171019
21.15,09-20-2026 21:58:09:630,129607,171036
21.16,09-20-2026 21:58:09:640,129604,171030
21.17,09-20-2026 21:58:09:650,129590,171036
21.18,09-20-2026 21:58:09:660,129616,171016
21.19,09-20-2026 21:58:09:670,129591,171062
21.2,09-20-2026 21:58:09:680,129605,171026
21.21,09-20-2026 21:58:09:690,129604,171039
21.22,09-20-2026 21:58:09:700,129600,171018
21.23,09-20-2026 21:58:09:710,129605,171062
21.24,09-20-2026 21:58:09:720,129605,171038
21.25,09-20-2026 21:58:09:730,129609,171060
21.26,09-20-2026 21:58:09:740,129599,171034
21.27,09-20-2026 21:58:09:750,129616,171088
21.28,09-20-2026 21:58:09:760,129613,171016
21.29,09-20-2026 21:58:09:770,129594,171059
21.3,09-20-2026 21:58:09:780,129584,171025
21.31,09-20-2026 21:58:09:790,129598,171043
21.32,09-20-2026 21:58:09:800,129597,171004
21.33,09-20-2026 21:58:09:810,129599,171034
21.34,09-20-2026 21:58:09:820,129587,170984
21.35,09-20-2026 21:58:09:830,129571,171006
21.36,09-20-2026 21:58:09:840,129589,170982
21.37,09-20-2026 21:58:09:850,129580,171006
21.38,09-20-2026 21:58:09:860,129590,170992
21.39,09-20-2026 21:58:09:870,129596,171000
21.4,09-20-2026 21:58:09:880,129597,170977
21.41,09-20-2026 21:58:09:890,129579,170975
21.42,09-20-2026 21:58:09:900,129598,170960
21.43,09-20-2026 21:58:09:910,129582,170983
21.44,09-20-2026 21:58:09:920,129586,170986
21.45,09-20-2026 21:58:09:930,129579,170967
21.46,09-20-2026 21:58:09:940,129575,170943
21.47,09-20-2026 21:58:09:950,129583,170956
21.48,09-20-2026 21:58:09:960,129589,170952
21.49,09-20-2026 21:58:09:970,129576,170952
21.5,09-20-2026 21:58:09:980,129566,170959
21.51,09-20-2026 21:58:09:990,129576,170940
21.52,09-20-2026 21:58:10:000,129591,170952
21.53,09-20-2026 21:58:10:010,129579,170938
21.54,09-20-2026 21:58:10:020,129583,170931
21.55,09-20-2026 21:58:10:030,129560,170938
21.56,09-20-2026 21:58:10:040,129584,170945
21.57,09-20-2026 21:58:10:050,129590,170948
21.58,09-20-2026 21:58:10:060,129573,170927
21.59,09-20-2026 21:58:10:070,129571,170938
21.6,09-20-2026 21:58:10:080,129578,170936
21.61,09-20-2026 21:58:10:090,129590,170924
21.62,09-20-2026 21:58:10:100,129575,170926
21.63,09-20-2026 21:58:10:110,129565,170922
21.64,09-20-2026 21:58:10:120,129582,170931
21.65,09-20-2026 21:58:10:130,129574,170917
21.66,09-20-2026 21:58:10:140,129577,170939
21.67,09-20-2026 21:58:10:150,129582,170933
21.68,09-20-2026 21:58:10:160,129581,170936
21.69,09-20-2026 21:58:10:170,129564,170924
21.7,09-20-2026 21:58:10:180,129586,170940
21.71,09-20-2026 21:58:10:190,129573,170924
21.72,09-20-2026 21:58:10:200,129549,170932
21.73,09-20-2026 21:58:10:210,129570,170941
21.74,09-20-2026 21:58:10:220,129562,170932
21.75,09-20-2026 21:58:10:230,129563,170939
21.76,09-20-2026 21:58:10:240,129583,170929
21.77,09-20-2026 21:58:10:250,129558,170939
21.78,09-20-2026 21:58:10:260,129562,170920
21.79,09-20-2026 21:58:10:270,129561,170955
21.8,09-20-2026 21:58:10:280,129574,170937
21.81,09-20-2026 21:58:10:290,129556,170941
21.82,09-20-2026 21:58:10:300,129571,170945
21.83,09-20-2026 21:58:10:310,129545,170950
21.84,09-20-2026 21:58:10:320,129567,170941
21.85,09-20-2026 21:58:10:330,129540,170950
21.86,09-20-2026 21:58:10:340,129564,170950
21.87,09-20-2026 21:58:10:350,129542,170941
21.88,09-20-2026 21:58:10:360,129543,170948
21.89,09-20-2026 21:58:10:370,129545,170926
21.9,09-20-2026 21:58:10:380,129539,170925
21.91,09-20-2026 21:58:10:390,129525,170945
21.92,09-20-2026 21:58:10:400,129564,170944
21.93,09-20-2026 21:58:10:410,129526,170930
21.94,09-20-2026 21:58:10:420,129559,170946
21.95,09-20-2026 21:58:10:430,129520,170942
21.96,09-20-2026 21:58:10:440,129574,170943
21.97,09-20-2026 21:58:10:450,129529,170937
21.98,09-20-2026 21:58:10:460,129549,170966
21.99,09-20-2026 21:58:10:470,129521,170958
22,09-20-2026 21:58:10:480,129539,170960
22.01,09-20-2026 21:58:10:490,129538,170962
22.02,09-20-2026 21:58:10:500,129544,170952
22.03,09-20-2026 21:58:10:510,129517,170961
22.04,09-20-2026 21:58:10:520,129568,170954
22.05,09-20-2026 21:58:10:530,129517,170951
22.06,09-20-2026 21:58:10:540,129540,170966
22.07,09-20-2026 21:58:10:550,129501,170952
22.08,09-20-2026 21:58:10:560,129555,170961
22.09,09-20-2026 21:58:10:570,129517,170944
22.1,09-20-2026 21:58:10:580,129545,170963
22.11,09-20-2026 21:58:10:590,129503,170973
22.12,09-20-2026 21:58:10:600,129554,170971
22.13,09-20-2026 21:58:10:610,129511,170973
22.14,09-20-2026 21:58:10:620,129564,170974
22.15,09-20-2026 21:58:10:630,129516,170964
22.16,09-20-2026 21:58:10:640,129547,170971
22.17,09-20-2026 21:58:10:650,129539,170970
22.18,09-20-2026 21:58:10:660,129572,170947
22.19,09-20-2026 21:58:10:670,129539,170941
22.2,09-20-2026 21:58:10:680,129551,170925
22.21,09-20-2026 21:58:10:690,129543,170928
22.22,09-20-2026 21:58:10:700,129541,170925
22.23,09-20-2026 21:58:10:710,129543,170925
22.24,09-20-2026 21:58:10:720,129559,170932
22.25,09-20-2026 21:58:10:730,129535,170907
22.26,09-20-2026 21:58:10:740,129540,170929
22.27,09-20-2026 21:58:10:750,129534,170908
22.28,09-20-2026 21:58:10:760,129561,170923
22.29,09-20-2026 21:58:10:770,129569,170915
22.3,09-20-2026 21:58:10:780,129534,170900
22.31,09-20-2026 21:58:10:790,129536,170907
22.32,09-20-2026 21:58:10:800,129543,170888
22.33,09-20-2026 21:58:10:810,129555,170889
22.34,09-20-2026 21:58:10:820,129549,170889
22.35,09-20-2026 21:58:10:830,129541,170872
22.36,09-20-2026 21:58:10:840,129535,170893
22.37,09-20-2026 21:58:10:850,129545,170883
22.38,09-20-2026 21:58:10:860,129539,170871
22.39,09-20-2026 21:58:10:870,129542,170864
22.4,09-20-2026 21:58:10:880,129541,170880
22.41,09-20-2026 21:58:10:890,129571,170892
22.42,09-20-2026 21:58:10:900,129536,170870
22.43,09-20-2026 21:58:10:910,129556,170863
22.44,09-20-2026 21:58:10:920,129519,170854
22.45,09-20-2026 21:58:10:930,129555,170846
22.46,09-20-2026 21:58:10:940,129516,170874
22.47,09-20-2026 21:58:10:950,129561,170857
22.48,09-20-2026 21:58:10:960,129524,170864
22.49,09-20-2026 21:58:10:970,129555,170841
22.5,09-20-2026 21:58:10:980,129519,170853
22.51,09-20-2026 21:58:10:990,129569,170858
22.52,09-20-2026 21:58:11:000,129522,170851
22.53,09-20-2026 21:58:11:010,129570,170846
22.54,09-20-2026 21:58:11:020,129524,170862
22.55,09-20-2026 21:58:11:030,129566,170865
22.56,09-20-2026 21:58:11:040,129519,170847
22.57,09-20-2026 21:58:11:050,129561,170858
22.58,09-20-2026 21:58:11:060,129529,170849
22.59,09-20-2026 21:58:11:070,129552,170844
22.6,09-20-2026 21:58:11:080,129528,170849
22.61,09-20-2026 21:58:11:090,129552,170873
22.62,09-20-2026 21:58:11:100,129510,170848
22.63,09-20-2026 21:58:11:110,129547,170865
22.64,09-20-2026 21:58:11:120,129519,170849
22.65,09-20-2026 21:58:11:130,129533,170872
22.66,09-20-2026 21:58:11:140,129523,170861
22.67,09-20-2026 21:58:11:150,129538,170854
22.68,09-20-2026 21:58:11:160,129508,170844
22.69,09-20-2026 21:58:11:170,129539,170865
22.7,09-20-2026 21:58:11:180,129509,170862
22.71,09-20-2026 21:58:11:190,129554,170855
22.72,09-20-2026 21:58:11:200,129527,170850
22.73,09-20-2026 21:58:11:210,129531,170835
22.74,09-20-2026 21:58:11:220,129508,170844
22.75,09-20-2026 21:58:11:230,129516,170869
22.76,09-20-2026 21:58:11:240,129522,170847
22.77,09-20-2026 21:58:11:250,129515,170863
22.78,09-20-2026 21:58:11:260,129504,170858
22.79,09-20-2026 21:58:11:270,129524,170859
22.8,09-20-2026 21:58:11:280,129505,170868
22.81,09-20-2026 21:58:11:290,129517,170862
22.82,09-20-2026 21:58:11:300,129520,170864
22.83,09-20-2026 21:58:11:310,129508,170872
22.84,09-20-2026 21:58:11:320,129502,170864
22.85,09-20-2026 21:58:11:330,129517,170866
22.86,09-20-2026 21:58:11:340,129514,170864
22.87,09-20-2026 21:58:11:350,129500,170864
22.88,09-20-2026 21:58:11:360,129523,170843
22.89,09-20-2026 21:58:11:370,129503,170872
22.9,09-20-2026 21:58:11:380,129500,170849
22.91,09-20-2026 21:58:11:390,129502,170876
22.92,09-20-2026 21:58:11:400,129506,170850
22.93,09-20-2026 21:58:11:410,129514,170882
22.94,09-20-2026 21:58:11:420,129509,170851
22.95,09-20-2026 21:58:11:430,129504,170871
22.96,09-20-2026 21:58:11:440,129518,170854
22.97,09-20-2026 21:58:11:450,129505,170884
22.98,09-20-2026 21:58:11:460,129511,170875
22.99,09-20-2026 21:58:11:470,129517,170897
23,09-20-2026 21:58:11:480,129512,170867
23.01,09-20-2026 21:58:11:490,129513,170893
23.02,09-20-2026 21:58:11:500,129507,170859
23.03,09-20-2026 21:58:11:510,129488,170903
23.04,09-20-2026 21:58:11:520,129504,170842
23.05,09-20-2026 21:58:11:530,129524,170891
23.06,09-20-2026 21:58:11:540,129508,170854
23.07,09-20-2026 21:58:11:550,129510,170904
23.08,09-20-2026 21:58:11:560,129498,170854
23.09,09-20-2026 21:58:11:570,129515,170899
23.1,09-20-2026 21:58:11:580,129516,170872
23.11,09-20-2026 21:58:11:590,129499,170897
23.12,09-20-2026 21:58:11:600,129516,170845
23.13,09-20-2026 21:58:11:610,129509,170902
23.14,09-20-2026 21:58:11:620,129492,170843
23.15,09-20-2026 21:58:11:630,129484,170892
23.16,09-20-2026 21:58:11:640,129520,170839
23.17,09-20-2026 21:58:11:650,129501,170863
23.18,09-20-2026 21:58:11:660,129498,170855
23.19,09-20-2026 21:58:11:670,129494,170864
23.2,09-20-2026 21:58:11:680,129498,170825
23.21,09-20-2026 21:58:11:690,129503,170857
23.22,09-20-2026 21:58:11:700,129504,170825
23.23,09-20-2026 21:58:11:710,129490,170846
23.24,09-20-2026 21:58:11:720,129494,170818
23.25,09-20-2026 21:58:11:730,129495,170868
23.26,09-20-2026 21:58:11:740,129485,170841
23.27,09-20-2026 21:58:11:750,129494,170828
23.28,09-20-2026 21:58:11:760,129502,170839
23.29,09-20-2026 21:58:11:770,129500,170829
23.3,09-20-2026 21:58:11:780,129486,170846
23.31,09-20-2026 21:58:11:790,129488,170814
23.32,09-20-2026 21:58:11:800,129479,170824
23.33,09-20-2026 21:58:11:810,129484,170813
23.34,09-20-2026 21:58:11:820,129471,170813
23.35,09-20-2026 21:58:11:830,129478,170827
23.36,09-20-2026 21:58:11:840,129484,170844
23.37,09-20-2026 21:58:11:850,129481,170796
23.38,09-20-2026 21:58:11:860,129472,170810
23.39,09-20-2026 21:58:11:870,129479,170802
23.4,09-20-2026 21:58:11:880,129477,170824
23.41,09-20-2026 21:58:11:890,129469,170774
23.42,09-20-2026 21:58:11:900,129470,170836
23.43,09-20-2026 21:58:11:910,129474,170811
23.44,09-20-2026 21:58:11:920,129469,170818
23.45,09-20-2026 21:58:11:930,129462,170800
23.46,09-20-2026 21:58:11:940,129468,170799
23.47,09-20-2026 21:58:11:950,129463,170786
23.48,09-20-2026 21:58:11:960,129468,170812
23.49,09-20-2026 21:58:11:970,129472,170793
23.5,09-20-2026 21:58:11:980,129457,170821
23.51,09-20-2026 21:58:11:990,129451,170788
23.52,09-20-2026 21:58:12:000,129473,170823
23.53,09-20-2026 21:58:12:010,129469,170778
23.54,09-20-2026 21:58:12:020,129465,170830
23.55,09-20-2026 21:58:12:030,129473,170785
23.56,09-20-2026 21:58:12:040,129481,170830
23.57,09-20-2026 21:58:12:050,129467,170786
23.58,09-20-2026 21:58:12:060,129488,170833
23.59,09-20-2026 21:58:12:070,129470,170767
23.6,09-20-2026 21:58:12:080,129479,170815
23.61,09-20-2026 21:58:12:090,129471,170792
23.62,09-20-2026 21:58:12:100,129457,170818
23.63,09-20-2026 21:58:12:110,129465,170803
23.64,09-20-2026 21:58:12:120,129459,170814
23.65,09-20-2026 21:58:12:130,129471,170790
23.66,09-20-2026 21:58:12:140,129457,170801
23.67,09-20-2026 21:58:12:150,129466,170812
23.68,09-20-2026 21:58:12:160,129468,170804
23.69,09-20-2026 21:58:12:170,129462,170799
23.7,09-20-2026 21:58:12:180,129461,170814
23.71,09-20-2026 21:58:12:190,129465,170797
23.72,09-20-2026 21:58:12:200,129469,170825
23.73,09-20-2026 21:58:12:210,129461,170813
23.74,09-20-2026 21:58:12:220,129467,170788
23.75,09-20-2026 21:58:12:230,129474,170798
23.76,09-20-2026 21:58:12:240,129468,170798
23.77,09-20-2026 21:58:12:250,129479,170809
23.78,09-20-2026 21:58:12:260,129463,170812
23.79,09-20-2026 21:58:12:270,129479,170801
23.8,09-20-2026 21:58:12:280,129456,170801
23.81,09-20-2026 21:58:12:290,129462,170810
23.82,09-20-2026 21:58:12:300,129461,170820
23.83,09-20-2026 21:58:12:310,129487,170807
23.84,09-20-2026 21:58:12:320,129466,170814
23.85,09-20-2026 21:58:12:330,129484,170807
23.86,09-20-2026 21:58:12:340,129472,170831
23.87,09-20-2026 21:58:12:350,129453,170817
23.88,09-20-2026 21:58:12:360,129464,170820
23.89,09-20-2026 21:58:12:370,129467,170826
23.9,09-20-2026 21:58:12:380,129471,170823
23.91,09-20-2026 21:58:12:390,129455,170838
23.92,09-20-2026 21:58:12:400,129463,170830
23.93,09-20-2026 21:58:12:410,129469,170821
23.94,09-20-2026 21:58:12:420,129467,170851
23.95,09-20-2026 21:58:12:430,129466,170834
23.96,09-20-2026 21:58:12:440,129460,170835
23.97,09-20-2026 21:58:12:450,129459,170835
23.98,09-20-2026 21:58:12:460,129456,170834
23.99,09-20-2026 21:58:12:470,129462,170843
24,09-20-2026 21:58:12:480,129464,170857
24.01,09-20-2026 21:58:12:490,129465,170839
24.02,09-20-2026 21:58:12:500,129461,170832
24.03,09-20-2026 21:58:12:510,129485,170834
24.04,09-20-2026 21:58:12:520,129453,170856
24.05,09-20-2026 21:58:12:530,129447,170847
24.06,09-20-2026 21:58:12:540,129456,170861
24.07,09-20-2026 21:58:12:550,129459,170830
24.08,09-20-2026 21:58:12:560,129443,170848
24.09,09-20-2026 21:58:12:570,129470,170836
24.1,09-20-2026 21:58:12:580,129450,170834
24.11,09-20-2026 21:58:12:590,129466,170807
24.12,09-20-2026 21:58:12:600,129445,170798
24.13,09-20-2026 21:58:12:610,129451,170813
24.14,09-20-2026 21:58:12:620,129446,170804
24.15,09-20-2026 21:58:12:630,129453,170804
24.16,09-20-2026 21:58:12:640,129440,170786
24.17,09-20-2026 21:58:12:650,129446,170807
24.18,09-20-2026 21:58:12:660,129427,170818
24.19,09-20-2026 21:58:12:670,129459,170809
24.2,09-20-2026 21:58:12:680,129422,170783
24.21,09-20-2026 21:58:12:690,129450,170781
24.22,09-20-2026 21:58:12:700,129436,170776
24.23,09-20-2026 21:58:12:710,129450,170787
24.24,09-20-2026 21:58:12:720,129429,170775
24.25,09-20-2026 21:58:12:730,129446,170799
24.26,09-20-2026 21:58:12:740,129407,170782
24.27,09-20-2026 21:58:12:750,129453,170766
24.28,09-20-2026 21:58:12:760,129411,170766
24.29,09-20-2026 21:58:12:770,129439,170755
24.3,09-20-2026 21:58:12:780,129407,170773
24.31,09-20-2026 21:58:12:790,129434,170766
24.32,09-20-2026 21:58:12:800,129399,170769
24.33,09-20-2026 21:58:12:810,129450,170767
24.34,09-20-2026 21:58:12:820,129400,170751
24.35,09-20-2026 21:58:12:830,129433,170757
24.36,09-20-2026 21:58:12:840,129390,170752
24.37,09-20-2026 21:58:12:850,129433,170773
24.38,09-20-2026 21:58:12:860,129400,170740
24.39,09-20-2026 21:58:12:870,129450,170750
24.4,09-20-2026 21:58:12:880,129421,170752
24.41,09-20-2026 21:58:12:890,129420,170773
24.42,09-20-2026 21:58:12:900,129401,170768
24.43,09-20-2026 21:58:12:910,129429,170772
24.44,09-20-2026 21:58:12:920,129415,170765
24.45,09-20-2026 21:58:12:930,129432,170772
24.46,09-20-2026 21:58:12:940,129423,170755
24.47,09-20-2026 21:58:12:950,129444,170777
24.48,09-20-2026 21:58:12:960,129408,170759
24.49,09-20-2026 21:58:12:970,129430,170742
24.5,09-20-2026 21:58:12:980,129438,170771
24.51,09-20-2026 21:58:12:990,129443,170767
24.52,09-20-2026 21:58:13:000,129447,170758
24.53,09-20-2026 21:58:13:010,129427,170754
24.54,09-20-2026 21:58:13:020,129445,170771
24.55,09-20-2026 21:58:13:030,129436,170753
24.56,09-20-2026 21:58:13:040,129439,170756
24.57,09-20-2026 21:58:13:050,129423,170747
24.58,09-20-2026 21:58:13:060,129438,170768
24.59,09-20-2026 21:58:13:070,129433,170754
24.6,09-20-2026 21:58:13:080,129448,170772
24.61,09-20-2026 21:58:13:090,129425,170748
24.62,09-20-2026 21:58:13:100,129456,170765
24.63,09-20-2026 21:58:13:110,129413,170772
24.64,09-20-2026 21:58:13:120,129465,170764
24.65,09-20-2026 21:58:13:130,129442,170763
24.66,09-20-2026 21:58:13:140,129447,170786
24.67,09-20-2026 21:58:13:150,129426,170779
24.68,09-20-2026 21:58:13:160,129450,170781
24.69,09-20-2026 21:58:13:170,129431,170770
24.7,09-20-2026 21:58:13:180,129472,170774
24.71,09-20-2026 21:58:13:190,129428,170774
24.72,09-20-2026 21:58:13:200,129466,170770
24.73,09-20-2026 21:58:13:210,129432,170777
24.74,09-20-2026 21:58:13:220,129463,170775
24.75,09-20-2026 21:58:13:230,129426,170778
24.76,09-20-2026 21:58:13:240,129456,170792
24.77,09-20-2026 21:58:13:250,129435,170785
24.78,09-20-2026 21:58:13:260,129470,170784
24.79,09-20-2026 21:58:13:270,129423,170804
24.8,09-20-2026 21:58:13:280,129479,170800
24.81,09-20-2026 21:58:13:290,129426,170802
24.82,09-20-2026 21:58:13:300,129445,170795
24.83,09-20-2026 21:58:13:310,129426,170771
24.84,09-20-2026 21:58:13:320,129448,170809
24.85,09-20-2026 21:58:13:330,129456,170810
24.86,09-20-2026 21:58:13:340,129455,170817
24.87,09-20-2026 21:58:13:350,129436,170819
24.88,09-20-2026 21:58:13:360,129452,170806
24.89,09-20-2026 21:58:13:370,129428,170815
24.9,09-20-2026 21:58:13:380,129445,170815
24.91,09-20-2026 21:58:13:390,129436,170813
24.92,09-20-2026 21:58:13:400,129468,170820
24.93,09-20-2026 21:58:13:410,129428,170805
24.94,09-20-2026 21:58:13:420,129447,170804
24.95,09-20-2026 21:58:13:430,129433,170809
24.96,09-20-2026 21:58:13:440,129455,170801
24.97,09-20-2026 21:58:13:450,129436,170797
24.98,09-20-2026 21:58:13:460,129412,170779
24.99,09-20-2026 21:58:13:470,129435,170765
25,09-20-2026 21:58:13:480,129433,170774
25.01,09-20-2026 21:58:13:490,129443,170762
25.02,09-20-2026 21:58:13:500,129430,170773
25.03,09-20-2026 21:58:13:510,129422,170758
25.04,09-20-2026 21:58:13:520,129433,170752
25.05,09-20-2026 21:58:13:530,129431,170765
25.06,09-20-2026 21:58:13:540,129427,170776
25.07,09-20-2026 21:58:13:550,129422,170738
25.08,09-20-2026 21:58:13:560,129432,170753
25.09,09-20-2026 21:58:13:570,129428,170749
25.1,09-20-2026 21:58:13:580,129428,170749
25.11,09-20-2026 21:58:13:590,129430,170752
25.12,09-20-2026 21:58:13:600,129425,170746
25.13,09-20-2026 21:58:13:610,129433,170748
25.14,09-20-2026 21:58:13:620,129433,170735
25.15,09-20-2026 21:58:13:630,129416,170745
25.16,09-20-2026 21:58:13:640,129411,170703
25.17,09-20-2026 21:58:13:650,129425,170750
25.18,09-20-2026 21:58:13:660,129424,170723
25.19,09-20-2026 21:58:13:670,129431,170757
25.2,09-20-2026 21:58:13:680,129418,170712
25.21,09-20-2026 21:58:13:690,129413,170751
25.22,09-20-2026 21:58:13:700,129427,170708
25.23,09-20-2026 21:58:13:710,129414,170756
25.24,09-20-2026 21:58:13:720,129409,170717
25.25,09-20-2026 21:58:13:730,129413,170741
25.26,09-20-2026 21:58:13:740,129406,170707
25.27,09-20-2026 21:58:13:750,129416,170734
25.28,09-20-2026 21:58:13:760,129409,170688
25.29,09-20-2026 21:58:13:770,129392,170731
25.3,09-20-2026 21:58:13:780,129419,170675
25.31,09-20-2026 21:58:13:790,129423,170740
25.32,09-20-2026 21:58:13:800,129408,170680
25.33,09-20-2026 21:58:13:810,129419,170724
25.34,09-20-2026 21:58:13:820,129408,170669
25.35,09-20-2026 21:58:13:830,129407,170722
25.36,09-20-2026 21:58:13:840,129408,170671
25.37,09-20-2026 21:58:13:850,129409,170739
25.38,09-20-2026 21:58:13:860,129414,170694
25.39,09-20-2026 21:58:13:870,129424,170741
25.4,09-20-2026 21:58:13:880,129420,170654
25.41,09-20-2026 21:58:13:890,129405,170748
25.42,09-20-2026 21:58:13:900,129411,170714
25.43,09-20-2026 21:58:13:910,129407,170731
25.44,09-20-2026 21:58:13:920,129402,170700
25.45,09-20-2026 21:58:13:930,129420,170741
25.46,09-20-2026 21:58:13:940,129397,170708
25.47,09-20-2026 21:58:13:950,129399,170727
25.48,09-20-2026 21:58:13:960,129410,170714
25.49,09-20-2026 21:58:13:970,129420,170758
25.5,09-20-2026 21:58:13:980,129403,170723
25.51,09-20-2026 21:58:13:990,129412,170757
25.52,09-20-2026 21:58:14:000,129405,170719
25.53,09-20-2026 21:58:14:010,129401,170754
25.54,09-20-2026 21:58:14:020,129401,170749
25.55,09-20-2026 21:58:14:030,129417,170745
25.56,09-20-2026 21:58:14:040,129404,170750
25.57,09-20-2026 21:58:14:050,129408,170743
25.58,09-20-2026 21:58:14:060,129399,170763
25.59,09-20-2026 21:58:14:070,129427,170740
25.6,09-20-2026 21:58:14:080,129409,170773
25.61,09-20-2026 21:58:14:090,129420,170769
25.62,09-20-2026 21:58:14:100,129396,170777
25.63,09-20-2026 21:58:14:110,129417,170772
25.64,09-20-2026 21:58:14:120,129422,170796
25.65,09-20-2026 21:58:14:130,129399,170775
25.66,09-20-2026 21:58:14:140,129416,170799
25.67,09-20-2026 21:58:14:150,129413,170772
25.68,09-20-2026 21:58:14:160,129404,170804
25.69,09-20-2026 21:58:14:170,129408,170765
25.7,09-20-2026 21:58:14:180,129388,170811
25.71,09-20-2026 21:58:14:190,129397,170782
25.72,09-20-2026 21:58:14:200,129397,170807
25.73,09-20-2026 21:58:14:210,129421,170798
25.74,09-20-2026 21:58:14:220,129412,170817
25.75,09-20-2026 21:58:14:230,129409,170793
25.76,09-20-2026 21:58:14:240,129416,170841
25.77,09-20-2026 21:58:14:250,129411,170788
25.78,09-20-2026 21:58:14:260,129410,170835
25.79,09-20-2026 21:58:14:270,129406,170802
25.8,09-20-2026 21:58:14:280,129424,170843
25.81,09-20-2026 21:58:14:290,129414,170810
25.82,09-20-2026 21:58:14:300,129420,170824
25.83,09-20-2026 21:58:14:310,129406,170804
25.84,09-20-2026 21:58:14:320,129402,170868
25.85,09-20-2026 21:58:14:330,129409,170802
25.86,09-20-2026 21:58:14:340,129398,170838
25.87,09-20-2026 21:58:14:350,129427,170823
25.88,09-20-2026 21:58:14:360,129411,170847
25.89,09-20-2026 21:58:14:370,129406,170830
25.9,09-20-2026 21:58:14:380,129412,170858
25.91,09-20-2026 21:58:14:390,129417,170828
25.92,09-20-2026 21:58:14:400,129413,170870
25.93,09-20-2026 21:58:14:410,129435,170835
25.94,09-20-2026 21:58:14:420,129420,170856
25.95,09-20-2026 21:58:14:430,129418,170828
25.96,09-20-2026 21:58:14:440,129411,170865
25.97,09-20-2026 21:58:14:450,129416,170847
25.98,09-20-2026 21:58:14:460,129403,170841
25.99,09-20-2026 21:58:14:470,129424,170857
26,09-20-2026 21:58:14:480,129428,170833
26.01,09-20-2026 21:58:14:490,129434,170837
26.02,09-20-2026 21:58:14:500,129434,170816
26.03,09-20-2026 21:58:14:510,129408,170813
26.04,09-20-2026 21:58:14:520,129422,170822
26.05,09-20-2026 21:58:14:530,129418,170823
26.06,09-20-2026 21:58:14:540,129416,170807
26.07,09-20-2026 21:58:14:550,129431,170809
26.08,09-20-2026 21:58:14:560,129414,170805
26.09,09-20-2026 21:58:14:570,129427,170800
26.1,09-20-2026 21:58:14:580,129406,170792
26.11,09-20-2026 21:58:14:590,129410,170792
26.12,09-20-2026 21:58:14:600,129412,170803
26.13,09-20-2026 21:58:14:610,129411,170787
26.14,09-20-2026 21:58:14:620,129411,170795
26.15,09-20-2026 21:58:14:630,129415,170768
26.16,09-20-2026 21:58:14:640,129399,170786
26.17,09-20-2026 21:58:14:650,129420,170787
26.18,09-20-2026 21:58:14:660,129408,170774
26.19,09-20-2026 21:58:14:670,129401,170793
26.2,09-20-2026 21:58:14:680,129409,170768
26.21,09-20-2026 21:58:14:690,129401,170763
26.22,09-20-2026 21:58:14:700,129395,170773
26.23,09-20-2026 21:58:14:710,129400,170756
26.24,09-20-2026 21:58:14:720,129403,170759
26.25,09-20-2026 21:58:14:730,129398,170769
26.26,09-20-2026 21:58:14:740,129412,170769
26.27,09-20-2026 21:58:14:750,129417,170780
26.28,09-20-2026 21:58:14:760,129409,170772
26.29,09-20-2026 21:58:14:770,129410,170756
26.3,09-20-2026 21:58:14:780,129385,170770
26.31,09-20-2026 21:58:14:790,129405,170774
26.32,09-20-2026 21:58:14:800,129397,170746
26.33,09-20-2026 21:58:14:810,129421,170770
26.34,09-20-2026 21:58:14:820,129381,170760
26.35,09-20-2026 21:58:14:830,129393,170745
26.36,09-20-2026 21:58:14:840,129375,170781
26.37,09-20-2026 21:58:14:850,129419,170778
26.38,09-20-2026 21:58:14:860,129401,170781
26.39,09-20-2026 21:58:14:870,129410,170752
26.4,09-20-2026 21:58:14:880,129380,170774
26.41,09-20-2026 21:58:14:890,129390,170764
26.42,09-20-2026 21:58:14:900,129389,170761
26.43,09-20-2026 21:58:14:910,129400,170765
26.44,09-20-2026 21:58:14:920,129367,170786
26.45,09-20-2026 21:58:14:930,129400,170779
26.46,09-20-2026 21:58:14:940,129375,170768
26.47,09-20-2026 21:58:14:950,129404,170770
26.48,09-20-2026 21:58:14:960,129358,170772
26.49,09-20-2026 21:58:14:970,129405,170784
26.5,09-20-2026 21:58:14:980,129370,170780
26.51,09-20-2026 21:58:14:990,129402,170772
26.52,09-20-2026 21:58:15:000,129365,170776
26.53,09-20-2026 21:58:15:010,129396,170770
26.54,09-20-2026 21:58:15:020,129361,170772
26.55,09-20-2026 21:58:15:030,129400,170762
26.56,09-20-2026 21:58:15:040,129337,170783
26.57,09-20-2026 21:58:15:050,129399,170798
26.58,09-20-2026 21:58:15:060,129341,170791
26.59,09-20-2026 21:58:15:070,129409,170781
26.6,09-20-2026 21:58:15:080,129340,170780
26.61,09-20-2026 21:58:15:090,129395,170793
26.62,09-20-2026 21:58:15:100,129345,170786
26.63,09-20-2026 21:58:15:110,129395,170777
26.64,09-20-2026 21:58:15:120,129364,170791
26.65,09-20-2026 21:58:15:130,129404,170793
26.66,09-20-2026 21:58:15:140,129377,170799
26.67,09-20-2026 21:58:15:150,129406,170805
26.68,09-20-2026 21:58:15:160,129375,170815
26.69,09-20-2026 21:58:15:170,129413,170824
26.7,09-20-2026 21:58:15:180,129382,170806
26.71,09-20-2026 21:58:15:190,129397,170818
26.72,09-20-2026 21:58:15:200,129389,170818
26.73,09-20-2026 21:58:15:210,129401,170821
26.74,09-20-2026 21:58:15:220,129386,170823
26.75,09-20-2026 21:58:15:230,129393,170827
26.76,09-20-2026 21:58:15:240,129404,170809
26.77,09-20-2026 21:58:15:250,129390,170828
26.78,09-20-2026 21:58:15:260,129412,170821
26.79,09-20-2026 21:58:15:270,129412,170799
26.8,09-20-2026 21:58:15:280,129397,170818
26.81,09-20-2026 21:58:15:290,129400,170821
26.82,09-20-2026 21:58:15:300,129398,170812
26.83,09-20-2026 21:58:15:310,129400,170834
26.84,09-20-2026 21:58:15:320,129416,170829
26.85,09-20-2026 21:58:15:330,129401,170844
26.86,09-20-2026 21:58:15:340,129412,170840
26.87,09-20-2026 21:58:15:350,129398,170839
26.88,09-20-2026 21:58:15:360,129426,170849
26.89,09-20-2026 21:58:15:370,129408,170843
26.9,09-20-2026 21:58:15:380,129433,170855
26.91,09-20-2026 21:58:15:390,129404,170846
26.92,09-20-2026 21:58:15:400,129457,170853
26.93,09-20-2026 21:58:15:410,129407,170860
26.94,09-20-2026 21:58:15:420,129432,170857
26.95,09-20-2026 21:58:15:430,129408,170862
26.96,09-20-2026 21:58:15:440,129434,170849
26.97,09-20-2026 21:58:15:450,129407,170854
26.98,09-20-2026 21:58:15:460,129427,170831
26.99,09-20-2026 21:58:15:470,129396,170841
27,09-20-2026 21:58:15:480,129448,170833
27.01,09-20-2026 21:58:15:490,129396,170817
27.02,09-20-2026 21:58:15:500,129428,170821
27.03,09-20-2026 21:58:15:510,129395,170811
27.04,09-20-2026 21:58:15:520,129445,170807
27.05,09-20-2026 21:58:15:530,129417,170797
27.06,09-20-2026 21:58:15:540,129431,170813
27.07,09-20-2026 21:58:15:550,129409,170810
27.08,09-20-2026 21:58:15:560,129431,170811
27.09,09-20-2026 21:58:15:570,129381,170806
27.1,09-20-2026 21:58:15:580,129408,170809
27.11,09-20-2026 21:58:15:590,129403,170818
27.12,09-20-2026 21:58:15:600,129408,170802
27.13,09-20-2026 21:58:15:610,129389,170798
27.14,09-20-2026 21:58:15:620,129415,170795
27.15,09-20-2026 21:58:15:630,129394,170802
27.16,09-20-2026 21:58:15:640,129418,170776
27.17,09-20-2026 21:58:15:650,129401,170802
27.18,09-20-2026 21:58:15:660,129415,170796
27.19,09-20-2026 21:58:15:670,129397,170789
27.2,09-20-2026 21:58:15:680,129402,170799
27.21,09-20-2026 21:58:15:690,129397,170789
27.22,09-20-2026 21:58:15:700,129423,170807
27.23,09-20-2026 21:58:15:710,129404,170785
27.24,09-20-2026 21:58:15:720,129392,170802
27.25,09-20-2026 21:58:15:730,129399,170782
27.26,09-20-2026 21:58:15:740,129402,170798
27.27,09-20-2026 21:58:15:750,129391,170797
27.28,09-20-2026 21:58:15:760,129398,170795
27.29,09-20-2026 21:58:15:770,129397,170784
27.3,09-20-2026 21:58:15:780,129404,170798
27.31,09-20-2026 21:58:15:790,129401,170773
27.32,09-20-2026 21:58:15:800,129389,170790
27.33,09-20-2026 21:58:15:810,129403,170795
27.34,09-20-2026 21:58:15:820,129408,170799
27.35,09-20-2026 21:58:15:830,129390,170787
27.36,09-20-2026 21:58:15:840,129382,170797
27.37,09-20-2026 21:58:15:850,129385,170777
27.38,09-20-2026 21:58:15:860,129393,170804
27.39,09-20-2026 21:58:15:870,129390,170781
27.4,09-20-2026 21:58:15:880,129389,170781
27.41,09-20-2026 21:58:15:890,129373,170769
27.42,09-20-2026 21:58:15:900,129403,170804
27.43,09-20-2026 21:58:15:910,129403,170769
27.44,09-20-2026 21:58:15:920,129403,170799
27.45,09-20-2026 21:58:15:930,129395,170765
27.46,09-20-2026 21:58:15:940,129400,170799
27.47,09-20-2026 21:58:15:950,129383,170777
27.48,09-20-2026 21:58:15:960,129384,170818
27.49,09-20-2026 21:58:15:970,129382,170773
27.5,09-20-2026 21:58:15:980,129391,170803
27.51,09-20-2026 21:58:15:990,129376,170788
27.52,09-20-2026 21:58:16:000,129390,170810
27.53,09-20-2026 21:58:16:010,129376,170749
27.54,09-20-2026 21:58:16:020,129400,170820
27.55,09-20-2026 21:58:16:030,129374,170760
27.56,09-20-2026 21:58:16:040,129403,170815
27.57,09-20-2026 21:58:16:050,129396,170757
27.58,09-20-2026 21:58:16:060,129382,170808
27.59,09-20-2026 21:58:16:070,129394,170776
27.6,09-20-2026 21:58:16:080,129392,170816
27.61,09-20-2026 21:58:16:090,129397,170760
27.62,09-20-2026 21:58:16:100,129383,170839
27.63,09-20-2026 21:58:16:110,129394,170798
27.64,09-20-2026 21:58:16:120,129387,170823
27.65,09-20-2026 21:58:16:130,129392,170807
27.66,09-20-2026 21:58:16:140,129398,170859
27.67,09-20-2026 21:58:16:150,129400,170806
27.68,09-20-2026 21:58:16:160,129400,170818
27.69,09-20-2026 21:58:16:170,129399,170810
27.7,09-20-2026 21:58:16:180,129384,170813
27.71,09-20-2026 21:58:16:190,129398,170819
27.72,09-20-2026 21:58:16:200,129396,170839
27.73,09-20-2026 21:58:16:210,129408,170834
27.74,09-20-2026 21:58:16:220,129397,170861
27.75,09-20-2026 21:58:16:230,129399,170854
27.76,09-20-2026 21:58:16:240,129407,170853
27.77,09-20-2026 21:58:16:250,129402,170870
27.78,09-20-2026 21:58:16:260,129407,170855
27.79,09-20-2026 21:58:16:270,129402,170863
27.8,09-20-2026 21:58:16:280,129396,170830
27.81,09-20-2026 21:58:16:290,129391,170834
27.82,09-20-2026 21:58:16:300,129382,170820
27.83,09-20-2026 21:58:16:310,129398,170848
27.84,09-20-2026 21:58:16:320,129392,170813
27.85,09-20-2026 21:58:16:330,129399,170825
27.86,09-20-2026 21:58:16:340,129397,170818
27.87,09-20-2026 21:58:16:350,129395,170846
27.88,09-20-2026 21:58:16:360,129391,170816
27.89,09-20-2026 21:58:16:370,129400,170823
27.9,09-20-2026 21:58:16:380,129387,170811
27.91,09-20-2026 21:58:16:390,129379,170829
27.92,09-20-2026 21:58:16:400,129396,170808
27.93,09-20-2026 21:58:16:410,129382,170828
27.94,09-20-2026 21:58:16:420,129367,170805
27.95,09-20-2026 21:58:16:430,129379,170828
27.96,09-20-2026 21:58:16:440,129382,170791
27.97,09-20-2026 21:58:16:450,129389,170809
27.98,09-20-2026 21:58:16:460,129371,170791
27.99,09-20-2026 21:58:16:470,129372,170787
28,09-20-2026 21:58:16:480,129386,170787
28.01,09-20-2026 21:58:16:490,129385,170814
28.02,09-20-2026 21:58:16:500,129375,170788
28.03,09-20-2026 21:58:16:510,129374,170799
28.04,09-20-2026 21:58:16:520,129368,170790
28.05,09-20-2026 21:58:16:530,129388,170807
28.06,09-20-2026 21:58:16:540,129386,170791
28.07,09-20-2026 21:58:16:550,129367,170804
28.08,09-20-2026 21:58:16:560,129372,170776
28.09,09-20-2026 21:58:16:570,129382,170820
28.1,09-20-2026 21:58:16:580,129384,170785
28.11,09-20-2026 21:58:16:590,129369,170788
28.12,09-20-2026 21:58:16:600,129395,170793
28.13,09-20-2026 21:58:16:610,129371,170810
28.14,09-20-2026 21:58:16:620,129370,170784
28.15,09-20-2026 21:58:16:630,129381,170787
28.16,09-20-2026 21:58:16:640,129386,170766
28.17,09-20-2026 21:58:16:650,129381,170797
28.18,09-20-2026 21:58:16:660,129384,170796
28.19,09-20-2026 21:58:16:670,129383,170814
28.2,09-20-2026 21:58:16:680,129380,170764
28.21,09-20-2026 21:58:16:690,129394,170806
28.22,09-20-2026 21:58:16:700,129377,170800
28.23,09-20-2026 21:58:16:710,129383,170780
28.24,09-20-2026 21:58:16:720,129383,170774
28.25,09-20-2026 21:58:16:730,129362,170778
28.26,09-20-2026 21:58:16:740,129361,170793
28.27,09-20-2026 21:58:16:750,129375,170798
28.28,09-20-2026 21:58:16:760,129366,170800
28.29,09-20-2026 21:58:16:770,129375,170778
28.3,09-20-2026 21:58:16:780,129389,170787
28.31,09-20-2026 21:58:16:790,129366,170784
28.32,09-20-2026 21:58:16:800,129378,170785
28.33,09-20-2026 21:58:16:810,129382,170804
28.34,09-20-2026 21:58:16:820,129377,170789
28.35,09-20-2026 21:58:16:830,129370,170798
28.36,09-20-2026 21:58:16:840,129377,170802
28.37,09-20-2026 21:58:16:850,129375,170801
28.38,09-20-2026 21:58:16:860,129384,170804
28.39,09-20-2026 21:58:16:870,129383,170802
28.4,09-20-2026 21:58:16:880,129381,170799
28.41,09-20-2026 21:58:16:890,129392,170821
28.42,09-20-2026 21:58:16:900,129388,170804
28.43,09-20-2026 21:58:16:910,129369,170809
28.44,09-20-2026 21:58:16:920,129368,170806
28.45,09-20-2026 21:58:16:930,129390,170814
28.46,09-20-2026 21:58:16:940,129371,170812
28.47,09-20-2026 21:58:16:950,129373,170812
28.48,09-20-2026 21:58:16:960,129380,170823
28.49,09-20-2026 21:58:16:970,129390,170821
28.5,09-20-2026 21:58:16:980,129359,170822
28.51,09-20-2026 21:58:16:990,129370,170806
28.52,09-20-2026 21:58:17:000,129379,170835
28.53,09-20-2026 21:58:17:010,129373,170821
28.54,09-20-2026 21:58:17:020,129366,170819
28.55,09-20-2026 21:58:17:030,129387,170838
28.56,09-20-2026 21:58:17:040,129387,170837
28.57,09-20-2026 21:58:17:050,129377,170840
28.58,09-20-2026 21:58:17:060,129386,170845
28.59,09-20-2026 21:58:17:070,129360,170838
28.6,09-20-2026 21:58:17:080,129379,170846
28.61,09-20-2026 21:58:17:090,129363,170850
28.62,09-20-2026 21:58:17:100,129383,170846
28.63,09-20-2026 21:58:17:110,129372,170861
28.64,09-20-2026 21:58:17:120,129386,170852
28.65,09-20-2026 21:58:17:130,129362,170862
28.66,09-20-2026 21:58:17:140,129379,170852
28.67,09-20-2026 21:58:17:150,129370,170842
28.68,09-20-2026 21:58:17:160,129383,170833
28.69,09-20-2026 21:58:17:170,129347,170828
28.7,09-20-2026 21:58:17:180,129377,170834
28.71,09-20-2026 21:58:17:190,129349,170805
28.72,09-20-2026 21:58:17:200,129373,170811
28.73,09-20-2026 21:58:17:210,129362,170810
28.74,09-20-2026 21:58:17:220,129364,170798
28.75,09-20-2026 21:58:17:230,129342,170799
28.76,09-20-2026 21:58:17:240,129364,170781
28.77,09-20-2026 21:58:17:250,129345,170792
28.78,09-20-2026 21:58:17:260,129354,170799
28.79,09-20-2026 21:58:17:270,129327,170800
28.8,09-20-2026 21:58:17:280,129367,170789
28.81,09-20-2026 21:58:17:290,129323,170791
28.82,09-20-2026 21:58:17:300,129381,170793
28.83,09-20-2026 21:58:17:310,129319,170779
28.84,09-20-2026 21:58:17:320,129363,170765
28.85,09-20-2026 21:58:17:330,129322,170781
28.86,09-20-2026 21:58:17:340,129369,170770
28.87,09-20-2026 21:58:17:350,129302,170769
28.88,09-20-2026 21:58:17:360,129370,170772
28.89,09-20-2026 21:58:17:370,129315,170764
28.9,09-20-2026 21:58:17:380,129358,170759
28.91,09-20-2026 21:58:17:390,129311,170760
28.92,09-20-2026 21:58:17:400,129359,170756
28.93,09-20-2026 21:58:17:410,129339,170759
28.94,09-20-2026 21:58:17:420,129358,170757
28.95,09-20-2026 21:58:17:430,129333,170757
28.96,09-20-2026 21:58:17:440,129381,170769
28.97,09-20-2026 21:58:17:450,129325,170767
28.98,09-20-2026 21:58:17:460,129356,170752
28.99,09-20-2026 21:58:17:470,129336,170758
29,09-20-2026 21:58:17:480,129357,170757
29.01,09-20-2026 21:58:17:490,129338,170752
29.02,09-20-2026 21:58:17:500,129354,170754
29.03,09-20-2026 21:58:17:510,129337,170733
29.04,09-20-2026 21:58:17:520,129362,170752
29.05,09-20-2026 21:58:17:530,129364,170753
29.06,09-20-2026 21:58:17:540,129365,170739
29.07,09-20-2026 21:58:17:550,129356,170755
29.08,09-20-2026 21:58:17:560,129355,170750
29.09,09-20-2026 21:58:17:570,129361,170755
29.1,09-20-2026 21:58:17:580,129346,170770
29.11,09-20-2026 21:58:17:590,129372,170752
29.12,09-20-2026 21:58:17:600,129356,170744
29.13,09-20-2026 21:58:17:610,129373,170755
29.14,09-20-2026 21:58:17:620,129352,170748
29.15,09-20-2026 21:58:17:630,129360,170745
29.16,09-20-2026 21:58:17:640,129343,170770
29.17,09-20-2026 21:58:17:650,129350,170751
29.18,09-20-2026 21:58:17:660,129356,170760
29.19,09-20-2026 21:58:17:670,129375,170761
29.2,09-20-2026 21:58:17:680,129352,170756
29.21,09-20-2026 21:58:17:690,129365,170758
29.22,09-20-2026 21:58:17:700,129359,170765
29.23,09-20-2026 21:58:17:710,129358,170774
29.24,09-20-2026 21:58:17:720,129355,170751
29.25,09-20-2026 21:58:17:730,129362,170764
29.26,09-20-2026 21:58:17:740,129338,170766
29.27,09-20-2026 21:58:17:750,129358,170767
29.28,09-20-2026 21:58:17:760,129354,170758
29.29,09-20-2026 21:58:17:770,129399,170766
29.3,09-20-2026 21:58:17:780,129361,170772
29.31,09-20-2026 21:58:17:790,129376,170775
29.32,09-20-2026 21:58:17:800,129348,170778
29.33,09-20-2026 21:58:17:810,129375,170756
29.34,09-20-2026 21:58:17:820,129351,170778
29.35,09-20-2026 21:58:17:830,129367,170783
29.36,09-20-2026 21:58:17:840,129349,170773
29.37,09-20-2026 21:58:17:850,129374,170781
29.38,09-20-2026 21:58:17:860,129355,170774
29.39,09-20-2026 21:58:17:870,129350,170780
29.4,09-20-2026 21:58:17:880,129342,170781
29.41,09-20-2026 21:58:17:890,129349,170790
29.42,09-20-2026 21:58:17:900,129342,170780
29.43,09-20-2026 21:58:17:910,129357,170794
29.44,09-20-2026 21:58:17:920,129349,170810
29.45,09-20-2026 21:58:17:930,129387,170786
29.46,09-20-2026 21:58:17:940,129346,170799
29.47,09-20-2026 21:58:17:950,129358,170784
29.48,09-20-2026 21:58:17:960,129354,170793
29.49,09-20-2026 21:58:17:970,129379,170825
29.5,09-20-2026 21:58:17:980,129357,170806
29.51,09-20-2026 21:58:17:990,129358,170813
29.52,09-20-2026 21:58:18:000,129351,170811
29.53,09-20-2026 21:58:18:010,129355,170808
29.54,09-20-2026 21:58:18:020,129338,170812
29.55,09-20-2026 21:58:18:030,129351,170828
29.56,09-20-2026 21:58:18:040,129351,170813
29.57,09-20-2026 21:58:18:050,129350,170825
29.58,09-20-2026 21:58:18:060,129364,170804
29.59,09-20-2026 21:58:18:070,129358,170808
29.6,09-20-2026 21:58:18:080,129360,170811
29.61,09-20-2026 21:58:18:090,129343,170821
29.62,09-20-2026 21:58:18:100,129342,170804
29.63,09-20-2026 21:58:18:110,129347,170828
29.64,09-20-2026 21:58:18:120,129359,170803
29.65,09-20-2026 21:58:18:130,129344,170820
29.66,09-20-2026 21:58:18:140,129332,170786
29.67,09-20-2026 21:58:18:150,129342,170803
29.68,09-20-2026 21:58:18:160,129340,170764
29.69,09-20-2026 21:58:18:170,129341,170800
29.7,09-20-2026 21:58:18:180,129354,170761
29.71,09-20-2026 21:58:18:190,129345,170788
29.72,09-20-2026 21:58:18:200,129335,170753
29.73,09-20-2026 21:58:18:210,129342,170769
29.74,09-20-2026 21:58:18:220,129340,170758
29.75,09-20-2026 21:58:18:230,129342,170767
29.76,09-20-2026 21:58:18:240,129340,170720
29.77,09-20-2026 21:58:18:250,129346,170775
29.78,09-20-2026 21:58:18:260,129323,170726
29.79,09-20-2026 21:58:18:270,129338,170763
29.8,09-20-2026 21:58:18:280,129326,170722
29.81,09-20-2026 21:58:18:290,129347,170754
29.82,09-20-2026 21:58:18:300,129319,170692
29.83,09-20-2026 21:58:18:310,129343,170756
29.84,09-20-2026 21:58:18:320,129335,170693
29.85,09-20-2026 21:58:18:330,129346,170771
29.86,09-20-2026 21:58:18:340,129338,170690
29.87,09-20-2026 21:58:18:350,129331,170749
29.88,09-20-2026 21:58:18:360,129319,170685
29.89,09-20-2026 21:58:18:370,129329,170737
29.9,09-20-2026 21:58:18:380,129326,170686
29.91,09-20-2026 21:58:18:390,129325,170733
29.92,09-20-2026 21:58:18:400,129341,170682
29.93,09-20-2026 21:58:18:410,129336,170741
29.94,09-20-2026 21:58:18:420,129331,170690
29.95,09-20-2026 21:58:18:430,129318,170740
29.96,09-20-2026 21:58:18:440,129323,170695
29.97,09-20-2026 21:58:18:450,129317,170726
29.98,09-20-2026 21:58:18:460,129325,170699
29.99,09-20-2026 21:58:18:470,129332,170734
30,09-20-2026 21:58:18:480,129314,170704
30.01,09-20-2026 21:58:18:490,129322,170735
30.02,09-20-2026 21:58:18:500,129329,170732
30.03,09-20-2026 21:58:18:510,129323,170726
30.04,09-20-2026 21:58:18:520,129344,170704
30.05,09-20-2026 21:58:18:530,129324,170727
30.06,09-20-2026 21:58:18:540,129336,170737
30.07,09-20-2026 21:58:18:550,129326,170724
30.08,09-20-2026 21:58:18:560,129315,170743
30.09,09-20-2026 21:58:18:570,129324,170726
30.1,09-20-2026 21:58:18:580,129321,170709
30.11,09-20-2026 21:58:18:590,129317,170737
30.12,09-20-2026 21:58:18:600,129322,170737
30.13,09-20-2026 21:58:18:610,129312,170734
30.14,09-20-2026 21:58:18:620,129314,170745
30.15,09-20-2026 21:58:18:630,129327,170714
30.16,09-20-2026 21:58:18:640,129325,170757
30.17,09-20-2026 21:58:18:650,129322,170754
30.18,09-20-2026 21:58:18:660,129324,170755
30.19,09-20-2026 21:58:18:670,129313,170738
30.2,09-20-2026 21:58:18:680,129315,170762
30.21,09-20-2026 21:58:18:690,129324,170729
30.22,09-20-2026 21:58:18:700,129327,170764
30.23,09-20-2026 21:58:18:710,129320,170728
30.24,09-20-2026 21:58:18:720,129337,170778
30.25,09-20-2026 21:58:18:730,129324,170747
30.26,09-20-2026 21:58:18:740,129335,170768
30.27,09-20-2026 21:58:18:750,129327,170734
30.28,09-20-2026 21:58:18:760,129321,170779
30.29,09-20-2026 21:58:18:770,129317,170737
30.3,09-20-2026 21:58:18:780,129319,170775
30.31,09-20-2026 21:58:18:790,129316,170732
30.32,09-20-2026 21:58:18:800,129326,170764
30.33,09-20-2026 21:58:18:810,129321,170738
30.34,09-20-2026 21:58:18:820,129315,170781
30.35,09-20-2026 21:58:18:830,129322,170739
30.36,09-20-2026 21:58:18:840,129314,170776
30.37,09-20-2026 21:58:18:850,129317,170764
30.38,09-20-2026 21:58:18:860,129330,170785
30.39,09-20-2026 21:58:18:870,129317,170743
30.4,09-20-2026 21:58:18:880,129322,170795
30.41,09-20-2026 21:58:18:890,129321,170767
30.42,09-20-2026 21:58:18:900,129320,170770
30.43,09-20-2026 21:58:18:910,129307,170756
30.44,09-20-2026 21:58:18:920,129328,170792
30.45,09-20-2026 21:58:18:930,129330,170765
30.46,09-20-2026 21:58:18:940,129308,170786
30.47,09-20-2026 21:58:18:950,129328,170770
30.48,09-20-2026 21:58:18:960,129322,170794
30.49,09-20-2026 21:58:18:970,129324,170783
30.5,09-20-2026 21:58:18:980,129319,170784
30.51,09-20-2026 21:58:18:990,129318,170776
30.52,09-20-2026 21:58:19:000,129317,170774
30.53,09-20-2026 21:58:19:010,129316,170784
30.54,09-20-2026 21:58:19:020,129332,170771
30.55,09-20-2026 21:58:19:030,129320,170757
30.56,09-20-2026 21:58:19:040,129328,170760
30.57,09-20-2026 21:58:19:050,129326,170754
30.58,09-20-2026 21:58:19:060,129323,170785
30.59,09-20-2026 21:58:19:070,129318,170758
30.6,09-20-2026 21:58:19:080,129311,170738
30.61,09-20-2026 21:58:19:090,129330,170749
30.62,09-20-2026 21:58:19:100,129317,170747
30.63,09-20-2026 21:58:19:110,129322,170728
30.64,09-20-2026 21:58:19:120,129335,170735
30.65,09-20-2026 21:58:19:130,129303,170724
30.66,09-20-2026 21:58:19:140,129328,170727
30.67,09-20-2026 21:58:19:150,129310,170727
30.68,09-20-2026 21:58:19:160,129315,170712
30.69,09-20-2026 21:58:19:170,129300,170698
30.7,09-20-2026 21:58:19:180,129307,170694
30.71,09-20-2026 21:58:19:190,129309,170710
30.72,09-20-2026 21:58:19:200,129312,170706
30.73,09-20-2026 21:58:19:210,129316,170699
30.74,09-20-2026 21:58:19:220,129298,170702
30.75,09-20-2026 21:58:19:230,129300,170694
30.76,09-20-2026 21:58:19:240,129319,170695
30.77,09-20-2026 21:58:19:250,129305,170695
30.78,09-20-2026 21:58:19:260,129309,170692
30.79,09-20-2026 21:58:19:270,129318,170683
30.8,09-20-2026 21:58:19:280,129293,170691
30.81,09-20-2026 21:58:19:290,129308,170689
30.82,09-20-2026 21:58:19:300,129308,170680
30.83,09-20-2026 21:58:19:310,129306,170679
30.84,09-20-2026 21:58:19:320,129293,170700
30.85,09-20-2026 21:58:19:330,129293,170677
30.86,09-20-2026 21:58:19:340,129292,170688
30.87,09-20-2026 21:58:19:350,129304,170692
30.88,09-20-2026 21:58:19:360,129297,170673
30.89,09-20-2026 21:58:19:370,129290,170679
30.9,09-20-2026 21:58:19:380,129281,170672
30.91,09-20-2026 21:58:19:390,129298,170691
30.92,09-20-2026 21:58:19:400,129287,170669
30.93,09-20-2026 21:58:19:410,129293,170693
30.94,09-20-2026 21:58:19:420,129294,170684
30.95,09-20-2026 21:58:19:430,129298,170693
30.96,09-20-2026 21:58:19:440,129277,170679
30.97,09-20-2026 21:58:19:450,129294,170674
30.98,09-20-2026 21:58:19:460,129271,170676
30.99,09-20-2026 21:58:19:470,129311,170676
31,09-20-2026 21:58:19:480,129272,170700
31.01,09-20-2026 21:58:19:490,129296,170683
31.02,09-20-2026 21:58:19:500,129278,170691
31.03,09-20-2026 21:58:19:510,129295,170687
31.04,09-20-2026 21:58:19:520,129256,170689
31.05,09-20-2026 21:58:19:530,129299,170687
31.06,09-20-2026 21:58:19:540,129264,170681
31.07,09-20-2026 21:58:19:550,129301,170686
31.08,09-20-2026 21:58:19:560,129251,170713
31.09,09-20-2026 21:58:19:570,129297,170676
31.1,09-20-2026 21:58:19:580,129240,170689
31.11,09-20-2026 21:58:19:590,129289,170694
31.12,09-20-2026 21:58:19:600,129253,170701
31.13,09-20-2026 21:58:19:610,129295,170708
31.14,09-20-2026 21:58:19:620,129244,170712
31.15,09-20-2026 21:58:19:630,129299,170696
31.16,09-20-2026 21:58:19:640,129254,170707
31.17,09-20-2026 21:58:19:650,129306,170679
31.18,09-20-2026 21:58:19:660,129261,170712
31.19,09-20-2026 21:58:19:670,129302,170693
31.2,09-20-2026 21:58:19:680,129266,170711
31.21,09-20-2026 21:58:19:690,129296,170703
31.22,09-20-2026 21:58:19:700,129274,170716
31.23,09-20-2026 21:58:19:710,129302,170706
31.24,09-20-2026 21:58:19:720,129260,170730
31.25,09-20-2026 21:58:19:730,129297,170705
31.26,09-20-2026 21:58:19:740,129264,170719
31.27,09-20-2026 21:58:19:750,129285,170717
31.28,09-20-2026 21:58:19:760,129274,170716
31.29,09-20-2026 21:58:19:770,129290,170714
31.3,09-20-2026 21:58:19:780,129270,170716
31.31,09-20-2026 21:58:19:790,129298,170692
31.32,09-20-2026 21:58:19:800,129294,170727
31.33,09-20-2026 21:58:19:810,129288,170729
31.34,09-20-2026 21:58:19:820,129305,170720
31.35,09-20-2026 21:58:19:830,129292,170724
31.36,09-20-2026 21:58:19:840,129293,170717
31.37,09-20-2026 21:58:19:850,129314,170745
31.38,09-20-2026 21:58:19:860,129307,170742
31.39,09-20-2026 21:58:19:870,129301,170735
31.4,09-20-2026 21:58:19:880,129292,170728
31.41,09-20-2026 21:58:19:890,129299,170759
31.42,09-20-2026 21:58:19:900,129308,170728
31.43,09-20-2026 21:58:19:910,129276,170749
31.44,09-20-2026 21:58:19:920,129308,170737
31.45,09-20-2026 21:58:19:930,129300,170758
31.46,09-20-2026 21:58:19:940,129305,170740
31.47,09-20-2026 21:58:19:950,129303,170740
31.48,09-20-2026 21:58:19:960,129325,170741
31.49,09-20-2026 21:58:19:970,129291,170730
31.5,09-20-2026 21:58:19:980,129314,170723
31.51,09-20-2026 21:58:19:990,129277,170712
31.52,09-20-2026 21:58:20:000,129320,170712
31.53,09-20-2026 21:58:20:010,129282,170717
31.54,09-20-2026 21:58:20:020,129320,170712
31.55,09-20-2026 21:58:20:030,129291,170717
31.56,09-20-2026 21:58:20:040,129306,170704
31.57,09-20-2026 21:58:20:050,129274,170715
31.58,09-20-2026 21:58:20:060,129313,170698
31.59,09-20-2026 21:58:20:070,129275,170694
31.6,09-20-2026 21:58:20:080,129330,170692
31.61,09-20-2026 21:58:20:090,129290,170685
31.62,09-20-2026 21:58:20:100,129324,170685
31.63,09-20-2026 21:58:20:110,129273,170710
31.64,09-20-2026 21:58:20:120,129334,170689
31.65,09-20-2026 21:58:20:130,129273,170679
31.66,09-20-2026 21:58:20:140,129307,170669
31.67,09-20-2026 21:58:20:150,129283,170669
31.68,09-20-2026 21:58:20:160,129326,170663
31.69,09-20-2026 21:58:20:170,129274,170668
31.7,09-20-2026 21:58:20:180,129279,170663
31.71,09-20-2026 21:58:20:190,129288,170658
31.72,09-20-2026 21:58:20:200,129295,170684
31.73,09-20-2026 21:58:20:210,129279,170673
31.74,09-20-2026 21:58:20:220,129310,170663
31.75,09-20-2026 21:58:20:230,129284,170653
31.76,09-20-2026 21:58:20:240,129298,170653
31.77,09-20-2026 21:58:20:250,129270,170666
31.78,09-20-2026 21:58:20:260,129297,170655
31.79,09-20-2026 21:58:20:270,129276,170651
31.8,09-20-2026 21:58:20:280,129293,170661
31.81,09-20-2026 21:58:20:290,129259,170655
31.82,09-20-2026 21:58:20:300,129285,170660
31.83,09-20-2026 21:58:20:310,129264,170665
31.84,09-20-2026 21:58:20:320,129281,170662
31.85,09-20-2026 21:58:20:330,129272,170663
31.86,09-20-2026 21:58:20:340,129265,170666
31.87,09-20-2026 21:58:20:350,129293,170647
31.88,09-20-2026 21:58:20:360,129264,170657
31.89,09-20-2026 21:58:20:370,129275,170635
31.9,09-20-2026 21:58:20:380,129283,170653
31.91,09-20-2026 21:58:20:390,129278,170632
31.92,09-20-2026 21:58:20:400,129261,170657
31.93,09-20-2026 21:58:20:410,129261,170648
31.94,09-20-2026 21:58:20:420,129266,170657
31.95,09-20-2026 21:58:20:430,129262,170642
31.96,09-20-2026 21:58:20:440,129256,170666
31.97,09-20-2026 21:58:20:450,129273,170662
31.98,09-20-2026 21:58:20:460,129261,170651
31.99,09-20-2026 21:58:20:470,129267,170630
32,09-20-2026 21:58:20:480,129278,170664
32.01,09-20-2026 21:58:20:490,129270,170643
32.02,09-20-2026 21:58:20:500,129272,170668
32.03,09-20-2026 21:58:20:510,129266,170632
32.04,09-20-2026 21:58:20:520,129268,170672
32.05,09-20-2026 21:58:20:530,129267,170638
32.06,09-20-2026 21:58:20:540,129287,170676
32.07,09-20-2026 21:58:20:550,129278,170632
32.08,09-20-2026 21:58:20:560,129261,170676
32.09,09-20-2026 21:58:20:570,129275,170636
32.1,09-20-2026 21:58:20:580,129272,170691
32.11,09-20-2026 21:58:20:590,129296,170634
32.12,09-20-2026 21:58:20:600,129270,170700
32.13,09-20-2026 21:58:20:610,129269,170646
32.14,09-20-2026 21:58:20:620,129272,170688
32.15,09-20-2026 21:58:20:630,129276,170641
32.16,09-20-2026 21:58:20:640,129268,170688
32.17,09-20-2026 21:58:20:650,129261,170635
32.18,09-20-2026 21:58:20:660,129267,170694
32.19,09-20-2026 21:58:20:670,129265,170644
32.2,09-20-2026 21:58:20:680,129282,170702
32.21,09-20-2026 21:58:20:690,129271,170648
32.22,09-20-2026 21:58:20:700,129276,170692
32.23,09-20-2026 21:58:20:710,129264,170681
32.24,09-20-2026 21:58:20:720,129267,170691
32.25,09-20-2026 21:58:20:730,129276,170680
32.26,09-20-2026 21:58:20:740,129257,170715
32.27,09-20-2026 21:58:20:750,129267,170679
32.28,09-20-2026 21:58:20:760,129264,170695
32.29,09-20-2026 21:58:20:770,129257,170708
32.3,09-20-2026 21:58:20:780,129280,170705
32.31,09-20-2026 21:58:20:790,129269,170700
32.32,09-20-2026 21:58:20:800,129281,170728
32.33,09-20-2026 21:58:20:810,129258,170699
32.34,09-20-2026 21:58:20:820,129272,170725
32.35,09-20-2026 21:58:20:830,129273,170743
32.36,09-20-2026 21:58:20:840,129270,170741
32.37,09-20-2026 21:58:20:850,129280,170746
32.38,09-20-2026 21:58:20:860,129279,170728
32.39,09-20-2026 21:58:20:870,129274,170743
32.4,09-20-2026 21:58:20:880,129276,170728
32.41,09-20-2026 21:58:20:890,129278,170751
32.42,09-20-2026 21:58:20:900,129266,170731
32.43,09-20-2026 21:58:20:910,129268,170755
32.44,09-20-2026 21:58:20:920,129275,170743
32.45,09-20-2026 21:58:20:930,129267,170744
32.46,09-20-2026 21:58:20:940,129278,170747
32.47,09-20-2026 21:58:20:950,129270,170782
32.48,09-20-2026 21:58:20:960,129258,170761
32.49,09-20-2026 21:58:20:970,129275,170797
32.5,09-20-2026 21:58:20:980,129278,170752
32.51,09-20-2026 21:58:20:990,129271,170759
32.52,09-20-2026 21:58:21:000,129267,170746
32.53,09-20-2026 21:58:21:010,129271,170760
32.54,09-20-2026 21:58:21:020,129263,170723
32.55,09-20-2026 21:58:21:030,129262,170742
32.56,09-20-2026 21:58:21:040,129257,170695
32.57,09-20-2026 21:58:21:050,129281,170734
32.58,09-20-2026 21:58:21:060,129274,170707
32.59,09-20-2026 21:58:21:070,129254,170755
32.6,09-20-2026 21:58:21:080,129264,170718
32.61,09-20-2026 21:58:21:090,129271,170740
32.62,09-20-2026 21:58:21:100,129261,170704
32.63,09-20-2026 21:58:21:110,129262,170726
32.64,09-20-2026 21:58:21:120,129265,170703
32.65,09-20-2026 21:58:21:130,129269,170738
32.66,09-20-2026 21:58:21:140,129259,170683
32.67,09-20-2026 21:58:21:150,129278,170728
32.68,09-20-2026 21:58:21:160,129258,170691
32.69,09-20-2026 21:58:21:170,129252,170693
32.7,09-20-2026 21:58:21:180,129250,170692
32.71,09-20-2026 21:58:21:190,129255,170709
32.72,09-20-2026 21:58:21:200,129248,170684
32.73,09-20-2026 21:58:21:210,129255,170706
32.74,09-20-2026 21:58:21:220,129260,170686
32.75,09-20-2026 21:58:21:230,129261,170716
32.76,09-20-2026 21:58:21:240,129251,170678
32.77,09-20-2026 21:58:21:250,129258,170717
32.78,09-20-2026 21:58:21:260,129259,170680
32.79,09-20-2026 21:58:21:270,129240,170695
32.8,09-20-2026 21:58:21:280,129263,170696
32.81,09-20-2026 21:58:21:290,129273,170692
32.82,09-20-2026 21:58:21:300,129266,170692
32.83,09-20-2026 21:58:21:310,129244,170696
32.84,09-20-2026 21:58:21:320,129252,170684
32.85,09-20-2026 21:58:21:330,129263,170677
32.86,09-20-2026 21:58:21:340,129245,170683
32.87,09-20-2026 21:58:21:350,129252,170673
32.88,09-20-2026 21:58:21:360,129257,170685
32.89,09-20-2026 21:58:21:370,129247,170682
32.9,09-20-2026 21:58:21:380,129248,170682
32.91,09-20-2026 21:58:21:390,129236,170665
32.92,09-20-2026 21:58:21:400,129260,170669
32.93,09-20-2026 21:58:21:410,129254,170682
32.94,09-20-2026 21:58:21:420,129250,170688
32.95,09-20-2026 21:58:21:430,129253,170674
32.96,09-20-2026 21:58:21:440,129250,170679
32.97,09-20-2026 21:58:21:450,129260,170692
32.98,09-20-2026 21:58:21:460,129239,170682
32.99,09-20-2026 21:58:21:470,129241,170680
33,09-20-2026 21:58:21:480,129251,170686
33.01,09-20-2026 21:58:21:490,129240,170680
33.02,09-20-2026 21:58:21:500,129247,170690
33.03,09-20-2026 21:58:21:510,129253,170694
33.04,09-20-2026 21:58:21:520,129257,170682
33.05,09-20-2026 21:58:21:530,129239,170682
33.06,09-20-2026 21:58:21:540,129261,170692
33.07,09-20-2026 21:58:21:550,129242,170686
33.08,09-20-2026 21:58:21:560,129258,170699
33.09,09-20-2026 21:58:21:570,129246,170696
33.1,09-20-2026 21:58:21:580,129253,170690
33.11,09-20-2026 21:58:21:590,129252,170702
33.12,09-20-2026 21:58:21:600,129250,170711
33.13,09-20-2026 21:58:21:610,129234,170689
33.14,09-20-2026 21:58:21:620,129254,170717
33.15,09-20-2026 21:58:21:630,129232,170703
33.16,09-20-2026 21:58:21:640,129254,170704
33.17,09-20-2026 21:58:21:650,129252,170714
33.18,09-20-2026 21:58:21:660,129253,170706
33.19,09-20-2026 21:58:21:670,129238,170724
33.2,09-20-2026 21:58:21:680,129260,170701
33.21,09-20-2026 21:58:21:690,129250,170717
33.22,09-20-2026 21:58:21:700,129254,170704
33.23,09-20-2026 21:58:21:710,129226,170728
33.24,09-20-2026 21:58:21:720,129235,170711
33.25,09-20-2026 21:58:21:730,129228,170722
33.26,09-20-2026 21:58:21:740,129244,170730
33.27,09-20-2026 21:58:21:750,129241,170719
33.28,09-20-2026 21:58:21:760,129238,170729
33.29,09-20-2026 21:58:21:770,129235,170718
33.3,09-20-2026 21:58:21:780,129255,170719
33.31,09-20-2026 21:58:21:790,129221,170734
33.32,09-20-2026 21:58:21:800,129247,170735
33.33,09-20-2026 21:58:21:810,129201,170747
33.34,09-20-2026 21:58:21:820,129254,170722
33.35,09-20-2026 21:58:21:830,129215,170736
33.36,09-20-2026 21:58:21:840,129247,170729
33.37,09-20-2026 21:58:21:850,129197,170738
33.38,09-20-2026 21:58:21:860,129246,170748
33.39,09-20-2026 21:58:21:870,129215,170734
33.4,09-20-2026 21:58:21:880,129243,170721
33.41,09-20-2026 21:58:21:890,129213,170724
33.42,09-20-2026 21:58:21:900,129249,170725
33.43,09-20-2026 21:58:21:910,129199,170700
33.44,09-20-2026 21:58:21:920,129252,170694
33.45,09-20-2026 21:58:21:930,129195,170701
33.46,09-20-2026 21:58:21:940,129241,170703
33.47,09-20-2026 21:58:21:950,129208,170698
33.48,09-20-2026 21:58:21:960,129250,170689
33.49,09-20-2026 21:58:21:970,129215,170707
33.5,09-20-2026 21:58:21:980,129237,170686
33.51,09-20-2026 21:58:21:990,129214,170700
33.52,09-20-2026 21:58:22:000,129235,170689
33.53,09-20-2026 21:58:22:010,129234,170693
33.54,09-20-2026 21:58:22:020,129227,170693
33.55,09-20-2026 21:58:22:030,129221,170678
33.56,09-20-2026 21:58:22:040,129230,170675
33.57,09-20-2026 21:58:22:050,129218,170689
33.58,09-20-2026 21:58:22:060,129237,170658
33.59,09-20-2026 21:58:22:070,129227,170667
33.6,09-20-2026 21:58:22:080,129235,170655
33.61,09-20-2026 21:58:22:090,129228,170648
33.62,09-20-2026 21:58:22:100,129226,170662
33.63,09-20-2026 21:58:22:110,129251,170657
33.64,09-20-2026 21:58:22:120,129235,170659
33.65,09-20-2026 21:58:22:130,129228,170675
33.66,09-20-2026 21:58:22:140,129217,170664
33.67,09-20-2026 21:58:22:150,129247,170669
33.68,09-20-2026 21:58:22:160,129227,170658
33.69,09-20-2026 21:58:22:170,129247,170672
33.7,09-20-2026 21:58:22:180,129243,170655
33.71,09-20-2026 21:58:22:190,129231,170655
33.72,09-20-2026 21:58:22:200,129220,170656
33.73,09-20-2026 21:58:22:210,129228,170664
33.74,09-20-2026 21:58:22:220,129221,170647
33.75,09-20-2026 21:58:22:230,129237,170662
33.76,09-20-2026 21:58:22:240,129220,170650
33.77,09-20-2026 21:58:22:250,129242,170670
33.78,09-20-2026 21:58:22:260,129221,170647
33.79,09-20-2026 21:58:22:270,129236,170679
33.8,09-20-2026 21:58:22:280,129222,170646
33.81,09-20-2026 21:58:22:290,129260,170668
33.82,09-20-2026 21:58:22:300,129206,170663
33.83,09-20-2026 21:58:22:310,129245,170671
33.84,09-20-2026 21:58:22:320,129213,170682
33.85,09-20-2026 21:58:22:330,129264,170662
33.86,09-20-2026 21:58:22:340,129231,170663
33.87,09-20-2026 21:58:22:350,129247,170671
33.88,09-20-2026 21:58:22:360,129210,170672
33.89,09-20-2026 21:58:22:370,129264,170657
33.9,09-20-2026 21:58:22:380,129220,170659
33.91,09-20-2026 21:58:22:390,129260,170672
33.92,09-20-2026 21:58:22:400,129234,170681
33.93,09-20-2026 21:58:22:410,129271,170675
33.94,09-20-2026 21:58:22:420,129218,170674
33.95,09-20-2026 21:58:22:430,129237,170679
33.96,09-20-2026 21:58:22:440,129216,170673
33.97,09-20-2026 21:58:22:450,129238,170687
33.98,09-20-2026 21:58:22:460,129218,170690
33.99,09-20-2026 21:58:22:470,129236,170689
34,09-20-2026 21:58:22:480,129219,170676
34.01,09-20-2026 21:58:22:490,129231,170694
34.02,09-20-2026 21:58:22:500,129217,170691
34.03,09-20-2026 21:58:22:510,129232,170685
34.04,09-20-2026 21:58:22:520,129221,170699
34.05,09-20-2026 21:58:22:530,129236,170697
34.06,09-20-2026 21:58:22:540,129222,170701
34.07,09-20-2026 21:58:22:550,129205,170699
34.08,09-20-2026 21:58:22:560,129215,170703
34.09,09-20-2026 21:58:22:570,129222,170713
34.1,09-20-2026 21:58:22:580,129214,170700
34.11,09-20-2026 21:58:22:590,129213,170694
34.12,09-20-2026 21:58:22:600,129222,170704
34.13,09-20-2026 21:58:22:610,129216,170683
34.14,09-20-2026 21:58:22:620,129223,170695
34.15,09-20-2026 21:58:22:630,129212,170699
34.16,09-20-2026 21:58:22:640,129214,170708
34.17,09-20-2026 21:58:22:650,129212,170709
34.18,09-20-2026 21:58:22:660,129214,170694
34.19,09-20-2026 21:58:22:670,129225,170721
34.2,09-20-2026 21:58:22:680,129213,170690
34.21,09-20-2026 21:58:22:690,129209,170731
34.22,09-20-2026 21:58:22:700,129222,170697
34.23,09-20-2026 21:58:22:710,129237,170716
34.24,09-20-2026 21:58:22:720,129190,170689
34.25,09-20-2026 21:58:22:730,129223,170733
34.26,09-20-2026 21:58:22:740,129227,170711
34.27,09-20-2026 21:58:22:750,129226,170728
34.28,09-20-2026 21:58:22:760,129216,170690
34.29,09-20-2026 21:58:22:770,129227,170739
34.3,09-20-2026 21:58:22:780,129217,170692
34.31,09-20-2026 21:58:22:790,129196,170724
34.32,09-20-2026 21:58:22:800,129192,170681
34.33,09-20-2026 21:58:22:810,129215,170723
34.34,09-20-2026 21:58:22:820,129209,170675
34.35,09-20-2026 21:58:22:830,129229,170711
34.36,09-20-2026 21:58:22:840,129215,170644
34.37,09-20-2026 21:58:22:850,129208,170706
34.38,09-20-2026 21:58:22:860,129199,170657
34.39,09-20-2026 21:58:22:870,129222,170697
34.4,09-20-2026 21:58:22:880,129209,170639
34.41,09-20-2026 21:58:22:890,129206,170703
34.42,09-20-2026 21:58:22:900,129214,170629
34.43,09-20-2026 21:58:22:910,129194,170675
34.44,09-20-2026 21:58:22:920,129220,170636
34.45,09-20-2026 21:58:22:930,129201,170695
34.46,09-20-2026 21:58:22:940,129208,170637
34.47,09-20-2026 21:58:22:950,129225,170679
34.48,09-20-2026 21:58:22:960,129214,170628
34.49,09-20-2026 21:58:22:970,129195,170687
34.5,09-20-2026 21:58:22:980,129207,170645
34.51,09-20-2026 21:58:22:990,129208,170666
34.52,09-20-2026 21:58:23:000,129198,170642
34.53,09-20-2026 21:58:23:010,129191,170648
34.54,09-20-2026 21:58:23:020,129190,170644
34.55,09-20-2026 21:58:23:030,129206,170655
34.56,09-20-2026 21:58:23:040,129191,170635
34.57,09-20-2026 21:58:23:050,129197,170646
34.58,09-20-2026 21:58:23:060,129182,170641
34.59,09-20-2026 21:58:23:070,129195,170651
34.6,09-20-2026 21:58:23:080,129187,170616
34.61,09-20-2026 21:58:23:090,129209,170651
34.62,09-20-2026 21:58:23:100,129187,170667
34.63,09-20-2026 21:58:23:110,129198,170659
34.64,09-20-2026 21:58:23:120,129183,170664
34.65,09-20-2026 21:58:23:130,129176,170683
34.66,09-20-2026 21:58:23:140,129181,170652
34.67,09-20-2026 21:58:23:150,129187,170655
34.68,09-20-2026 21:58:23:160,129182,170655
34.69,09-20-2026 21:58:23:170,129183,170673
34.7,09-20-2026 21:58:23:180,129173,170662
34.71,09-20-2026 21:58:23:190,129204,170656
34.72,09-20-2026 21:58:23:200,129193,170685
34.73,09-20-2026 21:58:23:210,129167,170646
34.74,09-20-2026 21:58:23:220,129178,170671
34.75,09-20-2026 21:58:23:230,129181,170655
34.76,09-20-2026 21:58:23:240,129201,170692
34.77,09-20-2026 21:58:23:250,129182,170646
34.78,09-20-2026 21:58:23:260,129180,170673
34.79,09-20-2026 21:58:23:270,129189,170658
34.8,09-20-2026 21:58:23:280,129188,170675
34.81,09-20-2026 21:58:23:290,129183,170651
34.82,09-20-2026 21:58:23:300,129187,170679
34.83,09-20-2026 21:58:23:310,129182,170657
34.84,09-20-2026 21:58:23:320,129189,170687
34.85,09-20-2026 21:58:23:330,129186,170660
34.86,09-20-2026 21:58:23:340,129184,170698
34.87,09-20-2026 21:58:23:350,129186,170670
34.88,09-20-2026 21:58:23:360,129174,170727
34.89,09-20-2026 21:58:23:370,129186,170668
34.9,09-20-2026 21:58:23:380,129189,170708
34.91,09-20-2026 21:58:23:390,129172,170668
34.92,09-20-2026 21:58:23:400,129182,170719
34.93,09-20-2026 21:58:23:410,129182,170676
34.94,09-20-2026 21:58:23:420,129190,170716
34.95,09-20-2026 21:58:23:430,129168,170674
34.96,09-20-2026 21:58:23:440,129181,170724
34.97,09-20-2026 21:58:23:450,129186,170668
34.98,09-20-2026 21:58:23:460,129176,170698
34.99,09-20-2026 21:58:23:470,129182,170690
35,09-20-2026 21:58:23:480,129183,170703
35.01,09-20-2026 21:58:23:490,129187,170683
35.02,09-20-2026 21:58:23:500,129192,170708
35.03,09-20-2026 21:58:23:510,129189,170699
35.04,09-20-2026 21:58:23:520,129192,170714
35.05,09-20-2026 21:58:23:530,129183,170698
35.06,09-20-2026 21:58:23:540,129183,170720
35.07,09-20-2026 21:58:23:550,129175,170697
35.08,09-20-2026 21:58:23:560,129165,170719
35.09,09-20-2026 21:58:23:570,129185,170704
35.1,09-20-2026 21:58:23:580,129185,170704
35.11,09-20-2026 21:58:23:590,129177,170708
35.12,09-20-2026 21:58:23:600,129175,170728
35.13,09-20-2026 21:58:23:610,129183,170704
35.14,09-20-2026 21:58:23:620,129177,170717
35.15,09-20-2026 21:58:23:630,129186,170720
35.16,09-20-2026 21:58:23:640,129170,170711
35.17,09-20-2026 21:58:23:650,129190,170712
35.18,09-20-2026 21:58:23:660,129168,170701
35.19,09-20-2026 21:58:23:670,129180,170702
35.2,09-20-2026 21:58:23:680,129170,170714
35.21,09-20-2026 21:58:23:690,129175,170715
35.22,09-20-2026 21:58:23:700,129191,170733
35.23,09-20-2026 21:58:23:710,129187,170728
35.24,09-20-2026 21:58:23:720,129182,170714
35.25,09-20-2026 21:58:23:730,129179,170710
35.26,09-20-2026 21:58:23:740,129183,170738
35.27,09-20-2026 21:58:23:750,129182,170725
35.28,09-20-2026 21:58:23:760,129178,170734
35.29,09-20-2026 21:58:23:770,129170,170735
35.3,09-20-2026 21:58:23:780,129173,170727
35.31,09-20-2026 21:58:23:790,129175,170733
35.32,09-20-2026 21:58:23:800,129170,170709
35.33,09-20-2026 21:58:23:810,129180,170697
35.34,09-20-2026 21:58:23:820,129157,170712
35.35,09-20-2026 21:58:23:830,129180,170686
35.36,09-20-2026 21:58:23:840,129166,170695
35.37,09-20-2026 21:58:23:850,129174,170694
35.38,09-20-2026 21:58:23:860,129156,170670
35.39,09-20-2026 21:58:23:870,129162,170672
35.4,09-20-2026 21:58:23:880,129177,170677
35.41,09-20-2026 21:58:23:890,129174,170700
35.42,09-20-2026 21:58:23:900,129168,170683
35.43,09-20-2026 21:58:23:910,129162,170660
35.44,09-20-2026 21:58:23:920,129151,170673
35.45,09-20-2026 21:58:23:930,129171,170663
35.46,09-20-2026 21:58:23:940,129146,170686
35.47,09-20-2026 21:58:23:950,129159,170686
35.48,09-20-2026 21:58:23:960,129137,170658
35.49,09-20-2026 21:58:23:970,129161,170669
35.5,09-20-2026 21:58:23:980,129137,170655
35.51,09-20-2026 21:58:23:990,129168,170680
35.52,09-20-2026 21:58:24:000,129148,170663
35.53,09-20-2026 21:58:24:010,129150,170665
35.54,09-20-2026 21:58:24:020,129128,170658
35.55,09-20-2026 21:58:24:030,129167,170649
35.56,09-20-2026 21:58:24:040,129117,170673
35.57,09-20-2026 21:58:24:050,129148,170658
35.58,09-20-2026 21:58:24:060,129119,170660
35.59,09-20-2026 21:58:24:070,129156,170648
35.6,09-20-2026 21:58:24:080,129098,170665
35.61,09-20-2026 21:58:24:090,129171,170658
35.62,09-20-2026 21:58:24:100,129120,170667
35.63,09-20-2026 21:58:24:110,129121,170649
35.64,09-20-2026 21:58:24:120,129120,170648
35.65,09-20-2026 21:58:24:130,129141,170657
35.66,09-20-2026 21:58:24:140,129118,170665
35.67,09-20-2026 21:58:24:150,129142,170650
35.68,09-20-2026 21:58:24:160,129094,170675
35.69,09-20-2026 21:58:24:170,129151,170655
35.7,09-20-2026 21:58:24:180,129104,170654
35.71,09-20-2026 21:58:24:190,129141,170662
35.72,09-20-2026 21:58:24:200,129103,170668
35.73,09-20-2026 21:58:24:210,129158,170648
35.74,09-20-2026 21:58:24:220,129121,170670
35.75,09-20-2026 21:58:24:230,129144,170625
35.76,09-20-2026 21:58:24:240,129125,170664
35.77,09-20-2026 21:58:24:250,129152,170648
35.78,09-20-2026 21:58:24:260,129127,170673
35.79,09-20-2026 21:58:24:270,129158,170649
35.8,09-20-2026 21:58:24:280,129135,170659
35.81,09-20-2026 21:58:24:290,129150,170664
35.82,09-20-2026 21:58:24:300,129141,170661
35.83,09-20-2026 21:58:24:310,129155,170649
35.84,09-20-2026 21:58:24:320,129139,170661
35.85,09-20-2026 21:58:24:330,129134,170663
35.86,09-20-2026 21:58:24:340,129118,170659
35.87,09-20-2026 21:58:24:350,129145,170676
35.88,09-20-2026 21:58:24:360,129139,170668
35.89,09-20-2026 21:58:24:370,129163,170670
35.9,09-20-2026 21:58:24:380,129147,170674
35.91,09-20-2026 21:58:24:390,129140,170659
35.92,09-20-2026 21:58:24:400,129170,170662
35.93,09-20-2026 21:58:24:410,129151,170678
35.94,09-20-2026 21:58:24:420,129175,170691
35.95,09-20-2026 21:58:24:430,129138,170673
35.96,09-20-2026 21:58:24:440,129169,170678
35.97,09-20-2026 21:58:24:450,129134,170688
35.98,09-20-2026 21:58:24:460,129164,170698
35.99,09-20-2026 21:58:24:470,129147,170687
36,09-20-2026 21:58:24:480,129153,170674
36.01,09-20-2026 21:58:24:490,129136,170679
36.02,09-20-2026 21:58:24:500,129175,170690
36.03,09-20-2026 21:58:24:510,129155,170698
36.04,09-20-2026 21:58:24:520,129182,170705
36.05,09-20-2026 21:58:24:530,129149,170683
36.06,09-20-2026 21:58:24:540,129165,170702
36.07,09-20-2026 21:58:24:550,129169,170672
36.08,09-20-2026 21:58:24:560,129188,170699
36.09,09-20-2026 21:58:24:570,129143,170720
36.1,09-20-2026 21:58:24:580,129169,170698
36.11,09-20-2026 21:58:24:590,129137,170703
36.12,09-20-2026 21:58:24:600,129177,170703
36.13,09-20-2026 21:58:24:610,129137,170703
36.14,09-20-2026 21:58:24:620,129177,170710
36.15,09-20-2026 21:58:24:630,129141,170710
36.16,09-20-2026 21:58:24:640,129185,170710
36.17,09-20-2026 21:58:24:650,129140,170710
36.18,09-20-2026 21:58:24:660,129195,170703
36.19,09-20-2026 21:58:24:670,129138,170711
36.2,09-20-2026 21:58:24:680,129177,170707
36.21,09-20-2026 21:58:24:690,129123,170685
36.22,09-20-2026 21:58:24:700,129176,170693
36.23,09-20-2026 21:58:24:710,129148,170675
36.24,09-20-2026 21:58:24:720,129149,170669
36.25,09-20-2026 21:58:24:730,129148,170673
36.26,09-20-2026 21:58:24:740,129167,170665
36.27,09-20-2026 21:58:24:750,129134,170671
36.28,09-20-2026 21:58:24:760,129165,170669
36.29,09-20-2026 21:58:24:770,129155,170659
36.3,09-20-2026 21:58:24:780,129166,170666
36.31,09-20-2026 21:58:24:790,129121,170656
36.32,09-20-2026 21:58:24:800,129155,170665
36.33,09-20-2026 21:58:24:810,129120,170649
36.34,09-20-2026 21:58:24:820,129122,170651
36.35,09-20-2026 21:58:24:830,129135,170643
36.36,09-20-2026 21:58:24:840,129141,170646
36.37,09-20-2026 21:58:24:850,129134,170659
36.38,09-20-2026 21:58:24:860,129124,170650
36.39,09-20-2026 21:58:24:870,129130,170634
36.4,09-20-2026 21:58:24:880,129138,170634
36.41,09-20-2026 21:58:24:890,129118,170619
36.42,09-20-2026 21:58:24:900,129115,170635
36.43,09-20-2026 21:58:24:910,129123,170625
36.44,09-20-2026 21:58:24:920,129121,170634
36.45,09-20-2026 21:58:24:930,129116,170618
36.46,09-20-2026 21:58:24:940,129113,170643
36.47,09-20-2026 21:58:24:950,129115,170625
36.48,09-20-2026 21:58:24:960,129104,170645
36.49,09-20-2026 21:58:24:970,129124,170608
36.5,09-20-2026 21:58:24:980,129124,170608
36.51,09-20-2026 21:58:24:990,129117,170640
36.52,09-20-2026 21:58:25:000,129121,170605
36.53,09-20-2026 21:58:25:010,129120,170639
36.54,09-20-2026 21:58:25:020,129107,170616
36.55,09-20-2026 21:58:25:030,129109,170629
36.56,09-20-2026 21:58:25:040,129110,170600
36.57,09-20-2026 21:58:25:050,129104,170631
36.58,09-20-2026 21:58:25:060,129124,170600
36.59,09-20-2026 21:58:25:070,129117,170632
36.6,09-20-2026 21:58:25:080,129120,170596
36.61,09-20-2026 21:58:25:090,129109,170655
36.62,09-20-2026 21:58:25:100,129107,170592
36.63,09-20-2026 21:58:25:110,129102,170634
36.64,09-20-2026 21:58:25:120,129113,170606
36.65,09-20-2026 21:58:25:130,129107,170644
36.66,09-20-2026 21:58:25:140,129114,170585
36.67,09-20-2026 21:58:25:150,129110,170652
36.68,09-20-2026 21:58:25:160,129111,170588
36.69,09-20-2026 21:58:25:170,129116,170658
36.7,09-20-2026 21:58:25:180,129105,170584
36.71,09-20-2026 21:58:25:190,129110,170630
36.72,09-20-2026 21:58:25:200,129104,170597
36.73,09-20-2026 21:58:25:210,129117,170640
36.74,09-20-2026 21:58:25:220,129115,170598
36.75,09-20-2026 21:58:25:230,129107,170645
36.76,09-20-2026 21:58:25:240,129095,170632
36.77,09-20-2026 21:58:25:250,129092,170623
36.78,09-20-2026 21:58:25:260,129097,170624
36.79,09-20-2026 21:58:25:270,129102,170664
36.8,09-20-2026 21:58:25:280,129116,170633
36.81,09-20-2026 21:58:25:290,129108,170654
36.82,09-20-2026 21:58:25:300,129107,170619
36.83,09-20-2026 21:58:25:310,129111,170657
36.84,09-20-2026 21:58:25:320,129107,170637
36.85,09-20-2026 21:58:25:330,129114,170648
36.86,09-20-2026 21:58:25:340,129094,170649
36.87,09-20-2026 21:58:25:350,129097,170654
36.88,09-20-2026 21:58:25:360,129107,170656
36.89,09-20-2026 21:58:25:370,129082,170674
36.9,09-20-2026 21:58:25:380,129101,170662
36.91,09-20-2026 21:58:25:390,129114,170669
36.92,09-20-2026 21:58:25:400,129106,170676
36.93,09-20-2026 21:58:25:410,129085,170679
36.94,09-20-2026 21:58:25:420,129112,170704
36.95,09-20-2026 21:58:25:430,129112,170686
36.96,09-20-2026 21:58:25:440,129090,170691
36.97,09-20-2026 21:58:25:450,129103,170684
36.98,09-20-2026 21:58:25:460,129100,170706
36.99,09-20-2026 21:58:25:470,129105,170680
37,09-20-2026 21:58:25:480,129098,170696
37.01,09-20-2026 21:58:25:490,129105,170688
37.02,09-20-2026 21:58:25:500,129105,170702
37.03,09-20-2026 21:58:25:510,129093,170698
37.04,09-20-2026 21:58:25:520,129096,170718
37.05,09-20-2026 21:58:25:530,129109,170694
37.06,09-20-2026 21:58:25:540,129117,170702
37.07,09-20-2026 21:58:25:550,129121,170705
37.08,09-20-2026 21:58:25:560,129126,170720
37.09,09-20-2026 21:58:25:570,129105,170696
37.1,09-20-2026 21:58:25:580,129123,170689
37.11,09-20-2026 21:58:25:590,129110,170678
37.12,09-20-2026 21:58:25:600,129112,170700
37.13,09-20-2026 21:58:25:610,129107,170668
37.14,09-20-2026 21:58:25:620,129100,170689
37.15,09-20-2026 21:58:25:630,129109,170668
37.16,09-20-2026 21:58:25:640,129087,170694
37.17,09-20-2026 21:58:25:650,129094,170658
37.18,09-20-2026 21:58:25:660,129113,170688
37.19,09-20-2026 21:58:25:670,129088,170649
37.2,09-20-2026 21:58:25:680,129097,170685
37.21,09-20-2026 21:58:25:690,129104,170625
37.22,09-20-2026 21:58:25:700,129097,170687
37.23,09-20-2026 21:58:25:710,129092,170640
37.24,09-20-2026 21:58:25:720,129095,170670
37.25,09-20-2026 21:58:25:730,129096,170657
37.26,09-20-2026 21:58:25:740,129088,170675
37.27,09-20-2026 21:58:25:750,129098,170627
37.28,09-20-2026 21:58:25:760,129091,170670
37.29,09-20-2026 21:58:25:770,129104,170636
37.3,09-20-2026 21:58:25:780,129083,170644
37.31,09-20-2026 21:58:25:790,129081,170638
37.32,09-20-2026 21:58:25:800,129112,170623
37.33,09-20-2026 21:58:25:810,129092,170622
37.34,09-20-2026 21:58:25:820,129078,170619
37.35,09-20-2026 21:58:25:830,129104,170635
37.36,09-20-2026 21:58:25:840,129107,170637
37.37,09-20-2026 21:58:25:850,129107,170620
37.38,09-20-2026 21:58:25:860,129085,170633
37.39,09-20-2026 21:58:25:870,129090,170623
37.4,09-20-2026 21:58:25:880,129077,170651
37.41,09-20-2026 21:58:25:890,129100,170639
37.42,09-20-2026 21:58:25:900,129073,170627
37.43,09-20-2026 21:58:25:910,129095,170627
37.44,09-20-2026 21:58:25:920,129099,170638
37.45,09-20-2026 21:58:25:930,129099,170632
37.46,09-20-2026 21:58:25:940,129093,170643
37.47,09-20-2026 21:58:25:950,129077,170624
37.48,09-20-2026 21:58:25:960,129089,170630
37.49,09-20-2026 21:58:25:970,129101,170627
37.5,09-20-2026 21:58:25:980,129084,170622
37.51,09-20-2026 21:58:25:990,129095,170627
37.52,09-20-2026 21:58:26:000,129075,170624
37.53,09-20-2026 21:58:26:010,129077,170601
37.54,09-20-2026 21:58:26:020,129071,170627
37.55,09-20-2026 21:58:26:030,129078,170643
37.56,09-20-2026 21:58:26:040,129074,170621
37.57,09-20-2026 21:58:26:050,129070,170628
37.58,09-20-2026 21:58:26:060,129069,170619
37.59,09-20-2026 21:58:26:070,129078,170638
37.6,09-20-2026 21:58:26:080,129080,170634
37.61,09-20-2026 21:58:26:090,129063,170638
37.62,09-20-2026 21:58:26:100,129081,170631
37.63,09-20-2026 21:58:26:110,129082,170644
37.64,09-20-2026 21:58:26:120,129099,170627
37.65,09-20-2026 21:58:26:130,129082,170634
37.66,09-20-2026 21:58:26:140,129089,170636
37.67,09-20-2026 21:58:26:150,129088,170639
37.68,09-20-2026 21:58:26:160,129084,170644
37.69,09-20-2026 21:58:26:170,129101,170652
37.7,09-20-2026 21:58:26:180,129078,170638
37.71,09-20-2026 21:58:26:190,129099,170646
37.72,09-20-2026 21:58:26:200,129082,170662
37.73,09-20-2026 21:58:26:210,129086,170644
37.74,09-20-2026 21:58:26:220,129075,170647
37.75,09-20-2026 21:58:26:230,129087,170659
37.76,09-20-2026 21:58:26:240,129082,170667
37.77,09-20-2026 21:58:26:250,129079,170663
37.78,09-20-2026 21:58:26:260,129071,170678
37.79,09-20-2026 21:58:26:270,129080,170656
37.8,09-20-2026 21:58:26:280,129086,170641
37.81,09-20-2026 21:58:26:290,129081,170648
37.82,09-20-2026 21:58:26:300,129068,170664
37.83,09-20-2026 21:58:26:310,129082,170662
37.84,09-20-2026 21:58:26:320,129064,170680
37.85,09-20-2026 21:58:26:330,129082,170666
37.86,09-20-2026 21:58:26:340,129077,170667
37.87,09-20-2026 21:58:26:350,129092,170655
37.88,09-20-2026 21:58:26:360,129066,170669
37.89,09-20-2026 21:58:26:370,129096,170676
37.9,09-20-2026 21:58:26:380,129076,170692
37.91,09-20-2026 21:58:26:390,129083,170691
37.92,09-20-2026 21:58:26:400,129072,170677
37.93,09-20-2026 21:58:26:410,129080,170680
37.94,09-20-2026 21:58:26:420,129076,170677
37.95,09-20-2026 21:58:26:430,129078,170695
37.96,09-20-2026 21:58:26:440,129080,170683
37.97,09-20-2026 21:58:26:450,129072,170694
37.98,09-20-2026 21:58:26:460,129082,170691
37.99,09-20-2026 21:58:26:470,129091,170685
38,09-20-2026 21:58:26:480,129046,170692
38.01,09-20-2026 21:58:26:490,129088,170684
38.02,09-20-2026 21:58:26:500,129068,170696
38.03,09-20-2026 21:58:26:510,129076,170696
38.04,09-20-2026 21:58:26:520,129067,170679
38.05,09-20-2026 21:58:26:530,129084,170682
38.06,09-20-2026 21:58:26:540,129070,170685
38.07,09-20-2026 21:58:26:550,129084,170650
38.08,09-20-2026 21:58:26:560,129051,170657
38.09,09-20-2026 21:58:26:570,129072,170644
38.1,09-20-2026 21:58:26:580,129045,170648
38.11,09-20-2026 21:58:26:590,129072,170663
38.12,09-20-2026 21:58:26:600,129041,170665
38.13,09-20-2026 21:58:26:610,129074,170667
38.14,09-20-2026 21:58:26:620,129040,170639
38.15,09-20-2026 21:58:26:630,129073,170653
38.16,09-20-2026 21:58:26:640,129046,170643
38.17,09-20-2026 21:58:26:650,129081,170643
38.18,09-20-2026 21:58:26:660,129033,170646
38.19,09-20-2026 21:58:26:670,129080,170633
38.2,09-20-2026 21:58:26:680,129033,170640
38.21,09-20-2026 21:58:26:690,129060,170628
38.22,09-20-2026 21:58:26:700,129035,170636
38.23,09-20-2026 21:58:26:710,129069,170624
38.24,09-20-2026 21:58:26:720,129030,170609
38.25,09-20-2026 21:58:26:730,129064,170626
38.26,09-20-2026 21:58:26:740,129025,170618
38.27,09-20-2026 21:58:26:750,129062,170615
38.28,09-20-2026 21:58:26:760,129024,170621
38.29,09-20-2026 21:58:26:770,129055,170635
38.3,09-20-2026 21:58:26:780,129021,170627
38.31,09-20-2026 21:58:26:790,129059,170628
38.32,09-20-2026 21:58:26:800,129015,170634
38.33,09-20-2026 21:58:26:810,129070,170631
38.34,09-20-2026 21:58:26:820,129027,170631
38.35,09-20-2026 21:58:26:830,129055,170599
38.36,09-20-2026 21:58:26:840,129018,170628
38.37,09-20-2026 21:58:26:850,129064,170621
38.38,09-20-2026 21:58:26:860,129046,170618
38.39,09-20-2026 21:58:26:870,129069,170634
38.4,09-20-2026 21:58:26:880,129042,170625
38.41,09-20-2026 21:58:26:890,129056,170637
38.42,09-20-2026 21:58:26:900,129026,170611
38.43,09-20-2026 21:58:26:910,129052,170618
38.44,09-20-2026 21:58:26:920,129044,170628
38.45,09-20-2026 21:58:26:930,129065,170612
38.46,09-20-2026 21:58:26:940,129045,170632
38.47,09-20-2026 21:58:26:950,129056,170629
38.48,09-20-2026 21:58:26:960,129034,170626
38.49,09-20-2026 21:58:26:970,129054,170634
38.5,09-20-2026 21:58:26:980,129038,170624
38.51,09-20-2026 21:58:26:990,129073,170623
38.52,09-20-2026 21:58:27:000,129045,170652
38.53,09-20-2026 21:58:27:010,129057,170630
38.54,09-20-2026 21:58:27:020,129040,170621
38.55,09-20-2026 21:58:27:030,129043,170627
38.56,09-20-2026 21:58:27:040,129054,170631
38.57,09-20-2026 21:58:27:050,129064,170625
38.58,09-20-2026 21:58:27:060,129074,170651
38.59,09-20-2026 21:58:27:070,129029,170645
38.6,09-20-2026 21:58:27:080,129082,170633
38.61,09-20-2026 21:58:27:090,129068,170635
38.62,09-20-2026 21:58:27:100,129059,170639
38.63,09-20-2026 21:58:27:110,129057,170647
38.64,09-20-2026 21:58:27:120,129052,170631
38.65,09-20-2026 21:58:27:130,129044,170631
38.66,09-20-2026 21:58:27:140,129088,170663
38.67,09-20-2026 21:58:27:150,129052,170639
38.68,09-20-2026 21:58:27:160,129070,170646
38.69,09-20-2026 21:58:27:170,129055,170638
38.7,09-20-2026 21:58:27:180,129081,170652
38.71,09-20-2026 21:58:27:190,129062,170667
38.72,09-20-2026 21:58:27:200,129071,170650
38.73,09-20-2026 21:58:27:210,129068,170655
38.74,09-20-2026 21:58:27:220,129079,170671
38.75,09-20-2026 21:58:27:230,129055,170659
38.76,09-20-2026 21:58:27:240,129088,170661
38.77,09-20-2026 21:58:27:250,129052,170644
38.78,09-20-2026 21:58:27:260,129070,170662
38.79,09-20-2026 21:58:27:270,129081,170668
38.8,09-20-2026 21:58:27:280,129089,170664
38.81,09-20-2026 21:58:27:290,129069,170663
38.82,09-20-2026 21:58:27:300,129079,170650
38.83,09-20-2026 21:58:27:310,129064,170675
38.84,09-20-2026 21:58:27:320,129091,170657
38.85,09-20-2026 21:58:27:330,129064,170685
38.86,09-20-2026 21:58:27:340,129095,170686
38.87,09-20-2026 21:58:27:350,129050,170668
38.88,09-20-2026 21:58:27:360,129079,170680
38.89,09-20-2026 21:58:27:370,129054,170710
38.9,09-20-2026 21:58:27:380,129073,170690
38.91,09-20-2026 21:58:27:390,129046,170668
38.92,09-20-2026 21:58:27:400,129076,170685
38.93,09-20-2026 21:58:27:410,129069,170673
38.94,09-20-2026 21:58:27:420,129101,170702
38.95,09-20-2026 21:58:27:430,129056,170698
38.96,09-20-2026 21:58:27:440,129080,170695
38.97,09-20-2026 21:58:27:450,129059,170691
38.98,09-20-2026 21:58:27:460,129084,170673
38.99,09-20-2026 21:58:27:470,129065,170677
39,09-20-2026 21:58:27:480,129075,170659
39.01,09-20-2026 21:58:27:490,129066,170658
39.02,09-20-2026 21:58:27:500,129070,170653
39.03,09-20-2026 21:58:27:510,129044,170640
39.04,09-20-2026 21:58:27:520,129073,170649
39.05,09-20-2026 21:58:27:530,129032,170647
39.06,09-20-2026 21:58:27:540,129073,170650
39.07,09-20-2026 21:58:27:550,129057,170641
39.08,09-20-2026 21:58:27:560,129064,170638
39.09,09-20-2026 21:58:27:570,129068,170635
39.1,09-20-2026 21:58:27:580,129079,170621
39.11,09-20-2026 21:58:27:590,129056,170618
39.12,09-20-2026 21:58:27:600,129063,170622
39.13,09-20-2026 21:58:27:610,129038,170636
39.14,09-20-2026 21:58:27:620,129061,170611
39.15,09-20-2026 21:58:27:630,129033,170611
39.16,09-20-2026 21:58:27:640,129050,170601
39.17,09-20-2026 21:58:27:650,129048,170600
39.18,09-20-2026 21:58:27:660,129049,170623
39.19,09-20-2026 21:58:27:670,129039,170615
39.2,09-20-2026 21:58:27:680,129066,170596
39.21,09-20-2026 21:58:27:690,129039,170598
39.22,09-20-2026 21:58:27:700,129040,170606
39.23,09-20-2026 21:58:27:710,129047,170605
39.24,09-20-2026 21:58:27:720,129014,170623
39.25,09-20-2026 21:58:27:730,129036,170603
39.26,09-20-2026 21:58:27:740,129053,170614
39.27,09-20-2026 21:58:27:750,129025,170593
39.28,09-20-2026 21:58:27:760,129036,170617
39.29,09-20-2026 21:58:27:770,129038,170606
39.3,09-20-2026 21:58:27:780,129037,170594
39.31,09-20-2026 21:58:27:790,129047,170605
39.32,09-20-2026 21:58:27:800,129057,170607
39.33,09-20-2026 21:58:27:810,129030,170592
39.34,09-20-2026 21:58:27:820,129035,170624
39.35,09-20-2026 21:58:27:830,129028,170597
39.36,09-20-2026 21:58:27:840,129042,170614
39.37,09-20-2026 21:58:27:850,129031,170595
39.38,09-20-2026 21:58:27:860,129051,170600
39.39,09-20-2026 21:58:27:870,129015,170566
39.4,09-20-2026 21:58:27:880,129028,170612
39.41,09-20-2026 21:58:27:890,129034,170612
39.42,09-20-2026 21:58:27:900,129038,170613
39.43,09-20-2026 21:58:27:910,129022,170603
39.44,09-20-2026 21:58:27:920,129035,170600
39.45,09-20-2026 21:58:27:930,129039,170587
39.46,09-20-2026 21:58:27:940,129043,170613
39.47,09-20-2026 21:58:27:950,129044,170601
39.48,09-20-2026 21:58:27:960,129049,170635
39.49,09-20-2026 21:58:27:970,129019,170577
39.5,09-20-2026 21:58:27:980,129038,170623
39.51,09-20-2026 21:58:27:990,129024,170591
39.52,09-20-2026 21:58:28:000,129038,170625
39.53,09-20-2026 21:58:28:010,129031,170600
39.54,09-20-2026 21:58:28:020,129046,170639
39.55,09-20-2026 21:58:28:030,129027,170570
39.56,09-20-2026 21:58:28:040,129024,170635
39.57,09-20-2026 21:58:28:050,129042,170601
39.58,09-20-2026 21:58:28:060,129035,170636
39.59,09-20-2026 21:58:28:070,129028,170611
39.6,09-20-2026 21:58:28:080,129038,170626
39.61,09-20-2026 21:58:28:090,129037,170584
39.62,09-20-2026 21:58:28:100,129034,170640
39.63,09-20-2026 21:58:28:110,129038,170603
39.64,09-20-2026 21:58:28:120,129037,170682
39.65,09-20-2026 21:58:28:130,129045,170593
39.66,09-20-2026 21:58:28:140,129034,170642
39.67,09-20-2026 21:58:28:150,129032,170598
39.68,09-20-2026 21:58:28:160,129041,170642
39.69,09-20-2026 21:58:28:170,129034,170589
39.7,09-20-2026 21:58:28:180,129031,170644
39.71,09-20-2026 21:58:28:190,129032,170614
39.72,09-20-2026 21:58:28:200,129040,170654
39.73,09-20-2026 21:58:28:210,129021,170600
39.74,09-20-2026 21:58:28:220,129035,170671
39.75,09-20-2026 21:58:28:230,129018,170612
39.76,09-20-2026 21:58:28:240,129044,170670
39.77,09-20-2026 21:58:28:250,129026,170613
39.78,09-20-2026 21:58:28:260,129021,170660
39.79,09-20-2026 21:58:28:270,129043,170621
39.8,09-20-2026 21:58:28:280,129035,170679
39.81,09-20-2026 21:58:28:290,129034,170657
39.82,09-20-2026 21:58:28:300,129041,170681
39.83,09-20-2026 21:58:28:310,129044,170650
39.84,09-20-2026 21:58:28:320,129039,170663
39.85,09-20-2026 21:58:28:330,129027,170679
39.86,09-20-2026 21:58:28:340,129033,170692
39.87,09-20-2026 21:58:28:350,129036,170658
39.88,09-20-2026 21:58:28:360,129035,170688
39.89,09-20-2026 21:58:28:370,129048,170666
39.9,09-20-2026 21:58:28:380,129051,170697
39.91,09-20-2026 21:58:28:390,129028,170686
39.92,09-20-2026 21:58:28:400,129039,170709
39.93,09-20-2026 21:58:28:410,129045,170694
39.94,09-20-2026 21:58:28:420,129041,170718
39.95,09-20-2026 21:58:28:430,129040,170705
39.96,09-20-2026 21:58:28:440,129042,170711
39.97,09-20-2026 21:58:28:450,129049,170727
39.98,09-20-2026 21:58:28:460,129034,170722
39.99,09-20-2026 21:58:28:470,129044,170732
40,09-20-2026 21:58:28:480,129042,170724
40.01,09-20-2026 21:58:28:490,129039,170727
40.02,09-20-2026 21:58:28:500,129056,170718
40.03,09-20-2026 21:58:28:510,129034,170724
40.04,09-20-2026 21:58:28:520,129039,170685
40.05,09-20-2026 21:58:28:530,129045,170711
40.06,09-20-2026 21:58:28:540,129044,170692
40.07,09-20-2026 21:58:28:550,129051,170714
40.08,09-20-2026 21:58:28:560,129028,170694
40.09,09-20-2026 21:58:28:570,129054,170707
40.1,09-20-2026 21:58:28:580,129033,170677
40.11,09-20-2026 21:58:28:590,129029,170690
40.12,09-20-2026 21:58:28:600,129026,170661
40.13,09-20-2026 21:58:28:610,129054,170712
40.14,09-20-2026 21:58:28:620,129046,170672
40.15,09-20-2026 21:58:28:630,129036,170691
40.16,09-20-2026 21:58:28:640,129031,170665
40.17,09-20-2026 21:58:28:650,129045,170705
40.18,09-20-2026 21:58:28:660,129013,170661
40.19,09-20-2026 21:58:28:670,129024,170691
40.2,09-20-2026 21:58:28:680,129032,170668
40.21,09-20-2026 21:58:28:690,129034,170686
40.22,09-20-2026 21:58:28:700,129025,170672
40.23,09-20-2026 21:58:28:710,129023,170707
40.24,09-20-2026 21:58:28:720,129042,170678
40.25,09-20-2026 21:58:28:730,129042,170666
40.26,09-20-2026 21:58:28:740,129018,170683
40.27,09-20-2026 21:58:28:750,129032,170696
40.28,09-20-2026 21:58:28:760,129038,170627
40.29,09-20-2026 21:58:28:770,129027,170689
40.3,09-20-2026 21:58:28:780,129018,170661
40.31,09-20-2026 21:58:28:790,129030,170684
40.32,09-20-2026 21:58:28:800,129044,170639
40.33,09-20-2026 21:58:28:810,129034,170687
40.34,09-20-2026 21:58:28:820,129046,170644
40.35,09-20-2026 21:58:28:830,129035,170685
40.36,09-20-2026 21:58:28:840,129029,170650
40.37,09-20-2026 21:58:28:850,129014,170662
40.38,09-20-2026 21:58:28:860,129019,170640
40.39,09-20-2026 21:58:28:870,129034,170658
40.4,09-20-2026 21:58:28:880,129014,170630
40.41,09-20-2026 21:58:28:890,129033,170661
40.42,09-20-2026 21:58:28:900,129018,170647
40.43,09-20-2026 21:58:28:910,129023,170668
40.44,09-20-2026 21:58:28:920,129024,170632
40.45,09-20-2026 21:58:28:930,129020,170679
40.46,09-20-2026 21:58:28:940,129019,170650
40.47,09-20-2026 21:58:28:950,129017,170683
40.48,09-20-2026 21:58:28:960,129021,170651
40.49,09-20-2026 21:58:28:970,129029,170675
40.5,09-20-2026 21:58:28:980,129017,170650
40.51,09-20-2026 21:58:28:990,129012,170672
40.52,09-20-2026 21:58:29:000,129022,170652
40.53,09-20-2026 21:58:29:010,129024,170671
40.54,09-20-2026 21:58:29:020,129009,170647
40.55,09-20-2026 21:58:29:030,129030,170649
40.56,09-20-2026 21:58:29:040,129025,170649
40.57,09-20-2026 21:58:29:050,129007,170656
40.58,09-20-2026 21:58:29:060,129022,170663
40.59,09-20-2026 21:58:29:070,129015,170657
40.6,09-20-2026 21:58:29:080,129035,170655
40.61,09-20-2026 21:58:29:090,129023,170663
40.62,09-20-2026 21:58:29:100,129034,170660
40.63,09-20-2026 21:58:29:110,129020,170644
40.64,09-20-2026 21:58:29:120,129024,170669
40.65,09-20-2026 21:58:29:130,129032,170673
40.66,09-20-2026 21:58:29:140,129026,170682
40.67,09-20-2026 21:58:29:150,129022,170665
40.68,09-20-2026 21:58:29:160,129012,170687
40.69,09-20-2026 21:58:29:170,129021,170677
40.7,09-20-2026 21:58:29:180,129023,170676
40.71,09-20-2026 21:58:29:190,129026,170687
40.72,09-20-2026 21:58:29:200,129034,170685
40.73,09-20-2026 21:58:29:210,129034,170693
40.74,09-20-2026 21:58:29:220,129032,170705
40.75,09-20-2026 21:58:29:230,129025,170686
40.76,09-20-2026 21:58:29:240,129016,170684
40.77,09-20-2026 21:58:29:250,129020,170699
40.78,09-20-2026 21:58:29:260,129039,170687
40.79,09-20-2026 21:58:29:270,129029,170687
40.8,09-20-2026 21:58:29:280,129028,170695
40.81,09-20-2026 21:58:29:290,129017,170699
40.82,09-20-2026 21:58:29:300,129038,170701
40.83,09-20-2026 21:58:29:310,129021,170700
40.84,09-20-2026 21:58:29:320,129040,170714
40.85,09-20-2026 21:58:29:330,129032,170703
40.86,09-20-2026 21:58:29:340,129016,170705
40.87,09-20-2026 21:58:29:350,129033,170717
40.88,09-20-2026 21:58:29:360,129017,170709
40.89,09-20-2026 21:58:29:370,129019,170701
40.9,09-20-2026 21:58:29:380,129031,170719
40.91,09-20-2026 21:58:29:390,129002,170723
40.92,09-20-2026 21:58:29:400,129029,170707
40.93,09-20-2026 21:58:29:410,129036,170724
40.94,09-20-2026 21:58:29:420,129035,170712
40.95,09-20-2026 21:58:29:430,129029,170715
40.96,09-20-2026 21:58:29:440,129036,170705
40.97,09-20-2026 21:58:29:450,129011,170702
40.98,09-20-2026 21:58:29:460,129019,170685
40.99,09-20-2026 21:58:29:470,129023,170681
41,09-20-2026 21:58:29:480,129033,170678
41.01,09-20-2026 21:58:29:490,129021,170689
41.02,09-20-2026 21:58:29:500,129015,170677
41.03,09-20-2026 21:58:29:510,129028,170666
41.04,09-20-2026 21:58:29:520,129019,170680
41.05,09-20-2026 21:58:29:530,129033,170675
41.06,09-20-2026 21:58:29:540,129020,170664
41.07,09-20-2026 21:58:29:550,129000,170662
41.08,09-20-2026 21:58:29:560,129039,170661
41.09,09-20-2026 21:58:29:570,128999,170654
41.1,09-20-2026 21:58:29:580,129025,170674
41.11,09-20-2026 21:58:29:590,129010,170652
41.12,09-20-2026 21:58:29:600,129029,170673
41.13,09-20-2026 21:58:29:610,128985,170645
41.14,09-20-2026 21:58:29:620,129019,170662
41.15,09-20-2026 21:58:29:630,128992,170647
41.16,09-20-2026 21:58:29:640,129017,170648
41.17,09-20-2026 21:58:29:650,128978,170639
41.18,09-20-2026 21:58:29:660,129029,170650
41.19,09-20-2026 21:58:29:670,128992,170650
41.2,09-20-2026 21:58:29:680,129018,170650
41.21,09-20-2026 21:58:29:690,128988,170654
41.22,09-20-2026 21:58:29:700,129015,170651
41.23,09-20-2026 21:58:29:710,128987,170652
41.24,09-20-2026 21:58:29:720,129010,170646
41.25,09-20-2026 21:58:29:730,128990,170653
41.26,09-20-2026 21:58:29:740,129020,170659
41.27,09-20-2026 21:58:29:750,128978,170638
41.28,09-20-2026 21:58:29:760,129025,170643
41.29,09-20-2026 21:58:29:770,128945,170660
41.3,09-20-2026 21:58:29:780,129013,170648
41.31,09-20-2026 21:58:29:790,128985,170650
41.32,09-20-2026 21:58:29:800,129022,170658
41.33,09-20-2026 21:58:29:810,128952,170626
41.34,09-20-2026 21:58:29:820,129002,170652
41.35,09-20-2026 21:58:29:830,128974,170632
41.36,09-20-2026 21:58:29:840,129015,170644
41.37,09-20-2026 21:58:29:850,128959,170628
41.38,09-20-2026 21:58:29:860,129018,170649
41.39,09-20-2026 21:58:29:870,128965,170637
41.4,09-20-2026 21:58:29:880,129015,170632
41.41,09-20-2026 21:58:29:890,128965,170649
41.42,09-20-2026 21:58:29:900,129019,170640
41.43,09-20-2026 21:58:29:910,128956,170639
41.44,09-20-2026 21:58:29:920,129007,170650
41.45,09-20-2026 21:58:29:930,128965,170645
41.46,09-20-2026 21:58:29:940,129019,170623
41.47,09-20-2026 21:58:29:950,128980,170654
41.48,09-20-2026 21:58:29:960,129005,170649
41.49,09-20-2026 21:58:29:970,128972,170663
41.5,09-20-2026 21:58:29:980,128996,170661
41.51,09-20-2026 21:58:29:990,129004,170666
41.52,09-20-2026 21:58:30:000,129019,170674
41.53,09-20-2026 21:58:30:010,128998,170654
41.54,09-20-2026 21:58:30:020,129007,170657
41.55,09-20-2026 21:58:30:030,128981,170660
41.56,09-20-2026 21:58:30:040,129015,170648
41.57,09-20-2026 21:58:30:050,128990,170654
41.58,09-20-2026 21:58:30:060,129016,170661
41.59,09-20-2026 21:58:30:070,128994,170674
41.6,09-20-2026 21:58:30:080,129004,170685
41.61,09-20-2026 21:58:30:090,129000,170701
41.62,09-20-2026 21:58:30:100,129018,170668
41.63,09-20-2026 21:58:30:110,129022,170686
41.64,09-20-2026 21:58:30:120,129011,170679
41.65,09-20-2026 21:58:30:130,129008,170677
41.66,09-20-2026 21:58:30:140,129006,170681
41.67,09-20-2026 21:58:30:150,129031,170682
41.68,09-20-2026 21:58:30:160,129018,170693
41.69,09-20-2026 21:58:30:170,129013,170679
41.7,09-20-2026 21:58:30:180,129021,170705
41.71,09-20-2026 21:58:30:190,129025,170696
41.72,09-20-2026 21:58:30:200,129015,170698
41.73,09-20-2026 21:58:30:210,129040,170695
41.74,09-20-2026 21:58:30:220,129010,170698
41.75,09-20-2026 21:58:30:230,129033,170697
41.76,09-20-2026 21:58:30:240,129018,170707
41.77,09-20-2026 21:58:30:250,129018,170704
41.78,09-20-2026 21:58:30:260,129003,170713
41.79,09-20-2026 21:58:30:270,129034,170713
41.8,09-20-2026 21:58:30:280,129025,170697
41.81,09-20-2026 21:58:30:290,129037,170704
41.82,09-20-2026 21:58:30:300,129010,170711
41.83,09-20-2026 21:58:30:310,129048,170710
41.84,09-20-2026 21:58:30:320,129014,170710
41.85,09-20-2026 21:58:30:330,129037,170688
41.86,09-20-2026 21:58:30:340,129000,170701
41.87,09-20-2026 21:58:30:350,129035,170674
41.88,09-20-2026 21:58:30:360,129013,170687
41.89,09-20-2026 21:58:30:370,129042,170684
41.9,09-20-2026 21:58:30:380,129007,170659
41.91,09-20-2026 21:58:30:390,129024,170673
41.92,09-20-2026 21:58:30:400,129006,170662
41.93,09-20-2026 21:58:30:410,129052,170656
41.94,09-20-2026 21:58:30:420,129003,170656
41.95,09-20-2026 21:58:30:430,129062,170678
41.96,09-20-2026 21:58:30:440,128988,170673
41.97,09-20-2026 21:58:30:450,129070,170664
41.98,09-20-2026 21:58:30:460,129003,170655
41.99,09-20-2026 21:58:30:470,129049,170654
42,09-20-2026 21:58:30:480,129005,170648
42.01,09-20-2026 21:58:30:490,129050,170648
42.02,09-20-2026 21:58:30:500,128993,170636
42.03,09-20-2026 21:58:30:510,129041,170629
42.04,09-20-2026 21:58:30:520,129005,170618
42.05,09-20-2026 21:58:30:530,129041,170636
42.06,09-20-2026 21:58:30:540,129000,170624
42.07,09-20-2026 21:58:30:550,129018,170630
42.08,09-20-2026 21:58:30:560,128988,170630
42.09,09-20-2026 21:58:30:570,129016,170640
42.1,09-20-2026 21:58:30:580,128996,170615
42.11,09-20-2026 21:58:30:590,129024,170618
42.12,09-20-2026 21:58:30:600,128987,170634
42.13,09-20-2026 21:58:30:610,129007,170638
42.14,09-20-2026 21:58:30:620,129002,170619
42.15,09-20-2026 21:58:30:630,129021,170629
42.16,09-20-2026 21:58:30:640,128996,170616
42.17,09-20-2026 21:58:30:650,129007,170598
42.18,09-20-2026 21:58:30:660,128987,170618
42.19,09-20-2026 21:58:30:670,129013,170628
42.2,09-20-2026 21:58:30:680,128992,170624
42.21,09-20-2026 21:58:30:690,129025,170608
42.22,09-20-2026 21:58:30:700,128986,170603
42.23,09-20-2026 21:58:30:710,128972,170610
42.24,09-20-2026 21:58:30:720,128992,170605
42.25,09-20-2026 21:58:30:730,128978,170611
42.26,09-20-2026 21:58:30:740,128978,170611
42.27,09-20-2026 21:58:30:750,128994,170624
42.28,09-20-2026 21:58:30:760,128980,170627
42.29,09-20-2026 21:58:30:770,128977,170615
42.3,09-20-2026 21:58:30:780,128992,170601
42.31,09-20-2026 21:58:30:790,128968,170620
42.32,09-20-2026 21:58:30:800,128986,170624
42.33,09-20-2026 21:58:30:810,128983,170614
42.34,09-20-2026 21:58:30:820,128999,170607
42.35,09-20-2026 21:58:30:830,128995,170614
42.36,09-20-2026 21:58:30:840,128984,170626
42.37,09-20-2026 21:58:30:850,129006,170613
42.38,09-20-2026 21:58:30:860,128989,170605
42.39,09-20-2026 21:58:30:870,128990,170618
42.4,09-20-2026 21:58:30:880,128973,170617
42.41,09-20-2026 21:58:30:890,128986,170633
42.42,09-20-2026 21:58:30:900,128992,170606
42.43,09-20-2026 21:58:30:910,128981,170634
42.44,09-20-2026 21:58:30:920,128981,170601
42.45,09-20-2026 21:58:30:930,128975,170618
42.46,09-20-2026 21:58:30:940,128973,170612
42.47,09-20-2026 21:58:30:950,128983,170637
42.48,09-20-2026 21:58:30:960,128989,170603
42.49,09-20-2026 21:58:30:970,128996,170622
42.5,09-20-2026 21:58:30:980,128982,170607
42.51,09-20-2026 21:58:30:990,128987,170641
42.52,09-20-2026 21:58:31:000,128979,170629
42.53,09-20-2026 21:58:31:010,128982,170629
42.54,09-20-2026 21:58:31:020,128988,170609
42.55,09-20-2026 21:58:31:030,128986,170634
42.56,09-20-2026 21:58:31:040,128980,170608
42.57,09-20-2026 21:58:31:050,128988,170649
42.58,09-20-2026 21:58:31:060,128982,170609
42.59,09-20-2026 21:58:31:070,128991,170660
42.6,09-20-2026 21:58:31:080,129000,170605
42.61,09-20-2026 21:58:31:090,128989,170658
42.62,09-20-2026 21:58:31:100,128983,170615
42.63,09-20-2026 21:58:31:110,128991,170649
42.64,09-20-2026 21:58:31:120,128993,170612
42.65,09-20-2026 21:58:31:130,128986,170666
42.66,09-20-2026 21:58:31:140,128987,170611
42.67,09-20-2026 21:58:31:150,128989,170670
42.68,09-20-2026 21:58:31:160,128979,170626
42.69,09-20-2026 21:58:31:170,128977,170659
42.7,09-20-2026 21:58:31:180,128989,170641
42.71,09-20-2026 21:58:31:190,128985,170683
42.72,09-20-2026 21:58:31:200,128986,170626
42.73,09-20-2026 21:58:31:210,129003,170674
42.74,09-20-2026 21:58:31:220,128994,170622
42.75,09-20-2026 21:58:31:230,128987,170696
42.76,09-20-2026 21:58:31:240,128984,170651
42.77,09-20-2026 21:58:31:250,128967,170678
42.78,09-20-2026 21:58:31:260,128997,170653
42.79,09-20-2026 21:58:31:270,128989,170694
42.8,09-20-2026 21:58:31:280,129010,170652
42.81,09-20-2026 21:58:31:290,128985,170684
42.82,09-20-2026 21:58:31:300,128983,170663
42.83,09-20-2026 21:58:31:310,128987,170676
42.84,09-20-2026 21:58:31:320,128996,170648
42.85,09-20-2026 21:58:31:330,128984,170654
42.86,09-20-2026 21:58:31:340,128984,170634
42.87,09-20-2026 21:58:31:350,128990,170641
42.88,09-20-2026 21:58:31:360,128981,170628
42.89,09-20-2026 21:58:31:370,128994,170635
42.9,09-20-2026 21:58:31:380,129006,170613
42.91,09-20-2026 21:58:31:390,128995,170623
42.92,09-20-2026 21:58:31:400,128984,170637
42.93,09-20-2026 21:58:31:410,128976,170633
42.94,09-20-2026 21:58:31:420,128983,170640
42.95,09-20-2026 21:58:31:430,128983,170628
42.96,09-20-2026 21:58:31:440,128973,170621
42.97,09-20-2026 21:58:31:450,128984,170631
42.98,09-20-2026 21:58:31:460,128965,170641
42.99,09-20-2026 21:58:31:470,128984,170618
43,09-20-2026 21:58:31:480,128977,170624
43.01,09-20-2026 21:58:31:490,128983,170590
43.02,09-20-2026 21:58:31:500,128973,170617
43.03,09-20-2026 21:58:31:510,128964,170593
43.04,09-20-2026 21:58:31:520,128983,170601
43.05,09-20-2026 21:58:31:530,128980,170602
43.06,09-20-2026 21:58:31:540,128967,170612
43.07,09-20-2026 21:58:31:550,128963,170593
43.08,09-20-2026 21:58:31:560,128970,170613
43.09,09-20-2026 21:58:31:570,128966,170582
43.1,09-20-2026 21:58:31:580,128973,170612
43.11,09-20-2026 21:58:31:590,128976,170587
43.12,09-20-2026 21:58:31:600,128973,170620
43.13,09-20-2026 21:58:31:610,128974,170589
43.14,09-20-2026 21:58:31:620,128964,170609
43.15,09-20-2026 21:58:31:630,128958,170580
43.16,09-20-2026 21:58:31:640,128970,170593
43.17,09-20-2026 21:58:31:650,128961,170572
43.18,09-20-2026 21:58:31:660,128957,170598
43.19,09-20-2026 21:58:31:670,128974,170558
43.2,09-20-2026 21:58:31:680,128970,170594
43.21,09-20-2026 21:58:31:690,128955,170576
43.22,09-20-2026 21:58:31:700,128965,170595
43.23,09-20-2026 21:58:31:710,128962,170580
43.24,09-20-2026 21:58:31:720,128966,170615
43.25,09-20-2026 21:58:31:730,128977,170591
43.26,09-20-2026 21:58:31:740,128957,170613
43.27,09-20-2026 21:58:31:750,128955,170564
43.28,09-20-2026 21:58:31:760,128977,170590
43.29,09-20-2026 21:58:31:770,128948,170581
43.3,09-20-2026 21:58:31:780,128954,170618
43.31,09-20-2026 21:58:31:790,128948,170595
43.32,09-20-2026 21:58:31:800,128956,170604
43.33,09-20-2026 21:58:31:810,128961,170576
43.34,09-20-2026 21:58:31:820,128955,170606
43.35,09-20-2026 21:58:31:830,128968,170568
43.36,09-20-2026 21:58:31:840,128957,170584
43.37,09-20-2026 21:58:31:850,128945,170572
43.38,09-20-2026 21:58:31:860,128960,170601
43.39,09-20-2026 21:58:31:870,128965,170579
43.4,09-20-2026 21:58:31:880,128952,170592
43.41,09-20-2026 21:58:31:890,128958,170585
43.42,09-20-2026 21:58:31:900,128945,170575
43.43,09-20-2026 21:58:31:910,128953,170592
43.44,09-20-2026 21:58:31:920,128954,170592
43.45,09-20-2026 21:58:31:930,128977,170585
43.46,09-20-2026 21:58:31:940,128952,170608
43.47,09-20-2026 21:58:31:950,128937,170576
43.48,09-20-2026 21:58:31:960,128934,170602
43.49,09-20-2026 21:58:31:970,128964,170595
43.5,09-20-2026 21:58:31:980,128953,170570
43.51,09-20-2026 21:58:31:990,128975,170590
43.52,09-20-2026 21:58:32:000,128957,170587
43.53,09-20-2026 21:58:32:010,128941,170590
43.54,09-20-2026 21:58:32:020,128949,170587
43.55,09-20-2026 21:58:32:030,128941,170593
43.56,09-20-2026 21:58:32:040,128945,170593
43.57,09-20-2026 21:58:32:050,128947,170590
43.58,09-20-2026 21:58:32:060,128955,170584
43.59,09-20-2026 21:58:32:070,128970,170608
43.6,09-20-2026 21:58:32:080,128965,170601
43.61,09-20-2026 21:58:32:090,128947,170593
43.62,09-20-2026 21:58:32:100,128948,170600
43.63,09-20-2026 21:58:32:110,128950,170597
43.64,09-20-2026 21:58:32:120,128945,170610
43.65,09-20-2026 21:58:32:130,128958,170594
43.66,09-20-2026 21:58:32:140,128944,170602
43.67,09-20-2026 21:58:32:150,128948,170605
43.68,09-20-2026 21:58:32:160,128954,170578
43.69,09-20-2026 21:58:32:170,128945,170580
43.7,09-20-2026 21:58:32:180,128934,170579
43.71,09-20-2026 21:58:32:190,128932,170585
43.72,09-20-2026 21:58:32:200,128929,170572
43.73,09-20-2026 21:58:32:210,128948,170562
43.74,09-20-2026 21:58:32:220,128953,170565
43.75,09-20-2026 21:58:32:230,128932,170556
43.76,09-20-2026 21:58:32:240,128936,170543
43.77,09-20-2026 21:58:32:250,128941,170570
43.78,09-20-2026 21:58:32:260,128930,170537
43.79,09-20-2026 21:58:32:270,128935,170544
43.8,09-20-2026 21:58:32:280,128937,170531
43.81,09-20-2026 21:58:32:290,128927,170540
43.82,09-20-2026 21:58:32:300,128932,170535
43.83,09-20-2026 21:58:32:310,128933,170543
43.84,09-20-2026 21:58:32:320,128918,170504
43.85,09-20-2026 21:58:32:330,128931,170514
43.86,09-20-2026 21:58:32:340,128924,170520
43.87,09-20-2026 21:58:32:350,128935,170518
43.88,09-20-2026 21:58:32:360,128916,170498
43.89,09-20-2026 21:58:32:370,128924,170513
43.9,09-20-2026 21:58:32:380,128909,170500
43.91,09-20-2026 21:58:32:390,128938,170500
43.92,09-20-2026 21:58:32:400,128915,170502
43.93,09-20-2026 21:58:32:410,128921,170501
43.94,09-20-2026 21:58:32:420,128927,170485
43.95,09-20-2026 21:58:32:430,128926,170502
43.96,09-20-2026 21:58:32:440,128919,170495
43.97,09-20-2026 21:58:32:450,128939,170487
43.98,09-20-2026 21:58:32:460,128894,170479
43.99,09-20-2026 21:58:32:470,128923,170492
44,09-20-2026 21:58:32:480,128892,170490
44.01,09-20-2026 21:58:32:490,128909,170495
44.02,09-20-2026 21:58:32:500,128911,170487
44.03,09-20-2026 21:58:32:510,128914,170498
44.04,09-20-2026 21:58:32:520,128907,170489
44.05,09-20-2026 21:58:32:530,128931,170478
44.06,09-20-2026 21:58:32:540,128899,170471
44.07,09-20-2026 21:58:32:550,128906,170479
44.08,09-20-2026 21:58:32:560,128890,170488
44.09,09-20-2026 21:58:32:570,128898,170461
44.1,09-20-2026 21:58:32:580,128887,170479
44.11,09-20-2026 21:58:32:590,128916,170478
44.12,09-20-2026 21:58:32:600,128884,170481
44.13,09-20-2026 21:58:32:610,128905,170493
44.14,09-20-2026 21:58:32:620,128878,170489
44.15,09-20-2026 21:58:32:630,128902,170503
44.16,09-20-2026 21:58:32:640,128886,170474
44.17,09-20-2026 21:58:32:650,128915,170484
44.18,09-20-2026 21:58:32:660,128850,170481
44.19,09-20-2026 21:58:32:670,128915,170480
44.2,09-20-2026 21:58:32:680,128871,170495
44.21,09-20-2026 21:58:32:690,128918,170474
44.22,09-20-2026 21:58:32:700,128878,170485
44.23,09-20-2026 21:58:32:710,128902,170496
44.24,09-20-2026 21:58:32:720,128858,170493
44.25,09-20-2026 21:58:32:730,128913,170483
44.26,09-20-2026 21:58:32:740,128855,170491
44.27,09-20-2026 21:58:32:750,128917,170501
44.28,09-20-2026 21:58:32:760,128867,170481
44.29,09-20-2026 21:58:32:770,128908,170499
44.3,09-20-2026 21:58:32:780,128875,170502
44.31,09-20-2026 21:58:32:790,128920,170487
44.32,09-20-2026 21:58:32:800,128900,170495
44.33,09-20-2026 21:58:32:810,128923,170499
44.34,09-20-2026 21:58:32:820,128907,170503
44.35,09-20-2026 21:58:32:830,128915,170512
44.36,09-20-2026 21:58:32:840,128898,170497
44.37,09-20-2026 21:58:32:850,128912,170502
44.38,09-20-2026 21:58:32:860,128893,170479
44.39,09-20-2026 21:58:32:870,128909,170512
44.4,09-20-2026 21:58:32:880,128887,170506
44.41,09-20-2026 21:58:32:890,128911,170520
44.42,09-20-2026 21:58:32:900,128889,170521
44.43,09-20-2026 21:58:32:910,128906,170493
44.44,09-20-2026 21:58:32:920,128894,170515
44.45,09-20-2026 21:58:32:930,128907,170529
44.46,09-20-2026 21:58:32:940,128891,170509
44.47,09-20-2026 21:58:32:950,128909,170512
44.48,09-20-2026 21:58:32:960,128920,170516
44.49,09-20-2026 21:58:32:970,128914,170510
44.5,09-20-2026 21:58:32:980,128916,170514
44.51,09-20-2026 21:58:32:990,128908,170521
44.52,09-20-2026 21:58:33:000,128937,170525
44.53,09-20-2026 21:58:33:010,128923,170535
44.54,09-20-2026 21:58:33:020,128900,170529
44.55,09-20-2026 21:58:33:030,128920,170535
44.56,09-20-2026 21:58:33:040,128905,170516
44.57,09-20-2026 21:58:33:050,128927,170539
44.58,09-20-2026 21:58:33:060,128935,170532
44.59,09-20-2026 21:58:33:070,128898,170530
44.6,09-20-2026 21:58:33:080,128922,170543
44.61,09-20-2026 21:58:33:090,128902,170536
44.62,09-20-2026 21:58:33:100,128928,170537
44.63,09-20-2026 21:58:33:110,128903,170551
44.64,09-20-2026 21:58:33:120,128934,170538
44.65,09-20-2026 21:58:33:130,128898,170536
44.66,09-20-2026 21:58:33:140,128943,170541
44.67,09-20-2026 21:58:33:150,128910,170520
44.68,09-20-2026 21:58:33:160,128911,170513
44.69,09-20-2026 21:58:33:170,128896,170516
44.7,09-20-2026 21:58:33:180,128930,170492
44.71,09-20-2026 21:58:33:190,128912,170502
44.72,09-20-2026 21:58:33:200,128933,170496
44.73,09-20-2026 21:58:33:210,128910,170494
44.74,09-20-2026 21:58:33:220,128936,170484
44.75,09-20-2026 21:58:33:230,128905,170485
44.76,09-20-2026 21:58:33:240,128931,170502
44.77,09-20-2026 21:58:33:250,128906,170483
44.78,09-20-2026 21:58:33:260,128936,170493
44.79,09-20-2026 21:58:33:270,128908,170473
44.8,09-20-2026 21:58:33:280,128932,170491
44.81,09-20-2026 21:58:33:290,128897,170465
44.82,09-20-2026 21:58:33:300,128965,170460
44.83,09-20-2026 21:58:33:310,128906,170466
44.84,09-20-2026 21:58:33:320,128938,170456
44.85,09-20-2026 21:58:33:330,128897,170456
44.86,09-20-2026 21:58:33:340,128920,170444
44.87,09-20-2026 21:58:33:350,128889,170441
44.88,09-20-2026 21:58:33:360,128895,170461
44.89,09-20-2026 21:58:33:370,128894,170444
44.9,09-20-2026 21:58:33:380,128931,170447
44.91,09-20-2026 21:58:33:390,128887,170446
44.92,09-20-2026 21:58:33:400,128898,170444
44.93,09-20-2026 21:58:33:410,128895,170462
44.94,09-20-2026 21:58:33:420,128908,170444
44.95,09-20-2026 21:58:33:430,128889,170445
44.96,09-20-2026 21:58:33:440,128910,170449
44.97,09-20-2026 21:58:33:450,128876,170441
44.98,09-20-2026 21:58:33:460,128884,170459
44.99,09-20-2026 21:58:33:470,128888,170425
45,09-20-2026 21:58:33:480,128875,170428
45.01,09-20-2026 21:58:33:490,128886,170421
45.02,09-20-2026 21:58:33:500,128897,170448
45.03,09-20-2026 21:58:33:510,128891,170422
45.04,09-20-2026 21:58:33:520,128885,170416
45.05,09-20-2026 21:58:33:530,128883,170406
45.06,09-20-2026 21:58:33:540,128887,170421
45.07,09-20-2026 21:58:33:550,128883,170402
45.08,09-20-2026 21:58:33:560,128883,170424
45.09,09-20-2026 21:58:33:570,128878,170401
45.1,09-20-2026 21:58:33:580,128887,170424
45.11,09-20-2026 21:58:33:590,128878,170430
45.12,09-20-2026 21:58:33:600,128896,170429
45.13,09-20-2026 21:58:33:610,128871,170417
45.14,09-20-2026 21:58:33:620,128892,170438
45.15,09-20-2026 21:58:33:630,128882,170408
45.16,09-20-2026 21:58:33:640,128869,170430
45.17,09-20-2026 21:58:33:650,128878,170396
45.18,09-20-2026 21:58:33:660,128860,170438
45.19,09-20-2026 21:58:33:670,128895,170422
45.2,09-20-2026 21:58:33:680,128878,170440
45.21,09-20-2026 21:58:33:690,128883,170380
45.22,09-20-2026 21:58:33:700,128870,170426
45.23,09-20-2026 21:58:33:710,128871,170400
45.24,09-20-2026 21:58:33:720,128884,170449
45.25,09-20-2026 21:58:33:730,128884,170412
45.26,09-20-2026 21:58:33:740,128879,170453
45.27,09-20-2026 21:58:33:750,128878,170386
45.28,09-20-2026 21:58:33:760,128882,170435
45.29,09-20-2026 21:58:33:770,128885,170390
45.3,09-20-2026 21:58:33:780,128880,170444
45.31,09-20-2026 21:58:33:790,128880,170401
45.32,09-20-2026 21:58:33:800,128868,170457
45.33,09-20-2026 21:58:33:810,128878,170402
45.34,09-20-2026 21:58:33:820,128884,170447
45.35,09-20-2026 21:58:33:830,128889,170418
45.36,09-20-2026 21:58:33:840,128865,170432
45.37,09-20-2026 21:58:33:850,128875,170399
45.38,09-20-2026 21:58:33:860,128877,170454
45.39,09-20-2026 21:58:33:870,128877,170439
45.4,09-20-2026 21:58:33:880,128873,170457
45.41,09-20-2026 21:58:33:890,128888,170437
45.42,09-20-2026 21:58:33:900,128876,170456
45.43,09-20-2026 21:58:33:910,128873,170419
45.44,09-20-2026 21:58:33:920,128884,170473
45.45,09-20-2026 21:58:33:930,128868,170442
45.46,09-20-2026 21:58:33:940,128874,170466
45.47,09-20-2026 21:58:33:950,128875,170457
45.48,09-20-2026 21:58:33:960,128881,170480
45.49,09-20-2026 21:58:33:970,128895,170438
45.5,09-20-2026 21:58:33:980,128883,170489
45.51,09-20-2026 21:58:33:990,128883,170475
45.52,09-20-2026 21:58:34:000,128884,170490
45.53,09-20-2026 21:58:34:010,128891,170499
45.54,09-20-2026 21:58:34:020,128865,170474
45.55,09-20-2026 21:58:34:030,128889,170490
45.56,09-20-2026 21:58:34:040,128873,170478
45.57,09-20-2026 21:58:34:050,128878,170485
45.58,09-20-2026 21:58:34:060,128869,170498
45.59,09-20-2026 21:58:34:070,128866,170513
45.6,09-20-2026 21:58:34:080,128879,170495
45.61,09-20-2026 21:58:34:090,128878,170506
45.62,09-20-2026 21:58:34:100,128882,170506
45.63,09-20-2026 21:58:34:110,128885,170528
45.64,09-20-2026 21:58:34:120,128881,170515
45.65,09-20-2026 21:58:34:130,128878,170519
45.66,09-20-2026 21:58:34:140,128887,170525
45.67,09-20-2026 21:58:34:150,128889,170536
45.68,09-20-2026 21:58:34:160,128889,170532
45.69,09-20-2026 21:58:34:170,128886,170543
45.7,09-20-2026 21:58:34:180,128891,170528
45.71,09-20-2026 21:58:34:190,128884,170538
45.72,09-20-2026 21:58:34:200,128893,170545
45.73,09-20-2026 21:58:34:210,128880,170556
45.74,09-20-2026 21:58:34:220,128887,170524
45.75,09-20-2026 21:58:34:230,128889,170550
45.76,09-20-2026 21:58:34:240,128895,170526
45.77,09-20-2026 21:58:34:250,128903,170558
45.78,09-20-2026 21:58:34:260,128888,170528
45.79,09-20-2026 21:58:34:270,128898,170563
45.8,09-20-2026 21:58:34:280,128886,170491
45.81,09-20-2026 21:58:34:290,128880,170536
45.82,09-20-2026 21:58:34:300,128894,170505
45.83,09-20-2026 21:58:34:310,128891,170527
45.84,09-20-2026 21:58:34:320,128890,170485
45.85,09-20-2026 21:58:34:330,128875,170527
45.86,09-20-2026 21:58:34:340,128876,170495
45.87,09-20-2026 21:58:34:350,128882,170512
45.88,09-20-2026 21:58:34:360,128884,170477
45.89,09-20-2026 21:58:34:370,128881,170503
45.9,09-20-2026 21:58:34:380,128884,170481
45.91,09-20-2026 21:58:34:390,128881,170490
45.92,09-20-2026 21:58:34:400,128877,170472
45.93,09-20-2026 21:58:34:410,128870,170488
45.94,09-20-2026 21:58:34:420,128881,170452
45.95,09-20-2026 21:58:34:430,128867,170474
45.96,09-20-2026 21:58:34:440,128886,170455
45.97,09-20-2026 21:58:34:450,128878,170475
45.98,09-20-2026 21:58:34:460,128872,170459
45.99,09-20-2026 21:58:34:470,128880,170469
46,09-20-2026 21:58:34:480,128873,170464
46.01,09-20-2026 21:58:34:490,128876,170462
46.02,09-20-2026 21:58:34:500,128874,170448
46.03,09-20-2026 21:58:34:510,128858,170459
46.04,09-20-2026 21:58:34:520,128862,170448
46.05,09-20-2026 21:58:34:530,128863,170449
46.06,09-20-2026 21:58:34:540,128862,170452
46.07,09-20-2026 21:58:34:550,128866,170444
46.08,09-20-2026 21:58:34:560,128869,170451
46.09,09-20-2026 21:58:34:570,128872,170454
46.1,09-20-2026 21:58:34:580,128872,170439
46.11,09-20-2026 21:58:34:590,128858,170458
46.12,09-20-2026 21:58:34:600,128871,170444
46.13,09-20-2026 21:58:34:610,128854,170444
46.14,09-20-2026 21:58:34:620,128862,170440
46.15,09-20-2026 21:58:34:630,128860,170435
46.16,09-20-2026 21:58:34:640,128861,170428
46.17,09-20-2026 21:58:34:650,128876,170457
46.18,09-20-2026 21:58:34:660,128865,170453
46.19,09-20-2026 21:58:34:670,128864,170452
46.2,09-20-2026 21:58:34:680,128858,170433
46.21,09-20-2026 21:58:34:690,128845,170461
46.22,09-20-2026 21:58:34:700,128863,170460
46.23,09-20-2026 21:58:34:710,128855,170464
46.24,09-20-2026 21:58:34:720,128864,170458
46.25,09-20-2026 21:58:34:730,128869,170450
46.26,09-20-2026 21:58:34:740,128883,170456
46.27,09-20-2026 21:58:34:750,128852,170447
46.28,09-20-2026 21:58:34:760,128861,170433
46.29,09-20-2026 21:58:34:770,128865,170449
46.3,09-20-2026 21:58:34:780,128859,170451
46.31,09-20-2026 21:58:34:790,128850,170457
46.32,09-20-2026 21:58:34:800,128854,170470
46.33,09-20-2026 21:58:34:810,128847,170465
46.34,09-20-2026 21:58:34:820,128868,170477
46.35,09-20-2026 21:58:34:830,128853,170473
46.36,09-20-2026 21:58:34:840,128860,170462
46.37,09-20-2026 21:58:34:850,128847,170457
46.38,09-20-2026 21:58:34:860,128855,170459
46.39,09-20-2026 21:58:34:870,128851,170469
46.4,09-20-2026 21:58:34:880,128865,170464
46.41,09-20-2026 21:58:34:890,128847,170467
46.42,09-20-2026 21:58:34:900,128866,170484
46.43,09-20-2026 21:58:34:910,128840,170461
46.44,09-20-2026 21:58:34:920,128870,170487
46.45,09-20-2026 21:58:34:930,128860,170494
46.46,09-20-2026 21:58:34:940,128855,170478
46.47,09-20-2026 21:58:34:950,128842,170490
46.48,09-20-2026 21:58:34:960,128843,170495
46.49,09-20-2026 21:58:34:970,128852,170484
46.5,09-20-2026 21:58:34:980,128855,170510
46.51,09-20-2026 21:58:34:990,128839,170499
46.52,09-20-2026 21:58:35:000,128860,170476
46.53,09-20-2026 21:58:35:010,128838,170490
46.54,09-20-2026 21:58:35:020,128862,170494
46.55,09-20-2026 21:58:35:030,128854,170509
46.56,09-20-2026 21:58:35:040,128871,170496
46.57,09-20-2026 21:58:35:050,128821,170497
46.58,09-20-2026 21:58:35:060,128864,170509
46.59,09-20-2026 21:58:35:070,128821,170512
46.6,09-20-2026 21:58:35:080,128890,170504
46.61,09-20-2026 21:58:35:090,128817,170519
46.62,09-20-2026 21:58:35:100,128880,170527
46.63,09-20-2026 21:58:35:110,128810,170519
46.64,09-20-2026 21:58:35:120,128882,170510
46.65,09-20-2026 21:58:35:130,128833,170529
46.66,09-20-2026 21:58:35:140,128865,170514
46.67,09-20-2026 21:58:35:150,128824,170503
46.68,09-20-2026 21:58:35:160,128859,170496
46.69,09-20-2026 21:58:35:170,128827,170494
46.7,09-20-2026 21:58:35:180,128875,170481
46.71,09-20-2026 21:58:35:190,128802,170498
46.72,09-20-2026 21:58:35:200,128857,170489
46.73,09-20-2026 21:58:35:210,128829,170477
46.74,09-20-2026 21:58:35:220,128860,170476
46.75,09-20-2026 21:58:35:230,128828,170480
46.76,09-20-2026 21:58:35:240,128867,170500
46.77,09-20-2026 21:58:35:250,128841,170487
46.78,09-20-2026 21:58:35:260,128869,170473
46.79,09-20-2026 21:58:35:270,128844,170465
46.8,09-20-2026 21:58:35:280,128856,170471
46.81,09-20-2026 21:58:35:290,128830,170454
46.82,09-20-2026 21:58:35:300,128853,170439
46.83,09-20-2026 21:58:35:310,128838,170462
46.84,09-20-2026 21:58:35:320,128855,170433
46.85,09-20-2026 21:58:35:330,128863,170447
46.86,09-20-2026 21:58:35:340,128860,170444
46.87,09-20-2026 21:58:35:350,128863,170446
46.88,09-20-2026 21:58:35:360,128840,170445
46.89,09-20-2026 21:58:35:370,128858,170447
46.9,09-20-2026 21:58:35:380,128855,170444
46.91,09-20-2026 21:58:35:390,128864,170450
46.92,09-20-2026 21:58:35:400,128853,170449
46.93,09-20-2026 21:58:35:410,128884,170459
46.94,09-20-2026 21:58:35:420,128858,170458
46.95,09-20-2026 21:58:35:430,128856,170451
46.96,09-20-2026 21:58:35:440,128849,170469
46.97,09-20-2026 21:58:35:450,128859,170458
46.98,09-20-2026 21:58:35:460,128856,170446
46.99,09-20-2026 21:58:35:470,128863,170443
47,09-20-2026 21:58:35:480,128840,170443
47.01,09-20-2026 21:58:35:490,128857,170445
47.02,09-20-2026 21:58:35:500,128836,170448
47.03,09-20-2026 21:58:35:510,128869,170433
47.04,09-20-2026 21:58:35:520,128851,170467
47.05,09-20-2026 21:58:35:530,128885,170437
47.06,09-20-2026 21:58:35:540,128860,170454
47.07,09-20-2026 21:58:35:550,128876,170447
47.08,09-20-2026 21:58:35:560,128846,170449
47.09,09-20-2026 21:58:35:570,128877,170450
47.1,09-20-2026 21:58:35:580,128841,170464
47.11,09-20-2026 21:58:35:590,128894,170461
47.12,09-20-2026 21:58:35:600,128847,170447
47.13,09-20-2026 21:58:35:610,128889,170453
47.14,09-20-2026 21:58:35:620,128849,170452
47.15,09-20-2026 21:58:35:630,128891,170472
47.16,09-20-2026 21:58:35:640,128850,170449
47.17,09-20-2026 21:58:35:650,128874,170452
47.18,09-20-2026 21:58:35:660,128844,170458
47.19,09-20-2026 21:58:35:670,128875,170458
47.2,09-20-2026 21:58:35:680,128850,170475
47.21,09-20-2026 21:58:35:690,128845,170469
47.22,09-20-2026 21:58:35:700,128863,170474
47.23,09-20-2026 21:58:35:710,128863,170478
47.24,09-20-2026 21:58:35:720,128843,170479
47.25,09-20-2026 21:58:35:730,128866,170471
47.26,09-20-2026 21:58:35:740,128846,170476
47.27,09-20-2026 21:58:35:750,128860,170464
47.28,09-20-2026 21:58:35:760,128822,170465
47.29,09-20-2026 21:58:35:770,128873,170476
47.3,09-20-2026 21:58:35:780,128846,170482
47.31,09-20-2026 21:58:35:790,128854,170490
47.32,09-20-2026 21:58:35:800,128844,170480
47.33,09-20-2026 21:58:35:810,128845,170495
47.34,09-20-2026 21:58:35:820,128846,170477
47.35,09-20-2026 21:58:35:830,128861,170500
47.36,09-20-2026 21:58:35:840,128849,170483
47.37,09-20-2026 21:58:35:850,128840,170487
47.38,09-20-2026 21:58:35:860,128843,170479
47.39,09-20-2026 21:58:35:870,128851,170489
47.4,09-20-2026 21:58:35:880,128842,170472
47.41,09-20-2026 21:58:35:890,128846,170515
47.42,09-20-2026 21:58:35:900,128863,170485
47.43,09-20-2026 21:58:35:910,128835,170483
47.44,09-20-2026 21:58:35:920,128846,170492
47.45,09-20-2026 21:58:35:930,128854,170504
47.46,09-20-2026 21:58:35:940,128855,170471
47.47,09-20-2026 21:58:35:950,128855,170504
47.48,09-20-2026 21:58:35:960,128853,170503
47.49,09-20-2026 21:58:35:970,128856,170517
47.5,09-20-2026 21:58:35:980,128864,170496
47.51,09-20-2026 21:58:35:990,128843,170531
47.52,09-20-2026 21:58:36:000,128862,170505
47.53,09-20-2026 21:58:36:010,128848,170521
47.54,09-20-2026 21:58:36:020,128837,170498
47.55,09-20-2026 21:58:36:030,128845,170535
47.56,09-20-2026 21:58:36:040,128855,170490
47.57,09-20-2026 21:58:36:050,128840,170535
47.58,09-20-2026 21:58:36:060,128858,170477
47.59,09-20-2026 21:58:36:070,128865,170518
47.6,09-20-2026 21:58:36:080,128861,170468
47.61,09-20-2026 21:58:36:090,128854,170519
47.62,09-20-2026 21:58:36:100,128853,170435
47.63,09-20-2026 21:58:36:110,128856,170503
47.64,09-20-2026 21:58:36:120,128853,170444
47.65,09-20-2026 21:58:36:130,128858,170495
47.66,09-20-2026 21:58:36:140,128837,170447
47.67,09-20-2026 21:58:36:150,128845,170483
47.68,09-20-2026 21:58:36:160,128845,170462
47.69,09-20-2026 21:58:36:170,128850,170491
47.7,09-20-2026 21:58:36:180,128850,170425
47.71,09-20-2026 21:58:36:190,128832,170474
47.72,09-20-2026 21:58:36:200,128855,170432
47.73,09-20-2026 21:58:36:210,128844,170478
47.74,09-20-2026 21:58:36:220,128829,170443
47.75,09-20-2026 21:58:36:230,128855,170466
47.76,09-20-2026 21:58:36:240,128852,170461
47.77,09-20-2026 21:58:36:250,128837,170481
47.78,09-20-2026 21:58:36:260,128844,170428
47.79,09-20-2026 21:58:36:270,128839,170469
47.8,09-20-2026 21:58:36:280,128817,170451
47.81,09-20-2026 21:58:36:290,128851,170451
47.82,09-20-2026 21:58:36:300,128842,170448
47.83,09-20-2026 21:58:36:310,128842,170453
47.84,09-20-2026 21:58:36:320,128838,170466
47.85,09-20-2026 21:58:36:330,128821,170465
47.86,09-20-2026 21:58:36:340,128840,170468
47.87,09-20-2026 21:58:36:350,128851,170472
47.88,09-20-2026 21:58:36:360,128834,170470
47.89,09-20-2026 21:58:36:370,128850,170448
47.9,09-20-2026 21:58:36:380,128834,170482
47.91,09-20-2026 21:58:36:390,128853,170467
47.92,09-20-2026 21:58:36:400,128847,170472
47.93,09-20-2026 21:58:36:410,128853,170472
47.94,09-20-2026 21:58:36:420,128843,170478
47.95,09-20-2026 21:58:36:430,128843,170472
47.96,09-20-2026 21:58:36:440,128847,170465
47.97,09-20-2026 21:58:36:450,128849,170451
47.98,09-20-2026 21:58:36:460,128841,170473
47.99,09-20-2026 21:58:36:470,128838,170471
48,09-20-2026 21:58:36:480,128823,170479
48.01,09-20-2026 21:58:36:490,128849,170468
48.02,09-20-2026 21:58:36:500,128851,170489
48.03,09-20-2026 21:58:36:510,128832,170468
48.04,09-20-2026 21:58:36:520,128846,170509
48.05,09-20-2026 21:58:36:530,128845,170455
48.06,09-20-2026 21:58:36:540,128838,170499
48.07,09-20-2026 21:58:36:550,128827,170471
48.08,09-20-2026 21:58:36:560,128820,170501
48.09,09-20-2026 21:58:36:570,128848,170464
48.1,09-20-2026 21:58:36:580,128830,170508
48.11,09-20-2026 21:58:36:590,128853,170465
48.12,09-20-2026 21:58:36:600,128838,170510
48.13,09-20-2026 21:58:36:610,128842,170486
48.14,09-20-2026 21:58:36:620,128832,170507
48.15,09-20-2026 21:58:36:630,128830,170472
48.16,09-20-2026 21:58:36:640,128830,170507
48.17,09-20-2026 21:58:36:650,128840,170485
48.18,09-20-2026 21:58:36:660,128837,170491
48.19,09-20-2026 21:58:36:670,128828,170480
48.2,09-20-2026 21:58:36:680,128835,170503
48.21,09-20-2026 21:58:36:690,128819,170480
48.22,09-20-2026 21:58:36:700,128827,170513
48.23,09-20-2026 21:58:36:710,128841,170487
48.24,09-20-2026 21:58:36:720,128835,170504
48.25,09-20-2026 21:58:36:730,128837,170492
48.26,09-20-2026 21:58:36:740,128839,170503
48.27,09-20-2026 21:58:36:750,128839,170492
48.28,09-20-2026 21:58:36:760,128826,170490
48.29,09-20-2026 21:58:36:770,128843,170491
48.3,09-20-2026 21:58:36:780,128828,170493
48.31,09-20-2026 21:58:36:790,128844,170498
48.32,09-20-2026 21:58:36:800,128837,170497
48.33,09-20-2026 21:58:36:810,128843,170487
48.34,09-20-2026 21:58:36:820,128834,170496
48.35,09-20-2026 21:58:36:830,128832,170500
48.36,09-20-2026 21:58:36:840,128831,170521
48.37,09-20-2026 21:58:36:850,128836,170517
48.38,09-20-2026 21:58:36:860,128835,170516
48.39,09-20-2026 21:58:36:870,128843,170500
48.4,09-20-2026 21:58:36:880,128854,170508
48.41,09-20-2026 21:58:36:890,128851,170497
48.42,09-20-2026 21:58:36:900,128843,170523
48.43,09-20-2026 21:58:36:910,128844,170522
48.44,09-20-2026 21:58:36:920,128830,170534
48.45,09-20-2026 21:58:36:930,128843,170519
48.46,09-20-2026 21:58:36:940,128847,170531
48.47,09-20-2026 21:58:36:950,128847,170521
48.48,09-20-2026 21:58:36:960,128835,170536
48.49,09-20-2026 21:58:36:970,128840,170515
48.5,09-20-2026 21:58:36:980,128846,170531
48.51,09-20-2026 21:58:36:990,128827,170539
48.52,09-20-2026 21:58:37:000,128826,170524
48.53,09-20-2026 21:58:37:010,128831,170538
48.54,09-20-2026 21:58:37:020,128838,170548
48.55,09-20-2026 21:58:37:030,128847,170546
48.56,09-20-2026 21:58:37:040,128844,170540
48.57,09-20-2026 21:58:37:050,128845,170544
48.58,09-20-2026 21:58:37:060,128827,170547
48.59,09-20-2026 21:58:37:070,128843,170540
48.6,09-20-2026 21:58:37:080,128837,170539
48.61,09-20-2026 21:58:37:090,128848,170525
48.62,09-20-2026 21:58:37:100,128840,170535
48.63,09-20-2026 21:58:37:110,128833,170515
48.64,09-20-2026 21:58:37:120,128826,170514
48.65,09-20-2026 21:58:37:130,128835,170510
48.66,09-20-2026 21:58:37:140,128830,170501
48.67,09-20-2026 21:58:37:150,128825,170502
48.68,09-20-2026 21:58:37:160,128816,170522
48.69,09-20-2026 21:58:37:170,128855,170516
48.7,09-20-2026 21:58:37:180,128818,170516
48.71,09-20-2026 21:58:37:190,128842,170494
48.72,09-20-2026 21:58:37:200,128809,170504
48.73,09-20-2026 21:58:37:210,128830,170509
48.74,09-20-2026 21:58:37:220,128831,170501
48.75,09-20-2026 21:58:37:230,128839,170494
48.76,09-20-2026 21:58:37:240,128792,170475
48.77,09-20-2026 21:58:37:250,128839,170483
48.78,09-20-2026 21:58:37:260,128792,170474
48.79,09-20-2026 21:58:37:270,128835,170489
48.8,09-20-2026 21:58:37:280,128803,170479
48.81,09-20-2026 21:58:37:290,128823,170481
48.82,09-20-2026 21:58:37:300,128800,170477
48.83,09-20-2026 21:58:37:310,128840,170474
48.84,09-20-2026 21:58:37:320,128790,170460
48.85,09-20-2026 21:58:37:330,128829,170471
48.86,09-20-2026 21:58:37:340,128781,170499
48.87,09-20-2026 21:58:37:350,128832,170456
48.88,09-20-2026 21:58:37:360,128797,170482
48.89,09-20-2026 21:58:37:370,128827,170479
48.9,09-20-2026 21:58:37:380,128787,170466
48.91,09-20-2026 21:58:37:390,128823,170464
48.92,09-20-2026 21:58:37:400,128794,170463
48.93,09-20-2026 21:58:37:410,128834,170475
48.94,09-20-2026 21:58:37:420,128794,170481
48.95,09-20-2026 21:58:37:430,128824,170480
48.96,09-20-2026 21:58:37:440,128801,170484
48.97,09-20-2026 21:58:37:450,128812,170470
48.98,09-20-2026 21:58:37:460,128788,170470
48.99,09-20-2026 21:58:37:470,128822,170455
49,09-20-2026 21:58:37:480,128805,170495
49.01,09-20-2026 21:58:37:490,128845,170485
49.02,09-20-2026 21:58:37:500,128798,170468
49.03,09-20-2026 21:58:37:510,128823,170473
49.04,09-20-2026 21:58:37:520,128803,170488
49.05,09-20-2026 21:58:37:530,128810,170483
49.06,09-20-2026 21:58:37:540,128824,170482
49.07,09-20-2026 21:58:37:550,128821,170455
49.08,09-20-2026 21:58:37:560,128834,170482
49.09,09-20-2026 21:58:37:570,128831,170484
49.1,09-20-2026 21:58:37:580,128843,170480
49.11,09-20-2026 21:58:37:590,128829,170477
49.12,09-20-2026 21:58:37:600,128838,170502
49.13,09-20-2026 21:58:37:610,128825,170480
49.14,09-20-2026 21:58:37:620,128843,170481
49.15,09-20-2026 21:58:37:630,128828,170492
49.16,09-20-2026 21:58:37:640,128849,170488
49.17,09-20-2026 21:58:37:650,128834,170492
49.18,09-20-2026 21:58:37:660,128840,170495
49.19,09-20-2026 21:58:37:670,128831,170493
49.2,09-20-2026 21:58:37:680,128855,170494
49.21,09-20-2026 21:58:37:690,128832,170492
49.22,09-20-2026 21:58:37:700,128848,170492
49.23,09-20-2026 21:58:37:710,128829,170489
49.24,09-20-2026 21:58:37:720,128837,170510
49.25,09-20-2026 21:58:37:730,128842,170502
49.26,09-20-2026 21:58:37:740,128843,170510
49.27,09-20-2026 21:58:37:750,128811,170515
49.28,09-20-2026 21:58:37:760,128858,170507
49.29,09-20-2026 21:58:37:770,128834,170518
49.3,09-20-2026 21:58:37:780,128860,170513
49.31,09-20-2026 21:58:37:790,128833,170523
49.32,09-20-2026 21:58:37:800,128877,170535
49.33,09-20-2026 21:58:37:810,128822,170512
49.34,09-20-2026 21:58:37:820,128862,170512
49.35,09-20-2026 21:58:37:830,128827,170529
49.36,09-20-2026 21:58:37:840,128874,170518
49.37,09-20-2026 21:58:37:850,128828,170529
49.38,09-20-2026 21:58:37:860,128863,170530
49.39,09-20-2026 21:58:37:870,128842,170526
49.4,09-20-2026 21:58:37:880,128846,170531
49.41,09-20-2026 21:58:37:890,128823,170548
49.42,09-20-2026 21:58:37:900,128865,170522
49.43,09-20-2026 21:58:37:910,128838,170526
49.44,09-20-2026 21:58:37:920,128858,170555
49.45,09-20-2026 21:58:37:930,128824,170547
49.46,09-20-2026 21:58:37:940,128841,170545
49.47,09-20-2026 21:58:37:950,128817,170532
49.48,09-20-2026 21:58:37:960,128847,170544
49.49,09-20-2026 21:58:37:970,128817,170515
49.5,09-20-2026 21:58:37:980,128853,170512
49.51,09-20-2026 21:58:37:990,128830,170528
49.52,09-20-2026 21:58:38:000,128827,170533
49.53,09-20-2026 21:58:38:010,128832,170494
49.54,09-20-2026 21:58:38:020,128834,170511
49.55,09-20-2026 21:58:38:030,128825,170500
49.56,09-20-2026 21:58:38:040,128819,170508
49.57,09-20-2026 21:58:38:050,128816,170505
49.58,09-20-2026 21:58:38:060,128822,170508
49.59,09-20-2026 21:58:38:070,128830,170499
49.6,09-20-2026 21:58:38:080,128830,170499
49.61,09-20-2026 21:58:38:090,128827,170495
49.62,09-20-2026 21:58:38:100,128845,170479
49.63,09-20-2026 21:58:38:110,128835,170481
49.64,09-20-2026 21:58:38:120,128816,170474
49.65,09-20-2026 21:58:38:130,128828,170480
49.66,09-20-2026 21:58:38:140,128827,170462
49.67,09-20-2026 21:58:38:150,128814,170476
49.68,09-20-2026 21:58:38:160,128824,170453
49.69,09-20-2026 21:58:38:170,128828,170478
49.7,09-20-2026 21:58:38:180,128820,170439
49.71,09-20-2026 21:58:38:190,128824,170477
49.72,09-20-2026 21:58:38:200,128836,170446
49.73,09-20-2026 21:58:38:210,128814,170487
49.74,09-20-2026 21:58:38:220,128819,170438
49.75,09-20-2026 21:58:38:230,128826,170477
49.76,09-20-2026 21:58:38:240,128814,170420
49.77,09-20-2026 21:58:38:250,128815,170467
49.78,09-20-2026 21:58:38:260,128811,170428
49.79,09-20-2026 21:58:38:270,128820,170489
49.8,09-20-2026 21:58:38:280,128818,170418
49.81,09-20-2026 21:58:38:290,128799,170474
49.82,09-20-2026 21:58:38:300,128815,170418
49.83,09-20-2026 21:58:38:310,128820,170468
49.84,09-20-2026 21:58:38:320,128817,170419
49.85,09-20-2026 21:58:38:330,128816,170458
49.86,09-20-2026 21:58:38:340,128823,170399
49.87,09-20-2026 21:58:38:350,128809,170472
49.88,09-20-2026 21:58:38:360,128819,170399
49.89,09-20-2026 21:58:38:370,128803,170472
49.9,09-20-2026 21:58:38:380,128830,170407
49.91,09-20-2026 21:58:38:390,128820,170448
49.92,09-20-2026 21:58:38:400,128830,170436
49.93,09-20-2026 21:58:38:410,128796,170464
49.94,09-20-2026 21:58:38:420,128826,170426
49.95,09-20-2026 21:58:38:430,128815,170469
49.96,09-20-2026 21:58:38:440,128794,170455
49.97,09-20-2026 21:58:38:450,128820,170461
49.98,09-20-2026 21:58:38:460,128809,170437
49.99,09-20-2026 21:58:38:470,128804,170481
50,09-20-2026 21:58:38:480,128815,170437
50.01,09-20-2026 21:58:38:490,128804,170468
50.02,09-20-2026 21:58:38:500,128813,170450
50.03,09-20-2026 21:58:38:510,128810,170479
50.04,09-20-2026 21:58:38:520,128824,170493
50.05,09-20-2026 21:58:38:530,128823,170459
50.06,09-20-2026 21:58:38:540,128827,170507
50.07,09-20-2026 21:58:38:550,128841,170497
50.08,09-20-2026 21:58:38:560,128820,170484
50.09,09-20-2026 21:58:38:570,128809,170481
50.1,09-20-2026 21:58:38:580,128802,170491
50.11,09-20-2026 21:58:38:590,128811,170479
50.12,09-20-2026 21:58:38:600,128817,170497
50.13,09-20-2026 21:58:38:610,128817,170480
50.14,09-20-2026 21:58:38:620,128803,170515
50.15,09-20-2026 21:58:38:630,128818,170486
50.16,09-20-2026 21:58:38:640,128811,170493
50.17,09-20-2026 21:58:38:650,128819,170500
50.18,09-20-2026 21:58:38:660,128822,170518
50.19,09-20-2026 21:58:38:670,128811,170522
50.2,09-20-2026 21:58:38:680,128801,170517
50.21,09-20-2026 21:58:38:690,128826,170501
50.22,09-20-2026 21:58:38:700,128807,170526
50.23,09-20-2026 21:58:38:710,128817,170499
50.24,09-20-2026 21:58:38:720,128808,170549
50.25,09-20-2026 21:58:38:730,128824,170512
50.26,09-20-2026 21:58:38:740,128826,170561
50.27,09-20-2026 21:58:38:750,128820,170507
50.28,09-20-2026 21:58:38:760,128818,170564
50.29,09-20-2026 21:58:38:770,128817,170515
50.3,09-20-2026 21:58:38:780,128824,170569
50.31,09-20-2026 21:58:38:790,128808,170521
50.32,09-20-2026 21:58:38:800,128818,170558
50.33,09-20-2026 21:58:38:810,128811,170517
50.34,09-20-2026 21:58:38:820,128827,170573
50.35,09-20-2026 21:58:38:830,128819,170522
50.36,09-20-2026 21:58:38:840,128807,170550
50.37,09-20-2026 21:58:38:850,128812,170551
50.38,09-20-2026 21:58:38:860,128829,170560
50.39,09-20-2026 21:58:38:870,128824,170541
50.4,09-20-2026 21:58:38:880,128822,170547
50.41,09-20-2026 21:58:38:890,128817,170544
50.42,09-20-2026 21:58:38:900,128826,170567
50.43,09-20-2026 21:58:38:910,128832,170546
50.44,09-20-2026 21:58:38:920,128818,170566
50.45,09-20-2026 21:58:38:930,128822,170547
50.46,09-20-2026 21:58:38:940,128825,170555
50.47,09-20-2026 21:58:38:950,128821,170545
50.48,09-20-2026 21:58:38:960,128812,170546
50.49,09-20-2026 21:58:38:970,128831,170544
50.5,09-20-2026 21:58:38:980,128823,170559
50.51,09-20-2026 21:58:38:990,128825,170547
50.52,09-20-2026 21:58:39:000,128806,170537
50.53,09-20-2026 21:58:39:010,128810,170520
50.54,09-20-2026 21:58:39:020,128803,170522
50.55,09-20-2026 21:58:39:030,128807,170509
50.56,09-20-2026 21:58:39:040,128808,170508
50.57,09-20-2026 21:58:39:050,128808,170515
50.58,09-20-2026 21:58:39:060,128818,170510
50.59,09-20-2026 21:58:39:070,128810,170515
50.6,09-20-2026 21:58:39:080,128811,170511
50.61,09-20-2026 21:58:39:090,128803,170502
50.62,09-20-2026 21:58:39:100,128820,170517
50.63,09-20-2026 21:58:39:110,128806,170507
50.64,09-20-2026 21:58:39:120,128806,170483
50.65,09-20-2026 21:58:39:130,128817,170485
50.66,09-20-2026 21:58:39:140,128786,170489
50.67,09-20-2026 21:58:39:150,128817,170492
50.68,09-20-2026 21:58:39:160,128808,170506
50.69,09-20-2026 21:58:39:170,128813,170460
50.7,09-20-2026 21:58:39:180,128797,170481
50.71,09-20-2026 21:58:39:190,128808,170478
50.72,09-20-2026 21:58:39:200,128805,170469
50.73,09-20-2026 21:58:39:210,128811,170462
50.74,09-20-2026 21:58:39:220,128795,170488
50.75,09-20-2026 21:58:39:230,128815,170479
50.76,09-20-2026 21:58:39:240,128791,170479
50.77,09-20-2026 21:58:39:250,128793,170485
50.78,09-20-2026 21:58:39:260,128780,170489
50.79,09-20-2026 21:58:39:270,128806,170461
50.8,09-20-2026 21:58:39:280,128800,170487
50.81,09-20-2026 21:58:39:290,128805,170482
50.82,09-20-2026 21:58:39:300,128789,170483
50.83,09-20-2026 21:58:39:310,128790,170475
50.84,09-20-2026 21:58:39:320,128781,170478
50.85,09-20-2026 21:58:39:330,128796,170472
50.86,09-20-2026 21:58:39:340,128801,170480
50.87,09-20-2026 21:58:39:350,128820,170498
50.88,09-20-2026 21:58:39:360,128783,170472
50.89,09-20-2026 21:58:39:370,128791,170478
50.9,09-20-2026 21:58:39:380,128776,170488
50.91,09-20-2026 21:58:39:390,128805,170477
50.92,09-20-2026 21:58:39:400,128763,170486
50.93,09-20-2026 21:58:39:410,128801,170474
50.94,09-20-2026 21:58:39:420,128756,170495
50.95,09-20-2026 21:58:39:430,128804,170482
50.96,09-20-2026 21:58:39:440,128756,170491
50.97,09-20-2026 21:58:39:450,128818,170480
50.98,09-20-2026 21:58:39:460,128755,170474
50.99,09-20-2026 21:58:39:470,128798,170494
51,09-20-2026 21:58:39:480,128766,170495
51.01,09-20-2026 21:58:39:490,128797,170497
51.02,09-20-2026 21:58:39:500,128768,170489
51.03,09-20-2026 21:58:39:510,128815,170498
51.04,09-20-2026 21:58:39:520,128765,170509
51.05,09-20-2026 21:58:39:530,128804,170491
51.06,09-20-2026 21:58:39:540,128751,170486
51.07,09-20-2026 21:58:39:550,128780,170484
51.08,09-20-2026 21:58:39:560,128750,170488
51.09,09-20-2026 21:58:39:570,128802,170487
51.1,09-20-2026 21:58:39:580,128757,170503
51.11,09-20-2026 21:58:39:590,128799,170489
51.12,09-20-2026 21:58:39:600,128775,170503
51.13,09-20-2026 21:58:39:610,128789,170509
51.14,09-20-2026 21:58:39:620,128766,170509
51.15,09-20-2026 21:58:39:630,128792,170509
51.16,09-20-2026 21:58:39:640,128797,170519
51.17,09-20-2026 21:58:39:650,128797,170509
51.18,09-20-2026 21:58:39:660,128784,170509
51.19,09-20-2026 21:58:39:670,128803,170518
51.2,09-20-2026 21:58:39:680,128776,170504
51.21,09-20-2026 21:58:39:690,128809,170516
51.22,09-20-2026 21:58:39:700,128780,170509
51.23,09-20-2026 21:58:39:710,128794,170510
51.24,09-20-2026 21:58:39:720,128771,170514
51.25,09-20-2026 21:58:39:730,128791,170524
51.26,09-20-2026 21:58:39:740,128771,170518
51.27,09-20-2026 21:58:39:750,128799,170521
51.28,09-20-2026 21:58:39:760,128803,170529
51.29,09-20-2026 21:58:39:770,128800,170521
51.3,09-20-2026 21:58:39:780,128802,170522
51.31,09-20-2026 21:58:39:790,128803,170521
51.32,09-20-2026 21:58:39:800,128836,170549
51.33,09-20-2026 21:58:39:810,128807,170533
51.34,09-20-2026 21:58:39:820,128825,170526
51.35,09-20-2026 21:58:39:830,128814,170543
51.36,09-20-2026 21:58:39:840,128819,170551
51.37,09-20-2026 21:58:39:850,128815,170550
51.38,09-20-2026 21:58:39:860,128833,170528
51.39,09-20-2026 21:58:39:870,128803,170547
51.4,09-20-2026 21:58:39:880,128833,170545
51.41,09-20-2026 21:58:39:890,128793,170534
51.42,09-20-2026 21:58:39:900,128831,170524
51.43,09-20-2026 21:58:39:910,128815,170529
51.44,09-20-2026 21:58:39:920,128835,170521
51.45,09-20-2026 21:58:39:930,128803,170521
51.46,09-20-2026 21:58:39:940,128811,170527
51.47,09-20-2026 21:58:39:950,128799,170486
51.48,09-20-2026 21:58:39:960,128819,170517
51.49,09-20-2026 21:58:39:970,128794,170507
51.5,09-20-2026 21:58:39:980,128827,170504
51.51,09-20-2026 21:58:39:990,128794,170511
51.52,09-20-2026 21:58:40:000,128835,170493
51.53,09-20-2026 21:58:40:010,128803,170497
51.54,09-20-2026 21:58:40:020,128848,170501
51.55,09-20-2026 21:58:40:030,128804,170478
51.56,09-20-2026 21:58:40:040,128838,170496
51.57,09-20-2026 21:58:40:050,128804,170496
51.58,09-20-2026 21:58:40:060,128853,170494
51.59,09-20-2026 21:58:40:070,128800,170494
51.6,09-20-2026 21:58:40:080,128826,170463
51.61,09-20-2026 21:58:40:090,128792,170473
51.62,09-20-2026 21:58:40:100,128837,170477
51.63,09-20-2026 21:58:40:110,128804,170484
51.64,09-20-2026 21:58:40:120,128814,170487
51.65,09-20-2026 21:58:40:130,128775,170478
51.66,09-20-2026 21:58:40:140,128810,170485
51.67,09-20-2026 21:58:40:150,128780,170481
51.68,09-20-2026 21:58:40:160,128804,170488
51.69,09-20-2026 21:58:40:170,128794,170480
51.7,09-20-2026 21:58:40:180,128810,170467
51.71,09-20-2026 21:58:40:190,128786,170473
51.72,09-20-2026 21:58:40:200,128825,170469
51.73,09-20-2026 21:58:40:210,128793,170477
51.74,09-20-2026 21:58:40:220,128802,170488
51.75,09-20-2026 21:58:40:230,128791,170479
51.76,09-20-2026 21:58:40:240,128811,170483
51.77,09-20-2026 21:58:40:250,128795,170463
51.78,09-20-2026 21:58:40:260,128794,170461
51.79,09-20-2026 21:58:40:270,128793,170466
51.8,09-20-2026 21:58:40:280,128790,170478
51.81,09-20-2026 21:58:40:290,128788,170469
51.82,09-20-2026 21:58:40:300,128784,170476
51.83,09-20-2026 21:58:40:310,128800,170465
51.84,09-20-2026 21:58:40:320,128794,170484
51.85,09-20-2026 21:58:40:330,128798,170478
51.86,09-20-2026 21:58:40:340,128785,170471
51.87,09-20-2026 21:58:40:350,128789,170462
51.88,09-20-2026 21:58:40:360,128805,170495
51.89,09-20-2026 21:58:40:370,128794,170464
51.9,09-20-2026 21:58:40:380,128801,170490
51.91,09-20-2026 21:58:40:390,128786,170468
51.92,09-20-2026 21:58:40:400,128790,170501
51.93,09-20-2026 21:58:40:410,128780,170477
51.94,09-20-2026 21:58:40:420,128795,170484
51.95,09-20-2026 21:58:40:430,128791,170482
51.96,09-20-2026 21:58:40:440,128793,170512
51.97,09-20-2026 21:58:40:450,128796,170474
51.98,09-20-2026 21:58:40:460,128798,170500
51.99,09-20-2026 21:58:40:470,128792,170464
52,09-20-2026 21:58:40:480,128808,170492
52.01,09-20-2026 21:58:40:490,128808,170478
52.02,09-20-2026 21:58:40:500,128804,170511
52.03,09-20-2026 21:58:40:510,128800,170473
52.04,09-20-2026 21:58:40:520,128791,170512
52.05,09-20-2026 21:58:40:530,128799,170461
52.06,09-20-2026 21:58:40:540,128793,170523
52.07,09-20-2026 21:58:40:550,128801,170472
52.08,09-20-2026 21:58:40:560,128793,170506
52.09,09-20-2026 21:58:40:570,128791,170491
52.1,09-20-2026 21:58:40:580,128809,170522
52.11,09-20-2026 21:58:40:590,128779,170455
52.12,09-20-2026 21:58:40:600,128801,170533
52.13,09-20-2026 21:58:40:610,128800,170474
52.14,09-20-2026 21:58:40:620,128790,170532
52.15,09-20-2026 21:58:40:630,128813,170499
52.16,09-20-2026 21:58:40:640,128813,170515
52.17,09-20-2026 21:58:40:650,128817,170503
52.18,09-20-2026 21:58:40:660,128800,170537
52.19,09-20-2026 21:58:40:670,128784,170482
52.2,09-20-2026 21:58:40:680,128805,170541
52.21,09-20-2026 21:58:40:690,128800,170514
52.22,09-20-2026 21:58:40:700,128820,170548
52.23,09-20-2026 21:58:40:710,128814,170508
52.24,09-20-2026 21:58:40:720,128810,170528
52.25,09-20-2026 21:58:40:730,128797,170525
52.26,09-20-2026 21:58:40:740,128805,170551
52.27,09-20-2026 21:58:40:750,128794,170519
52.28,09-20-2026 21:58:40:760,128814,170564
52.29,09-20-2026 21:58:40:770,128802,170535
52.3,09-20-2026 21:58:40:780,128790,170531
52.31,09-20-2026 21:58:40:790,128796,170497
52.32,09-20-2026 21:58:40:800,128809,170510
52.33,09-20-2026 21:58:40:810,128800,170511
52.34,09-20-2026 21:58:40:820,128802,170515
52.35,09-20-2026 21:58:40:830,128777,170513
52.36,09-20-2026 21:58:40:840,128800,170509
52.37,09-20-2026 21:58:40:850,128799,170518
52.38,09-20-2026 21:58:40:860,128794,170495
52.39,09-20-2026 21:58:40:870,128797,170512
52.4,09-20-2026 21:58:40:880,128796,170525
52.41,09-20-2026 21:58:40:890,128802,170508
52.42,09-20-2026 21:58:40:900,128799,170490
52.43,09-20-2026 21:58:40:910,128807,170494
52.44,09-20-2026 21:58:40:920,128785,170490
52.45,09-20-2026 21:58:40:930,128795,170523
52.46,09-20-2026 21:58:40:940,128785,170473
52.47,09-20-2026 21:58:40:950,128796,170501
52.48,09-20-2026 21:58:40:960,128800,170477
52.49,09-20-2026 21:58:40:970,128795,170500
52.5,09-20-2026 21:58:40:980,128791,170497
52.51,09-20-2026 21:58:40:990,128791,170488
52.52,09-20-2026 21:58:41:000,128803,170483
52.53,09-20-2026 21:58:41:010,128800,170499
52.54,09-20-2026 21:58:41:020,128785,170472
52.55,09-20-2026 21:58:41:030,128788,170503
52.56,09-20-2026 21:58:41:040,128794,170479
52.57,09-20-2026 21:58:41:050,128806,170516
52.58,09-20-2026 21:58:41:060,128793,170477
52.59,09-20-2026 21:58:41:070,128793,170510
52.6,09-20-2026 21:58:41:080,128785,170488
52.61,09-20-2026 21:58:41:090,128793,170516
52.62,09-20-2026 21:58:41:100,128796,170471
52.63,09-20-2026 21:58:41:110,128801,170531
52.64,09-20-2026 21:58:41:120,128783,170469
52.65,09-20-2026 21:58:41:130,128787,170489
52.66,09-20-2026 21:58:41:140,128806,170478
52.67,09-20-2026 21:58:41:150,128806,170505
52.68,09-20-2026 21:58:41:160,128795,170486
52.69,09-20-2026 21:58:41:170,128793,170502
52.7,09-20-2026 21:58:41:180,128789,170489
52.71,09-20-2026 21:58:41:190,128782,170487
52.72,09-20-2026 21:58:41:200,128792,170477
52.73,09-20-2026 21:58:41:210,128785,170502
52.74,09-20-2026 21:58:41:220,128804,170468
52.75,09-20-2026 21:58:41:230,128806,170503
52.76,09-20-2026 21:58:41:240,128803,170490
52.77,09-20-2026 21:58:41:250,128785,170493
52.78,09-20-2026 21:58:41:260,128801,170461
52.79,09-20-2026 21:58:41:270,128782,170465
52.8,09-20-2026 21:58:41:280,128795,170495
52.81,09-20-2026 21:58:41:290,128808,170479
52.82,09-20-2026 21:58:41:300,128802,170475
52.83,09-20-2026 21:58:41:310,128796,170498
52.84,09-20-2026 21:58:41:320,128791,170504
52.85,09-20-2026 21:58:41:330,128784,170485
52.86,09-20-2026 21:58:41:340,128783,170481
52.87,09-20-2026 21:58:41:350,128787,170489
52.88,09-20-2026 21:58:41:360,128782,170480
52.89,09-20-2026 21:58:41:370,128811,170491
52.9,09-20-2026 21:58:41:380,128796,170502
52.91,09-20-2026 21:58:41:390,128784,170498
52.92,09-20-2026 21:58:41:400,128794,170500
52.93,09-20-2026 21:58:41:410,128791,170504
52.94,09-20-2026 21:58:41:420,128794,170511
52.95,09-20-2026 21:58:41:430,128786,170482
52.96,09-20-2026 21:58:41:440,128798,170497
52.97,09-20-2026 21:58:41:450,128800,170505
52.98,09-20-2026 21:58:41:460,128801,170519
52.99,09-20-2026 21:58:41:470,128795,170501
53,09-20-2026 21:58:41:480,128798,170518
53.01,09-20-2026 21:58:41:490,128801,170512
53.02,09-20-2026 21:58:41:500,128792,170503
53.03,09-20-2026 21:58:41:510,128785,170518
53.04,09-20-2026 21:58:41:520,128789,170512
53.05,09-20-2026 21:58:41:530,128791,170518
53.06,09-20-2026 21:58:41:540,128788,170531
53.07,09-20-2026 21:58:41:550,128789,170537
53.08,09-20-2026 21:58:41:560,128807,170530
53.09,09-20-2026 21:58:41:570,128796,170518
53.1,09-20-2026 21:58:41:580,128802,170544
53.11,09-20-2026 21:58:41:590,128812,170529
53.12,09-20-2026 21:58:41:600,128802,170529
53.13,09-20-2026 21:58:41:610,128784,170540
53.14,09-20-2026 21:58:41:620,128799,170534
53.15,09-20-2026 21:58:41:630,128805,170547
53.16,09-20-2026 21:58:41:640,128803,170545
53.17,09-20-2026 21:58:41:650,128793,170567
53.18,09-20-2026 21:58:41:660,128801,170555
53.19,09-20-2026 21:58:41:670,128795,170559
53.2,09-20-2026 21:58:41:680,128792,170529
53.21,09-20-2026 21:58:41:690,128783,170561
53.22,09-20-2026 21:58:41:700,128802,170531
53.23,09-20-2026 21:58:41:710,128769,170550
53.24,09-20-2026 21:58:41:720,128808,170537
53.25,09-20-2026 21:58:41:730,128799,170537
53.26,09-20-2026 21:58:41:740,128807,170517
53.27,09-20-2026 21:58:41:750,128776,170505
53.28,09-20-2026 21:58:41:760,128808,170518
53.29,09-20-2026 21:58:41:770,128775,170530
53.3,09-20-2026 21:58:41:780,128807,170509
53.31,09-20-2026 21:58:41:790,128759,170525
53.32,09-20-2026 21:58:41:800,128804,170514
53.33,09-20-2026 21:58:41:810,128761,170507
53.34,09-20-2026 21:58:41:820,128796,170513
53.35,09-20-2026 21:58:41:830,128758,170499
53.36,09-20-2026 21:58:41:840,128801,170524
53.37,09-20-2026 21:58:41:850,128767,170494
53.38,09-20-2026 21:58:41:860,128791,170495
53.39,09-20-2026 21:58:41:870,128752,170497
53.4,09-20-2026 21:58:41:880,128807,170495
53.41,09-20-2026 21:58:41:890,128766,170484
53.42,09-20-2026 21:58:41:900,128799,170491
53.43,09-20-2026 21:58:41:910,128765,170490
53.44,09-20-2026 21:58:41:920,128793,170488
53.45,09-20-2026 21:58:41:930,128786,170467
53.46,09-20-2026 21:58:41:940,128792,170501
53.47,09-20-2026 21:58:41:950,128768,170504
53.48,09-20-2026 21:58:41:960,128797,170480
53.49,09-20-2026 21:58:41:970,128782,170487
53.5,09-20-2026 21:58:41:980,128800,170489
53.51,09-20-2026 21:58:41:990,128779,170487
53.52,09-20-2026 21:58:42:000,128781,170477
53.53,09-20-2026 21:58:42:010,128783,170470
53.54,09-20-2026 21:58:42:020,128803,170478
53.55,09-20-2026 21:58:42:030,128785,170496
53.56,09-20-2026 21:58:42:040,128818,170478
53.57,09-20-2026 21:58:42:050,128804,170490
53.58,09-20-2026 21:58:42:060,128786,170489
53.59,09-20-2026 21:58:42:070,128801,170490
53.6,09-20-2026 21:58:42:080,128785,170481
53.61,09-20-2026 21:58:42:090,128806,170494
53.62,09-20-2026 21:58:42:100,128793,170498
53.63,09-20-2026 21:58:42:110,128790,170458
53.64,09-20-2026 21:58:42:120,128794,170487
53.65,09-20-2026 21:58:42:130,128795,170483
53.66,09-20-2026 21:58:42:140,128800,170473
53.67,09-20-2026 21:58:42:150,128803,170487
53.68,09-20-2026 21:58:42:160,128783,170487
53.69,09-20-2026 21:58:42:170,128819,170499
53.7,09-20-2026 21:58:42:180,128789,170478
53.71,09-20-2026 21:58:42:190,128804,170476
53.72,09-20-2026 21:58:42:200,128796,170477
53.73,09-20-2026 21:58:42:210,128806,170478
53.74,09-20-2026 21:58:42:220,128794,170497
53.75,09-20-2026 21:58:42:230,128803,170505
53.76,09-20-2026 21:58:42:240,128796,170488
53.77,09-20-2026 21:58:42:250,128827,170480
53.78,09-20-2026 21:58:42:260,128791,170504
53.79,09-20-2026 21:58:42:270,128823,170493
53.8,09-20-2026 21:58:42:280,128787,170493
53.81,09-20-2026 21:58:42:290,128826,170503
53.82,09-20-2026 21:58:42:300,128778,170502
53.83,09-20-2026 21:58:42:310,128828,170520
53.84,09-20-2026 21:58:42:320,128802,170505
53.85,09-20-2026 21:58:42:330,128835,170518
53.86,09-20-2026 21:58:42:340,128795,170512
53.87,09-20-2026 21:58:42:350,128829,170499
53.88,09-20-2026 21:58:42:360,128797,170502
53.89,09-20-2026 21:58:42:370,128832,170504
53.9,09-20-2026 21:58:42:380,128794,170523
53.91,09-20-2026 21:58:42:390,128840,170520
53.92,09-20-2026 21:58:42:400,128789,170530
53.93,09-20-2026 21:58:42:410,128804,170535
53.94,09-20-2026 21:58:42:420,128791,170511
53.95,09-20-2026 21:58:42:430,128815,170529
53.96,09-20-2026 21:58:42:440,128791,170545
53.97,09-20-2026 21:58:42:450,128827,170522
53.98,09-20-2026 21:58:42:460,128814,170516
53.99,09-20-2026 21:58:42:470,128817,170531
54,09-20-2026 21:58:42:480,128801,170524
54.01,09-20-2026 21:58:42:490,128797,170532
54.02,09-20-2026 21:58:42:500,128805,170547
54.03,09-20-2026 21:58:42:510,128826,170545
54.04,09-20-2026 21:58:42:520,128793,170552
54.05,09-20-2026 21:58:42:530,128800,170539
54.06,09-20-2026 21:58:42:540,128808,170544
54.07,09-20-2026 21:58:42:550,128794,170534
54.08,09-20-2026 21:58:42:560,128788,170546
54.09,09-20-2026 21:58:42:570,128795,170543
54.1,09-20-2026 21:58:42:580,128802,170548
54.11,09-20-2026 21:58:42:590,128800,170560
54.12,09-20-2026 21:58:42:600,128794,170548
54.13,09-20-2026 21:58:42:610,128803,170555
54.14,09-20-2026 21:58:42:620,128813,170552
54.15,09-20-2026 21:58:42:630,128814,170566
54.16,09-20-2026 21:58:42:640,128810,170537
54.17,09-20-2026 21:58:42:650,128807,170547
54.18,09-20-2026 21:58:42:660,128810,170523
54.19,09-20-2026 21:58:42:670,128805,170543
54.2,09-20-2026 21:58:42:680,128799,170516
54.21,09-20-2026 21:58:42:690,128800,170538
54.22,09-20-2026 21:58:42:700,128799,170498
54.23,09-20-2026 21:58:42:710,128808,170532
54.24,09-20-2026 21:58:42:720,128796,170487
54.25,09-20-2026 21:58:42:730,128805,170508
54.26,09-20-2026 21:58:42:740,128786,170481
54.27,09-20-2026 21:58:42:750,128794,170524
54.28,09-20-2026 21:58:42:760,128785,170465
54.29,09-20-2026 21:58:42:770,128790,170504
54.3,09-20-2026 21:58:42:780,128793,170469
54.31,09-20-2026 21:58:42:790,128795,170511
54.32,09-20-2026 21:58:42:800,128800,170458
54.33,09-20-2026 21:58:42:810,128804,170473
54.34,09-20-2026 21:58:42:820,128789,170442
54.35,09-20-2026 21:58:42:830,128794,170485
54.36,09-20-2026 21:58:42:840,128812,170454
54.37,09-20-2026 21:58:42:850,128789,170505
54.38,09-20-2026 21:58:42:860,128793,170443
54.39,09-20-2026 21:58:42:870,128807,170476
54.4,09-20-2026 21:58:42:880,128786,170435
54.41,09-20-2026 21:58:42:890,128787,170484
54.42,09-20-2026 21:58:42:900,128798,170424
54.43,09-20-2026 21:58:42:910,128795,170488
54.44,09-20-2026 21:58:42:920,128795,170428
54.45,09-20-2026 21:58:42:930,128816,170485
54.46,09-20-2026 21:58:42:940,128799,170433
54.47,09-20-2026 21:58:42:950,128785,170484
54.48,09-20-2026 21:58:42:960,128779,170465
54.49,09-20-2026 21:58:42:970,128800,170479
54.5,09-20-2026 21:58:42:980,128798,170446
54.51,09-20-2026 21:58:42:990,128798,170482
54.52,09-20-2026 21:58:43:000,128793,170460
54.53,09-20-2026 21:58:43:010,128799,170473
54.54,09-20-2026 21:58:43:020,128782,170469
54.55,09-20-2026 21:58:43:030,128808,170491
54.56,09-20-2026 21:58:43:040,128802,170481
54.57,09-20-2026 21:58:43:050,128775,170474
54.58,09-20-2026 21:58:43:060,128799,170467
54.59,09-20-2026 21:58:43:070,128800,170484
54.6,09-20-2026 21:58:43:080,128788,170487
54.61,09-20-2026 21:58:43:090,128787,170483
54.62,09-20-2026 21:58:43:100,128786,170491
54.63,09-20-2026 21:58:43:110,128791,170488
54.64,09-20-2026 21:58:43:120,128788,170518
54.65,09-20-2026 21:58:43:130,128807,170502
54.66,09-20-2026 21:58:43:140,128804,170511
54.67,09-20-2026 21:58:43:150,128806,170489
54.68,09-20-2026 21:58:43:160,128804,170502
54.69,09-20-2026 21:58:43:170,128797,170492
54.7,09-20-2026 21:58:43:180,128797,170522
54.71,09-20-2026 21:58:43:190,128800,170493
54.72,09-20-2026 21:58:43:200,128797,170519
54.73,09-20-2026 21:58:43:210,128797,170496
54.74,09-20-2026 21:58:43:220,128814,170553
54.75,09-20-2026 21:58:43:230,128801,170505
54.76,09-20-2026 21:58:43:240,128804,170530
54.77,09-20-2026 21:58:43:250,128801,170516
54.78,09-20-2026 21:58:43:260,128802,170531
54.79,09-20-2026 21:58:43:270,128800,170524
54.8,09-20-2026 21:58:43:280,128793,170545
54.81,09-20-2026 21:58:43:290,128789,170518
54.82,09-20-2026 21:58:43:300,128791,170546
54.83,09-20-2026 21:58:43:310,128796,170518
54.84,09-20-2026 21:58:43:320,128794,170545
54.85,09-20-2026 21:58:43:330,128783,170522
54.86,09-20-2026 21:58:43:340,128790,170562
54.87,09-20-2026 21:58:43:350,128806,170519
54.88,09-20-2026 21:58:43:360,128794,170569
54.89,09-20-2026 21:58:43:370,128795,170532
54.9,09-20-2026 21:58:43:380,128796,170562
54.91,09-20-2026 21:58:43:390,128814,170532
54.92,09-20-2026 21:58:43:400,128794,170562
54.93,09-20-2026 21:58:43:410,128805,170537
54.94,09-20-2026 21:58:43:420,128781,170554
54.95,09-20-2026 21:58:43:430,128796,170534
54.96,09-20-2026 21:58:43:440,128807,170558
54.97,09-20-2026 21:58:43:450,128797,170517
54.98,09-20-2026 21:58:43:460,128807,170557
54.99,09-20-2026 21:58:43:470,128797,170538
55,09-20-2026 21:58:43:480,128803,170567
55.01,09-20-2026 21:58:43:490,128802,170541
55.02,09-20-2026 21:58:43:500,128799,170554
55.03,09-20-2026 21:58:43:510,128810,170536
55.04,09-20-2026 21:58:43:520,128794,170559
55.05,09-20-2026 21:58:43:530,128815,170529
55.06,09-20-2026 21:58:43:540,128794,170504
55.07,09-20-2026 21:58:43:550,128796,170528
55.08,09-20-2026 21:58:43:560,128793,170502
55.09,09-20-2026 21:58:43:570,128790,170497
55.1,09-20-2026 21:58:43:580,128800,170525
55.11,09-20-2026 21:58:43:590,128789,170507
55.12,09-20-2026 21:58:43:600,128799,170517
55.13,09-20-2026 21:58:43:610,128794,170501
55.14,09-20-2026 21:58:43:620,128793,170502
55.15,09-20-2026 21:58:43:630,128804,170499
55.16,09-20-2026 21:58:43:640,128789,170485
55.17,09-20-2026 21:58:43:650,128789,170478
55.18,09-20-2026 21:58:43:660,128804,170501
55.19,09-20-2026 21:58:43:670,128776,170490
55.2,09-20-2026 21:58:43:680,128794,170483
55.21,09-20-2026 21:58:43:690,128790,170489
55.22,09-20-2026 21:58:43:700,128787,170478
55.23,09-20-2026 21:58:43:710,128800,170484
55.24,09-20-2026 21:58:43:720,128804,170479
55.25,09-20-2026 21:58:43:730,128788,170461
55.26,09-20-2026 21:58:43:740,128791,170457
55.27,09-20-2026 21:58:43:750,128795,170465
55.28,09-20-2026 21:58:43:760,128794,170463
55.29,09-20-2026 21:58:43:770,128789,170474
55.3,09-20-2026 21:58:43:780,128792,170466
55.31,09-20-2026 21:58:43:790,128791,170467
55.32,09-20-2026 21:58:43:800,128767,170469
55.33,09-20-2026 21:58:43:810,128794,170471
55.34,09-20-2026 21:58:43:820,128785,170447
55.35,09-20-2026 21:58:43:830,128789,170471
55.36,09-20-2026 21:58:43:840,128782,170472
55.37,09-20-2026 21:58:43:850,128793,170474
55.38,09-20-2026 21:58:43:860,128762,170450
55.39,09-20-2026 21:58:43:870,128786,170486
55.4,09-20-2026 21:58:43:880,128781,170477
55.41,09-20-2026 21:58:43:890,128795,170443
55.42,09-20-2026 21:58:43:900,128766,170448
55.43,09-20-2026 21:58:43:910,128782,170472
55.44,09-20-2026 21:58:43:920,128766,170472
55.45,09-20-2026 21:58:43:930,128797,170468
55.46,09-20-2026 21:58:43:940,128749,170473
55.47,09-20-2026 21:58:43:950,128779,170448
55.48,09-20-2026 21:58:43:960,128756,170463
55.49,09-20-2026 21:58:43:970,128782,170472
55.5,09-20-2026 21:58:43:980,128754,170485
55.51,09-20-2026 21:58:43:990,128781,170466
55.52,09-20-2026 21:58:44:000,128775,170471
55.53,09-20-2026 21:58:44:010,128770,170467
55.54,09-20-2026 21:58:44:020,128747,170469
55.55,09-20-2026 21:58:44:030,128772,170481
55.56,09-20-2026 21:58:44:040,128734,170480
55.57,09-20-2026 21:58:44:050,128799,170470
55.58,09-20-2026 21:58:44:060,128745,170473
55.59,09-20-2026 21:58:44:070,128785,170474
55.6,09-20-2026 21:58:44:080,128757,170479
55.61,09-20-2026 21:58:44:090,128787,170477
55.62,09-20-2026 21:58:44:100,128737,170478
55.63,09-20-2026 21:58:44:110,128765,170500
55.64,09-20-2026 21:58:44:120,128741,170496
55.65,09-20-2026 21:58:44:130,128775,170486
55.66,09-20-2026 21:58:44:140,128745,170489
55.67,09-20-2026 21:58:44:150,128766,170469
55.68,09-20-2026 21:58:44:160,128749,170479
55.69,09-20-2026 21:58:44:170,128787,170484
55.7,09-20-2026 21:58:44:180,128719,170481
55.71,09-20-2026 21:58:44:190,128776,170486
55.72,09-20-2026 21:58:44:200,128736,170499
55.73,09-20-2026 21:58:44:210,128798,170495
55.74,09-20-2026 21:58:44:220,128729,170491
55.75,09-20-2026 21:58:44:230,128782,170493
55.76,09-20-2026 21:58:44:240,128750,170514
55.77,09-20-2026 21:58:44:250,128794,170513
55.78,09-20-2026 21:58:44:260,128752,170501
55.79,09-20-2026 21:58:44:270,128777,170510
55.8,09-20-2026 21:58:44:280,128771,170504
55.81,09-20-2026 21:58:44:290,128793,170518
55.82,09-20-2026 21:58:44:300,128753,170517
55.83,09-20-2026 21:58:44:310,128772,170522
55.84,09-20-2026 21:58:44:320,128787,170521
55.85,09-20-2026 21:58:44:330,128776,170514
55.86,09-20-2026 21:58:44:340,128789,170522
55.87,09-20-2026 21:58:44:350,128787,170527
55.88,09-20-2026 21:58:44:360,128794,170523
55.89,09-20-2026 21:58:44:370,128776,170527
55.9,09-20-2026 21:58:44:380,128794,170542
55.91,09-20-2026 21:58:44:390,128789,170535
55.92,09-20-2026 21:58:44:400,128797,170522
55.93,09-20-2026 21:58:44:410,128770,170525
55.94,09-20-2026 21:58:44:420,128808,170521
55.95,09-20-2026 21:58:44:430,128774,170512
55.96,09-20-2026 21:58:44:440,128799,170504
55.97,09-20-2026 21:58:44:450,128783,170523
55.98,09-20-2026 21:58:44:460,128795,170497
55.99,09-20-2026 21:58:44:470,128784,170493
56,09-20-2026 21:58:44:480,128808,170487
56.01,09-20-2026 21:58:44:490,128771,170487
56.02,09-20-2026 21:58:44:500,128817,170488
56.03,09-20-2026 21:58:44:510,128783,170468
56.04,09-20-2026 21:58:44:520,128819,170466
56.05,09-20-2026 21:58:44:530,128784,170472
56.06,09-20-2026 21:58:44:540,128817,170458
56.07,09-20-2026 21:58:44:550,128766,170478
56.08,09-20-2026 21:58:44:560,128818,170482
56.09,09-20-2026 21:58:44:570,128778,170463
56.1,09-20-2026 21:58:44:580,128820,170470
56.11,09-20-2026 21:58:44:590,128755,170451
56.12,09-20-2026 21:58:44:600,128821,170470
56.13,09-20-2026 21:58:44:610,128760,170454
56.14,09-20-2026 21:58:44:620,128814,170428
56.15,09-20-2026 21:58:44:630,128790,170430
56.16,09-20-2026 21:58:44:640,128773,170446
56.17,09-20-2026 21:58:44:650,128768,170450
56.18,09-20-2026 21:58:44:660,128794,170430
56.19,09-20-2026 21:58:44:670,128776,170445
56.2,09-20-2026 21:58:44:680,128791,170424
56.21,09-20-2026 21:58:44:690,128770,170441
56.22,09-20-2026 21:58:44:700,128788,170430
56.23,09-20-2026 21:58:44:710,128779,170439
56.24,09-20-2026 21:58:44:720,128784,170433
56.25,09-20-2026 21:58:44:730,128786,170445
56.26,09-20-2026 21:58:44:740,128775,170439
56.27,09-20-2026 21:58:44:750,128767,170441
56.28,09-20-2026 21:58:44:760,128764,170437
56.29,09-20-2026 21:58:44:770,128780,170443
56.3,09-20-2026 21:58:44:780,128766,170439
56.31,09-20-2026 21:58:44:790,128751,170438
56.32,09-20-2026 21:58:44:800,128748,170441
56.33,09-20-2026 21:58:44:810,128766,170437
56.34,09-20-2026 21:58:44:820,128760,170444
56.35,09-20-2026 21:58:44:830,128757,170435
56.36,09-20-2026 21:58:44:840,128759,170457
56.37,09-20-2026 21:58:44:850,128760,170413
56.38,09-20-2026 21:58:44:860,128769,170432
56.39,09-20-2026 21:58:44:870,128781,170440
56.4,09-20-2026 21:58:44:880,128758,170447
56.41,09-20-2026 21:58:44:890,128768,170420
56.42,09-20-2026 21:58:44:900,128745,170434
56.43,09-20-2026 21:58:44:910,128763,170437
56.44,09-20-2026 21:58:44:920,128775,170442
56.45,09-20-2026 21:58:44:930,128750,170419
56.46,09-20-2026 21:58:44:940,128768,170442
56.47,09-20-2026 21:58:44:950,128768,170427
56.48,09-20-2026 21:58:44:960,128768,170426
56.49,09-20-2026 21:58:44:970,128770,170423
56.5,09-20-2026 21:58:44:980,128765,170450
56.51,09-20-2026 21:58:44:990,128756,170397
56.52,09-20-2026 21:58:45:000,128761,170445
56.53,09-20-2026 21:58:45:010,128775,170438
56.54,09-20-2026 21:58:45:020,128785,170458
56.55,09-20-2026 21:58:45:030,128763,170413
56.56,09-20-2026 21:58:45:040,128772,170457
56.57,09-20-2026 21:58:45:050,128769,170431
56.58,09-20-2026 21:58:45:060,128770,170452
56.59,09-20-2026 21:58:45:070,128765,170424
56.6,09-20-2026 21:58:45:080,128770,170464
56.61,09-20-2026 21:58:45:090,128770,170415
56.62,09-20-2026 21:58:45:100,128764,170467
56.63,09-20-2026 21:58:45:110,128771,170433
56.64,09-20-2026 21:58:45:120,128767,170463
56.65,09-20-2026 21:58:45:130,128776,170421
56.66,09-20-2026 21:58:45:140,128760,170465
56.67,09-20-2026 21:58:45:150,128764,170422
56.68,09-20-2026 21:58:45:160,128754,170491
56.69,09-20-2026 21:58:45:170,128761,170440
56.7,09-20-2026 21:58:45:180,128760,170491
56.71,09-20-2026 21:58:45:190,128758,170438
56.72,09-20-2026 21:58:45:200,128772,170488
56.73,09-20-2026 21:58:45:210,128764,170451
56.74,09-20-2026 21:58:45:220,128768,170475
56.75,09-20-2026 21:58:45:230,128762,170466
56.76,09-20-2026 21:58:45:240,128750,170500
56.77,09-20-2026 21:58:45:250,128759,170465
56.78,09-20-2026 21:58:45:260,128760,170495
56.79,09-20-2026 21:58:45:270,128766,170496
56.8,09-20-2026 21:58:45:280,128767,170494
56.81,09-20-2026 21:58:45:290,128758,170488
56.82,09-20-2026 21:58:45:300,128770,170472
56.83,09-20-2026 21:58:45:310,128750,170495
56.84,09-20-2026 21:58:45:320,128765,170462
56.85,09-20-2026 21:58:45:330,128759,170474
56.86,09-20-2026 21:58:45:340,128752,170446
56.87,09-20-2026 21:58:45:350,128761,170457
56.88,09-20-2026 21:58:45:360,128763,170459
56.89,09-20-2026 21:58:45:370,128757,170467
56.9,09-20-2026 21:58:45:380,128765,170451
56.91,09-20-2026 21:58:45:390,128756,170443
56.92,09-20-2026 21:58:45:400,128744,170453
56.93,09-20-2026 21:58:45:410,128757,170458
56.94,09-20-2026 21:58:45:420,128747,170435
56.95,09-20-2026 21:58:45:430,128747,170453
56.96,09-20-2026 21:58:45:440,128759,170413
56.97,09-20-2026 21:58:45:450,128756,170445
56.98,09-20-2026 21:58:45:460,128754,170425
56.99,09-20-2026 21:58:45:470,128756,170451
57,09-20-2026 21:58:45:480,128761,170403
57.01,09-20-2026 21:58:45:490,128750,170447
57.02,09-20-2026 21:58:45:500,128753,170408
57.03,09-20-2026 21:58:45:510,128739,170434
57.04,09-20-2026 21:58:45:520,128738,170408
57.05,09-20-2026 21:58:45:530,128742,170430
57.06,09-20-2026 21:58:45:540,128735,170381
57.07,09-20-2026 21:58:45:550,128743,170423
57.08,09-20-2026 21:58:45:560,128743,170406
57.09,09-20-2026 21:58:45:570,128738,170447
57.1,09-20-2026 21:58:45:580,128740,170407
57.11,09-20-2026 21:58:45:590,128752,170433
57.12,09-20-2026 21:58:45:600,128730,170412
57.13,09-20-2026 21:58:45:610,128732,170411
57.14,09-20-2026 21:58:45:620,128751,170374
57.15,09-20-2026 21:58:45:630,128742,170414
57.16,09-20-2026 21:58:45:640,128737,170396
57.17,09-20-2026 21:58:45:650,128733,170408
57.18,09-20-2026 21:58:45:660,128717,170388
57.19,09-20-2026 21:58:45:670,128730,170421
57.2,09-20-2026 21:58:45:680,128724,170394
57.21,09-20-2026 21:58:45:690,128738,170396
57.22,09-20-2026 21:58:45:700,128728,170373
57.23,09-20-2026 21:58:45:710,128740,170425
57.24,09-20-2026 21:58:45:720,128736,170380
57.25,09-20-2026 21:58:45:730,128731,170391
57.26,09-20-2026 21:58:45:740,128747,170378
57.27,09-20-2026 21:58:45:750,128732,170395
57.28,09-20-2026 21:58:45:760,128732,170401
57.29,09-20-2026 21:58:45:770,128726,170409
57.3,09-20-2026 21:58:45:780,128728,170387
57.31,09-20-2026 21:58:45:790,128745,170386
57.32,09-20-2026 21:58:45:800,128738,170402
57.33,09-20-2026 21:58:45:810,128748,170409
57.34,09-20-2026 21:58:45:820,128734,170409
57.35,09-20-2026 21:58:45:830,128739,170406
57.36,09-20-2026 21:58:45:840,128737,170407
57.37,09-20-2026 21:58:45:850,128734,170410
57.38,09-20-2026 21:58:45:860,128746,170400
57.39,09-20-2026 21:58:45:870,128738,170404
57.4,09-20-2026 21:58:45:880,128730,170407
57.41,09-20-2026 21:58:45:890,128731,170403
57.42,09-20-2026 21:58:45:900,128726,170400
57.43,09-20-2026 21:58:45:910,128740,170405
57.44,09-20-2026 21:58:45:920,128729,170404
57.45,09-20-2026 21:58:45:930,128739,170404
57.46,09-20-2026 21:58:45:940,128736,170415
57.47,09-20-2026 21:58:45:950,128729,170408
57.48,09-20-2026 21:58:45:960,128724,170406
57.49,09-20-2026 21:58:45:970,128721,170425
57.5,09-20-2026 21:58:45:980,128727,170420
57.51,09-20-2026 21:58:45:990,128728,170415
57.52,09-20-2026 21:58:46:000,128720,170422
57.53,09-20-2026 21:58:46:010,128733,170413
57.54,09-20-2026 21:58:46:020,128721,170424
57.55,09-20-2026 21:58:46:030,128731,170428
57.56,09-20-2026 21:58:46:040,128738,170412
57.57,09-20-2026 21:58:46:050,128735,170427
57.58,09-20-2026 21:58:46:060,128723,170440
57.59,09-20-2026 21:58:46:070,128741,170441
57.6,09-20-2026 21:58:46:080,128739,170421
57.61,09-20-2026 21:58:46:090,128722,170440
57.62,09-20-2026 21:58:46:100,128744,170424
57.63,09-20-2026 21:58:46:110,128709,170417
57.64,09-20-2026 21:58:46:120,128739,170430
57.65,09-20-2026 21:58:46:130,128727,170420
57.66,09-20-2026 21:58:46:140,128734,170413
57.67,09-20-2026 21:58:46:150,128704,170384
57.68,09-20-2026 21:58:46:160,128720,170386
57.69,09-20-2026 21:58:46:170,128696,170384
57.7,09-20-2026 21:58:46:180,128726,170387
57.71,09-20-2026 21:58:46:190,128703,170396
57.72,09-20-2026 21:58:46:200,128739,170371
57.73,09-20-2026 21:58:46:210,128711,170367
57.74,09-20-2026 21:58:46:220,128731,170362
57.75,09-20-2026 21:58:46:230,128694,170385
57.76,09-20-2026 21:58:46:240,128726,170375
57.77,09-20-2026 21:58:46:250,128693,170355
57.78,09-20-2026 21:58:46:260,128716,170347
57.79,09-20-2026 21:58:46:270,128679,170341
57.8,09-20-2026 21:58:46:280,128713,170343
57.81,09-20-2026 21:58:46:290,128684,170345
57.82,09-20-2026 21:58:46:300,128732,170337
57.83,09-20-2026 21:58:46:310,128671,170347
57.84,09-20-2026 21:58:46:320,128708,170344
57.85,09-20-2026 21:58:46:330,128676,170323
57.86,09-20-2026 21:58:46:340,128717,170331
57.87,09-20-2026 21:58:46:350,128685,170356
57.88,09-20-2026 21:58:46:360,128711,170339
57.89,09-20-2026 21:58:46:370,128674,170327
57.9,09-20-2026 21:58:46:380,128715,170316
57.91,09-20-2026 21:58:46:390,128700,170319
57.92,09-20-2026 21:58:46:400,128711,170325
57.93,09-20-2026 21:58:46:410,128680,170326
57.94,09-20-2026 21:58:46:420,128724,170322
57.95,09-20-2026 21:58:46:430,128664,170325
57.96,09-20-2026 21:58:46:440,128715,170329
57.97,09-20-2026 21:58:46:450,128678,170309
57.98,09-20-2026 21:58:46:460,128706,170302
57.99,09-20-2026 21:58:46:470,128677,170310
58,09-20-2026 21:58:46:480,128704,170300
58.01,09-20-2026 21:58:46:490,128681,170310
58.02,09-20-2026 21:58:46:500,128700,170318
58.03,09-20-2026 21:58:46:510,128695,170323
58.04,09-20-2026 21:58:46:520,128690,170325
58.05,09-20-2026 21:58:46:530,128706,170314
58.06,09-20-2026 21:58:46:540,128705,170308
58.07,09-20-2026 21:58:46:550,128709,170307
58.08,09-20-2026 21:58:46:560,128706,170293
58.09,09-20-2026 21:58:46:570,128712,170322
58.1,09-20-2026 21:58:46:580,128680,170330
58.11,09-20-2026 21:58:46:590,128705,170319
58.12,09-20-2026 21:58:46:600,128683,170316
58.13,09-20-2026 21:58:46:610,128702,170311
58.14,09-20-2026 21:58:46:620,128684,170304
58.15,09-20-2026 21:58:46:630,128720,170310
58.16,09-20-2026 21:58:46:640,128703,170298
58.17,09-20-2026 21:58:46:650,128713,170307
58.18,09-20-2026 21:58:46:660,128708,170340
58.19,09-20-2026 21:58:46:670,128714,170319
58.2,09-20-2026 21:58:46:680,128681,170294
58.21,09-20-2026 21:58:46:690,128710,170299
58.22,09-20-2026 21:58:46:700,128697,170329
58.23,09-20-2026 21:58:46:710,128699,170326
58.24,09-20-2026 21:58:46:720,128703,170313
58.25,09-20-2026 21:58:46:730,128714,170327
58.26,09-20-2026 21:58:46:740,128712,170326
58.27,09-20-2026 21:58:46:750,128727,170308
58.28,09-20-2026 21:58:46:760,128684,170328
58.29,09-20-2026 21:58:46:770,128733,170337
58.3,09-20-2026 21:58:46:780,128678,170334
58.31,09-20-2026 21:58:46:790,128708,170328
58.32,09-20-2026 21:58:46:800,128698,170322
58.33,09-20-2026 21:58:46:810,128726,170325
58.34,09-20-2026 21:58:46:820,128714,170319
58.35,09-20-2026 21:58:46:830,128717,170329
58.36,09-20-2026 21:58:46:840,128683,170331
58.37,09-20-2026 21:58:46:850,128715,170318
58.38,09-20-2026 21:58:46:860,128682,170332
58.39,09-20-2026 21:58:46:870,128697,170345
58.4,09-20-2026 21:58:46:880,128671,170344
58.41,09-20-2026 21:58:46:890,128701,170344
58.42,09-20-2026 21:58:46:900,128690,170334
58.43,09-20-2026 21:58:46:910,128695,170360
58.44,09-20-2026 21:58:46:920,128699,170336
58.45,09-20-2026 21:58:46:930,128694,170347
58.46,09-20-2026 21:58:46:940,128682,170342
58.47,09-20-2026 21:58:46:950,128701,170330
58.48,09-20-2026 21:58:46:960,128696,170312
58.49,09-20-2026 21:58:46:970,128691,170316
58.5,09-20-2026 21:58:46:980,128676,170310
58.51,09-20-2026 21:58:46:990,128683,170281
58.52,09-20-2026 21:58:47:000,128682,170296
58.53,09-20-2026 21:58:47:010,128699,170309
58.54,09-20-2026 21:58:47:020,128694,170269
58.55,09-20-2026 21:58:47:030,128677,170289
58.56,09-20-2026 21:58:47:040,128675,170270
58.57,09-20-2026 21:58:47:050,128676,170272
58.58,09-20-2026 21:58:47:060,128678,170259
58.59,09-20-2026 21:58:47:070,128673,170270
58.6,09-20-2026 21:58:47:080,128676,170250
58.61,09-20-2026 21:58:47:090,128693,170272
58.62,09-20-2026 21:58:47:100,128666,170233
58.63,09-20-2026 21:58:47:110,128670,170264
58.64,09-20-2026 21:58:47:120,128666,170230
58.65,09-20-2026 21:58:47:130,128664,170246
58.66,09-20-2026 21:58:47:140,128679,170206
58.67,09-20-2026 21:58:47:150,128675,170233
58.68,09-20-2026 21:58:47:160,128668,170210
58.69,09-20-2026 21:58:47:170,128656,170238
58.7,09-20-2026 21:58:47:180,128657,170204
58.71,09-20-2026 21:58:47:190,128656,170213
58.72,09-20-2026 21:58:47:200,128671,170214
58.73,09-20-2026 21:58:47:210,128655,170235
58.74,09-20-2026 21:58:47:220,128670,170191
58.75,09-20-2026 21:58:47:230,128668,170241
58.76,09-20-2026 21:58:47:240,128648,170187
58.77,09-20-2026 21:58:47:250,128656,170230
58.78,09-20-2026 21:58:47:260,128659,170182
58.79,09-20-2026 21:58:47:270,128660,170227
58.8,09-20-2026 21:58:47:280,128667,170188
58.81,09-20-2026 21:58:47:290,128647,170223
58.82,09-20-2026 21:58:47:300,128644,170163
58.83,09-20-2026 21:58:47:310,128633,170224
58.84,09-20-2026 21:58:47:320,128669,170145
58.85,09-20-2026 21:58:47:330,128635,170224
58.86,09-20-2026 21:58:47:340,128653,170163
58.87,09-20-2026 21:58:47:350,128650,170213
58.88,09-20-2026 21:58:47:360,128654,170179
58.89,09-20-2026 21:58:47:370,128646,170237
58.9,09-20-2026 21:58:47:380,128642,170163
58.91,09-20-2026 21:58:47:390,128641,170221
58.92,09-20-2026 21:58:47:400,128656,170177
58.93,09-20-2026 21:58:47:410,128640,170199
58.94,09-20-2026 21:58:47:420,128654,170180
58.95,09-20-2026 21:58:47:430,128636,170220
58.96,09-20-2026 21:58:47:440,128647,170179
58.97,09-20-2026 21:58:47:450,128640,170226
58.98,09-20-2026 21:58:47:460,128657,170184
58.99,09-20-2026 21:58:47:470,128651,170234
59,09-20-2026 21:58:47:480,128633,170183
59.01,09-20-2026 21:58:47:490,128635,170208
59.02,09-20-2026 21:58:47:500,128656,170198
59.03,09-20-2026 21:58:47:510,128641,170224
59.04,09-20-2026 21:58:47:520,128640,170217
59.05,09-20-2026 21:58:47:530,128643,170210
59.06,09-20-2026 21:58:47:540,128642,170230
59.07,09-20-2026 21:58:47:550,128637,170229
59.08,09-20-2026 21:58:47:560,128642,170239
59.09,09-20-2026 21:58:47:570,128644,170224
59.1,09-20-2026 21:58:47:580,128630,170225
59.11,09-20-2026 21:58:47:590,128633,170232
59.12,09-20-2026 21:58:47:600,128640,170227
59.13,09-20-2026 21:58:47:610,128646,170232
59.14,09-20-2026 21:58:47:620,128654,170266
59.15,09-20-2026 21:58:47:630,128649,170222
59.16,09-20-2026 21:58:47:640,128637,170251
59.17,09-20-2026 21:58:47:650,128652,170231
59.18,09-20-2026 21:58:47:660,128646,170255
59.19,09-20-2026 21:58:47:670,128643,170226
59.2,09-20-2026 21:58:47:680,128641,170252
59.21,09-20-2026 21:58:47:690,128643,170240
59.22,09-20-2026 21:58:47:700,128638,170265
59.23,09-20-2026 21:58:47:710,128640,170246
59.24,09-20-2026 21:58:47:720,128647,170276
59.25,09-20-2026 21:58:47:730,128645,170262
59.26,09-20-2026 21:58:47:740,128623,170283
59.27,09-20-2026 21:58:47:750,128631,170245
59.28,09-20-2026 21:58:47:760,128629,170269
59.29,09-20-2026 21:58:47:770,128640,170220
59.3,09-20-2026 21:58:47:780,128646,170260
59.31,09-20-2026 21:58:47:790,128626,170205
59.32,09-20-2026 21:58:47:800,128623,170232
59.33,09-20-2026 21:58:47:810,128622,170184
59.34,09-20-2026 21:58:47:820,128643,170219
59.35,09-20-2026 21:58:47:830,128626,170188
59.36,09-20-2026 21:58:47:840,128636,170224
59.37,09-20-2026 21:58:47:850,128621,170186
59.38,09-20-2026 21:58:47:860,128624,170204
59.39,09-20-2026 21:58:47:870,128622,170163
59.4,09-20-2026 21:58:47:880,128626,170201
59.41,09-20-2026 21:58:47:890,128604,170172
59.42,09-20-2026 21:58:47:900,128622,170189
59.43,09-20-2026 21:58:47:910,128629,170158
59.44,09-20-2026 21:58:47:920,128619,170193
59.45,09-20-2026 21:58:47:930,128620,170148
59.46,09-20-2026 21:58:47:940,128619,170163
59.47,09-20-2026 21:58:47:950,128616,170143
59.48,09-20-2026 21:58:47:960,128607,170168
59.49,09-20-2026 21:58:47:970,128614,170155
59.5,09-20-2026 21:58:47:980,128623,170134
59.51,09-20-2026 21:58:47:990,128607,170136
59.52,09-20-2026 21:58:48:000,128614,170123
59.53,09-20-2026 21:58:48:010,128596,170120
59.54,09-20-2026 21:58:48:020,128617,170126
59.55,09-20-2026 21:58:48:030,128617,170114
59.56,09-20-2026 21:58:48:040,128612,170123
59.57,09-20-2026 21:58:48:050,128598,170126
59.58,09-20-2026 21:58:48:060,128619,170121
59.59,09-20-2026 21:58:48:070,128607,170131
59.6,09-20-2026 21:58:48:080,128603,170123
59.61,09-20-2026 21:58:48:090,128601,170108
59.62,09-20-2026 21:58:48:100,128616,170106
59.63,09-20-2026 21:58:48:110,128585,170091
59.64,09-20-2026 21:58:48:120,128605,170108
59.65,09-20-2026 21:58:48:130,128611,170120
59.66,09-20-2026 21:58:48:140,128586,170103
59.67,09-20-2026 21:58:48:150,128598,170104
59.68,09-20-2026 21:58:48:160,128607,170118
59.69,09-20-2026 21:58:48:170,128592,170107
59.7,09-20-2026 21:58:48:180,128607,170101
59.71,09-20-2026 21:58:48:190,128603,170120
59.72,09-20-2026 21:58:48:200,128600,170100
59.73,09-20-2026 21:58:48:210,128599,170103
59.74,09-20-2026 21:58:48:220,128589,170099
59.75,09-20-2026 21:58:48:230,128598,170100
59.76,09-20-2026 21:58:48:240,128594,170102
59.77,09-20-2026 21:58:48:250,128608,170123
59.78,09-20-2026 21:58:48:260,128593,170111
59.79,09-20-2026 21:58:48:270,128595,170114
59.8,09-20-2026 21:58:48:280,128588,170101
59.81,09-20-2026 21:58:48:290,128593,170103
59.82,09-20-2026 21:58:48:300,128569,170100
59.83,09-20-2026 21:58:48:310,128588,170117
59.84,09-20-2026 21:58:48:320,128585,170109
59.85,09-20-2026 21:58:48:330,128592,170100
59.86,09-20-2026 21:58:48:340,128575,170095
59.87,09-20-2026 21:58:48:350,128589,170120
59.88,09-20-2026 21:58:48:360,128576,170112
59.89,09-20-2026 21:58:48:370,128575,170106
59.9,09-20-2026 21:58:48:380,128587,170103
59.91,09-20-2026 21:58:48:390,128605,170120
59.92,09-20-2026 21:58:48:400,128570,170133
59.93,09-20-2026 21:58:48:410,128584,170110
59.94,09-20-2026 21:58:48:420,128565,170108
59.95,09-20-2026 21:58:48:430,128584,170117
59.96,09-20-2026 21:58:48:440,128571,170126
59.97,09-20-2026 21:58:48:450,128596,170103
59.98,09-20-2026 21:58:48:460,128564,170118
59.99,09-20-2026 21:58:48:470,128590,170121
60,09-20-2026 21:58:48:480,128573,170138
60.01,09-20-2026 21:58:48:490,128620,170124
60.02,09-20-2026 21:58:48:500,128550,170128
60.03,09-20-2026 21:58:48:510,128587,170123
60.04,09-20-2026 21:58:48:520,128560,170137
60.05,09-20-2026 21:58:48:530,128586,170132
60.06,09-20-2026 21:58:48:540,128548,170133
60.07,09-20-2026 21:58:48:550,128590,170116
60.08,09-20-2026 21:58:48:560,128547,170119
60.09,09-20-2026 21:58:48:570,128586,170105
60.1,09-20-2026 21:58:48:580,128551,170103
60.11,09-20-2026 21:58:48:590,128578,170086
60.12,09-20-2026 21:58:48:600,128552,170089
60.13,09-20-2026 21:58:48:610,128586,170093
60.14,09-20-2026 21:58:48:620,128545,170065
60.15,09-20-2026 21:58:48:630,128582,170068
60.16,09-20-2026 21:58:48:640,128555,170067
60.17,09-20-2026 21:58:48:650,128572,170063
60.18,09-20-2026 21:58:48:660,128545,170058
60.19,09-20-2026 21:58:48:670,128574,170040
60.2,09-20-2026 21:58:48:680,128542,170057
60.21,09-20-2026 21:58:48:690,128581,170050
60.22,09-20-2026 21:58:48:700,128548,170033
60.23,09-20-2026 21:58:48:710,128575,170024
60.24,09-20-2026 21:58:48:720,128558,170018
60.25,09-20-2026 21:58:48:730,128575,170037
60.26,09-20-2026 21:58:48:740,128548,170024
60.27,09-20-2026 21:58:48:750,128580,170026
60.28,09-20-2026 21:58:48:760,128575,170013
60.29,09-20-2026 21:58:48:770,128554,170020
60.3,09-20-2026 21:58:48:780,128580,170023
60.31,09-20-2026 21:58:48:790,128573,170045
60.32,09-20-2026 21:58:48:800,128578,170028
60.33,09-20-2026 21:58:48:810,128548,169997
60.34,09-20-2026 21:58:48:820,128575,170015
60.35,09-20-2026 21:58:48:830,128572,169989
60.36,09-20-2026 21:58:48:840,128576,170011
60.37,09-20-2026 21:58:48:850,128557,169997
60.38,09-20-2026 21:58:48:860,128584,170009
60.39,09-20-2026 21:58:48:870,128552,170010
60.4,09-20-2026 21:58:48:880,128586,170016
60.41,09-20-2026 21:58:48:890,128580,169993
60.42,09-20-2026 21:58:48:900,128572,169997
60.43,09-20-2026 21:58:48:910,128570,169979
60.44,09-20-2026 21:58:48:920,128580,169983
60.45,09-20-2026 21:58:48:930,128551,170008
60.46,09-20-2026 21:58:48:940,128574,169983
60.47,09-20-2026 21:58:48:950,128558,169994
60.48,09-20-2026 21:58:48:960,128573,169986
60.49,09-20-2026 21:58:48:970,128563,170002
60.5,09-20-2026 21:58:48:980,128599,170004
60.51,09-20-2026 21:58:48:990,128561,169986
60.52,09-20-2026 21:58:49:000,128589,169983
60.53,09-20-2026 21:58:49:010,128554,170000
60.54,09-20-2026 21:58:49:020,128595,169994
60.55,09-20-2026 21:58:49:030,128570,169971
60.56,09-20-2026 21:58:49:040,128601,170022
60.57,09-20-2026 21:58:49:050,128552,170003
60.58,09-20-2026 21:58:49:060,128597,169992
60.59,09-20-2026 21:58:49:070,128556,169987
60.6,09-20-2026 21:58:49:080,128585,169998
60.61,09-20-2026 21:58:49:090,128551,170005
60.62,09-20-2026 21:58:49:100,128567,169984
60.63,09-20-2026 21:58:49:110,128570,169996
60.64,09-20-2026 21:58:49:120,128581,170009
60.65,09-20-2026 21:58:49:130,128562,170001
60.66,09-20-2026 21:58:49:140,128580,170005
60.67,09-20-2026 21:58:49:150,128550,170006
60.68,09-20-2026 21:58:49:160,128570,170000
60.69,09-20-2026 21:58:49:170,128552,170006
60.7,09-20-2026 21:58:49:180,128596,170022
60.71,09-20-2026 21:58:49:190,128554,169986
60.72,09-20-2026 21:58:49:200,128567,169993
60.73,09-20-2026 21:58:49:210,128556,169994
60.74,09-20-2026 21:58:49:220,128562,170013
60.75,09-20-2026 21:58:49:230,128547,170009
60.76,09-20-2026 21:58:49:240,128555,170028
60.77,09-20-2026 21:58:49:250,128556,170011
60.78,09-20-2026 21:58:49:260,128547,170030
60.79,09-20-2026 21:58:49:270,128545,170002
60.8,09-20-2026 21:58:49:280,128560,170028
60.81,09-20-2026 21:58:49:290,128538,170024
60.82,09-20-2026 21:58:49:300,128548,170024
60.83,09-20-2026 21:58:49:310,128555,170005
60.84,09-20-2026 21:58:49:320,128548,170025
60.85,09-20-2026 21:58:49:330,128531,169993
60.86,09-20-2026 21:58:49:340,128550,170019
60.87,09-20-2026 21:58:49:350,128563,169983
60.88,09-20-2026 21:58:49:360,128550,170022
60.89,09-20-2026 21:58:49:370,128563,170003
60.9,09-20-2026 21:58:49:380,128563,170003
60.91,09-20-2026 21:58:49:390,128557,170013
60.92,09-20-2026 21:58:49:400,128555,169972
60.93,09-20-2026 21:58:49:410,128560,169991
60.94,09-20-2026 21:58:49:420,128537,169950
60.95,09-20-2026 21:58:49:430,128549,169971
60.96,09-20-2026 21:58:49:440,128549,169919
60.97,09-20-2026 21:58:49:450,128564,169967
60.98,09-20-2026 21:58:49:460,128548,169943
60.99,09-20-2026 21:58:49:470,128552,169962
61,09-20-2026 21:58:49:480,128551,169918
61.01,09-20-2026 21:58:49:490,128533,169970
61.02,09-20-2026 21:58:49:500,128557,169927
61.03,09-20-2026 21:58:49:510,128549,169938
61.04,09-20-2026 21:58:49:520,128546,169903
61.05,09-20-2026 21:58:49:530,128526,169955
61.06,09-20-2026 21:58:49:540,128547,169904
61.07,09-20-2026 21:58:49:550,128546,169938
61.08,09-20-2026 21:58:49:560,128509,169871
61.09,09-20-2026 21:58:49:570,128540,169921
61.1,09-20-2026 21:58:49:580,128532,169892
61.11,09-20-2026 21:58:49:590,128534,169936
61.12,09-20-2026 21:58:49:600,128526,169884
61.13,09-20-2026 21:58:49:610,128530,169912
61.14,09-20-2026 21:58:49:620,128547,169907
61.15,09-20-2026 21:58:49:630,128542,169926
61.16,09-20-2026 21:58:49:640,128537,169878
61.17,09-20-2026 21:58:49:650,128538,169917
61.18,09-20-2026 21:58:49:660,128546,169881
61.19,09-20-2026 21:58:49:670,128515,169930
61.2,09-20-2026 21:58:49:680,128535,169889
61.21,09-20-2026 21:58:49:690,128529,169910
61.22,09-20-2026 21:58:49:700,128512,169902
61.23,09-20-2026 21:58:49:710,128543,169926
61.24,09-20-2026 21:58:49:720,128529,169893
61.25,09-20-2026 21:58:49:730,128530,169904
61.26,09-20-2026 21:58:49:740,128524,169892
61.27,09-20-2026 21:58:49:750,128521,169912
61.28,09-20-2026 21:58:49:760,128531,169917
61.29,09-20-2026 21:58:49:770,128540,169904
61.3,09-20-2026 21:58:49:780,128524,169904
61.31,09-20-2026 21:58:49:790,128529,169904
61.32,09-20-2026 21:58:49:800,128544,169929
61.33,09-20-2026 21:58:49:810,128525,169925
61.34,09-20-2026 21:58:49:820,128545,169904
61.35,09-20-2026 21:58:49:830,128530,169894
61.36,09-20-2026 21:58:49:840,128531,169922
61.37,09-20-2026 21:58:49:850,128531,169898
61.38,09-20-2026 21:58:49:860,128535,169916
61.39,09-20-2026 21:58:49:870,128532,169921
61.4,09-20-2026 21:58:49:880,128525,169915
61.41,09-20-2026 21:58:49:890,128524,169915
61.42,09-20-2026 21:58:49:900,128537,169927
61.43,09-20-2026 21:58:49:910,128538,169908
61.44,09-20-2026 21:58:49:920,128532,169928
61.45,09-20-2026 21:58:49:930,128527,169909
61.46,09-20-2026 21:58:49:940,128530,169946
61.47,09-20-2026 21:58:49:950,128544,169911
61.48,09-20-2026 21:58:49:960,128520,169951
61.49,09-20-2026 21:58:49:970,128540,169925
61.5,09-20-2026 21:58:49:980,128518,169955
61.51,09-20-2026 21:58:49:990,128520,169940
61.52,09-20-2026 21:58:50:000,128518,169949
61.53,09-20-2026 21:58:50:010,128530,169925
61.54,09-20-2026 21:58:50:020,128540,169967
61.55,09-20-2026 21:58:50:030,128540,169941
61.56,09-20-2026 21:58:50:040,128528,169963
61.57,09-20-2026 21:58:50:050,128541,169931
61.58,09-20-2026 21:58:50:060,128542,169961
61.59,09-20-2026 21:58:50:070,128523,169931
61.6,09-20-2026 21:58:50:080,128538,169982
61.61,09-20-2026 21:58:50:090,128543,169938
61.62,09-20-2026 21:58:50:100,128525,169943
61.63,09-20-2026 21:58:50:110,128532,169941
61.64,09-20-2026 21:58:50:120,128537,169960
61.65,09-20-2026 21:58:50:130,128537,169957
61.66,09-20-2026 21:58:50:140,128516,169979
61.67,09-20-2026 21:58:50:150,128547,169946
61.68,09-20-2026 21:58:50:160,128544,169980
61.69,09-20-2026 21:58:50:170,128543,169957
61.7,09-20-2026 21:58:50:180,128551,169982
61.71,09-20-2026 21:58:50:190,128547,169959
61.72,09-20-2026 21:58:50:200,128556,169986
61.73,09-20-2026 21:58:50:210,128553,169949
61.74,09-20-2026 21:58:50:220,128535,169954
61.75,09-20-2026 21:58:50:230,128536,169971
61.76,09-20-2026 21:58:50:240,128542,169974
61.77,09-20-2026 21:58:50:250,128519,169950
61.78,09-20-2026 21:58:50:260,128531,169965
61.79,09-20-2026 21:58:50:270,128547,169940
61.8,09-20-2026 21:58:50:280,128543,169929
61.81,09-20-2026 21:58:50:290,128530,169923
61.82,09-20-2026 21:58:50:300,128546,169935
61.83,09-20-2026 21:58:50:310,128538,169926
61.84,09-20-2026 21:58:50:320,128533,169949
61.85,09-20-2026 21:58:50:330,128521,169922
61.86,09-20-2026 21:58:50:340,128531,169919
61.87,09-20-2026 21:58:50:350,128536,169897
61.88,09-20-2026 21:58:50:360,128532,169910
61.89,09-20-2026 21:58:50:370,128531,169901
61.9,09-20-2026 21:58:50:380,128540,169905
61.91,09-20-2026 21:58:50:390,128532,169890
61.92,09-20-2026 21:58:50:400,128543,169918
61.93,09-20-2026 21:58:50:410,128533,169906
61.94,09-20-2026 21:58:50:420,128558,169885
61.95,09-20-2026 21:58:50:430,128530,169885
61.96,09-20-2026 21:58:50:440,128544,169878
61.97,09-20-2026 21:58:50:450,128527,169884
61.98,09-20-2026 21:58:50:460,128515,169894
61.99,09-20-2026 21:58:50:470,128525,169867
62,09-20-2026 21:58:50:480,128525,169883
62.01,09-20-2026 21:58:50:490,128526,169885
62.02,09-20-2026 21:58:50:500,128519,169887
62.03,09-20-2026 21:58:50:510,128532,169892
62.04,09-20-2026 21:58:50:520,128522,169890
62.05,09-20-2026 21:58:50:530,128541,169891
62.06,09-20-2026 21:58:50:540,128512,169885
62.07,09-20-2026 21:58:50:550,128529,169891
62.08,09-20-2026 21:58:50:560,128505,169877
62.09,09-20-2026 21:58:50:570,128523,169895
62.1,09-20-2026 21:58:50:580,128510,169892
62.11,09-20-2026 21:58:50:590,128522,169873
62.12,09-20-2026 21:58:50:600,128501,169874
62.13,09-20-2026 21:58:50:610,128519,169860
62.14,09-20-2026 21:58:50:620,128501,169863
62.15,09-20-2026 21:58:50:630,128529,169851
62.16,09-20-2026 21:58:50:640,128502,169870
62.17,09-20-2026 21:58:50:650,128521,169877
62.18,09-20-2026 21:58:50:660,128505,169865
62.19,09-20-2026 21:58:50:670,128518,169845
62.2,09-20-2026 21:58:50:680,128487,169869
62.21,09-20-2026 21:58:50:690,128519,169872
62.22,09-20-2026 21:58:50:700,128489,169853
62.23,09-20-2026 21:58:50:710,128538,169856
62.24,09-20-2026 21:58:50:720,128494,169877
62.25,09-20-2026 21:58:50:730,128538,169872
62.26,09-20-2026 21:58:50:740,128486,169886
62.27,09-20-2026 21:58:50:750,128530,169880
62.28,09-20-2026 21:58:50:760,128495,169889
62.29,09-20-2026 21:58:50:770,128533,169882
62.3,09-20-2026 21:58:50:780,128494,169870
62.31,09-20-2026 21:58:50:790,128537,169884
62.32,09-20-2026 21:58:50:800,128478,169879
62.33,09-20-2026 21:58:50:810,128516,169874
62.34,09-20-2026 21:58:50:820,128489,169867
62.35,09-20-2026 21:58:50:830,128513,169871
62.36,09-20-2026 21:58:50:840,128488,169896
62.37,09-20-2026 21:58:50:850,128521,169880
62.38,09-20-2026 21:58:50:860,128480,169892
62.39,09-20-2026 21:58:50:870,128527,169884
62.4,09-20-2026 21:58:50:880,128486,169893
62.41,09-20-2026 21:58:50:890,128521,169903
62.42,09-20-2026 21:58:50:900,128509,169893
62.43,09-20-2026 21:58:50:910,128521,169899
62.44,09-20-2026 21:58:50:920,128488,169892
62.45,09-20-2026 21:58:50:930,128518,169898
62.46,09-20-2026 21:58:50:940,128493,169891
62.47,09-20-2026 21:58:50:950,128529,169898
62.48,09-20-2026 21:58:50:960,128492,169906
62.49,09-20-2026 21:58:50:970,128523,169904
62.5,09-20-2026 21:58:50:980,128508,169907
62.51,09-20-2026 21:58:50:990,128530,169940
62.52,09-20-2026 21:58:51:000,128519,169935
62.53,09-20-2026 21:58:51:010,128538,169923
62.54,09-20-2026 21:58:51:020,128514,169920
62.55,09-20-2026 21:58:51:030,128532,169917
62.56,09-20-2026 21:58:51:040,128545,169910
62.57,09-20-2026 21:58:51:050,128522,169927
62.58,09-20-2026 21:58:51:060,128543,169906
62.59,09-20-2026 21:58:51:070,128524,169918
62.6,09-20-2026 21:58:51:080,128541,169913
62.61,09-20-2026 21:58:51:090,128536,169904
62.62,09-20-2026 21:58:51:100,128549,169891
62.63,09-20-2026 21:58:51:110,128541,169888
62.64,09-20-2026 21:58:51:120,128537,169867
62.65,09-20-2026 21:58:51:130,128521,169887
62.66,09-20-2026 21:58:51:140,128552,169876
62.67,09-20-2026 21:58:51:150,128544,169870
62.68,09-20-2026 21:58:51:160,128536,169880
62.69,09-20-2026 21:58:51:170,128539,169868
62.7,09-20-2026 21:58:51:180,128523,169858
62.71,09-20-2026 21:58:51:190,128543,169870
62.72,09-20-2026 21:58:51:200,128555,169877
62.73,09-20-2026 21:58:51:210,128532,169860
62.74,09-20-2026 21:58:51:220,128536,169859
62.75,09-20-2026 21:58:51:230,128526,169841
62.76,09-20-2026 21:58:51:240,128552,169851
62.77,09-20-2026 21:58:51:250,128531,169863
62.78,09-20-2026 21:58:51:260,128555,169831
62.79,09-20-2026 21:58:51:270,128533,169849
62.8,09-20-2026 21:58:51:280,128562,169835
62.81,09-20-2026 21:58:51:290,128521,169863
62.82,09-20-2026 21:58:51:300,128557,169852
62.83,09-20-2026 21:58:51:310,128529,169839
62.84,09-20-2026 21:58:51:320,128543,169837
62.85,09-20-2026 21:58:51:330,128518,169843
62.86,09-20-2026 21:58:51:340,128530,169828
62.87,09-20-2026 21:58:51:350,128538,169863
62.88,09-20-2026 21:58:51:360,128578,169854
62.89,09-20-2026 21:58:51:370,128532,169867
62.9,09-20-2026 21:58:51:380,128561,169834
62.91,09-20-2026 21:58:51:390,128534,169866
62.92,09-20-2026 21:58:51:400,128540,169843
62.93,09-20-2026 21:58:51:410,128529,169856
62.94,09-20-2026 21:58:51:420,128539,169853
62.95,09-20-2026 21:58:51:430,128531,169854
62.96,09-20-2026 21:58:51:440,128543,169861
62.97,09-20-2026 21:58:51:450,128523,169856
62.98,09-20-2026 21:58:51:460,128542,169850
62.99,09-20-2026 21:58:51:470,128515,169841
63,09-20-2026 21:58:51:480,128542,169860
63.01,09-20-2026 21:58:51:490,128529,169852
63.02,09-20-2026 21:58:51:500,128533,169856
63.03,09-20-2026 21:58:51:510,128529,169844
63.04,09-20-2026 21:58:51:520,128540,169869
63.05,09-20-2026 21:58:51:530,128522,169842
63.06,09-20-2026 21:58:51:540,128523,169853
63.07,09-20-2026 21:58:51:550,128541,169858
63.08,09-20-2026 21:58:51:560,128527,169861
63.09,09-20-2026 21:58:51:570,128519,169847
63.1,09-20-2026 21:58:51:580,128534,169857
63.11,09-20-2026 21:58:51:590,128524,169846
63.12,09-20-2026 21:58:51:600,128519,169853
63.13,09-20-2026 21:58:51:610,128529,169856
63.14,09-20-2026 21:58:51:620,128524,169864
63.15,09-20-2026 21:58:51:630,128534,169858
63.16,09-20-2026 21:58:51:640,128543,169876
63.17,09-20-2026 21:58:51:650,128529,169847
63.18,09-20-2026 21:58:51:660,128527,169874
63.19,09-20-2026 21:58:51:670,128541,169844
63.2,09-20-2026 21:58:51:680,128515,169867
63.21,09-20-2026 21:58:51:690,128546,169864
63.22,09-20-2026 21:58:51:700,128532,169871
63.23,09-20-2026 21:58:51:710,128536,169854
63.24,09-20-2026 21:58:51:720,128527,169890
63.25,09-20-2026 21:58:51:730,128545,169851
63.26,09-20-2026 21:58:51:740,128528,169892
63.27,09-20-2026 21:58:51:750,128524,169870
63.28,09-20-2026 21:58:51:760,128543,169886
63.29,09-20-2026 21:58:51:770,128523,169858
63.3,09-20-2026 21:58:51:780,128538,169890
63.31,09-20-2026 21:58:51:790,128538,169858
63.32,09-20-2026 21:58:51:800,128535,169909
63.33,09-20-2026 21:58:51:810,128531,169882
63.34,09-20-2026 21:58:51:820,128541,169920
63.35,09-20-2026 21:58:51:830,128550,169876
63.36,09-20-2026 21:58:51:840,128546,169899
63.37,09-20-2026 21:58:51:850,128547,169868
63.38,09-20-2026 21:58:51:860,128544,169910
63.39,09-20-2026 21:58:51:870,128541,169860
63.4,09-20-2026 21:58:51:880,128547,169927
63.41,09-20-2026 21:58:51:890,128545,169854
63.42,09-20-2026 21:58:51:900,128535,169915
63.43,09-20-2026 21:58:51:910,128546,169883
63.44,09-20-2026 21:58:51:920,128543,169939
63.45,09-20-2026 21:58:51:930,128561,169876
63.46,09-20-2026 21:58:51:940,128540,169928
63.47,09-20-2026 21:58:51:950,128533,169862
63.48,09-20-2026 21:58:51:960,128555,169908
63.49,09-20-2026 21:58:51:970,128557,169874
63.5,09-20-2026 21:58:51:980,128543,169897
63.51,09-20-2026 21:58:51:990,128544,169860
63.52,09-20-2026 21:58:52:000,128547,169895
63.53,09-20-2026 21:58:52:010,128536,169848
63.54,09-20-2026 21:58:52:020,128541,169893
63.55,09-20-2026 21:58:52:030,128545,169875
63.56,09-20-2026 21:58:52:040,128542,169901
63.57,09-20-2026 21:58:52:050,128540,169847
63.58,09-20-2026 21:58:52:060,128539,169870
63.59,09-20-2026 21:58:52:070,128543,169868
63.6,09-20-2026 21:58:52:080,128545,169883
63.61,09-20-2026 21:58:52:090,128534,169870
63.62,09-20-2026 21:58:52:100,128555,169863
63.63,09-20-2026 21:58:52:110,128548,169872
63.64,09-20-2026 21:58:52:120,128545,169879
63.65,09-20-2026 21:58:52:130,128546,169909
63.66,09-20-2026 21:58:52:140,128549,169882
63.67,09-20-2026 21:58:52:150,128547,169879
63.68,09-20-2026 21:58:52:160,128539,169870
63.69,09-20-2026 21:58:52:170,128554,169868
63.7,09-20-2026 21:58:52:180,128539,169882
63.71,09-20-2026 21:58:52:190,128538,169902
63.72,09-20-2026 21:58:52:200,128533,169883
63.73,09-20-2026 21:58:52:210,128567,169899
63.74,09-20-2026 21:58:52:220,128548,169863
63.75,09-20-2026 21:58:52:230,128545,169921
63.76,09-20-2026 21:58:52:240,128546,169876
63.77,09-20-2026 21:58:52:250,128559,169888
63.78,09-20-2026 21:58:52:260,128542,169854
63.79,09-20-2026 21:58:52:270,128539,169892
63.8,09-20-2026 21:58:52:280,128550,169892
63.81,09-20-2026 21:58:52:290,128549,169897
63.82,09-20-2026 21:58:52:300,128545,169858
63.83,09-20-2026 21:58:52:310,128545,169897
63.84,09-20-2026 21:58:52:320,128552,169891
63.85,09-20-2026 21:58:52:330,128545,169908
63.86,09-20-2026 21:58:52:340,128537,169885
63.87,09-20-2026 21:58:52:350,128547,169928
63.88,09-20-2026 21:58:52:360,128532,169882
63.89,09-20-2026 21:58:52:370,128543,169915
63.9,09-20-2026 21:58:52:380,128541,169880
63.91,09-20-2026 21:58:52:390,128538,169925
63.92,09-20-2026 21:58:52:400,128538,169884
63.93,09-20-2026 21:58:52:410,128553,169920
63.94,09-20-2026 21:58:52:420,128549,169906
63.95,09-20-2026 21:58:52:430,128548,169923
63.96,09-20-2026 21:58:52:440,128549,169901
63.97,09-20-2026 21:58:52:450,128549,169906
63.98,09-20-2026 21:58:52:460,128567,169910
63.99,09-20-2026 21:58:52:470,128565,169923
64,09-20-2026 21:58:52:480,128540,169904
64.01,09-20-2026 21:58:52:490,128561,169914
64.02,09-20-2026 21:58:52:500,128568,169909
64.03,09-20-2026 21:58:52:510,128560,169951
64.04,09-20-2026 21:58:52:520,128554,169916
64.05,09-20-2026 21:58:52:530,128553,169932
64.06,09-20-2026 21:58:52:540,128552,169920
64.07,09-20-2026 21:58:52:550,128547,169936
64.08,09-20-2026 21:58:52:560,128566,169936
64.09,09-20-2026 21:58:52:570,128533,169921
64.1,09-20-2026 21:58:52:580,128573,169926
64.11,09-20-2026 21:58:52:590,128554,169925
64.12,09-20-2026 21:58:52:600,128562,169943
64.13,09-20-2026 21:58:52:610,128565,169945
64.14,09-20-2026 21:58:52:620,128567,169952
64.15,09-20-2026 21:58:52:630,128555,169938
64.16,09-20-2026 21:58:52:640,128564,169954
64.17,09-20-2026 21:58:52:650,128557,169954
64.18,09-20-2026 21:58:52:660,128577,169959
64.19,09-20-2026 21:58:52:670,128561,169944
64.2,09-20-2026 21:58:52:680,128568,169962
64.21,09-20-2026 21:58:52:690,128573,169966
64.22,09-20-2026 21:58:52:700,128558,169970
64.23,09-20-2026 21:58:52:710,128567,169971
64.24,09-20-2026 21:58:52:720,128563,169968
64.25,09-20-2026 21:58:52:730,128562,169984
64.26,09-20-2026 21:58:52:740,128569,169975
64.27,09-20-2026 21:58:52:750,128591,169968
64.28,09-20-2026 21:58:52:760,128567,169990
64.29,09-20-2026 21:58:52:770,128581,169999
64.3,09-20-2026 21:58:52:780,128577,169990
64.31,09-20-2026 21:58:52:790,128592,169999
64.32,09-20-2026 21:58:52:800,128585,169999
64.33,09-20-2026 21:58:52:810,128577,169997
64.34,09-20-2026 21:58:52:820,128586,169973
64.35,09-20-2026 21:58:52:830,128568,170000
64.36,09-20-2026 21:58:52:840,128584,169984
64.37,09-20-2026 21:58:52:850,128587,169976
64.38,09-20-2026 21:58:52:860,128577,169971
64.39,09-20-2026 21:58:52:870,128567,169948
64.4,09-20-2026 21:58:52:880,128572,169970
64.41,09-20-2026 21:58:52:890,128573,169941
64.42,09-20-2026 21:58:52:900,128590,169953
64.43,09-20-2026 21:58:52:910,128581,169956
64.44,09-20-2026 21:58:52:920,128569,169950
64.45,09-20-2026 21:58:52:930,128552,169933
64.46,09-20-2026 21:58:52:940,128595,169946
64.47,09-20-2026 21:58:52:950,128566,169945
64.48,09-20-2026 21:58:52:960,128589,169951
64.49,09-20-2026 21:58:52:970,128555,169965
64.5,09-20-2026 21:58:52:980,128574,169930
64.51,09-20-2026 21:58:52:990,128560,169922
64.52,09-20-2026 21:58:53:000,128580,169940
64.53,09-20-2026 21:58:53:010,128566,169934
64.54,09-20-2026 21:58:53:020,128589,169922
64.55,09-20-2026 21:58:53:030,128537,169921
64.56,09-20-2026 21:58:53:040,128582,169955
64.57,09-20-2026 21:58:53:050,128547,169926
64.58,09-20-2026 21:58:53:060,128588,169944
64.59,09-20-2026 21:58:53:070,128540,169950
64.6,09-20-2026 21:58:53:080,128593,169928
64.61,09-20-2026 21:58:53:090,128550,169938
64.62,09-20-2026 21:58:53:100,128573,169947
64.63,09-20-2026 21:58:53:110,128541,169946
64.64,09-20-2026 21:58:53:120,128586,169936
64.65,09-20-2026 21:58:53:130,128543,169941
64.66,09-20-2026 21:58:53:140,128563,169942
64.67,09-20-2026 21:58:53:150,128527,169940
64.68,09-20-2026 21:58:53:160,128578,169947
64.69,09-20-2026 21:58:53:170,128526,169941
64.7,09-20-2026 21:58:53:180,128581,169949
64.71,09-20-2026 21:58:53:190,128526,169945
64.72,09-20-2026 21:58:53:200,128582,169948
64.73,09-20-2026 21:58:53:210,128525,169958
64.74,09-20-2026 21:58:53:220,128582,169952
64.75,09-20-2026 21:58:53:230,128539,169944
64.76,09-20-2026 21:58:53:240,128585,169963
64.77,09-20-2026 21:58:53:250,128553,169952
64.78,09-20-2026 21:58:53:260,128583,169955
64.79,09-20-2026 21:58:53:270,128542,169957
64.8,09-20-2026 21:58:53:280,128577,169960
64.81,09-20-2026 21:58:53:290,128563,169972
64.82,09-20-2026 21:58:53:300,128585,169947
64.83,09-20-2026 21:58:53:310,128561,169978
64.84,09-20-2026 21:58:53:320,128594,169976
64.85,09-20-2026 21:58:53:330,128570,169965
64.86,09-20-2026 21:58:53:340,128583,169993
64.87,09-20-2026 21:58:53:350,128580,169980
64.88,09-20-2026 21:58:53:360,128586,169980
64.89,09-20-2026 21:58:53:370,128598,169964
64.9,09-20-2026 21:58:53:380,128596,169984
64.91,09-20-2026 21:58:53:390,128590,169980
64.92,09-20-2026 21:58:53:400,128591,169990
64.93,09-20-2026 21:58:53:410,128606,169985
64.94,09-20-2026 21:58:53:420,128591,169973
64.95,09-20-2026 21:58:53:430,128604,169989
64.96,09-20-2026 21:58:53:440,128602,170000
64.97,09-20-2026 21:58:53:450,128604,169994
64.98,09-20-2026 21:58:53:460,128587,170014
64.99,09-20-2026 21:58:53:470,128606,169999
65,09-20-2026 21:58:53:480,128565,169996
65.01,09-20-2026 21:58:53:490,128611,169989
65.02,09-20-2026 21:58:53:500,128588,170009
65.03,09-20-2026 21:58:53:510,128601,170008
65.04,09-20-2026 21:58:53:520,128589,170014
65.05,09-20-2026 21:58:53:530,128631,170005
65.06,09-20-2026 21:58:53:540,128592,170016
65.07,09-20-2026 21:58:53:550,128626,170012
65.08,09-20-2026 21:58:53:560,128596,170007
65.09,09-20-2026 21:58:53:570,128642,170031
65.1,09-20-2026 21:58:53:580,128603,170040
65.11,09-20-2026 21:58:53:590,128644,170034
65.12,09-20-2026 21:58:53:600,128615,170056
65.13,09-20-2026 21:58:53:610,128630,170041
65.14,09-20-2026 21:58:53:620,128613,170038
65.15,09-20-2026 21:58:53:630,128640,170038
65.16,09-20-2026 21:58:53:640,128605,170029
65.17,09-20-2026 21:58:53:650,128630,170034
65.18,09-20-2026 21:58:53:660,128607,170011
65.19,09-20-2026 21:58:53:670,128632,170028
65.2,09-20-2026 21:58:53:680,128610,170018
65.21,09-20-2026 21:58:53:690,128631,170006
65.22,09-20-2026 21:58:53:700,128615,170021
65.23,09-20-2026 21:58:53:710,128639,169999
65.24,09-20-2026 21:58:53:720,128609,170028
65.25,09-20-2026 21:58:53:730,128617,170012
65.26,09-20-2026 21:58:53:740,128598,170011
65.27,09-20-2026 21:58:53:750,128623,170012
65.28,09-20-2026 21:58:53:760,128611,170007
65.29,09-20-2026 21:58:53:770,128620,169995
65.3,09-20-2026 21:58:53:780,128609,170000
65.31,09-20-2026 21:58:53:790,128629,169988
65.32,09-20-2026 21:58:53:800,128610,169987
65.33,09-20-2026 21:58:53:810,128610,169996
65.34,09-20-2026 21:58:53:820,128604,170000
65.35,09-20-2026 21:58:53:830,128586,169990
65.36,09-20-2026 21:58:53:840,128606,169984
65.37,09-20-2026 21:58:53:850,128601,169990
65.38,09-20-2026 21:58:53:860,128597,169984
65.39,09-20-2026 21:58:53:870,128620,169963
65.4,09-20-2026 21:58:53:880,128613,169987
65.41,09-20-2026 21:58:53:890,128602,169993
65.42,09-20-2026 21:58:53:900,128602,169975
65.43,09-20-2026 21:58:53:910,128615,169994
65.44,09-20-2026 21:58:53:920,128617,169981
65.45,09-20-2026 21:58:53:930,128614,169974
65.46,09-20-2026 21:58:53:940,128611,169988
65.47,09-20-2026 21:58:53:950,128620,169998
65.48,09-20-2026 21:58:53:960,128619,169976
65.49,09-20-2026 21:58:53:970,128601,170015
65.5,09-20-2026 21:58:53:980,128626,169969
65.51,09-20-2026 21:58:53:990,128610,170006
65.52,09-20-2026 21:58:54:000,128634,169971
65.53,09-20-2026 21:58:54:010,128617,170014
65.54,09-20-2026 21:58:54:020,128612,169987
65.55,09-20-2026 21:58:54:030,128610,170016
65.56,09-20-2026 21:58:54:040,128629,169987
65.57,09-20-2026 21:58:54:050,128630,170024
65.58,09-20-2026 21:58:54:060,128615,169994
65.59,09-20-2026 21:58:54:070,128634,170021
65.6,09-20-2026 21:58:54:080,128614,169982
65.61,09-20-2026 21:58:54:090,128617,170018
65.62,09-20-2026 21:58:54:100,128617,169994
65.63,09-20-2026 21:58:54:110,128619,170020
65.64,09-20-2026 21:58:54:120,128612,169967
65.65,09-20-2026 21:58:54:130,128624,170017
65.66,09-20-2026 21:58:54:140,128629,169962
65.67,09-20-2026 21:58:54:150,128611,170033
65.68,09-20-2026 21:58:54:160,128616,169992
65.69,09-20-2026 21:58:54:170,128637,170034
65.7,09-20-2026 21:58:54:180,128617,169974
65.71,09-20-2026 21:58:54:190,128623,170037
65.72,09-20-2026 21:58:54:200,128622,169968
65.73,09-20-2026 21:58:54:210,128615,170052
65.74,09-20-2026 21:58:54:220,128624,169996
65.75,09-20-2026 21:58:54:230,128621,170054
65.76,09-20-2026 21:58:54:240,128634,170032
65.77,09-20-2026 21:58:54:250,128621,170056
65.78,09-20-2026 21:58:54:260,128643,170023
65.79,09-20-2026 21:58:54:270,128634,170053
65.8,09-20-2026 21:58:54:280,128618,170021
65.81,09-20-2026 21:58:54:290,128635,170067
65.82,09-20-2026 21:58:54:300,128634,170046
65.83,09-20-2026 21:58:54:310,128640,170063
65.84,09-20-2026 21:58:54:320,128631,170047
65.85,09-20-2026 21:58:54:330,128632,170056
65.86,09-20-2026 21:58:54:340,128639,170052
65.87,09-20-2026 21:58:54:350,128637,170052
65.88,09-20-2026 21:58:54:360,128625,170074
65.89,09-20-2026 21:58:54:370,128621,170087
65.9,09-20-2026 21:58:54:380,128652,170102
65.91,09-20-2026 21:58:54:390,128627,170089
65.92,09-20-2026 21:58:54:400,128642,170091
65.93,09-20-2026 21:58:54:410,128642,170079
65.94,09-20-2026 21:58:54:420,128651,170117
65.95,09-20-2026 21:58:54:430,128627,170103
65.96,09-20-2026 21:58:54:440,128641,170105
65.97,09-20-2026 21:58:54:450,128634,170096
65.98,09-20-2026 21:58:54:460,128630,170112
65.99,09-20-2026 21:58:54:470,128632,170107
66,09-20-2026 21:58:54:480,128640,170116
66.01,09-20-2026 21:58:54:490,128626,170112
66.02,09-20-2026 21:58:54:500,128642,170139
66.03,09-20-2026 21:58:54:510,128641,170102
66.04,09-20-2026 21:58:54:520,128642,170090
66.05,09-20-2026 21:58:54:530,128639,170085
66.06,09-20-2026 21:58:54:540,128632,170117
66.07,09-20-2026 21:58:54:550,128644,170080
66.08,09-20-2026 21:58:54:560,128628,170113
66.09,09-20-2026 21:58:54:570,128644,170087
66.1,09-20-2026 21:58:54:580,128636,170089
66.11,09-20-2026 21:58:54:590,128629,170069
66.12,09-20-2026 21:58:54:600,128629,170122
66.13,09-20-2026 21:58:54:610,128638,170079
66.14,09-20-2026 21:58:54:620,128643,170117
66.15,09-20-2026 21:58:54:630,128637,170078
66.16,09-20-2026 21:58:54:640,128632,170093
66.17,09-20-2026 21:58:54:650,128632,170056
66.18,09-20-2026 21:58:54:660,128643,170081
66.19,09-20-2026 21:58:54:670,128653,170082
66.2,09-20-2026 21:58:54:680,128653,170116
66.21,09-20-2026 21:58:54:690,128649,170086
66.22,09-20-2026 21:58:54:700,128643,170083
66.23,09-20-2026 21:58:54:710,128647,170064
66.24,09-20-2026 21:58:54:720,128631,170067
66.25,09-20-2026 21:58:54:730,128644,170071
66.26,09-20-2026 21:58:54:740,128653,170092
66.27,09-20-2026 21:58:54:750,128646,170060
66.28,09-20-2026 21:58:54:760,128632,170091
66.29,09-20-2026 21:58:54:770,128637,170077
66.3,09-20-2026 21:58:54:780,128634,170094
66.31,09-20-2026 21:58:54:790,128658,170079
66.32,09-20-2026 21:58:54:800,128637,170080
66.33,09-20-2026 21:58:54:810,128647,170104
66.34,09-20-2026 21:58:54:820,128641,170085
66.35,09-20-2026 21:58:54:830,128645,170081
66.36,09-20-2026 21:58:54:840,128627,170073
66.37,09-20-2026 21:58:54:850,128647,170087
66.38,09-20-2026 21:58:54:860,128639,170092
66.39,09-20-2026 21:58:54:870,128649,170073
66.4,09-20-2026 21:58:54:880,128633,170089
66.41,09-20-2026 21:58:54:890,128643,170078
66.42,09-20-2026 21:58:54:900,128646,170085
66.43,09-20-2026 21:58:54:910,128647,170082
66.44,09-20-2026 21:58:54:920,128636,170091
66.45,09-20-2026 21:58:54:930,128647,170085
66.46,09-20-2026 21:58:54:940,128634,170098
66.47,09-20-2026 21:58:54:950,128649,170092
66.48,09-20-2026 21:58:54:960,128656,170070
66.49,09-20-2026 21:58:54:970,128654,170081
66.5,09-20-2026 21:58:54:980,128639,170092
66.51,09-20-2026 21:58:54:990,128635,170099
66.52,09-20-2026 21:58:55:000,128655,170098
66.53,09-20-2026 21:58:55:010,128663,170091
66.54,09-20-2026 21:58:55:020,128647,170099
66.55,09-20-2026 21:58:55:030,128647,170107
66.56,09-20-2026 21:58:55:040,128656,170115
66.57,09-20-2026 21:58:55:050,128654,170095
66.58,09-20-2026 21:58:55:060,128644,170125
66.59,09-20-2026 21:58:55:070,128664,170103
66.6,09-20-2026 21:58:55:080,128662,170122
66.61,09-20-2026 21:58:55:090,128674,170125
66.62,09-20-2026 21:58:55:100,128654,170110
66.63,09-20-2026 21:58:55:110,128669,170117
66.64,09-20-2026 21:58:55:120,128662,170120
66.65,09-20-2026 21:58:55:130,128651,170117
66.66,09-20-2026 21:58:55:140,128642,170106
66.67,09-20-2026 21:58:55:150,128662,170123
66.68,09-20-2026 21:58:55:160,128650,170136
66.69,09-20-2026 21:58:55:170,128656,170126
66.7,09-20-2026 21:58:55:180,128657,170131
66.71,09-20-2026 21:58:55:190,128672,170128
66.72,09-20-2026 21:58:55:200,128655,170145
66.73,09-20-2026 21:58:55:210,128662,170138
66.74,09-20-2026 21:58:55:220,128654,170155
66.75,09-20-2026 21:58:55:230,128662,170149
66.76,09-20-2026 21:58:55:240,128651,170140
66.77,09-20-2026 21:58:55:250,128650,170169
66.78,09-20-2026 21:58:55:260,128646,170152
66.79,09-20-2026 21:58:55:270,128670,170167
66.8,09-20-2026 21:58:55:280,128637,170166
66.81,09-20-2026 21:58:55:290,128674,170160
66.82,09-20-2026 21:58:55:300,128644,170171
66.83,09-20-2026 21:58:55:310,128673,170174
66.84,09-20-2026 21:58:55:320,128638,170166
66.85,09-20-2026 21:58:55:330,128658,170198
66.86,09-20-2026 21:58:55:340,128653,170172
66.87,09-20-2026 21:58:55:350,128673,170188
66.88,09-20-2026 21:58:55:360,128657,170192
66.89,09-20-2026 21:58:55:370,128678,170196
66.9,09-20-2026 21:58:55:380,128651,170196
66.91,09-20-2026 21:58:55:390,128687,170199
66.92,09-20-2026 21:58:55:400,128631,170202
66.93,09-20-2026 21:58:55:410,128674,170191
66.94,09-20-2026 21:58:55:420,128646,170207
66.95,09-20-2026 21:58:55:430,128677,170197
66.96,09-20-2026 21:58:55:440,128634,170196
66.97,09-20-2026 21:58:55:450,128676,170184
66.98,09-20-2026 21:58:55:460,128656,170180
66.99,09-20-2026 21:58:55:470,128691,170194
67,09-20-2026 21:58:55:480,128641,170188
67.01,09-20-2026 21:58:55:490,128690,170175
67.02,09-20-2026 21:58:55:500,128656,170173
67.03,09-20-2026 21:58:55:510,128682,170172
67.04,09-20-2026 21:58:55:520,128659,170166
67.05,09-20-2026 21:58:55:530,128682,170169
67.06,09-20-2026 21:58:55:540,128652,170164
67.07,09-20-2026 21:58:55:550,128681,170163
67.08,09-20-2026 21:58:55:560,128674,170161
67.09,09-20-2026 21:58:55:570,128680,170171
67.1,09-20-2026 21:58:55:580,128663,170167
67.11,09-20-2026 21:58:55:590,128666,170166
67.12,09-20-2026 21:58:55:600,128656,170169
67.13,09-20-2026 21:58:55:610,128695,170170
67.14,09-20-2026 21:58:55:620,128694,170153
67.15,09-20-2026 21:58:55:630,128682,170142
67.16,09-20-2026 21:58:55:640,128694,170159
67.17,09-20-2026 21:58:55:650,128678,170147
67.18,09-20-2026 21:58:55:660,128701,170138
67.19,09-20-2026 21:58:55:670,128671,170149
67.2,09-20-2026 21:58:55:680,128681,170153
67.21,09-20-2026 21:58:55:690,128684,170161
67.22,09-20-2026 21:58:55:700,128691,170157
67.23,09-20-2026 21:58:55:710,128690,170161
67.24,09-20-2026 21:58:55:720,128712,170151
67.25,09-20-2026 21:58:55:730,128713,170171
67.26,09-20-2026 21:58:55:740,128720,170143
67.27,09-20-2026 21:58:55:750,128688,170158
67.28,09-20-2026 21:58:55:760,128693,170166
67.29,09-20-2026 21:58:55:770,128673,170165
67.3,09-20-2026 21:58:55:780,128694,170159
67.31,09-20-2026 21:58:55:790,128690,170170
67.32,09-20-2026 21:58:55:800,128697,170163
67.33,09-20-2026 21:58:55:810,128682,170150
67.34,09-20-2026 21:58:55:820,128717,170165
67.35,09-20-2026 21:58:55:830,128685,170165
67.36,09-20-2026 21:58:55:840,128722,170171
67.37,09-20-2026 21:58:55:850,128690,170162
67.38,09-20-2026 21:58:55:860,128735,170171
67.39,09-20-2026 21:58:55:870,128690,170171
67.4,09-20-2026 21:58:55:880,128712,170184
67.41,09-20-2026 21:58:55:890,128695,170178
67.42,09-20-2026 21:58:55:900,128728,170168
67.43,09-20-2026 21:58:55:910,128684,170186
67.44,09-20-2026 21:58:55:920,128722,170193
67.45,09-20-2026 21:58:55:930,128676,170178
67.46,09-20-2026 21:58:55:940,128713,170205
67.47,09-20-2026 21:58:55:950,128703,170210
67.48,09-20-2026 21:58:55:960,128732,170171
67.49,09-20-2026 21:58:55:970,128693,170182
67.5,09-20-2026 21:58:55:980,128704,170191
67.51,09-20-2026 21:58:55:990,128691,170195
67.52,09-20-2026 21:58:56:000,128727,170196
67.53,09-20-2026 21:58:56:010,128706,170205
67.54,09-20-2026 21:58:56:020,128710,170196
67.55,09-20-2026 21:58:56:030,128698,170219
67.56,09-20-2026 21:58:56:040,128724,170218
67.57,09-20-2026 21:58:56:050,128688,170218
67.58,09-20-2026 21:58:56:060,128717,170225
67.59,09-20-2026 21:58:56:070,128698,170215
67.6,09-20-2026 21:58:56:080,128728,170206
67.61,09-20-2026 21:58:56:090,128699,170212
67.62,09-20-2026 21:58:56:100,128691,170239
67.63,09-20-2026 21:58:56:110,128704,170222
67.64,09-20-2026 21:58:56:120,128702,170230
67.65,09-20-2026 21:58:56:130,128707,170226
67.66,09-20-2026 21:58:56:140,128701,170218
67.67,09-20-2026 21:58:56:150,128705,170215
67.68,09-20-2026 21:58:56:160,128704,170236
67.69,09-20-2026 21:58:56:170,128712,170236
67.7,09-20-2026 21:58:56:180,128704,170237
67.71,09-20-2026 21:58:56:190,128705,170217
67.72,09-20-2026 21:58:56:200,128712,170250
67.73,09-20-2026 21:58:56:210,128716,170238
67.74,09-20-2026 21:58:56:220,128716,170249
67.75,09-20-2026 21:58:56:230,128715,170242
67.76,09-20-2026 21:58:56:240,128721,170258
67.77,09-20-2026 21:58:56:250,128713,170228
67.78,09-20-2026 21:58:56:260,128706,170257
67.79,09-20-2026 21:58:56:270,128710,170226
67.8,09-20-2026 21:58:56:280,128703,170265
67.81,09-20-2026 21:58:56:290,128710,170236
67.82,09-20-2026 21:58:56:300,128701,170268
67.83,09-20-2026 21:58:56:310,128725,170233
67.84,09-20-2026 21:58:56:320,128718,170262
67.85,09-20-2026 21:58:56:330,128713,170214
67.86,09-20-2026 21:58:56:340,128734,170246
67.87,09-20-2026 21:58:56:350,128716,170185
67.88,09-20-2026 21:58:56:360,128724,170238
67.89,09-20-2026 21:58:56:370,128720,170186
67.9,09-20-2026 21:58:56:380,128713,170234
67.91,09-20-2026 21:58:56:390,128709,170180
67.92,09-20-2026 21:58:56:400,128716,170244
67.93,09-20-2026 21:58:56:410,128725,170194
67.94,09-20-2026 21:58:56:420,128688,170215
67.95,09-20-2026 21:58:56:430,128717,170162
67.96,09-20-2026 21:58:56:440,128713,170233
67.97,09-20-2026 21:58:56:450,128703,170170
67.98,09-20-2026 21:58:56:460,128700,170209
67.99,09-20-2026 21:58:56:470,128700,170178
68,09-20-2026 21:58:56:480,128704,170219
68.01,09-20-2026 21:58:56:490,128723,170164
68.02,09-20-2026 21:58:56:500,128710,170214
68.03,09-20-2026 21:58:56:510,128704,170169
68.04,09-20-2026 21:58:56:520,128711,170220
68.05,09-20-2026 21:58:56:530,128714,170203
68.06,09-20-2026 21:58:56:540,128721,170226
68.07,09-20-2026 21:58:56:550,128722,170185
68.08,09-20-2026 21:58:56:560,128720,170222
68.09,09-20-2026 21:58:56:570,128704,170204
68.1,09-20-2026 21:58:56:580,128728,170243
68.11,09-20-2026 21:58:56:590,128720,170201
68.12,09-20-2026 21:58:56:600,128712,170224
68.13,09-20-2026 21:58:56:610,128701,170203
68.14,09-20-2026 21:58:56:620,128718,170237
68.15,09-20-2026 21:58:56:630,128723,170200
68.16,09-20-2026 21:58:56:640,128712,170216
68.17,09-20-2026 21:58:56:650,128716,170227
68.18,09-20-2026 21:58:56:660,128725,170220
68.19,09-20-2026 21:58:56:670,128710,170236
68.2,09-20-2026 21:58:56:680,128728,170229
68.21,09-20-2026 21:58:56:690,128719,170229
68.22,09-20-2026 21:58:56:700,128714,170224
68.23,09-20-2026 21:58:56:710,128720,170253
68.24,09-20-2026 21:58:56:720,128728,170221
68.25,09-20-2026 21:58:56:730,128713,170266
68.26,09-20-2026 21:58:56:740,128737,170237
68.27,09-20-2026 21:58:56:750,128720,170260
68.28,09-20-2026 21:58:56:760,128723,170240
68.29,09-20-2026 21:58:56:770,128729,170251
68.3,09-20-2026 21:58:56:780,128720,170243
68.31,09-20-2026 21:58:56:790,128736,170284
68.32,09-20-2026 21:58:56:800,128716,170242
68.33,09-20-2026 21:58:56:810,128731,170282
68.34,09-20-2026 21:58:56:820,128723,170249
68.35,09-20-2026 21:58:56:830,128734,170289
68.36,09-20-2026 21:58:56:840,128724,170259
68.37,09-20-2026 21:58:56:850,128733,170297
68.38,09-20-2026 21:58:56:860,128727,170276
68.39,09-20-2026 21:58:56:870,128739,170309
68.4,09-20-2026 21:58:56:880,128727,170281
68.41,09-20-2026 21:58:56:890,128725,170277
68.42,09-20-2026 21:58:56:900,128727,170256
68.43,09-20-2026 21:58:56:910,128722,170297
68.44,09-20-2026 21:58:56:920,128709,170263
68.45,09-20-2026 21:58:56:930,128713,170301
68.46,09-20-2026 21:58:56:940,128713,170277
68.47,09-20-2026 21:58:56:950,128710,170305
68.48,09-20-2026 21:58:56:960,128728,170267
68.49,09-20-2026 21:58:56:970,128729,170313
68.5,09-20-2026 21:58:56:980,128728,170282
68.51,09-20-2026 21:58:56:990,128729,170304
68.52,09-20-2026 21:58:57:000,128735,170282
68.53,09-20-2026 21:58:57:010,128733,170319
68.54,09-20-2026 21:58:57:020,128731,170286
68.55,09-20-2026 21:58:57:030,128737,170317
68.56,09-20-2026 21:58:57:040,128722,170289
68.57,09-20-2026 21:58:57:050,128729,170314
68.58,09-20-2026 21:58:57:060,128739,170301
68.59,09-20-2026 21:58:57:070,128734,170326
68.6,09-20-2026 21:58:57:080,128729,170296
68.61,09-20-2026 21:58:57:090,128744,170331
68.62,09-20-2026 21:58:57:100,128722,170310
68.63,09-20-2026 21:58:57:110,128726,170317
68.64,09-20-2026 21:58:57:120,128731,170315
68.65,09-20-2026 21:58:57:130,128747,170329
68.66,09-20-2026 21:58:57:140,128728,170323
68.67,09-20-2026 21:58:57:150,128727,170332
68.68,09-20-2026 21:58:57:160,128731,170312
68.69,09-20-2026 21:58:57:170,128743,170312
68.7,09-20-2026 21:58:57:180,128753,170317
68.71,09-20-2026 21:58:57:190,128739,170299
68.72,09-20-2026 21:58:57:200,128728,170287
68.73,09-20-2026 21:58:57:210,128725,170285
68.74,09-20-2026 21:58:57:220,128743,170278
68.75,09-20-2026 21:58:57:230,128742,170302
68.76,09-20-2026 21:58:57:240,128726,170284
68.77,09-20-2026 21:58:57:250,128712,170279
68.78,09-20-2026 21:58:57:260,128731,170285
68.79,09-20-2026 21:58:57:270,128728,170261
68.8,09-20-2026 21:58:57:280,128742,170273
68.81,09-20-2026 21:58:57:290,128745,170277
68.82,09-20-2026 21:58:57:300,128736,170257
68.83,09-20-2026 21:58:57:310,128748,170265
68.84,09-20-2026 21:58:57:320,128729,170259
68.85,09-20-2026 21:58:57:330,128737,170255
68.86,09-20-2026 21:58:57:340,128732,170262
68.87,09-20-2026 21:58:57:350,128725,170258
68.88,09-20-2026 21:58:57:360,128736,170246
68.89,09-20-2026 21:58:57:370,128708,170266
68.9,09-20-2026 21:58:57:380,128732,170249
68.91,09-20-2026 21:58:57:390,128712,170242
68.92,09-20-2026 21:58:57:400,128746,170250
68.93,09-20-2026 21:58:57:410,128711,170252
68.94,09-20-2026 21:58:57:420,128729,170249
68.95,09-20-2026 21:58:57:430,128716,170261
68.96,09-20-2026 21:58:57:440,128716,170246
68.97,09-20-2026 21:58:57:450,128718,170243
68.98,09-20-2026 21:58:57:460,128736,170247
68.99,09-20-2026 21:58:57:470,128707,170253
69,09-20-2026 21:58:57:480,128730,170242
69.01,09-20-2026 21:58:57:490,128703,170263
69.02,09-20-2026 21:58:57:500,128743,170261
69.03,09-20-2026 21:58:57:510,128721,170266
69.04,09-20-2026 21:58:57:520,128726,170262
69.05,09-20-2026 21:58:57:530,128728,170248
69.06,09-20-2026 21:58:57:540,128731,170264
69.07,09-20-2026 21:58:57:550,128717,170267
69.08,09-20-2026 21:58:57:560,128727,170278
69.09,09-20-2026 21:58:57:570,128697,170255
69.1,09-20-2026 21:58:57:580,128730,170264
69.11,09-20-2026 21:58:57:590,128701,170261
69.12,09-20-2026 21:58:57:600,128738,170288
69.13,09-20-2026 21:58:57:610,128707,170279
69.14,09-20-2026 21:58:57:620,128732,170271
69.15,09-20-2026 21:58:57:630,128693,170274
69.16,09-20-2026 21:58:57:640,128730,170283
69.17,09-20-2026 21:58:57:650,128690,170275
69.18,09-20-2026 21:58:57:660,128730,170283
69.19,09-20-2026 21:58:57:670,128674,170285
69.2,09-20-2026 21:58:57:680,128743,170271
69.21,09-20-2026 21:58:57:690,128691,170266
69.22,09-20-2026 21:58:57:700,128732,170277
69.23,09-20-2026 21:58:57:710,128661,170299
69.24,09-20-2026 21:58:57:720,128738,170282
69.25,09-20-2026 21:58:57:730,128691,170274
69.26,09-20-2026 21:58:57:740,128747,170307
69.27,09-20-2026 21:58:57:750,128701,170295
69.28,09-20-2026 21:58:57:760,128737,170277
69.29,09-20-2026 21:58:57:770,128726,170291
69.3,09-20-2026 21:58:57:780,128730,170298
69.31,09-20-2026 21:58:57:790,128719,170302
69.32,09-20-2026 21:58:57:800,128738,170315
69.33,09-20-2026 21:58:57:810,128737,170299
69.34,09-20-2026 21:58:57:820,128743,170301
69.35,09-20-2026 21:58:57:830,128719,170314
69.36,09-20-2026 21:58:57:840,128734,170324
69.37,09-20-2026 21:58:57:850,128725,170334
69.38,09-20-2026 21:58:57:860,128755,170318
69.39,09-20-2026 21:58:57:870,128740,170315
69.4,09-20-2026 21:58:57:880,128721,170316
69.41,09-20-2026 21:58:57:890,128756,170316
69.42,09-20-2026 21:58:57:900,128754,170343
69.43,09-20-2026 21:58:57:910,128741,170330
69.44,09-20-2026 21:58:57:920,128747,170335
69.45,09-20-2026 21:58:57:930,128744,170336
69.46,09-20-2026 21:58:57:940,128738,170325
69.47,09-20-2026 21:58:57:950,128751,170325
69.48,09-20-2026 21:58:57:960,128731,170333
69.49,09-20-2026 21:58:57:970,128746,170332
69.5,09-20-2026 21:58:57:980,128741,170337
69.51,09-20-2026 21:58:57:990,128763,170328
69.52,09-20-2026 21:58:58:000,128749,170352
69.53,09-20-2026 21:58:58:010,128756,170337
69.54,09-20-2026 21:58:58:020,128735,170341
69.55,09-20-2026 21:58:58:030,128762,170350
69.56,09-20-2026 21:58:58:040,128747,170353
69.57,09-20-2026 21:58:58:050,128777,170350
69.58,09-20-2026 21:58:58:060,128747,170349
69.59,09-20-2026 21:58:58:070,128763,170320
69.6,09-20-2026 21:58:58:080,128744,170340
69.61,09-20-2026 21:58:58:090,128768,170322
69.62,09-20-2026 21:58:58:100,128734,170315
69.63,09-20-2026 21:58:58:110,128777,170332
69.64,09-20-2026 21:58:58:120,128751,170322
69.65,09-20-2026 21:58:58:130,128771,170307
69.66,09-20-2026 21:58:58:140,128737,170312
69.67,09-20-2026 21:58:58:150,128778,170320
69.68,09-20-2026 21:58:58:160,128725,170309
69.69,09-20-2026 21:58:58:170,128783,170300
69.7,09-20-2026 21:58:58:180,128742,170291
69.71,09-20-2026 21:58:58:190,128774,170298
69.72,09-20-2026 21:58:58:200,128736,170289
69.73,09-20-2026 21:58:58:210,128775,170293
69.74,09-20-2026 21:58:58:220,128740,170272
69.75,09-20-2026 21:58:58:230,128761,170298
69.76,09-20-2026 21:58:58:240,128739,170275
69.77,09-20-2026 21:58:58:250,128752,170275
69.78,09-20-2026 21:58:58:260,128724,170296
69.79,09-20-2026 21:58:58:270,128778,170271
69.8,09-20-2026 21:58:58:280,128730,170271
69.81,09-20-2026 21:58:58:290,128766,170284
69.82,09-20-2026 21:58:58:300,128742,170276
69.83,09-20-2026 21:58:58:310,128754,170282
69.84,09-20-2026 21:58:58:320,128749,170292
69.85,09-20-2026 21:58:58:330,128755,170291
69.86,09-20-2026 21:58:58:340,128756,170282
69.87,09-20-2026 21:58:58:350,128752,170292
69.88,09-20-2026 21:58:58:360,128739,170270
69.89,09-20-2026 21:58:58:370,128728,170275
69.9,09-20-2026 21:58:58:380,128727,170286
69.91,09-20-2026 21:58:58:390,128728,170281
69.92,09-20-2026 21:58:58:400,128721,170262
69.93,09-20-2026 21:58:58:410,128721,170278
69.94,09-20-2026 21:58:58:420,128727,170243
69.95,09-20-2026 21:58:58:430,128710,170272
69.96,09-20-2026 21:58:58:440,128715,170257
69.97,09-20-2026 21:58:58:450,128731,170283
69.98,09-20-2026 21:58:58:460,128730,170258
69.99,09-20-2026 21:58:58:470,128737,170284
70,09-20-2026 21:58:58:480,128725,170270
70.01,09-20-2026 21:58:58:490,128728,170287
70.02,09-20-2026 21:58:58:500,128728,170269
70.03,09-20-2026 21:58:58:510,128733,170274
70.04,09-20-2026 21:58:58:520,128741,170251
70.05,09-20-2026 21:58:58:530,128723,170284
70.06,09-20-2026 21:58:58:540,128724,170263
70.07,09-20-2026 21:58:58:550,128725,170295
70.08,09-20-2026 21:58:58:560,128726,170250
70.09,09-20-2026 21:58:58:570,128727,170280
70.1,09-20-2026 21:58:58:580,128736,170265
70.11,09-20-2026 21:58:58:590,128745,170310
70.12,09-20-2026 21:58:58:600,128738,170230
70.13,09-20-2026 21:58:58:610,128731,170298
70.14,09-20-2026 21:58:58:620,128707,170248
70.15,09-20-2026 21:58:58:630,128716,170310
70.16,09-20-2026 21:58:58:640,128753,170239
70.17,09-20-2026 21:58:58:650,128740,170308
70.18,09-20-2026 21:58:58:660,128736,170236
70.19,09-20-2026 21:58:58:670,128734,170315
70.2,09-20-2026 21:58:58:680,128737,170267
70.21,09-20-2026 21:58:58:690,128729,170311
70.22,09-20-2026 21:58:58:700,128746,170250
70.23,09-20-2026 21:58:58:710,128729,170313
70.24,09-20-2026 21:58:58:720,128737,170269
70.25,09-20-2026 21:58:58:730,128735,170323
70.26,09-20-2026 21:58:58:740,128751,170272
70.27,09-20-2026 21:58:58:750,128733,170324
70.28,09-20-2026 21:58:58:760,128741,170286
70.29,09-20-2026 21:58:58:770,128723,170313
70.3,09-20-2026 21:58:58:780,128727,170292
70.31,09-20-2026 21:58:58:790,128727,170328
70.32,09-20-2026 21:58:58:800,128735,170296
70.33,09-20-2026 21:58:58:810,128721,170321
70.34,09-20-2026 21:58:58:820,128724,170312
70.35,09-20-2026 21:58:58:830,128719,170327
70.36,09-20-2026 21:58:58:840,128718,170319
70.37,09-20-2026 21:58:58:850,128740,170341
70.38,09-20-2026 21:58:58:860,128717,170320
70.39,09-20-2026 21:58:58:870,128726,170332
70.4,09-20-2026 21:58:58:880,128740,170359
70.41,09-20-2026 21:58:58:890,128727,170338
70.42,09-20-2026 21:58:58:900,128727,170347
70.43,09-20-2026 21:58:58:910,128727,170345
70.44,09-20-2026 21:58:58:920,128744,170358
70.45,09-20-2026 21:58:58:930,128739,170366
70.46,09-20-2026 21:58:58:940,128729,170344
70.47,09-20-2026 21:58:58:950,128732,170337
70.48,09-20-2026 21:58:58:960,128722,170354
70.49,09-20-2026 21:58:58:970,128714,170309
70.5,09-20-2026 21:58:58:980,128725,170331
70.51,09-20-2026 21:58:58:990,128725,170324
70.52,09-20-2026 21:58:59:000,128727,170323
70.53,09-20-2026 21:58:59:010,128731,170312
70.54,09-20-2026 21:58:59:020,128736,170328
70.55,09-20-2026 21:58:59:030,128719,170306
70.56,09-20-2026 21:58:59:040,128716,170315
70.57,09-20-2026 21:58:59:050,128715,170300
70.58,09-20-2026 21:58:59:060,128725,170325
70.59,09-20-2026 21:58:59:070,128715,170296
70.6,09-20-2026 21:58:59:080,128727,170325
70.61,09-20-2026 21:58:59:090,128729,170300
70.62,09-20-2026 21:58:59:100,128731,170313
70.63,09-20-2026 21:58:59:110,128717,170284
70.64,09-20-2026 21:58:59:120,128712,170329
70.65,09-20-2026 21:58:59:130,128722,170278
70.66,09-20-2026 21:58:59:140,128708,170322
70.67,09-20-2026 21:58:59:150,128711,170275
70.68,09-20-2026 21:58:59:160,128705,170315
70.69,09-20-2026 21:58:59:170,128711,170261
70.7,09-20-2026 21:58:59:180,128713,170306
70.71,09-20-2026 21:58:59:190,128715,170280
70.72,09-20-2026 21:58:59:200,128725,170303
70.73,09-20-2026 21:58:59:210,128726,170274
70.74,09-20-2026 21:58:59:220,128700,170311
70.75,09-20-2026 21:58:59:230,128716,170269
70.76,09-20-2026 21:58:59:240,128721,170316
70.77,09-20-2026 21:58:59:250,128729,170272
70.78,09-20-2026 21:58:59:260,128710,170299
70.79,09-20-2026 21:58:59:270,128724,170291
70.8,09-20-2026 21:58:59:280,128721,170307
70.81,09-20-2026 21:58:59:290,128702,170257
70.82,09-20-2026 21:58:59:300,128701,170282
70.83,09-20-2026 21:58:59:310,128706,170283
70.84,09-20-2026 21:58:59:320,128715,170279
70.85,09-20-2026 21:58:59:330,128717,170261
70.86,09-20-2026 21:58:59:340,128713,170274
70.87,09-20-2026 21:58:59:350,128708,170285
70.88,09-20-2026 21:58:59:360,128709,170283
70.89,09-20-2026 21:58:59:370,128698,170289
70.9,09-20-2026 21:58:59:380,128714,170274
70.91,09-20-2026 21:58:59:390,128699,170264
70.92,09-20-2026 21:58:59:400,128696,170272
70.93,09-20-2026 21:58:59:410,128714,170276
70.94,09-20-2026 21:58:59:420,128711,170280
70.95,09-20-2026 21:58:59:430,128701,170271
70.96,09-20-2026 21:58:59:440,128696,170294
70.97,09-20-2026 21:58:59:450,128706,170267
70.98,09-20-2026 21:58:59:460,128703,170292
70.99,09-20-2026 21:58:59:470,128699,170276
71,09-20-2026 21:58:59:480,128702,170260
71.01,09-20-2026 21:58:59:490,128707,170279
71.02,09-20-2026 21:58:59:500,128700,170269
71.03,09-20-2026 21:58:59:510,128715,170276
71.04,09-20-2026 21:58:59:520,128697,170291
71.05,09-20-2026 21:58:59:530,128705,170288
71.06,09-20-2026 21:58:59:540,128710,170285
71.07,09-20-2026 21:58:59:550,128701,170278
71.08,09-20-2026 21:58:59:560,128703,170273
71.09,09-20-2026 21:58:59:570,128695,170287
71.1,09-20-2026 21:58:59:580,128703,170286
71.11,09-20-2026 21:58:59:590,128701,170303
71.12,09-20-2026 21:58:59:600,128689,170290
71.13,09-20-2026 21:58:59:610,128713,170273
71.14,09-20-2026 21:58:59:620,128692,170291
71.15,09-20-2026 21:58:59:630,128709,170279
71.16,09-20-2026 21:58:59:640,128705,170289
71.17,09-20-2026 21:58:59:650,128713,170284
71.18,09-20-2026 21:58:59:660,128705,170296
71.19,09-20-2026 21:58:59:670,128711,170290
71.2,09-20-2026 21:58:59:680,128700,170307
71.21,09-20-2026 21:58:59:690,128703,170294
71.22,09-20-2026 21:58:59:700,128694,170301
71.23,09-20-2026 21:58:59:710,128698,170305
71.24,09-20-2026 21:58:59:720,128677,170314
71.25,09-20-2026 21:58:59:730,128728,170320
71.26,09-20-2026 21:58:59:740,128673,170311
71.27,09-20-2026 21:58:59:750,128707,170299
71.28,09-20-2026 21:58:59:760,128675,170312
71.29,09-20-2026 21:58:59:770,128707,170307
71.3,09-20-2026 21:58:59:780,128677,170312
71.31,09-20-2026 21:58:59:790,128704,170331
71.32,09-20-2026 21:58:59:800,128689,170306
71.33,09-20-2026 21:58:59:810,128711,170320
71.34,09-20-2026 21:58:59:820,128688,170303
71.35,09-20-2026 21:58:59:830,128705,170317
71.36,09-20-2026 21:58:59:840,128677,170311
71.37,09-20-2026 21:58:59:850,128720,170287
71.38,09-20-2026 21:58:59:860,128695,170286
71.39,09-20-2026 21:58:59:870,128710,170285
71.4,09-20-2026 21:58:59:880,128645,170290
71.41,09-20-2026 21:58:59:890,128683,170288
71.42,09-20-2026 21:58:59:900,128637,170276
71.43,09-20-2026 21:58:59:910,128704,170250
71.44,09-20-2026 21:58:59:920,128668,170261
71.45,09-20-2026 21:58:59:930,128699,170257
71.46,09-20-2026 21:58:59:940,128647,170266
71.47,09-20-2026 21:58:59:950,128690,170260
71.48,09-20-2026 21:58:59:960,128649,170263
71.49,09-20-2026 21:58:59:970,128688,170251
71.5,09-20-2026 21:58:59:980,128644,170246
71.51,09-20-2026 21:58:59:990,128689,170252
71.52,09-20-2026 21:59:00:000,128667,170264
71.53,09-20-2026 21:59:00:010,128692,170242
71.54,09-20-2026 21:59:00:020,128671,170233
71.55,09-20-2026 21:59:00:030,128695,170246
71.56,09-20-2026 21:59:00:040,128666,170253
71.57,09-20-2026 21:59:00:050,128685,170249
71.58,09-20-2026 21:59:00:060,128649,170244
71.59,09-20-2026 21:59:00:070,128701,170247
71.6,09-20-2026 21:59:00:080,128692,170231
71.61,09-20-2026 21:59:00:090,128709,170241
71.62,09-20-2026 21:59:00:100,128666,170248
71.63,09-20-2026 21:59:00:110,128710,170241
71.64,09-20-2026 21:59:00:120,128684,170230
71.65,09-20-2026 21:59:00:130,128689,170242
71.66,09-20-2026 21:59:00:140,128689,170246
71.67,09-20-2026 21:59:00:150,128692,170245
71.68,09-20-2026 21:59:00:160,128683,170229
71.69,09-20-2026 21:59:00:170,128696,170240
71.7,09-20-2026 21:59:00:180,128691,170230
71.71,09-20-2026 21:59:00:190,128685,170241
71.72,09-20-2026 21:59:00:200,128694,170245
71.73,09-20-2026 21:59:00:210,128675,170229
71.74,09-20-2026 21:59:00:220,128700,170248
71.75,09-20-2026 21:59:00:230,128687,170244
71.76,09-20-2026 21:59:00:240,128703,170220
71.77,09-20-2026 21:59:00:250,128687,170252
71.78,09-20-2026 21:59:00:260,128712,170241
71.79,09-20-2026 21:59:00:270,128689,170249
71.8,09-20-2026 21:59:00:280,128708,170248
71.81,09-20-2026 21:59:00:290,128682,170242
71.82,09-20-2026 21:59:00:300,128714,170231
71.83,09-20-2026 21:59:00:310,128688,170246
71.84,09-20-2026 21:59:00:320,128705,170235
71.85,09-20-2026 21:59:00:330,128689,170240
71.86,09-20-2026 21:59:00:340,128727,170259
71.87,09-20-2026 21:59:00:350,128682,170245
71.88,09-20-2026 21:59:00:360,128703,170240
71.89,09-20-2026 21:59:00:370,128681,170220
71.9,09-20-2026 21:59:00:380,128705,170232
71.91,09-20-2026 21:59:00:390,128671,170253
71.92,09-20-2026 21:59:00:400,128715,170242
71.93,09-20-2026 21:59:00:410,128676,170259
71.94,09-20-2026 21:59:00:420,128701,170249
71.95,09-20-2026 21:59:00:430,128672,170256
71.96,09-20-2026 21:59:00:440,128700,170255
71.97,09-20-2026 21:59:00:450,128676,170272
71.98,09-20-2026 21:59:00:460,128704,170266
71.99,09-20-2026 21:59:00:470,128680,170252
72,09-20-2026 21:59:00:480,128702,170268
72.01,09-20-2026 21:59:00:490,128681,170257
72.02,09-20-2026 21:59:00:500,128691,170266
72.03,09-20-2026 21:59:00:510,128669,170267
72.04,09-20-2026 21:59:00:520,128704,170270
72.05,09-20-2026 21:59:00:530,128671,170278
72.06,09-20-2026 21:59:00:540,128710,170244
72.07,09-20-2026 21:59:00:550,128670,170266
72.08,09-20-2026 21:59:00:560,128693,170271
72.09,09-20-2026 21:59:00:570,128677,170266
72.1,09-20-2026 21:59:00:580,128698,170272
72.11,09-20-2026 21:59:00:590,128684,170271
72.12,09-20-2026 21:59:00:600,128671,170286
72.13,09-20-2026 21:59:00:610,128670,170285
72.14,09-20-2026 21:59:00:620,128678,170282
72.15,09-20-2026 21:59:00:630,128669,170282
72.16,09-20-2026 21:59:00:640,128673,170287
72.17,09-20-2026 21:59:00:650,128672,170294
72.18,09-20-2026 21:59:00:660,128674,170280
72.19,09-20-2026 21:59:00:670,128680,170282
72.2,09-20-2026 21:59:00:680,128680,170282
72.21,09-20-2026 21:59:00:690,128684,170306
72.22,09-20-2026 21:59:00:700,128676,170290
72.23,09-20-2026 21:59:00:710,128680,170294
72.24,09-20-2026 21:59:00:720,128664,170269
72.25,09-20-2026 21:59:00:730,128667,170294
72.26,09-20-2026 21:59:00:740,128665,170284
72.27,09-20-2026 21:59:00:750,128668,170289
72.28,09-20-2026 21:59:00:760,128669,170256
72.29,09-20-2026 21:59:00:770,128655,170276
72.3,09-20-2026 21:59:00:780,128669,170250
72.31,09-20-2026 21:59:00:790,128673,170264
72.32,09-20-2026 21:59:00:800,128661,170208
72.33,09-20-2026 21:59:00:810,128664,170232
72.34,09-20-2026 21:59:00:820,128677,170229
72.35,09-20-2026 21:59:00:830,128664,170265
72.36,09-20-2026 21:59:00:840,128661,170208
72.37,09-20-2026 21:59:00:850,128660,170243
72.38,09-20-2026 21:59:00:860,128674,170225
72.39,09-20-2026 21:59:00:870,128681,170247
72.4,09-20-2026 21:59:00:880,128673,170208
72.41,09-20-2026 21:59:00:890,128666,170242
72.42,09-20-2026 21:59:00:900,128678,170173
72.43,09-20-2026 21:59:00:910,128663,170233
72.44,09-20-2026 21:59:00:920,128653,170164
72.45,09-20-2026 21:59:00:930,128670,170230
72.46,09-20-2026 21:59:00:940,128660,170176
72.47,09-20-2026 21:59:00:950,128671,170238
72.48,09-20-2026 21:59:00:960,128650,170169
72.49,09-20-2026 21:59:00:970,128653,170226
72.5,09-20-2026 21:59:00:980,128669,170170
72.51,09-20-2026 21:59:00:990,128664,170211
72.52,09-20-2026 21:59:01:000,128663,170171
72.53,09-20-2026 21:59:01:010,128645,170234
72.54,09-20-2026 21:59:01:020,128656,170169
72.55,09-20-2026 21:59:01:030,128665,170234
72.56,09-20-2026 21:59:01:040,128670,170196
72.57,09-20-2026 21:59:01:050,128657,170216
72.58,09-20-2026 21:59:01:060,128662,170205
72.59,09-20-2026 21:59:01:070,128661,170237
72.6,09-20-2026 21:59:01:080,128664,170177
72.61,09-20-2026 21:59:01:090,128644,170209
72.62,09-20-2026 21:59:01:100,128654,170199
72.63,09-20-2026 21:59:01:110,128654,170219
72.64,09-20-2026 21:59:01:120,128657,170212
72.65,09-20-2026 21:59:01:130,128648,170224
72.66,09-20-2026 21:59:01:140,128653,170207
72.67,09-20-2026 21:59:01:150,128646,170223
72.68,09-20-2026 21:59:01:160,128664,170211
72.69,09-20-2026 21:59:01:170,128662,170227
72.7,09-20-2026 21:59:01:180,128661,170227
72.71,09-20-2026 21:59:01:190,128665,170226
72.72,09-20-2026 21:59:01:200,128660,170234
72.73,09-20-2026 21:59:01:210,128652,170222
72.74,09-20-2026 21:59:01:220,128648,170248
72.75,09-20-2026 21:59:01:230,128655,170224
72.76,09-20-2026 21:59:01:240,128661,170241
72.77,09-20-2026 21:59:01:250,128659,170232
72.78,09-20-2026 21:59:01:260,128653,170247
72.79,09-20-2026 21:59:01:270,128640,170246
72.8,09-20-2026 21:59:01:280,128647,170256
72.81,09-20-2026 21:59:01:290,128659,170248
72.82,09-20-2026 21:59:01:300,128649,170248
72.83,09-20-2026 21:59:01:310,128635,170221
72.84,09-20-2026 21:59:01:320,128639,170258
72.85,09-20-2026 21:59:01:330,128643,170259
72.86,09-20-2026 21:59:01:340,128656,170264
72.87,09-20-2026 21:59:01:350,128647,170231
72.88,09-20-2026 21:59:01:360,128646,170264
72.89,09-20-2026 21:59:01:370,128640,170233
72.9,09-20-2026 21:59:01:380,128642,170271
72.91,09-20-2026 21:59:01:390,128656,170256
72.92,09-20-2026 21:59:01:400,128653,170274
72.93,09-20-2026 21:59:01:410,128648,170229
72.94,09-20-2026 21:59:01:420,128648,170274
72.95,09-20-2026 21:59:01:430,128655,170257
72.96,09-20-2026 21:59:01:440,128641,170289
72.97,09-20-2026 21:59:01:450,128649,170258
72.98,09-20-2026 21:59:01:460,128645,170277
72.99,09-20-2026 21:59:01:470,128648,170276
73,09-20-2026 21:59:01:480,128638,170302
73.01,09-20-2026 21:59:01:490,128654,170273
73.02,09-20-2026 21:59:01:500,128651,170307
73.03,09-20-2026 21:59:01:510,128646,170263
73.04,09-20-2026 21:59:01:520,128643,170274
73.05,09-20-2026 21:59:01:530,128653,170253
73.06,09-20-2026 21:59:01:540,128653,170300
73.07,09-20-2026 21:59:01:550,128640,170278
73.08,09-20-2026 21:59:01:560,128656,170304
73.09,09-20-2026 21:59:01:570,128660,170302
73.1,09-20-2026 21:59:01:580,128652,170314
73.11,09-20-2026 21:59:01:590,128644,170286
73.12,09-20-2026 21:59:01:600,128654,170313
73.13,09-20-2026 21:59:01:610,128655,170285
73.14,09-20-2026 21:59:01:620,128651,170323
73.15,09-20-2026 21:59:01:630,128653,170284
73.16,09-20-2026 21:59:01:640,128646,170305
73.17,09-20-2026 21:59:01:650,128666,170312
73.18,09-20-2026 21:59:01:660,128642,170303
73.19,09-20-2026 21:59:01:670,128653,170301
73.2,09-20-2026 21:59:01:680,128679,170306
73.21,09-20-2026 21:59:01:690,128645,170324
73.22,09-20-2026 21:59:01:700,128652,170312
73.23,09-20-2026 21:59:01:710,128630,170324
73.24,09-20-2026 21:59:01:720,128648,170302
73.25,09-20-2026 21:59:01:730,128631,170321
73.26,09-20-2026 21:59:01:740,128663,170304
73.27,09-20-2026 21:59:01:750,128652,170299
73.28,09-20-2026 21:59:01:760,128638,170289
73.29,09-20-2026 21:59:01:770,128659,170287
73.3,09-20-2026 21:59:01:780,128630,170284
73.31,09-20-2026 21:59:01:790,128649,170282
73.32,09-20-2026 21:59:01:800,128650,170299
73.33,09-20-2026 21:59:01:810,128653,170301
73.34,09-20-2026 21:59:01:820,128655,170272
73.35,09-20-2026 21:59:01:830,128655,170294
73.36,09-20-2026 21:59:01:840,128641,170276
73.37,09-20-2026 21:59:01:850,128635,170275
73.38,09-20-2026 21:59:01:860,128636,170259
73.39,09-20-2026 21:59:01:870,128653,170275
73.4,09-20-2026 21:59:01:880,128654,170260
73.41,09-20-2026 21:59:01:890,128648,170260
73.42,09-20-2026 21:59:01:900,128644,170254
73.43,09-20-2026 21:59:01:910,128641,170269
73.44,09-20-2026 21:59:01:920,128651,170276
73.45,09-20-2026 21:59:01:930,128643,170271
73.46,09-20-2026 21:59:01:940,128636,170259
73.47,09-20-2026 21:59:01:950,128646,170263
73.48,09-20-2026 21:59:01:960,128620,170270
73.49,09-20-2026 21:59:01:970,128632,170252
73.5,09-20-2026 21:59:01:980,128627,170265
73.51,09-20-2026 21:59:01:990,128631,170248
73.52,09-20-2026 21:59:02:000,128631,170259
73.53,09-20-2026 21:59:02:010,128633,170258
73.54,09-20-2026 21:59:02:020,128626,170273
73.55,09-20-2026 21:59:02:030,128637,170271
73.56,09-20-2026 21:59:02:040,128631,170266
73.57,09-20-2026 21:59:02:050,128624,170264
73.58,09-20-2026 21:59:02:060,128601,170262
73.59,09-20-2026 21:59:02:070,128619,170258
73.6,09-20-2026 21:59:02:080,128622,170260
73.61,09-20-2026 21:59:02:090,128641,170251
73.62,09-20-2026 21:59:02:100,128611,170260
73.63,09-20-2026 21:59:02:110,128640,170254
73.64,09-20-2026 21:59:02:120,128596,170270
73.65,09-20-2026 21:59:02:130,128633,170263
73.66,09-20-2026 21:59:02:140,128602,170259
73.67,09-20-2026 21:59:02:150,128629,170262
73.68,09-20-2026 21:59:02:160,128596,170260
73.69,09-20-2026 21:59:02:170,128611,170261
73.7,09-20-2026 21:59:02:180,128604,170253
73.71,09-20-2026 21:59:02:190,128638,170277
73.72,09-20-2026 21:59:02:200,128592,170255
73.73,09-20-2026 21:59:02:210,128624,170265
73.74,09-20-2026 21:59:02:220,128589,170294
73.75,09-20-2026 21:59:02:230,128622,170273
73.76,09-20-2026 21:59:02:240,128584,170276
73.77,09-20-2026 21:59:02:250,128657,170263
73.78,09-20-2026 21:59:02:260,128585,170274
73.79,09-20-2026 21:59:02:270,128640,170288
73.8,09-20-2026 21:59:02:280,128577,170283
73.81,09-20-2026 21:59:02:290,128623,170283
73.82,09-20-2026 21:59:02:300,128598,170276
73.83,09-20-2026 21:59:02:310,128635,170285
73.84,09-20-2026 21:59:02:320,128588,170288
73.85,09-20-2026 21:59:02:330,128641,170293
73.86,09-20-2026 21:59:02:340,128614,170298
73.87,09-20-2026 21:59:02:350,128647,170304
73.88,09-20-2026 21:59:02:360,128618,170302
73.89,09-20-2026 21:59:02:370,128631,170302
73.9,09-20-2026 21:59:02:380,128630,170290
73.91,09-20-2026 21:59:02:390,128645,170308
73.92,09-20-2026 21:59:02:400,128610,170323
73.93,09-20-2026 21:59:02:410,128641,170310
73.94,09-20-2026 21:59:02:420,128642,170306
73.95,09-20-2026 21:59:02:430,128642,170317
73.96,09-20-2026 21:59:02:440,128626,170326
73.97,09-20-2026 21:59:02:450,128643,170330
73.98,09-20-2026 21:59:02:460,128638,170317
73.99,09-20-2026 21:59:02:470,128652,170323
74,09-20-2026 21:59:02:480,128661,170315
74.01,09-20-2026 21:59:02:490,128658,170329
74.02,09-20-2026 21:59:02:500,128658,170326
74.03,09-20-2026 21:59:02:510,128657,170324
74.04,09-20-2026 21:59:02:520,128657,170316
74.05,09-20-2026 21:59:02:530,128647,170322
74.06,09-20-2026 21:59:02:540,128670,170350
74.07,09-20-2026 21:59:02:550,128646,170341
74.08,09-20-2026 21:59:02:560,128661,170335
74.09,09-20-2026 21:59:02:570,128661,170337
74.1,09-20-2026 21:59:02:580,128651,170326
74.11,09-20-2026 21:59:02:590,128641,170323
74.12,09-20-2026 21:59:02:600,128665,170315
74.13,09-20-2026 21:59:02:610,128649,170303
74.14,09-20-2026 21:59:02:620,128648,170309
74.15,09-20-2026 21:59:02:630,128651,170277
74.16,09-20-2026 21:59:02:640,128663,170288
74.17,09-20-2026 21:59:02:650,128640,170308
74.18,09-20-2026 21:59:02:660,128646,170288
74.19,09-20-2026 21:59:02:670,128643,170292
74.2,09-20-2026 21:59:02:680,128662,170282
74.21,09-20-2026 21:59:02:690,128631,170301
74.22,09-20-2026 21:59:02:700,128665,170285
74.23,09-20-2026 21:59:02:710,128625,170297
74.24,09-20-2026 21:59:02:720,128668,170285
74.25,09-20-2026 21:59:02:730,128627,170297
74.26,09-20-2026 21:59:02:740,128669,170298
74.27,09-20-2026 21:59:02:750,128635,170272
74.28,09-20-2026 21:59:02:760,128679,170264
74.29,09-20-2026 21:59:02:770,128634,170270
74.3,09-20-2026 21:59:02:780,128662,170285
74.31,09-20-2026 21:59:02:790,128630,170277
74.32,09-20-2026 21:59:02:800,128653,170275
74.33,09-20-2026 21:59:02:810,128626,170254
74.34,09-20-2026 21:59:02:820,128644,170283
74.35,09-20-2026 21:59:02:830,128623,170270
74.36,09-20-2026 21:59:02:840,128645,170269
74.37,09-20-2026 21:59:02:850,128632,170266
74.38,09-20-2026 21:59:02:860,128643,170274
74.39,09-20-2026 21:59:02:870,128623,170289
74.4,09-20-2026 21:59:02:880,128646,170279
74.41,09-20-2026 21:59:02:890,128654,170277
74.42,09-20-2026 21:59:02:900,128648,170273
74.43,09-20-2026 21:59:02:910,128624,170296
74.44,09-20-2026 21:59:02:920,128655,170268
74.45,09-20-2026 21:59:02:930,128620,170277
74.46,09-20-2026 21:59:02:940,128634,170277
74.47,09-20-2026 21:59:02:950,128635,170286
74.48,09-20-2026 21:59:02:960,128629,170282
74.49,09-20-2026 21:59:02:970,128621,170283
74.5,09-20-2026 21:59:02:980,128626,170307
74.51,09-20-2026 21:59:02:990,128624,170294
74.52,09-20-2026 21:59:03:000,128623,170299
74.53,09-20-2026 21:59:03:010,128623,170288
74.54,09-20-2026 21:59:03:020,128649,170304
74.55,09-20-2026 21:59:03:030,128644,170286
74.56,09-20-2026 21:59:03:040,128636,170296
74.57,09-20-2026 21:59:03:050,128646,170280
74.58,09-20-2026 21:59:03:060,128631,170278
74.59,09-20-2026 21:59:03:070,128629,170285
74.6,09-20-2026 21:59:03:080,128639,170300
74.61,09-20-2026 21:59:03:090,128631,170268
74.62,09-20-2026 21:59:03:100,128621,170316
74.63,09-20-2026 21:59:03:110,128634,170300
74.64,09-20-2026 21:59:03:120,128631,170319
74.65,09-20-2026 21:59:03:130,128638,170291
74.66,09-20-2026 21:59:03:140,128640,170308
74.67,09-20-2026 21:59:03:150,128625,170290
74.68,09-20-2026 21:59:03:160,128633,170307
74.69,09-20-2026 21:59:03:170,128644,170284
74.7,09-20-2026 21:59:03:180,128638,170328
74.71,09-20-2026 21:59:03:190,128635,170283
74.72,09-20-2026 21:59:03:200,128645,170316
74.73,09-20-2026 21:59:03:210,128646,170293
74.74,09-20-2026 21:59:03:220,128644,170340
74.75,09-20-2026 21:59:03:230,128629,170289
74.76,09-20-2026 21:59:03:240,128638,170338
74.77,09-20-2026 21:59:03:250,128655,170303
74.78,09-20-2026 21:59:03:260,128646,170340
74.79,09-20-2026 21:59:03:270,128633,170298
74.8,09-20-2026 21:59:03:280,128645,170337
74.81,09-20-2026 21:59:03:290,128650,170305
74.82,09-20-2026 21:59:03:300,128642,170339
74.83,09-20-2026 21:59:03:310,128646,170311
74.84,09-20-2026 21:59:03:320,128633,170352
74.85,09-20-2026 21:59:03:330,128638,170293
74.86,09-20-2026 21:59:03:340,128634,170352
74.87,09-20-2026 21:59:03:350,128644,170325
74.88,09-20-2026 21:59:03:360,128635,170344
74.89,09-20-2026 21:59:03:370,128638,170321
74.9,09-20-2026 21:59:03:380,128647,170364
74.91,09-20-2026 21:59:03:390,128641,170344
74.92,09-20-2026 21:59:03:400,128659,170389
74.93,09-20-2026 21:59:03:410,128642,170337
74.94,09-20-2026 21:59:03:420,128650,170376
74.95,09-20-2026 21:59:03:430,128654,170353
74.96,09-20-2026 21:59:03:440,128657,170365
74.97,09-20-2026 21:59:03:450,128644,170350
74.98,09-20-2026 21:59:03:460,128654,170386
74.99,09-20-2026 21:59:03:470,128642,170381
75,09-20-2026 21:59:03:480,128640,170382
75.01,09-20-2026 21:59:03:490,128645,170362
75.02,09-20-2026 21:59:03:500,128634,170377
75.03,09-20-2026 21:59:03:510,128645,170361
75.04,09-20-2026 21:59:03:520,128639,170368
75.05,09-20-2026 21:59:03:530,128662,170370
75.06,09-20-2026 21:59:03:540,128641,170349
75.07,09-20-2026 21:59:03:550,128651,170354
75.08,09-20-2026 21:59:03:560,128642,170345
75.09,09-20-2026 21:59:03:570,128660,170370
75.1,09-20-2026 21:59:03:580,128642,170326
75.11,09-20-2026 21:59:03:590,128640,170363
75.12,09-20-2026 21:59:03:600,128643,170345
75.13,09-20-2026 21:59:03:610,128644,170361
75.14,09-20-2026 21:59:03:620,128631,170344
75.15,09-20-2026 21:59:03:630,128636,170358
75.16,09-20-2026 21:59:03:640,128643,170329
75.17,09-20-2026 21:59:03:650,128626,170360
75.18,09-20-2026 21:59:03:660,128645,170333
75.19,09-20-2026 21:59:03:670,128634,170345
75.2,09-20-2026 21:59:03:680,128632,170325
75.21,09-20-2026 21:59:03:690,128632,170356
75.22,09-20-2026 21:59:03:700,128638,170335
75.23,09-20-2026 21:59:03:710,128641,170339
75.24,09-20-2026 21:59:03:720,128640,170327
75.25,09-20-2026 21:59:03:730,128637,170362
75.26,09-20-2026 21:59:03:740,128620,170326
75.27,09-20-2026 21:59:03:750,128633,170353
75.28,09-20-2026 21:59:03:760,128639,170334
75.29,09-20-2026 21:59:03:770,128643,170357
75.3,09-20-2026 21:59:03:780,128647,170318
75.31,09-20-2026 21:59:03:790,128643,170367
75.32,09-20-2026 21:59:03:800,128646,170350
75.33,09-20-2026 21:59:03:810,128648,170376
75.34,09-20-2026 21:59:03:820,128626,170323
75.35,09-20-2026 21:59:03:830,128629,170363
75.36,09-20-2026 21:59:03:840,128645,170339
75.37,09-20-2026 21:59:03:850,128641,170348
75.38,09-20-2026 21:59:03:860,128630,170331
75.39,09-20-2026 21:59:03:870,128631,170353
75.4,09-20-2026 21:59:03:880,128639,170330
75.41,09-20-2026 21:59:03:890,128644,170352
75.42,09-20-2026 21:59:03:900,128626,170349
75.43,09-20-2026 21:59:03:910,128647,170360
75.44,09-20-2026 21:59:03:920,128644,170328
75.45,09-20-2026 21:59:03:930,128649,170350
75.46,09-20-2026 21:59:03:940,128634,170352
75.47,09-20-2026 21:59:03:950,128632,170355
75.48,09-20-2026 21:59:03:960,128641,170355
75.49,09-20-2026 21:59:03:970,128632,170383
75.5,09-20-2026 21:59:03:980,128628,170354
75.51,09-20-2026 21:59:03:990,128632,170358
75.52,09-20-2026 21:59:04:000,128636,170354
75.53,09-20-2026 21:59:04:010,128644,170357
75.54,09-20-2026 21:59:04:020,128639,170344
75.55,09-20-2026 21:59:04:030,128624,170368
75.56,09-20-2026 21:59:04:040,128645,170346
75.57,09-20-2026 21:59:04:050,128636,170362
75.58,09-20-2026 21:59:04:060,128634,170358
75.59,09-20-2026 21:59:04:070,128634,170340
75.6,09-20-2026 21:59:04:080,128642,170353
75.61,09-20-2026 21:59:04:090,128620,170364
75.62,09-20-2026 21:59:04:100,128646,170366
75.63,09-20-2026 21:59:04:110,128641,170376
75.64,09-20-2026 21:59:04:120,128635,170373
75.65,09-20-2026 21:59:04:130,128648,170364
75.66,09-20-2026 21:59:04:140,128651,170356
75.67,09-20-2026 21:59:04:150,128634,170379
75.68,09-20-2026 21:59:04:160,128633,170378
75.69,09-20-2026 21:59:04:170,128657,170369
75.7,09-20-2026 21:59:04:180,128656,170394
75.71,09-20-2026 21:59:04:190,128642,170387
75.72,09-20-2026 21:59:04:200,128647,170369
75.73,09-20-2026 21:59:04:210,128639,170383
75.74,09-20-2026 21:59:04:220,128648,170380
75.75,09-20-2026 21:59:04:230,128636,170375
75.76,09-20-2026 21:59:04:240,128641,170402
75.77,09-20-2026 21:59:04:250,128643,170394
75.78,09-20-2026 21:59:04:260,128648,170393
75.79,09-20-2026 21:59:04:270,128649,170409
75.8,09-20-2026 21:59:04:280,128632,170393
75.81,09-20-2026 21:59:04:290,128628,170394
75.82,09-20-2026 21:59:04:300,128654,170402
75.83,09-20-2026 21:59:04:310,128646,170419
75.84,09-20-2026 21:59:04:320,128650,170407
75.85,09-20-2026 21:59:04:330,128653,170402
75.86,09-20-2026 21:59:04:340,128650,170427
75.87,09-20-2026 21:59:04:350,128620,170421
75.88,09-20-2026 21:59:04:360,128676,170421
75.89,09-20-2026 21:59:04:370,128614,170409
75.9,09-20-2026 21:59:04:380,128650,170412
75.91,09-20-2026 21:59:04:390,128622,170425
75.92,09-20-2026 21:59:04:400,128637,170414
75.93,09-20-2026 21:59:04:410,128626,170427
75.94,09-20-2026 21:59:04:420,128649,170450
75.95,09-20-2026 21:59:04:430,128637,170421
75.96,09-20-2026 21:59:04:440,128654,170429
75.97,09-20-2026 21:59:04:450,128625,170441
75.98,09-20-2026 21:59:04:460,128653,170440
75.99,09-20-2026 21:59:04:470,128620,170418
76,09-20-2026 21:59:04:480,128652,170428
76.01,09-20-2026 21:59:04:490,128631,170416
76.02,09-20-2026 21:59:04:500,128638,170425
76.03,09-20-2026 21:59:04:510,128622,170392
76.04,09-20-2026 21:59:04:520,128648,170408
76.05,09-20-2026 21:59:04:530,128629,170415
76.06,09-20-2026 21:59:04:540,128632,170391
76.07,09-20-2026 21:59:04:550,128609,170398
76.08,09-20-2026 21:59:04:560,128646,170414
76.09,09-20-2026 21:59:04:570,128603,170374
76.1,09-20-2026 21:59:04:580,128652,170399
76.11,09-20-2026 21:59:04:590,128635,170400
76.12,09-20-2026 21:59:04:600,128642,170408
76.13,09-20-2026 21:59:04:610,128611,170395
76.14,09-20-2026 21:59:04:620,128653,170384
76.15,09-20-2026 21:59:04:630,128624,170385
76.16,09-20-2026 21:59:04:640,128643,170385
76.17,09-20-2026 21:59:04:650,128603,170399
76.18,09-20-2026 21:59:04:660,128640,170374
76.19,09-20-2026 21:59:04:670,128627,170379
76.2,09-20-2026 21:59:04:680,128642,170380
76.21,09-20-2026 21:59:04:690,128597,170381
76.22,09-20-2026 21:59:04:700,128637,170390
76.23,09-20-2026 21:59:04:710,128627,170364
76.24,09-20-2026 21:59:04:720,128634,170371
76.25,09-20-2026 21:59:04:730,128607,170370
76.26,09-20-2026 21:59:04:740,128658,170373
76.27,09-20-2026 21:59:04:750,128617,170384
76.28,09-20-2026 21:59:04:760,128628,170372
76.29,09-20-2026 21:59:04:770,128625,170390
76.3,09-20-2026 21:59:04:780,128621,170386
76.31,09-20-2026 21:59:04:790,128647,170376
76.32,09-20-2026 21:59:04:800,128637,170381
76.33,09-20-2026 21:59:04:810,128623,170376
76.34,09-20-2026 21:59:04:820,128635,170382
76.35,09-20-2026 21:59:04:830,128640,170395
76.36,09-20-2026 21:59:04:840,128640,170374
76.37,09-20-2026 21:59:04:850,128642,170383
76.38,09-20-2026 21:59:04:860,128647,170382
76.39,09-20-2026 21:59:04:870,128639,170373
76.4,09-20-2026 21:59:04:880,128648,170387
76.41,09-20-2026 21:59:04:890,128640,170374
76.42,09-20-2026 21:59:04:900,128649,170391
76.43,09-20-2026 21:59:04:910,128648,170383
76.44,09-20-2026 21:59:04:920,128644,170383
76.45,09-20-2026 21:59:04:930,128648,170374
76.46,09-20-2026 21:59:04:940,128645,170407
76.47,09-20-2026 21:59:04:950,128663,170380
76.48,09-20-2026 21:59:04:960,128640,170409
76.49,09-20-2026 21:59:04:970,128653,170388
76.5,09-20-2026 21:59:04:980,128631,170400
76.51,09-20-2026 21:59:04:990,128633,170388
76.52,09-20-2026 21:59:05:000,128644,170395
76.53,09-20-2026 21:59:05:010,128664,170376
76.54,09-20-2026 21:59:05:020,128642,170400
76.55,09-20-2026 21:59:05:030,128655,170397
76.56,09-20-2026 21:59:05:040,128648,170410
76.57,09-20-2026 21:59:05:050,128670,170414
76.58,09-20-2026 21:59:05:060,128647,170398
76.59,09-20-2026 21:59:05:070,128679,170408
76.6,09-20-2026 21:59:05:080,128649,170400
76.61,09-20-2026 21:59:05:090,128679,170409
76.62,09-20-2026 21:59:05:100,128663,170407
76.63,09-20-2026 21:59:05:110,128679,170409
76.64,09-20-2026 21:59:05:120,128640,170398
76.65,09-20-2026 21:59:05:130,128681,170420
76.66,09-20-2026 21:59:05:140,128650,170426
76.67,09-20-2026 21:59:05:150,128676,170397
76.68,09-20-2026 21:59:05:160,128635,170404
76.69,09-20-2026 21:59:05:170,128687,170420
76.7,09-20-2026 21:59:05:180,128653,170412
76.71,09-20-2026 21:59:05:190,128646,170432
76.72,09-20-2026 21:59:05:200,128648,170438
76.73,09-20-2026 21:59:05:210,128659,170436
76.74,09-20-2026 21:59:05:220,128655,170414
76.75,09-20-2026 21:59:05:230,128673,170426
76.76,09-20-2026 21:59:05:240,128656,170424
76.77,09-20-2026 21:59:05:250,128668,170427
76.78,09-20-2026 21:59:05:260,128661,170406
76.79,09-20-2026 21:59:05:270,128667,170439
76.8,09-20-2026 21:59:05:280,128643,170437
76.81,09-20-2026 21:59:05:290,128667,170455
76.82,09-20-2026 21:59:05:300,128649,170429
76.83,09-20-2026 21:59:05:310,128642,170443
76.84,09-20-2026 21:59:05:320,128636,170452
76.85,09-20-2026 21:59:05:330,128647,170423
76.86,09-20-2026 21:59:05:340,128639,170432
76.87,09-20-2026 21:59:05:350,128645,170429
76.88,09-20-2026 21:59:05:360,128642,170406
76.89,09-20-2026 21:59:05:370,128637,170412
76.9,09-20-2026 21:59:05:380,128644,170403
76.91,09-20-2026 21:59:05:390,128645,170400
76.92,09-20-2026 21:59:05:400,128651,170409
76.93,09-20-2026 21:59:05:410,128633,170413
76.94,09-20-2026 21:59:05:420,128633,170384
76.95,09-20-2026 21:59:05:430,128652,170402
76.96,09-20-2026 21:59:05:440,128645,170360
76.97,09-20-2026 21:59:05:450,128641,170393
76.98,09-20-2026 21:59:05:460,128653,170363
76.99,09-20-2026 21:59:05:470,128648,170391
77,09-20-2026 21:59:05:480,128638,170356
77.01,09-20-2026 21:59:05:490,128647,170376
77.02,09-20-2026 21:59:05:500,128646,170328
77.03,09-20-2026 21:59:05:510,128637,170372
77.04,09-20-2026 21:59:05:520,128648,170346
77.05,09-20-2026 21:59:05:530,128640,170351
77.06,09-20-2026 21:59:05:540,128645,170337
77.07,09-20-2026 21:59:05:550,128640,170364
77.08,09-20-2026 21:59:05:560,128633,170325
77.09,09-20-2026 21:59:05:570,128642,170363
77.1,09-20-2026 21:59:05:580,128648,170331
77.11,09-20-2026 21:59:05:590,128622,170382
77.12,09-20-2026 21:59:05:600,128643,170318
77.13,09-20-2026 21:59:05:610,128649,170360
77.14,09-20-2026 21:59:05:620,128627,170319
77.15,09-20-2026 21:59:05:630,128636,170364
77.16,09-20-2026 21:59:05:640,128628,170308
77.17,09-20-2026 21:59:05:650,128651,170356
77.18,09-20-2026 21:59:05:660,128635,170321
77.19,09-20-2026 21:59:05:670,128624,170367
77.2,09-20-2026 21:59:05:680,128624,170277
77.21,09-20-2026 21:59:05:690,128629,170360
77.22,09-20-2026 21:59:05:700,128637,170326
77.23,09-20-2026 21:59:05:710,128626,170358
77.24,09-20-2026 21:59:05:720,128641,170352
77.25,09-20-2026 21:59:05:730,128619,170362
77.26,09-20-2026 21:59:05:740,128631,170332
77.27,09-20-2026 21:59:05:750,128628,170379
77.28,09-20-2026 21:59:05:760,128633,170331
77.29,09-20-2026 21:59:05:770,128628,170381
77.3,09-20-2026 21:59:05:780,128629,170337
77.31,09-20-2026 21:59:05:790,128621,170353
77.32,09-20-2026 21:59:05:800,128624,170326
77.33,09-20-2026 21:59:05:810,128628,170356
77.34,09-20-2026 21:59:05:820,128626,170352
77.35,09-20-2026 21:59:05:830,128638,170368
77.36,09-20-2026 21:59:05:840,128642,170377
77.37,09-20-2026 21:59:05:850,128624,170376
77.38,09-20-2026 21:59:05:860,128637,170366
77.39,09-20-2026 21:59:05:870,128616,170365
77.4,09-20-2026 21:59:05:880,128617,170395
77.41,09-20-2026 21:59:05:890,128609,170370
77.42,09-20-2026 21:59:05:900,128609,170379
77.43,09-20-2026 21:59:05:910,128618,170383
77.44,09-20-2026 21:59:05:920,128617,170384
77.45,09-20-2026 21:59:05:930,128614,170378
77.46,09-20-2026 21:59:05:940,128620,170381
77.47,09-20-2026 21:59:05:950,128622,170383
77.48,09-20-2026 21:59:05:960,128630,170403
77.49,09-20-2026 21:59:05:970,128636,170394
77.5,09-20-2026 21:59:05:980,128633,170402
77.51,09-20-2026 21:59:05:990,128630,170378
77.52,09-20-2026 21:59:06:000,128630,170415
77.53,09-20-2026 21:59:06:010,128634,170383
77.54,09-20-2026 21:59:06:020,128623,170417
77.55,09-20-2026 21:59:06:030,128625,170406
77.56,09-20-2026 21:59:06:040,128620,170427
77.57,09-20-2026 21:59:06:050,128641,170398
77.58,09-20-2026 21:59:06:060,128640,170437
77.59,09-20-2026 21:59:06:070,128624,170390
77.6,09-20-2026 21:59:06:080,128630,170455
77.61,09-20-2026 21:59:06:090,128620,170412
77.62,09-20-2026 21:59:06:100,128635,170453
77.63,09-20-2026 21:59:06:110,128636,170414
77.64,09-20-2026 21:59:06:120,128636,170442
77.65,09-20-2026 21:59:06:130,128637,170405
77.66,09-20-2026 21:59:06:140,128632,170464
77.67,09-20-2026 21:59:06:150,128649,170413
77.68,09-20-2026 21:59:06:160,128642,170458
77.69,09-20-2026 21:59:06:170,128636,170412
77.7,09-20-2026 21:59:06:180,128622,170441
77.71,09-20-2026 21:59:06:190,128626,170426
77.72,09-20-2026 21:59:06:200,128633,170432
77.73,09-20-2026 21:59:06:210,128625,170437
77.74,09-20-2026 21:59:06:220,128635,170428
77.75,09-20-2026 21:59:06:230,128633,170431
77.76,09-20-2026 21:59:06:240,128621,170445
77.77,09-20-2026 21:59:06:250,128637,170430
77.78,09-20-2026 21:59:06:260,128633,170427
77.79,09-20-2026 21:59:06:270,128633,170425
77.8,09-20-2026 21:59:06:280,128638,170448
77.81,09-20-2026 21:59:06:290,128639,170408
77.82,09-20-2026 21:59:06:300,128626,170400
77.83,09-20-2026 21:59:06:310,128628,170407
77.84,09-20-2026 21:59:06:320,128623,170395
77.85,09-20-2026 21:59:06:330,128627,170403
77.86,09-20-2026 21:59:06:340,128617,170382
77.87,09-20-2026 21:59:06:350,128638,170378
77.88,09-20-2026 21:59:06:360,128635,170364
77.89,09-20-2026 21:59:06:370,128623,170372
77.9,09-20-2026 21:59:06:380,128616,170370
77.91,09-20-2026 21:59:06:390,128631,170380
77.92,09-20-2026 21:59:06:400,128643,170368
77.93,09-20-2026 21:59:06:410,128616,170340
77.94,09-20-2026 21:59:06:420,128631,170363
77.95,09-20-2026 21:59:06:430,128624,170350
77.96,09-20-2026 21:59:06:440,128612,170360
77.97,09-20-2026 21:59:06:450,128616,170344
77.98,09-20-2026 21:59:06:460,128617,170351
77.99,09-20-2026 21:59:06:470,128618,170339
78,09-20-2026 21:59:06:480,128627,170331
78.01,09-20-2026 21:59:06:490,128627,170347
78.02,09-20-2026 21:59:06:500,128607,170334
78.03,09-20-2026 21:59:06:510,128619,170333
78.04,09-20-2026 21:59:06:520,128604,170331
78.05,09-20-2026 21:59:06:530,128619,170314
78.06,09-20-2026 21:59:06:540,128617,170316
78.07,09-20-2026 21:59:06:550,128624,170338
78.08,09-20-2026 21:59:06:560,128620,170341
78.09,09-20-2026 21:59:06:570,128610,170314
78.1,09-20-2026 21:59:06:580,128612,170328
78.11,09-20-2026 21:59:06:590,128601,170324
78.12,09-20-2026 21:59:06:600,128610,170328
78.13,09-20-2026 21:59:06:610,128618,170345
78.14,09-20-2026 21:59:06:620,128618,170318
78.15,09-20-2026 21:59:06:630,128620,170331
78.16,09-20-2026 21:59:06:640,128605,170320
78.17,09-20-2026 21:59:06:650,128609,170315
78.18,09-20-2026 21:59:06:660,128594,170314
78.19,09-20-2026 21:59:06:670,128604,170328
78.2,09-20-2026 21:59:06:680,128589,170315
78.21,09-20-2026 21:59:06:690,128588,170334
78.22,09-20-2026 21:59:06:700,128581,170316
78.23,09-20-2026 21:59:06:710,128615,170313
78.24,09-20-2026 21:59:06:720,128574,170316
78.25,09-20-2026 21:59:06:730,128614,170317
78.26,09-20-2026 21:59:06:740,128588,170309
78.27,09-20-2026 21:59:06:750,128602,170322
78.28,09-20-2026 21:59:06:760,128579,170323
78.29,09-20-2026 21:59:06:770,128601,170323
78.3,09-20-2026 21:59:06:780,128573,170320
78.31,09-20-2026 21:59:06:790,128597,170312
78.32,09-20-2026 21:59:06:800,128564,170326
78.33,09-20-2026 21:59:06:810,128605,170326
78.34,09-20-2026 21:59:06:820,128577,170330
78.35,09-20-2026 21:59:06:830,128619,170339
78.36,09-20-2026 21:59:06:840,128575,170330
78.37,09-20-2026 21:59:06:850,128598,170355
78.38,09-20-2026 21:59:06:860,128588,170335
78.39,09-20-2026 21:59:06:870,128606,170326
78.4,09-20-2026 21:59:06:880,128553,170320
78.41,09-20-2026 21:59:06:890,128610,170347
78.42,09-20-2026 21:59:06:900,128574,170332
78.43,09-20-2026 21:59:06:910,128609,170347
78.44,09-20-2026 21:59:06:920,128540,170333
78.45,09-20-2026 21:59:06:930,128601,170335
78.46,09-20-2026 21:59:06:940,128550,170336
78.47,09-20-2026 21:59:06:950,128602,170342
78.48,09-20-2026 21:59:06:960,128559,170357
78.49,09-20-2026 21:59:06:970,128606,170359
78.5,09-20-2026 21:59:06:980,128585,170341
78.51,09-20-2026 21:59:06:990,128601,170337
78.52,09-20-2026 21:59:07:000,128573,170355
78.53,09-20-2026 21:59:07:010,128587,170343
78.54,09-20-2026 21:59:07:020,128572,170356
78.55,09-20-2026 21:59:07:030,128608,170361
78.56,09-20-2026 21:59:07:040,128581,170354
78.57,09-20-2026 21:59:07:050,128609,170360
78.58,09-20-2026 21:59:07:060,128589,170369
78.59,09-20-2026 21:59:07:070,128602,170372
78.6,09-20-2026 21:59:07:080,128557,170355
78.61,09-20-2026 21:59:07:090,128603,170359
78.62,09-20-2026 21:59:07:100,128616,170362
78.63,09-20-2026 21:59:07:110,128599,170377
78.64,09-20-2026 21:59:07:120,128615,170359
78.65,09-20-2026 21:59:07:130,128609,170371
78.66,09-20-2026 21:59:07:140,128613,170372
78.67,09-20-2026 21:59:07:150,128613,170367
78.68,09-20-2026 21:59:07:160,128612,170375
78.69,09-20-2026 21:59:07:170,128588,170373
78.7,09-20-2026 21:59:07:180,128624,170362
78.71,09-20-2026 21:59:07:190,128620,170382
78.72,09-20-2026 21:59:07:200,128607,170375
78.73,09-20-2026 21:59:07:210,128594,170384
78.74,09-20-2026 21:59:07:220,128620,170377
78.75,09-20-2026 21:59:07:230,128601,170391
78.76,09-20-2026 21:59:07:240,128617,170391
78.77,09-20-2026 21:59:07:250,128608,170410
78.78,09-20-2026 21:59:07:260,128642,170393
78.79,09-20-2026 21:59:07:270,128613,170405
78.8,09-20-2026 21:59:07:280,128624,170396
78.81,09-20-2026 21:59:07:290,128603,170395
78.82,09-20-2026 21:59:07:300,128607,170390
78.83,09-20-2026 21:59:07:310,128601,170401
78.84,09-20-2026 21:59:07:320,128633,170380
78.85,09-20-2026 21:59:07:330,128602,170374
78.86,09-20-2026 21:59:07:340,128621,170366
78.87,09-20-2026 21:59:07:350,128613,170353
78.88,09-20-2026 21:59:07:360,128641,170358
78.89,09-20-2026 21:59:07:370,128603,170363
78.9,09-20-2026 21:59:07:380,128634,170348
78.91,09-20-2026 21:59:07:390,128592,170335
78.92,09-20-2026 21:59:07:400,128644,170353
78.93,09-20-2026 21:59:07:410,128612,170346
78.94,09-20-2026 21:59:07:420,128631,170336
78.95,09-20-2026 21:59:07:430,128598,170341
78.96,09-20-2026 21:59:07:440,128613,170328
78.97,09-20-2026 21:59:07:450,128580,170332
78.98,09-20-2026 21:59:07:460,128608,170320
78.99,09-20-2026 21:59:07:470,128589,170327
79,09-20-2026 21:59:07:480,128601,170326
79.01,09-20-2026 21:59:07:490,128584,170304
79.02,09-20-2026 21:59:07:500,128598,170300
79.03,09-20-2026 21:59:07:510,128572,170304
79.04,09-20-2026 21:59:07:520,128607,170310
79.05,09-20-2026 21:59:07:530,128594,170294
79.06,09-20-2026 21:59:07:540,128588,170308
79.07,09-20-2026 21:59:07:550,128576,170296
79.08,09-20-2026 21:59:07:560,128602,170307
79.09,09-20-2026 21:59:07:570,128583,170306
79.1,09-20-2026 21:59:07:580,128604,170310
79.11,09-20-2026 21:59:07:590,128587,170314
79.12,09-20-2026 21:59:07:600,128582,170299
79.13,09-20-2026 21:59:07:610,128573,170282
79.14,09-20-2026 21:59:07:620,128577,170288
79.15,09-20-2026 21:59:07:630,128563,170280
79.16,09-20-2026 21:59:07:640,128557,170291
79.17,09-20-2026 21:59:07:650,128571,170306
79.18,09-20-2026 21:59:07:660,128570,170296
79.19,09-20-2026 21:59:07:670,128569,170282
79.2,09-20-2026 21:59:07:680,128585,170293
79.21,09-20-2026 21:59:07:690,128565,170268
79.22,09-20-2026 21:59:07:700,128560,170298
79.23,09-20-2026 21:59:07:710,128572,170265
79.24,09-20-2026 21:59:07:720,128573,170282
79.25,09-20-2026 21:59:07:730,128584,170260
79.26,09-20-2026 21:59:07:740,128566,170293
79.27,09-20-2026 21:59:07:750,128585,170261
79.28,09-20-2026 21:59:07:760,128581,170291
79.29,09-20-2026 21:59:07:770,128574,170274
79.3,09-20-2026 21:59:07:780,128581,170287
79.31,09-20-2026 21:59:07:790,128569,170281
79.32,09-20-2026 21:59:07:800,128574,170287
79.33,09-20-2026 21:59:07:810,128577,170241
79.34,09-20-2026 21:59:07:820,128576,170281
79.35,09-20-2026 21:59:07:830,128568,170263
79.36,09-20-2026 21:59:07:840,128585,170276
79.37,09-20-2026 21:59:07:850,128578,170248
79.38,09-20-2026 21:59:07:860,128582,170278
79.39,09-20-2026 21:59:07:870,128580,170268
79.4,09-20-2026 21:59:07:880,128572,170297
79.41,09-20-2026 21:59:07:890,128577,170250
79.42,09-20-2026 21:59:07:900,128584,170283
79.43,09-20-2026 21:59:07:910,128576,170246
79.44,09-20-2026 21:59:07:920,128566,170302
79.45,09-20-2026 21:59:07:930,128574,170241
79.46,09-20-2026 21:59:07:940,128577,170282
79.47,09-20-2026 21:59:07:950,128563,170263
79.48,09-20-2026 21:59:07:960,128574,170297
79.49,09-20-2026 21:59:07:970,128581,170239
79.5,09-20-2026 21:59:07:980,128559,170301
79.51,09-20-2026 21:59:07:990,128561,170246
79.52,09-20-2026 21:59:08:000,128572,170293
79.53,09-20-2026 21:59:08:010,128570,170256
79.54,09-20-2026 21:59:08:020,128562,170315
79.55,09-20-2026 21:59:08:030,128561,170266
79.56,09-20-2026 21:59:08:040,128546,170311
79.57,09-20-2026 21:59:08:050,128556,170289
79.58,09-20-2026 21:59:08:060,128559,170301
79.59,09-20-2026 21:59:08:070,128551,170267
79.6,09-20-2026 21:59:08:080,128560,170319
79.61,09-20-2026 21:59:08:090,128581,170307
79.62,09-20-2026 21:59:08:100,128571,170306
79.63,09-20-2026 21:59:08:110,128575,170308
79.64,09-20-2026 21:59:08:120,128574,170332
79.65,09-20-2026 21:59:08:130,128573,170314
79.66,09-20-2026 21:59:08:140,128567,170336
79.67,09-20-2026 21:59:08:150,128563,170311
79.68,09-20-2026 21:59:08:160,128573,170328
79.69,09-20-2026 21:59:08:170,128563,170335
79.7,09-20-2026 21:59:08:180,128564,170311
79.71,09-20-2026 21:59:08:190,128556,170320
79.72,09-20-2026 21:59:08:200,128571,170293
79.73,09-20-2026 21:59:08:210,128558,170314
79.74,09-20-2026 21:59:08:220,128547,170301
79.75,09-20-2026 21:59:08:230,128558,170294
79.76,09-20-2026 21:59:08:240,128552,170269
79.77,09-20-2026 21:59:08:250,128566,170285
79.78,09-20-2026 21:59:08:260,128562,170269
79.79,09-20-2026 21:59:08:270,128560,170281
79.8,09-20-2026 21:59:08:280,128559,170271
79.81,09-20-2026 21:59:08:290,128553,170286
79.82,09-20-2026 21:59:08:300,128535,170243
79.83,09-20-2026 21:59:08:310,128550,170265
79.84,09-20-2026 21:59:08:320,128541,170261
79.85,09-20-2026 21:59:08:330,128530,170257
79.86,09-20-2026 21:59:08:340,128552,170243
79.87,09-20-2026 21:59:08:350,128533,170240
79.88,09-20-2026 21:59:08:360,128538,170225
79.89,09-20-2026 21:59:08:370,128547,170266
79.9,09-20-2026 21:59:08:380,128537,170233
79.91,09-20-2026 21:59:08:390,128541,170249
79.92,09-20-2026 21:59:08:400,128554,170220
79.93,09-20-2026 21:59:08:410,128536,170234
79.94,09-20-2026 21:59:08:420,128539,170222
79.95,09-20-2026 21:59:08:430,128531,170235
79.96,09-20-2026 21:59:08:440,128528,170216
79.97,09-20-2026 21:59:08:450,128543,170239
79.98,09-20-2026 21:59:08:460,128536,170221
79.99,09-20-2026 21:59:08:470,128522,170230
80,09-20-2026 21:59:08:480,128524,170184
80.01,09-20-2026 21:59:08:490,128541,170240
80.02,09-20-2026 21:59:08:500,128531,170198
80.03,09-20-2026 21:59:08:510,128532,170196
80.04,09-20-2026 21:59:08:520,128540,170202
80.05,09-20-2026 21:59:08:530,128542,170224
80.06,09-20-2026 21:59:08:540,128520,170196
80.07,09-20-2026 21:59:08:550,128533,170217
80.08,09-20-2026 21:59:08:560,128530,170186
80.09,09-20-2026 21:59:08:570,128512,170213
80.1,09-20-2026 21:59:08:580,128522,170181
80.11,09-20-2026 21:59:08:590,128525,170191
80.12,09-20-2026 21:59:08:600,128528,170191
80.13,09-20-2026 21:59:08:610,128545,170197
80.14,09-20-2026 21:59:08:620,128524,170182
80.15,09-20-2026 21:59:08:630,128534,170190
80.16,09-20-2026 21:59:08:640,128526,170203
80.17,09-20-2026 21:59:08:650,128532,170171
80.18,09-20-2026 21:59:08:660,128521,170195
80.19,09-20-2026 21:59:08:670,128522,170181
80.2,09-20-2026 21:59:08:680,128528,170183
80.21,09-20-2026 21:59:08:690,128524,170184
80.22,09-20-2026 21:59:08:700,128516,170191
80.23,09-20-2026 21:59:08:710,128522,170188
80.24,09-20-2026 21:59:08:720,128517,170189
80.25,09-20-2026 21:59:08:730,128524,170196
80.26,09-20-2026 21:59:08:740,128528,170191
80.27,09-20-2026 21:59:08:750,128527,170196
80.28,09-20-2026 21:59:08:760,128526,170181
80.29,09-20-2026 21:59:08:770,128519,170187
80.3,09-20-2026 21:59:08:780,128516,170200
80.31,09-20-2026 21:59:08:790,128520,170195
80.32,09-20-2026 21:59:08:800,128536,170202
80.33,09-20-2026 21:59:08:810,128519,170195
80.34,09-20-2026 21:59:08:820,128523,170208
80.35,09-20-2026 21:59:08:830,128506,170194
80.36,09-20-2026 21:59:08:840,128526,170198
80.37,09-20-2026 21:59:08:850,128522,170197
80.38,09-20-2026 21:59:08:860,128524,170205
80.39,09-20-2026 21:59:08:870,128524,170193
80.4,09-20-2026 21:59:08:880,128509,170207
80.41,09-20-2026 21:59:08:890,128502,170189
80.42,09-20-2026 21:59:08:900,128527,170215
80.43,09-20-2026 21:59:08:910,128511,170184
80.44,09-20-2026 21:59:08:920,128519,170190
80.45,09-20-2026 21:59:08:930,128510,170202
80.46,09-20-2026 21:59:08:940,128516,170200
80.47,09-20-2026 21:59:08:950,128513,170220
80.48,09-20-2026 21:59:08:960,128508,170207
80.49,09-20-2026 21:59:08:970,128526,170208
80.5,09-20-2026 21:59:08:980,128519,170216
80.51,09-20-2026 21:59:08:990,128507,170232
80.52,09-20-2026 21:59:09:000,128518,170223
80.53,09-20-2026 21:59:09:010,128502,170221
80.54,09-20-2026 21:59:09:020,128530,170214
80.55,09-20-2026 21:59:09:030,128505,170219
80.56,09-20-2026 21:59:09:040,128517,170236
80.57,09-20-2026 21:59:09:050,128515,170227
80.58,09-20-2026 21:59:09:060,128515,170218
80.59,09-20-2026 21:59:09:070,128506,170239
80.6,09-20-2026 21:59:09:080,128529,170234
80.61,09-20-2026 21:59:09:090,128487,170223
80.62,09-20-2026 21:59:09:100,128509,170217
80.63,09-20-2026 21:59:09:110,128488,170265
80.64,09-20-2026 21:59:09:120,128533,170244
80.65,09-20-2026 21:59:09:130,128491,170241
80.66,09-20-2026 21:59:09:140,128517,170228
80.67,09-20-2026 21:59:09:150,128484,170199
80.68,09-20-2026 21:59:09:160,128528,170213
80.69,09-20-2026 21:59:09:170,128474,170198
80.7,09-20-2026 21:59:09:180,128522,170214
80.71,09-20-2026 21:59:09:190,128477,170193
80.72,09-20-2026 21:59:09:200,128512,170197
80.73,09-20-2026 21:59:09:210,128482,170202
80.74,09-20-2026 21:59:09:220,128525,170194
80.75,09-20-2026 21:59:09:230,128472,170172
80.76,09-20-2026 21:59:09:240,128509,170171
80.77,09-20-2026 21:59:09:250,128463,170166
80.78,09-20-2026 21:59:09:260,128504,170177
80.79,09-20-2026 21:59:09:270,128471,170151
80.8,09-20-2026 21:59:09:280,128506,170144
80.81,09-20-2026 21:59:09:290,128458,170146
80.82,09-20-2026 21:59:09:300,128498,170152
80.83,09-20-2026 21:59:09:310,128457,170137
80.84,09-20-2026 21:59:09:320,128503,170126
80.85,09-20-2026 21:59:09:330,128473,170143
80.86,09-20-2026 21:59:09:340,128484,170126
80.87,09-20-2026 21:59:09:350,128470,170107
80.88,09-20-2026 21:59:09:360,128495,170112
80.89,09-20-2026 21:59:09:370,128466,170105
80.9,09-20-2026 21:59:09:380,128486,170102
80.91,09-20-2026 21:59:09:390,128496,170103
80.92,09-20-2026 21:59:09:400,128500,170104
80.93,09-20-2026 21:59:09:410,128463,170102
80.94,09-20-2026 21:59:09:420,128474,170100
80.95,09-20-2026 21:59:09:430,128503,170089
80.96,09-20-2026 21:59:09:440,128477,170088
80.97,09-20-2026 21:59:09:450,128479,170090
80.98,09-20-2026 21:59:09:460,128486,170113
80.99,09-20-2026 21:59:09:470,128483,170114
81,09-20-2026 21:59:09:480,128484,170098
81.01,09-20-2026 21:59:09:490,128500,170102
81.02,09-20-2026 21:59:09:500,128494,170110
81.03,09-20-2026 21:59:09:510,128497,170105
81.04,09-20-2026 21:59:09:520,128486,170088
81.05,09-20-2026 21:59:09:530,128502,170087
81.06,09-20-2026 21:59:09:540,128503,170090
81.07,09-20-2026 21:59:09:550,128497,170098
81.08,09-20-2026 21:59:09:560,128483,170075
81.09,09-20-2026 21:59:09:570,128510,170095
81.1,09-20-2026 21:59:09:580,128476,170072
81.11,09-20-2026 21:59:09:590,128499,170086
81.12,09-20-2026 21:59:09:600,128482,170092
81.13,09-20-2026 21:59:09:610,128505,170085
81.14,09-20-2026 21:59:09:620,128484,170096
81.15,09-20-2026 21:59:09:630,128492,170066
81.16,09-20-2026 21:59:09:640,128492,170079
81.17,09-20-2026 21:59:09:650,128506,170089
81.18,09-20-2026 21:59:09:660,128488,170087
81.19,09-20-2026 21:59:09:670,128510,170091
81.2,09-20-2026 21:59:09:680,128486,170086
81.21,09-20-2026 21:59:09:690,128511,170095
81.22,09-20-2026 21:59:09:700,128480,170084
81.23,09-20-2026 21:59:09:710,128502,170079
81.24,09-20-2026 21:59:09:720,128468,170082
81.25,09-20-2026 21:59:09:730,128499,170080
81.26,09-20-2026 21:59:09:740,128480,170075
81.27,09-20-2026 21:59:09:750,128498,170095
81.28,09-20-2026 21:59:09:760,128463,170065
81.29,09-20-2026 21:59:09:770,128503,170080
81.3,09-20-2026 21:59:09:780,128476,170093
81.31,09-20-2026 21:59:09:790,128484,170086
81.32,09-20-2026 21:59:09:800,128472,170088
81.33,09-20-2026 21:59:09:810,128500,170106
81.34,09-20-2026 21:59:09:820,128455,170104
81.35,09-20-2026 21:59:09:830,128498,170099
81.36,09-20-2026 21:59:09:840,128465,170098
81.37,09-20-2026 21:59:09:850,128507,170094
81.38,09-20-2026 21:59:09:860,128467,170107
81.39,09-20-2026 21:59:09:870,128495,170092
81.4,09-20-2026 21:59:09:880,128467,170089
81.41,09-20-2026 21:59:09:890,128498,170108
81.42,09-20-2026 21:59:09:900,128473,170103
81.43,09-20-2026 21:59:09:910,128467,170125
81.44,09-20-2026 21:59:09:920,128479,170102
81.45,09-20-2026 21:59:09:930,128488,170098
81.46,09-20-2026 21:59:09:940,128453,170106
81.47,09-20-2026 21:59:09:950,128462,170079
81.48,09-20-2026 21:59:09:960,128464,170094
81.49,09-20-2026 21:59:09:970,128470,170113
81.5,09-20-2026 21:59:09:980,128461,170099
81.51,09-20-2026 21:59:09:990,128482,170103
81.52,09-20-2026 21:59:10:000,128453,170092
81.53,09-20-2026 21:59:10:010,128465,170125
81.54,09-20-2026 21:59:10:020,128463,170109
81.55,09-20-2026 21:59:10:030,128479,170122
81.56,09-20-2026 21:59:10:040,128475,170097
81.57,09-20-2026 21:59:10:050,128477,170106
81.58,09-20-2026 21:59:10:060,128470,170102
81.59,09-20-2026 21:59:10:070,128483,170082
81.6,09-20-2026 21:59:10:080,128482,170077
81.61,09-20-2026 21:59:10:090,128478,170094
81.62,09-20-2026 21:59:10:100,128499,170069
81.63,09-20-2026 21:59:10:110,128473,170070
81.64,09-20-2026 21:59:10:120,128465,170030
81.65,09-20-2026 21:59:10:130,128466,170066
81.66,09-20-2026 21:59:10:140,128466,170016
81.67,09-20-2026 21:59:10:150,128470,170032
81.68,09-20-2026 21:59:10:160,128469,170025
81.69,09-20-2026 21:59:10:170,128488,170044
81.7,09-20-2026 21:59:10:180,128471,170013
81.71,09-20-2026 21:59:10:190,128466,170062
81.72,09-20-2026 21:59:10:200,128469,170003
81.73,09-20-2026 21:59:10:210,128463,170038
81.74,09-20-2026 21:59:10:220,128447,169978
81.75,09-20-2026 21:59:10:230,128461,170005
81.76,09-20-2026 21:59:10:240,128451,169971
81.77,09-20-2026 21:59:10:250,128456,170011
81.78,09-20-2026 21:59:10:260,128446,169943
81.79,09-20-2026 21:59:10:270,128455,169998
81.8,09-20-2026 21:59:10:280,128439,169948
81.81,09-20-2026 21:59:10:290,128458,169996
81.82,09-20-2026 21:59:10:300,128459,169957
81.83,09-20-2026 21:59:10:310,128445,169988
81.84,09-20-2026 21:59:10:320,128453,169951
81.85,09-20-2026 21:59:10:330,128457,170005
81.86,09-20-2026 21:59:10:340,128451,169926
81.87,09-20-2026 21:59:10:350,128464,169990
81.88,09-20-2026 21:59:10:360,128445,169941
81.89,09-20-2026 21:59:10:370,128461,169980
81.9,09-20-2026 21:59:10:380,128454,169964
81.91,09-20-2026 21:59:10:390,128446,169985
81.92,09-20-2026 21:59:10:400,128437,169957
81.93,09-20-2026 21:59:10:410,128446,169979
81.94,09-20-2026 21:59:10:420,128454,169953
81.95,09-20-2026 21:59:10:430,128448,169976
81.96,09-20-2026 21:59:10:440,128449,169946
81.97,09-20-2026 21:59:10:450,128447,169982
81.98,09-20-2026 21:59:10:460,128447,169929
81.99,09-20-2026 21:59:10:470,128432,169961
82,09-20-2026 21:59:10:480,128433,169945
82.01,09-20-2026 21:59:10:490,128436,169969
82.02,09-20-2026 21:59:10:500,128426,169968
82.03,09-20-2026 21:59:10:510,128456,169963
82.04,09-20-2026 21:59:10:520,128446,169962
82.05,09-20-2026 21:59:10:530,128437,169969
82.06,09-20-2026 21:59:10:540,128456,169985
82.07,09-20-2026 21:59:10:550,128429,169963
82.08,09-20-2026 21:59:10:560,128443,169973
82.09,09-20-2026 21:59:10:570,128438,169956
82.1,09-20-2026 21:59:10:580,128437,169964
82.11,09-20-2026 21:59:10:590,128431,169966
82.12,09-20-2026 21:59:10:600,128441,169986
82.13,09-20-2026 21:59:10:610,128430,169978
82.14,09-20-2026 21:59:10:620,128437,169995
82.15,09-20-2026 21:59:10:630,128436,169964
82.16,09-20-2026 21:59:10:640,128438,169993
82.17,09-20-2026 21:59:10:650,128433,169970
82.18,09-20-2026 21:59:10:660,128437,169979
82.19,09-20-2026 21:59:10:670,128415,169962
82.2,09-20-2026 21:59:10:680,128433,169995
82.21,09-20-2026 21:59:10:690,128436,169963
82.22,09-20-2026 21:59:10:700,128427,169991
82.23,09-20-2026 21:59:10:710,128433,169960
82.24,09-20-2026 21:59:10:720,128442,170004
82.25,09-20-2026 21:59:10:730,128442,169979
82.26,09-20-2026 21:59:10:740,128429,169985
82.27,09-20-2026 21:59:10:750,128432,169941
82.28,09-20-2026 21:59:10:760,128445,170036
82.29,09-20-2026 21:59:10:770,128431,169974
82.3,09-20-2026 21:59:10:780,128429,170001
82.31,09-20-2026 21:59:10:790,128422,169976
82.32,09-20-2026 21:59:10:800,128442,170013
82.33,09-20-2026 21:59:10:810,128429,169959
82.34,09-20-2026 21:59:10:820,128427,170012
82.35,09-20-2026 21:59:10:830,128439,169985
82.36,09-20-2026 21:59:10:840,128436,170017
82.37,09-20-2026 21:59:10:850,128442,169977
82.38,09-20-2026 21:59:10:860,128427,169980
82.39,09-20-2026 21:59:10:870,128454,169987
82.4,09-20-2026 21:59:10:880,128452,170023
82.41,09-20-2026 21:59:10:890,128450,169993
82.42,09-20-2026 21:59:10:900,128450,170016
82.43,09-20-2026 21:59:10:910,128429,169991
82.44,09-20-2026 21:59:10:920,128446,170013
82.45,09-20-2026 21:59:10:930,128444,169968
82.46,09-20-2026 21:59:10:940,128429,169993
82.47,09-20-2026 21:59:10:950,128433,169973
82.48,09-20-2026 21:59:10:960,128441,169958
82.49,09-20-2026 21:59:10:970,128427,169958
82.5,09-20-2026 21:59:10:980,128435,169956
82.51,09-20-2026 21:59:10:990,128440,169945
82.52,09-20-2026 21:59:11:000,128443,169928
82.53,09-20-2026 21:59:11:010,128415,169928
82.54,09-20-2026 21:59:11:020,128440,169915
82.55,09-20-2026 21:59:11:030,128423,169913
82.56,09-20-2026 21:59:11:040,128437,169928
82.57,09-20-2026 21:59:11:050,128438,169917
82.58,09-20-2026 21:59:11:060,128429,169901
82.59,09-20-2026 21:59:11:070,128427,169906
82.6,09-20-2026 21:59:11:080,128435,169915
82.61,09-20-2026 21:59:11:090,128431,169894
82.62,09-20-2026 21:59:11:100,128415,169890
82.63,09-20-2026 21:59:11:110,128425,169901
82.64,09-20-2026 21:59:11:120,128413,169884
82.65,09-20-2026 21:59:11:130,128426,169868
82.66,09-20-2026 21:59:11:140,128417,169872
82.67,09-20-2026 21:59:11:150,128423,169875
82.68,09-20-2026 21:59:11:160,128422,169856
82.69,09-20-2026 21:59:11:170,128419,169858
82.7,09-20-2026 21:59:11:180,128415,169857
82.71,09-20-2026 21:59:11:190,128404,169858
82.72,09-20-2026 21:59:11:200,128420,169862
82.73,09-20-2026 21:59:11:210,128417,169856
82.74,09-20-2026 21:59:11:220,128425,169866
82.75,09-20-2026 21:59:11:230,128414,169831
82.76,09-20-2026 21:59:11:240,128403,169859
82.77,09-20-2026 21:59:11:250,128417,169840
82.78,09-20-2026 21:59:11:260,128419,169846
82.79,09-20-2026 21:59:11:270,128421,169849
82.8,09-20-2026 21:59:11:280,128392,169846
82.81,09-20-2026 21:59:11:290,128416,169845
82.82,09-20-2026 21:59:11:300,128398,169834
82.83,09-20-2026 21:59:11:310,128404,169831
82.84,09-20-2026 21:59:11:320,128402,169836
82.85,09-20-2026 21:59:11:330,128411,169834
82.86,09-20-2026 21:59:11:340,128396,169852
82.87,09-20-2026 21:59:11:350,128399,169844
82.88,09-20-2026 21:59:11:360,128394,169859
82.89,09-20-2026 21:59:11:370,128417,169812
82.9,09-20-2026 21:59:11:380,128380,169820
82.91,09-20-2026 21:59:11:390,128396,169841
82.92,09-20-2026 21:59:11:400,128378,169827
82.93,09-20-2026 21:59:11:410,128414,169827
82.94,09-20-2026 21:59:11:420,128378,169830
82.95,09-20-2026 21:59:11:430,128420,169841
82.96,09-20-2026 21:59:11:440,128374,169824
82.97,09-20-2026 21:59:11:450,128412,169846
82.98,09-20-2026 21:59:11:460,128385,169828
82.99,09-20-2026 21:59:11:470,128408,169840
83,09-20-2026 21:59:11:480,128357,169837
83.01,09-20-2026 21:59:11:490,128392,169838
83.02,09-20-2026 21:59:11:500,128374,169837
83.03,09-20-2026 21:59:11:510,128399,169838
83.04,09-20-2026 21:59:11:520,128360,169844
83.05,09-20-2026 21:59:11:530,128420,169852
83.06,09-20-2026 21:59:11:540,128361,169844
83.07,09-20-2026 21:59:11:550,128406,169837
83.08,09-20-2026 21:59:11:560,128359,169840
83.09,09-20-2026 21:59:11:570,128409,169847
83.1,09-20-2026 21:59:11:580,128357,169849
83.11,09-20-2026 21:59:11:590,128403,169852
83.12,09-20-2026 21:59:11:600,128347,169852
83.13,09-20-2026 21:59:11:610,128403,169855
83.14,09-20-2026 21:59:11:620,128362,169860
83.15,09-20-2026 21:59:11:630,128398,169858
83.16,09-20-2026 21:59:11:640,128375,169851
83.17,09-20-2026 21:59:11:650,128405,169860
83.18,09-20-2026 21:59:11:660,128391,169841
83.19,09-20-2026 21:59:11:670,128414,169863
83.2,09-20-2026 21:59:11:680,128398,169851
83.21,09-20-2026 21:59:11:690,128406,169864
83.22,09-20-2026 21:59:11:700,128377,169868
83.23,09-20-2026 21:59:11:710,128396,169862
83.24,09-20-2026 21:59:11:720,128373,169874
83.25,09-20-2026 21:59:11:730,128400,169865
83.26,09-20-2026 21:59:11:740,128382,169873
83.27,09-20-2026 21:59:11:750,128414,169864
83.28,09-20-2026 21:59:11:760,128384,169887
83.29,09-20-2026 21:59:11:770,128394,169873
83.3,09-20-2026 21:59:11:780,128386,169881
83.31,09-20-2026 21:59:11:790,128410,169898
83.32,09-20-2026 21:59:11:800,128427,169887
83.33,09-20-2026 21:59:11:810,128414,169891
83.34,09-20-2026 21:59:11:820,128408,169884
83.35,09-20-2026 21:59:11:830,128416,169874
83.36,09-20-2026 21:59:11:840,128422,169881
83.37,09-20-2026 21:59:11:850,128424,169903
83.38,09-20-2026 21:59:11:860,128427,169895
83.39,09-20-2026 21:59:11:870,128428,169906
83.4,09-20-2026 21:59:11:880,128417,169895
83.41,09-20-2026 21:59:11:890,128422,169885
83.42,09-20-2026 21:59:11:900,128422,169881
83.43,09-20-2026 21:59:11:910,128422,169872
83.44,09-20-2026 21:59:11:920,128432,169872
83.45,09-20-2026 21:59:11:930,128417,169832
83.46,09-20-2026 21:59:11:940,128430,169858
83.47,09-20-2026 21:59:11:950,128402,169852
83.48,09-20-2026 21:59:11:960,128429,169842
83.49,09-20-2026 21:59:11:970,128421,169854
83.5,09-20-2026 21:59:11:980,128428,169852
83.51,09-20-2026 21:59:11:990,128410,169857
83.52,09-20-2026 21:59:12:000,128439,169843
83.53,09-20-2026 21:59:12:010,128418,169831
83.54,09-20-2026 21:59:12:020,128431,169813
83.55,09-20-2026 21:59:12:030,128385,169823
83.56,09-20-2026 21:59:12:040,128446,169824
83.57,09-20-2026 21:59:12:050,128399,169801
83.58,09-20-2026 21:59:12:060,128434,169796
83.59,09-20-2026 21:59:12:070,128401,169794
83.6,09-20-2026 21:59:12:080,128446,169800
83.61,09-20-2026 21:59:12:090,128389,169790
83.62,09-20-2026 21:59:12:100,128430,169791
83.63,09-20-2026 21:59:12:110,128400,169788
83.64,09-20-2026 21:59:12:120,128437,169778
83.65,09-20-2026 21:59:12:130,128388,169776
83.66,09-20-2026 21:59:12:140,128416,169790
83.67,09-20-2026 21:59:12:150,128398,169777
83.68,09-20-2026 21:59:12:160,128407,169785
83.69,09-20-2026 21:59:12:170,128399,169778
83.7,09-20-2026 21:59:12:180,128421,169782
83.71,09-20-2026 21:59:12:190,128382,169785
83.72,09-20-2026 21:59:12:200,128418,169778
83.73,09-20-2026 21:59:12:210,128391,169781
83.74,09-20-2026 21:59:12:220,128420,169765
83.75,09-20-2026 21:59:12:230,128405,169766
83.76,09-20-2026 21:59:12:240,128406,169782
83.77,09-20-2026 21:59:12:250,128392,169782
83.78,09-20-2026 21:59:12:260,128387,169792
83.79,09-20-2026 21:59:12:270,128384,169772
83.8,09-20-2026 21:59:12:280,128407,169786
83.81,09-20-2026 21:59:12:290,128392,169797
83.82,09-20-2026 21:59:12:300,128383,169783
83.83,09-20-2026 21:59:12:310,128386,169780
83.84,09-20-2026 21:59:12:320,128400,169784
83.85,09-20-2026 21:59:12:330,128405,169775
83.86,09-20-2026 21:59:12:340,128382,169776
83.87,09-20-2026 21:59:12:350,128398,169790
83.88,09-20-2026 21:59:12:360,128400,169776
83.89,09-20-2026 21:59:12:370,128386,169764
83.9,09-20-2026 21:59:12:380,128386,169764
83.91,09-20-2026 21:59:12:390,128395,169786
83.92,09-20-2026 21:59:12:400,128382,169754
83.93,09-20-2026 21:59:12:410,128386,169773
83.94,09-20-2026 21:59:12:420,128393,169766
83.95,09-20-2026 21:59:12:430,128386,169774
83.96,09-20-2026 21:59:12:440,128399,169754
83.97,09-20-2026 21:59:12:450,128393,169789
83.98,09-20-2026 21:59:12:460,128383,169763
83.99,09-20-2026 21:59:12:470,128402,169797
84,09-20-2026 21:59:12:480,128406,169765
84.01,09-20-2026 21:59:12:490,128401,169797
84.02,09-20-2026 21:59:12:500,128392,169773
84.03,09-20-2026 21:59:12:510,128379,169799
84.04,09-20-2026 21:59:12:520,128390,169774
84.05,09-20-2026 21:59:12:530,128404,169807
84.06,09-20-2026 21:59:12:540,128383,169753
84.07,09-20-2026 21:59:12:550,128401,169814
84.08,09-20-2026 21:59:12:560,128409,169771
84.09,09-20-2026 21:59:12:570,128403,169821
84.1,09-20-2026 21:59:12:580,128392,169767
84.11,09-20-2026 21:59:12:590,128400,169801
84.12,09-20-2026 21:59:12:600,128376,169759
84.13,09-20-2026 21:59:12:610,128411,169814
84.14,09-20-2026 21:59:12:620,128414,169765
84.15,09-20-2026 21:59:12:630,128395,169832
84.16,09-20-2026 21:59:12:640,128400,169784
84.17,09-20-2026 21:59:12:650,128396,169823
84.18,09-20-2026 21:59:12:660,128404,169775
84.19,09-20-2026 21:59:12:670,128391,169816
84.2,09-20-2026 21:59:12:680,128409,169804
84.21,09-20-2026 21:59:12:690,128391,169838
84.22,09-20-2026 21:59:12:700,128404,169795
84.23,09-20-2026 21:59:12:710,128417,169836
84.24,09-20-2026 21:59:12:720,128414,169805
84.25,09-20-2026 21:59:12:730,128401,169853
84.26,09-20-2026 21:59:12:740,128423,169823
84.27,09-20-2026 21:59:12:750,128410,169842
84.28,09-20-2026 21:59:12:760,128411,169833
84.29,09-20-2026 21:59:12:770,128407,169850
84.3,09-20-2026 21:59:12:780,128396,169851
84.31,09-20-2026 21:59:12:790,128409,169854
84.32,09-20-2026 21:59:12:800,128413,169866
84.33,09-20-2026 21:59:12:810,128411,169862
84.34,09-20-2026 21:59:12:820,128403,169873
84.35,09-20-2026 21:59:12:830,128414,169850
84.36,09-20-2026 21:59:12:840,128416,169860
84.37,09-20-2026 21:59:12:850,128405,169843
84.38,09-20-2026 21:59:12:860,128396,169854
84.39,09-20-2026 21:59:12:870,128416,169848
84.4,09-20-2026 21:59:12:880,128404,169844
84.41,09-20-2026 21:59:12:890,128409,169822
84.42,09-20-2026 21:59:12:900,128392,169841
84.43,09-20-2026 21:59:12:910,128400,169820
84.44,09-20-2026 21:59:12:920,128421,169827
84.45,09-20-2026 21:59:12:930,128413,169807
84.46,09-20-2026 21:59:12:940,128393,169830
84.47,09-20-2026 21:59:12:950,128406,169799
84.48,09-20-2026 21:59:12:960,128398,169824
84.49,09-20-2026 21:59:12:970,128408,169784
84.5,09-20-2026 21:59:12:980,128410,169828
84.51,09-20-2026 21:59:12:990,128409,169793
84.52,09-20-2026 21:59:13:000,128403,169794
84.53,09-20-2026 21:59:13:010,128394,169789
84.54,09-20-2026 21:59:13:020,128396,169813
84.55,09-20-2026 21:59:13:030,128404,169780
84.56,09-20-2026 21:59:13:040,128406,169821
84.57,09-20-2026 21:59:13:050,128407,169777
84.58,09-20-2026 21:59:13:060,128405,169807
84.59,09-20-2026 21:59:13:070,128402,169776
84.6,09-20-2026 21:59:13:080,128412,169810
84.61,09-20-2026 21:59:13:090,128388,169786
84.62,09-20-2026 21:59:13:100,128412,169820
84.63,09-20-2026 21:59:13:110,128403,169777
84.64,09-20-2026 21:59:13:120,128401,169820
84.65,09-20-2026 21:59:13:130,128403,169800
84.66,09-20-2026 21:59:13:140,128396,169814
84.67,09-20-2026 21:59:13:150,128414,169777
84.68,09-20-2026 21:59:13:160,128410,169798
84.69,09-20-2026 21:59:13:170,128410,169783
84.7,09-20-2026 21:59:13:180,128401,169803
84.71,09-20-2026 21:59:13:190,128419,169777
84.72,09-20-2026 21:59:13:200,128414,169787
84.73,09-20-2026 21:59:13:210,128397,169774
84.74,09-20-2026 21:59:13:220,128418,169794
84.75,09-20-2026 21:59:13:230,128394,169783
84.76,09-20-2026 21:59:13:240,128408,169783
84.77,09-20-2026 21:59:13:250,128406,169780
84.78,09-20-2026 21:59:13:260,128395,169788
84.79,09-20-2026 21:59:13:270,128402,169777
84.8,09-20-2026 21:59:13:280,128405,169799
84.81,09-20-2026 21:59:13:290,128386,169796
84.82,09-20-2026 21:59:13:300,128402,169767
84.83,09-20-2026 21:59:13:310,128409,169774
84.84,09-20-2026 21:59:13:320,128392,169792
84.85,09-20-2026 21:59:13:330,128415,169764
84.86,09-20-2026 21:59:13:340,128403,169785
84.87,09-20-2026 21:59:13:350,128402,169769
84.88,09-20-2026 21:59:13:360,128417,169796
84.89,09-20-2026 21:59:13:370,128403,169802
84.9,09-20-2026 21:59:13:380,128407,169795
84.91,09-20-2026 21:59:13:390,128405,169792
84.92,09-20-2026 21:59:13:400,128410,169805
84.93,09-20-2026 21:59:13:410,128414,169812
84.94,09-20-2026 21:59:13:420,128407,169813
84.95,09-20-2026 21:59:13:430,128414,169813
84.96,09-20-2026 21:59:13:440,128410,169819
84.97,09-20-2026 21:59:13:450,128418,169824
84.98,09-20-2026 21:59:13:460,128415,169796
84.99,09-20-2026 21:59:13:470,128416,169826
85,09-20-2026 21:59:13:480,128415,169813
85.01,09-20-2026 21:59:13:490,128415,169826
85.02,09-20-2026 21:59:13:500,128410,169818
85.03,09-20-2026 21:59:13:510,128415,169812
85.04,09-20-2026 21:59:13:520,128416,169822
85.05,09-20-2026 21:59:13:530,128411,169828
85.06,09-20-2026 21:59:13:540,128407,169829
85.07,09-20-2026 21:59:13:550,128426,169838
85.08,09-20-2026 21:59:13:560,128398,169811
85.09,09-20-2026 21:59:13:570,128402,169839
85.1,09-20-2026 21:59:13:580,128418,169831
85.11,09-20-2026 21:59:13:590,128426,169844
85.12,09-20-2026 21:59:13:600,128401,169839
85.13,09-20-2026 21:59:13:610,128409,169855
85.14,09-20-2026 21:59:13:620,128424,169829
85.15,09-20-2026 21:59:13:630,128425,169848
85.16,09-20-2026 21:59:13:640,128415,169843
85.17,09-20-2026 21:59:13:650,128417,169840
85.18,09-20-2026 21:59:13:660,128413,169851
85.19,09-20-2026 21:59:13:670,128414,169845
85.2,09-20-2026 21:59:13:680,128406,169876
85.21,09-20-2026 21:59:13:690,128434,169876
85.22,09-20-2026 21:59:13:700,128420,169886
85.23,09-20-2026 21:59:13:710,128436,169865
85.24,09-20-2026 21:59:13:720,128416,169849
85.25,09-20-2026 21:59:13:730,128429,169870
85.26,09-20-2026 21:59:13:740,128400,169888
85.27,09-20-2026 21:59:13:750,128418,169866
85.28,09-20-2026 21:59:13:760,128404,169865
85.29,09-20-2026 21:59:13:770,128416,169859
85.3,09-20-2026 21:59:13:780,128404,169857
85.31,09-20-2026 21:59:13:790,128435,169856
85.32,09-20-2026 21:59:13:800,128398,169849
85.33,09-20-2026 21:59:13:810,128425,169844
85.34,09-20-2026 21:59:13:820,128387,169844
85.35,09-20-2026 21:59:13:830,128422,169820
85.36,09-20-2026 21:59:13:840,128375,169828
85.37,09-20-2026 21:59:13:850,128437,169831
85.38,09-20-2026 21:59:13:860,128392,169833
85.39,09-20-2026 21:59:13:870,128423,169812
85.4,09-20-2026 21:59:13:880,128403,169826
85.41,09-20-2026 21:59:13:890,128436,169821
85.42,09-20-2026 21:59:13:900,128384,169823
85.43,09-20-2026 21:59:13:910,128414,169825
85.44,09-20-2026 21:59:13:920,128391,169820
85.45,09-20-2026 21:59:13:930,128420,169813
85.46,09-20-2026 21:59:13:940,128382,169825
85.47,09-20-2026 21:59:13:950,128437,169803
85.48,09-20-2026 21:59:13:960,128392,169792
85.49,09-20-2026 21:59:13:970,128447,169790
85.5,09-20-2026 21:59:13:980,128381,169806
85.51,09-20-2026 21:59:13:990,128430,169794
85.52,09-20-2026 21:59:14:000,128408,169811
85.53,09-20-2026 21:59:14:010,128425,169783
85.54,09-20-2026 21:59:14:020,128406,169795
85.55,09-20-2026 21:59:14:030,128426,169806
85.56,09-20-2026 21:59:14:040,128406,169825
85.57,09-20-2026 21:59:14:050,128425,169806
85.58,09-20-2026 21:59:14:060,128404,169812
85.59,09-20-2026 21:59:14:070,128418,169804
85.6,09-20-2026 21:59:14:080,128407,169806
85.61,09-20-2026 21:59:14:090,128422,169794
85.62,09-20-2026 21:59:14:100,128412,169816
85.63,09-20-2026 21:59:14:110,128417,169795
85.64,09-20-2026 21:59:14:120,128428,169817
85.65,09-20-2026 21:59:14:130,128420,169791
85.66,09-20-2026 21:59:14:140,128416,169806
85.67,09-20-2026 21:59:14:150,128413,169814
85.68,09-20-2026 21:59:14:160,128431,169799
85.69,09-20-2026 21:59:14:170,128429,169810
85.7,09-20-2026 21:59:14:180,128445,169809
85.71,09-20-2026 21:59:14:190,128419,169820
85.72,09-20-2026 21:59:14:200,128423,169807
85.73,09-20-2026 21:59:14:210,128440,169830
85.74,09-20-2026 21:59:14:220,128437,169814
85.75,09-20-2026 21:59:14:230,128419,169819
85.76,09-20-2026 21:59:14:240,128439,169824
85.77,09-20-2026 21:59:14:250,128416,169839
85.78,09-20-2026 21:59:14:260,128450,169843
85.79,09-20-2026 21:59:14:270,128422,169843
85.8,09-20-2026 21:59:14:280,128457,169824
85.81,09-20-2026 21:59:14:290,128434,169830
85.82,09-20-2026 21:59:14:300,128466,169833
85.83,09-20-2026 21:59:14:310,128425,169831
85.84,09-20-2026 21:59:14:320,128463,169835
85.85,09-20-2026 21:59:14:330,128458,169848
85.86,09-20-2026 21:59:14:340,128458,169849
85.87,09-20-2026 21:59:14:350,128437,169849
85.88,09-20-2026 21:59:14:360,128475,169854
85.89,09-20-2026 21:59:14:370,128436,169845
85.9,09-20-2026 21:59:14:380,128469,169846
85.91,09-20-2026 21:59:14:390,128435,169854
85.92,09-20-2026 21:59:14:400,128482,169857
85.93,09-20-2026 21:59:14:410,128421,169868
85.94,09-20-2026 21:59:14:420,128462,169853
85.95,09-20-2026 21:59:14:430,128435,169872
85.96,09-20-2026 21:59:14:440,128471,169870
85.97,09-20-2026 21:59:14:450,128449,169861
85.98,09-20-2026 21:59:14:460,128482,169877
85.99,09-20-2026 21:59:14:470,128439,169876
86,09-20-2026 21:59:14:480,128469,169883
86.01,09-20-2026 21:59:14:490,128450,169882
86.02,09-20-2026 21:59:14:500,128466,169878
86.03,09-20-2026 21:59:14:510,128453,169898
86.04,09-20-2026 21:59:14:520,128463,169901
86.05,09-20-2026 21:59:14:530,128440,169901
86.06,09-20-2026 21:59:14:540,128484,169891
86.07,09-20-2026 21:59:14:550,128454,169899
86.08,09-20-2026 21:59:14:560,128453,169919
86.09,09-20-2026 21:59:14:570,128453,169893
86.1,09-20-2026 21:59:14:580,128467,169907
86.11,09-20-2026 21:59:14:590,128435,169889
86.12,09-20-2026 21:59:14:600,128469,169922
86.13,09-20-2026 21:59:14:610,128457,169909
86.14,09-20-2026 21:59:14:620,128448,169919
86.15,09-20-2026 21:59:14:630,128454,169919
86.16,09-20-2026 21:59:14:640,128434,169924
86.17,09-20-2026 21:59:14:650,128450,169932
86.18,09-20-2026 21:59:14:660,128471,169931
86.19,09-20-2026 21:59:14:670,128458,169937
86.2,09-20-2026 21:59:14:680,128469,169943
86.21,09-20-2026 21:59:14:690,128487,169925
86.22,09-20-2026 21:59:14:700,128461,169954
86.23,09-20-2026 21:59:14:710,128461,169944
86.24,09-20-2026 21:59:14:720,128462,169956
86.25,09-20-2026 21:59:14:730,128463,169928
86.26,09-20-2026 21:59:14:740,128470,169954
86.27,09-20-2026 21:59:14:750,128468,169938
86.28,09-20-2026 21:59:14:760,128460,169947
86.29,09-20-2026 21:59:14:770,128457,169959
86.3,09-20-2026 21:59:14:780,128460,169943
86.31,09-20-2026 21:59:14:790,128471,169919
86.32,09-20-2026 21:59:14:800,128448,169940
86.33,09-20-2026 21:59:14:810,128471,169895
86.34,09-20-2026 21:59:14:820,128479,169920
86.35,09-20-2026 21:59:14:830,128452,169882
86.36,09-20-2026 21:59:14:840,128483,169920
86.37,09-20-2026 21:59:14:850,128455,169874
86.38,09-20-2026 21:59:14:860,128465,169911
86.39,09-20-2026 21:59:14:870,128466,169877
86.4,09-20-2026 21:59:14:880,128462,169909
86.41,09-20-2026 21:59:14:890,128469,169878
86.42,09-20-2026 21:59:14:900,128474,169927
86.43,09-20-2026 21:59:14:910,128463,169889
86.44,09-20-2026 21:59:14:920,128466,169890
86.45,09-20-2026 21:59:14:930,128468,169860
86.46,09-20-2026 21:59:14:940,128475,169906
86.47,09-20-2026 21:59:14:950,128462,169839
86.48,09-20-2026 21:59:14:960,128457,169918
86.49,09-20-2026 21:59:14:970,128464,169858
86.5,09-20-2026 21:59:14:980,128457,169900
86.51,09-20-2026 21:59:14:990,128475,169852
86.52,09-20-2026 21:59:15:000,128482,169903
86.53,09-20-2026 21:59:15:010,128446,169835
86.54,09-20-2026 21:59:15:020,128450,169917
86.55,09-20-2026 21:59:15:030,128471,169853
86.56,09-20-2026 21:59:15:040,128471,169918
86.57,09-20-2026 21:59:15:050,128474,169865
86.58,09-20-2026 21:59:15:060,128468,169909
86.59,09-20-2026 21:59:15:070,128470,169884
86.6,09-20-2026 21:59:15:080,128468,169911
86.61,09-20-2026 21:59:15:090,128469,169881
86.62,09-20-2026 21:59:15:100,128466,169899
86.63,09-20-2026 21:59:15:110,128485,169868
86.64,09-20-2026 21:59:15:120,128480,169910
86.65,09-20-2026 21:59:15:130,128468,169895
86.66,09-20-2026 21:59:15:140,128475,169911
86.67,09-20-2026 21:59:15:150,128486,169895
86.68,09-20-2026 21:59:15:160,128469,169923
86.69,09-20-2026 21:59:15:170,128453,169925
86.7,09-20-2026 21:59:15:180,128471,169908
86.71,09-20-2026 21:59:15:190,128469,169925
86.72,09-20-2026 21:59:15:200,128474,169939
86.73,09-20-2026 21:59:15:210,128492,169949
86.74,09-20-2026 21:59:15:220,128472,169930
86.75,09-20-2026 21:59:15:230,128463,169930
86.76,09-20-2026 21:59:15:240,128463,169928
86.77,09-20-2026 21:59:15:250,128474,169928
86.78,09-20-2026 21:59:15:260,128484,169930
86.79,09-20-2026 21:59:15:270,128482,169962
86.8,09-20-2026 21:59:15:280,128481,169933
86.81,09-20-2026 21:59:15:290,128479,169943
86.82,09-20-2026 21:59:15:300,128462,169942
86.83,09-20-2026 21:59:15:310,128474,169959
86.84,09-20-2026 21:59:15:320,128462,169943
86.85,09-20-2026 21:59:15:330,128484,169966
86.86,09-20-2026 21:59:15:340,128475,169970
86.87,09-20-2026 21:59:15:350,128486,169990
86.88,09-20-2026 21:59:15:360,128485,169930
86.89,09-20-2026 21:59:15:370,128484,169998
86.9,09-20-2026 21:59:15:380,128479,169949
86.91,09-20-2026 21:59:15:390,128487,169992
86.92,09-20-2026 21:59:15:400,128495,169989
86.93,09-20-2026 21:59:15:410,128479,169996
86.94,09-20-2026 21:59:15:420,128465,169954
86.95,09-20-2026 21:59:15:430,128481,169997
86.96,09-20-2026 21:59:15:440,128456,169969
86.97,09-20-2026 21:59:15:450,128490,170018
86.98,09-20-2026 21:59:15:460,128500,169992
86.99,09-20-2026 21:59:15:470,128505,170007
87,09-20-2026 21:59:15:480,128479,169975
87.01,09-20-2026 21:59:15:490,128505,170041
87.02,09-20-2026 21:59:15:500,128493,169983
87.03,09-20-2026 21:59:15:510,128490,170009
87.04,09-20-2026 21:59:15:520,128486,169993
87.05,09-20-2026 21:59:15:530,128471,170024
87.06,09-20-2026 21:59:15:540,128485,170008
87.07,09-20-2026 21:59:15:550,128494,170011
87.08,09-20-2026 21:59:15:560,128497,170016
87.09,09-20-2026 21:59:15:570,128489,170030
87.1,09-20-2026 21:59:15:580,128497,170028
87.11,09-20-2026 21:59:15:590,128506,170018
87.12,09-20-2026 21:59:15:600,128506,170030
87.13,09-20-2026 21:59:15:610,128500,170043
87.14,09-20-2026 21:59:15:620,128505,170025
87.15,09-20-2026 21:59:15:630,128499,170036
87.16,09-20-2026 21:59:15:640,128495,170042
87.17,09-20-2026 21:59:15:650,128505,170026
87.18,09-20-2026 21:59:15:660,128505,170032
87.19,09-20-2026 21:59:15:670,128514,170058
87.2,09-20-2026 21:59:15:680,128517,170024
87.21,09-20-2026 21:59:15:690,128495,170044
87.22,09-20-2026 21:59:15:700,128528,170037
87.23,09-20-2026 21:59:15:710,128489,170054
87.24,09-20-2026 21:59:15:720,128498,170065
87.25,09-20-2026 21:59:15:730,128506,170054
87.26,09-20-2026 21:59:15:740,128500,170040
87.27,09-20-2026 21:59:15:750,128504,170026
87.28,09-20-2026 21:59:15:760,128484,170041
87.29,09-20-2026 21:59:15:770,128517,170024
87.3,09-20-2026 21:59:15:780,128495,170020
87.31,09-20-2026 21:59:15:790,128506,170020
87.32,09-20-2026 21:59:15:800,128511,170017
87.33,09-20-2026 21:59:15:810,128526,170015
87.34,09-20-2026 21:59:15:820,128516,169999
87.35,09-20-2026 21:59:15:830,128507,170004
87.36,09-20-2026 21:59:15:840,128502,170003
87.37,09-20-2026 21:59:15:850,128512,170015
87.38,09-20-2026 21:59:15:860,128514,170021
87.39,09-20-2026 21:59:15:870,128502,170011
87.4,09-20-2026 21:59:15:880,128517,170007
87.41,09-20-2026 21:59:15:890,128514,170006
87.42,09-20-2026 21:59:15:900,128504,170024
87.43,09-20-2026 21:59:15:910,128504,170005
87.44,09-20-2026 21:59:15:920,128513,170002
87.45,09-20-2026 21:59:15:930,128508,170008
87.46,09-20-2026 21:59:15:940,128519,169989
87.47,09-20-2026 21:59:15:950,128507,170014
87.48,09-20-2026 21:59:15:960,128498,170010
87.49,09-20-2026 21:59:15:970,128508,170025
87.5,09-20-2026 21:59:15:980,128529,170014
87.51,09-20-2026 21:59:15:990,128501,170027
87.52,09-20-2026 21:59:16:000,128503,170023
87.53,09-20-2026 21:59:16:010,128516,170026
87.54,09-20-2026 21:59:16:020,128507,170008
87.55,09-20-2026 21:59:16:030,128501,169997
87.56,09-20-2026 21:59:16:040,128512,170020
87.57,09-20-2026 21:59:16:050,128482,170022
87.58,09-20-2026 21:59:16:060,128515,170011
87.59,09-20-2026 21:59:16:070,128504,170007
87.6,09-20-2026 21:59:16:080,128513,170007
87.61,09-20-2026 21:59:16:090,128494,170020
87.62,09-20-2026 21:59:16:100,128506,170020
87.63,09-20-2026 21:59:16:110,128508,170030
87.64,09-20-2026 21:59:16:120,128540,170023
87.65,09-20-2026 21:59:16:130,128494,170029
87.66,09-20-2026 21:59:16:140,128530,170029
87.67,09-20-2026 21:59:16:150,128514,170030
87.68,09-20-2026 21:59:16:160,128519,170033
87.69,09-20-2026 21:59:16:170,128488,170038
87.7,09-20-2026 21:59:16:180,128516,170031
87.71,09-20-2026 21:59:16:190,128491,170028
87.72,09-20-2026 21:59:16:200,128520,170032
87.73,09-20-2026 21:59:16:210,128480,170045
87.74,09-20-2026 21:59:16:220,128521,170036
87.75,09-20-2026 21:59:16:230,128484,170039
87.76,09-20-2026 21:59:16:240,128542,170033
87.77,09-20-2026 21:59:16:250,128491,170041
87.78,09-20-2026 21:59:16:260,128520,170038
87.79,09-20-2026 21:59:16:270,128482,170056
87.8,09-20-2026 21:59:16:280,128521,170053
87.81,09-20-2026 21:59:16:290,128473,170056
87.82,09-20-2026 21:59:16:300,128527,170059
87.83,09-20-2026 21:59:16:310,128477,170081
87.84,09-20-2026 21:59:16:320,128537,170059
87.85,09-20-2026 21:59:16:330,128487,170072
87.86,09-20-2026 21:59:16:340,128525,170056
87.87,09-20-2026 21:59:16:350,128496,170088
87.88,09-20-2026 21:59:16:360,128531,170081
87.89,09-20-2026 21:59:16:370,128511,170056
87.9,09-20-2026 21:59:16:380,128541,170070
87.91,09-20-2026 21:59:16:390,128517,170091
87.92,09-20-2026 21:59:16:400,128545,170091
87.93,09-20-2026 21:59:16:410,128518,170087
87.94,09-20-2026 21:59:16:420,128533,170076
87.95,09-20-2026 21:59:16:430,128530,170094
87.96,09-20-2026 21:59:16:440,128542,170074
87.97,09-20-2026 21:59:16:450,128538,170096
87.98,09-20-2026 21:59:16:460,128547,170108
87.99,09-20-2026 21:59:16:470,128551,170089
88,09-20-2026 21:59:16:480,128532,170101
88.01,09-20-2026 21:59:16:490,128564,170094
88.02,09-20-2026 21:59:16:500,128552,170123
88.03,09-20-2026 21:59:16:510,128556,170112
88.04,09-20-2026 21:59:16:520,128530,170111
88.05,09-20-2026 21:59:16:530,128555,170112
88.06,09-20-2026 21:59:16:540,128548,170111
88.07,09-20-2026 21:59:16:550,128574,170141
88.08,09-20-2026 21:59:16:560,128540,170095
88.09,09-20-2026 21:59:16:570,128576,170123
88.1,09-20-2026 21:59:16:580,128544,170133
88.11,09-20-2026 21:59:16:590,128573,170135
88.12,09-20-2026 21:59:16:600,128532,170129
88.13,09-20-2026 21:59:16:610,128578,170146
88.14,09-20-2026 21:59:16:620,128557,170126
88.15,09-20-2026 21:59:16:630,128582,170123
88.16,09-20-2026 21:59:16:640,128538,170114
88.17,09-20-2026 21:59:16:650,128583,170111
88.18,09-20-2026 21:59:16:660,128551,170110
88.19,09-20-2026 21:59:16:670,128584,170109
88.2,09-20-2026 21:59:16:680,128549,170087
88.21,09-20-2026 21:59:16:690,128599,170109
88.22,09-20-2026 21:59:16:700,128543,170083
88.23,09-20-2026 21:59:16:710,128572,170102
88.24,09-20-2026 21:59:16:720,128559,170093
88.25,09-20-2026 21:59:16:730,128584,170095
88.26,09-20-2026 21:59:16:740,128533,170068
88.27,09-20-2026 21:59:16:750,128578,170082
88.28,09-20-2026 21:59:16:760,128545,170073
88.29,09-20-2026 21:59:16:770,128581,170094
88.3,09-20-2026 21:59:16:780,128542,170088
88.31,09-20-2026 21:59:16:790,128585,170087
88.32,09-20-2026 21:59:16:800,128560,170078
88.33,09-20-2026 21:59:16:810,128575,170089
88.34,09-20-2026 21:59:16:820,128557,170081
88.35,09-20-2026 21:59:16:830,128560,170077
88.36,09-20-2026 21:59:16:840,128558,170089
88.37,09-20-2026 21:59:16:850,128573,170082
88.38,09-20-2026 21:59:16:860,128557,170082
88.39,09-20-2026 21:59:16:870,128592,170075
88.4,09-20-2026 21:59:16:880,128547,170085
88.41,09-20-2026 21:59:16:890,128595,170096
88.42,09-20-2026 21:59:16:900,128545,170090
88.43,09-20-2026 21:59:16:910,128552,170079
88.44,09-20-2026 21:59:16:920,128555,170079
88.45,09-20-2026 21:59:16:930,128549,170074
88.46,09-20-2026 21:59:16:940,128545,170080
88.47,09-20-2026 21:59:16:950,128552,170088
88.48,09-20-2026 21:59:16:960,128547,170090
88.49,09-20-2026 21:59:16:970,128549,170073
88.5,09-20-2026 21:59:16:980,128553,170094
88.51,09-20-2026 21:59:16:990,128569,170081
88.52,09-20-2026 21:59:17:000,128552,170062
88.53,09-20-2026 21:59:17:010,128558,170093
88.54,09-20-2026 21:59:17:020,128553,170055
88.55,09-20-2026 21:59:17:030,128556,170094
88.56,09-20-2026 21:59:17:040,128551,170094
88.57,09-20-2026 21:59:17:050,128557,170099
88.58,09-20-2026 21:59:17:060,128555,170091
88.59,09-20-2026 21:59:17:070,128564,170094
88.6,09-20-2026 21:59:17:080,128558,170089
88.61,09-20-2026 21:59:17:090,128565,170092
88.62,09-20-2026 21:59:17:100,128573,170075
88.63,09-20-2026 21:59:17:110,128553,170096
88.64,09-20-2026 21:59:17:120,128552,170079
88.65,09-20-2026 21:59:17:130,128572,170098
88.66,09-20-2026 21:59:17:140,128566,170103
88.67,09-20-2026 21:59:17:150,128552,170112
88.68,09-20-2026 21:59:17:160,128580,170092
88.69,09-20-2026 21:59:17:170,128567,170120
88.7,09-20-2026 21:59:17:180,128565,170075
88.71,09-20-2026 21:59:17:190,128560,170123
88.72,09-20-2026 21:59:17:200,128553,170079
88.73,09-20-2026 21:59:17:210,128568,170122
88.74,09-20-2026 21:59:17:220,128567,170076
88.75,09-20-2026 21:59:17:230,128561,170127
88.76,09-20-2026 21:59:17:240,128575,170109
88.77,09-20-2026 21:59:17:250,128576,170143
88.78,09-20-2026 21:59:17:260,128569,170100
88.79,09-20-2026 21:59:17:270,128576,170140
88.8,09-20-2026 21:59:17:280,128559,170104
88.81,09-20-2026 21:59:17:290,128563,170147
88.82,09-20-2026 21:59:17:300,128600,170104
88.83,09-20-2026 21:59:17:310,128579,170152
88.84,09-20-2026 21:59:17:320,128570,170159
88.85,09-20-2026 21:59:17:330,128569,170141
88.86,09-20-2026 21:59:17:340,128571,170117
88.87,09-20-2026 21:59:17:350,128562,170175
88.88,09-20-2026 21:59:17:360,128571,170130
88.89,09-20-2026 21:59:17:370,128585,170183
88.9,09-20-2026 21:59:17:380,128579,170138
88.91,09-20-2026 21:59:17:390,128580,170165
88.92,09-20-2026 21:59:17:400,128562,170156
88.93,09-20-2026 21:59:17:410,128585,170173
88.94,09-20-2026 21:59:17:420,128581,170151
88.95,09-20-2026 21:59:17:430,128585,170166
88.96,09-20-2026 21:59:17:440,128598,170206
88.97,09-20-2026 21:59:17:450,128577,170201
88.98,09-20-2026 21:59:17:460,128570,170190
88.99,09-20-2026 21:59:17:470,128596,170201
89,09-20-2026 21:59:17:480,128577,170207
89.01,09-20-2026 21:59:17:490,128589,170197
89.02,09-20-2026 21:59:17:500,128582,170215
89.03,09-20-2026 21:59:17:510,128584,170188
89.04,09-20-2026 21:59:17:520,128588,170216
89.05,09-20-2026 21:59:17:530,128604,170213
89.06,09-20-2026 21:59:17:540,128577,170238
89.07,09-20-2026 21:59:17:550,128592,170205
89.08,09-20-2026 21:59:17:560,128596,170218
89.09,09-20-2026 21:59:17:570,128589,170198
89.1,09-20-2026 21:59:17:580,128605,170229
89.11,09-20-2026 21:59:17:590,128590,170217
89.12,09-20-2026 21:59:17:600,128597,170248
89.13,09-20-2026 21:59:17:610,128595,170217
89.14,09-20-2026 21:59:17:620,128573,170228
89.15,09-20-2026 21:59:17:630,128588,170194
89.16,09-20-2026 21:59:17:640,128605,170213
89.17,09-20-2026 21:59:17:650,128578,170168
89.18,09-20-2026 21:59:17:660,128593,170208
89.19,09-20-2026 21:59:17:670,128585,170182
89.2,09-20-2026 21:59:17:680,128585,170206
89.21,09-20-2026 21:59:17:690,128569,170191
89.22,09-20-2026 21:59:17:700,128601,170202
89.23,09-20-2026 21:59:17:710,128593,170171
89.24,09-20-2026 21:59:17:720,128589,170214
89.25,09-20-2026 21:59:17:730,128591,170175
89.26,09-20-2026 21:59:17:740,128600,170209
89.27,09-20-2026 21:59:17:750,128586,170170
89.28,09-20-2026 21:59:17:760,128586,170180
89.29,09-20-2026 21:59:17:770,128588,170161
89.3,09-20-2026 21:59:17:780,128591,170193
89.31,09-20-2026 21:59:17:790,128584,170167
89.32,09-20-2026 21:59:17:800,128588,170165
89.33,09-20-2026 21:59:17:810,128583,170141
89.34,09-20-2026 21:59:17:820,128596,170171
89.35,09-20-2026 21:59:17:830,128577,170154
89.36,09-20-2026 21:59:17:840,128584,170183
89.37,09-20-2026 21:59:17:850,128597,170126
89.38,09-20-2026 21:59:17:860,128591,170189
89.39,09-20-2026 21:59:17:870,128590,170156
89.4,09-20-2026 21:59:17:880,128596,170168
89.41,09-20-2026 21:59:17:890,128598,170160
89.42,09-20-2026 21:59:17:900,128593,170174
89.43,09-20-2026 21:59:17:910,128592,170164
89.44,09-20-2026 21:59:17:920,128599,170173
89.45,09-20-2026 21:59:17:930,128595,170163
89.46,09-20-2026 21:59:17:940,128586,170151
89.47,09-20-2026 21:59:17:950,128606,170159
89.48,09-20-2026 21:59:17:960,128602,170169
89.49,09-20-2026 21:59:17:970,128604,170165
89.5,09-20-2026 21:59:17:980,128588,170159
89.51,09-20-2026 21:59:17:990,128609,170162
89.52,09-20-2026 21:59:18:000,128590,170149
89.53,09-20-2026 21:59:18:010,128583,170171
89.54,09-20-2026 21:59:18:020,128592,170168
89.55,09-20-2026 21:59:18:030,128610,170176
89.56,09-20-2026 21:59:18:040,128597,170171
89.57,09-20-2026 21:59:18:050,128605,170182
89.58,09-20-2026 21:59:18:060,128599,170177
89.59,09-20-2026 21:59:18:070,128603,170188
89.6,09-20-2026 21:59:18:080,128604,170189
89.61,09-20-2026 21:59:18:090,128594,170172
89.62,09-20-2026 21:59:18:100,128589,170173
89.63,09-20-2026 21:59:18:110,128594,170161
89.64,09-20-2026 21:59:18:120,128588,170196
89.65,09-20-2026 21:59:18:130,128600,170160
89.66,09-20-2026 21:59:18:140,128597,170173
89.67,09-20-2026 21:59:18:150,128602,170176
89.68,09-20-2026 21:59:18:160,128592,170180
89.69,09-20-2026 21:59:18:170,128612,170182
89.7,09-20-2026 21:59:18:180,128594,170190
89.71,09-20-2026 21:59:18:190,128604,170189
89.72,09-20-2026 21:59:18:200,128600,170163
89.73,09-20-2026 21:59:18:210,128607,170204
89.74,09-20-2026 21:59:18:220,128586,170199
89.75,09-20-2026 21:59:18:230,128592,170210
89.76,09-20-2026 21:59:18:240,128586,170196
89.77,09-20-2026 21:59:18:250,128592,170196
89.78,09-20-2026 21:59:18:260,128595,170197
89.79,09-20-2026 21:59:18:270,128592,170207
89.8,09-20-2026 21:59:18:280,128580,170198
89.81,09-20-2026 21:59:18:290,128606,170221
89.82,09-20-2026 21:59:18:300,128598,170204
89.83,09-20-2026 21:59:18:310,128598,170212
89.84,09-20-2026 21:59:18:320,128593,170216
89.85,09-20-2026 21:59:18:330,128614,170212
89.86,09-20-2026 21:59:18:340,128594,170230
89.87,09-20-2026 21:59:18:350,128608,170229
89.88,09-20-2026 21:59:18:360,128571,170217
89.89,09-20-2026 21:59:18:370,128617,170220
89.9,09-20-2026 21:59:18:380,128580,170214
89.91,09-20-2026 21:59:18:390,128607,170251
89.92,09-20-2026 21:59:18:400,128581,170231
89.93,09-20-2026 21:59:18:410,128609,170232
89.94,09-20-2026 21:59:18:420,128587,170242
89.95,09-20-2026 21:59:18:430,128622,170224
89.96,09-20-2026 21:59:18:440,128588,170222
89.97,09-20-2026 21:59:18:450,128624,170247
89.98,09-20-2026 21:59:18:460,128561,170240
89.99,09-20-2026 21:59:18:470,128615,170268
90,09-20-2026 21:59:18:480,128599,170240
90.01,09-20-2026 21:59:18:490,128619,170235
90.02,09-20-2026 21:59:18:500,128556,170227
90.03,09-20-2026 21:59:18:510,128611,170219
90.04,09-20-2026 21:59:18:520,128591,170219
90.05,09-20-2026 21:59:18:530,128610,170221
90.06,09-20-2026 21:59:18:540,128555,170187
90.07,09-20-2026 21:59:18:550,128596,170213
90.08,09-20-2026 21:59:18:560,128571,170185
90.09,09-20-2026 21:59:18:570,128616,170201
90.1,09-20-2026 21:59:18:580,128550,170209
90.11,09-20-2026 21:59:18:590,128611,170205
90.12,09-20-2026 21:59:18:600,128581,170182
90.13,09-20-2026 21:59:18:610,128617,170201
90.14,09-20-2026 21:59:18:620,128574,170182
90.15,09-20-2026 21:59:18:630,128614,170197
90.16,09-20-2026 21:59:18:640,128582,170185
90.17,09-20-2026 21:59:18:650,128615,170187
90.18,09-20-2026 21:59:18:660,128583,170185
90.19,09-20-2026 21:59:18:670,128621,170171
90.2,09-20-2026 21:59:18:680,128601,170167
90.21,09-20-2026 21:59:18:690,128601,170181
90.22,09-20-2026 21:59:18:700,128598,170168
90.23,09-20-2026 21:59:18:710,128605,170169
90.24,09-20-2026 21:59:18:720,128588,170160
90.25,09-20-2026 21:59:18:730,128604,170177
90.26,09-20-2026 21:59:18:740,128603,170176
90.27,09-20-2026 21:59:18:750,128591,170174
90.28,09-20-2026 21:59:18:760,128616,170174
90.29,09-20-2026 21:59:18:770,128588,170181
90.3,09-20-2026 21:59:18:780,128630,170163
90.31,09-20-2026 21:59:18:790,128609,170175
90.32,09-20-2026 21:59:18:800,128611,170167
90.33,09-20-2026 21:59:18:810,128612,170175
90.34,09-20-2026 21:59:18:820,128620,170160
90.35,09-20-2026 21:59:18:830,128612,170154
90.36,09-20-2026 21:59:18:840,128613,170148
90.37,09-20-2026 21:59:18:850,128612,170174
90.38,09-20-2026 21:59:18:860,128630,170170
90.39,09-20-2026 21:59:18:870,128616,170166
90.4,09-20-2026 21:59:18:880,128620,170166
90.41,09-20-2026 21:59:18:890,128613,170176
90.42,09-20-2026 21:59:18:900,128633,170158
90.43,09-20-2026 21:59:18:910,128619,170176
90.44,09-20-2026 21:59:18:920,128628,170184
90.45,09-20-2026 21:59:18:930,128592,170155
90.46,09-20-2026 21:59:18:940,128648,170171
90.47,09-20-2026 21:59:18:950,128607,170165
90.48,09-20-2026 21:59:18:960,128653,170180
90.49,09-20-2026 21:59:18:970,128604,170188
90.5,09-20-2026 21:59:18:980,128647,170162
90.51,09-20-2026 21:59:18:990,128610,170190
90.52,09-20-2026 21:59:19:000,128635,170184
90.53,09-20-2026 21:59:19:010,128593,170157
90.54,09-20-2026 21:59:19:020,128641,170175
90.55,09-20-2026 21:59:19:030,128606,170192
90.56,09-20-2026 21:59:19:040,128632,170176
90.57,09-20-2026 21:59:19:050,128602,170194
90.58,09-20-2026 21:59:19:060,128618,170187
90.59,09-20-2026 21:59:19:070,128607,170197
90.6,09-20-2026 21:59:19:080,128625,170204
90.61,09-20-2026 21:59:19:090,128611,170204
90.62,09-20-2026 21:59:19:100,128629,170185
90.63,09-20-2026 21:59:19:110,128601,170197
90.64,09-20-2026 21:59:19:120,128635,170195
90.65,09-20-2026 21:59:19:130,128610,170202
90.66,09-20-2026 21:59:19:140,128623,170192
90.67,09-20-2026 21:59:19:150,128615,170181
90.68,09-20-2026 21:59:19:160,128639,170209
90.69,09-20-2026 21:59:19:170,128615,170207
90.7,09-20-2026 21:59:19:180,128618,170207
90.71,09-20-2026 21:59:19:190,128617,170219
90.72,09-20-2026 21:59:19:200,128610,170210
90.73,09-20-2026 21:59:19:210,128616,170210
90.74,09-20-2026 21:59:19:220,128611,170224
90.75,09-20-2026 21:59:19:230,128624,170195
90.76,09-20-2026 21:59:19:240,128613,170244
90.77,09-20-2026 21:59:19:250,128621,170206
90.78,09-20-2026 21:59:19:260,128631,170225
90.79,09-20-2026 21:59:19:270,128618,170230
90.8,09-20-2026 21:59:19:280,128635,170235
90.81,09-20-2026 21:59:19:290,128619,170207
90.82,09-20-2026 21:59:19:300,128624,170239
90.83,09-20-2026 21:59:19:310,128627,170219
90.84,09-20-2026 21:59:19:320,128636,170234
90.85,09-20-2026 21:59:19:330,128615,170227
90.86,09-20-2026 21:59:19:340,128636,170245
90.87,09-20-2026 21:59:19:350,128604,170226
90.88,09-20-2026 21:59:19:360,128614,170225
90.89,09-20-2026 21:59:19:370,128632,170204
90.9,09-20-2026 21:59:19:380,128629,170229
90.91,09-20-2026 21:59:19:390,128619,170189
90.92,09-20-2026 21:59:19:400,128632,170201
90.93,09-20-2026 21:59:19:410,128628,170150
90.94,09-20-2026 21:59:19:420,128629,170210
90.95,09-20-2026 21:59:19:430,128612,170148
90.96,09-20-2026 21:59:19:440,128621,170194
90.97,09-20-2026 21:59:19:450,128614,170137
90.98,09-20-2026 21:59:19:460,128633,170180
90.99,09-20-2026 21:59:19:470,128617,170140
91,09-20-2026 21:59:19:480,128613,170182
91.01,09-20-2026 21:59:19:490,128610,170134
91.02,09-20-2026 21:59:19:500,128586,170169
91.03,09-20-2026 21:59:19:510,128614,170122
91.04,09-20-2026 21:59:19:520,128612,170179
91.05,09-20-2026 21:59:19:530,128622,170107
91.06,09-20-2026 21:59:19:540,128607,170174
91.07,09-20-2026 21:59:19:550,128603,170124
91.08,09-20-2026 21:59:19:560,128610,170163
91.09,09-20-2026 21:59:19:570,128613,170068
91.1,09-20-2026 21:59:19:580,128618,170150
91.11,09-20-2026 21:59:19:590,128614,170119
91.12,09-20-2026 21:59:19:600,128608,170152
91.13,09-20-2026 21:59:19:610,128606,170127
91.14,09-20-2026 21:59:19:620,128611,170143
91.15,09-20-2026 21:59:19:630,128606,170127
91.16,09-20-2026 21:59:19:640,128621,170153
91.17,09-20-2026 21:59:19:650,128604,170101
91.18,09-20-2026 21:59:19:660,128600,170144
91.19,09-20-2026 21:59:19:670,128601,170111
91.2,09-20-2026 21:59:19:680,128606,170147
91.21,09-20-2026 21:59:19:690,128617,170129
91.22,09-20-2026 21:59:19:700,128597,170148
91.23,09-20-2026 21:59:19:710,128600,170136
91.24,09-20-2026 21:59:19:720,128599,170143
91.25,09-20-2026 21:59:19:730,128619,170136
91.26,09-20-2026 21:59:19:740,128597,170138
91.27,09-20-2026 21:59:19:750,128609,170161
91.28,09-20-2026 21:59:19:760,128600,170129
91.29,09-20-2026 21:59:19:770,128610,170159
91.3,09-20-2026 21:59:19:780,128611,170132
91.31,09-20-2026 21:59:19:790,128593,170157
91.32,09-20-2026 21:59:19:800,128604,170153
91.33,09-20-2026 21:59:19:810,128606,170172
91.34,09-20-2026 21:59:19:820,128616,170153
91.35,09-20-2026 21:59:19:830,128611,170167
91.36,09-20-2026 21:59:19:840,128602,170149
91.37,09-20-2026 21:59:19:850,128609,170177
91.38,09-20-2026 21:59:19:860,128607,170153
91.39,09-20-2026 21:59:19:870,128604,170179
91.4,09-20-2026 21:59:19:880,128617,170148
91.41,09-20-2026 21:59:19:890,128600,170174
91.42,09-20-2026 21:59:19:900,128610,170149
91.43,09-20-2026 21:59:19:910,128601,170187
91.44,09-20-2026 21:59:19:920,128598,170151
91.45,09-20-2026 21:59:19:930,128608,170188
91.46,09-20-2026 21:59:19:940,128621,170158
91.47,09-20-2026 21:59:19:950,128620,170194
91.48,09-20-2026 21:59:19:960,128586,170149
91.49,09-20-2026 21:59:19:970,128621,170196
91.5,09-20-2026 21:59:19:980,128595,170159
91.51,09-20-2026 21:59:19:990,128612,170198
91.52,09-20-2026 21:59:20:000,128599,170157
91.53,09-20-2026 21:59:20:010,128616,170197
91.54,09-20-2026 21:59:20:020,128617,170172
91.55,09-20-2026 21:59:20:030,128612,170196
91.56,09-20-2026 21:59:20:040,128600,170162
91.57,09-20-2026 21:59:20:050,128594,170205
91.58,09-20-2026 21:59:20:060,128608,170189
91.59,09-20-2026 21:59:20:070,128614,170215
91.6,09-20-2026 21:59:20:080,128619,170167
91.61,09-20-2026 21:59:20:090,128603,170207
91.62,09-20-2026 21:59:20:100,128620,170165
91.63,09-20-2026 21:59:20:110,128596,170193
91.64,09-20-2026 21:59:20:120,128619,170178
91.65,09-20-2026 21:59:20:130,128604,170208
91.66,09-20-2026 21:59:20:140,128618,170193
91.67,09-20-2026 21:59:20:150,128595,170211
91.68,09-20-2026 21:59:20:160,128618,170195
91.69,09-20-2026 21:59:20:170,128596,170211
91.7,09-20-2026 21:59:20:180,128597,170216
91.71,09-20-2026 21:59:20:190,128620,170188
91.72,09-20-2026 21:59:20:200,128616,170195
91.73,09-20-2026 21:59:20:210,128605,170182
91.74,09-20-2026 21:59:20:220,128620,170210
91.75,09-20-2026 21:59:20:230,128607,170208
91.76,09-20-2026 21:59:20:240,128610,170198
91.77,09-20-2026 21:59:20:250,128617,170220
91.78,09-20-2026 21:59:20:260,128629,170217
91.79,09-20-2026 21:59:20:270,128605,170229
91.8,09-20-2026 21:59:20:280,128606,170213
91.81,09-20-2026 21:59:20:290,128618,170221
91.82,09-20-2026 21:59:20:300,128605,170230
91.83,09-20-2026 21:59:20:310,128623,170226
91.84,09-20-2026 21:59:20:320,128611,170221
91.85,09-20-2026 21:59:20:330,128601,170224
91.86,09-20-2026 21:59:20:340,128621,170245
91.87,09-20-2026 21:59:20:350,128615,170249
91.88,09-20-2026 21:59:20:360,128611,170246
91.89,09-20-2026 21:59:20:370,128609,170223
91.9,09-20-2026 21:59:20:380,128622,170240
91.91,09-20-2026 21:59:20:390,128615,170245
91.92,09-20-2026 21:59:20:400,128619,170251
91.93,09-20-2026 21:59:20:410,128615,170254
91.94,09-20-2026 21:59:20:420,128628,170224
91.95,09-20-2026 21:59:20:430,128614,170251
91.96,09-20-2026 21:59:20:440,128624,170267
91.97,09-20-2026 21:59:20:450,128629,170248
91.98,09-20-2026 21:59:20:460,128620,170262
91.99,09-20-2026 21:59:20:470,128625,170263
92,09-20-2026 21:59:20:480,128608,170275
92.01,09-20-2026 21:59:20:490,128614,170269
92.02,09-20-2026 21:59:20:500,128625,170265
92.03,09-20-2026 21:59:20:510,128622,170264
92.04,09-20-2026 21:59:20:520,128630,170264
92.05,09-20-2026 21:59:20:530,128600,170241
92.06,09-20-2026 21:59:20:540,128619,170247
92.07,09-20-2026 21:59:20:550,128610,170245
92.08,09-20-2026 21:59:20:560,128626,170244
92.09,09-20-2026 21:59:20:570,128597,170226
92.1,09-20-2026 21:59:20:580,128615,170207
92.11,09-20-2026 21:59:20:590,128584,170214
92.12,09-20-2026 21:59:20:600,128615,170204
92.13,09-20-2026 21:59:20:610,128596,170224
92.14,09-20-2026 21:59:20:620,128627,170219
92.15,09-20-2026 21:59:20:630,128584,170204
92.16,09-20-2026 21:59:20:640,128621,170223
92.17,09-20-2026 21:59:20:650,128588,170217
92.18,09-20-2026 21:59:20:660,128615,170194
92.19,09-20-2026 21:59:20:670,128600,170194
92.2,09-20-2026 21:59:20:680,128619,170201
92.21,09-20-2026 21:59:20:690,128577,170190
92.22,09-20-2026 21:59:20:700,128603,170157
92.23,09-20-2026 21:59:20:710,128568,170194
92.24,09-20-2026 21:59:20:720,128608,170188
92.25,09-20-2026 21:59:20:730,128555,170184
92.26,09-20-2026 21:59:20:740,128592,170182
92.27,09-20-2026 21:59:20:750,128554,170165
92.28,09-20-2026 21:59:20:760,128612,170190
92.29,09-20-2026 21:59:20:770,128551,170196
92.3,09-20-2026 21:59:20:780,128611,170183
92.31,09-20-2026 21:59:20:790,128568,170178
92.32,09-20-2026 21:59:20:800,128605,170173
92.33,09-20-2026 21:59:20:810,128551,170172
92.34,09-20-2026 21:59:20:820,128605,170178
92.35,09-20-2026 21:59:20:830,128578,170158
92.36,09-20-2026 21:59:20:840,128604,170180
92.37,09-20-2026 21:59:20:850,128553,170162
92.38,09-20-2026 21:59:20:860,128601,170181
92.39,09-20-2026 21:59:20:870,128572,170152
92.4,09-20-2026 21:59:20:880,128590,170171
92.41,09-20-2026 21:59:20:890,128571,170166
92.42,09-20-2026 21:59:20:900,128603,170164
92.43,09-20-2026 21:59:20:910,128598,170167
92.44,09-20-2026 21:59:20:920,128603,170175
92.45,09-20-2026 21:59:20:930,128568,170179
92.46,09-20-2026 21:59:20:940,128593,170162
92.47,09-20-2026 21:59:20:950,128592,170154
92.48,09-20-2026 21:59:20:960,128600,170168
92.49,09-20-2026 21:59:20:970,128592,170171
92.5,09-20-2026 21:59:20:980,128589,170163
92.51,09-20-2026 21:59:20:990,128596,170175
92.52,09-20-2026 21:59:21:000,128597,170185
92.53,09-20-2026 21:59:21:010,128611,170171
92.54,09-20-2026 21:59:21:020,128608,170166
92.55,09-20-2026 21:59:21:030,128598,170180
92.56,09-20-2026 21:59:21:040,128605,170172
92.57,09-20-2026 21:59:21:050,128599,170188
92.58,09-20-2026 21:59:21:060,128595,170181
92.59,09-20-2026 21:59:21:070,128622,170165
92.6,09-20-2026 21:59:21:080,128610,170180
92.61,09-20-2026 21:59:21:090,128609,170174
92.62,09-20-2026 21:59:21:100,128610,170182
92.63,09-20-2026 21:59:21:110,128612,170206
92.64,09-20-2026 21:59:21:120,128597,170188
92.65,09-20-2026 21:59:21:130,128622,170195
92.66,09-20-2026 21:59:21:140,128619,170182
92.67,09-20-2026 21:59:21:150,128621,170187
92.68,09-20-2026 21:59:21:160,128605,170195
92.69,09-20-2026 21:59:21:170,128632,170201
92.7,09-20-2026 21:59:21:180,128601,170181
92.71,09-20-2026 21:59:21:190,128611,170208
92.72,09-20-2026 21:59:21:200,128611,170203
92.73,09-20-2026 21:59:21:210,128649,170214
92.74,09-20-2026 21:59:21:220,128613,170199
92.75,09-20-2026 21:59:21:230,128638,170216
92.76,09-20-2026 21:59:21:240,128608,170226
92.77,09-20-2026 21:59:21:250,128649,170206
92.78,09-20-2026 21:59:21:260,128597,170217
92.79,09-20-2026 21:59:21:270,128627,170225
92.8,09-20-2026 21:59:21:280,128596,170206
92.81,09-20-2026 21:59:21:290,128638,170210
92.82,09-20-2026 21:59:21:300,128598,170235
92.83,09-20-2026 21:59:21:310,128625,170198
92.84,09-20-2026 21:59:21:320,128597,170231
92.85,09-20-2026 21:59:21:330,128663,170221
92.86,09-20-2026 21:59:21:340,128602,170224
92.87,09-20-2026 21:59:21:350,128627,170230
92.88,09-20-2026 21:59:21:360,128593,170223
92.89,09-20-2026 21:59:21:370,128625,170229
92.9,09-20-2026 21:59:21:380,128609,170235
92.91,09-20-2026 21:59:21:390,128633,170229
92.92,09-20-2026 21:59:21:400,128595,170230
92.93,09-20-2026 21:59:21:410,128621,170236
92.94,09-20-2026 21:59:21:420,128606,170233
92.95,09-20-2026 21:59:21:430,128638,170256
92.96,09-20-2026 21:59:21:440,128608,170231
92.97,09-20-2026 21:59:21:450,128610,170242
92.98,09-20-2026 21:59:21:460,128604,170247
92.99,09-20-2026 21:59:21:470,128633,170252
93,09-20-2026 21:59:21:480,128601,170266
93.01,09-20-2026 21:59:21:490,128600,170260
93.02,09-20-2026 21:59:21:500,128602,170261
93.03,09-20-2026 21:59:21:510,128604,170265
93.04,09-20-2026 21:59:21:520,128617,170253
93.05,09-20-2026 21:59:21:530,128613,170264
93.06,09-20-2026 21:59:21:540,128601,170273
93.07,09-20-2026 21:59:21:550,128604,170263
93.08,09-20-2026 21:59:21:560,128615,170267
93.09,09-20-2026 21:59:21:570,128605,170260
93.1,09-20-2026 21:59:21:580,128611,170249
93.11,09-20-2026 21:59:21:590,128597,170234
93.12,09-20-2026 21:59:21:600,128618,170226
93.13,09-20-2026 21:59:21:610,128605,170234
93.14,09-20-2026 21:59:21:620,128619,170232
93.15,09-20-2026 21:59:21:630,128603,170216
93.16,09-20-2026 21:59:21:640,128590,170217
93.17,09-20-2026 21:59:21:650,128604,170226
93.18,09-20-2026 21:59:21:660,128608,170193
93.19,09-20-2026 21:59:21:670,128603,170233
93.2,09-20-2026 21:59:21:680,128606,170190
93.21,09-20-2026 21:59:21:690,128593,170214
93.22,09-20-2026 21:59:21:700,128608,170200
93.23,09-20-2026 21:59:21:710,128589,170209
93.24,09-20-2026 21:59:21:720,128597,170179
93.25,09-20-2026 21:59:21:730,128586,170208
93.26,09-20-2026 21:59:21:740,128597,170189
93.27,09-20-2026 21:59:21:750,128599,170193
93.28,09-20-2026 21:59:21:760,128592,170177
93.29,09-20-2026 21:59:21:770,128599,170195
93.3,09-20-2026 21:59:21:780,128594,170172
93.31,09-20-2026 21:59:21:790,128592,170187
93.32,09-20-2026 21:59:21:800,128616,170166
93.33,09-20-2026 21:59:21:810,128600,170194
93.34,09-20-2026 21:59:21:820,128599,170179
93.35,09-20-2026 21:59:21:830,128609,170198
93.36,09-20-2026 21:59:21:840,128588,170164
93.37,09-20-2026 21:59:21:850,128600,170181
93.38,09-20-2026 21:59:21:860,128606,170151
93.39,09-20-2026 21:59:21:870,128594,170202
93.4,09-20-2026 21:59:21:880,128601,170158
93.41,09-20-2026 21:59:21:890,128597,170183
93.42,09-20-2026 21:59:21:900,128592,170163
93.43,09-20-2026 21:59:21:910,128602,170197
93.44,09-20-2026 21:59:21:920,128589,170156
93.45,09-20-2026 21:59:21:930,128597,170190
93.46,09-20-2026 21:59:21:940,128616,170148
93.47,09-20-2026 21:59:21:950,128576,170191
93.48,09-20-2026 21:59:21:960,128591,170169
93.49,09-20-2026 21:59:21:970,128593,170197
93.5,09-20-2026 21:59:21:980,128587,170129
93.51,09-20-2026 21:59:21:990,128585,170190
93.52,09-20-2026 21:59:22:000,128577,170155
93.53,09-20-2026 21:59:22:010,128587,170199
93.54,09-20-2026 21:59:22:020,128600,170128
93.55,09-20-2026 21:59:22:030,128600,170211
93.56,09-20-2026 21:59:22:040,128590,170156
93.57,09-20-2026 21:59:22:050,128595,170200
93.58,09-20-2026 21:59:22:060,128598,170179
93.59,09-20-2026 21:59:22:070,128593,170192
93.6,09-20-2026 21:59:22:080,128617,170187
93.61,09-20-2026 21:59:22:090,128594,170210
93.62,09-20-2026 21:59:22:100,128580,170194
93.63,09-20-2026 21:59:22:110,128604,170203
93.64,09-20-2026 21:59:22:120,128602,170192
93.65,09-20-2026 21:59:22:130,128591,170226
93.66,09-20-2026 21:59:22:140,128595,170189
93.67,09-20-2026 21:59:22:150,128603,170217
93.68,09-20-2026 21:59:22:160,128577,170202
93.69,09-20-2026 21:59:22:170,128599,170228
93.7,09-20-2026 21:59:22:180,128577,170194
93.71,09-20-2026 21:59:22:190,128584,170204
93.72,09-20-2026 21:59:22:200,128590,170202
93.73,09-20-2026 21:59:22:210,128595,170196
93.74,09-20-2026 21:59:22:220,128589,170233
93.75,09-20-2026 21:59:22:230,128597,170229
93.76,09-20-2026 21:59:22:240,128594,170235
93.77,09-20-2026 21:59:22:250,128600,170246
93.78,09-20-2026 21:59:22:260,128589,170226
93.79,09-20-2026 21:59:22:270,128588,170236
93.8,09-20-2026 21:59:22:280,128607,170239
93.81,09-20-2026 21:59:22:290,128581,170255
93.82,09-20-2026 21:59:22:300,128589,170242
93.83,09-20-2026 21:59:22:310,128617,170251
93.84,09-20-2026 21:59:22:320,128614,170250
93.85,09-20-2026 21:59:22:330,128595,170257
93.86,09-20-2026 21:59:22:340,128593,170269
93.87,09-20-2026 21:59:22:350,128599,170254
93.88,09-20-2026 21:59:22:360,128600,170274
93.89,09-20-2026 21:59:22:370,128589,170254
93.9,09-20-2026 21:59:22:380,128593,170278
93.91,09-20-2026 21:59:22:390,128589,170257
93.92,09-20-2026 21:59:22:400,128615,170285
93.93,09-20-2026 21:59:22:410,128602,170261
93.94,09-20-2026 21:59:22:420,128607,170285
93.95,09-20-2026 21:59:22:430,128609,170273
93.96,09-20-2026 21:59:22:440,128584,170313
93.97,09-20-2026 21:59:22:450,128599,170284
93.98,09-20-2026 21:59:22:460,128600,170291
93.99,09-20-2026 21:59:22:470,128602,170287
94,09-20-2026 21:59:22:480,128593,170305
94.01,09-20-2026 21:59:22:490,128608,170286
94.02,09-20-2026 21:59:22:500,128598,170328
94.03,09-20-2026 21:59:22:510,128607,170293
94.04,09-20-2026 21:59:22:520,128608,170321
94.05,09-20-2026 21:59:22:530,128601,170294
94.06,09-20-2026 21:59:22:540,128596,170320
94.07,09-20-2026 21:59:22:550,128598,170280
94.08,09-20-2026 21:59:22:560,128599,170299
94.09,09-20-2026 21:59:22:570,128607,170259
94.1,09-20-2026 21:59:22:580,128605,170296
94.11,09-20-2026 21:59:22:590,128612,170265
94.12,09-20-2026 21:59:22:600,128595,170266
94.13,09-20-2026 21:59:22:610,128603,170258
94.14,09-20-2026 21:59:22:620,128602,170290
94.15,09-20-2026 21:59:22:630,128611,170241
94.16,09-20-2026 21:59:22:640,128617,170274
94.17,09-20-2026 21:59:22:650,128591,170246
94.18,09-20-2026 21:59:22:660,128589,170292
94.19,09-20-2026 21:59:22:670,128601,170246
94.2,09-20-2026 21:59:22:680,128609,170286
94.21,09-20-2026 21:59:22:690,128605,170235
94.22,09-20-2026 21:59:22:700,128592,170244
94.23,09-20-2026 21:59:22:710,128605,170222
94.24,09-20-2026 21:59:22:720,128586,170245
94.25,09-20-2026 21:59:22:730,128591,170226
94.26,09-20-2026 21:59:22:740,128611,170238
94.27,09-20-2026 21:59:22:750,128580,170234
94.28,09-20-2026 21:59:22:760,128611,170240
94.29,09-20-2026 21:59:22:770,128598,170220
94.3,09-20-2026 21:59:22:780,128596,170223
94.31,09-20-2026 21:59:22:790,128579,170225
94.32,09-20-2026 21:59:22:800,128578,170246
94.33,09-20-2026 21:59:22:810,128595,170230
94.34,09-20-2026 21:59:22:820,128585,170243
94.35,09-20-2026 21:59:22:830,128606,170200
94.36,09-20-2026 21:59:22:840,128589,170232
94.37,09-20-2026 21:59:22:850,128590,170214
94.38,09-20-2026 21:59:22:860,128597,170222
94.39,09-20-2026 21:59:22:870,128598,170218
94.4,09-20-2026 21:59:22:880,128605,170225
94.41,09-20-2026 21:59:22:890,128597,170216
94.42,09-20-2026 21:59:22:900,128585,170220
94.43,09-20-2026 21:59:22:910,128583,170231
94.44,09-20-2026 21:59:22:920,128601,170235
94.45,09-20-2026 21:59:22:930,128584,170226
94.46,09-20-2026 21:59:22:940,128594,170221
94.47,09-20-2026 21:59:22:950,128594,170227
94.48,09-20-2026 21:59:22:960,128591,170231
94.49,09-20-2026 21:59:22:970,128589,170240
94.5,09-20-2026 21:59:22:980,128611,170244
94.51,09-20-2026 21:59:22:990,128593,170213
94.52,09-20-2026 21:59:23:000,128589,170238
94.53,09-20-2026 21:59:23:010,128603,170241
94.54,09-20-2026 21:59:23:020,128598,170234
94.55,09-20-2026 21:59:23:030,128586,170239
94.56,09-20-2026 21:59:23:040,128581,170244
94.57,09-20-2026 21:59:23:050,128588,170237
94.58,09-20-2026 21:59:23:060,128579,170255
94.59,09-20-2026 21:59:23:070,128592,170243
94.6,09-20-2026 21:59:23:080,128598,170261
94.61,09-20-2026 21:59:23:090,128596,170243
94.62,09-20-2026 21:59:23:100,128591,170254
94.63,09-20-2026 21:59:23:110,128599,170246
94.64,09-20-2026 21:59:23:120,128573,170256
94.65,09-20-2026 21:59:23:130,128580,170253
94.66,09-20-2026 21:59:23:140,128589,170238
94.67,09-20-2026 21:59:23:150,128596,170245
94.68,09-20-2026 21:59:23:160,128589,170254
94.69,09-20-2026 21:59:23:170,128595,170251
94.7,09-20-2026 21:59:23:180,128578,170248
94.71,09-20-2026 21:59:23:190,128598,170273
94.72,09-20-2026 21:59:23:200,128564,170261
94.73,09-20-2026 21:59:23:210,128578,170259
94.74,09-20-2026 21:59:23:220,128594,170282
94.75,09-20-2026 21:59:23:230,128589,170280
94.76,09-20-2026 21:59:23:240,128588,170266
94.77,09-20-2026 21:59:23:250,128580,170260
94.78,09-20-2026 21:59:23:260,128555,170287
94.79,09-20-2026 21:59:23:270,128592,170280
94.8,09-20-2026 21:59:23:280,128585,170271
94.81,09-20-2026 21:59:23:290,128598,170265
94.82,09-20-2026 21:59:23:300,128571,170287
94.83,09-20-2026 21:59:23:310,128593,170275
94.84,09-20-2026 21:59:23:320,128550,170284
94.85,09-20-2026 21:59:23:330,128603,170283
94.86,09-20-2026 21:59:23:340,128568,170292
94.87,09-20-2026 21:59:23:350,128582,170293
94.88,09-20-2026 21:59:23:360,128558,170286
94.89,09-20-2026 21:59:23:370,128597,170289
94.9,09-20-2026 21:59:23:380,128569,170306
94.91,09-20-2026 21:59:23:390,128596,170297
94.92,09-20-2026 21:59:23:400,128572,170288
94.93,09-20-2026 21:59:23:410,128594,170292
94.94,09-20-2026 21:59:23:420,128558,170308
94.95,09-20-2026 21:59:23:430,128593,170285
94.96,09-20-2026 21:59:23:440,128556,170301
94.97,09-20-2026 21:59:23:450,128595,170300
94.98,09-20-2026 21:59:23:460,128553,170300
94.99,09-20-2026 21:59:23:470,128579,170321
95,09-20-2026 21:59:23:480,128544,170328
95.01,09-20-2026 21:59:23:490,128601,170301
95.02,09-20-2026 21:59:23:500,128551,170330
95.03,09-20-2026 21:59:23:510,128598,170333
95.04,09-20-2026 21:59:23:520,128568,170345
95.05,09-20-2026 21:59:23:530,128604,170333
95.06,09-20-2026 21:59:23:540,128576,170330
95.07,09-20-2026 21:59:23:550,128582,170341
95.08,09-20-2026 21:59:23:560,128596,170344
95.09,09-20-2026 21:59:23:570,128607,170343
95.1,09-20-2026 21:59:23:580,128563,170342
95.11,09-20-2026 21:59:23:590,128601,170325
95.12,09-20-2026 21:59:23:600,128584,170312
95.13,09-20-2026 21:59:23:610,128589,170321
95.14,09-20-2026 21:59:23:620,128569,170300
95.15,09-20-2026 21:59:23:630,128591,170297
95.16,09-20-2026 21:59:23:640,128584,170312
95.17,09-20-2026 21:59:23:650,128570,170287
95.18,09-20-2026 21:59:23:660,128584,170290
95.19,09-20-2026 21:59:23:670,128591,170288
95.2,09-20-2026 21:59:23:680,128607,170293
95.21,09-20-2026 21:59:23:690,128593,170289
95.22,09-20-2026 21:59:23:700,128588,170281
95.23,09-20-2026 21:59:23:710,128590,170276
95.24,09-20-2026 21:59:23:720,128606,170285
95.25,09-20-2026 21:59:23:730,128582,170279
95.26,09-20-2026 21:59:23:740,128614,170297
95.27,09-20-2026 21:59:23:750,128590,170291
95.28,09-20-2026 21:59:23:760,128610,170291
95.29,09-20-2026 21:59:23:770,128587,170279
95.3,09-20-2026 21:59:23:780,128598,170275
95.31,09-20-2026 21:59:23:790,128574,170286
95.32,09-20-2026 21:59:23:800,128601,170266
95.33,09-20-2026 21:59:23:810,128588,170288
95.34,09-20-2026 21:59:23:820,128615,170288
95.35,09-20-2026 21:59:23:830,128602,170285
95.36,09-20-2026 21:59:23:840,128622,170284
95.37,09-20-2026 21:59:23:850,128592,170281
95.38,09-20-2026 21:59:23:860,128611,170274
95.39,09-20-2026 21:59:23:870,128583,170287
95.4,09-20-2026 21:59:23:880,128604,170274
95.41,09-20-2026 21:59:23:890,128589,170276
95.42,09-20-2026 21:59:23:900,128627,170278
95.43,09-20-2026 21:59:23:910,128572,170273
95.44,09-20-2026 21:59:23:920,128628,170287
95.45,09-20-2026 21:59:23:930,128587,170290
95.46,09-20-2026 21:59:23:940,128623,170274
95.47,09-20-2026 21:59:23:950,128585,170273
95.48,09-20-2026 21:59:23:960,128609,170271
95.49,09-20-2026 21:59:23:970,128595,170279
95.5,09-20-2026 21:59:23:980,128619,170262
95.51,09-20-2026 21:59:23:990,128585,170280
95.52,09-20-2026 21:59:24:000,128604,170281
95.53,09-20-2026 21:59:24:010,128577,170269
95.54,09-20-2026 21:59:24:020,128598,170290
95.55,09-20-2026 21:59:24:030,128580,170306
95.56,09-20-2026 21:59:24:040,128604,170278
95.57,09-20-2026 21:59:24:050,128575,170299
95.58,09-20-2026 21:59:24:060,128618,170286
95.59,09-20-2026 21:59:24:070,128590,170278
95.6,09-20-2026 21:59:24:080,128596,170286
95.61,09-20-2026 21:59:24:090,128603,170270
95.62,09-20-2026 21:59:24:100,128608,170312
95.63,09-20-2026 21:59:24:110,128583,170296
95.64,09-20-2026 21:59:24:120,128606,170301
95.65,09-20-2026 21:59:24:130,128571,170289
95.66,09-20-2026 21:59:24:140,128582,170298
95.67,09-20-2026 21:59:24:150,128586,170294
95.68,09-20-2026 21:59:24:160,128579,170295
95.69,09-20-2026 21:59:24:170,128580,170299
95.7,09-20-2026 21:59:24:180,128594,170291
95.71,09-20-2026 21:59:24:190,128585,170310
95.72,09-20-2026 21:59:24:200,128581,170316
95.73,09-20-2026 21:59:24:210,128587,170280
95.74,09-20-2026 21:59:24:220,128598,170308
95.75,09-20-2026 21:59:24:230,128571,170299
95.76,09-20-2026 21:59:24:240,128581,170315
95.77,09-20-2026 21:59:24:250,128586,170295
95.78,09-20-2026 21:59:24:260,128591,170315
95.79,09-20-2026 21:59:24:270,128591,170295
95.8,09-20-2026 21:59:24:280,128591,170295
95.81,09-20-2026 21:59:24:290,128606,170307
95.82,09-20-2026 21:59:24:300,128590,170303
95.83,09-20-2026 21:59:24:310,128594,170312
95.84,09-20-2026 21:59:24:320,128579,170293
95.85,09-20-2026 21:59:24:330,128582,170323
95.86,09-20-2026 21:59:24:340,128570,170288
95.87,09-20-2026 21:59:24:350,128582,170331
95.88,09-20-2026 21:59:24:360,128585,170306
95.89,09-20-2026 21:59:24:370,128591,170333
95.9,09-20-2026 21:59:24:380,128592,170266
95.91,09-20-2026 21:59:24:390,128592,170335
95.92,09-20-2026 21:59:24:400,128589,170297
95.93,09-20-2026 21:59:24:410,128598,170334
95.94,09-20-2026 21:59:24:420,128593,170292
95.95,09-20-2026 21:59:24:430,128591,170336
95.96,09-20-2026 21:59:24:440,128583,170312
95.97,09-20-2026 21:59:24:450,128593,170336
95.98,09-20-2026 21:59:24:460,128598,170309
95.99,09-20-2026 21:59:24:470,128585,170341
96,09-20-2026 21:59:24:480,128590,170302
96.01,09-20-2026 21:59:24:490,128595,170363
96.02,09-20-2026 21:59:24:500,128590,170297
96.03,09-20-2026 21:59:24:510,128592,170349
96.04,09-20-2026 21:59:24:520,128588,170291
96.05,09-20-2026 21:59:24:530,128582,170323
96.06,09-20-2026 21:59:24:540,128577,170229
96.07,09-20-2026 21:59:24:550,128594,170309
96.08,09-20-2026 21:59:24:560,128583,170263
96.09,09-20-2026 21:59:24:570,128578,170303
96.1,09-20-2026 21:59:24:580,128575,170243
96.11,09-20-2026 21:59:24:590,128579,170310
96.12,09-20-2026 21:59:24:600,128577,170275
96.13,09-20-2026 21:59:24:610,128583,170320
96.14,09-20-2026 21:59:24:620,128577,170250
96.15,09-20-2026 21:59:24:630,128588,170315
96.16,09-20-2026 21:59:24:640,128573,170284
96.17,09-20-2026 21:59:24:650,128579,170299
96.18,09-20-2026 21:59:24:660,128575,170254
96.19,09-20-2026 21:59:24:670,128581,170287
96.2,09-20-2026 21:59:24:680,128580,170284
96.21,09-20-2026 21:59:24:690,128577,170290
96.22,09-20-2026 21:59:24:700,128562,170274
96.23,09-20-2026 21:59:24:710,128563,170275
96.24,09-20-2026 21:59:24:720,128580,170280
96.25,09-20-2026 21:59:24:730,128575,170282
96.26,09-20-2026 21:59:24:740,128556,170292
96.27,09-20-2026 21:59:24:750,128580,170281
96.28,09-20-2026 21:59:24:760,128572,170314
96.29,09-20-2026 21:59:24:770,128581,170272
96.3,09-20-2026 21:59:24:780,128570,170291
96.31,09-20-2026 21:59:24:790,128572,170288
96.32,09-20-2026 21:59:24:800,128583,170309
96.33,09-20-2026 21:59:24:810,128559,170290
96.34,09-20-2026 21:59:24:820,128575,170302
96.35,09-20-2026 21:59:24:830,128573,170299
96.36,09-20-2026 21:59:24:840,128560,170295
96.37,09-20-2026 21:59:24:850,128570,170300
96.38,09-20-2026 21:59:24:860,128579,170316
96.39,09-20-2026 21:59:24:870,128568,170283
96.4,09-20-2026 21:59:24:880,128565,170310
96.41,09-20-2026 21:59:24:890,128572,170287
96.42,09-20-2026 21:59:24:900,128576,170341
96.43,09-20-2026 21:59:24:910,128570,170298
96.44,09-20-2026 21:59:24:920,128571,170319
96.45,09-20-2026 21:59:24:930,128568,170287
96.46,09-20-2026 21:59:24:940,128577,170322
96.47,09-20-2026 21:59:24:950,128579,170295
96.48,09-20-2026 21:59:24:960,128585,170325
96.49,09-20-2026 21:59:24:970,128552,170291
96.5,09-20-2026 21:59:24:980,128557,170325
96.51,09-20-2026 21:59:24:990,128564,170288
96.52,09-20-2026 21:59:25:000,128570,170329
96.53,09-20-2026 21:59:25:010,128570,170299
96.54,09-20-2026 21:59:25:020,128569,170344
96.55,09-20-2026 21:59:25:030,128575,170328
96.56,09-20-2026 21:59:25:040,128572,170346
96.57,09-20-2026 21:59:25:050,128552,170300
96.58,09-20-2026 21:59:25:060,128569,170344
96.59,09-20-2026 21:59:25:070,128569,170301
96.6,09-20-2026 21:59:25:080,128582,170331
96.61,09-20-2026 21:59:25:090,128581,170315
96.62,09-20-2026 21:59:25:100,128567,170339
96.63,09-20-2026 21:59:25:110,128557,170303
96.64,09-20-2026 21:59:25:120,128566,170326
96.65,09-20-2026 21:59:25:130,128564,170313
96.66,09-20-2026 21:59:25:140,128577,170340
96.67,09-20-2026 21:59:25:150,128551,170316
96.68,09-20-2026 21:59:25:160,128564,170325
96.69,09-20-2026 21:59:25:170,128570,170306
96.7,09-20-2026 21:59:25:180,128575,170379
96.71,09-20-2026 21:59:25:190,128562,170321
96.72,09-20-2026 21:59:25:200,128575,170341
96.73,09-20-2026 21:59:25:210,128578,170311
96.74,09-20-2026 21:59:25:220,128570,170320
96.75,09-20-2026 21:59:25:230,128568,170318
96.76,09-20-2026 21:59:25:240,128565,170333
96.77,09-20-2026 21:59:25:250,128594,170350
96.78,09-20-2026 21:59:25:260,128574,170327
96.79,09-20-2026 21:59:25:270,128555,170331
96.8,09-20-2026 21:59:25:280,128558,170331
96.81,09-20-2026 21:59:25:290,128573,170361
96.82,09-20-2026 21:59:25:300,128573,170376
96.83,09-20-2026 21:59:25:310,128578,170337
96.84,09-20-2026 21:59:25:320,128571,170347
96.85,09-20-2026 21:59:25:330,128573,170346
96.86,09-20-2026 21:59:25:340,128577,170345
96.87,09-20-2026 21:59:25:350,128578,170342
96.88,09-20-2026 21:59:25:360,128572,170345
96.89,09-20-2026 21:59:25:370,128596,170367
96.9,09-20-2026 21:59:25:380,128575,170353
96.91,09-20-2026 21:59:25:390,128559,170353
96.92,09-20-2026 21:59:25:400,128578,170368
96.93,09-20-2026 21:59:25:410,128582,170348
96.94,09-20-2026 21:59:25:420,128556,170372
96.95,09-20-2026 21:59:25:430,128568,170331
96.96,09-20-2026 21:59:25:440,128556,170353
96.97,09-20-2026 21:59:25:450,128575,170320
96.98,09-20-2026 21:59:25:460,128565,170345
96.99,09-20-2026 21:59:25:470,128578,170319
97,09-20-2026 21:59:25:480,128558,170297
97.01,09-20-2026 21:59:25:490,128561,170309
97.02,09-20-2026 21:59:25:500,128553,170318
97.03,09-20-2026 21:59:25:510,128556,170309
97.04,09-20-2026 21:59:25:520,128552,170306
97.05,09-20-2026 21:59:25:530,128569,170306
97.06,09-20-2026 21:59:25:540,128553,170307
97.07,09-20-2026 21:59:25:550,128557,170317
97.08,09-20-2026 21:59:25:560,128562,170307
97.09,09-20-2026 21:59:25:570,128562,170291
97.1,09-20-2026 21:59:25:580,128547,170292
97.11,09-20-2026 21:59:25:590,128560,170295
97.12,09-20-2026 21:59:25:600,128537,170302
97.13,09-20-2026 21:59:25:610,128551,170279
97.14,09-20-2026 21:59:25:620,128535,170291
97.15,09-20-2026 21:59:25:630,128554,170278
97.16,09-20-2026 21:59:25:640,128536,170307
97.17,09-20-2026 21:59:25:650,128553,170289
97.18,09-20-2026 21:59:25:660,128531,170292
97.19,09-20-2026 21:59:25:670,128550,170290
97.2,09-20-2026 21:59:25:680,128529,170264
97.21,09-20-2026 21:59:25:690,128565,170283
97.22,09-20-2026 21:59:25:700,128529,170289
97.23,09-20-2026 21:59:25:710,128560,170288
97.24,09-20-2026 21:59:25:720,128520,170280
97.25,09-20-2026 21:59:25:730,128563,170284
97.26,09-20-2026 21:59:25:740,128512,170296
97.27,09-20-2026 21:59:25:750,128560,170290
97.28,09-20-2026 21:59:25:760,128521,170294
97.29,09-20-2026 21:59:25:770,128544,170286
97.3,09-20-2026 21:59:25:780,128507,170291
97.31,09-20-2026 21:59:25:790,128556,170282
97.32,09-20-2026 21:59:25:800,128520,170287
97.33,09-20-2026 21:59:25:810,128564,170274
97.34,09-20-2026 21:59:25:820,128481,170284
97.35,09-20-2026 21:59:25:830,128566,170269
97.36,09-20-2026 21:59:25:840,128492,170288
97.37,09-20-2026 21:59:25:850,128555,170288
97.38,09-20-2026 21:59:25:860,128501,170292
97.39,09-20-2026 21:59:25:870,128566,170289
97.4,09-20-2026 21:59:25:880,128540,170295
97.41,09-20-2026 21:59:25:890,128560,170298
97.42,09-20-2026 21:59:25:900,128518,170298
97.43,09-20-2026 21:59:25:910,128569,170294
97.44,09-20-2026 21:59:25:920,128538,170314
97.45,09-20-2026 21:59:25:930,128560,170299
97.46,09-20-2026 21:59:25:940,128543,170310
97.47,09-20-2026 21:59:25:950,128551,170308
97.48,09-20-2026 21:59:25:960,128544,170310
97.49,09-20-2026 21:59:25:970,128557,170308
97.5,09-20-2026 21:59:25:980,128537,170309
97.51,09-20-2026 21:59:25:990,128569,170307
97.52,09-20-2026 21:59:26:000,128577,170324
97.53,09-20-2026 21:59:26:010,128567,170328
97.54,09-20-2026 21:59:26:020,128573,170312
97.55,09-20-2026 21:59:26:030,128562,170315
97.56,09-20-2026 21:59:26:040,128573,170316
97.57,09-20-2026 21:59:26:050,128569,170325
97.58,09-20-2026 21:59:26:060,128574,170315
97.59,09-20-2026 21:59:26:070,128557,170324
97.6,09-20-2026 21:59:26:080,128574,170329
97.61,09-20-2026 21:59:26:090,128556,170327
97.62,09-20-2026 21:59:26:100,128557,170343
97.63,09-20-2026 21:59:26:110,128550,170325
97.64,09-20-2026 21:59:26:120,128566,170329
97.65,09-20-2026 21:59:26:130,128557,170344
97.66,09-20-2026 21:59:26:140,128574,170343
97.67,09-20-2026 21:59:26:150,128556,170334
97.68,09-20-2026 21:59:26:160,128578,170319
97.69,09-20-2026 21:59:26:170,128542,170348
97.7,09-20-2026 21:59:26:180,128584,170343
97.71,09-20-2026 21:59:26:190,128554,170333
97.72,09-20-2026 21:59:26:200,128583,170333
97.73,09-20-2026 21:59:26:210,128553,170345
97.74,09-20-2026 21:59:26:220,128597,170336
97.75,09-20-2026 21:59:26:230,128561,170348
97.76,09-20-2026 21:59:26:240,128599,170341
97.77,09-20-2026 21:59:26:250,128548,170356
97.78,09-20-2026 21:59:26:260,128586,170349
97.79,09-20-2026 21:59:26:270,128562,170349
97.8,09-20-2026 21:59:26:280,128596,170347
97.81,09-20-2026 21:59:26:290,128546,170360
97.82,09-20-2026 21:59:26:300,128603,170373
97.83,09-20-2026 21:59:26:310,128557,170361
97.84,09-20-2026 21:59:26:320,128579,170371
97.85,09-20-2026 21:59:26:330,128555,170365
97.86,09-20-2026 21:59:26:340,128567,170376
97.87,09-20-2026 21:59:26:350,128575,170358
97.88,09-20-2026 21:59:26:360,128565,170372
97.89,09-20-2026 21:59:26:370,128546,170369
97.9,09-20-2026 21:59:26:380,128565,170368
97.91,09-20-2026 21:59:26:390,128549,170359
97.92,09-20-2026 21:59:26:400,128556,170369
97.93,09-20-2026 21:59:26:410,128559,170359
97.94,09-20-2026 21:59:26:420,128558,170355
97.95,09-20-2026 21:59:26:430,128547,170355
97.96,09-20-2026 21:59:26:440,128555,170351
97.97,09-20-2026 21:59:26:450,128562,170334
97.98,09-20-2026 21:59:26:460,128547,170348
97.99,09-20-2026 21:59:26:470,128522,170336
98,09-20-2026 21:59:26:480,128558,170339
98.01,09-20-2026 21:59:26:490,128552,170316
98.02,09-20-2026 21:59:26:500,128548,170332
98.03,09-20-2026 21:59:26:510,128556,170329
98.04,09-20-2026 21:59:26:520,128551,170330
98.05,09-20-2026 21:59:26:530,128559,170312
98.06,09-20-2026 21:59:26:540,128546,170329
98.07,09-20-2026 21:59:26:550,128541,170295
98.08,09-20-2026 21:59:26:560,128548,170328
98.09,09-20-2026 21:59:26:570,128536,170310
98.1,09-20-2026 21:59:26:580,128550,170313
98.11,09-20-2026 21:59:26:590,128549,170293
98.12,09-20-2026 21:59:26:600,128546,170292
98.13,09-20-2026 21:59:26:610,128526,170273
98.14,09-20-2026 21:59:26:620,128536,170310
98.15,09-20-2026 21:59:26:630,128547,170298
98.16,09-20-2026 21:59:26:640,128539,170282
98.17,09-20-2026 21:59:26:650,128539,170286
98.18,09-20-2026 21:59:26:660,128542,170316
98.19,09-20-2026 21:59:26:670,128557,170263
98.2,09-20-2026 21:59:26:680,128536,170320
98.21,09-20-2026 21:59:26:690,128542,170285
98.22,09-20-2026 21:59:26:700,128552,170304
98.23,09-20-2026 21:59:26:710,128564,170254
98.24,09-20-2026 21:59:26:720,128552,170310
98.25,09-20-2026 21:59:26:730,128538,170259
98.26,09-20-2026 21:59:26:740,128538,170297
98.27,09-20-2026 21:59:26:750,128542,170264
98.28,09-20-2026 21:59:26:760,128548,170315
98.29,09-20-2026 21:59:26:770,128528,170266
98.3,09-20-2026 21:59:26:780,128527,170295
98.31,09-20-2026 21:59:26:790,128540,170246
98.32,09-20-2026 21:59:26:800,128540,170299
98.33,09-20-2026 21:59:26:810,128528,170261
98.34,09-20-2026 21:59:26:820,128527,170294
98.35,09-20-2026 21:59:26:830,128534,170249
98.36,09-20-2026 21:59:26:840,128535,170299
98.37,09-20-2026 21:59:26:850,128538,170258
98.38,09-20-2026 21:59:26:860,128535,170300
98.39,09-20-2026 21:59:26:870,128534,170271
98.4,09-20-2026 21:59:26:880,128535,170300
98.41,09-20-2026 21:59:26:890,128542,170288
98.42,09-20-2026 21:59:26:900,128541,170298
98.43,09-20-2026 21:59:26:910,128521,170275
98.44,09-20-2026 21:59:26:920,128544,170303
98.45,09-20-2026 21:59:26:930,128528,170298
98.46,09-20-2026 21:59:26:940,128535,170306
98.47,09-20-2026 21:59:26:950,128538,170298
98.48,09-20-2026 21:59:26:960,128542,170321
98.49,09-20-2026 21:59:26:970,128535,170316
98.5,09-20-2026 21:59:26:980,128537,170312
98.51,09-20-2026 21:59:26:990,128534,170307
98.52,09-20-2026 21:59:27:000,128521,170299
98.53,09-20-2026 21:59:27:010,128529,170307
98.54,09-20-2026 21:59:27:020,128542,170317
98.55,09-20-2026 21:59:27:030,128545,170327
98.56,09-20-2026 21:59:27:040,128525,170324
98.57,09-20-2026 21:59:27:050,128522,170336
98.58,09-20-2026 21:59:27:060,128527,170318
98.59,09-20-2026 21:59:27:070,128522,170316
98.6,09-20-2026 21:59:27:080,128538,170321
98.61,09-20-2026 21:59:27:090,128544,170339
98.62,09-20-2026 21:59:27:100,128534,170329
98.63,09-20-2026 21:59:27:110,128532,170360
98.64,09-20-2026 21:59:27:120,128542,170329
98.65,09-20-2026 21:59:27:130,128534,170338
98.66,09-20-2026 21:59:27:140,128537,170314
98.67,09-20-2026 21:59:27:150,128540,170350
98.68,09-20-2026 21:59:27:160,128534,170318
98.69,09-20-2026 21:59:27:170,128529,170368
98.7,09-20-2026 21:59:27:180,128525,170344
98.71,09-20-2026 21:59:27:190,128536,170379
98.72,09-20-2026 21:59:27:200,128523,170338
98.73,09-20-2026 21:59:27:210,128537,170355
98.74,09-20-2026 21:59:27:220,128538,170339
98.75,09-20-2026 21:59:27:230,128536,170387
98.76,09-20-2026 21:59:27:240,128533,170336
98.77,09-20-2026 21:59:27:250,128529,170368
98.78,09-20-2026 21:59:27:260,128523,170340
98.79,09-20-2026 21:59:27:270,128532,170371
98.8,09-20-2026 21:59:27:280,128537,170328
98.81,09-20-2026 21:59:27:290,128537,170380
98.82,09-20-2026 21:59:27:300,128534,170326
98.83,09-20-2026 21:59:27:310,128519,170368
98.84,09-20-2026 21:59:27:320,128544,170318
98.85,09-20-2026 21:59:27:330,128539,170320
98.86,09-20-2026 21:59:27:340,128536,170311
98.87,09-20-2026 21:59:27:350,128526,170330
98.88,09-20-2026 21:59:27:360,128531,170308
98.89,09-20-2026 21:59:27:370,128527,170317
98.9,09-20-2026 21:59:27:380,128541,170296
98.91,09-20-2026 21:59:27:390,128530,170308
98.92,09-20-2026 21:59:27:400,128524,170310
98.93,09-20-2026 21:59:27:410,128514,170300
98.94,09-20-2026 21:59:27:420,128507,170290
98.95,09-20-2026 21:59:27:430,128520,170269
98.96,09-20-2026 21:59:27:440,128525,170274
98.97,09-20-2026 21:59:27:450,128518,170266
98.98,09-20-2026 21:59:27:460,128519,170280
98.99,09-20-2026 21:59:27:470,128522,170262
99,09-20-2026 21:59:27:480,128534,170249
99.01,09-20-2026 21:59:27:490,128518,170261
99.02,09-20-2026 21:59:27:500,128535,170259
99.03,09-20-2026 21:59:27:510,128513,170251
99.04,09-20-2026 21:59:27:520,128521,170259
99.05,09-20-2026 21:59:27:530,128511,170243
99.06,09-20-2026 21:59:27:540,128528,170248
99.07,09-20-2026 21:59:27:550,128514,170276
99.08,09-20-2026 21:59:27:560,128507,170252
99.09,09-20-2026 21:59:27:570,128501,170258
99.1,09-20-2026 21:59:27:580,128497,170252
99.11,09-20-2026 21:59:27:590,128492,170247
99.12,09-20-2026 21:59:27:600,128500,170241
99.13,09-20-2026 21:59:27:610,128505,170240
99.14,09-20-2026 21:59:27:620,128511,170232
99.15,09-20-2026 21:59:27:630,128496,170228
99.16,09-20-2026 21:59:27:640,128492,170238
99.17,09-20-2026 21:59:27:650,128516,170243
99.18,09-20-2026 21:59:27:660,128517,170240
99.19,09-20-2026 21:59:27:670,128511,170244
99.2,09-20-2026 21:59:27:680,128505,170228
99.21,09-20-2026 21:59:27:690,128495,170255
99.22,09-20-2026 21:59:27:700,128506,170232
99.23,09-20-2026 21:59:27:710,128497,170223
99.24,09-20-2026 21:59:27:720,128501,170230
99.25,09-20-2026 21:59:27:730,128483,170244
99.26,09-20-2026 21:59:27:740,128503,170229
99.27,09-20-2026 21:59:27:750,128493,170231
99.28,09-20-2026 21:59:27:760,128492,170232
99.29,09-20-2026 21:59:27:770,128481,170237
99.3,09-20-2026 21:59:27:780,128487,170237
99.31,09-20-2026 21:59:27:790,128497,170237
99.32,09-20-2026 21:59:27:800,128495,170241
99.33,09-20-2026 21:59:27:810,128482,170237
99.34,09-20-2026 21:59:27:820,128517,170259
99.35,09-20-2026 21:59:27:830,128503,170256
99.36,09-20-2026 21:59:27:840,128519,170239
99.37,09-20-2026 21:59:27:850,128478,170253
99.38,09-20-2026 21:59:27:860,128493,170237
99.39,09-20-2026 21:59:27:870,128458,170254
99.4,09-20-2026 21:59:27:880,128509,170251
99.41,09-20-2026 21:59:27:890,128478,170246
99.42,09-20-2026 21:59:27:900,128497,170243
99.43,09-20-2026 21:59:27:910,128457,170256
99.44,09-20-2026 21:59:27:920,128493,170236
99.45,09-20-2026 21:59:27:930,128464,170264
99.46,09-20-2026 21:59:27:940,128498,170270
99.47,09-20-2026 21:59:27:950,128471,170256
99.48,09-20-2026 21:59:27:960,128505,170273
99.49,09-20-2026 21:59:27:970,128467,170255
99.5,09-20-2026 21:59:27:980,128499,170262
99.51,09-20-2026 21:59:27:990,128472,170261
99.52,09-20-2026 21:59:28:000,128509,170248
99.53,09-20-2026 21:59:28:010,128465,170257
99.54,09-20-2026 21:59:28:020,128494,170260
99.55,09-20-2026 21:59:28:030,128468,170246
99.56,09-20-2026 21:59:28:040,128494,170269
99.57,09-20-2026 21:59:28:050,128474,170274
99.58,09-20-2026 21:59:28:060,128488,170277
99.59,09-20-2026 21:59:28:070,128458,170266
99.6,09-20-2026 21:59:28:080,128508,170275
99.61,09-20-2026 21:59:28:090,128428,170260
99.62,09-20-2026 21:59:28:100,128499,170273
99.63,09-20-2026 21:59:28:110,128450,170272
99.64,09-20-2026 21:59:28:120,128491,170271
99.65,09-20-2026 21:59:28:130,128465,170279
99.66,09-20-2026 21:59:28:140,128502,170268
99.67,09-20-2026 21:59:28:150,128470,170271
99.68,09-20-2026 21:59:28:160,128494,170282
99.69,09-20-2026 21:59:28:170,128482,170277
99.7,09-20-2026 21:59:28:180,128502,170286
99.71,09-20-2026 21:59:28:190,128467,170290
99.72,09-20-2026 21:59:28:200,128490,170281
99.73,09-20-2026 21:59:28:210,128477,170284
99.74,09-20-2026 21:59:28:220,128497,170301
99.75,09-20-2026 21:59:28:230,128479,170298
99.76,09-20-2026 21:59:28:240,128485,170299
99.77,09-20-2026 21:59:28:250,128499,170293
99.78,09-20-2026 21:59:28:260,128501,170292
99.79,09-20-2026 21:59:28:270,128493,170299
99.8,09-20-2026 21:59:28:280,128481,170314
99.81,09-20-2026 21:59:28:290,128493,170312
99.82,09-20-2026 21:59:28:300,128480,170302
99.83,09-20-2026 21:59:28:310,128511,170298
99.84,09-20-2026 21:59:28:320,128501,170309
99.85,09-20-2026 21:59:28:330,128508,170318
99.86,09-20-2026 21:59:28:340,128487,170301
99.87,09-20-2026 21:59:28:350,128518,170306
99.88,09-20-2026 21:59:28:360,128500,170292
99.89,09-20-2026 21:59:28:370,128506,170286
99.9,09-20-2026 21:59:28:380,128469,170256
99.91,09-20-2026 21:59:28:390,128510,170263
99.92,09-20-2026 21:59:28:400,128480,170271
99.93,09-20-2026 21:59:28:410,128510,170237
99.94,09-20-2026 21:59:28:420,128472,170262
99.95,09-20-2026 21:59:28:430,128494,170249
99.96,09-20-2026 21:59:28:440,128469,170242
99.97,09-20-2026 21:59:28:450,128502,170252
99.98,09-20-2026 21:59:28:460,128474,170250
99.99,09-20-2026 21:59:28:470,128516,170247
100,09-20-2026 21:59:28:480,128482,170227
100.01,09-20-2026 21:59:28:490,128503,170226
100.02,09-20-2026 21:59:28:500,128492,170222
100.03,09-20-2026 21:59:28:510,128499,170218
100.04,09-20-2026 21:59:28:520,128469,170213
100.05,09-20-2026 21:59:28:530,128502,170230
100.06,09-20-2026 21:59:28:540,128467,170207
100.07,09-20-2026 21:59:28:550,128490,170202
100.08,09-20-2026 21:59:28:560,128478,170225
100.09,09-20-2026 21:59:28:570,128506,170205
100.1,09-20-2026 21:59:28:580,128466,170193
100.11,09-20-2026 21:59:28:590,128471,170215
100.12,09-20-2026 21:59:28:600,128464,170212
100.13,09-20-2026 21:59:28:610,128485,170201
100.14,09-20-2026 21:59:28:620,128478,170210
100.15,09-20-2026 21:59:28:630,128496,170207
100.16,09-20-2026 21:59:28:640,128461,170197
100.17,09-20-2026 21:59:28:650,128484,170195
100.18,09-20-2026 21:59:28:660,128468,170191
100.19,09-20-2026 21:59:28:670,128479,170208
100.2,09-20-2026 21:59:28:680,128469,170194
100.21,09-20-2026 21:59:28:690,128463,170196
100.22,09-20-2026 21:59:28:700,128458,170193
100.23,09-20-2026 21:59:28:710,128463,170186
100.24,09-20-2026 21:59:28:720,128465,170181
100.25,09-20-2026 21:59:28:730,128471,170184
100.26,09-20-2026 21:59:28:740,128451,170183
100.27,09-20-2026 21:59:28:750,128455,170205
100.28,09-20-2026 21:59:28:760,128452,170194
100.29,09-20-2026 21:59:28:770,128465,170197
100.3,09-20-2026 21:59:28:780,128457,170173
100.31,09-20-2026 21:59:28:790,128466,170182
100.32,09-20-2026 21:59:28:800,128471,170186
100.33,09-20-2026 21:59:28:810,128460,170193
100.34,09-20-2026 21:59:28:820,128448,170148
100.35,09-20-2026 21:59:28:830,128463,170194
100.36,09-20-2026 21:59:28:840,128453,170172
100.37,09-20-2026 21:59:28:850,128460,170196
100.38,09-20-2026 21:59:28:860,128457,170178
100.39,09-20-2026 21:59:28:870,128436,170186
100.4,09-20-2026 21:59:28:880,128446,170167
100.41,09-20-2026 21:59:28:890,128446,170198
100.42,09-20-2026 21:59:28:900,128445,170166
100.43,09-20-2026 21:59:28:910,128458,170176
100.44,09-20-2026 21:59:28:920,128447,170163
100.45,09-20-2026 21:59:28:930,128447,170179
100.46,09-20-2026 21:59:28:940,128461,170146
100.47,09-20-2026 21:59:28:950,128454,170180
100.48,09-20-2026 21:59:28:960,128444,170153
100.49,09-20-2026 21:59:28:970,128460,170198
100.5,09-20-2026 21:59:28:980,128439,170151
100.51,09-20-2026 21:59:28:990,128439,170196
100.52,09-20-2026 21:59:29:000,128446,170151
100.53,09-20-2026 21:59:29:010,128456,170194
100.54,09-20-2026 21:59:29:020,128456,170121
100.55,09-20-2026 21:59:29:030,128439,170213
100.56,09-20-2026 21:59:29:040,128457,170147
100.57,09-20-2026 21:59:29:050,128443,170197
100.58,09-20-2026 21:59:29:060,128451,170136
100.59,09-20-2026 21:59:29:070,128432,170205
100.6,09-20-2026 21:59:29:080,128447,170148
100.61,09-20-2026 21:59:29:090,128439,170198
100.62,09-20-2026 21:59:29:100,128434,170132
100.63,09-20-2026 21:59:29:110,128447,170181
100.64,09-20-2026 21:59:29:120,128439,170142
100.65,09-20-2026 21:59:29:130,128436,170224
100.66,09-20-2026 21:59:29:140,128440,170166
100.67,09-20-2026 21:59:29:150,128443,170212
100.68,09-20-2026 21:59:29:160,128444,170175
100.69,09-20-2026 21:59:29:170,128440,170215
100.7,09-20-2026 21:59:29:180,128442,170166
100.71,09-20-2026 21:59:29:190,128439,170224
100.72,09-20-2026 21:59:29:200,128451,170185
100.73,09-20-2026 21:59:29:210,128447,170221
100.74,09-20-2026 21:59:29:220,128447,170199
100.75,09-20-2026 21:59:29:230,128436,170228
100.76,09-20-2026 21:59:29:240,128439,170201
100.77,09-20-2026 21:59:29:250,128441,170209
100.78,09-20-2026 21:59:29:260,128447,170233
100.79,09-20-2026 21:59:29:270,128443,170229
100.8,09-20-2026 21:59:29:280,128434,170239
100.81,09-20-2026 21:59:29:290,128437,170211
100.82,09-20-2026 21:59:29:300,128442,170240
100.83,09-20-2026 21:59:29:310,128445,170217
100.84,09-20-2026 21:59:29:320,128457,170228
100.85,09-20-2026 21:59:29:330,128440,170249
100.86,09-20-2026 21:59:29:340,128440,170237
100.87,09-20-2026 21:59:29:350,128421,170251
100.88,09-20-2026 21:59:29:360,128444,170257
100.89,09-20-2026 21:59:29:370,128461,170230
100.9,09-20-2026 21:59:29:380,128459,170271
100.91,09-20-2026 21:59:29:390,128438,170248
100.92,09-20-2026 21:59:29:400,128442,170283
100.93,09-20-2026 21:59:29:410,128435,170255
100.94,09-20-2026 21:59:29:420,128433,170275
100.95,09-20-2026 21:59:29:430,128435,170237
100.96,09-20-2026 21:59:29:440,128424,170263
100.97,09-20-2026 21:59:29:450,128452,170242
100.98,09-20-2026 21:59:29:460,128439,170242
100.99,09-20-2026 21:59:29:470,128437,170222
101,09-20-2026 21:59:29:480,128427,170248
101.01,09-20-2026 21:59:29:490,128435,170201
101.02,09-20-2026 21:59:29:500,128427,170243
101.03,09-20-2026 21:59:29:510,128428,170191
101.04,09-20-2026 21:59:29:520,128441,170230
101.05,09-20-2026 21:59:29:530,128434,170180
101.06,09-20-2026 21:59:29:540,128449,170240
101.07,09-20-2026 21:59:29:550,128437,170187
101.08,09-20-2026 21:59:29:560,128432,170230
101.09,09-20-2026 21:59:29:570,128440,170187
101.1,09-20-2026 21:59:29:580,128442,170215
101.11,09-20-2026 21:59:29:590,128437,170171
101.12,09-20-2026 21:59:29:600,128418,170217
101.13,09-20-2026 21:59:29:610,128422,170168
101.14,09-20-2026 21:59:29:620,128445,170195
101.15,09-20-2026 21:59:29:630,128435,170179
101.16,09-20-2026 21:59:29:640,128418,170187
101.17,09-20-2026 21:59:29:650,128434,170159
101.18,09-20-2026 21:59:29:660,128434,170191
101.19,09-20-2026 21:59:29:670,128424,170155
101.2,09-20-2026 21:59:29:680,128440,170160
101.21,09-20-2026 21:59:29:690,128407,170146
101.22,09-20-2026 21:59:29:700,128420,170166
101.23,09-20-2026 21:59:29:710,128417,170150
101.24,09-20-2026 21:59:29:720,128408,170163
101.25,09-20-2026 21:59:29:730,128419,170156
101.26,09-20-2026 21:59:29:740,128423,170171
101.27,09-20-2026 21:59:29:750,128420,170141
101.28,09-20-2026 21:59:29:760,128409,170135
101.29,09-20-2026 21:59:29:770,128415,170150
101.3,09-20-2026 21:59:29:780,128414,170149
101.31,09-20-2026 21:59:29:790,128433,170142
101.32,09-20-2026 21:59:29:800,128408,170150
101.33,09-20-2026 21:59:29:810,128420,170136
101.34,09-20-2026 21:59:29:820,128405,170150
101.35,09-20-2026 21:59:29:830,128415,170138
101.36,09-20-2026 21:59:29:840,128413,170149
101.37,09-20-2026 21:59:29:850,128412,170138
101.38,09-20-2026 21:59:29:860,128410,170133
101.39,09-20-2026 21:59:29:870,128416,170132
101.4,09-20-2026 21:59:29:880,128405,170154
101.41,09-20-2026 21:59:29:890,128406,170151
101.42,09-20-2026 21:59:29:900,128421,170164
101.43,09-20-2026 21:59:29:910,128415,170135
101.44,09-20-2026 21:59:29:920,128402,170141
101.45,09-20-2026 21:59:29:930,128387,170141
101.46,09-20-2026 21:59:29:940,128407,170141
101.47,09-20-2026 21:59:29:950,128416,170120
101.48,09-20-2026 21:59:29:960,128397,170136
101.49,09-20-2026 21:59:29:970,128401,170124
101.5,09-20-2026 21:59:29:980,128401,170146
101.51,09-20-2026 21:59:29:990,128397,170147
101.52,09-20-2026 21:59:30:000,128396,170131
101.53,09-20-2026 21:59:30:010,128401,170143
101.54,09-20-2026 21:59:30:020,128409,170159
101.55,09-20-2026 21:59:30:030,128404,170145
101.56,09-20-2026 21:59:30:040,128408,170162
101.57,09-20-2026 21:59:30:050,128409,170144
101.58,09-20-2026 21:59:30:060,128393,170140
101.59,09-20-2026 21:59:30:070,128406,170155
101.6,09-20-2026 21:59:30:080,128385,170142
101.61,09-20-2026 21:59:30:090,128388,170137
101.62,09-20-2026 21:59:30:100,128387,170143
101.63,09-20-2026 21:59:30:110,128412,170153
101.64,09-20-2026 21:59:30:120,128400,170156
101.65,09-20-2026 21:59:30:130,128404,170145
101.66,09-20-2026 21:59:30:140,128386,170141
101.67,09-20-2026 21:59:30:150,128411,170131
101.68,09-20-2026 21:59:30:160,128378,170159
101.69,09-20-2026 21:59:30:170,128409,170149
101.7,09-20-2026 21:59:30:180,128382,170159
101.71,09-20-2026 21:59:30:190,128423,170137
101.72,09-20-2026 21:59:30:200,128366,170147
101.73,09-20-2026 21:59:30:210,128402,170152
101.74,09-20-2026 21:59:30:220,128370,170159
101.75,09-20-2026 21:59:30:230,128395,170159
101.76,09-20-2026 21:59:30:240,128361,170163
101.77,09-20-2026 21:59:30:250,128399,170157
101.78,09-20-2026 21:59:30:260,128359,170153
101.79,09-20-2026 21:59:30:270,128396,170176
101.8,09-20-2026 21:59:30:280,128361,170185
101.81,09-20-2026 21:59:30:290,128415,170159
101.82,09-20-2026 21:59:30:300,128355,170157
101.83,09-20-2026 21:59:30:310,128400,170159
101.84,09-20-2026 21:59:30:320,128340,170155
101.85,09-20-2026 21:59:30:330,128399,170147
101.86,09-20-2026 21:59:30:340,128354,170134
101.87,09-20-2026 21:59:30:350,128389,170121
101.88,09-20-2026 21:59:30:360,128340,170121
101.89,09-20-2026 21:59:30:370,128394,170114
101.9,09-20-2026 21:59:30:380,128347,170104
101.91,09-20-2026 21:59:30:390,128396,170101
101.92,09-20-2026 21:59:30:400,128346,170114
101.93,09-20-2026 21:59:30:410,128390,170095
101.94,09-20-2026 21:59:30:420,128359,170096
101.95,09-20-2026 21:59:30:430,128392,170114
101.96,09-20-2026 21:59:30:440,128371,170090
101.97,09-20-2026 21:59:30:450,128392,170088
101.98,09-20-2026 21:59:30:460,128366,170067
101.99,09-20-2026 21:59:30:470,128400,170080
102,09-20-2026 21:59:30:480,128366,170098
102.01,09-20-2026 21:59:30:490,128381,170072
102.02,09-20-2026 21:59:30:500,128360,170085
102.03,09-20-2026 21:59:30:510,128377,170077
102.04,09-20-2026 21:59:30:520,128354,170081
102.05,09-20-2026 21:59:30:530,128363,170066
102.06,09-20-2026 21:59:30:540,128378,170065
102.07,09-20-2026 21:59:30:550,128377,170058
102.08,09-20-2026 21:59:30:560,128383,170065
102.09,09-20-2026 21:59:30:570,128383,170061
102.1,09-20-2026 21:59:30:580,128393,170059
102.11,09-20-2026 21:59:30:590,128385,170074
102.12,09-20-2026 21:59:30:600,128383,170052
102.13,09-20-2026 21:59:30:610,128379,170062
102.14,09-20-2026 21:59:30:620,128396,170057
102.15,09-20-2026 21:59:30:630,128375,170059
102.16,09-20-2026 21:59:30:640,128395,170042
102.17,09-20-2026 21:59:30:650,128379,170037
102.18,09-20-2026 21:59:30:660,128400,170037
102.19,09-20-2026 21:59:30:670,128373,170038
102.2,09-20-2026 21:59:30:680,128382,170056
102.21,09-20-2026 21:59:30:690,128375,170047
102.22,09-20-2026 21:59:30:700,128393,170045
102.23,09-20-2026 21:59:30:710,128368,170073
102.24,09-20-2026 21:59:30:720,128396,170057
102.25,09-20-2026 21:59:30:730,128371,170036
102.26,09-20-2026 21:59:30:740,128410,170054
102.27,09-20-2026 21:59:30:750,128354,170041
102.28,09-20-2026 21:59:30:760,128398,170041
102.29,09-20-2026 21:59:30:770,128359,170040
102.3,09-20-2026 21:59:30:780,128409,170034
102.31,09-20-2026 21:59:30:790,128364,170029
102.32,09-20-2026 21:59:30:800,128392,170046
102.33,09-20-2026 21:59:30:810,128360,170048
102.34,09-20-2026 21:59:30:820,128378,170016
102.35,09-20-2026 21:59:30:830,128341,170036
102.36,09-20-2026 21:59:30:840,128403,170041
102.37,09-20-2026 21:59:30:850,128365,170028
102.38,09-20-2026 21:59:30:860,128396,170048
102.39,09-20-2026 21:59:30:870,128343,170047
102.4,09-20-2026 21:59:30:880,128399,170044
102.41,09-20-2026 21:59:30:890,128350,170039
102.42,09-20-2026 21:59:30:900,128383,170031
102.43,09-20-2026 21:59:30:910,128355,170040
102.44,09-20-2026 21:59:30:920,128398,170048
102.45,09-20-2026 21:59:30:930,128354,170049
102.46,09-20-2026 21:59:30:940,128399,170040
102.47,09-20-2026 21:59:30:950,128362,170049
102.48,09-20-2026 21:59:30:960,128375,170063
102.49,09-20-2026 21:59:30:970,128367,170053
102.5,09-20-2026 21:59:30:980,128366,170072
102.51,09-20-2026 21:59:30:990,128349,170068
102.52,09-20-2026 21:59:31:000,128380,170056
102.53,09-20-2026 21:59:31:010,128358,170063
102.54,09-20-2026 21:59:31:020,128362,170056
102.55,09-20-2026 21:59:31:030,128359,170053
102.56,09-20-2026 21:59:31:040,128356,170060
102.57,09-20-2026 21:59:31:050,128348,170065
102.58,09-20-2026 21:59:31:060,128368,170070
102.59,09-20-2026 21:59:31:070,128339,170065
102.6,09-20-2026 21:59:31:080,128354,170061
102.61,09-20-2026 21:59:31:090,128349,170059
102.62,09-20-2026 21:59:31:100,128369,170071
102.63,09-20-2026 21:59:31:110,128360,170054
102.64,09-20-2026 21:59:31:120,128358,170083
102.65,09-20-2026 21:59:31:130,128362,170062
102.66,09-20-2026 21:59:31:140,128356,170065
102.67,09-20-2026 21:59:31:150,128348,170051
102.68,09-20-2026 21:59:31:160,128361,170094
102.69,09-20-2026 21:59:31:170,128372,170068
102.7,09-20-2026 21:59:31:180,128371,170088
102.71,09-20-2026 21:59:31:190,128360,170043
102.72,09-20-2026 21:59:31:200,128349,170093
102.73,09-20-2026 21:59:31:210,128370,170048
102.74,09-20-2026 21:59:31:220,128370,170066
102.75,09-20-2026 21:59:31:230,128360,170027
102.76,09-20-2026 21:59:31:240,128350,170047
102.77,09-20-2026 21:59:31:250,128366,170032
102.78,09-20-2026 21:59:31:260,128352,170043
102.79,09-20-2026 21:59:31:270,128368,169999
102.8,09-20-2026 21:59:31:280,128364,170041
102.81,09-20-2026 21:59:31:290,128341,169982
102.82,09-20-2026 21:59:31:300,128349,170042
102.83,09-20-2026 21:59:31:310,128343,169980
102.84,09-20-2026 21:59:31:320,128358,170027
102.85,09-20-2026 21:59:31:330,128338,169961
102.86,09-20-2026 21:59:31:340,128343,170010
102.87,09-20-2026 21:59:31:350,128349,169947
102.88,09-20-2026 21:59:31:360,128346,169989
102.89,09-20-2026 21:59:31:370,128332,169940
102.9,09-20-2026 21:59:31:380,128346,170015
102.91,09-20-2026 21:59:31:390,128342,169914
102.92,09-20-2026 21:59:31:400,128338,169968
102.93,09-20-2026 21:59:31:410,128347,169947
102.94,09-20-2026 21:59:31:420,128360,169983
102.95,09-20-2026 21:59:31:430,128338,169907
102.96,09-20-2026 21:59:31:440,128358,169979
102.97,09-20-2026 21:59:31:450,128338,169964
102.98,09-20-2026 21:59:31:460,128332,169977
102.99,09-20-2026 21:59:31:470,128326,169959
103,09-20-2026 21:59:31:480,128337,169965
103.01,09-20-2026 21:59:31:490,128334,169946
103.02,09-20-2026 21:59:31:500,128327,169969
103.03,09-20-2026 21:59:31:510,128330,169941
103.04,09-20-2026 21:59:31:520,128340,169977
103.05,09-20-2026 21:59:31:530,128319,169964
103.06,09-20-2026 21:59:31:540,128334,169970
103.07,09-20-2026 21:59:31:550,128329,169968
103.08,09-20-2026 21:59:31:560,128332,169966
103.09,09-20-2026 21:59:31:570,128352,169975
103.1,09-20-2026 21:59:31:580,128330,169961
103.11,09-20-2026 21:59:31:590,128339,169976
103.12,09-20-2026 21:59:31:600,128338,169967
103.13,09-20-2026 21:59:31:610,128345,169984
103.14,09-20-2026 21:59:31:620,128348,169956
103.15,09-20-2026 21:59:31:630,128338,169976
103.16,09-20-2026 21:59:31:640,128335,169959
103.17,09-20-2026 21:59:31:650,128321,169981
103.18,09-20-2026 21:59:31:660,128335,169941
103.19,09-20-2026 21:59:31:670,128328,169993
103.2,09-20-2026 21:59:31:680,128338,169955
103.21,09-20-2026 21:59:31:690,128330,169976
103.22,09-20-2026 21:59:31:700,128318,169964
103.23,09-20-2026 21:59:31:710,128318,169989
103.24,09-20-2026 21:59:31:720,128327,169977
103.25,09-20-2026 21:59:31:730,128323,169973
103.26,09-20-2026 21:59:31:740,128330,169961
103.27,09-20-2026 21:59:31:750,128332,169977
103.28,09-20-2026 21:59:31:760,128325,169966
103.29,09-20-2026 21:59:31:770,128328,169983
103.3,09-20-2026 21:59:31:780,128322,169967
103.31,09-20-2026 21:59:31:790,128329,169999
103.32,09-20-2026 21:59:31:800,128321,169955
103.33,09-20-2026 21:59:31:810,128318,169989
103.34,09-20-2026 21:59:31:820,128337,169960
103.35,09-20-2026 21:59:31:830,128315,170006
103.36,09-20-2026 21:59:31:840,128338,169956
103.37,09-20-2026 21:59:31:850,128324,170012
103.38,09-20-2026 21:59:31:860,128327,169972
103.39,09-20-2026 21:59:31:870,128321,169990
103.4,09-20-2026 21:59:31:880,128323,169961
103.41,09-20-2026 21:59:31:890,128315,170004
103.42,09-20-2026 21:59:31:900,128321,169974
103.43,09-20-2026 21:59:31:910,128322,170000
103.44,09-20-2026 21:59:31:920,128323,169975
103.45,09-20-2026 21:59:31:930,128320,170022
103.46,09-20-2026 21:59:31:940,128325,169988
103.47,09-20-2026 21:59:31:950,128312,170018
103.48,09-20-2026 21:59:31:960,128319,169996
103.49,09-20-2026 21:59:31:970,128323,170012
103.5,09-20-2026 21:59:31:980,128312,169991
103.51,09-20-2026 21:59:31:990,128330,169995
103.52,09-20-2026 21:59:32:000,128310,170000
103.53,09-20-2026 21:59:32:010,128314,170024
103.54,09-20-2026 21:59:32:020,128318,169995
103.55,09-20-2026 21:59:32:030,128325,170000
103.56,09-20-2026 21:59:32:040,128322,169999
103.57,09-20-2026 21:59:32:050,128330,169986
103.58,09-20-2026 21:59:32:060,128318,169986
103.59,09-20-2026 21:59:32:070,128329,169997
103.6,09-20-2026 21:59:32:080,128324,170004
103.61,09-20-2026 21:59:32:090,128330,170023
103.62,09-20-2026 21:59:32:100,128327,169995
103.63,09-20-2026 21:59:32:110,128314,170004
103.64,09-20-2026 21:59:32:120,128316,169985
103.65,09-20-2026 21:59:32:130,128315,170018
103.66,09-20-2026 21:59:32:140,128338,170001
103.67,09-20-2026 21:59:32:150,128322,169998
103.68,09-20-2026 21:59:32:160,128315,169977
103.69,09-20-2026 21:59:32:170,128318,169963
103.7,09-20-2026 21:59:32:180,128330,169975
103.71,09-20-2026 21:59:32:190,128323,169962
103.72,09-20-2026 21:59:32:200,128316,169957
103.73,09-20-2026 21:59:32:210,128324,169965
103.74,09-20-2026 21:59:32:220,128310,169966
103.75,09-20-2026 21:59:32:230,128318,169959
103.76,09-20-2026 21:59:32:240,128320,169941
103.77,09-20-2026 21:59:32:250,128303,169941
103.78,09-20-2026 21:59:32:260,128311,169939
103.79,09-20-2026 21:59:32:270,128317,169952
103.8,09-20-2026 21:59:32:280,128303,169936
103.81,09-20-2026 21:59:32:290,128311,169924
103.82,09-20-2026 21:59:32:300,128313,169923
103.83,09-20-2026 21:59:32:310,128294,169920
103.84,09-20-2026 21:59:32:320,128311,169926
103.85,09-20-2026 21:59:32:330,128286,169902
103.86,09-20-2026 21:59:32:340,128309,169910
103.87,09-20-2026 21:59:32:350,128306,169911
103.88,09-20-2026 21:59:32:360,128282,169901
103.89,09-20-2026 21:59:32:370,128296,169886
103.9,09-20-2026 21:59:32:380,128302,169891
103.91,09-20-2026 21:59:32:390,128296,169917
103.92,09-20-2026 21:59:32:400,128297,169922
103.93,09-20-2026 21:59:32:410,128280,169895
103.94,09-20-2026 21:59:32:420,128303,169891
103.95,09-20-2026 21:59:32:430,128282,169883
103.96,09-20-2026 21:59:32:440,128296,169901
103.97,09-20-2026 21:59:32:450,128283,169877
103.98,09-20-2026 21:59:32:460,128301,169908
103.99,09-20-2026 21:59:32:470,128273,169905
104,09-20-2026 21:59:32:480,128298,169899
104.01,09-20-2026 21:59:32:490,128279,169871
104.02,09-20-2026 21:59:32:500,128302,169885
104.03,09-20-2026 21:59:32:510,128256,169883
104.04,09-20-2026 21:59:32:520,128288,169865
104.05,09-20-2026 21:59:32:530,128268,169876
104.06,09-20-2026 21:59:32:540,128301,169888
104.07,09-20-2026 21:59:32:550,128260,169891
104.08,09-20-2026 21:59:32:560,128280,169879
104.09,09-20-2026 21:59:32:570,128252,169870
104.1,09-20-2026 21:59:32:580,128295,169878
104.11,09-20-2026 21:59:32:590,128256,169862
104.12,09-20-2026 21:59:32:600,128293,169883
104.13,09-20-2026 21:59:32:610,128246,169868
104.14,09-20-2026 21:59:32:620,128284,169894
104.15,09-20-2026 21:59:32:630,128228,169880
104.16,09-20-2026 21:59:32:640,128293,169870
104.17,09-20-2026 21:59:32:650,128234,169868
104.18,09-20-2026 21:59:32:660,128298,169870
104.19,09-20-2026 21:59:32:670,128243,169881
104.2,09-20-2026 21:59:32:680,128286,169869
104.21,09-20-2026 21:59:32:690,128238,169891
104.22,09-20-2026 21:59:32:700,128270,169866
104.23,09-20-2026 21:59:32:710,128255,169898
104.24,09-20-2026 21:59:32:720,128294,169874
104.25,09-20-2026 21:59:32:730,128253,169874
104.26,09-20-2026 21:59:32:740,128280,169866
104.27,09-20-2026 21:59:32:750,128264,169886
104.28,09-20-2026 21:59:32:760,128288,169866
104.29,09-20-2026 21:59:32:770,128285,169868
104.3,09-20-2026 21:59:32:780,128293,169896
104.31,09-20-2026 21:59:32:790,128279,169875
104.32,09-20-2026 21:59:32:800,128287,169890
104.33,09-20-2026 21:59:32:810,128252,169887
104.34,09-20-2026 21:59:32:820,128278,169887
104.35,09-20-2026 21:59:32:830,128277,169912
104.36,09-20-2026 21:59:32:840,128282,169895
104.37,09-20-2026 21:59:32:850,128277,169910
104.38,09-20-2026 21:59:32:860,128300,169886
104.39,09-20-2026 21:59:32:870,128291,169894
104.4,09-20-2026 21:59:32:880,128285,169894
104.41,09-20-2026 21:59:32:890,128281,169900
104.42,09-20-2026 21:59:32:900,128281,169905
104.43,09-20-2026 21:59:32:910,128300,169916
104.44,09-20-2026 21:59:32:920,128293,169898
104.45,09-20-2026 21:59:32:930,128307,169896
104.46,09-20-2026 21:59:32:940,128282,169920
104.47,09-20-2026 21:59:32:950,128305,169902
104.48,09-20-2026 21:59:32:960,128275,169907
104.49,09-20-2026 21:59:32:970,128298,169906
104.5,09-20-2026 21:59:32:980,128284,169910
104.51,09-20-2026 21:59:32:990,128307,169885
104.52,09-20-2026 21:59:33:000,128282,169886
104.53,09-20-2026 21:59:33:010,128309,169887
104.54,09-20-2026 21:59:33:020,128280,169874
104.55,09-20-2026 21:59:33:030,128316,169858
104.56,09-20-2026 21:59:33:040,128270,169872
104.57,09-20-2026 21:59:33:050,128319,169853
104.58,09-20-2026 21:59:33:060,128292,169857
104.59,09-20-2026 21:59:33:070,128310,169865
104.6,09-20-2026 21:59:33:080,128269,169850
104.61,09-20-2026 21:59:33:090,128303,169843
104.62,09-20-2026 21:59:33:100,128285,169866
104.63,09-20-2026 21:59:33:110,128302,169842
104.64,09-20-2026 21:59:33:120,128274,169835
104.65,09-20-2026 21:59:33:130,128293,169829
104.66,09-20-2026 21:59:33:140,128258,169813
104.67,09-20-2026 21:59:33:150,128302,169815
104.68,09-20-2026 21:59:33:160,128269,169807
104.69,09-20-2026 21:59:33:170,128282,169833
104.7,09-20-2026 21:59:33:180,128262,169812
104.71,09-20-2026 21:59:33:190,128285,169818
104.72,09-20-2026 21:59:33:200,128250,169802
104.73,09-20-2026 21:59:33:210,128298,169803
104.74,09-20-2026 21:59:33:220,128265,169786
104.75,09-20-2026 21:59:33:230,128297,169783
104.76,09-20-2026 21:59:33:240,128261,169799
104.77,09-20-2026 21:59:33:250,128274,169793
104.78,09-20-2026 21:59:33:260,128253,169801
104.79,09-20-2026 21:59:33:270,128280,169786
104.8,09-20-2026 21:59:33:280,128258,169798
104.81,09-20-2026 21:59:33:290,128253,169786
104.82,09-20-2026 21:59:33:300,128253,169770
104.83,09-20-2026 21:59:33:310,128266,169790
104.84,09-20-2026 21:59:33:320,128256,169789
104.85,09-20-2026 21:59:33:330,128272,169796
104.86,09-20-2026 21:59:33:340,128264,169769
104.87,09-20-2026 21:59:33:350,128250,169784
104.88,09-20-2026 21:59:33:360,128247,169776
104.89,09-20-2026 21:59:33:370,128249,169802
104.9,09-20-2026 21:59:33:380,128261,169752
104.91,09-20-2026 21:59:33:390,128267,169776
104.92,09-20-2026 21:59:33:400,128252,169770
104.93,09-20-2026 21:59:33:410,128244,169771
104.94,09-20-2026 21:59:33:420,128250,169764
104.95,09-20-2026 21:59:33:430,128252,169786
104.96,09-20-2026 21:59:33:440,128242,169757
104.97,09-20-2026 21:59:33:450,128249,169777
104.98,09-20-2026 21:59:33:460,128246,169752
104.99,09-20-2026 21:59:33:470,128249,169786
105,09-20-2026 21:59:33:480,128245,169791
105.01,09-20-2026 21:59:33:490,128248,169773
105.02,09-20-2026 21:59:33:500,128234,169724
105.03,09-20-2026 21:59:33:510,128253,169767
105.04,09-20-2026 21:59:33:520,128238,169738
105.05,09-20-2026 21:59:33:530,128228,169788
105.06,09-20-2026 21:59:33:540,128251,169729
105.07,09-20-2026 21:59:33:550,128242,169773
105.08,09-20-2026 21:59:33:560,128255,169749
105.09,09-20-2026 21:59:33:570,128265,169777
105.1,09-20-2026 21:59:33:580,128225,169724
105.11,09-20-2026 21:59:33:590,128244,169789
105.12,09-20-2026 21:59:33:600,128238,169728
105.13,09-20-2026 21:59:33:610,128259,169793
105.14,09-20-2026 21:59:33:620,128262,169739
105.15,09-20-2026 21:59:33:630,128239,169763
105.16,09-20-2026 21:59:33:640,128249,169756
105.17,09-20-2026 21:59:33:650,128244,169803
105.18,09-20-2026 21:59:33:660,128241,169743
105.19,09-20-2026 21:59:33:670,128248,169772
105.2,09-20-2026 21:59:33:680,128253,169763
105.21,09-20-2026 21:59:33:690,128248,169797
105.22,09-20-2026 21:59:33:700,128240,169769
105.23,09-20-2026 21:59:33:710,128254,169802
105.24,09-20-2026 21:59:33:720,128250,169767
105.25,09-20-2026 21:59:33:730,128238,169805
105.26,09-20-2026 21:59:33:740,128247,169779
105.27,09-20-2026 21:59:33:750,128248,169799
105.28,09-20-2026 21:59:33:760,128254,169807
105.29,09-20-2026 21:59:33:770,128255,169816
105.3,09-20-2026 21:59:33:780,128248,169809
105.31,09-20-2026 21:59:33:790,128240,169815
105.32,09-20-2026 21:59:33:800,128252,169809
105.33,09-20-2026 21:59:33:810,128245,169826
105.34,09-20-2026 21:59:33:820,128249,169830
105.35,09-20-2026 21:59:33:830,128249,169818
105.36,09-20-2026 21:59:33:840,128248,169834
105.37,09-20-2026 21:59:33:850,128263,169828
105.38,09-20-2026 21:59:33:860,128256,169837
105.39,09-20-2026 21:59:33:870,128249,169837
105.4,09-20-2026 21:59:33:880,128241,169850
105.41,09-20-2026 21:59:33:890,128242,169823
105.42,09-20-2026 21:59:33:900,128254,169825
105.43,09-20-2026 21:59:33:910,128245,169823
105.44,09-20-2026 21:59:33:920,128246,169816
105.45,09-20-2026 21:59:33:930,128252,169797
105.46,09-20-2026 21:59:33:940,128228,169796
105.47,09-20-2026 21:59:33:950,128240,169782
105.48,09-20-2026 21:59:33:960,128230,169795
105.49,09-20-2026 21:59:33:970,128255,169790
105.5,09-20-2026 21:59:33:980,128226,169788
105.51,09-20-2026 21:59:33:990,128240,169774
105.52,09-20-2026 21:59:34:000,128234,169809
105.53,09-20-2026 21:59:34:010,128258,169745
105.54,09-20-2026 21:59:34:020,128246,169789
105.55,09-20-2026 21:59:34:030,128237,169775
105.56,09-20-2026 21:59:34:040,128215,169792
105.57,09-20-2026 21:59:34:050,128224,169754
105.58,09-20-2026 21:59:34:060,128231,169782
105.59,09-20-2026 21:59:34:070,128228,169752
105.6,09-20-2026 21:59:34:080,128215,169767
105.61,09-20-2026 21:59:34:090,128229,169732
105.62,09-20-2026 21:59:34:100,128232,169781
105.63,09-20-2026 21:59:34:110,128219,169735
105.64,09-20-2026 21:59:34:120,128232,169759
105.65,09-20-2026 21:59:34:130,128230,169735
105.66,09-20-2026 21:59:34:140,128236,169775
105.67,09-20-2026 21:59:34:150,128226,169715
105.68,09-20-2026 21:59:34:160,128221,169726
105.69,09-20-2026 21:59:34:170,128234,169716
105.7,09-20-2026 21:59:34:180,128228,169746
105.71,09-20-2026 21:59:34:190,128218,169719
105.72,09-20-2026 21:59:34:200,128235,169749
105.73,09-20-2026 21:59:34:210,128229,169712
105.74,09-20-2026 21:59:34:220,128220,169734
105.75,09-20-2026 21:59:34:230,128208,169726
105.76,09-20-2026 21:59:34:240,128220,169745
105.77,09-20-2026 21:59:34:250,128218,169708
105.78,09-20-2026 21:59:34:260,128224,169733
105.79,09-20-2026 21:59:34:270,128223,169720
105.8,09-20-2026 21:59:34:280,128232,169714
105.81,09-20-2026 21:59:34:290,128215,169725
105.82,09-20-2026 21:59:34:300,128222,169726
105.83,09-20-2026 21:59:34:310,128221,169723
105.84,09-20-2026 21:59:34:320,128226,169737
105.85,09-20-2026 21:59:34:330,128227,169722
105.86,09-20-2026 21:59:34:340,128216,169742
105.87,09-20-2026 21:59:34:350,128216,169726
105.88,09-20-2026 21:59:34:360,128231,169728
105.89,09-20-2026 21:59:34:370,128219,169711
105.9,09-20-2026 21:59:34:380,128209,169714
105.91,09-20-2026 21:59:34:390,128203,169723
105.92,09-20-2026 21:59:34:400,128225,169724
105.93,09-20-2026 21:59:34:410,128224,169721
105.94,09-20-2026 21:59:34:420,128223,169720
105.95,09-20-2026 21:59:34:430,128218,169715
105.96,09-20-2026 21:59:34:440,128236,169730
105.97,09-20-2026 21:59:34:450,128223,169724
105.98,09-20-2026 21:59:34:460,128223,169727
105.99,09-20-2026 21:59:34:470,128204,169720
106,09-20-2026 21:59:34:480,128225,169719
106.01,09-20-2026 21:59:34:490,128228,169728
106.02,09-20-2026 21:59:34:500,128214,169731
106.03,09-20-2026 21:59:34:510,128200,169735
106.04,09-20-2026 21:59:34:520,128215,169717
106.05,09-20-2026 21:59:34:530,128221,169734
106.06,09-20-2026 21:59:34:540,128204,169737
106.07,09-20-2026 21:59:34:550,128218,169730
106.08,09-20-2026 21:59:34:560,128207,169734
106.09,09-20-2026 21:59:34:570,128219,169737
106.1,09-20-2026 21:59:34:580,128216,169712
106.11,09-20-2026 21:59:34:590,128203,169727
106.12,09-20-2026 21:59:34:600,128199,169751
106.13,09-20-2026 21:59:34:610,128188,169737
106.14,09-20-2026 21:59:34:620,128204,169756
106.15,09-20-2026 21:59:34:630,128207,169737
106.16,09-20-2026 21:59:34:640,128206,169747
106.17,09-20-2026 21:59:34:650,128233,169745
106.18,09-20-2026 21:59:34:660,128205,169747
106.19,09-20-2026 21:59:34:670,128218,169743
106.2,09-20-2026 21:59:34:680,128190,169756
106.21,09-20-2026 21:59:34:690,128214,169748
106.22,09-20-2026 21:59:34:700,128193,169747
106.23,09-20-2026 21:59:34:710,128215,169753
106.24,09-20-2026 21:59:34:720,128202,169759
106.25,09-20-2026 21:59:34:730,128211,169761
106.26,09-20-2026 21:59:34:740,128200,169766
106.27,09-20-2026 21:59:34:750,128215,169749
106.28,09-20-2026 21:59:34:760,128183,169762
106.29,09-20-2026 21:59:34:770,128220,169769
106.3,09-20-2026 21:59:34:780,128164,169758
106.31,09-20-2026 21:59:34:790,128233,169766
106.32,09-20-2026 21:59:34:800,128181,169765
106.33,09-20-2026 21:59:34:810,128221,169794
106.34,09-20-2026 21:59:34:820,128176,169769
106.35,09-20-2026 21:59:34:830,128222,169759
106.36,09-20-2026 21:59:34:840,128177,169774
106.37,09-20-2026 21:59:34:850,128224,169730
106.38,09-20-2026 21:59:34:860,128167,169750
106.39,09-20-2026 21:59:34:870,128213,169758
106.4,09-20-2026 21:59:34:880,128157,169742
106.41,09-20-2026 21:59:34:890,128222,169735
106.42,09-20-2026 21:59:34:900,128168,169715
106.43,09-20-2026 21:59:34:910,128210,169730
106.44,09-20-2026 21:59:34:920,128165,169716
106.45,09-20-2026 21:59:34:930,128213,169718
106.46,09-20-2026 21:59:34:940,128186,169732
106.47,09-20-2026 21:59:34:950,128217,169715
106.48,09-20-2026 21:59:34:960,128175,169705
106.49,09-20-2026 21:59:34:970,128202,169704
106.5,09-20-2026 21:59:34:980,128179,169690
106.51,09-20-2026 21:59:34:990,128226,169724
106.52,09-20-2026 21:59:35:000,128189,169705
106.53,09-20-2026 21:59:35:010,128206,169685
106.54,09-20-2026 21:59:35:020,128184,169696
106.55,09-20-2026 21:59:35:030,128213,169701
106.56,09-20-2026 21:59:35:040,128195,169687
106.57,09-20-2026 21:59:35:050,128197,169672
106.58,09-20-2026 21:59:35:060,128206,169662
106.59,09-20-2026 21:59:35:070,128220,169681
106.6,09-20-2026 21:59:35:080,128208,169664
106.61,09-20-2026 21:59:35:090,128227,169687
106.62,09-20-2026 21:59:35:100,128223,169693
106.63,09-20-2026 21:59:35:110,128199,169674
106.64,09-20-2026 21:59:35:120,128219,169666
106.65,09-20-2026 21:59:35:130,128198,169674
106.66,09-20-2026 21:59:35:140,128222,169666
106.67,09-20-2026 21:59:35:150,128208,169670
106.68,09-20-2026 21:59:35:160,128219,169662
106.69,09-20-2026 21:59:35:170,128207,169672
106.7,09-20-2026 21:59:35:180,128221,169686
106.71,09-20-2026 21:59:35:190,128195,169678
106.72,09-20-2026 21:59:35:200,128224,169689
106.73,09-20-2026 21:59:35:210,128200,169657
106.74,09-20-2026 21:59:35:220,128230,169668
106.75,09-20-2026 21:59:35:230,128199,169667
106.76,09-20-2026 21:59:35:240,128221,169664
106.77,09-20-2026 21:59:35:250,128198,169670
106.78,09-20-2026 21:59:35:260,128237,169672
106.79,09-20-2026 21:59:35:270,128190,169658
106.8,09-20-2026 21:59:35:280,128240,169657
106.81,09-20-2026 21:59:35:290,128197,169665
106.82,09-20-2026 21:59:35:300,128235,169655
106.83,09-20-2026 21:59:35:310,128198,169657
106.84,09-20-2026 21:59:35:320,128219,169668
106.85,09-20-2026 21:59:35:330,128202,169655
106.86,09-20-2026 21:59:35:340,128240,169664
106.87,09-20-2026 21:59:35:350,128190,169648
106.88,09-20-2026 21:59:35:360,128230,169676
106.89,09-20-2026 21:59:35:370,128195,169677
106.9,09-20-2026 21:59:35:380,128223,169675
106.91,09-20-2026 21:59:35:390,128214,169661
106.92,09-20-2026 21:59:35:400,128220,169672
106.93,09-20-2026 21:59:35:410,128192,169665
106.94,09-20-2026 21:59:35:420,128235,169678
106.95,09-20-2026 21:59:35:430,128193,169682
106.96,09-20-2026 21:59:35:440,128222,169675
106.97,09-20-2026 21:59:35:450,128196,169681
106.98,09-20-2026 21:59:35:460,128228,169683
106.99,09-20-2026 21:59:35:470,128205,169678
107,09-20-2026 21:59:35:480,128219,169689
107.01,09-20-2026 21:59:35:490,128186,169689
107.02,09-20-2026 21:59:35:500,128210,169686
107.03,09-20-2026 21:59:35:510,128185,169667
107.04,09-20-2026 21:59:35:520,128200,169675
107.05,09-20-2026 21:59:35:530,128184,169673
107.06,09-20-2026 21:59:35:540,128187,169681
107.07,09-20-2026 21:59:35:550,128183,169679
107.08,09-20-2026 21:59:35:560,128187,169691
107.09,09-20-2026 21:59:35:570,128198,169682
107.1,09-20-2026 21:59:35:580,128198,169682
107.11,09-20-2026 21:59:35:590,128183,169698
107.12,09-20-2026 21:59:35:600,128194,169693
107.13,09-20-2026 21:59:35:610,128196,169699
107.14,09-20-2026 21:59:35:620,128191,169700
107.15,09-20-2026 21:59:35:630,128215,169706
107.16,09-20-2026 21:59:35:640,128191,169687
107.17,09-20-2026 21:59:35:650,128201,169719
107.18,09-20-2026 21:59:35:660,128200,169681
107.19,09-20-2026 21:59:35:670,128193,169709
107.2,09-20-2026 21:59:35:680,128201,169676
107.21,09-20-2026 21:59:35:690,128186,169711
107.22,09-20-2026 21:59:35:700,128196,169687
107.23,09-20-2026 21:59:35:710,128194,169704
107.24,09-20-2026 21:59:35:720,128221,169665
107.25,09-20-2026 21:59:35:730,128196,169676
107.26,09-20-2026 21:59:35:740,128201,169658
107.27,09-20-2026 21:59:35:750,128197,169675
107.28,09-20-2026 21:59:35:760,128175,169640
107.29,09-20-2026 21:59:35:770,128195,169655
107.3,09-20-2026 21:59:35:780,128191,169630
107.31,09-20-2026 21:59:35:790,128187,169655
107.32,09-20-2026 21:59:35:800,128201,169598
107.33,09-20-2026 21:59:35:810,128191,169641
107.34,09-20-2026 21:59:35:820,128188,169601
107.35,09-20-2026 21:59:35:830,128176,169637
107.36,09-20-2026 21:59:35:840,128186,169593
107.37,09-20-2026 21:59:35:850,128193,169629
107.38,09-20-2026 21:59:35:860,128195,169597
107.39,09-20-2026 21:59:35:870,128189,169628
107.4,09-20-2026 21:59:35:880,128199,169580
107.41,09-20-2026 21:59:35:890,128192,169630
107.42,09-20-2026 21:59:35:900,128195,169591
107.43,09-20-2026 21:59:35:910,128177,169627
107.44,09-20-2026 21:59:35:920,128178,169580
107.45,09-20-2026 21:59:35:930,128190,169630
107.46,09-20-2026 21:59:35:940,128177,169570
107.47,09-20-2026 21:59:35:950,128185,169613
107.48,09-20-2026 21:59:35:960,128191,169588
107.49,09-20-2026 21:59:35:970,128175,169628
107.5,09-20-2026 21:59:35:980,128181,169586
107.51,09-20-2026 21:59:35:990,128162,169625
107.52,09-20-2026 21:59:36:000,128166,169577
107.53,09-20-2026 21:59:36:010,128190,169602
107.54,09-20-2026 21:59:36:020,128177,169601
107.55,09-20-2026 21:59:36:030,128161,169594
107.56,09-20-2026 21:59:36:040,128157,169611
107.57,09-20-2026 21:59:36:050,128169,169600
107.58,09-20-2026 21:59:36:060,128186,169613
107.59,09-20-2026 21:59:36:070,128155,169583
107.6,09-20-2026 21:59:36:080,128183,169607
107.61,09-20-2026 21:59:36:090,128168,169596
107.62,09-20-2026 21:59:36:100,128171,169625
107.63,09-20-2026 21:59:36:110,128168,169605
107.64,09-20-2026 21:59:36:120,128176,169615
107.65,09-20-2026 21:59:36:130,128166,169605
107.66,09-20-2026 21:59:36:140,128179,169615
107.67,09-20-2026 21:59:36:150,128169,169596
107.68,09-20-2026 21:59:36:160,128164,169627
107.69,09-20-2026 21:59:36:170,128162,169613
107.7,09-20-2026 21:59:36:180,128172,169628
107.71,09-20-2026 21:59:36:190,128178,169601
107.72,09-20-2026 21:59:36:200,128167,169618
107.73,09-20-2026 21:59:36:210,128171,169601
107.74,09-20-2026 21:59:36:220,128155,169615
107.75,09-20-2026 21:59:36:230,128172,169611
107.76,09-20-2026 21:59:36:240,128164,169633
107.77,09-20-2026 21:59:36:250,128167,169613
107.78,09-20-2026 21:59:36:260,128162,169637
107.79,09-20-2026 21:59:36:270,128181,169603
107.8,09-20-2026 21:59:36:280,128177,169639
107.81,09-20-2026 21:59:36:290,128179,169611
107.82,09-20-2026 21:59:36:300,128168,169638
107.83,09-20-2026 21:59:36:310,128182,169619
107.84,09-20-2026 21:59:36:320,128171,169657
107.85,09-20-2026 21:59:36:330,128169,169618
107.86,09-20-2026 21:59:36:340,128180,169640
107.87,09-20-2026 21:59:36:350,128164,169619
107.88,09-20-2026 21:59:36:360,128163,169627
107.89,09-20-2026 21:59:36:370,128179,169632
107.9,09-20-2026 21:59:36:380,128176,169645
107.91,09-20-2026 21:59:36:390,128167,169632
107.92,09-20-2026 21:59:36:400,128181,169652
107.93,09-20-2026 21:59:36:410,128198,169620
107.94,09-20-2026 21:59:36:420,128164,169639
107.95,09-20-2026 21:59:36:430,128171,169625
107.96,09-20-2026 21:59:36:440,128170,169649
107.97,09-20-2026 21:59:36:450,128175,169617
107.98,09-20-2026 21:59:36:460,128178,169648
107.99,09-20-2026 21:59:36:470,128152,169636
108,09-20-2026 21:59:36:480,128174,169643
108.01,09-20-2026 21:59:36:490,128179,169641
108.02,09-20-2026 21:59:36:500,128177,169669
108.03,09-20-2026 21:59:36:510,128183,169655
108.04,09-20-2026 21:59:36:520,128175,169630
108.05,09-20-2026 21:59:36:530,128186,169646
108.06,09-20-2026 21:59:36:540,128176,169662
108.07,09-20-2026 21:59:36:550,128186,169652
108.08,09-20-2026 21:59:36:560,128182,169649
108.09,09-20-2026 21:59:36:570,128175,169652
108.1,09-20-2026 21:59:36:580,128180,169635
108.11,09-20-2026 21:59:36:590,128180,169656
108.12,09-20-2026 21:59:36:600,128166,169665
108.13,09-20-2026 21:59:36:610,128169,169662
108.14,09-20-2026 21:59:36:620,128173,169649
108.15,09-20-2026 21:59:36:630,128171,169641
108.16,09-20-2026 21:59:36:640,128172,169622
108.17,09-20-2026 21:59:36:650,128183,169633
108.18,09-20-2026 21:59:36:660,128153,169608
108.19,09-20-2026 21:59:36:670,128169,169636
108.2,09-20-2026 21:59:36:680,128167,169629
108.21,09-20-2026 21:59:36:690,128175,169622
108.22,09-20-2026 21:59:36:700,128176,169616
108.23,09-20-2026 21:59:36:710,128179,169622
108.24,09-20-2026 21:59:36:720,128166,169606
108.25,09-20-2026 21:59:36:730,128170,169604
108.26,09-20-2026 21:59:36:740,128171,169608
108.27,09-20-2026 21:59:36:750,128155,169591
108.28,09-20-2026 21:59:36:760,128163,169602
108.29,09-20-2026 21:59:36:770,128171,169594
108.3,09-20-2026 21:59:36:780,128148,169586
108.31,09-20-2026 21:59:36:790,128162,169598
108.32,09-20-2026 21:59:36:800,128166,169561
108.33,09-20-2026 21:59:36:810,128174,169588
108.34,09-20-2026 21:59:36:820,128141,169578
108.35,09-20-2026 21:59:36:830,128180,169573
108.36,09-20-2026 21:59:36:840,128143,169581
108.37,09-20-2026 21:59:36:850,128156,169565
108.38,09-20-2026 21:59:36:860,128163,169563
108.39,09-20-2026 21:59:36:870,128163,169560
108.4,09-20-2026 21:59:36:880,128145,169560
108.41,09-20-2026 21:59:36:890,128176,169548
108.42,09-20-2026 21:59:36:900,128128,169554
108.43,09-20-2026 21:59:36:910,128163,169574
108.44,09-20-2026 21:59:36:920,128130,169550
108.45,09-20-2026 21:59:36:930,128150,169572
108.46,09-20-2026 21:59:36:940,128151,169563
108.47,09-20-2026 21:59:36:950,128163,169580
108.48,09-20-2026 21:59:36:960,128136,169569
108.49,09-20-2026 21:59:36:970,128162,169571
108.5,09-20-2026 21:59:36:980,128124,169563
108.51,09-20-2026 21:59:36:990,128156,169554
108.52,09-20-2026 21:59:37:000,128123,169564
108.53,09-20-2026 21:59:37:010,128172,169555
108.54,09-20-2026 21:59:37:020,128121,169557
108.55,09-20-2026 21:59:37:030,128167,169564
108.56,09-20-2026 21:59:37:040,128096,169554
108.57,09-20-2026 21:59:37:050,128161,169572
108.58,09-20-2026 21:59:37:060,128122,169561
108.59,09-20-2026 21:59:37:070,128154,169559
108.6,09-20-2026 21:59:37:080,128113,169561
108.61,09-20-2026 21:59:37:090,128153,169558
108.62,09-20-2026 21:59:37:100,128122,169558
108.63,09-20-2026 21:59:37:110,128162,169574
108.64,09-20-2026 21:59:37:120,128114,169586
108.65,09-20-2026 21:59:37:130,128165,169574
108.66,09-20-2026 21:59:37:140,128128,169587
108.67,09-20-2026 21:59:37:150,128170,169571
108.68,09-20-2026 21:59:37:160,128141,169574
108.69,09-20-2026 21:59:37:170,128184,169571
108.7,09-20-2026 21:59:37:180,128134,169575
108.71,09-20-2026 21:59:37:190,128157,169579
108.72,09-20-2026 21:59:37:200,128140,169573
108.73,09-20-2026 21:59:37:210,128167,169583
108.74,09-20-2026 21:59:37:220,128154,169585
108.75,09-20-2026 21:59:37:230,128163,169585
108.76,09-20-2026 21:59:37:240,128152,169575
108.77,09-20-2026 21:59:37:250,128169,169600
108.78,09-20-2026 21:59:37:260,128159,169578
108.79,09-20-2026 21:59:37:270,128178,169597
108.8,09-20-2026 21:59:37:280,128169,169593
108.81,09-20-2026 21:59:37:290,128173,169592
108.82,09-20-2026 21:59:37:300,128162,169609
108.83,09-20-2026 21:59:37:310,128153,169597
108.84,09-20-2026 21:59:37:320,128192,169608
108.85,09-20-2026 21:59:37:330,128165,169605
108.86,09-20-2026 21:59:37:340,128175,169608
108.87,09-20-2026 21:59:37:350,128176,169610
108.88,09-20-2026 21:59:37:360,128186,169600
108.89,09-20-2026 21:59:37:370,128167,169602
108.9,09-20-2026 21:59:37:380,128182,169620
108.91,09-20-2026 21:59:37:390,128174,169617
108.92,09-20-2026 21:59:37:400,128185,169598
108.93,09-20-2026 21:59:37:410,128158,169593
108.94,09-20-2026 21:59:37:420,128200,169636
108.95,09-20-2026 21:59:37:430,128173,169618
108.96,09-20-2026 21:59:37:440,128207,169613
108.97,09-20-2026 21:59:37:450,128160,169639
108.98,09-20-2026 21:59:37:460,128197,169639
108.99,09-20-2026 21:59:37:470,128165,169623
109,09-20-2026 21:59:37:480,128197,169626
109.01,09-20-2026 21:59:37:490,128174,169610
109.02,09-20-2026 21:59:37:500,128192,169640
109.03,09-20-2026 21:59:37:510,128176,169621
109.04,09-20-2026 21:59:37:520,128200,169620
109.05,09-20-2026 21:59:37:530,128161,169628
109.06,09-20-2026 21:59:37:540,128207,169611
109.07,09-20-2026 21:59:37:550,128171,169608
109.08,09-20-2026 21:59:37:560,128207,169587
109.09,09-20-2026 21:59:37:570,128162,169598
109.1,09-20-2026 21:59:37:580,128175,169594
109.11,09-20-2026 21:59:37:590,128170,169595
109.12,09-20-2026 21:59:37:600,128184,169597
109.13,09-20-2026 21:59:37:610,128168,169574
109.14,09-20-2026 21:59:37:620,128175,169586
109.15,09-20-2026 21:59:37:630,128176,169586
109.16,09-20-2026 21:59:37:640,128173,169564
109.17,09-20-2026 21:59:37:650,128157,169591
109.18,09-20-2026 21:59:37:660,128170,169584
109.19,09-20-2026 21:59:37:670,128163,169566
109.2,09-20-2026 21:59:37:680,128190,169571
109.21,09-20-2026 21:59:37:690,128154,169559
109.22,09-20-2026 21:59:37:700,128154,169557
109.23,09-20-2026 21:59:37:710,128153,169558
109.24,09-20-2026 21:59:37:720,128162,169532
109.25,09-20-2026 21:59:37:730,128169,169544
109.26,09-20-2026 21:59:37:740,128168,169547
109.27,09-20-2026 21:59:37:750,128150,169548
109.28,09-20-2026 21:59:37:760,128167,169564
109.29,09-20-2026 21:59:37:770,128167,169546
109.3,09-20-2026 21:59:37:780,128155,169555
109.31,09-20-2026 21:59:37:790,128156,169536
109.32,09-20-2026 21:59:37:800,128162,169526
109.33,09-20-2026 21:59:37:810,128156,169520
109.34,09-20-2026 21:59:37:820,128151,169543
109.35,09-20-2026 21:59:37:830,128153,169527
109.36,09-20-2026 21:59:37:840,128155,169547
109.37,09-20-2026 21:59:37:850,128162,169536
109.38,09-20-2026 21:59:37:860,128157,169536
109.39,09-20-2026 21:59:37:870,128158,169510
109.4,09-20-2026 21:59:37:880,128158,169529
109.41,09-20-2026 21:59:37:890,128147,169522
109.42,09-20-2026 21:59:37:900,128156,169548
109.43,09-20-2026 21:59:37:910,128173,169508
109.44,09-20-2026 21:59:37:920,128151,169539
109.45,09-20-2026 21:59:37:930,128162,169502
109.46,09-20-2026 21:59:37:940,128171,169542
109.47,09-20-2026 21:59:37:950,128168,169500
109.48,09-20-2026 21:59:37:960,128160,169534
109.49,09-20-2026 21:59:37:970,128157,169510
109.5,09-20-2026 21:59:37:980,128171,169557
109.51,09-20-2026 21:59:37:990,128151,169473
109.52,09-20-2026 21:59:38:000,128156,169539
109.53,09-20-2026 21:59:38:010,128163,169497
109.54,09-20-2026 21:59:38:020,128162,169542
109.55,09-20-2026 21:59:38:030,128140,169497
109.56,09-20-2026 21:59:38:040,128156,169554
109.57,09-20-2026 21:59:38:050,128153,169500
109.58,09-20-2026 21:59:38:060,128166,169537
109.59,09-20-2026 21:59:38:070,128154,169489
109.6,09-20-2026 21:59:38:080,128162,169550
109.61,09-20-2026 21:59:38:090,128154,169508
109.62,09-20-2026 21:59:38:100,128170,169556
109.63,09-20-2026 21:59:38:110,128156,169521
109.64,09-20-2026 21:59:38:120,128165,169546
109.65,09-20-2026 21:59:38:130,128156,169546
109.66,09-20-2026 21:59:38:140,128166,169556
109.67,09-20-2026 21:59:38:150,128160,169526
109.68,09-20-2026 21:59:38:160,128169,169545
109.69,09-20-2026 21:59:38:170,128139,169526
109.7,09-20-2026 21:59:38:180,128149,169575
109.71,09-20-2026 21:59:38:190,128162,169530
109.72,09-20-2026 21:59:38:200,128163,169580
109.73,09-20-2026 21:59:38:210,128165,169552
109.74,09-20-2026 21:59:38:220,128167,169575
109.75,09-20-2026 21:59:38:230,128164,169586
109.76,09-20-2026 21:59:38:240,128170,169576
109.77,09-20-2026 21:59:38:250,128165,169582
109.78,09-20-2026 21:59:38:260,128153,169580
109.79,09-20-2026 21:59:38:270,128156,169583
109.8,09-20-2026 21:59:38:280,128165,169590
109.81,09-20-2026 21:59:38:290,128180,169610
109.82,09-20-2026 21:59:38:300,128165,169569
109.83,09-20-2026 21:59:38:310,128163,169611
109.84,09-20-2026 21:59:38:320,128178,169590
109.85,09-20-2026 21:59:38:330,128177,169606
109.86,09-20-2026 21:59:38:340,128163,169581
109.87,09-20-2026 21:59:38:350,128162,169620
109.88,09-20-2026 21:59:38:360,128168,169570
109.89,09-20-2026 21:59:38:370,128168,169593
109.9,09-20-2026 21:59:38:380,128159,169561
109.91,09-20-2026 21:59:38:390,128171,169579
109.92,09-20-2026 21:59:38:400,128158,169572
109.93,09-20-2026 21:59:38:410,128173,169577
109.94,09-20-2026 21:59:38:420,128167,169549
109.95,09-20-2026 21:59:38:430,128157,169577
109.96,09-20-2026 21:59:38:440,128159,169540
109.97,09-20-2026 21:59:38:450,128173,169575
109.98,09-20-2026 21:59:38:460,128153,169545
109.99,09-20-2026 21:59:38:470,128166,169572
110,09-20-2026 21:59:38:480,128170,169525
110.01,09-20-2026 21:59:38:490,128152,169559
110.02,09-20-2026 21:59:38:500,128163,169533
110.03,09-20-2026 21:59:38:510,128165,169571
110.04,09-20-2026 21:59:38:520,128161,169514
110.05,09-20-2026 21:59:38:530,128172,169548
110.06,09-20-2026 21:59:38:540,128160,169502
110.07,09-20-2026 21:59:38:550,128168,169544
110.08,09-20-2026 21:59:38:560,128156,169509
110.09,09-20-2026 21:59:38:570,128166,169538
110.1,09-20-2026 21:59:38:580,128161,169530
110.11,09-20-2026 21:59:38:590,128178,169526
110.12,09-20-2026 21:59:38:600,128173,169514
110.13,09-20-2026 21:59:38:610,128180,169525
110.14,09-20-2026 21:59:38:620,128168,169507
110.15,09-20-2026 21:59:38:630,128146,169529
110.16,09-20-2026 21:59:38:640,128166,169502
110.17,09-20-2026 21:59:38:650,128153,169510
110.18,09-20-2026 21:59:38:660,128165,169510
110.19,09-20-2026 21:59:38:670,128165,169526
110.2,09-20-2026 21:59:38:680,128168,169524
110.21,09-20-2026 21:59:38:690,128173,169521
110.22,09-20-2026 21:59:38:700,128156,169506
110.23,09-20-2026 21:59:38:710,128166,169506
110.24,09-20-2026 21:59:38:720,128167,169515
110.25,09-20-2026 21:59:38:730,128161,169515
110.26,09-20-2026 21:59:38:740,128159,169501
110.27,09-20-2026 21:59:38:750,128164,169517
110.28,09-20-2026 21:59:38:760,128158,169508
110.29,09-20-2026 21:59:38:770,128155,169508
110.3,09-20-2026 21:59:38:780,128173,169515
110.31,09-20-2026 21:59:38:790,128153,169517
110.32,09-20-2026 21:59:38:800,128166,169508
110.33,09-20-2026 21:59:38:810,128166,169513
110.34,09-20-2026 21:59:38:820,128162,169520
110.35,09-20-2026 21:59:38:830,128157,169503
110.36,09-20-2026 21:59:38:840,128167,169523
110.37,09-20-2026 21:59:38:850,128150,169522
110.38,09-20-2026 21:59:38:860,128177,169525
110.39,09-20-2026 21:59:38:870,128174,169531
110.4,09-20-2026 21:59:38:880,128163,169527
110.41,09-20-2026 21:59:38:890,128168,169503
110.42,09-20-2026 21:59:38:900,128161,169507
110.43,09-20-2026 21:59:38:910,128153,169544
110.44,09-20-2026 21:59:38:920,128164,169537
110.45,09-20-2026 21:59:38:930,128154,169540
110.46,09-20-2026 21:59:38:940,128179,169536
110.47,09-20-2026 21:59:38:950,128158,169545
110.48,09-20-2026 21:59:38:960,128176,169522
110.49,09-20-2026 21:59:38:970,128154,169552
110.5,09-20-2026 21:59:38:980,128167,169553
110.51,09-20-2026 21:59:38:990,128155,169547
110.52,09-20-2026 21:59:39:000,128179,169550
110.53,09-20-2026 21:59:39:010,128147,169545
110.54,09-20-2026 21:59:39:020,128183,169556
110.55,09-20-2026 21:59:39:030,128154,169565
110.56,09-20-2026 21:59:39:040,128165,169547
110.57,09-20-2026 21:59:39:050,128141,169549
110.58,09-20-2026 21:59:39:060,128178,169560
110.59,09-20-2026 21:59:39:070,128137,169557
110.6,09-20-2026 21:59:39:080,128166,169559
110.61,09-20-2026 21:59:39:090,128164,169581
110.62,09-20-2026 21:59:39:100,128177,169573
110.63,09-20-2026 21:59:39:110,128147,169592
110.64,09-20-2026 21:59:39:120,128194,169557
110.65,09-20-2026 21:59:39:130,128137,169563
110.66,09-20-2026 21:59:39:140,128179,169581
110.67,09-20-2026 21:59:39:150,128133,169581
110.68,09-20-2026 21:59:39:160,128185,169587
110.69,09-20-2026 21:59:39:170,128138,169582
110.7,09-20-2026 21:59:39:180,128183,169576
110.71,09-20-2026 21:59:39:190,128130,169590
110.72,09-20-2026 21:59:39:200,128186,169585
110.73,09-20-2026 21:59:39:210,128155,169596
110.74,09-20-2026 21:59:39:220,128181,169584
110.75,09-20-2026 21:59:39:230,128148,169574
110.76,09-20-2026 21:59:39:240,128179,169587
110.77,09-20-2026 21:59:39:250,128138,169577
110.78,09-20-2026 21:59:39:260,128188,169559
110.79,09-20-2026 21:59:39:270,128123,169579
110.8,09-20-2026 21:59:39:280,128181,169562
110.81,09-20-2026 21:59:39:290,128156,169557
110.82,09-20-2026 21:59:39:300,128170,169563
110.83,09-20-2026 21:59:39:310,128150,169552
110.84,09-20-2026 21:59:39:320,128187,169536
110.85,09-20-2026 21:59:39:330,128136,169546
110.86,09-20-2026 21:59:39:340,128189,169562
110.87,09-20-2026 21:59:39:350,128159,169548
110.88,09-20-2026 21:59:39:360,128175,169543
110.89,09-20-2026 21:59:39:370,128156,169541
110.9,09-20-2026 21:59:39:380,128192,169546
110.91,09-20-2026 21:59:39:390,128175,169524
110.92,09-20-2026 21:59:39:400,128178,169538
110.93,09-20-2026 21:59:39:410,128181,169534
110.94,09-20-2026 21:59:39:420,128192,169522
110.95,09-20-2026 21:59:39:430,128194,169519
110.96,09-20-2026 21:59:39:440,128172,169529
110.97,09-20-2026 21:59:39:450,128193,169527
110.98,09-20-2026 21:59:39:460,128180,169521
110.99,09-20-2026 21:59:39:470,128192,169525
111,09-20-2026 21:59:39:480,128185,169517
111.01,09-20-2026 21:59:39:490,128183,169518
111.02,09-20-2026 21:59:39:500,128178,169519
111.03,09-20-2026 21:59:39:510,128194,169520
111.04,09-20-2026 21:59:39:520,128161,169525
111.05,09-20-2026 21:59:39:530,128209,169528
111.06,09-20-2026 21:59:39:540,128178,169537
111.07,09-20-2026 21:59:39:550,128191,169536
111.08,09-20-2026 21:59:39:560,128168,169542
111.09,09-20-2026 21:59:39:570,128189,169526
111.1,09-20-2026 21:59:39:580,128183,169528
111.11,09-20-2026 21:59:39:590,128207,169554
111.12,09-20-2026 21:59:39:600,128171,169531
111.13,09-20-2026 21:59:39:610,128215,169526
111.14,09-20-2026 21:59:39:620,128174,169531
111.15,09-20-2026 21:59:39:630,128205,169538
111.16,09-20-2026 21:59:39:640,128172,169530
111.17,09-20-2026 21:59:39:650,128238,169520
111.18,09-20-2026 21:59:39:660,128183,169523
111.19,09-20-2026 21:59:39:670,128224,169530
111.2,09-20-2026 21:59:39:680,128184,169526
111.21,09-20-2026 21:59:39:690,128231,169537
111.22,09-20-2026 21:59:39:700,128185,169530
111.23,09-20-2026 21:59:39:710,128221,169529
111.24,09-20-2026 21:59:39:720,128192,169546
111.25,09-20-2026 21:59:39:730,128206,169546
111.26,09-20-2026 21:59:39:740,128185,169557
111.27,09-20-2026 21:59:39:750,128198,169553
111.28,09-20-2026 21:59:39:760,128197,169550
111.29,09-20-2026 21:59:39:770,128197,169544
111.3,09-20-2026 21:59:39:780,128180,169555
111.31,09-20-2026 21:59:39:790,128204,169546
111.32,09-20-2026 21:59:39:800,128178,169546
111.33,09-20-2026 21:59:39:810,128210,169555
111.34,09-20-2026 21:59:39:820,128192,169556
111.35,09-20-2026 21:59:39:830,128188,169559
111.36,09-20-2026 21:59:39:840,128193,169551
111.37,09-20-2026 21:59:39:850,128218,169551
111.38,09-20-2026 21:59:39:860,128194,169566
111.39,09-20-2026 21:59:39:870,128182,169569
111.4,09-20-2026 21:59:39:880,128181,169565
111.41,09-20-2026 21:59:39:890,128188,169571
111.42,09-20-2026 21:59:39:900,128187,169594
111.43,09-20-2026 21:59:39:910,128202,169577
111.44,09-20-2026 21:59:39:920,128196,169570
111.45,09-20-2026 21:59:39:930,128213,169576
111.46,09-20-2026 21:59:39:940,128180,169562
111.47,09-20-2026 21:59:39:950,128209,169576
111.48,09-20-2026 21:59:39:960,128199,169579
111.49,09-20-2026 21:59:39:970,128190,169580
111.5,09-20-2026 21:59:39:980,128180,169583
111.51,09-20-2026 21:59:39:990,128209,169592
111.52,09-20-2026 21:59:40:000,128203,169564
111.53,09-20-2026 21:59:40:010,128202,169575
111.54,09-20-2026 21:59:40:020,128194,169601
111.55,09-20-2026 21:59:40:030,128217,169607
111.56,09-20-2026 21:59:40:040,128196,169584
111.57,09-20-2026 21:59:40:050,128199,169609
111.58,09-20-2026 21:59:40:060,128219,169593
111.59,09-20-2026 21:59:40:070,128216,169607
111.6,09-20-2026 21:59:40:080,128212,169591
111.61,09-20-2026 21:59:40:090,128197,169598
111.62,09-20-2026 21:59:40:100,128216,169587
111.63,09-20-2026 21:59:40:110,128196,169612
111.64,09-20-2026 21:59:40:120,128207,169575
111.65,09-20-2026 21:59:40:130,128197,169596
111.66,09-20-2026 21:59:40:140,128201,169556
111.67,09-20-2026 21:59:40:150,128206,169592
111.68,09-20-2026 21:59:40:160,128207,169541
111.69,09-20-2026 21:59:40:170,128196,169576
111.7,09-20-2026 21:59:40:180,128196,169551
111.71,09-20-2026 21:59:40:190,128203,169561
111.72,09-20-2026 21:59:40:200,128211,169559
111.73,09-20-2026 21:59:40:210,128188,169560
111.74,09-20-2026 21:59:40:220,128222,169542
111.75,09-20-2026 21:59:40:230,128203,169562
111.76,09-20-2026 21:59:40:240,128194,169502
111.77,09-20-2026 21:59:40:250,128204,169562
111.78,09-20-2026 21:59:40:260,128214,169501
111.79,09-20-2026 21:59:40:270,128207,169541
111.8,09-20-2026 21:59:40:280,128189,169493
111.81,09-20-2026 21:59:40:290,128201,169557
111.82,09-20-2026 21:59:40:300,128205,169515
111.83,09-20-2026 21:59:40:310,128201,169558
111.84,09-20-2026 21:59:40:320,128199,169492
111.85,09-20-2026 21:59:40:330,128206,169548
111.86,09-20-2026 21:59:40:340,128218,169506
111.87,09-20-2026 21:59:40:350,128212,169549
111.88,09-20-2026 21:59:40:360,128202,169500
111.89,09-20-2026 21:59:40:370,128209,169553
111.9,09-20-2026 21:59:40:380,128214,169508
111.91,09-20-2026 21:59:40:390,128201,169544
111.92,09-20-2026 21:59:40:400,128221,169513
111.93,09-20-2026 21:59:40:410,128205,169556
111.94,09-20-2026 21:59:40:420,128217,169522
111.95,09-20-2026 21:59:40:430,128211,169537
111.96,09-20-2026 21:59:40:440,128210,169513
111.97,09-20-2026 21:59:40:450,128218,169555
111.98,09-20-2026 21:59:40:460,128221,169525
111.99,09-20-2026 21:59:40:470,128209,169552
112,09-20-2026 21:59:40:480,128200,169556
112.01,09-20-2026 21:59:40:490,128211,169568
112.02,09-20-2026 21:59:40:500,128205,169537
112.03,09-20-2026 21:59:40:510,128196,169565
112.04,09-20-2026 21:59:40:520,128186,169544
112.05,09-20-2026 21:59:40:530,128216,169560
112.06,09-20-2026 21:59:40:540,128212,169563
112.07,09-20-2026 21:59:40:550,128217,169579
112.08,09-20-2026 21:59:40:560,128218,169568
112.09,09-20-2026 21:59:40:570,128185,169562
112.1,09-20-2026 21:59:40:580,128201,169578
112.11,09-20-2026 21:59:40:590,128226,169564
112.12,09-20-2026 21:59:40:600,128237,169571
112.13,09-20-2026 21:59:40:610,128213,169564
112.14,09-20-2026 21:59:40:620,128206,169572
112.15,09-20-2026 21:59:40:630,128228,169566
112.16,09-20-2026 21:59:40:640,128220,169581
112.17,09-20-2026 21:59:40:650,128216,169569
112.18,09-20-2026 21:59:40:660,128222,169593
112.19,09-20-2026 21:59:40:670,128237,169560
112.2,09-20-2026 21:59:40:680,128217,169589
112.21,09-20-2026 21:59:40:690,128220,169578
112.22,09-20-2026 21:59:40:700,128227,169595
112.23,09-20-2026 21:59:40:710,128214,169591
112.24,09-20-2026 21:59:40:720,128208,169615
112.25,09-20-2026 21:59:40:730,128215,169600
112.26,09-20-2026 21:59:40:740,128220,169603
112.27,09-20-2026 21:59:40:750,128219,169583
112.28,09-20-2026 21:59:40:760,128220,169617
112.29,09-20-2026 21:59:40:770,128225,169592
112.3,09-20-2026 21:59:40:780,128225,169621
112.31,09-20-2026 21:59:40:790,128224,169596
112.32,09-20-2026 21:59:40:800,128236,169619
112.33,09-20-2026 21:59:40:810,128229,169598
112.34,09-20-2026 21:59:40:820,128223,169642
112.35,09-20-2026 21:59:40:830,128232,169605
112.36,09-20-2026 21:59:40:840,128236,169636
112.37,09-20-2026 21:59:40:850,128214,169599
112.38,09-20-2026 21:59:40:860,128229,169635
112.39,09-20-2026 21:59:40:870,128220,169614
112.4,09-20-2026 21:59:40:880,128234,169663
112.41,09-20-2026 21:59:40:890,128230,169608
112.42,09-20-2026 21:59:40:900,128242,169662
112.43,09-20-2026 21:59:40:910,128226,169632
112.44,09-20-2026 21:59:40:920,128236,169681
112.45,09-20-2026 21:59:40:930,128226,169632
112.46,09-20-2026 21:59:40:940,128213,169652
112.47,09-20-2026 21:59:40:950,128242,169624
112.48,09-20-2026 21:59:40:960,128224,169633
112.49,09-20-2026 21:59:40:970,128235,169628
112.5,09-20-2026 21:59:40:980,128237,169603
112.51,09-20-2026 21:59:40:990,128235,169603
112.52,09-20-2026 21:59:41:000,128214,169619
112.53,09-20-2026 21:59:41:010,128222,169604
112.54,09-20-2026 21:59:41:020,128228,169598
112.55,09-20-2026 21:59:41:030,128224,169594
112.56,09-20-2026 21:59:41:040,128214,169608
112.57,09-20-2026 21:59:41:050,128224,169601
112.58,09-20-2026 21:59:41:060,128215,169598
112.59,09-20-2026 21:59:41:070,128236,169588
112.6,09-20-2026 21:59:41:080,128229,169583
112.61,09-20-2026 21:59:41:090,128205,169581
112.62,09-20-2026 21:59:41:100,128216,169609
112.63,09-20-2026 21:59:41:110,128227,169568
112.64,09-20-2026 21:59:41:120,128231,169579
112.65,09-20-2026 21:59:41:130,128226,169563
112.66,09-20-2026 21:59:41:140,128245,169558
112.67,09-20-2026 21:59:41:150,128241,169563
112.68,09-20-2026 21:59:41:160,128243,169565
112.69,09-20-2026 21:59:41:170,128231,169554
112.7,09-20-2026 21:59:41:180,128223,169560
112.71,09-20-2026 21:59:41:190,128235,169560
112.72,09-20-2026 21:59:41:200,128225,169567
112.73,09-20-2026 21:59:41:210,128216,169552
112.74,09-20-2026 21:59:41:220,128224,169573
112.75,09-20-2026 21:59:41:230,128233,169551
112.76,09-20-2026 21:59:41:240,128251,169558
112.77,09-20-2026 21:59:41:250,128231,169563
112.78,09-20-2026 21:59:41:260,128241,169569
112.79,09-20-2026 21:59:41:270,128223,169565
112.8,09-20-2026 21:59:41:280,128236,169564
112.81,09-20-2026 21:59:41:290,128226,169579
112.82,09-20-2026 21:59:41:300,128236,169559
112.83,09-20-2026 21:59:41:310,128240,169574
112.84,09-20-2026 21:59:41:320,128237,169564
112.85,09-20-2026 21:59:41:330,128237,169566
112.86,09-20-2026 21:59:41:340,128248,169581
112.87,09-20-2026 21:59:41:350,128246,169568
112.88,09-20-2026 21:59:41:360,128230,169559
112.89,09-20-2026 21:59:41:370,128227,169573
112.9,09-20-2026 21:59:41:380,128226,169569
112.91,09-20-2026 21:59:41:390,128247,169582
112.92,09-20-2026 21:59:41:400,128231,169561
112.93,09-20-2026 21:59:41:410,128220,169573
112.94,09-20-2026 21:59:41:420,128223,169566
112.95,09-20-2026 21:59:41:430,128235,169590
112.96,09-20-2026 21:59:41:440,128237,169568
112.97,09-20-2026 21:59:41:450,128234,169572
112.98,09-20-2026 21:59:41:460,128241,169552
112.99,09-20-2026 21:59:41:470,128242,169582
113,09-20-2026 21:59:41:480,128234,169584
113.01,09-20-2026 21:59:41:490,128239,169608
113.02,09-20-2026 21:59:41:500,128240,169592
113.03,09-20-2026 21:59:41:510,128234,169590
113.04,09-20-2026 21:59:41:520,128226,169584
113.05,09-20-2026 21:59:41:530,128237,169581
113.06,09-20-2026 21:59:41:540,128229,169585
113.07,09-20-2026 21:59:41:550,128237,169590
113.08,09-20-2026 21:59:41:560,128236,169596
113.09,09-20-2026 21:59:41:570,128236,169590
113.1,09-20-2026 21:59:41:580,128248,169600
113.11,09-20-2026 21:59:41:590,128240,169596
113.12,09-20-2026 21:59:41:600,128212,169610
113.13,09-20-2026 21:59:41:610,128242,169619
113.14,09-20-2026 21:59:41:620,128227,169613
113.15,09-20-2026 21:59:41:630,128247,169617
113.16,09-20-2026 21:59:41:640,128239,169621
113.17,09-20-2026 21:59:41:650,128244,169635
113.18,09-20-2026 21:59:41:660,128231,169621
113.19,09-20-2026 21:59:41:670,128239,169608
113.2,09-20-2026 21:59:41:680,128222,169624
113.21,09-20-2026 21:59:41:690,128256,169634
113.22,09-20-2026 21:59:41:700,128232,169635
113.23,09-20-2026 21:59:41:710,128257,169639
113.24,09-20-2026 21:59:41:720,128231,169653
113.25,09-20-2026 21:59:41:730,128262,169635
113.26,09-20-2026 21:59:41:740,128240,169653
113.27,09-20-2026 21:59:41:750,128240,169647
113.28,09-20-2026 21:59:41:760,128223,169647
113.29,09-20-2026 21:59:41:770,128256,169660
113.3,09-20-2026 21:59:41:780,128235,169644
113.31,09-20-2026 21:59:41:790,128261,169661
113.32,09-20-2026 21:59:41:800,128229,169662
113.33,09-20-2026 21:59:41:810,128270,169663
113.34,09-20-2026 21:59:41:820,128229,169669
113.35,09-20-2026 21:59:41:830,128244,169666
113.36,09-20-2026 21:59:41:840,128205,169669
113.37,09-20-2026 21:59:41:850,128277,169670
113.38,09-20-2026 21:59:41:860,128210,169660
113.39,09-20-2026 21:59:41:870,128256,169656
113.4,09-20-2026 21:59:41:880,128203,169640
113.41,09-20-2026 21:59:41:890,128250,169618
113.42,09-20-2026 21:59:41:900,128211,169625
113.43,09-20-2026 21:59:41:910,128257,169650
113.44,09-20-2026 21:59:41:920,128209,169626
113.45,09-20-2026 21:59:41:930,128254,169618
113.46,09-20-2026 21:59:41:940,128196,169629
113.47,09-20-2026 21:59:41:950,128264,169631
113.48,09-20-2026 21:59:41:960,128223,169630
113.49,09-20-2026 21:59:41:970,128265,169628
113.5,09-20-2026 21:59:41:980,128243,169631
113.51,09-20-2026 21:59:41:990,128271,169631
113.52,09-20-2026 21:59:42:000,128235,169623
113.53,09-20-2026 21:59:42:010,128262,169613
113.54,09-20-2026 21:59:42:020,128229,169599
113.55,09-20-2026 21:59:42:030,128254,169601
113.56,09-20-2026 21:59:42:040,128233,169611
113.57,09-20-2026 21:59:42:050,128267,169618
113.58,09-20-2026 21:59:42:060,128231,169599
113.59,09-20-2026 21:59:42:070,128251,169607
113.6,09-20-2026 21:59:42:080,128230,169606
113.61,09-20-2026 21:59:42:090,128257,169598
113.62,09-20-2026 21:59:42:100,128247,169612
113.63,09-20-2026 21:59:42:110,128249,169615
113.64,09-20-2026 21:59:42:120,128258,169592
113.65,09-20-2026 21:59:42:130,128250,169608
113.66,09-20-2026 21:59:42:140,128274,169603
113.67,09-20-2026 21:59:42:150,128247,169609
113.68,09-20-2026 21:59:42:160,128275,169609
113.69,09-20-2026 21:59:42:170,128259,169603
113.7,09-20-2026 21:59:42:180,128276,169609
113.71,09-20-2026 21:59:42:190,128258,169607
113.72,09-20-2026 21:59:42:200,128264,169612
113.73,09-20-2026 21:59:42:210,128248,169599
113.74,09-20-2026 21:59:42:220,128258,169601
113.75,09-20-2026 21:59:42:230,128237,169607
113.76,09-20-2026 21:59:42:240,128280,169617
113.77,09-20-2026 21:59:42:250,128261,169599
113.78,09-20-2026 21:59:42:260,128274,169613
113.79,09-20-2026 21:59:42:270,128249,169612
113.8,09-20-2026 21:59:42:280,128275,169604
113.81,09-20-2026 21:59:42:290,128273,169617
113.82,09-20-2026 21:59:42:300,128278,169627
113.83,09-20-2026 21:59:42:310,128256,169614
113.84,09-20-2026 21:59:42:320,128271,169618
113.85,09-20-2026 21:59:42:330,128259,169626
113.86,09-20-2026 21:59:42:340,128299,169633
113.87,09-20-2026 21:59:42:350,128247,169623
113.88,09-20-2026 21:59:42:360,128283,169639
113.89,09-20-2026 21:59:42:370,128267,169617
113.9,09-20-2026 21:59:42:380,128295,169639
113.91,09-20-2026 21:59:42:390,128257,169621
113.92,09-20-2026 21:59:42:400,128297,169634
113.93,09-20-2026 21:59:42:410,128278,169643
113.94,09-20-2026 21:59:42:420,128297,169633
113.95,09-20-2026 21:59:42:430,128252,169656
113.96,09-20-2026 21:59:42:440,128291,169642
113.97,09-20-2026 21:59:42:450,128268,169660
113.98,09-20-2026 21:59:42:460,128307,169643
113.99,09-20-2026 21:59:42:470,128266,169642
114,09-20-2026 21:59:42:480,128311,169662
114.01,09-20-2026 21:59:42:490,128275,169645
114.02,09-20-2026 21:59:42:500,128313,169657
114.03,09-20-2026 21:59:42:510,128278,169642
114.04,09-20-2026 21:59:42:520,128318,169671
114.05,09-20-2026 21:59:42:530,128271,169663
114.06,09-20-2026 21:59:42:540,128288,169677
114.07,09-20-2026 21:59:42:550,128275,169668
114.08,09-20-2026 21:59:42:560,128308,169674
114.09,09-20-2026 21:59:42:570,128270,169673
114.1,09-20-2026 21:59:42:580,128308,169673
114.11,09-20-2026 21:59:42:590,128289,169679
114.12,09-20-2026 21:59:42:600,128290,169670
114.13,09-20-2026 21:59:42:610,128282,169691
114.14,09-20-2026 21:59:42:620,128291,169688
114.15,09-20-2026 21:59:42:630,128293,169698
114.16,09-20-2026 21:59:42:640,128310,169695
114.17,09-20-2026 21:59:42:650,128255,169686
114.18,09-20-2026 21:59:42:660,128296,169707
114.19,09-20-2026 21:59:42:670,128276,169698
114.2,09-20-2026 21:59:42:680,128287,169695
114.21,09-20-2026 21:59:42:690,128281,169704
114.22,09-20-2026 21:59:42:700,128291,169700
114.23,09-20-2026 21:59:42:710,128296,169697
114.24,09-20-2026 21:59:42:720,128277,169695
114.25,09-20-2026 21:59:42:730,128286,169680
114.26,09-20-2026 21:59:42:740,128277,169676
114.27,09-20-2026 21:59:42:750,128287,169662
114.28,09-20-2026 21:59:42:760,128285,169664
114.29,09-20-2026 21:59:42:770,128273,169655
114.3,09-20-2026 21:59:42:780,128275,169651
114.31,09-20-2026 21:59:42:790,128280,169657
114.32,09-20-2026 21:59:42:800,128291,169661
114.33,09-20-2026 21:59:42:810,128277,169657
114.34,09-20-2026 21:59:42:820,128282,169659
114.35,09-20-2026 21:59:42:830,128292,169631
114.36,09-20-2026 21:59:42:840,128269,169660
114.37,09-20-2026 21:59:42:850,128285,169643
114.38,09-20-2026 21:59:42:860,128280,169644
114.39,09-20-2026 21:59:42:870,128291,169636
114.4,09-20-2026 21:59:42:880,128277,169637
114.41,09-20-2026 21:59:42:890,128289,169626
114.42,09-20-2026 21:59:42:900,128292,169655
114.43,09-20-2026 21:59:42:910,128276,169617
114.44,09-20-2026 21:59:42:920,128284,169644
114.45,09-20-2026 21:59:42:930,128290,169604
114.46,09-20-2026 21:59:42:940,128289,169643
114.47,09-20-2026 21:59:42:950,128272,169599
114.48,09-20-2026 21:59:42:960,128284,169638
114.49,09-20-2026 21:59:42:970,128278,169599
114.5,09-20-2026 21:59:42:980,128281,169634
114.51,09-20-2026 21:59:42:990,128291,169590
114.52,09-20-2026 21:59:43:000,128280,169627
114.53,09-20-2026 21:59:43:010,128286,169600
114.54,09-20-2026 21:59:43:020,128291,169658
114.55,09-20-2026 21:59:43:030,128316,169602
114.56,09-20-2026 21:59:43:040,128292,169649
114.57,09-20-2026 21:59:43:050,128284,169613
114.58,09-20-2026 21:59:43:060,128287,169642
114.59,09-20-2026 21:59:43:070,128282,169600
114.6,09-20-2026 21:59:43:080,128287,169648
114.61,09-20-2026 21:59:43:090,128292,169578
114.62,09-20-2026 21:59:43:100,128273,169642
114.63,09-20-2026 21:59:43:110,128286,169575
114.64,09-20-2026 21:59:43:120,128286,169648
114.65,09-20-2026 21:59:43:130,128293,169590
114.66,09-20-2026 21:59:43:140,128297,169638
114.67,09-20-2026 21:59:43:150,128286,169581
114.68,09-20-2026 21:59:43:160,128291,169634
114.69,09-20-2026 21:59:43:170,128281,169606
114.7,09-20-2026 21:59:43:180,128287,169653
114.71,09-20-2026 21:59:43:190,128287,169586
114.72,09-20-2026 21:59:43:200,128295,169658
114.73,09-20-2026 21:59:43:210,128288,169612
114.74,09-20-2026 21:59:43:220,128296,169670
114.75,09-20-2026 21:59:43:230,128270,169640
114.76,09-20-2026 21:59:43:240,128287,169686
114.77,09-20-2026 21:59:43:250,128292,169632
114.78,09-20-2026 21:59:43:260,128280,169681
114.79,09-20-2026 21:59:43:270,128298,169637
114.8,09-20-2026 21:59:43:280,128281,169674
114.81,09-20-2026 21:59:43:290,128288,169650
114.82,09-20-2026 21:59:43:300,128291,169683
114.83,09-20-2026 21:59:43:310,128300,169650
114.84,09-20-2026 21:59:43:320,128293,169680
114.85,09-20-2026 21:59:43:330,128299,169663
114.86,09-20-2026 21:59:43:340,128306,169675
114.87,09-20-2026 21:59:43:350,128299,169652
114.88,09-20-2026 21:59:43:360,128285,169704
114.89,09-20-2026 21:59:43:370,128301,169699
114.9,09-20-2026 21:59:43:380,128286,169712
114.91,09-20-2026 21:59:43:390,128310,169705
114.92,09-20-2026 21:59:43:400,128305,169696
114.93,09-20-2026 21:59:43:410,128296,169705
114.94,09-20-2026 21:59:43:420,128301,169686
114.95,09-20-2026 21:59:43:430,128303,169716
114.96,09-20-2026 21:59:43:440,128295,169701
114.97,09-20-2026 21:59:43:450,128286,169713
114.98,09-20-2026 21:59:43:460,128296,169716
114.99,09-20-2026 21:59:43:470,128305,169718
115,09-20-2026 21:59:43:480,128291,169700
115.01,09-20-2026 21:59:43:490,128309,169736
115.02,09-20-2026 21:59:43:500,128303,169705
115.03,09-20-2026 21:59:43:510,128296,169740
115.04,09-20-2026 21:59:43:520,128299,169730
115.05,09-20-2026 21:59:43:530,128321,169746
115.06,09-20-2026 21:59:43:540,128307,169729
115.07,09-20-2026 21:59:43:550,128306,169746
115.08,09-20-2026 21:59:43:560,128293,169719
115.09,09-20-2026 21:59:43:570,128304,169742
115.1,09-20-2026 21:59:43:580,128309,169721
115.11,09-20-2026 21:59:43:590,128297,169739
115.12,09-20-2026 21:59:43:600,128308,169700
115.13,09-20-2026 21:59:43:610,128299,169720
115.14,09-20-2026 21:59:43:620,128294,169694
115.15,09-20-2026 21:59:43:630,128311,169726
115.16,09-20-2026 21:59:43:640,128295,169684
115.17,09-20-2026 21:59:43:650,128322,169728
115.18,09-20-2026 21:59:43:660,128306,169682
115.19,09-20-2026 21:59:43:670,128301,169716
115.2,09-20-2026 21:59:43:680,128307,169679
115.21,09-20-2026 21:59:43:690,128302,169721
115.22,09-20-2026 21:59:43:700,128313,169675
115.23,09-20-2026 21:59:43:710,128302,169689
115.24,09-20-2026 21:59:43:720,128303,169667
115.25,09-20-2026 21:59:43:730,128294,169699
115.26,09-20-2026 21:59:43:740,128295,169672
115.27,09-20-2026 21:59:43:750,128299,169702
115.28,09-20-2026 21:59:43:760,128299,169662
115.29,09-20-2026 21:59:43:770,128295,169699
115.3,09-20-2026 21:59:43:780,128297,169676
115.31,09-20-2026 21:59:43:790,128290,169715
115.32,09-20-2026 21:59:43:800,128302,169656
115.33,09-20-2026 21:59:43:810,128289,169689
115.34,09-20-2026 21:59:43:820,128287,169651
115.35,09-20-2026 21:59:43:830,128304,169689
115.36,09-20-2026 21:59:43:840,128301,169662
115.37,09-20-2026 21:59:43:850,128302,169697
115.38,09-20-2026 21:59:43:860,128288,169676
115.39,09-20-2026 21:59:43:870,128283,169692
115.4,09-20-2026 21:59:43:880,128293,169676
115.41,09-20-2026 21:59:43:890,128311,169699
115.42,09-20-2026 21:59:43:900,128298,169672
115.43,09-20-2026 21:59:43:910,128305,169689
115.44,09-20-2026 21:59:43:920,128306,169671
115.45,09-20-2026 21:59:43:930,128282,169688
115.46,09-20-2026 21:59:43:940,128291,169668
115.47,09-20-2026 21:59:43:950,128294,169695
115.48,09-20-2026 21:59:43:960,128295,169680
115.49,09-20-2026 21:59:43:970,128288,169664
115.5,09-20-2026 21:59:43:980,128290,169672
115.51,09-20-2026 21:59:43:990,128288,169674
115.52,09-20-2026 21:59:44:000,128295,169671
115.53,09-20-2026 21:59:44:010,128317,169674
115.54,09-20-2026 21:59:44:020,128312,169669
115.55,09-20-2026 21:59:44:030,128303,169690
115.56,09-20-2026 21:59:44:040,128294,169678
115.57,09-20-2026 21:59:44:050,128314,169696
115.58,09-20-2026 21:59:44:060,128301,169681
115.59,09-20-2026 21:59:44:070,128286,169675
115.6,09-20-2026 21:59:44:080,128291,169687
115.61,09-20-2026 21:59:44:090,128312,169689
115.62,09-20-2026 21:59:44:100,128289,169696
115.63,09-20-2026 21:59:44:110,128296,169688
115.64,09-20-2026 21:59:44:120,128312,169696
115.65,09-20-2026 21:59:44:130,128319,169701
115.66,09-20-2026 21:59:44:140,128315,169690
115.67,09-20-2026 21:59:44:150,128297,169714
115.68,09-20-2026 21:59:44:160,128323,169721
115.69,09-20-2026 21:59:44:170,128302,169714
115.7,09-20-2026 21:59:44:180,128295,169704
115.71,09-20-2026 21:59:44:190,128312,169713
115.72,09-20-2026 21:59:44:200,128309,169704
115.73,09-20-2026 21:59:44:210,128308,169708
115.74,09-20-2026 21:59:44:220,128291,169713
115.75,09-20-2026 21:59:44:230,128300,169709
115.76,09-20-2026 21:59:44:240,128297,169727
115.77,09-20-2026 21:59:44:250,128296,169723
115.78,09-20-2026 21:59:44:260,128319,169711
115.79,09-20-2026 21:59:44:270,128309,169725
115.8,09-20-2026 21:59:44:280,128322,169720
115.81,09-20-2026 21:59:44:290,128308,169714
115.82,09-20-2026 21:59:44:300,128300,169729
115.83,09-20-2026 21:59:44:310,128289,169732
115.84,09-20-2026 21:59:44:320,128298,169745
115.85,09-20-2026 21:59:44:330,128324,169761
115.86,09-20-2026 21:59:44:340,128306,169745
115.87,09-20-2026 21:59:44:350,128301,169749
115.88,09-20-2026 21:59:44:360,128318,169749
115.89,09-20-2026 21:59:44:370,128302,169751
115.9,09-20-2026 21:59:44:380,128317,169760
115.91,09-20-2026 21:59:44:390,128283,169767
115.92,09-20-2026 21:59:44:400,128297,169761
115.93,09-20-2026 21:59:44:410,128295,169760
115.94,09-20-2026 21:59:44:420,128320,169745
115.95,09-20-2026 21:59:44:430,128295,169759
115.96,09-20-2026 21:59:44:440,128306,169760
115.97,09-20-2026 21:59:44:450,128289,169768
115.98,09-20-2026 21:59:44:460,128323,169772
115.99,09-20-2026 21:59:44:470,128304,169769
116,09-20-2026 21:59:44:480,128312,169753
116.01,09-20-2026 21:59:44:490,128286,169748
116.02,09-20-2026 21:59:44:500,128317,169729
116.03,09-20-2026 21:59:44:510,128282,169749
116.04,09-20-2026 21:59:44:520,128302,169745
116.05,09-20-2026 21:59:44:530,128285,169745
116.06,09-20-2026 21:59:44:540,128307,169721
116.07,09-20-2026 21:59:44:550,128265,169738
116.08,09-20-2026 21:59:44:560,128302,169728
116.09,09-20-2026 21:59:44:570,128282,169738
116.1,09-20-2026 21:59:44:580,128327,169729
116.11,09-20-2026 21:59:44:590,128268,169730
116.12,09-20-2026 21:59:44:600,128323,169726
116.13,09-20-2026 21:59:44:610,128283,169728
116.14,09-20-2026 21:59:44:620,128311,169743
116.15,09-20-2026 21:59:44:630,128266,169734
116.16,09-20-2026 21:59:44:640,128311,169708
116.17,09-20-2026 21:59:44:650,128271,169714
116.18,09-20-2026 21:59:44:660,128308,169713
116.19,09-20-2026 21:59:44:670,128250,169718
116.2,09-20-2026 21:59:44:680,128313,169712
116.21,09-20-2026 21:59:44:690,128275,169710
116.22,09-20-2026 21:59:44:700,128319,169726
116.23,09-20-2026 21:59:44:710,128244,169707
116.24,09-20-2026 21:59:44:720,128318,169711
116.25,09-20-2026 21:59:44:730,128294,169719
116.26,09-20-2026 21:59:44:740,128317,169730
116.27,09-20-2026 21:59:44:750,128289,169708
116.28,09-20-2026 21:59:44:760,128308,169719
116.29,09-20-2026 21:59:44:770,128283,169723
116.3,09-20-2026 21:59:44:780,128311,169714
116.31,09-20-2026 21:59:44:790,128269,169715
116.32,09-20-2026 21:59:44:800,128311,169734
116.33,09-20-2026 21:59:44:810,128277,169719
116.34,09-20-2026 21:59:44:820,128311,169707
116.35,09-20-2026 21:59:44:830,128294,169710
116.36,09-20-2026 21:59:44:840,128315,169701
116.37,09-20-2026 21:59:44:850,128292,169735
116.38,09-20-2026 21:59:44:860,128304,169693
116.39,09-20-2026 21:59:44:870,128293,169704
116.4,09-20-2026 21:59:44:880,128304,169720
116.41,09-20-2026 21:59:44:890,128321,169719
116.42,09-20-2026 21:59:44:900,128322,169727
116.43,09-20-2026 21:59:44:910,128325,169744
116.44,09-20-2026 21:59:44:920,128304,169745
116.45,09-20-2026 21:59:44:930,128326,169734
116.46,09-20-2026 21:59:44:940,128322,169735
116.47,09-20-2026 21:59:44:950,128333,169736
116.48,09-20-2026 21:59:44:960,128315,169738
116.49,09-20-2026 21:59:44:970,128341,169734
116.5,09-20-2026 21:59:44:980,128315,169724
116.51,09-20-2026 21:59:44:990,128325,169745
116.52,09-20-2026 21:59:45:000,128319,169738
116.53,09-20-2026 21:59:45:010,128324,169738
116.54,09-20-2026 21:59:45:020,128313,169745
116.55,09-20-2026 21:59:45:030,128350,169760
116.56,09-20-2026 21:59:45:040,128328,169758
116.57,09-20-2026 21:59:45:050,128352,169754
116.58,09-20-2026 21:59:45:060,128310,169768
116.59,09-20-2026 21:59:45:070,128348,169741
116.6,09-20-2026 21:59:45:080,128315,169756
116.61,09-20-2026 21:59:45:090,128328,169751
116.62,09-20-2026 21:59:45:100,128317,169749
116.63,09-20-2026 21:59:45:110,128353,169756
116.64,09-20-2026 21:59:45:120,128310,169753
116.65,09-20-2026 21:59:45:130,128334,169767
116.66,09-20-2026 21:59:45:140,128318,169772
116.67,09-20-2026 21:59:45:150,128347,169774
116.68,09-20-2026 21:59:45:160,128312,169762
116.69,09-20-2026 21:59:45:170,128347,169775
116.7,09-20-2026 21:59:45:180,128340,169791
116.71,09-20-2026 21:59:45:190,128347,169776
116.72,09-20-2026 21:59:45:200,128338,169781
116.73,09-20-2026 21:59:45:210,128377,169779
116.74,09-20-2026 21:59:45:220,128335,169785
116.75,09-20-2026 21:59:45:230,128364,169780
116.76,09-20-2026 21:59:45:240,128337,169791
116.77,09-20-2026 21:59:45:250,128342,169795
116.78,09-20-2026 21:59:45:260,128326,169805
116.79,09-20-2026 21:59:45:270,128362,169800
116.8,09-20-2026 21:59:45:280,128314,169799
116.81,09-20-2026 21:59:45:290,128321,169799
116.82,09-20-2026 21:59:45:300,128325,169815
116.83,09-20-2026 21:59:45:310,128341,169798
116.84,09-20-2026 21:59:45:320,128324,169797
116.85,09-20-2026 21:59:45:330,128333,169804
116.86,09-20-2026 21:59:45:340,128334,169812
116.87,09-20-2026 21:59:45:350,128358,169788
116.88,09-20-2026 21:59:45:360,128336,169794
116.89,09-20-2026 21:59:45:370,128357,169792
116.9,09-20-2026 21:59:45:380,128324,169791
116.91,09-20-2026 21:59:45:390,128356,169774
116.92,09-20-2026 21:59:45:400,128311,169773
116.93,09-20-2026 21:59:45:410,128344,169780
116.94,09-20-2026 21:59:45:420,128330,169760
116.95,09-20-2026 21:59:45:430,128328,169800
116.96,09-20-2026 21:59:45:440,128346,169752
116.97,09-20-2026 21:59:45:450,128321,169753
116.98,09-20-2026 21:59:45:460,128315,169758
116.99,09-20-2026 21:59:45:470,128325,169766
117,09-20-2026 21:59:45:480,128334,169747
117.01,09-20-2026 21:59:45:490,128319,169763
117.02,09-20-2026 21:59:45:500,128327,169765
117.03,09-20-2026 21:59:45:510,128347,169753
117.04,09-20-2026 21:59:45:520,128318,169751
117.05,09-20-2026 21:59:45:530,128320,169752
117.06,09-20-2026 21:59:45:540,128334,169719
117.07,09-20-2026 21:59:45:550,128323,169762
117.08,09-20-2026 21:59:45:560,128319,169751
117.09,09-20-2026 21:59:45:570,128323,169743
117.1,09-20-2026 21:59:45:580,128315,169724
117.11,09-20-2026 21:59:45:590,128323,169742
117.12,09-20-2026 21:59:45:600,128320,169742
117.13,09-20-2026 21:59:45:610,128319,169744
117.14,09-20-2026 21:59:45:620,128340,169739
117.15,09-20-2026 21:59:45:630,128333,169765
117.16,09-20-2026 21:59:45:640,128312,169721
117.17,09-20-2026 21:59:45:650,128314,169750
117.18,09-20-2026 21:59:45:660,128314,169741
117.19,09-20-2026 21:59:45:670,128343,169760
117.2,09-20-2026 21:59:45:680,128323,169718
117.21,09-20-2026 21:59:45:690,128333,169763
117.22,09-20-2026 21:59:45:700,128309,169727
117.23,09-20-2026 21:59:45:710,128340,169749
117.24,09-20-2026 21:59:45:720,128326,169729
117.25,09-20-2026 21:59:45:730,128335,169738
117.26,09-20-2026 21:59:45:740,128324,169712
117.27,09-20-2026 21:59:45:750,128325,169761
117.28,09-20-2026 21:59:45:760,128328,169719
117.29,09-20-2026 21:59:45:770,128328,169773
117.3,09-20-2026 21:59:45:780,128340,169713
117.31,09-20-2026 21:59:45:790,128325,169758
117.32,09-20-2026 21:59:45:800,128325,169712
117.33,09-20-2026 21:59:45:810,128330,169753
117.34,09-20-2026 21:59:45:820,128332,169737
117.35,09-20-2026 21:59:45:830,128339,169759
117.36,09-20-2026 21:59:45:840,128339,169715
117.37,09-20-2026 21:59:45:850,128329,169779
117.38,09-20-2026 21:59:45:860,128331,169719
117.39,09-20-2026 21:59:45:870,128324,169763
117.4,09-20-2026 21:59:45:880,128344,169727
117.41,09-20-2026 21:59:45:890,128329,169789
117.42,09-20-2026 21:59:45:900,128324,169748
117.43,09-20-2026 21:59:45:910,128322,169771
117.44,09-20-2026 21:59:45:920,128323,169742
117.45,09-20-2026 21:59:45:930,128344,169771
117.46,09-20-2026 21:59:45:940,128317,169748
117.47,09-20-2026 21:59:45:950,128333,169790
117.48,09-20-2026 21:59:45:960,128342,169759
117.49,09-20-2026 21:59:45:970,128344,169795
117.5,09-20-2026 21:59:45:980,128342,169760
117.51,09-20-2026 21:59:45:990,128337,169805
117.52,09-20-2026 21:59:46:000,128336,169765
117.53,09-20-2026 21:59:46:010,128321,169794
117.54,09-20-2026 21:59:46:020,128340,169771
117.55,09-20-2026 21:59:46:030,128314,169795
117.56,09-20-2026 21:59:46:040,128347,169790
117.57,09-20-2026 21:59:46:050,128343,169801
117.58,09-20-2026 21:59:46:060,128327,169789
117.59,09-20-2026 21:59:46:070,128324,169821
117.6,09-20-2026 21:59:46:080,128320,169754
117.61,09-20-2026 21:59:46:090,128346,169795
117.62,09-20-2026 21:59:46:100,128339,169807
117.63,09-20-2026 21:59:46:110,128333,169795
117.64,09-20-2026 21:59:46:120,128356,169840
117.65,09-20-2026 21:59:46:130,128344,169822
117.66,09-20-2026 21:59:46:140,128354,169829
117.67,09-20-2026 21:59:46:150,128353,169819
117.68,09-20-2026 21:59:46:160,128346,169841
117.69,09-20-2026 21:59:46:170,128330,169832
117.7,09-20-2026 21:59:46:180,128335,169841
117.71,09-20-2026 21:59:46:190,128342,169833
117.72,09-20-2026 21:59:46:200,128344,169837
117.73,09-20-2026 21:59:46:210,128341,169823
117.74,09-20-2026 21:59:46:220,128347,169847
117.75,09-20-2026 21:59:46:230,128338,169836
117.76,09-20-2026 21:59:46:240,128328,169824
117.77,09-20-2026 21:59:46:250,128329,169805
117.78,09-20-2026 21:59:46:260,128332,169833
117.79,09-20-2026 21:59:46:270,128328,169803
117.8,09-20-2026 21:59:46:280,128334,169810
117.81,09-20-2026 21:59:46:290,128341,169795
117.82,09-20-2026 21:59:46:300,128326,169810
117.83,09-20-2026 21:59:46:310,128333,169801
117.84,09-20-2026 21:59:46:320,128338,169817
117.85,09-20-2026 21:59:46:330,128323,169777
117.86,09-20-2026 21:59:46:340,128333,169815
117.87,09-20-2026 21:59:46:350,128339,169784
117.88,09-20-2026 21:59:46:360,128334,169797
117.89,09-20-2026 21:59:46:370,128334,169767
117.9,09-20-2026 21:59:46:380,128324,169815
117.91,09-20-2026 21:59:46:390,128325,169768
117.92,09-20-2026 21:59:46:400,128321,169803
117.93,09-20-2026 21:59:46:410,128329,169759
117.94,09-20-2026 21:59:46:420,128334,169793
117.95,09-20-2026 21:59:46:430,128328,169759
117.96,09-20-2026 21:59:46:440,128320,169788
117.97,09-20-2026 21:59:46:450,128327,169766
117.98,09-20-2026 21:59:46:460,128319,169796
117.99,09-20-2026 21:59:46:470,128314,169758
118,09-20-2026 21:59:46:480,128323,169815
118.01,09-20-2026 21:59:46:490,128341,169776
118.02,09-20-2026 21:59:46:500,128334,169804
118.03,09-20-2026 21:59:46:510,128326,169762
118.04,09-20-2026 21:59:46:520,128307,169808
118.05,09-20-2026 21:59:46:530,128338,169749
118.06,09-20-2026 21:59:46:540,128324,169779
118.07,09-20-2026 21:59:46:550,128327,169756
118.08,09-20-2026 21:59:46:560,128330,169784
118.09,09-20-2026 21:59:46:570,128328,169778
118.1,09-20-2026 21:59:46:580,128334,169776
118.11,09-20-2026 21:59:46:590,128327,169785
118.12,09-20-2026 21:59:46:600,128338,169812
118.13,09-20-2026 21:59:46:610,128330,169771
118.14,09-20-2026 21:59:46:620,128336,169783
118.15,09-20-2026 21:59:46:630,128337,169778
118.16,09-20-2026 21:59:46:640,128341,169810
118.17,09-20-2026 21:59:46:650,128329,169766
118.18,09-20-2026 21:59:46:660,128323,169778
118.19,09-20-2026 21:59:46:670,128327,169778
118.2,09-20-2026 21:59:46:680,128325,169787
118.21,09-20-2026 21:59:46:690,128331,169795
118.22,09-20-2026 21:59:46:700,128309,169755
118.23,09-20-2026 21:59:46:710,128332,169766
118.24,09-20-2026 21:59:46:720,128342,169784
118.25,09-20-2026 21:59:46:730,128340,169789
118.26,09-20-2026 21:59:46:740,128317,169774
118.27,09-20-2026 21:59:46:750,128329,169800
118.28,09-20-2026 21:59:46:760,128328,169777
118.29,09-20-2026 21:59:46:770,128322,169787
118.3,09-20-2026 21:59:46:780,128316,169797
118.31,09-20-2026 21:59:46:790,128337,169803
118.32,09-20-2026 21:59:46:800,128349,169790
118.33,09-20-2026 21:59:46:810,128323,169805
118.34,09-20-2026 21:59:46:820,128335,169778
118.35,09-20-2026 21:59:46:830,128337,169806
118.36,09-20-2026 21:59:46:840,128321,169809
118.37,09-20-2026 21:59:46:850,128327,169805
118.38,09-20-2026 21:59:46:860,128332,169798
118.39,09-20-2026 21:59:46:870,128341,169815
118.4,09-20-2026 21:59:46:880,128333,169818
118.41,09-20-2026 21:59:46:890,128324,169814
118.42,09-20-2026 21:59:46:900,128336,169812
118.43,09-20-2026 21:59:46:910,128325,169812
118.44,09-20-2026 21:59:46:920,128332,169811
118.45,09-20-2026 21:59:46:930,128330,169817
118.46,09-20-2026 21:59:46:940,128334,169818
118.47,09-20-2026 21:59:46:950,128323,169827
118.48,09-20-2026 21:59:46:960,128336,169832
118.49,09-20-2026 21:59:46:970,128334,169828
118.5,09-20-2026 21:59:46:980,128346,169810
118.51,09-20-2026 21:59:46:990,128329,169847
118.52,09-20-2026 21:59:47:000,128329,169830
118.53,09-20-2026 21:59:47:010,128349,169832
118.54,09-20-2026 21:59:47:020,128322,169841
118.55,09-20-2026 21:59:47:030,128344,169833
118.56,09-20-2026 21:59:47:040,128320,169824
118.57,09-20-2026 21:59:47:050,128319,169833
118.58,09-20-2026 21:59:47:060,128321,169855
118.59,09-20-2026 21:59:47:070,128334,169854
118.6,09-20-2026 21:59:47:080,128324,169852
118.61,09-20-2026 21:59:47:090,128330,169833
118.62,09-20-2026 21:59:47:100,128324,169851
118.63,09-20-2026 21:59:47:110,128322,169861
118.64,09-20-2026 21:59:47:120,128332,169838
118.65,09-20-2026 21:59:47:130,128333,169849
118.66,09-20-2026 21:59:47:140,128321,169828
118.67,09-20-2026 21:59:47:150,128336,169844
118.68,09-20-2026 21:59:47:160,128318,169821
118.69,09-20-2026 21:59:47:170,128331,169801
118.7,09-20-2026 21:59:47:180,128309,169814
118.71,09-20-2026 21:59:47:190,128333,169778
118.72,09-20-2026 21:59:47:200,128320,169828
118.73,09-20-2026 21:59:47:210,128323,169810
118.74,09-20-2026 21:59:47:220,128311,169800
118.75,09-20-2026 21:59:47:230,128314,169800
118.76,09-20-2026 21:59:47:240,128299,169807
118.77,09-20-2026 21:59:47:250,128322,169789
118.78,09-20-2026 21:59:47:260,128323,169818
118.79,09-20-2026 21:59:47:270,128318,169803
118.8,09-20-2026 21:59:47:280,128297,169802
118.81,09-20-2026 21:59:47:290,128336,169799
118.82,09-20-2026 21:59:47:300,128302,169788
118.83,09-20-2026 21:59:47:310,128320,169774
118.84,09-20-2026 21:59:47:320,128298,169773
118.85,09-20-2026 21:59:47:330,128335,169775
118.86,09-20-2026 21:59:47:340,128288,169776
118.87,09-20-2026 21:59:47:350,128323,169783
118.88,09-20-2026 21:59:47:360,128290,169784
118.89,09-20-2026 21:59:47:370,128321,169779
118.9,09-20-2026 21:59:47:380,128294,169793
118.91,09-20-2026 21:59:47:390,128311,169800
118.92,09-20-2026 21:59:47:400,128294,169791
118.93,09-20-2026 21:59:47:410,128318,169797
118.94,09-20-2026 21:59:47:420,128295,169762
118.95,09-20-2026 21:59:47:430,128332,169784
118.96,09-20-2026 21:59:47:440,128296,169787
118.97,09-20-2026 21:59:47:450,128334,169766
118.98,09-20-2026 21:59:47:460,128276,169806
118.99,09-20-2026 21:59:47:470,128319,169787
119,09-20-2026 21:59:47:480,128296,169770
119.01,09-20-2026 21:59:47:490,128343,169790
119.02,09-20-2026 21:59:47:500,128284,169786
119.03,09-20-2026 21:59:47:510,128329,169779
119.04,09-20-2026 21:59:47:520,128286,169795
119.05,09-20-2026 21:59:47:530,128326,169774
119.06,09-20-2026 21:59:47:540,128283,169791
119.07,09-20-2026 21:59:47:550,128317,169805
119.08,09-20-2026 21:59:47:560,128282,169767
119.09,09-20-2026 21:59:47:570,128315,169773
119.1,09-20-2026 21:59:47:580,128295,169781
119.11,09-20-2026 21:59:47:590,128317,169781
119.12,09-20-2026 21:59:47:600,128283,169776
119.13,09-20-2026 21:59:47:610,128307,169783
119.14,09-20-2026 21:59:47:620,128301,169792
119.15,09-20-2026 21:59:47:630,128324,169798
119.16,09-20-2026 21:59:47:640,128303,169793
119.17,09-20-2026 21:59:47:650,128314,169781
119.18,09-20-2026 21:59:47:660,128307,169790
119.19,09-20-2026 21:59:47:670,128318,169786
119.2,09-20-2026 21:59:47:680,128305,169792
119.21,09-20-2026 21:59:47:690,128320,169811
119.22,09-20-2026 21:59:47:700,128315,169799
119.23,09-20-2026 21:59:47:710,128316,169806
119.24,09-20-2026 21:59:47:720,128298,169801
119.25,09-20-2026 21:59:47:730,128331,169805
119.26,09-20-2026 21:59:47:740,128326,169785
119.27,09-20-2026 21:59:47:750,128329,169813
119.28,09-20-2026 21:59:47:760,128336,169801
119.29,09-20-2026 21:59:47:770,128310,169808
119.3,09-20-2026 21:59:47:780,128328,169786
119.31,09-20-2026 21:59:47:790,128328,169799
119.32,09-20-2026 21:59:47:800,128334,169801
119.33,09-20-2026 21:59:47:810,128315,169796
119.34,09-20-2026 21:59:47:820,128324,169815
119.35,09-20-2026 21:59:47:830,128344,169820
119.36,09-20-2026 21:59:47:840,128335,169816
119.37,09-20-2026 21:59:47:850,128330,169829
119.38,09-20-2026 21:59:47:860,128345,169815
119.39,09-20-2026 21:59:47:870,128332,169836
119.4,09-20-2026 21:59:47:880,128351,169840
119.41,09-20-2026 21:59:47:890,128320,169808
119.42,09-20-2026 21:59:47:900,128317,169837
119.43,09-20-2026 21:59:47:910,128317,169843
119.44,09-20-2026 21:59:47:920,128363,169828
119.45,09-20-2026 21:59:47:930,128335,169828
119.46,09-20-2026 21:59:47:940,128357,169840
119.47,09-20-2026 21:59:47:950,128311,169819
119.48,09-20-2026 21:59:47:960,128346,169818
119.49,09-20-2026 21:59:47:970,128332,169799
119.5,09-20-2026 21:59:47:980,128359,169822
119.51,09-20-2026 21:59:47:990,128330,169798
119.52,09-20-2026 21:59:48:000,128357,169801
119.53,09-20-2026 21:59:48:010,128326,169793
119.54,09-20-2026 21:59:48:020,128358,169778
119.55,09-20-2026 21:59:48:030,128325,169793
119.56,09-20-2026 21:59:48:040,128355,169780
119.57,09-20-2026 21:59:48:050,128307,169800
119.58,09-20-2026 21:59:48:060,128332,169768
119.59,09-20-2026 21:59:48:070,128304,169778
119.6,09-20-2026 21:59:48:080,128349,169779
119.61,09-20-2026 21:59:48:090,128302,169770
119.62,09-20-2026 21:59:48:100,128337,169770
119.63,09-20-2026 21:59:48:110,128307,169766
119.64,09-20-2026 21:59:48:120,128349,169773
119.65,09-20-2026 21:59:48:130,128321,169758
119.66,09-20-2026 21:59:48:140,128350,169767
119.67,09-20-2026 21:59:48:150,128308,169754
119.68,09-20-2026 21:59:48:160,128350,169745
119.69,09-20-2026 21:59:48:170,128299,169759
119.7,09-20-2026 21:59:48:180,128327,169758
119.71,09-20-2026 21:59:48:190,128316,169759
119.72,09-20-2026 21:59:48:200,128327,169758
119.73,09-20-2026 21:59:48:210,128305,169755
119.74,09-20-2026 21:59:48:220,128321,169754
119.75,09-20-2026 21:59:48:230,128311,169759
119.76,09-20-2026 21:59:48:240,128354,169763
119.77,09-20-2026 21:59:48:250,128298,169743
119.78,09-20-2026 21:59:48:260,128346,169753
119.79,09-20-2026 21:59:48:270,128317,169742
119.8,09-20-2026 21:59:48:280,128316,169748
119.81,09-20-2026 21:59:48:290,128294,169740
119.82,09-20-2026 21:59:48:300,128327,169746
119.83,09-20-2026 21:59:48:310,128298,169734
119.84,09-20-2026 21:59:48:320,128331,169751
119.85,09-20-2026 21:59:48:330,128316,169743
119.86,09-20-2026 21:59:48:340,128338,169758
119.87,09-20-2026 21:59:48:350,128303,169759
119.88,09-20-2026 21:59:48:360,128312,169769
119.89,09-20-2026 21:59:48:370,128315,169746
119.9,09-20-2026 21:59:48:380,128297,169746
119.91,09-20-2026 21:59:48:390,128301,169738
119.92,09-20-2026 21:59:48:400,128315,169745
119.93,09-20-2026 21:59:48:410,128296,169738
119.94,09-20-2026 21:59:48:420,128306,169772
119.95,09-20-2026 21:59:48:430,128304,169749
119.96,09-20-2026 21:59:48:440,128324,169750
119.97,09-20-2026 21:59:48:450,128303,169743
119.98,09-20-2026 21:59:48:460,128312,169748
119.99,09-20-2026 21:59:48:470,128304,169757
120,09-20-2026 21:59:48:480,128304,169757
120.01,09-20-2026 21:59:48:490,128308,169758
120.02,09-20-2026 21:59:48:500,128303,169754
120.03,09-20-2026 21:59:48:510,128311,169757
120.04,09-20-2026 21:59:48:520,128314,169745
120.05,09-20-2026 21:59:48:530,128322,169780
120.06,09-20-2026 21:59:48:540,128295,169751
120.07,09-20-2026 21:59:48:550,128304,169760
120.08,09-20-2026 21:59:48:560,128305,169745
120.09,09-20-2026 21:59:48:570,128300,169777
120.1,09-20-2026 21:59:48:580,128310,169738
120.11,09-20-2026 21:59:48:590,128314,169779
120.12,09-20-2026 21:59:48:600,128312,169741
120.13,09-20-2026 21:59:48:610,128311,169771
120.14,09-20-2026 21:59:48:620,128315,169748
120.15,09-20-2026 21:59:48:630,128308,169770
120.16,09-20-2026 21:59:48:640,128313,169739
120.17,09-20-2026 21:59:48:650,128313,169782
120.18,09-20-2026 21:59:48:660,128316,169759
120.19,09-20-2026 21:59:48:670,128305,169791
120.2,09-20-2026 21:59:48:680,128306,169741
120.21,09-20-2026 21:59:48:690,128315,169799
120.22,09-20-2026 21:59:48:700,128306,169753
120.23,09-20-2026 21:59:48:710,128322,169784
120.24,09-20-2026 21:59:48:720,128316,169747
120.25,09-20-2026 21:59:48:730,128310,169811
120.26,09-20-2026 21:59:48:740,128312,169744
120.27,09-20-2026 21:59:48:750,128307,169799
120.28,09-20-2026 21:59:48:760,128310,169757
120.29,09-20-2026 21:59:48:770,128314,169804
120.3,09-20-2026 21:59:48:780,128308,169748
120.31,09-20-2026 21:59:48:790,128317,169808
120.32,09-20-2026 21:59:48:800,128314,169755
120.33,09-20-2026 21:59:48:810,128318,169798
120.34,09-20-2026 21:59:48:820,128318,169734
120.35,09-20-2026 21:59:48:830,128316,169782
120.36,09-20-2026 21:59:48:840,128315,169734
120.37,09-20-2026 21:59:48:850,128305,169777
120.38,09-20-2026 21:59:48:860,128312,169727
120.39,09-20-2026 21:59:48:870,128314,169763
120.4,09-20-2026 21:59:48:880,128302,169694
120.41,09-20-2026 21:59:48:890,128289,169761
120.42,09-20-2026 21:59:48:900,128294,169711
120.43,09-20-2026 21:59:48:910,128305,169756
120.44,09-20-2026 21:59:48:920,128302,169713
120.45,09-20-2026 21:59:48:930,128300,169736
120.46,09-20-2026 21:59:48:940,128308,169709
120.47,09-20-2026 21:59:48:950,128304,169740
120.48,09-20-2026 21:59:48:960,128300,169697
120.49,09-20-2026 21:59:48:970,128297,169726
120.5,09-20-2026 21:59:48:980,128299,169709
120.51,09-20-2026 21:59:48:990,128308,169733
120.52,09-20-2026 21:59:49:000,128305,169709
120.53,09-20-2026 21:59:49:010,128304,169723
120.54,09-20-2026 21:59:49:020,128301,169701
120.55,09-20-2026 21:59:49:030,128299,169728
120.56,09-20-2026 21:59:49:040,128296,169679
120.57,09-20-2026 21:59:49:050,128295,169722
120.58,09-20-2026 21:59:49:060,128302,169722
120.59,09-20-2026 21:59:49:070,128283,169696
120.6,09-20-2026 21:59:49:080,128302,169716
120.61,09-20-2026 21:59:49:090,128312,169716
120.62,09-20-2026 21:59:49:100,128285,169728
120.63,09-20-2026 21:59:49:110,128292,169700
120.64,09-20-2026 21:59:49:120,128294,169717
120.65,09-20-2026 21:59:49:130,128286,169714
120.66,09-20-2026 21:59:49:140,128292,169732
120.67,09-20-2026 21:59:49:150,128309,169717
120.68,09-20-2026 21:59:49:160,128284,169709
120.69,09-20-2026 21:59:49:170,128303,169716
120.7,09-20-2026 21:59:49:180,128293,169737
120.71,09-20-2026 21:59:49:190,128296,169710
120.72,09-20-2026 21:59:49:200,128295,169733
120.73,09-20-2026 21:59:49:210,128291,169719
120.74,09-20-2026 21:59:49:220,128294,169739
120.75,09-20-2026 21:59:49:230,128296,169707
120.76,09-20-2026 21:59:49:240,128288,169746
120.77,09-20-2026 21:59:49:250,128299,169711
120.78,09-20-2026 21:59:49:260,128300,169747
120.79,09-20-2026 21:59:49:270,128291,169714
120.8,09-20-2026 21:59:49:280,128285,169759
120.81,09-20-2026 21:59:49:290,128313,169728
120.82,09-20-2026 21:59:49:300,128289,169738
120.83,09-20-2026 21:59:49:310,128284,169716
120.84,09-20-2026 21:59:49:320,128279,169743
120.85,09-20-2026 21:59:49:330,128275,169719
120.86,09-20-2026 21:59:49:340,128265,169752
120.87,09-20-2026 21:59:49:350,128295,169737
120.88,09-20-2026 21:59:49:360,128284,169769
120.89,09-20-2026 21:59:49:370,128279,169727
120.9,09-20-2026 21:59:49:380,128284,169759
120.91,09-20-2026 21:59:49:390,128282,169734
120.92,09-20-2026 21:59:49:400,128304,169755
120.93,09-20-2026 21:59:49:410,128281,169735
120.94,09-20-2026 21:59:49:420,128293,169761
120.95,09-20-2026 21:59:49:430,128281,169716
120.96,09-20-2026 21:59:49:440,128269,169774
120.97,09-20-2026 21:59:49:450,128292,169737
120.98,09-20-2026 21:59:49:460,128292,169778
120.99,09-20-2026 21:59:49:470,128275,169728
121,09-20-2026 21:59:49:480,128282,169762
121.01,09-20-2026 21:59:49:490,128286,169747
121.02,09-20-2026 21:59:49:500,128288,169744
121.03,09-20-2026 21:59:49:510,128296,169760
121.04,09-20-2026 21:59:49:520,128297,169762
121.05,09-20-2026 21:59:49:530,128274,169740
121.06,09-20-2026 21:59:49:540,128281,169781
121.07,09-20-2026 21:59:49:550,128280,169745
121.08,09-20-2026 21:59:49:560,128295,169777
121.09,09-20-2026 21:59:49:570,128293,169745
121.1,09-20-2026 21:59:49:580,128280,169776
121.11,09-20-2026 21:59:49:590,128289,169740
121.12,09-20-2026 21:59:49:600,128287,169768
121.13,09-20-2026 21:59:49:610,128280,169760
121.14,09-20-2026 21:59:49:620,128280,169762
121.15,09-20-2026 21:59:49:630,128288,169766
121.16,09-20-2026 21:59:49:640,128288,169774
121.17,09-20-2026 21:59:49:650,128284,169772
121.18,09-20-2026 21:59:49:660,128296,169770
121.19,09-20-2026 21:59:49:670,128300,169774
121.2,09-20-2026 21:59:49:680,128280,169772
121.21,09-20-2026 21:59:49:690,128297,169772
121.22,09-20-2026 21:59:49:700,128276,169752
121.23,09-20-2026 21:59:49:710,128290,169745
121.24,09-20-2026 21:59:49:720,128276,169749
121.25,09-20-2026 21:59:49:730,128274,169749
121.26,09-20-2026 21:59:49:740,128285,169731
121.27,09-20-2026 21:59:49:750,128288,169736
121.28,09-20-2026 21:59:49:760,128293,169717
121.29,09-20-2026 21:59:49:770,128276,169715
121.3,09-20-2026 21:59:49:780,128273,169708
121.31,09-20-2026 21:59:49:790,128262,169716
121.32,09-20-2026 21:59:49:800,128277,169716
121.33,09-20-2026 21:59:49:810,128270,169711
121.34,09-20-2026 21:59:49:820,128261,169709
121.35,09-20-2026 21:59:49:830,128276,169692
121.36,09-20-2026 21:59:49:840,128281,169690
121.37,09-20-2026 21:59:49:850,128274,169688
121.38,09-20-2026 21:59:49:860,128277,169688
121.39,09-20-2026 21:59:49:870,128267,169700
121.4,09-20-2026 21:59:49:880,128261,169701
121.41,09-20-2026 21:59:49:890,128276,169680
121.42,09-20-2026 21:59:49:900,128254,169682
121.43,09-20-2026 21:59:49:910,128265,169680
121.44,09-20-2026 21:59:49:920,128256,169671
121.45,09-20-2026 21:59:49:930,128262,169662
121.46,09-20-2026 21:59:49:940,128268,169678
121.47,09-20-2026 21:59:49:950,128270,169676
121.48,09-20-2026 21:59:49:960,128271,169672
121.49,09-20-2026 21:59:49:970,128268,169678
121.5,09-20-2026 21:59:49:980,128260,169671
121.51,09-20-2026 21:59:49:990,128270,169669
121.52,09-20-2026 21:59:50:000,128253,169669
121.53,09-20-2026 21:59:50:010,128271,169675
121.54,09-20-2026 21:59:50:020,128263,169667
121.55,09-20-2026 21:59:50:030,128279,169686
121.56,09-20-2026 21:59:50:040,128252,169682
121.57,09-20-2026 21:59:50:050,128254,169666
121.58,09-20-2026 21:59:50:060,128252,169670
121.59,09-20-2026 21:59:50:070,128259,169661
121.6,09-20-2026 21:59:50:080,128258,169682
121.61,09-20-2026 21:59:50:090,128250,169661
121.62,09-20-2026 21:59:50:100,128247,169682
121.63,09-20-2026 21:59:50:110,128253,169675
121.64,09-20-2026 21:59:50:120,128249,169681
121.65,09-20-2026 21:59:50:130,128255,169663
121.66,09-20-2026 21:59:50:140,128243,169676
121.67,09-20-2026 21:59:50:150,128261,169661
121.68,09-20-2026 21:59:50:160,128230,169667
121.69,09-20-2026 21:59:50:170,128258,169660
121.7,09-20-2026 21:59:50:180,128224,169672
121.71,09-20-2026 21:59:50:190,128250,169668
121.72,09-20-2026 21:59:50:200,128232,169671
121.73,09-20-2026 21:59:50:210,128243,169672
121.74,09-20-2026 21:59:50:220,128240,169674
121.75,09-20-2026 21:59:50:230,128266,169664
121.76,09-20-2026 21:59:50:240,128232,169681
121.77,09-20-2026 21:59:50:250,128253,169679
121.78,09-20-2026 21:59:50:260,128244,169685
121.79,09-20-2026 21:59:50:270,128258,169690
121.8,09-20-2026 21:59:50:280,128226,169657
121.81,09-20-2026 21:59:50:290,128245,169684
121.82,09-20-2026 21:59:50:300,128223,169677
121.83,09-20-2026 21:59:50:310,128259,169681
121.84,09-20-2026 21:59:50:320,128206,169687
121.85,09-20-2026 21:59:50:330,128258,169695
121.86,09-20-2026 21:59:50:340,128211,169699
121.87,09-20-2026 21:59:50:350,128238,169681
121.88,09-20-2026 21:59:50:360,128204,169685
121.89,09-20-2026 21:59:50:370,128264,169682
121.9,09-20-2026 21:59:50:380,128207,169689
121.91,09-20-2026 21:59:50:390,128264,169685
121.92,09-20-2026 21:59:50:400,128193,169691
121.93,09-20-2026 21:59:50:410,128252,169686
121.94,09-20-2026 21:59:50:420,128211,169697
121.95,09-20-2026 21:59:50:430,128265,169695
121.96,09-20-2026 21:59:50:440,128189,169683
121.97,09-20-2026 21:59:50:450,128243,169691
121.98,09-20-2026 21:59:50:460,128237,169698
121.99,09-20-2026 21:59:50:470,128255,169699
122,09-20-2026 21:59:50:480,128186,169697
122.01,09-20-2026 21:59:50:490,128250,169712
122.02,09-20-2026 21:59:50:500,128189,169704
122.03,09-20-2026 21:59:50:510,128250,169702
122.04,09-20-2026 21:59:50:520,128231,169692
122.05,09-20-2026 21:59:50:530,128264,169675
122.06,09-20-2026 21:59:50:540,128220,169684
122.07,09-20-2026 21:59:50:550,128249,169663
122.08,09-20-2026 21:59:50:560,128225,169669
122.09,09-20-2026 21:59:50:570,128244,169664
122.1,09-20-2026 21:59:50:580,128232,169654
122.11,09-20-2026 21:59:50:590,128253,169671
122.12,09-20-2026 21:59:50:600,128221,169646
122.13,09-20-2026 21:59:50:610,128238,169641
122.14,09-20-2026 21:59:50:620,128234,169663
122.15,09-20-2026 21:59:50:630,128239,169648
122.16,09-20-2026 21:59:50:640,128228,169640
122.17,09-20-2026 21:59:50:650,128257,169642
122.18,09-20-2026 21:59:50:660,128243,169642
122.19,09-20-2026 21:59:50:670,128244,169631
122.2,09-20-2026 21:59:50:680,128233,169627
122.21,09-20-2026 21:59:50:690,128242,169615
122.22,09-20-2026 21:59:50:700,128245,169618
122.23,09-20-2026 21:59:50:710,128244,169619
122.24,09-20-2026 21:59:50:720,128247,169628
122.25,09-20-2026 21:59:50:730,128221,169591
122.26,09-20-2026 21:59:50:740,128247,169612
122.27,09-20-2026 21:59:50:750,128222,169597
122.28,09-20-2026 21:59:50:760,128236,169615
122.29,09-20-2026 21:59:50:770,128235,169608
122.3,09-20-2026 21:59:50:780,128243,169622
122.31,09-20-2026 21:59:50:790,128247,169612
122.32,09-20-2026 21:59:50:800,128247,169604
122.33,09-20-2026 21:59:50:810,128224,169620
122.34,09-20-2026 21:59:50:820,128253,169598
122.35,09-20-2026 21:59:50:830,128228,169601
122.36,09-20-2026 21:59:50:840,128259,169599
122.37,09-20-2026 21:59:50:850,128220,169598
122.38,09-20-2026 21:59:50:860,128238,169600
122.39,09-20-2026 21:59:50:870,128230,169586
122.4,09-20-2026 21:59:50:880,128257,169594
122.41,09-20-2026 21:59:50:890,128206,169578
122.42,09-20-2026 21:59:50:900,128236,169581
122.43,09-20-2026 21:59:50:910,128209,169592
122.44,09-20-2026 21:59:50:920,128256,169595
122.45,09-20-2026 21:59:50:930,128211,169566
122.46,09-20-2026 21:59:50:940,128241,169600
122.47,09-20-2026 21:59:50:950,128216,169583
122.48,09-20-2026 21:59:50:960,128249,169581
122.49,09-20-2026 21:59:50:970,128236,169570
122.5,09-20-2026 21:59:50:980,128249,169589
122.51,09-20-2026 21:59:50:990,128229,169577
122.52,09-20-2026 21:59:51:000,128256,169579
122.53,09-20-2026 21:59:51:010,128212,169581
122.54,09-20-2026 21:59:51:020,128245,169591
122.55,09-20-2026 21:59:51:030,128225,169599
122.56,09-20-2026 21:59:51:040,128250,169594
122.57,09-20-2026 21:59:51:050,128226,169579
122.58,09-20-2026 21:59:51:060,128244,169587
122.59,09-20-2026 21:59:51:070,128229,169575
122.6,09-20-2026 21:59:51:080,128253,169587
122.61,09-20-2026 21:59:51:090,128213,169581
122.62,09-20-2026 21:59:51:100,128211,169592
122.63,09-20-2026 21:59:51:110,128214,169582
122.64,09-20-2026 21:59:51:120,128234,169577
122.65,09-20-2026 21:59:51:130,128209,169602
122.66,09-20-2026 21:59:51:140,128237,169601
122.67,09-20-2026 21:59:51:150,128217,169593
122.68,09-20-2026 21:59:51:160,128230,169589
122.69,09-20-2026 21:59:51:170,128219,169602
122.7,09-20-2026 21:59:51:180,128234,169579
122.71,09-20-2026 21:59:51:190,128219,169573
122.72,09-20-2026 21:59:51:200,128210,169595
122.73,09-20-2026 21:59:51:210,128223,169603
122.74,09-20-2026 21:59:51:220,128219,169610
122.75,09-20-2026 21:59:51:230,128197,169603
122.76,09-20-2026 21:59:51:240,128240,169582
122.77,09-20-2026 21:59:51:250,128199,169601
122.78,09-20-2026 21:59:51:260,128207,169602
122.79,09-20-2026 21:59:51:270,128213,169596
122.8,09-20-2026 21:59:51:280,128210,169610
122.81,09-20-2026 21:59:51:290,128215,169586
122.82,09-20-2026 21:59:51:300,128232,169634
122.83,09-20-2026 21:59:51:310,128220,169601
122.84,09-20-2026 21:59:51:320,128223,169603
122.85,09-20-2026 21:59:51:330,128217,169611
122.86,09-20-2026 21:59:51:340,128207,169607
122.87,09-20-2026 21:59:51:350,128205,169596
122.88,09-20-2026 21:59:51:360,128203,169596
122.89,09-20-2026 21:59:51:370,128221,169601
122.9,09-20-2026 21:59:51:380,128206,169575
122.91,09-20-2026 21:59:51:390,128191,169571
122.92,09-20-2026 21:59:51:400,128207,169579
122.93,09-20-2026 21:59:51:410,128200,169563
122.94,09-20-2026 21:59:51:420,128212,169579
122.95,09-20-2026 21:59:51:430,128200,169553
122.96,09-20-2026 21:59:51:440,128204,169562
122.97,09-20-2026 21:59:51:450,128197,169526
122.98,09-20-2026 21:59:51:460,128202,169550
122.99,09-20-2026 21:59:51:470,128207,169530
123,09-20-2026 21:59:51:480,128209,169575
123.01,09-20-2026 21:59:51:490,128184,169511
123.02,09-20-2026 21:59:51:500,128194,169556
123.03,09-20-2026 21:59:51:510,128193,169499
123.04,09-20-2026 21:59:51:520,128203,169536
123.05,09-20-2026 21:59:51:530,128202,169505
123.06,09-20-2026 21:59:51:540,128203,169515
123.07,09-20-2026 21:59:51:550,128202,169494
123.08,09-20-2026 21:59:51:560,128206,169528
123.09,09-20-2026 21:59:51:570,128179,169472
123.1,09-20-2026 21:59:51:580,128193,169492
123.11,09-20-2026 21:59:51:590,128194,169473
123.12,09-20-2026 21:59:51:600,128186,169510
123.13,09-20-2026 21:59:51:610,128200,169465
123.14,09-20-2026 21:59:51:620,128195,169500
123.15,09-20-2026 21:59:51:630,128187,169461
123.16,09-20-2026 21:59:51:640,128185,169513
123.17,09-20-2026 21:59:51:650,128191,169458
123.18,09-20-2026 21:59:51:660,128190,169492
123.19,09-20-2026 21:59:51:670,128193,169460
123.2,09-20-2026 21:59:51:680,128188,169504
123.21,09-20-2026 21:59:51:690,128186,169446
123.22,09-20-2026 21:59:51:700,128184,169501
123.23,09-20-2026 21:59:51:710,128174,169445
123.24,09-20-2026 21:59:51:720,128188,169487
123.25,09-20-2026 21:59:51:730,128180,169442
123.26,09-20-2026 21:59:51:740,128179,169490
123.27,09-20-2026 21:59:51:750,128181,169463
123.28,09-20-2026 21:59:51:760,128188,169491
123.29,09-20-2026 21:59:51:770,128185,169435
123.3,09-20-2026 21:59:51:780,128175,169491
123.31,09-20-2026 21:59:51:790,128172,169454
123.32,09-20-2026 21:59:51:800,128174,169489
123.33,09-20-2026 21:59:51:810,128180,169464
123.34,09-20-2026 21:59:51:820,128168,169501
123.35,09-20-2026 21:59:51:830,128171,169443
123.36,09-20-2026 21:59:51:840,128194,169495
123.37,09-20-2026 21:59:51:850,128173,169475
123.38,09-20-2026 21:59:51:860,128185,169498
123.39,09-20-2026 21:59:51:870,128185,169484
123.4,09-20-2026 21:59:51:880,128185,169500
123.41,09-20-2026 21:59:51:890,128168,169480
123.42,09-20-2026 21:59:51:900,128182,169490
123.43,09-20-2026 21:59:51:910,128170,169481
123.44,09-20-2026 21:59:51:920,128187,169493
123.45,09-20-2026 21:59:51:930,128173,169496
123.46,09-20-2026 21:59:51:940,128166,169468
123.47,09-20-2026 21:59:51:950,128168,169510
123.48,09-20-2026 21:59:51:960,128170,169486
123.49,09-20-2026 21:59:51:970,128165,169502
123.5,09-20-2026 21:59:51:980,128171,169488
123.51,09-20-2026 21:59:51:990,128167,169515
123.52,09-20-2026 21:59:52:000,128171,169484
123.53,09-20-2026 21:59:52:010,128173,169504
123.54,09-20-2026 21:59:52:020,128163,169491
123.55,09-20-2026 21:59:52:030,128164,169522
123.56,09-20-2026 21:59:52:040,128159,169514
123.57,09-20-2026 21:59:52:050,128186,169509
123.58,09-20-2026 21:59:52:060,128169,169530
123.59,09-20-2026 21:59:52:070,128178,169536
123.6,09-20-2026 21:59:52:080,128172,169514
123.61,09-20-2026 21:59:52:090,128164,169535
123.62,09-20-2026 21:59:52:100,128160,169509
123.63,09-20-2026 21:59:52:110,128170,169552
123.64,09-20-2026 21:59:52:120,128164,169512
123.65,09-20-2026 21:59:52:130,128161,169543
123.66,09-20-2026 21:59:52:140,128167,169514
123.67,09-20-2026 21:59:52:150,128158,169562
123.68,09-20-2026 21:59:52:160,128171,169512
123.69,09-20-2026 21:59:52:170,128178,169542
123.7,09-20-2026 21:59:52:180,128159,169532
123.71,09-20-2026 21:59:52:190,128172,169551
123.72,09-20-2026 21:59:52:200,128174,169537
123.73,09-20-2026 21:59:52:210,128165,169560
123.74,09-20-2026 21:59:52:220,128180,169524
123.75,09-20-2026 21:59:52:230,128163,169549
123.76,09-20-2026 21:59:52:240,128169,169535
123.77,09-20-2026 21:59:52:250,128156,169563
123.78,09-20-2026 21:59:52:260,128169,169552
123.79,09-20-2026 21:59:52:270,128159,169572
123.8,09-20-2026 21:59:52:280,128173,169549
123.81,09-20-2026 21:59:52:290,128167,169582
123.82,09-20-2026 21:59:52:300,128166,169528
123.83,09-20-2026 21:59:52:310,128177,169554
123.84,09-20-2026 21:59:52:320,128160,169527
123.85,09-20-2026 21:59:52:330,128160,169543
123.86,09-20-2026 21:59:52:340,128171,169500
123.87,09-20-2026 21:59:52:350,128172,169508
123.88,09-20-2026 21:59:52:360,128156,169486
123.89,09-20-2026 21:59:52:370,128176,169504
123.9,09-20-2026 21:59:52:380,128171,169500
123.91,09-20-2026 21:59:52:390,128154,169493
123.92,09-20-2026 21:59:52:400,128174,169476
123.93,09-20-2026 21:59:52:410,128152,169497
123.94,09-20-2026 21:59:52:420,128164,169477
123.95,09-20-2026 21:59:52:430,128159,169501
123.96,09-20-2026 21:59:52:440,128159,169466
123.97,09-20-2026 21:59:52:450,128157,169496
123.98,09-20-2026 21:59:52:460,128148,169468
123.99,09-20-2026 21:59:52:470,128166,169483
124,09-20-2026 21:59:52:480,128154,169450
124.01,09-20-2026 21:59:52:490,128154,169483
124.02,09-20-2026 21:59:52:500,128159,169456
124.03,09-20-2026 21:59:52:510,128173,169450
124.04,09-20-2026 21:59:52:520,128146,169416
124.05,09-20-2026 21:59:52:530,128148,169435
124.06,09-20-2026 21:59:52:540,128158,169432
124.07,09-20-2026 21:59:52:550,128151,169446
124.08,09-20-2026 21:59:52:560,128145,169428
124.09,09-20-2026 21:59:52:570,128153,169436
124.1,09-20-2026 21:59:52:580,128151,169434
124.11,09-20-2026 21:59:52:590,128145,169447
124.12,09-20-2026 21:59:52:600,128133,169420
124.13,09-20-2026 21:59:52:610,128152,169419
124.14,09-20-2026 21:59:52:620,128148,169426
124.15,09-20-2026 21:59:52:630,128138,169443
124.16,09-20-2026 21:59:52:640,128147,169438
124.17,09-20-2026 21:59:52:650,128140,169425
124.18,09-20-2026 21:59:52:660,128135,169421
124.19,09-20-2026 21:59:52:670,128137,169418
124.2,09-20-2026 21:59:52:680,128153,169442
124.21,09-20-2026 21:59:52:690,128143,169415
124.22,09-20-2026 21:59:52:700,128137,169416
124.23,09-20-2026 21:59:52:710,128135,169406
124.24,09-20-2026 21:59:52:720,128133,169427
124.25,09-20-2026 21:59:52:730,128151,169411
124.26,09-20-2026 21:59:52:740,128132,169397
124.27,09-20-2026 21:59:52:750,128130,169406
124.28,09-20-2026 21:59:52:760,128121,169422
124.29,09-20-2026 21:59:52:770,128153,169424
124.3,09-20-2026 21:59:52:780,128115,169405
124.31,09-20-2026 21:59:52:790,128129,169428
124.32,09-20-2026 21:59:52:800,128141,169414
124.33,09-20-2026 21:59:52:810,128140,169413
124.34,09-20-2026 21:59:52:820,128139,169419
124.35,09-20-2026 21:59:52:830,128143,169424
124.36,09-20-2026 21:59:52:840,128126,169413
124.37,09-20-2026 21:59:52:850,128120,169431
124.38,09-20-2026 21:59:52:860,128137,169425
124.39,09-20-2026 21:59:52:870,128142,169413
124.4,09-20-2026 21:59:52:880,128133,169436
124.41,09-20-2026 21:59:52:890,128122,169431
124.42,09-20-2026 21:59:52:900,128133,169428
124.43,09-20-2026 21:59:52:910,128126,169452
124.44,09-20-2026 21:59:52:920,128135,169419
124.45,09-20-2026 21:59:52:930,128126,169426
124.46,09-20-2026 21:59:52:940,128118,169414
124.47,09-20-2026 21:59:52:950,128114,169428
124.48,09-20-2026 21:59:52:960,128134,169433
124.49,09-20-2026 21:59:52:970,128143,169424
124.5,09-20-2026 21:59:52:980,128146,169441
124.51,09-20-2026 21:59:52:990,128118,169433
124.52,09-20-2026 21:59:53:000,128134,169434
124.53,09-20-2026 21:59:53:010,128123,169437
124.54,09-20-2026 21:59:53:020,128138,169422
124.55,09-20-2026 21:59:53:030,128127,169436
124.56,09-20-2026 21:59:53:040,128140,169437
124.57,09-20-2026 21:59:53:050,128125,169439
124.58,09-20-2026 21:59:53:060,128142,169456
124.59,09-20-2026 21:59:53:070,128116,169436
124.6,09-20-2026 21:59:53:080,128132,169456
124.61,09-20-2026 21:59:53:090,128123,169443
124.62,09-20-2026 21:59:53:100,128147,169449
124.63,09-20-2026 21:59:53:110,128115,169437
124.64,09-20-2026 21:59:53:120,128137,169459
124.65,09-20-2026 21:59:53:130,128111,169451
124.66,09-20-2026 21:59:53:140,128141,169454
124.67,09-20-2026 21:59:53:150,128105,169463
124.68,09-20-2026 21:59:53:160,128132,169442
124.69,09-20-2026 21:59:53:170,128124,169433
124.7,09-20-2026 21:59:53:180,128155,169450
124.71,09-20-2026 21:59:53:190,128104,169415
124.72,09-20-2026 21:59:53:200,128136,169422
124.73,09-20-2026 21:59:53:210,128098,169413
124.74,09-20-2026 21:59:53:220,128139,169412
124.75,09-20-2026 21:59:53:230,128092,169416
124.76,09-20-2026 21:59:53:240,128135,169411
124.77,09-20-2026 21:59:53:250,128100,169422
124.78,09-20-2026 21:59:53:260,128148,169393
124.79,09-20-2026 21:59:53:270,128097,169393
124.8,09-20-2026 21:59:53:280,128133,169383
124.81,09-20-2026 21:59:53:290,128075,169375
124.82,09-20-2026 21:59:53:300,128119,169384
124.83,09-20-2026 21:59:53:310,128089,169373
124.84,09-20-2026 21:59:53:320,128126,169368
124.85,09-20-2026 21:59:53:330,128090,169387
124.86,09-20-2026 21:59:53:340,128136,169367
124.87,09-20-2026 21:59:53:350,128095,169369
124.88,09-20-2026 21:59:53:360,128138,169362
124.89,09-20-2026 21:59:53:370,128061,169350
124.9,09-20-2026 21:59:53:380,128107,169347
124.91,09-20-2026 21:59:53:390,128090,169362
124.92,09-20-2026 21:59:53:400,128119,169345
124.93,09-20-2026 21:59:53:410,128074,169359
124.94,09-20-2026 21:59:53:420,128122,169353
124.95,09-20-2026 21:59:53:430,128079,169356
124.96,09-20-2026 21:59:53:440,128113,169333
124.97,09-20-2026 21:59:53:450,128101,169336
124.98,09-20-2026 21:59:53:460,128130,169326
124.99,09-20-2026 21:59:53:470,128104,169337
125,09-20-2026 21:59:53:480,128101,169359
125.01,09-20-2026 21:59:53:490,128090,169329
125.02,09-20-2026 21:59:53:500,128104,169335
125.03,09-20-2026 21:59:53:510,128094,169331
125.04,09-20-2026 21:59:53:520,128110,169350
125.05,09-20-2026 21:59:53:530,128089,169333
125.06,09-20-2026 21:59:53:540,128105,169336
125.07,09-20-2026 21:59:53:550,128127,169335
125.08,09-20-2026 21:59:53:560,128117,169333
125.09,09-20-2026 21:59:53:570,128126,169336
125.1,09-20-2026 21:59:53:580,128108,169330
125.11,09-20-2026 21:59:53:590,128126,169332
125.12,09-20-2026 21:59:53:600,128110,169339
125.13,09-20-2026 21:59:53:610,128126,169335
125.14,09-20-2026 21:59:53:620,128102,169331
125.15,09-20-2026 21:59:53:630,128117,169341
125.16,09-20-2026 21:59:53:640,128109,169345
125.17,09-20-2026 21:59:53:650,128120,169341
125.18,09-20-2026 21:59:53:660,128126,169324
125.19,09-20-2026 21:59:53:670,128138,169335
125.2,09-20-2026 21:59:53:680,128116,169334
125.21,09-20-2026 21:59:53:690,128132,169321
125.22,09-20-2026 21:59:53:700,128096,169344
125.23,09-20-2026 21:59:53:710,128136,169362
125.24,09-20-2026 21:59:53:720,128128,169339
125.25,09-20-2026 21:59:53:730,128137,169334
125.26,09-20-2026 21:59:53:740,128112,169344
125.27,09-20-2026 21:59:53:750,128111,169333
125.28,09-20-2026 21:59:53:760,128107,169339
125.29,09-20-2026 21:59:53:770,128125,169338
125.3,09-20-2026 21:59:53:780,128099,169357
125.31,09-20-2026 21:59:53:790,128122,169347
125.32,09-20-2026 21:59:53:800,128123,169348
125.33,09-20-2026 21:59:53:810,128126,169341
125.34,09-20-2026 21:59:53:820,128119,169358
125.35,09-20-2026 21:59:53:830,128138,169352
125.36,09-20-2026 21:59:53:840,128092,169356
125.37,09-20-2026 21:59:53:850,128144,169362
125.38,09-20-2026 21:59:53:860,128103,169333
125.39,09-20-2026 21:59:53:870,128148,169348
125.4,09-20-2026 21:59:53:880,128107,169350
125.41,09-20-2026 21:59:53:890,128134,169360
125.42,09-20-2026 21:59:53:900,128135,169359
125.43,09-20-2026 21:59:53:910,128132,169363
125.44,09-20-2026 21:59:53:920,128116,169367
125.45,09-20-2026 21:59:53:930,128133,169350
125.46,09-20-2026 21:59:53:940,128103,169367
125.47,09-20-2026 21:59:53:950,128129,169366
125.48,09-20-2026 21:59:53:960,128118,169363
125.49,09-20-2026 21:59:53:970,128134,169359
125.5,09-20-2026 21:59:53:980,128105,169372
125.51,09-20-2026 21:59:53:990,128116,169374
125.52,09-20-2026 21:59:54:000,128134,169380
125.53,09-20-2026 21:59:54:010,128121,169377
125.54,09-20-2026 21:59:54:020,128120,169378
125.55,09-20-2026 21:59:54:030,128130,169390
125.56,09-20-2026 21:59:54:040,128127,169387
125.57,09-20-2026 21:59:54:050,128143,169392
125.58,09-20-2026 21:59:54:060,128125,169382
125.59,09-20-2026 21:59:54:070,128134,169379
125.6,09-20-2026 21:59:54:080,128110,169356
125.61,09-20-2026 21:59:54:090,128142,169352
125.62,09-20-2026 21:59:54:100,128115,169355
125.63,09-20-2026 21:59:54:110,128120,169366
125.64,09-20-2026 21:59:54:120,128125,169341
125.65,09-20-2026 21:59:54:130,128138,169336
125.66,09-20-2026 21:59:54:140,128104,169323
125.67,09-20-2026 21:59:54:150,128116,169330
125.68,09-20-2026 21:59:54:160,128103,169339
125.69,09-20-2026 21:59:54:170,128117,169356
125.7,09-20-2026 21:59:54:180,128118,169326
125.71,09-20-2026 21:59:54:190,128112,169331
125.72,09-20-2026 21:59:54:200,128092,169306
125.73,09-20-2026 21:59:54:210,128106,169330
125.74,09-20-2026 21:59:54:220,128124,169303
125.75,09-20-2026 21:59:54:230,128094,169315
125.76,09-20-2026 21:59:54:240,128105,169286
125.77,09-20-2026 21:59:54:250,128100,169302
125.78,09-20-2026 21:59:54:260,128103,169297
125.79,09-20-2026 21:59:54:270,128112,169293
125.8,09-20-2026 21:59:54:280,128109,169284
125.81,09-20-2026 21:59:54:290,128098,169283
125.82,09-20-2026 21:59:54:300,128109,169292
125.83,09-20-2026 21:59:54:310,128086,169311
125.84,09-20-2026 21:59:54:320,128087,169295
125.85,09-20-2026 21:59:54:330,128118,169301
125.86,09-20-2026 21:59:54:340,128105,169265
125.87,09-20-2026 21:59:54:350,128101,169296
125.88,09-20-2026 21:59:54:360,128110,169273
125.89,09-20-2026 21:59:54:370,128105,169300
125.9,09-20-2026 21:59:54:380,128104,169280
125.91,09-20-2026 21:59:54:390,128108,169294
125.92,09-20-2026 21:59:54:400,128101,169256
125.93,09-20-2026 21:59:54:410,128116,169295
125.94,09-20-2026 21:59:54:420,128107,169264
125.95,09-20-2026 21:59:54:430,128105,169304
125.96,09-20-2026 21:59:54:440,128100,169267
125.97,09-20-2026 21:59:54:450,128102,169301
125.98,09-20-2026 21:59:54:460,128105,169255
125.99,09-20-2026 21:59:54:470,128101,169306
126,09-20-2026 21:59:54:480,128103,169252
126.01,09-20-2026 21:59:54:490,128103,169313
126.02,09-20-2026 21:59:54:500,128098,169253
126.03,09-20-2026 21:59:54:510,128105,169301
126.04,09-20-2026 21:59:54:520,128110,169259
126.05,09-20-2026 21:59:54:530,128125,169297
126.06,09-20-2026 21:59:54:540,128113,169254
126.07,09-20-2026 21:59:54:550,128089,169286
126.08,09-20-2026 21:59:54:560,128097,169256
126.09,09-20-2026 21:59:54:570,128105,169289
126.1,09-20-2026 21:59:54:580,128110,169247
126.11,09-20-2026 21:59:54:590,128108,169307
126.12,09-20-2026 21:59:54:600,128108,169271
126.13,09-20-2026 21:59:54:610,128087,169307
126.14,09-20-2026 21:59:54:620,128122,169260
126.15,09-20-2026 21:59:54:630,128096,169291
126.16,09-20-2026 21:59:54:640,128099,169226
126.17,09-20-2026 21:59:54:650,128125,169310
126.18,09-20-2026 21:59:54:660,128093,169240
126.19,09-20-2026 21:59:54:670,128105,169291
126.2,09-20-2026 21:59:54:680,128104,169264
126.21,09-20-2026 21:59:54:690,128090,169301
126.22,09-20-2026 21:59:54:700,128096,169270
126.23,09-20-2026 21:59:54:710,128092,169331
126.24,09-20-2026 21:59:54:720,128115,169286
126.25,09-20-2026 21:59:54:730,128112,169327
126.26,09-20-2026 21:59:54:740,128115,169300
126.27,09-20-2026 21:59:54:750,128113,169314
126.28,09-20-2026 21:59:54:760,128105,169313
126.29,09-20-2026 21:59:54:770,128118,169334
126.3,09-20-2026 21:59:54:780,128105,169302
126.31,09-20-2026 21:59:54:790,128118,169345
126.32,09-20-2026 21:59:54:800,128096,169319
126.33,09-20-2026 21:59:54:810,128112,169353
126.34,09-20-2026 21:59:54:820,128109,169311
126.35,09-20-2026 21:59:54:830,128106,169332
126.36,09-20-2026 21:59:54:840,128129,169321
126.37,09-20-2026 21:59:54:850,128108,169343
126.38,09-20-2026 21:59:54:860,128113,169339
126.39,09-20-2026 21:59:54:870,128110,169349
126.4,09-20-2026 21:59:54:880,128122,169358
126.41,09-20-2026 21:59:54:890,128111,169351
126.42,09-20-2026 21:59:54:900,128113,169351
126.43,09-20-2026 21:59:54:910,128134,169357
126.44,09-20-2026 21:59:54:920,128109,169372
126.45,09-20-2026 21:59:54:930,128133,169353
126.46,09-20-2026 21:59:54:940,128135,169373
126.47,09-20-2026 21:59:54:950,128129,169368
126.48,09-20-2026 21:59:54:960,128127,169384
126.49,09-20-2026 21:59:54:970,128135,169370
126.5,09-20-2026 21:59:54:980,128133,169387
126.51,09-20-2026 21:59:54:990,128121,169385
126.52,09-20-2026 21:59:55:000,128125,169374
126.53,09-20-2026 21:59:55:010,128125,169346
126.54,09-20-2026 21:59:55:020,128144,169358
126.55,09-20-2026 21:59:55:030,128118,169329
126.56,09-20-2026 21:59:55:040,128122,169360
126.57,09-20-2026 21:59:55:050,128117,169312
126.58,09-20-2026 21:59:55:060,128130,169351
126.59,09-20-2026 21:59:55:070,128129,169330
126.6,09-20-2026 21:59:55:080,128124,169336
126.61,09-20-2026 21:59:55:090,128116,169326
126.62,09-20-2026 21:59:55:100,128116,169332
126.63,09-20-2026 21:59:55:110,128106,169293
126.64,09-20-2026 21:59:55:120,128114,169344
126.65,09-20-2026 21:59:55:130,128123,169304
126.66,09-20-2026 21:59:55:140,128125,169334
126.67,09-20-2026 21:59:55:150,128110,169304
126.68,09-20-2026 21:59:55:160,128116,169321
126.69,09-20-2026 21:59:55:170,128120,169299
126.7,09-20-2026 21:59:55:180,128118,169314
126.71,09-20-2026 21:59:55:190,128124,169305
126.72,09-20-2026 21:59:55:200,128114,169330
126.73,09-20-2026 21:59:55:210,128115,169286
126.74,09-20-2026 21:59:55:220,128120,169321
126.75,09-20-2026 21:59:55:230,128111,169282
126.76,09-20-2026 21:59:55:240,128137,169326
126.77,09-20-2026 21:59:55:250,128128,169290
126.78,09-20-2026 21:59:55:260,128126,169311
126.79,09-20-2026 21:59:55:270,128134,169283
126.8,09-20-2026 21:59:55:280,128122,169329
126.81,09-20-2026 21:59:55:290,128131,169301
126.82,09-20-2026 21:59:55:300,128120,169332
126.83,09-20-2026 21:59:55:310,128125,169308
126.84,09-20-2026 21:59:55:320,128124,169307
126.85,09-20-2026 21:59:55:330,128127,169294
126.86,09-20-2026 21:59:55:340,128135,169315
126.87,09-20-2026 21:59:55:350,128114,169280
126.88,09-20-2026 21:59:55:360,128117,169302
126.89,09-20-2026 21:59:55:370,128110,169283
126.9,09-20-2026 21:59:55:380,128140,169315
126.91,09-20-2026 21:59:55:390,128118,169313
126.92,09-20-2026 21:59:55:400,128127,169316
126.93,09-20-2026 21:59:55:410,128122,169281
126.94,09-20-2026 21:59:55:420,128120,169309
126.95,09-20-2026 21:59:55:430,128114,169287
126.96,09-20-2026 21:59:55:440,128116,169313
126.97,09-20-2026 21:59:55:450,128134,169305
126.98,09-20-2026 21:59:55:460,128114,169328
126.99,09-20-2026 21:59:55:470,128116,169301
127,09-20-2026 21:59:55:480,128120,169307
127.01,09-20-2026 21:59:55:490,128121,169304
127.02,09-20-2026 21:59:55:500,128101,169284
127.03,09-20-2026 21:59:55:510,128128,169299
127.04,09-20-2026 21:59:55:520,128115,169291
127.05,09-20-2026 21:59:55:530,128131,169288
127.06,09-20-2026 21:59:55:540,128120,169286
127.07,09-20-2026 21:59:55:550,128120,169283
127.08,09-20-2026 21:59:55:560,128117,169319
127.09,09-20-2026 21:59:55:570,128134,169304
127.1,09-20-2026 21:59:55:580,128105,169312
127.11,09-20-2026 21:59:55:590,128129,169318
127.12,09-20-2026 21:59:55:600,128123,169297
127.13,09-20-2026 21:59:55:610,128118,169326
127.14,09-20-2026 21:59:55:620,128128,169308
127.15,09-20-2026 21:59:55:630,128117,169312
127.16,09-20-2026 21:59:55:640,128131,169304
127.17,09-20-2026 21:59:55:650,128130,169331
127.18,09-20-2026 21:59:55:660,128138,169328
127.19,09-20-2026 21:59:55:670,128143,169326
127.2,09-20-2026 21:59:55:680,128147,169326
127.21,09-20-2026 21:59:55:690,128126,169324
127.22,09-20-2026 21:59:55:700,128134,169330
127.23,09-20-2026 21:59:55:710,128131,169326
127.24,09-20-2026 21:59:55:720,128133,169331
127.25,09-20-2026 21:59:55:730,128146,169347
127.26,09-20-2026 21:59:55:740,128139,169355
127.27,09-20-2026 21:59:55:750,128136,169341
127.28,09-20-2026 21:59:55:760,128137,169356
127.29,09-20-2026 21:59:55:770,128132,169337
127.3,09-20-2026 21:59:55:780,128135,169361
127.31,09-20-2026 21:59:55:790,128131,169349
127.32,09-20-2026 21:59:55:800,128141,169345
127.33,09-20-2026 21:59:55:810,128154,169356
127.34,09-20-2026 21:59:55:820,128132,169355
127.35,09-20-2026 21:59:55:830,128147,169353
127.36,09-20-2026 21:59:55:840,128140,169341
127.37,09-20-2026 21:59:55:850,128149,169355
127.38,09-20-2026 21:59:55:860,128146,169354
127.39,09-20-2026 21:59:55:870,128134,169338
127.4,09-20-2026 21:59:55:880,128140,169337
127.41,09-20-2026 21:59:55:890,128131,169324
127.42,09-20-2026 21:59:55:900,128140,169343
127.43,09-20-2026 21:59:55:910,128127,169322
127.44,09-20-2026 21:59:55:920,128135,169336
127.45,09-20-2026 21:59:55:930,128141,169333
127.46,09-20-2026 21:59:55:940,128122,169323
127.47,09-20-2026 21:59:55:950,128134,169313
127.48,09-20-2026 21:59:55:960,128109,169325
127.49,09-20-2026 21:59:55:970,128124,169306
127.5,09-20-2026 21:59:55:980,128102,169299
127.51,09-20-2026 21:59:55:990,128142,169321
127.52,09-20-2026 21:59:56:000,128123,169315
127.53,09-20-2026 21:59:56:010,128146,169302
127.54,09-20-2026 21:59:56:020,128114,169302
127.55,09-20-2026 21:59:56:030,128142,169292
127.56,09-20-2026 21:59:56:040,128112,169302
127.57,09-20-2026 21:59:56:050,128133,169298
127.58,09-20-2026 21:59:56:060,128119,169286
127.59,09-20-2026 21:59:56:070,128130,169284
127.6,09-20-2026 21:59:56:080,128096,169274
127.61,09-20-2026 21:59:56:090,128140,169278
127.62,09-20-2026 21:59:56:100,128114,169296
127.63,09-20-2026 21:59:56:110,128130,169288
127.64,09-20-2026 21:59:56:120,128118,169278
127.65,09-20-2026 21:59:56:130,128118,169276
127.66,09-20-2026 21:59:56:140,128118,169294
127.67,09-20-2026 21:59:56:150,128141,169279
127.68,09-20-2026 21:59:56:160,128099,169272
127.69,09-20-2026 21:59:56:170,128152,169276
127.7,09-20-2026 21:59:56:180,128115,169308
127.71,09-20-2026 21:59:56:190,128147,169276
127.72,09-20-2026 21:59:56:200,128104,169303
127.73,09-20-2026 21:59:56:210,128135,169293
127.74,09-20-2026 21:59:56:220,128095,169286
127.75,09-20-2026 21:59:56:230,128132,169289
127.76,09-20-2026 21:59:56:240,128078,169290
127.77,09-20-2026 21:59:56:250,128161,169282
127.78,09-20-2026 21:59:56:260,128097,169284
127.79,09-20-2026 21:59:56:270,128151,169288
127.8,09-20-2026 21:59:56:280,128102,169304
127.81,09-20-2026 21:59:56:290,128124,169286
127.82,09-20-2026 21:59:56:300,128090,169301
127.83,09-20-2026 21:59:56:310,128135,169289
127.84,09-20-2026 21:59:56:320,128081,169293
127.85,09-20-2026 21:59:56:330,128140,169308
127.86,09-20-2026 21:59:56:340,128102,169293
127.87,09-20-2026 21:59:56:350,128152,169300
127.88,09-20-2026 21:59:56:360,128103,169309
127.89,09-20-2026 21:59:56:370,128148,169306
127.9,09-20-2026 21:59:56:380,128122,169295
127.91,09-20-2026 21:59:56:390,128157,169297
127.92,09-20-2026 21:59:56:400,128121,169305
127.93,09-20-2026 21:59:56:410,128135,169314
127.94,09-20-2026 21:59:56:420,128117,169309
127.95,09-20-2026 21:59:56:430,128142,169311
127.96,09-20-2026 21:59:56:440,128138,169314
127.97,09-20-2026 21:59:56:450,128134,169301
127.98,09-20-2026 21:59:56:460,128125,169301
127.99,09-20-2026 21:59:56:470,128150,169315
128,09-20-2026 21:59:56:480,128133,169325
128.01,09-20-2026 21:59:56:490,128136,169317
128.02,09-20-2026 21:59:56:500,128126,169320
128.03,09-20-2026 21:59:56:510,128150,169314
128.04,09-20-2026 21:59:56:520,128147,169321
128.05,09-20-2026 21:59:56:530,128127,169331
128.06,09-20-2026 21:59:56:540,128153,169338
128.07,09-20-2026 21:59:56:550,128150,169327
128.08,09-20-2026 21:59:56:560,128149,169326
128.09,09-20-2026 21:59:56:570,128156,169326
128.1,09-20-2026 21:59:56:580,128170,169322
128.11,09-20-2026 21:59:56:590,128141,169333
128.12,09-20-2026 21:59:56:600,128161,169340
128.13,09-20-2026 21:59:56:610,128162,169339
128.14,09-20-2026 21:59:56:620,128171,169351
128.15,09-20-2026 21:59:56:630,128146,169341
128.16,09-20-2026 21:59:56:640,128188,169346
128.17,09-20-2026 21:59:56:650,128163,169347
128.18,09-20-2026 21:59:56:660,128181,169350
128.19,09-20-2026 21:59:56:670,128156,169372
128.2,09-20-2026 21:59:56:680,128199,169374
128.21,09-20-2026 21:59:56:690,128160,169354
128.22,09-20-2026 21:59:56:700,128188,169368
128.23,09-20-2026 21:59:56:710,128164,169371
128.24,09-20-2026 21:59:56:720,128212,169368
128.25,09-20-2026 21:59:56:730,128170,169369
128.26,09-20-2026 21:59:56:740,128204,169370
128.27,09-20-2026 21:59:56:750,128171,169377
128.28,09-20-2026 21:59:56:760,128196,169390
128.29,09-20-2026 21:59:56:770,128187,169374
128.3,09-20-2026 21:59:56:780,128219,169408
128.31,09-20-2026 21:59:56:790,128175,169401
128.32,09-20-2026 21:59:56:800,128202,169393
128.33,09-20-2026 21:59:56:810,128177,169388
128.34,09-20-2026 21:59:56:820,128208,169398
128.35,09-20-2026 21:59:56:830,128169,169407
128.36,09-20-2026 21:59:56:840,128225,169399
128.37,09-20-2026 21:59:56:850,128186,169408
128.38,09-20-2026 21:59:56:860,128208,169407
128.39,09-20-2026 21:59:56:870,128176,169396
128.4,09-20-2026 21:59:56:880,128201,169416
128.41,09-20-2026 21:59:56:890,128186,169404
128.42,09-20-2026 21:59:56:900,128206,169417
128.43,09-20-2026 21:59:56:910,128194,169422
128.44,09-20-2026 21:59:56:920,128223,169416
128.45,09-20-2026 21:59:56:930,128174,169389
128.46,09-20-2026 21:59:56:940,128197,169403
128.47,09-20-2026 21:59:56:950,128183,169401
128.48,09-20-2026 21:59:56:960,128196,169396
128.49,09-20-2026 21:59:56:970,128187,169389
128.5,09-20-2026 21:59:56:980,128205,169374
128.51,09-20-2026 21:59:56:990,128194,169404
128.52,09-20-2026 21:59:57:000,128209,169379
128.53,09-20-2026 21:59:57:010,128205,169344
128.54,09-20-2026 21:59:57:020,128183,169381
128.55,09-20-2026 21:59:57:030,128180,169363
128.56,09-20-2026 21:59:57:040,128190,169369
128.57,09-20-2026 21:59:57:050,128185,169356
128.58,09-20-2026 21:59:57:060,128202,169394
128.59,09-20-2026 21:59:57:070,128191,169363
128.6,09-20-2026 21:59:57:080,128187,169360
128.61,09-20-2026 21:59:57:090,128184,169368
128.62,09-20-2026 21:59:57:100,128175,169356
128.63,09-20-2026 21:59:57:110,128185,169353
128.64,09-20-2026 21:59:57:120,128206,169353
128.65,09-20-2026 21:59:57:130,128188,169338
128.66,09-20-2026 21:59:57:140,128176,169354
128.67,09-20-2026 21:59:57:150,128182,169345
128.68,09-20-2026 21:59:57:160,128210,169374
128.69,09-20-2026 21:59:57:170,128179,169344
128.7,09-20-2026 21:59:57:180,128178,169367
128.71,09-20-2026 21:59:57:190,128177,169351
128.72,09-20-2026 21:59:57:200,128160,169384
128.73,09-20-2026 21:59:57:210,128191,169334
128.74,09-20-2026 21:59:57:220,128190,169365
128.75,09-20-2026 21:59:57:230,128194,169328
128.76,09-20-2026 21:59:57:240,128185,169373
128.77,09-20-2026 21:59:57:250,128190,169333
128.78,09-20-2026 21:59:57:260,128183,169368
128.79,09-20-2026 21:59:57:270,128201,169341
128.8,09-20-2026 21:59:57:280,128194,169360
128.81,09-20-2026 21:59:57:290,128193,169327
128.82,09-20-2026 21:59:57:300,128178,169357
128.83,09-20-2026 21:59:57:310,128217,169315
128.84,09-20-2026 21:59:57:320,128188,169362
128.85,09-20-2026 21:59:57:330,128193,169318
128.86,09-20-2026 21:59:57:340,128200,169378
128.87,09-20-2026 21:59:57:350,128213,169329
128.88,09-20-2026 21:59:57:360,128209,169375
128.89,09-20-2026 21:59:57:370,128204,169340
128.9,09-20-2026 21:59:57:380,128211,169390
128.91,09-20-2026 21:59:57:390,128208,169334
128.92,09-20-2026 21:59:57:400,128206,169369
128.93,09-20-2026 21:59:57:410,128203,169342
128.94,09-20-2026 21:59:57:420,128192,169379
128.95,09-20-2026 21:59:57:430,128201,169338
128.96,09-20-2026 21:59:57:440,128205,169387
128.97,09-20-2026 21:59:57:450,128206,169366
128.98,09-20-2026 21:59:57:460,128187,169391
128.99,09-20-2026 21:59:57:470,128217,169366
129,09-20-2026 21:59:57:480,128202,169410
129.01,09-20-2026 21:59:57:490,128216,169368
129.02,09-20-2026 21:59:57:500,128230,169409
129.03,09-20-2026 21:59:57:510,128215,169396
129.04,09-20-2026 21:59:57:520,128193,169420
129.05,09-20-2026 21:59:57:530,128213,169374
129.06,09-20-2026 21:59:57:540,128218,169418
129.07,09-20-2026 21:59:57:550,128199,169388
129.08,09-20-2026 21:59:57:560,128217,169420
129.09,09-20-2026 21:59:57:570,128213,169434
129.1,09-20-2026 21:59:57:580,128209,169429
129.11,09-20-2026 21:59:57:590,128202,169439
129.12,09-20-2026 21:59:57:600,128217,169430
129.13,09-20-2026 21:59:57:610,128220,169424
129.14,09-20-2026 21:59:57:620,128227,169439
129.15,09-20-2026 21:59:57:630,128233,169436
129.16,09-20-2026 21:59:57:640,128203,169415
129.17,09-20-2026 21:59:57:650,128213,169443
129.18,09-20-2026 21:59:57:660,128222,169427
129.19,09-20-2026 21:59:57:670,128220,169462
129.2,09-20-2026 21:59:57:680,128231,169440
129.21,09-20-2026 21:59:57:690,128214,169457
129.22,09-20-2026 21:59:57:700,128215,169454
129.23,09-20-2026 21:59:57:710,128229,169473
129.24,09-20-2026 21:59:57:720,128209,169462
129.25,09-20-2026 21:59:57:730,128210,169480
129.26,09-20-2026 21:59:57:740,128223,169454
129.27,09-20-2026 21:59:57:750,128220,169470
129.28,09-20-2026 21:59:57:760,128211,169458
129.29,09-20-2026 21:59:57:770,128217,169494
129.3,09-20-2026 21:59:57:780,128224,169455
129.31,09-20-2026 21:59:57:790,128240,169506
129.32,09-20-2026 21:59:57:800,128227,169478
129.33,09-20-2026 21:59:57:810,128231,169506
129.34,09-20-2026 21:59:57:820,128225,169485
129.35,09-20-2026 21:59:57:830,128230,169497
129.36,09-20-2026 21:59:57:840,128233,169482
129.37,09-20-2026 21:59:57:850,128242,169531
129.38,09-20-2026 21:59:57:860,128247,169483
129.39,09-20-2026 21:59:57:870,128235,169537
129.4,09-20-2026 21:59:57:880,128243,169501
129.41,09-20-2026 21:59:57:890,128242,169526
129.42,09-20-2026 21:59:57:900,128228,169505
129.43,09-20-2026 21:59:57:910,128240,169540
129.44,09-20-2026 21:59:57:920,128240,169473
129.45,09-20-2026 21:59:57:930,128245,169520
129.46,09-20-2026 21:59:57:940,128238,169487
129.47,09-20-2026 21:59:57:950,128245,169531
129.48,09-20-2026 21:59:57:960,128248,169507
129.49,09-20-2026 21:59:57:970,128232,169536
129.5,09-20-2026 21:59:57:980,128251,169523
129.51,09-20-2026 21:59:57:990,128243,169533
129.52,09-20-2026 21:59:58:000,128241,169523
129.53,09-20-2026 21:59:58:010,128230,169528
129.54,09-20-2026 21:59:58:020,128246,169512
129.55,09-20-2026 21:59:58:030,128246,169490
129.56,09-20-2026 21:59:58:040,128249,169504
129.57,09-20-2026 21:59:58:050,128248,169496
129.58,09-20-2026 21:59:58:060,128223,169485
129.59,09-20-2026 21:59:58:070,128223,169486
129.6,09-20-2026 21:59:58:080,128244,169495
129.61,09-20-2026 21:59:58:090,128243,169505
129.62,09-20-2026 21:59:58:100,128251,169483
129.63,09-20-2026 21:59:58:110,128245,169491
129.64,09-20-2026 21:59:58:120,128252,169475
129.65,09-20-2026 21:59:58:130,128227,169481
129.66,09-20-2026 21:59:58:140,128239,169486
129.67,09-20-2026 21:59:58:150,128245,169477
129.68,09-20-2026 21:59:58:160,128242,169478
129.69,09-20-2026 21:59:58:170,128229,169479
129.7,09-20-2026 21:59:58:180,128258,169493
129.71,09-20-2026 21:59:58:190,128246,169493
129.72,09-20-2026 21:59:58:200,128252,169476
129.73,09-20-2026 21:59:58:210,128253,169484
129.74,09-20-2026 21:59:58:220,128233,169465
129.75,09-20-2026 21:59:58:230,128264,169477
129.76,09-20-2026 21:59:58:240,128250,169474
129.77,09-20-2026 21:59:58:250,128251,169473
129.78,09-20-2026 21:59:58:260,128251,169487
129.79,09-20-2026 21:59:58:270,128242,169487
129.8,09-20-2026 21:59:58:280,128239,169481
129.81,09-20-2026 21:59:58:290,128248,169490
129.82,09-20-2026 21:59:58:300,128259,169468
129.83,09-20-2026 21:59:58:310,128243,169474
129.84,09-20-2026 21:59:58:320,128230,169486
129.85,09-20-2026 21:59:58:330,128254,169495
129.86,09-20-2026 21:59:58:340,128268,169476
129.87,09-20-2026 21:59:58:350,128237,169480
129.88,09-20-2026 21:59:58:360,128261,169467
129.89,09-20-2026 21:59:58:370,128240,169490
129.9,09-20-2026 21:59:58:380,128257,169491
129.91,09-20-2026 21:59:58:390,128257,169486
129.92,09-20-2026 21:59:58:400,128250,169487
129.93,09-20-2026 21:59:58:410,128235,169498
129.94,09-20-2026 21:59:58:420,128245,169503
129.95,09-20-2026 21:59:58:430,128235,169481
129.96,09-20-2026 21:59:58:440,128248,169474
129.97,09-20-2026 21:59:58:450,128242,169495
129.98,09-20-2026 21:59:58:460,128267,169494
129.99,09-20-2026 21:59:58:470,128234,169516
130,09-20-2026 21:59:58:480,128267,169503
130.01,09-20-2026 21:59:58:490,128239,169507
130.02,09-20-2026 21:59:58:500,128270,169502
130.03,09-20-2026 21:59:58:510,128255,169512
130.04,09-20-2026 21:59:58:520,128256,169511
130.05,09-20-2026 21:59:58:530,128233,169511
130.06,09-20-2026 21:59:58:540,128254,169510
130.07,09-20-2026 21:59:58:550,128231,169516
130.08,09-20-2026 21:59:58:560,128270,169522
130.09,09-20-2026 21:59:58:570,128229,169514
130.1,09-20-2026 21:59:58:580,128263,169522
130.11,09-20-2026 21:59:58:590,128230,169525
130.12,09-20-2026 21:59:58:600,128251,169537
130.13,09-20-2026 21:59:58:610,128235,169520
130.14,09-20-2026 21:59:58:620,128267,169528
130.15,09-20-2026 21:59:58:630,128245,169520
130.16,09-20-2026 21:59:58:640,128260,169527
130.17,09-20-2026 21:59:58:650,128194,169524
130.18,09-20-2026 21:59:58:660,128261,169534
130.19,09-20-2026 21:59:58:670,128227,169552
130.2,09-20-2026 21:59:58:680,128268,169544
130.21,09-20-2026 21:59:58:690,128217,169563
130.22,09-20-2026 21:59:58:700,128277,169561
130.23,09-20-2026 21:59:58:710,128243,169556
130.24,09-20-2026 21:59:58:720,128292,169549
130.25,09-20-2026 21:59:58:730,128241,169549
130.26,09-20-2026 21:59:58:740,128263,169550
130.27,09-20-2026 21:59:58:750,128235,169545
130.28,09-20-2026 21:59:58:760,128277,169550
130.29,09-20-2026 21:59:58:770,128260,169563
130.3,09-20-2026 21:59:58:780,128272,169566
130.31,09-20-2026 21:59:58:790,128267,169570
130.32,09-20-2026 21:59:58:800,128278,169572
130.33,09-20-2026 21:59:58:810,128240,169564
130.34,09-20-2026 21:59:58:820,128261,169562
130.35,09-20-2026 21:59:58:830,128267,169572
130.36,09-20-2026 21:59:58:840,128253,169563
130.37,09-20-2026 21:59:58:850,128271,169569
130.38,09-20-2026 21:59:58:860,128272,169581
130.39,09-20-2026 21:59:58:870,128282,169570
130.4,09-20-2026 21:59:58:880,128293,169583
130.41,09-20-2026 21:59:58:890,128302,169577
130.42,09-20-2026 21:59:58:900,128286,169568
130.43,09-20-2026 21:59:58:910,128289,169567
130.44,09-20-2026 21:59:58:920,128278,169550
130.45,09-20-2026 21:59:58:930,128307,169546
130.46,09-20-2026 21:59:58:940,128292,169562
130.47,09-20-2026 21:59:58:950,128308,169548
130.48,09-20-2026 21:59:58:960,128300,169531
130.49,09-20-2026 21:59:58:970,128311,169552
130.5,09-20-2026 21:59:58:980,128298,169547
130.51,09-20-2026 21:59:58:990,128316,169551
130.52,09-20-2026 21:59:59:000,128283,169541
130.53,09-20-2026 21:59:59:010,128299,169547
130.54,09-20-2026 21:59:59:020,128288,169527
130.55,09-20-2026 21:59:59:030,128310,169528
130.56,09-20-2026 21:59:59:040,128285,169528
130.57,09-20-2026 21:59:59:050,128321,169531
130.58,09-20-2026 21:59:59:060,128284,169535
130.59,09-20-2026 21:59:59:070,128296,169543
130.6,09-20-2026 21:59:59:080,128274,169513
130.61,09-20-2026 21:59:59:090,128304,169530
130.62,09-20-2026 21:59:59:100,128290,169519
130.63,09-20-2026 21:59:59:110,128317,169512
130.64,09-20-2026 21:59:59:120,128275,169541
130.65,09-20-2026 21:59:59:130,128327,169526
130.66,09-20-2026 21:59:59:140,128281,169538
130.67,09-20-2026 21:59:59:150,128326,169544
130.68,09-20-2026 21:59:59:160,128278,169519
130.69,09-20-2026 21:59:59:170,128324,169541
130.7,09-20-2026 21:59:59:180,128299,169527
130.71,09-20-2026 21:59:59:190,128317,169528
130.72,09-20-2026 21:59:59:200,128271,169532
130.73,09-20-2026 21:59:59:210,128307,169536
130.74,09-20-2026 21:59:59:220,128286,169525
130.75,09-20-2026 21:59:59:230,128299,169530
130.76,09-20-2026 21:59:59:240,128277,169548
130.77,09-20-2026 21:59:59:250,128340,169536
130.78,09-20-2026 21:59:59:260,128287,169531
130.79,09-20-2026 21:59:59:270,128301,169537
130.8,09-20-2026 21:59:59:280,128296,169532
130.81,09-20-2026 21:59:59:290,128315,169536
130.82,09-20-2026 21:59:59:300,128289,169533
130.83,09-20-2026 21:59:59:310,128305,169546
130.84,09-20-2026 21:59:59:320,128288,169528
130.85,09-20-2026 21:59:59:330,128287,169525
130.86,09-20-2026 21:59:59:340,128297,169542
130.87,09-20-2026 21:59:59:350,128289,169559
130.88,09-20-2026 21:59:59:360,128294,169542
130.89,09-20-2026 21:59:59:370,128289,169562
130.9,09-20-2026 21:59:59:380,128278,169542
130.91,09-20-2026 21:59:59:390,128303,169566
130.92,09-20-2026 21:59:59:400,128293,169543
130.93,09-20-2026 21:59:59:410,128311,169543
130.94,09-20-2026 21:59:59:420,128294,169553
130.95,09-20-2026 21:59:59:430,128306,169572
130.96,09-20-2026 21:59:59:440,128299,169543
130.97,09-20-2026 21:59:59:450,128308,169564
130.98,09-20-2026 21:59:59:460,128298,169543
130.99,09-20-2026 21:59:59:470,128317,169563
131,09-20-2026 21:59:59:480,128299,169547
131.01,09-20-2026 21:59:59:490,128307,169584
131.02,09-20-2026 21:59:59:500,128301,169565
131.03,09-20-2026 21:59:59:510,128319,169593
131.04,09-20-2026 21:59:59:520,128293,169529
131.05,09-20-2026 21:59:59:530,128304,169576
131.06,09-20-2026 21:59:59:540,128294,169549
131.07,09-20-2026 21:59:59:550,128295,169586
131.08,09-20-2026 21:59:59:560,128296,169531
131.09,09-20-2026 21:59:59:570,128317,169588
131.1,09-20-2026 21:59:59:580,128284,169536
131.11,09-20-2026 21:59:59:590,128309,169586
131.12,09-20-2026 21:59:59:600,128308,169542
131.13,09-20-2026 21:59:59:610,128307,169596
131.14,09-20-2026 21:59:59:620,128290,169538
131.15,09-20-2026 21:59:59:630,128307,169600
131.16,09-20-2026 21:59:59:640,128314,169520
131.17,09-20-2026 21:59:59:650,128295,169587
131.18,09-20-2026 21:59:59:660,128301,169538
131.19,09-20-2026 21:59:59:670,128314,169600
131.2,09-20-2026 21:59:59:680,128288,169527
131.21,09-20-2026 21:59:59:690,128304,169622
131.22,09-20-2026 21:59:59:700,128321,169557
131.23,09-20-2026 21:59:59:710,128310,169616
131.24,09-20-2026 21:59:59:720,128300,169584
131.25,09-20-2026 21:59:59:730,128308,169618
131.26,09-20-2026 21:59:59:740,128325,169591
131.27,09-20-2026 21:59:59:750,128314,169611
131.28,09-20-2026 21:59:59:760,128317,169597
131.29,09-20-2026 21:59:59:770,128306,169608
131.3,09-20-2026 21:59:59:780,128323,169581
131.31,09-20-2026 21:59:59:790,128316,169632
131.32,09-20-2026 21:59:59:800,128309,169581
131.33,09-20-2026 21:59:59:810,128315,169629
131.34,09-20-2026 21:59:59:820,128326,169581
131.35,09-20-2026 21:59:59:830,128324,169587
131.36,09-20-2026 21:59:59:840,128323,169603
131.37,09-20-2026 21:59:59:850,128296,169588
131.38,09-20-2026 21:59:59:860,128321,169589
131.39,09-20-2026 21:59:59:870,128309,169598
131.4,09-20-2026 21:59:59:880,128320,169613
131.41,09-20-2026 21:59:59:890,128324,169576
131.42,09-20-2026 21:59:59:900,128308,169596
131.43,09-20-2026 21:59:59:910,128316,169571
131.44,09-20-2026 21:59:59:920,128312,169612
131.45,09-20-2026 21:59:59:930,128322,169573
131.46,09-20-2026 21:59:59:940,128305,169589
131.47,09-20-2026 21:59:59:950,128315,169562
131.48,09-20-2026 21:59:59:960,128301,169579
131.49,09-20-2026 21:59:59:970,128324,169566
131.5,09-20-2026 21:59:59:980,128315,169578
131.51,09-20-2026 21:59:59:990,128306,169557
131.52,09-20-2026 22:00:00:000,128316,169601
131.53,09-20-2026 22:00:00:010,128322,169567
131.54,09-20-2026 22:00:00:020,128328,169583
131.55,09-20-2026 22:00:00:030,128310,169557
131.56,09-20-2026 22:00:00:040,128313,169587
131.57,09-20-2026 22:00:00:050,128315,169559
131.58,09-20-2026 22:00:00:060,128323,169581
131.59,09-20-2026 22:00:00:070,128298,169553
131.6,09-20-2026 22:00:00:080,128315,169588
131.61,09-20-2026 22:00:00:090,128302,169555
131.62,09-20-2026 22:00:00:100,128310,169610
131.63,09-20-2026 22:00:00:110,128323,169551
131.64,09-20-2026 22:00:00:120,128329,169601
131.65,09-20-2026 22:00:00:130,128317,169565
131.66,09-20-2026 22:00:00:140,128307,169601
131.67,09-20-2026 22:00:00:150,128320,169566
131.68,09-20-2026 22:00:00:160,128306,169608
131.69,09-20-2026 22:00:00:170,128310,169548
131.7,09-20-2026 22:00:00:180,128307,169599
131.71,09-20-2026 22:00:00:190,128307,169556
131.72,09-20-2026 22:00:00:200,128309,169597
131.73,09-20-2026 22:00:00:210,128312,169559
131.74,09-20-2026 22:00:00:220,128312,169586
131.75,09-20-2026 22:00:00:230,128310,169550
131.76,09-20-2026 22:00:00:240,128295,169575
131.77,09-20-2026 22:00:00:250,128300,169551
131.78,09-20-2026 22:00:00:260,128305,169571
131.79,09-20-2026 22:00:00:270,128293,169569
131.8,09-20-2026 22:00:00:280,128305,169569
131.81,09-20-2026 22:00:00:290,128310,169577
131.82,09-20-2026 22:00:00:300,128312,169586
131.83,09-20-2026 22:00:00:310,128309,169559
131.84,09-20-2026 22:00:00:320,128307,169573
131.85,09-20-2026 22:00:00:330,128300,169551
131.86,09-20-2026 22:00:00:340,128310,169562
131.87,09-20-2026 22:00:00:350,128283,169571
131.88,09-20-2026 22:00:00:360,128302,169557
131.89,09-20-2026 22:00:00:370,128290,169563
131.9,09-20-2026 22:00:00:380,128308,169578
131.91,09-20-2026 22:00:00:390,128299,169569
131.92,09-20-2026 22:00:00:400,128294,169577
131.93,09-20-2026 22:00:00:410,128296,169568
131.94,09-20-2026 22:00:00:420,128301,169577
131.95,09-20-2026 22:00:00:430,128311,169570
131.96,09-20-2026 22:00:00:440,128293,169559
131.97,09-20-2026 22:00:00:450,128320,169569
131.98,09-20-2026 22:00:00:460,128299,169569
131.99,09-20-2026 22:00:00:470,128302,169576
132,09-20-2026 22:00:00:480,128307,169575
132.01,09-20-2026 22:00:00:490,128314,169578
132.02,09-20-2026 22:00:00:500,128298,169590
132.03,09-20-2026 22:00:00:510,128297,169580
132.04,09-20-2026 22:00:00:520,128304,169588
132.05,09-20-2026 22:00:00:530,128319,169585
132.06,09-20-2026 22:00:00:540,128302,169589
132.07,09-20-2026 22:00:00:550,128300,169593
132.08,09-20-2026 22:00:00:560,128310,169571
132.09,09-20-2026 22:00:00:570,128305,169591
132.1,09-20-2026 22:00:00:580,128299,169598
132.11,09-20-2026 22:00:00:590,128306,169588
132.12,09-20-2026 22:00:00:600,128293,169581
132.13,09-20-2026 22:00:00:610,128327,169607
132.14,09-20-2026 22:00:00:620,128315,169593
132.15,09-20-2026 22:00:00:630,128304,169596
132.16,09-20-2026 22:00:00:640,128305,169592
132.17,09-20-2026 22:00:00:650,128308,169580
132.18,09-20-2026 22:00:00:660,128307,169599
132.19,09-20-2026 22:00:00:670,128322,169588
132.2,09-20-2026 22:00:00:680,128322,169599
132.21,09-20-2026 22:00:00:690,128306,169606
132.22,09-20-2026 22:00:00:700,128297,169594
132.23,09-20-2026 22:00:00:710,128304,169607
132.24,09-20-2026 22:00:00:720,128314,169601
132.25,09-20-2026 22:00:00:730,128325,169602
132.26,09-20-2026 22:00:00:740,128312,169586
132.27,09-20-2026 22:00:00:750,128309,169560
132.28,09-20-2026 22:00:00:760,128275,169567
132.29,09-20-2026 22:00:00:770,128302,169564
132.3,09-20-2026 22:00:00:780,128291,169570
132.31,09-20-2026 22:00:00:790,128298,169565
132.32,09-20-2026 22:00:00:800,128297,169564
132.33,09-20-2026 22:00:00:810,128306,169551
132.34,09-20-2026 22:00:00:820,128272,169568
132.35,09-20-2026 22:00:00:830,128304,169545
132.36,09-20-2026 22:00:00:840,128282,169550
132.37,09-20-2026 22:00:00:850,128307,169550
132.38,09-20-2026 22:00:00:860,128274,169537
132.39,09-20-2026 22:00:00:870,128298,169527
132.4,09-20-2026 22:00:00:880,128257,169539
132.41,09-20-2026 22:00:00:890,128301,169530
132.42,09-20-2026 22:00:00:900,128267,169520
132.43,09-20-2026 22:00:00:910,128296,169525
132.44,09-20-2026 22:00:00:920,128265,169526
132.45,09-20-2026 22:00:00:930,128296,169500
132.46,09-20-2026 22:00:00:940,128242,169520
132.47,09-20-2026 22:00:00:950,128312,169507
132.48,09-20-2026 22:00:00:960,128264,169503
132.49,09-20-2026 22:00:00:970,128304,169515
132.5,09-20-2026 22:00:00:980,128251,169502
132.51,09-20-2026 22:00:00:990,128292,169495
132.52,09-20-2026 22:00:01:000,128253,169500
132.53,09-20-2026 22:00:01:010,128302,169501
132.54,09-20-2026 22:00:01:020,128263,169516
132.55,09-20-2026 22:00:01:030,128291,169515
132.56,09-20-2026 22:00:01:040,128249,169509
132.57,09-20-2026 22:00:01:050,128293,169506
132.58,09-20-2026 22:00:01:060,128275,169508
132.59,09-20-2026 22:00:01:070,128309,169505
132.6,09-20-2026 22:00:01:080,128265,169506
132.61,09-20-2026 22:00:01:090,128288,169506
132.62,09-20-2026 22:00:01:100,128276,169488
132.63,09-20-2026 22:00:01:110,128271,169488
132.64,09-20-2026 22:00:01:120,128257,169489
132.65,09-20-2026 22:00:01:130,128280,169500
132.66,09-20-2026 22:00:01:140,128266,169484
132.67,09-20-2026 22:00:01:150,128299,169500
132.68,09-20-2026 22:00:01:160,128277,169495
132.69,09-20-2026 22:00:01:170,128286,169471
132.7,09-20-2026 22:00:01:180,128300,169488
132.71,09-20-2026 22:00:01:190,128282,169490
132.72,09-20-2026 22:00:01:200,128297,169493
132.73,09-20-2026 22:00:01:210,128283,169492
132.74,09-20-2026 22:00:01:220,128301,169486
132.75,09-20-2026 22:00:01:230,128295,169498
132.76,09-20-2026 22:00:01:240,128286,169483
132.77,09-20-2026 22:00:01:250,128284,169479
132.78,09-20-2026 22:00:01:260,128299,169480
132.79,09-20-2026 22:00:01:270,128285,169481
132.8,09-20-2026 22:00:01:280,128302,169477
132.81,09-20-2026 22:00:01:290,128284,169468
132.82,09-20-2026 22:00:01:300,128309,169504
132.83,09-20-2026 22:00:01:310,128288,169494
132.84,09-20-2026 22:00:01:320,128311,169495
132.85,09-20-2026 22:00:01:330,128291,169492
132.86,09-20-2026 22:00:01:340,128304,169498
132.87,09-20-2026 22:00:01:350,128277,169505
132.88,09-20-2026 22:00:01:360,128323,169478
132.89,09-20-2026 22:00:01:370,128285,169473
132.9,09-20-2026 22:00:01:380,128298,169480
132.91,09-20-2026 22:00:01:390,128284,169487
132.92,09-20-2026 22:00:01:400,128326,169507
132.93,09-20-2026 22:00:01:410,128281,169488
132.94,09-20-2026 22:00:01:420,128318,169495
132.95,09-20-2026 22:00:01:430,128281,169483
132.96,09-20-2026 22:00:01:440,128315,169502
132.97,09-20-2026 22:00:01:450,128287,169491
132.98,09-20-2026 22:00:01:460,128324,169492
132.99,09-20-2026 22:00:01:470,128280,169490
133,09-20-2026 22:00:01:480,128318,169494
133.01,09-20-2026 22:00:01:490,128273,169504
133.02,09-20-2026 22:00:01:500,128298,169476
133.03,09-20-2026 22:00:01:510,128284,169477
133.04,09-20-2026 22:00:01:520,128300,169485
133.05,09-20-2026 22:00:01:530,128268,169493
133.06,09-20-2026 22:00:01:540,128287,169501
133.07,09-20-2026 22:00:01:550,128276,169486
133.08,09-20-2026 22:00:01:560,128310,169506
133.09,09-20-2026 22:00:01:570,128284,169511
133.1,09-20-2026 22:00:01:580,128284,169513
133.11,09-20-2026 22:00:01:590,128260,169513
133.12,09-20-2026 22:00:01:600,128303,169498
133.13,09-20-2026 22:00:01:610,128296,169518
133.14,09-20-2026 22:00:01:620,128285,169499
133.15,09-20-2026 22:00:01:630,128282,169504
133.16,09-20-2026 22:00:01:640,128267,169492
133.17,09-20-2026 22:00:01:650,128272,169482
133.18,09-20-2026 22:00:01:660,128261,169462
133.19,09-20-2026 22:00:01:670,128273,169473
133.2,09-20-2026 22:00:01:680,128275,169469
133.21,09-20-2026 22:00:01:690,128287,169442
133.22,09-20-2026 22:00:01:700,128276,169455
133.23,09-20-2026 22:00:01:710,128280,169456
133.24,09-20-2026 22:00:01:720,128280,169450
133.25,09-20-2026 22:00:01:730,128262,169456
133.26,09-20-2026 22:00:01:740,128271,169445
133.27,09-20-2026 22:00:01:750,128271,169436
133.28,09-20-2026 22:00:01:760,128273,169439
133.29,09-20-2026 22:00:01:770,128274,169401
133.3,09-20-2026 22:00:01:780,128274,169401
133.31,09-20-2026 22:00:01:790,128273,169456
133.32,09-20-2026 22:00:01:800,128261,169410
133.33,09-20-2026 22:00:01:810,128254,169419
133.34,09-20-2026 22:00:01:820,128259,169371
133.35,09-20-2026 22:00:01:830,128248,169390
133.36,09-20-2026 22:00:01:840,128253,169371
133.37,09-20-2026 22:00:01:850,128274,169387
133.38,09-20-2026 22:00:01:860,128282,169359
133.39,09-20-2026 22:00:01:870,128254,169398
133.4,09-20-2026 22:00:01:880,128256,169352
133.41,09-20-2026 22:00:01:890,128269,169390
133.42,09-20-2026 22:00:01:900,128269,169345
133.43,09-20-2026 22:00:01:910,128263,169370
133.44,09-20-2026 22:00:01:920,128254,169333
133.45,09-20-2026 22:00:01:930,128254,169383
133.46,09-20-2026 22:00:01:940,128255,169329
133.47,09-20-2026 22:00:01:950,128239,169379
133.48,09-20-2026 22:00:01:960,128258,169327
133.49,09-20-2026 22:00:01:970,128255,169355
133.5,09-20-2026 22:00:01:980,128257,169327
133.51,09-20-2026 22:00:01:990,128229,169366
133.52,09-20-2026 22:00:02:000,128246,169315
133.53,09-20-2026 22:00:02:010,128257,169363
133.54,09-20-2026 22:00:02:020,128233,169285
133.55,09-20-2026 22:00:02:030,128242,169339
133.56,09-20-2026 22:00:02:040,128251,169306
133.57,09-20-2026 22:00:02:050,128243,169339
133.58,09-20-2026 22:00:02:060,128253,169294
133.59,09-20-2026 22:00:02:070,128236,169355
133.6,09-20-2026 22:00:02:080,128244,169320
133.61,09-20-2026 22:00:02:090,128254,169353
133.62,09-20-2026 22:00:02:100,128246,169336
133.63,09-20-2026 22:00:02:110,128250,169335
133.64,09-20-2026 22:00:02:120,128231,169317
133.65,09-20-2026 22:00:02:130,128240,169339
133.66,09-20-2026 22:00:02:140,128250,169308
133.67,09-20-2026 22:00:02:150,128230,169335
133.68,09-20-2026 22:00:02:160,128249,169351
133.69,09-20-2026 22:00:02:170,128235,169314
133.7,09-20-2026 22:00:02:180,128224,169325
133.71,09-20-2026 22:00:02:190,128245,169342
133.72,09-20-2026 22:00:02:200,128245,169352
133.73,09-20-2026 22:00:02:210,128231,169338
133.74,09-20-2026 22:00:02:220,128240,169363
133.75,09-20-2026 22:00:02:230,128230,169354
133.76,09-20-2026 22:00:02:240,128229,169336
133.77,09-20-2026 22:00:02:250,128227,169326
133.78,09-20-2026 22:00:02:260,128233,169362
133.79,09-20-2026 22:00:02:270,128230,169338
133.8,09-20-2026 22:00:02:280,128241,169344
133.81,09-20-2026 22:00:02:290,128229,169334
133.82,09-20-2026 22:00:02:300,128235,169342
133.83,09-20-2026 22:00:02:310,128245,169359
133.84,09-20-2026 22:00:02:320,128231,169371
133.85,09-20-2026 22:00:02:330,128239,169351
133.86,09-20-2026 22:00:02:340,128246,169375
133.87,09-20-2026 22:00:02:350,128234,169351
133.88,09-20-2026 22:00:02:360,128217,169372
133.89,09-20-2026 22:00:02:370,128228,169351
133.9,09-20-2026 22:00:02:380,128242,169365
133.91,09-20-2026 22:00:02:390,128221,169343
133.92,09-20-2026 22:00:02:400,128218,169376
133.93,09-20-2026 22:00:02:410,128240,169364
133.94,09-20-2026 22:00:02:420,128226,169381
133.95,09-20-2026 22:00:02:430,128233,169342
133.96,09-20-2026 22:00:02:440,128228,169373
133.97,09-20-2026 22:00:02:450,128222,169353
133.98,09-20-2026 22:00:02:460,128224,169383
133.99,09-20-2026 22:00:02:470,128226,169346
134,09-20-2026 22:00:02:480,128205,169377
134.01,09-20-2026 22:00:02:490,128235,169347
134.02,09-20-2026 22:00:02:500,128216,169385
134.03,09-20-2026 22:00:02:510,128239,169362
134.04,09-20-2026 22:00:02:520,128237,169390
134.05,09-20-2026 22:00:02:530,128222,169360
134.06,09-20-2026 22:00:02:540,128231,169378
134.07,09-20-2026 22:00:02:550,128222,169364
134.08,09-20-2026 22:00:02:560,128220,169381
134.09,09-20-2026 22:00:02:570,128219,169352
134.1,09-20-2026 22:00:02:580,128213,169368
134.11,09-20-2026 22:00:02:590,128222,169359
134.12,09-20-2026 22:00:02:600,128237,169377
134.13,09-20-2026 22:00:02:610,128210,169368
134.14,09-20-2026 22:00:02:620,128231,169379
134.15,09-20-2026 22:00:02:630,128226,169360
134.16,09-20-2026 22:00:02:640,128221,169367
134.17,09-20-2026 22:00:02:650,128230,169365
134.18,09-20-2026 22:00:02:660,128210,169374
134.19,09-20-2026 22:00:02:670,128226,169350
134.2,09-20-2026 22:00:02:680,128239,169368
134.21,09-20-2026 22:00:02:690,128232,169370
134.22,09-20-2026 22:00:02:700,128226,169372
134.23,09-20-2026 22:00:02:710,128222,169373
134.24,09-20-2026 22:00:02:720,128223,169390
134.25,09-20-2026 22:00:02:730,128219,169372
134.26,09-20-2026 22:00:02:740,128210,169369
134.27,09-20-2026 22:00:02:750,128213,169380
134.28,09-20-2026 22:00:02:760,128214,169384
134.29,09-20-2026 22:00:02:770,128217,169393
134.3,09-20-2026 22:00:02:780,128224,169385
134.31,09-20-2026 22:00:02:790,128236,169381
134.32,09-20-2026 22:00:02:800,128224,169382
134.33,09-20-2026 22:00:02:810,128217,169393
134.34,09-20-2026 22:00:02:820,128207,169377
134.35,09-20-2026 22:00:02:830,128220,169381
134.36,09-20-2026 22:00:02:840,128221,169406
134.37,09-20-2026 22:00:02:850,128220,169391
134.38,09-20-2026 22:00:02:860,128214,169410
134.39,09-20-2026 22:00:02:870,128225,169400
134.4,09-20-2026 22:00:02:880,128224,169409
134.41,09-20-2026 22:00:02:890,128225,169397
134.42,09-20-2026 22:00:02:900,128239,169420
134.43,09-20-2026 22:00:02:910,128220,169402
134.44,09-20-2026 22:00:02:920,128233,169406
134.45,09-20-2026 22:00:02:930,128230,169395
134.46,09-20-2026 22:00:02:940,128223,169408
134.47,09-20-2026 22:00:02:950,128213,169404
134.48,09-20-2026 22:00:02:960,128235,169424
134.49,09-20-2026 22:00:02:970,128214,169421
134.5,09-20-2026 22:00:02:980,128221,169425
134.51,09-20-2026 22:00:02:990,128226,169423
134.52,09-20-2026 22:00:03:000,128228,169408
134.53,09-20-2026 22:00:03:010,128222,169381
134.54,09-20-2026 22:00:03:020,128226,169391
134.55,09-20-2026 22:00:03:030,128228,169373
134.56,09-20-2026 22:00:03:040,128227,169369
134.57,09-20-2026 22:00:03:050,128206,169375
134.58,09-20-2026 22:00:03:060,128206,169366
134.59,09-20-2026 22:00:03:070,128223,169359
134.6,09-20-2026 22:00:03:080,128203,169342
134.61,09-20-2026 22:00:03:090,128229,169357
134.62,09-20-2026 22:00:03:100,128190,169363
134.63,09-20-2026 22:00:03:110,128224,169348
134.64,09-20-2026 22:00:03:120,128207,169356
134.65,09-20-2026 22:00:03:130,128235,169351
134.66,09-20-2026 22:00:03:140,128182,169350
134.67,09-20-2026 22:00:03:150,128213,169319
134.68,09-20-2026 22:00:03:160,128202,169342
134.69,09-20-2026 22:00:03:170,128219,169339
134.7,09-20-2026 22:00:03:180,128189,169322
134.71,09-20-2026 22:00:03:190,128201,169316
134.72,09-20-2026 22:00:03:200,128184,169312
134.73,09-20-2026 22:00:03:210,128221,169315
134.74,09-20-2026 22:00:03:220,128185,169320
134.75,09-20-2026 22:00:03:230,128188,169295
134.76,09-20-2026 22:00:03:240,128173,169291
134.77,09-20-2026 22:00:03:250,128202,169319
134.78,09-20-2026 22:00:03:260,128170,169292
134.79,09-20-2026 22:00:03:270,128212,169316
134.8,09-20-2026 22:00:03:280,128158,169298
134.81,09-20-2026 22:00:03:290,128206,169299
134.82,09-20-2026 22:00:03:300,128147,169309
134.83,09-20-2026 22:00:03:310,128191,169304
134.84,09-20-2026 22:00:03:320,128148,169287
134.85,09-20-2026 22:00:03:330,128215,169297
134.86,09-20-2026 22:00:03:340,128156,169293
134.87,09-20-2026 22:00:03:350,128222,169298
134.88,09-20-2026 22:00:03:360,128169,169295
134.89,09-20-2026 22:00:03:370,128208,169286
134.9,09-20-2026 22:00:03:380,128171,169293
134.91,09-20-2026 22:00:03:390,128191,169261
134.92,09-20-2026 22:00:03:400,128195,169293
134.93,09-20-2026 22:00:03:410,128191,169291
134.94,09-20-2026 22:00:03:420,128168,169268
134.95,09-20-2026 22:00:03:430,128188,169264
134.96,09-20-2026 22:00:03:440,128183,169276
134.97,09-20-2026 22:00:03:450,128195,169283
134.98,09-20-2026 22:00:03:460,128173,169284
134.99,09-20-2026 22:00:03:470,128202,169286
135,09-20-2026 22:00:03:480,128202,169262
135.01,09-20-2026 22:00:03:490,128200,169281
135.02,09-20-2026 22:00:03:500,128200,169268
135.03,09-20-2026 22:00:03:510,128197,169255
135.04,09-20-2026 22:00:03:520,128203,169271
135.05,09-20-2026 22:00:03:530,128178,169282
135.06,09-20-2026 22:00:03:540,128194,169276
135.07,09-20-2026 22:00:03:550,128185,169272
135.08,09-20-2026 22:00:03:560,128197,169277
135.09,09-20-2026 22:00:03:570,128185,169274
135.1,09-20-2026 22:00:03:580,128195,169272
135.11,09-20-2026 22:00:03:590,128185,169271
135.12,09-20-2026 22:00:03:600,128197,169284
135.13,09-20-2026 22:00:03:610,128191,169278
135.14,09-20-2026 22:00:03:620,128195,169281
135.15,09-20-2026 22:00:03:630,128173,169288
135.16,09-20-2026 22:00:03:640,128195,169278
135.17,09-20-2026 22:00:03:650,128184,169290
135.18,09-20-2026 22:00:03:660,128213,169284
135.19,09-20-2026 22:00:03:670,128176,169283
135.2,09-20-2026 22:00:03:680,128216,169292
135.21,09-20-2026 22:00:03:690,128178,169293
135.22,09-20-2026 22:00:03:700,128204,169288
135.23,09-20-2026 22:00:03:710,128170,169301
135.24,09-20-2026 22:00:03:720,128210,169290
135.25,09-20-2026 22:00:03:730,128170,169293
135.26,09-20-2026 22:00:03:740,128216,169294
135.27,09-20-2026 22:00:03:750,128171,169280
135.28,09-20-2026 22:00:03:760,128204,169284
135.29,09-20-2026 22:00:03:770,128193,169271
135.3,09-20-2026 22:00:03:780,128208,169287
135.31,09-20-2026 22:00:03:790,128171,169278
135.32,09-20-2026 22:00:03:800,128205,169292
135.33,09-20-2026 22:00:03:810,128173,169269
135.34,09-20-2026 22:00:03:820,128198,169300
135.35,09-20-2026 22:00:03:830,128176,169281
135.36,09-20-2026 22:00:03:840,128191,169296
135.37,09-20-2026 22:00:03:850,128166,169277
135.38,09-20-2026 22:00:03:860,128189,169288
135.39,09-20-2026 22:00:03:870,128172,169297
135.4,09-20-2026 22:00:03:880,128186,169302
135.41,09-20-2026 22:00:03:890,128168,169303
135.42,09-20-2026 22:00:03:900,128198,169302
135.43,09-20-2026 22:00:03:910,128172,169300
135.44,09-20-2026 22:00:03:920,128180,169308
135.45,09-20-2026 22:00:03:930,128175,169321
135.46,09-20-2026 22:00:03:940,128203,169309
135.47,09-20-2026 22:00:03:950,128174,169302
135.48,09-20-2026 22:00:03:960,128174,169292
135.49,09-20-2026 22:00:03:970,128169,169308
135.5,09-20-2026 22:00:03:980,128166,169306
135.51,09-20-2026 22:00:03:990,128181,169329
135.52,09-20-2026 22:00:04:000,128174,169321
135.53,09-20-2026 22:00:04:010,128172,169310
135.54,09-20-2026 22:00:04:020,128195,169314
135.55,09-20-2026 22:00:04:030,128177,169298
135.56,09-20-2026 22:00:04:040,128183,169322
135.57,09-20-2026 22:00:04:050,128174,169309
135.58,09-20-2026 22:00:04:060,128177,169320
135.59,09-20-2026 22:00:04:070,128182,169308
135.6,09-20-2026 22:00:04:080,128165,169341
135.61,09-20-2026 22:00:04:090,128184,169306
135.62,09-20-2026 22:00:04:100,128182,169333
135.63,09-20-2026 22:00:04:110,128178,169311
135.64,09-20-2026 22:00:04:120,128171,169318
135.65,09-20-2026 22:00:04:130,128178,169299
135.66,09-20-2026 22:00:04:140,128171,169328
135.67,09-20-2026 22:00:04:150,128172,169317
135.68,09-20-2026 22:00:04:160,128176,169333
135.69,09-20-2026 22:00:04:170,128175,169312
135.7,09-20-2026 22:00:04:180,128165,169331
135.71,09-20-2026 22:00:04:190,128171,169307
135.72,09-20-2026 22:00:04:200,128177,169334
135.73,09-20-2026 22:00:04:210,128169,169313
135.74,09-20-2026 22:00:04:220,128170,169349
135.75,09-20-2026 22:00:04:230,128161,169300
135.76,09-20-2026 22:00:04:240,128178,169345
135.77,09-20-2026 22:00:04:250,128180,169282
135.78,09-20-2026 22:00:04:260,128169,169330
135.79,09-20-2026 22:00:04:270,128185,169238
135.8,09-20-2026 22:00:04:280,128182,169327
135.81,09-20-2026 22:00:04:290,128164,169257
135.82,09-20-2026 22:00:04:300,128170,169311
135.83,09-20-2026 22:00:04:310,128172,169252
135.84,09-20-2026 22:00:04:320,128175,169306
135.85,09-20-2026 22:00:04:330,128154,169241
135.86,09-20-2026 22:00:04:340,128168,169293
135.87,09-20-2026 22:00:04:350,128157,169244
135.88,09-20-2026 22:00:04:360,128167,169289
135.89,09-20-2026 22:00:04:370,128173,169254
135.9,09-20-2026 22:00:04:380,128171,169276
135.91,09-20-2026 22:00:04:390,128160,169249
135.92,09-20-2026 22:00:04:400,128167,169291
135.93,09-20-2026 22:00:04:410,128164,169257
135.94,09-20-2026 22:00:04:420,128176,169271
135.95,09-20-2026 22:00:04:430,128160,169233
135.96,09-20-2026 22:00:04:440,128167,169286
135.97,09-20-2026 22:00:04:450,128160,169236
135.98,09-20-2026 22:00:04:460,128175,169255
135.99,09-20-2026 22:00:04:470,128161,169242
136,09-20-2026 22:00:04:480,128163,169276
136.01,09-20-2026 22:00:04:490,128171,169273
136.02,09-20-2026 22:00:04:500,128173,169267
136.03,09-20-2026 22:00:04:510,128165,169271
136.04,09-20-2026 22:00:04:520,128163,169259
136.05,09-20-2026 22:00:04:530,128179,169268
136.06,09-20-2026 22:00:04:540,128165,169268
136.07,09-20-2026 22:00:04:550,128155,169284
136.08,09-20-2026 22:00:04:560,128168,169263
136.09,09-20-2026 22:00:04:570,128165,169292
136.1,09-20-2026 22:00:04:580,128173,169266
136.11,09-20-2026 22:00:04:590,128170,169276
136.12,09-20-2026 22:00:04:600,128167,169269
136.13,09-20-2026 22:00:04:610,128164,169291
136.14,09-20-2026 22:00:04:620,128168,169249
136.15,09-20-2026 22:00:04:630,128162,169270
136.16,09-20-2026 22:00:04:640,128163,169250
136.17,09-20-2026 22:00:04:650,128163,169288
136.18,09-20-2026 22:00:04:660,128168,169258
136.19,09-20-2026 22:00:04:670,128155,169311
136.2,09-20-2026 22:00:04:680,128151,169256
136.21,09-20-2026 22:00:04:690,128164,169294
136.22,09-20-2026 22:00:04:700,128170,169272
136.23,09-20-2026 22:00:04:710,128172,169292
136.24,09-20-2026 22:00:04:720,128164,169279
136.25,09-20-2026 22:00:04:730,128155,169295
136.26,09-20-2026 22:00:04:740,128152,169273
136.27,09-20-2026 22:00:04:750,128143,169299
136.28,09-20-2026 22:00:04:760,128154,169276
136.29,09-20-2026 22:00:04:770,128171,169307
136.3,09-20-2026 22:00:04:780,128172,169256
136.31,09-20-2026 22:00:04:790,128159,169290
136.32,09-20-2026 22:00:04:800,128150,169270
136.33,09-20-2026 22:00:04:810,128149,169308
136.34,09-20-2026 22:00:04:820,128147,169268
136.35,09-20-2026 22:00:04:830,128164,169290
136.36,09-20-2026 22:00:04:840,128157,169277
136.37,09-20-2026 22:00:04:850,128145,169275
136.38,09-20-2026 22:00:04:860,128149,169276
136.39,09-20-2026 22:00:04:870,128162,169294
136.4,09-20-2026 22:00:04:880,128142,169274
136.41,09-20-2026 22:00:04:890,128162,169276
136.42,09-20-2026 22:00:04:900,128163,169271
136.43,09-20-2026 22:00:04:910,128159,169316
136.44,09-20-2026 22:00:04:920,128148,169265
136.45,09-20-2026 22:00:04:930,128152,169277
136.46,09-20-2026 22:00:04:940,128146,169274
136.47,09-20-2026 22:00:04:950,128165,169295
136.48,09-20-2026 22:00:04:960,128145,169292
136.49,09-20-2026 22:00:04:970,128158,169282
136.5,09-20-2026 22:00:04:980,128164,169284
136.51,09-20-2026 22:00:04:990,128152,169296
136.52,09-20-2026 22:00:05:000,128151,169293
136.53,09-20-2026 22:00:05:010,128154,169287
136.54,09-20-2026 22:00:05:020,128153,169293
136.55,09-20-2026 22:00:05:030,128143,169275
136.56,09-20-2026 22:00:05:040,128162,169309
136.57,09-20-2026 22:00:05:050,128145,169308
136.58,09-20-2026 22:00:05:060,128150,169301
136.59,09-20-2026 22:00:05:070,128144,169294
136.6,09-20-2026 22:00:05:080,128142,169309
136.61,09-20-2026 22:00:05:090,128150,169287
136.62,09-20-2026 22:00:05:100,128143,169303
136.63,09-20-2026 22:00:05:110,128146,169313
136.64,09-20-2026 22:00:05:120,128146,169313
136.65,09-20-2026 22:00:05:130,128169,169310
136.66,09-20-2026 22:00:05:140,128148,169296
136.67,09-20-2026 22:00:05:150,128141,169303
136.68,09-20-2026 22:00:05:160,128157,169327
136.69,09-20-2026 22:00:05:170,128138,169329
136.7,09-20-2026 22:00:05:180,128146,169324
136.71,09-20-2026 22:00:05:190,128142,169312
136.72,09-20-2026 22:00:05:200,128136,169331
136.73,09-20-2026 22:00:05:210,128147,169332
136.74,09-20-2026 22:00:05:220,128154,169322
136.75,09-20-2026 22:00:05:230,128150,169336
136.76,09-20-2026 22:00:05:240,128144,169330
136.77,09-20-2026 22:00:05:250,128134,169318
136.78,09-20-2026 22:00:05:260,128160,169343
136.79,09-20-2026 22:00:05:270,128145,169333
136.8,09-20-2026 22:00:05:280,128143,169341
136.81,09-20-2026 22:00:05:290,128147,169327
136.82,09-20-2026 22:00:05:300,128140,169333
136.83,09-20-2026 22:00:05:310,128136,169336
136.84,09-20-2026 22:00:05:320,128165,169321
136.85,09-20-2026 22:00:05:330,128129,169316
136.86,09-20-2026 22:00:05:340,128150,169325
136.87,09-20-2026 22:00:05:350,128138,169305
136.88,09-20-2026 22:00:05:360,128161,169314
136.89,09-20-2026 22:00:05:370,128139,169309
136.9,09-20-2026 22:00:05:380,128149,169295
136.91,09-20-2026 22:00:05:390,128135,169296
136.92,09-20-2026 22:00:05:400,128153,169289
136.93,09-20-2026 22:00:05:410,128126,169285
136.94,09-20-2026 22:00:05:420,128140,169292
136.95,09-20-2026 22:00:05:430,128129,169274
136.96,09-20-2026 22:00:05:440,128151,169286
136.97,09-20-2026 22:00:05:450,128117,169283
136.98,09-20-2026 22:00:05:460,128130,169292
136.99,09-20-2026 22:00:05:470,128113,169262
137,09-20-2026 22:00:05:480,128147,169255
137.01,09-20-2026 22:00:05:490,128102,169259
137.02,09-20-2026 22:00:05:500,128135,169248
137.03,09-20-2026 22:00:05:510,128084,169239
137.04,09-20-2026 22:00:05:520,128143,169255
137.05,09-20-2026 22:00:05:530,128087,169248
137.06,09-20-2026 22:00:05:540,128138,169262
137.07,09-20-2026 22:00:05:550,128098,169270
137.08,09-20-2026 22:00:05:560,128132,169265
137.09,09-20-2026 22:00:05:570,128093,169252
137.1,09-20-2026 22:00:05:580,128134,169256
137.11,09-20-2026 22:00:05:590,128083,169252
137.12,09-20-2026 22:00:05:600,128138,169254
137.13,09-20-2026 22:00:05:610,128091,169253
137.14,09-20-2026 22:00:05:620,128143,169252
137.15,09-20-2026 22:00:05:630,128101,169248
137.16,09-20-2026 22:00:05:640,128140,169241
137.17,09-20-2026 22:00:05:650,128101,169244
137.18,09-20-2026 22:00:05:660,128135,169255
137.19,09-20-2026 22:00:05:670,128112,169262
137.2,09-20-2026 22:00:05:680,128124,169240
137.21,09-20-2026 22:00:05:690,128112,169251
137.22,09-20-2026 22:00:05:700,128138,169244
137.23,09-20-2026 22:00:05:710,128116,169256
137.24,09-20-2026 22:00:05:720,128122,169255
137.25,09-20-2026 22:00:05:730,128129,169251
137.26,09-20-2026 22:00:05:740,128132,169257
137.27,09-20-2026 22:00:05:750,128149,169238
137.28,09-20-2026 22:00:05:760,128140,169255
137.29,09-20-2026 22:00:05:770,128136,169258
137.3,09-20-2026 22:00:05:780,128130,169259
137.31,09-20-2026 22:00:05:790,128131,169258
137.32,09-20-2026 22:00:05:800,128123,169252
137.33,09-20-2026 22:00:05:810,128135,169255
137.34,09-20-2026 22:00:05:820,128139,169245
137.35,09-20-2026 22:00:05:830,128149,169264
137.36,09-20-2026 22:00:05:840,128130,169234
137.37,09-20-2026 22:00:05:850,128149,169274
137.38,09-20-2026 22:00:05:860,128124,169249
137.39,09-20-2026 22:00:05:870,128145,169240
137.4,09-20-2026 22:00:05:880,128105,169259
137.41,09-20-2026 22:00:05:890,128154,169259
137.42,09-20-2026 22:00:05:900,128110,169238
137.43,09-20-2026 22:00:05:910,128149,169259
137.44,09-20-2026 22:00:05:920,128124,169268
137.45,09-20-2026 22:00:05:930,128141,169252
137.46,09-20-2026 22:00:05:940,128129,169254
137.47,09-20-2026 22:00:05:950,128176,169255
137.48,09-20-2026 22:00:05:960,128127,169265
137.49,09-20-2026 22:00:05:970,128150,169275
137.5,09-20-2026 22:00:05:980,128118,169272
137.51,09-20-2026 22:00:05:990,128148,169265
137.52,09-20-2026 22:00:06:000,128131,169265
137.53,09-20-2026 22:00:06:010,128162,169261
137.54,09-20-2026 22:00:06:020,128129,169277
137.55,09-20-2026 22:00:06:030,128163,169278
137.56,09-20-2026 22:00:06:040,128135,169278
137.57,09-20-2026 22:00:06:050,128161,169291
137.58,09-20-2026 22:00:06:060,128114,169271
137.59,09-20-2026 22:00:06:070,128155,169281
137.6,09-20-2026 22:00:06:080,128125,169305
137.61,09-20-2026 22:00:06:090,128150,169278
137.62,09-20-2026 22:00:06:100,128126,169288
137.63,09-20-2026 22:00:06:110,128128,169281
137.64,09-20-2026 22:00:06:120,128125,169289
137.65,09-20-2026 22:00:06:130,128143,169275
137.66,09-20-2026 22:00:06:140,128111,169293
137.67,09-20-2026 22:00:06:150,128157,169290
137.68,09-20-2026 22:00:06:160,128129,169292
137.69,09-20-2026 22:00:06:170,128143,169313
137.7,09-20-2026 22:00:06:180,128123,169301
137.71,09-20-2026 22:00:06:190,128171,169291
137.72,09-20-2026 22:00:06:200,128117,169298
137.73,09-20-2026 22:00:06:210,128136,169315
137.74,09-20-2026 22:00:06:220,128129,169302
137.75,09-20-2026 22:00:06:230,128129,169322
137.76,09-20-2026 22:00:06:240,128132,169293
137.77,09-20-2026 22:00:06:250,128132,169299
137.78,09-20-2026 22:00:06:260,128137,169289
137.79,09-20-2026 22:00:06:270,128142,169302
137.8,09-20-2026 22:00:06:280,128134,169289
137.81,09-20-2026 22:00:06:290,128133,169318
137.82,09-20-2026 22:00:06:300,128129,169307
137.83,09-20-2026 22:00:06:310,128128,169327
137.84,09-20-2026 22:00:06:320,128125,169302
137.85,09-20-2026 22:00:06:330,128123,169296
137.86,09-20-2026 22:00:06:340,128126,169304
137.87,09-20-2026 22:00:06:350,128142,169328
137.88,09-20-2026 22:00:06:360,128128,169318
137.89,09-20-2026 22:00:06:370,128135,169326
137.9,09-20-2026 22:00:06:380,128130,169312
137.91,09-20-2026 22:00:06:390,128138,169352
137.92,09-20-2026 22:00:06:400,128132,169335
137.93,09-20-2026 22:00:06:410,128122,169347
137.94,09-20-2026 22:00:06:420,128132,169312
137.95,09-20-2026 22:00:06:430,128121,169324
137.96,09-20-2026 22:00:06:440,128123,169315
137.97,09-20-2026 22:00:06:450,128123,169326
137.98,09-20-2026 22:00:06:460,128130,169285
137.99,09-20-2026 22:00:06:470,128138,169312
138,09-20-2026 22:00:06:480,128125,169281
138.01,09-20-2026 22:00:06:490,128138,169316
138.02,09-20-2026 22:00:06:500,128155,169259
138.03,09-20-2026 22:00:06:510,128128,169314
138.04,09-20-2026 22:00:06:520,128119,169264
138.05,09-20-2026 22:00:06:530,128120,169308
138.06,09-20-2026 22:00:06:540,128118,169266
138.07,09-20-2026 22:00:06:550,128136,169293
138.08,09-20-2026 22:00:06:560,128115,169243
138.09,09-20-2026 22:00:06:570,128117,169283
138.1,09-20-2026 22:00:06:580,128121,169225
138.11,09-20-2026 22:00:06:590,128123,169299
138.12,09-20-2026 22:00:06:600,128131,169216
138.13,09-20-2026 22:00:06:610,128111,169273
138.14,09-20-2026 22:00:06:620,128128,169233
138.15,09-20-2026 22:00:06:630,128118,169275
138.16,09-20-2026 22:00:06:640,128125,169238
138.17,09-20-2026 22:00:06:650,128114,169266
138.18,09-20-2026 22:00:06:660,128118,169235
138.19,09-20-2026 22:00:06:670,128128,169257
138.2,09-20-2026 22:00:06:680,128129,169245
138.21,09-20-2026 22:00:06:690,128122,169261
138.22,09-20-2026 22:00:06:700,128123,169244
138.23,09-20-2026 22:00:06:710,128120,169267
138.24,09-20-2026 22:00:06:720,128121,169261
138.25,09-20-2026 22:00:06:730,128116,169250
138.26,09-20-2026 22:00:06:740,128133,169245
138.27,09-20-2026 22:00:06:750,128112,169272
138.28,09-20-2026 22:00:06:760,128112,169279
138.29,09-20-2026 22:00:06:770,128115,169271
138.3,09-20-2026 22:00:06:780,128109,169281
138.31,09-20-2026 22:00:06:790,128120,169269
138.32,09-20-2026 22:00:06:800,128107,169264
138.33,09-20-2026 22:00:06:810,128104,169254
138.34,09-20-2026 22:00:06:820,128099,169268
138.35,09-20-2026 22:00:06:830,128119,169260
138.36,09-20-2026 22:00:06:840,128116,169283
138.37,09-20-2026 22:00:06:850,128114,169258
138.38,09-20-2026 22:00:06:860,128112,169263
138.39,09-20-2026 22:00:06:870,128120,169261
138.4,09-20-2026 22:00:06:880,128113,169295
138.41,09-20-2026 22:00:06:890,128116,169276
138.42,09-20-2026 22:00:06:900,128101,169292
138.43,09-20-2026 22:00:06:910,128116,169265
138.44,09-20-2026 22:00:06:920,128111,169275
138.45,09-20-2026 22:00:06:930,128115,169268
138.46,09-20-2026 22:00:06:940,128108,169283
138.47,09-20-2026 22:00:06:950,128118,169256
138.48,09-20-2026 22:00:06:960,128102,169293
138.49,09-20-2026 22:00:06:970,128117,169263
138.5,09-20-2026 22:00:06:980,128106,169295
138.51,09-20-2026 22:00:06:990,128101,169274
138.52,09-20-2026 22:00:07:000,128113,169296
138.53,09-20-2026 22:00:07:010,128107,169273
138.54,09-20-2026 22:00:07:020,128114,169279
138.55,09-20-2026 22:00:07:030,128112,169270
138.56,09-20-2026 22:00:07:040,128112,169317
138.57,09-20-2026 22:00:07:050,128112,169273
138.58,09-20-2026 22:00:07:060,128114,169305
138.59,09-20-2026 22:00:07:070,128100,169285
138.6,09-20-2026 22:00:07:080,128117,169314
138.61,09-20-2026 22:00:07:090,128109,169275
138.62,09-20-2026 22:00:07:100,128111,169308
138.63,09-20-2026 22:00:07:110,128109,169289
138.64,09-20-2026 22:00:07:120,128106,169300
138.65,09-20-2026 22:00:07:130,128120,169280
138.66,09-20-2026 22:00:07:140,128092,169306
138.67,09-20-2026 22:00:07:150,128098,169289
138.68,09-20-2026 22:00:07:160,128092,169315
138.69,09-20-2026 22:00:07:170,128115,169292
138.7,09-20-2026 22:00:07:180,128115,169311
138.71,09-20-2026 22:00:07:190,128095,169265
138.72,09-20-2026 22:00:07:200,128102,169301
138.73,09-20-2026 22:00:07:210,128104,169288
138.74,09-20-2026 22:00:07:220,128104,169306
138.75,09-20-2026 22:00:07:230,128105,169281
138.76,09-20-2026 22:00:07:240,128109,169273
138.77,09-20-2026 22:00:07:250,128103,169284
138.78,09-20-2026 22:00:07:260,128102,169297
138.79,09-20-2026 22:00:07:270,128119,169289
138.8,09-20-2026 22:00:07:280,128106,169313
138.81,09-20-2026 22:00:07:290,128114,169291
138.82,09-20-2026 22:00:07:300,128111,169295
138.83,09-20-2026 22:00:07:310,128117,169304
138.84,09-20-2026 22:00:07:320,128117,169312
138.85,09-20-2026 22:00:07:330,128098,169299
138.86,09-20-2026 22:00:07:340,128108,169301
138.87,09-20-2026 22:00:07:350,128092,169325
138.88,09-20-2026 22:00:07:360,128107,169323
138.89,09-20-2026 22:00:07:370,128093,169313
138.9,09-20-2026 22:00:07:380,128113,169318
138.91,09-20-2026 22:00:07:390,128120,169317
138.92,09-20-2026 22:00:07:400,128111,169317
138.93,09-20-2026 22:00:07:410,128108,169331
138.94,09-20-2026 22:00:07:420,128113,169332
138.95,09-20-2026 22:00:07:430,128100,169319
138.96,09-20-2026 22:00:07:440,128111,169300
138.97,09-20-2026 22:00:07:450,128096,169301
138.98,09-20-2026 22:00:07:460,128105,169293
138.99,09-20-2026 22:00:07:470,128103,169293
139,09-20-2026 22:00:07:480,128108,169287
139.01,09-20-2026 22:00:07:490,128103,169298
139.02,09-20-2026 22:00:07:500,128118,169283
139.03,09-20-2026 22:00:07:510,128101,169280
139.04,09-20-2026 22:00:07:520,128112,169272
139.05,09-20-2026 22:00:07:530,128102,169286
139.06,09-20-2026 22:00:07:540,128091,169272
139.07,09-20-2026 22:00:07:550,128100,169271
139.08,09-20-2026 22:00:07:560,128097,169263
139.09,09-20-2026 22:00:07:570,128093,169265
139.1,09-20-2026 22:00:07:580,128087,169255
139.11,09-20-2026 22:00:07:590,128098,169244
139.12,09-20-2026 22:00:07:600,128093,169266
139.13,09-20-2026 22:00:07:610,128092,169252
139.14,09-20-2026 22:00:07:620,128072,169258
139.15,09-20-2026 22:00:07:630,128101,169244
139.16,09-20-2026 22:00:07:640,128085,169255
139.17,09-20-2026 22:00:07:650,128097,169257
139.18,09-20-2026 22:00:07:660,128087,169245
139.19,09-20-2026 22:00:07:670,128099,169257
139.2,09-20-2026 22:00:07:680,128080,169239
139.21,09-20-2026 22:00:07:690,128101,169257
139.22,09-20-2026 22:00:07:700,128049,169257
139.23,09-20-2026 22:00:07:710,128097,169249
139.24,09-20-2026 22:00:07:720,128070,169247
139.25,09-20-2026 22:00:07:730,128101,169235
139.26,09-20-2026 22:00:07:740,128070,169245
139.27,09-20-2026 22:00:07:750,128104,169255
139.28,09-20-2026 22:00:07:760,128079,169235
139.29,09-20-2026 22:00:07:770,128085,169239
139.3,09-20-2026 22:00:07:780,128053,169250
139.31,09-20-2026 22:00:07:790,128090,169265
139.32,09-20-2026 22:00:07:800,128068,169239
139.33,09-20-2026 22:00:07:810,128100,169259
139.34,09-20-2026 22:00:07:820,128053,169250
139.35,09-20-2026 22:00:07:830,128090,169243
139.36,09-20-2026 22:00:07:840,128055,169235
139.37,09-20-2026 22:00:07:850,128101,169240
139.38,09-20-2026 22:00:07:860,128055,169235
139.39,09-20-2026 22:00:07:870,128085,169234
139.4,09-20-2026 22:00:07:880,128054,169233
139.41,09-20-2026 22:00:07:890,128092,169231
139.42,09-20-2026 22:00:07:900,128047,169234
139.43,09-20-2026 22:00:07:910,128095,169241
139.44,09-20-2026 22:00:07:920,128074,169241
139.45,09-20-2026 22:00:07:930,128070,169259
139.46,09-20-2026 22:00:07:940,128075,169250
139.47,09-20-2026 22:00:07:950,128087,169235
139.48,09-20-2026 22:00:07:960,128051,169238
139.49,09-20-2026 22:00:07:970,128102,169251
139.5,09-20-2026 22:00:07:980,128063,169232
139.51,09-20-2026 22:00:07:990,128089,169243
139.52,09-20-2026 22:00:08:000,128069,169241
139.53,09-20-2026 22:00:08:010,128097,169255
139.54,09-20-2026 22:00:08:020,128071,169255
139.55,09-20-2026 22:00:08:030,128085,169238
139.56,09-20-2026 22:00:08:040,128100,169249
139.57,09-20-2026 22:00:08:050,128087,169238
139.58,09-20-2026 22:00:08:060,128081,169231
139.59,09-20-2026 22:00:08:070,128085,169244
139.6,09-20-2026 22:00:08:080,128086,169263
139.61,09-20-2026 22:00:08:090,128086,169242
139.62,09-20-2026 22:00:08:100,128078,169251
139.63,09-20-2026 22:00:08:110,128086,169256
139.64,09-20-2026 22:00:08:120,128104,169243
139.65,09-20-2026 22:00:08:130,128081,169248
139.66,09-20-2026 22:00:08:140,128103,169252
139.67,09-20-2026 22:00:08:150,128084,169261
139.68,09-20-2026 22:00:08:160,128101,169261
139.69,09-20-2026 22:00:08:170,128101,169269
139.7,09-20-2026 22:00:08:180,128111,169238
139.71,09-20-2026 22:00:08:190,128085,169260
139.72,09-20-2026 22:00:08:200,128110,169264
139.73,09-20-2026 22:00:08:210,128095,169269
139.74,09-20-2026 22:00:08:220,128100,169249
139.75,09-20-2026 22:00:08:230,128095,169265
139.76,09-20-2026 22:00:08:240,128105,169249
139.77,09-20-2026 22:00:08:250,128086,169260
139.78,09-20-2026 22:00:08:260,128115,169272
139.79,09-20-2026 22:00:08:270,128094,169266
139.8,09-20-2026 22:00:08:280,128113,169262
139.81,09-20-2026 22:00:08:290,128088,169278
139.82,09-20-2026 22:00:08:300,128123,169285
139.83,09-20-2026 22:00:08:310,128092,169284
139.84,09-20-2026 22:00:08:320,128124,169282
139.85,09-20-2026 22:00:08:330,128075,169278
139.86,09-20-2026 22:00:08:340,128113,169284
139.87,09-20-2026 22:00:08:350,128066,169253
139.88,09-20-2026 22:00:08:360,128105,169260
139.89,09-20-2026 22:00:08:370,128080,169252
139.9,09-20-2026 22:00:08:380,128093,169262
139.91,09-20-2026 22:00:08:390,128087,169251
139.92,09-20-2026 22:00:08:400,128095,169256
139.93,09-20-2026 22:00:08:410,128091,169246
139.94,09-20-2026 22:00:08:420,128088,169245
139.95,09-20-2026 22:00:08:430,128076,169226
139.96,09-20-2026 22:00:08:440,128097,169226
139.97,09-20-2026 22:00:08:450,128076,169225
139.98,09-20-2026 22:00:08:460,128096,169221
139.99,09-20-2026 22:00:08:470,128075,169231
140,09-20-2026 22:00:08:480,128091,169215
140.01,09-20-2026 22:00:08:490,128084,169213
140.02,09-20-2026 22:00:08:500,128072,169204
140.03,09-20-2026 22:00:08:510,128063,169192
140.04,09-20-2026 22:00:08:520,128068,169186
140.05,09-20-2026 22:00:08:530,128074,169190
140.06,09-20-2026 22:00:08:540,128071,169185
140.07,09-20-2026 22:00:08:550,128064,169191
140.08,09-20-2026 22:00:08:560,128062,169194
140.09,09-20-2026 22:00:08:570,128071,169171
140.1,09-20-2026 22:00:08:580,128054,169176
140.11,09-20-2026 22:00:08:590,128066,169172
140.12,09-20-2026 22:00:08:600,128067,169190
140.13,09-20-2026 22:00:08:610,128068,169180
140.14,09-20-2026 22:00:08:620,128058,169171
140.15,09-20-2026 22:00:08:630,128066,169151
140.16,09-20-2026 22:00:08:640,128062,169175
140.17,09-20-2026 22:00:08:650,128062,169167
140.18,09-20-2026 22:00:08:660,128061,169179
140.19,09-20-2026 22:00:08:670,128074,169160
140.2,09-20-2026 22:00:08:680,128060,169182
140.21,09-20-2026 22:00:08:690,128059,169136
140.22,09-20-2026 22:00:08:700,128056,169144
140.23,09-20-2026 22:00:08:710,128045,169134
140.24,09-20-2026 22:00:08:720,128070,169143
140.25,09-20-2026 22:00:08:730,128067,169125
140.26,09-20-2026 22:00:08:740,128058,169168
140.27,09-20-2026 22:00:08:750,128047,169131
140.28,09-20-2026 22:00:08:760,128061,169169
140.29,09-20-2026 22:00:08:770,128058,169113
140.3,09-20-2026 22:00:08:780,128035,169153
140.31,09-20-2026 22:00:08:790,128057,169115
140.32,09-20-2026 22:00:08:800,128048,169162
140.33,09-20-2026 22:00:08:810,128067,169106
140.34,09-20-2026 22:00:08:820,128059,169169
140.35,09-20-2026 22:00:08:830,128043,169113
140.36,09-20-2026 22:00:08:840,128044,169172
140.37,09-20-2026 22:00:08:850,128041,169110
140.38,09-20-2026 22:00:08:860,128048,169152
140.39,09-20-2026 22:00:08:870,128046,169123
140.4,09-20-2026 22:00:08:880,128045,169149
140.41,09-20-2026 22:00:08:890,128049,169098
140.42,09-20-2026 22:00:08:900,128053,169184
140.43,09-20-2026 22:00:08:910,128045,169109
140.44,09-20-2026 22:00:08:920,128057,169168
140.45,09-20-2026 22:00:08:930,128051,169114
140.46,09-20-2026 22:00:08:940,128042,169180
140.47,09-20-2026 22:00:08:950,128048,169148
140.48,09-20-2026 22:00:08:960,128057,169168
140.49,09-20-2026 22:00:08:970,128058,169132
140.5,09-20-2026 22:00:08:980,128037,169165
140.51,09-20-2026 22:00:08:990,128028,169128
140.52,09-20-2026 22:00:09:000,128048,169173
140.53,09-20-2026 22:00:09:010,128043,169158
140.54,09-20-2026 22:00:09:020,128044,169189
140.55,09-20-2026 22:00:09:030,128037,169172
140.56,09-20-2026 22:00:09:040,128038,169183
140.57,09-20-2026 22:00:09:050,128049,169173
140.58,09-20-2026 22:00:09:060,128049,169176
140.59,09-20-2026 22:00:09:070,128056,169194
140.6,09-20-2026 22:00:09:080,128040,169182
140.61,09-20-2026 22:00:09:090,128042,169205
140.62,09-20-2026 22:00:09:100,128045,169183
140.63,09-20-2026 22:00:09:110,128054,169190
140.64,09-20-2026 22:00:09:120,128056,169179
140.65,09-20-2026 22:00:09:130,128054,169198
140.66,09-20-2026 22:00:09:140,128041,169164
140.67,09-20-2026 22:00:09:150,128034,169202
140.68,09-20-2026 22:00:09:160,128038,169156
140.69,09-20-2026 22:00:09:170,128037,169193
140.7,09-20-2026 22:00:09:180,128031,169205
140.71,09-20-2026 22:00:09:190,128038,169205
140.72,09-20-2026 22:00:09:200,128038,169186
140.73,09-20-2026 22:00:09:210,128036,169216
140.74,09-20-2026 22:00:09:220,128033,169198
140.75,09-20-2026 22:00:09:230,128045,169241
140.76,09-20-2026 22:00:09:240,128051,169190
140.77,09-20-2026 22:00:09:250,128038,169200
140.78,09-20-2026 22:00:09:260,128042,169192
140.79,09-20-2026 22:00:09:270,128044,169225
140.8,09-20-2026 22:00:09:280,128052,169201
140.81,09-20-2026 22:00:09:290,128053,169231
140.82,09-20-2026 22:00:09:300,128028,169205
140.83,09-20-2026 22:00:09:310,128043,169232
140.84,09-20-2026 22:00:09:320,128045,169206
140.85,09-20-2026 22:00:09:330,128042,169222
140.86,09-20-2026 22:00:09:340,128026,169167
140.87,09-20-2026 22:00:09:350,128046,169195
140.88,09-20-2026 22:00:09:360,128035,169176
140.89,09-20-2026 22:00:09:370,128027,169207
140.9,09-20-2026 22:00:09:380,128025,169152
140.91,09-20-2026 22:00:09:390,128025,169189
140.92,09-20-2026 22:00:09:400,128032,169157
140.93,09-20-2026 22:00:09:410,128042,169176
140.94,09-20-2026 22:00:09:420,128033,169150
140.95,09-20-2026 22:00:09:430,128035,169166
140.96,09-20-2026 22:00:09:440,128022,169134
140.97,09-20-2026 22:00:09:450,128030,169150
140.98,09-20-2026 22:00:09:460,128031,169118
140.99,09-20-2026 22:00:09:470,128015,169133
141,09-20-2026 22:00:09:480,128010,169129
141.01,09-20-2026 22:00:09:490,128025,169127
141.02,09-20-2026 22:00:09:500,128021,169111
141.03,09-20-2026 22:00:09:510,128017,169104
141.04,09-20-2026 22:00:09:520,128018,169104
141.05,09-20-2026 22:00:09:530,128016,169082
141.06,09-20-2026 22:00:09:540,128012,169099
141.07,09-20-2026 22:00:09:550,128027,169113
141.08,09-20-2026 22:00:09:560,128016,169089
141.09,09-20-2026 22:00:09:570,128003,169091
141.1,09-20-2026 22:00:09:580,128015,169086
141.11,09-20-2026 22:00:09:590,128008,169098
141.12,09-20-2026 22:00:09:600,128015,169072
141.13,09-20-2026 22:00:09:610,128014,169079
141.14,09-20-2026 22:00:09:620,128023,169086
141.15,09-20-2026 22:00:09:630,128008,169077
141.16,09-20-2026 22:00:09:640,128010,169071
141.17,09-20-2026 22:00:09:650,128028,169088
141.18,09-20-2026 22:00:09:660,128014,169075
141.19,09-20-2026 22:00:09:670,128012,169072
141.2,09-20-2026 22:00:09:680,127991,169077
141.21,09-20-2026 22:00:09:690,127999,169070
141.22,09-20-2026 22:00:09:700,127997,169049
141.23,09-20-2026 22:00:09:710,128010,169068
141.24,09-20-2026 22:00:09:720,127989,169052
141.25,09-20-2026 22:00:09:730,127994,169065
141.26,09-20-2026 22:00:09:740,127990,169069
141.27,09-20-2026 22:00:09:750,128014,169057
141.28,09-20-2026 22:00:09:760,127992,169058
141.29,09-20-2026 22:00:09:770,128003,169065
141.3,09-20-2026 22:00:09:780,127993,169067
141.31,09-20-2026 22:00:09:790,127985,169070
141.32,09-20-2026 22:00:09:800,128000,169049
141.33,09-20-2026 22:00:09:810,128003,169046
141.34,09-20-2026 22:00:09:820,128004,169059
141.35,09-20-2026 22:00:09:830,128002,169068
141.36,09-20-2026 22:00:09:840,127989,169067
141.37,09-20-2026 22:00:09:850,127980,169067
141.38,09-20-2026 22:00:09:860,128010,169065
141.39,09-20-2026 22:00:09:870,127968,169046
141.4,09-20-2026 22:00:09:880,127997,169071
141.41,09-20-2026 22:00:09:890,127976,169059
141.42,09-20-2026 22:00:09:900,127998,169056
141.43,09-20-2026 22:00:09:910,127980,169059
141.44,09-20-2026 22:00:09:920,127983,169036
141.45,09-20-2026 22:00:09:930,127975,169061
141.46,09-20-2026 22:00:09:940,127986,169051
141.47,09-20-2026 22:00:09:950,127976,169049
141.48,09-20-2026 22:00:09:960,127963,169067
141.49,09-20-2026 22:00:09:970,127962,169053
141.5,09-20-2026 22:00:09:980,127983,169056
141.51,09-20-2026 22:00:09:990,127967,169057
141.52,09-20-2026 22:00:10:000,127981,169052
141.53,09-20-2026 22:00:10:010,127955,169059
141.54,09-20-2026 22:00:10:020,127987,169045
141.55,09-20-2026 22:00:10:030,127950,169057
141.56,09-20-2026 22:00:10:040,127985,169049
141.57,09-20-2026 22:00:10:050,127949,169047
141.58,09-20-2026 22:00:10:060,127993,169050
141.59,09-20-2026 22:00:10:070,127947,169049
141.6,09-20-2026 22:00:10:080,127982,169042
141.61,09-20-2026 22:00:10:090,127943,169053
141.62,09-20-2026 22:00:10:100,127976,169051
141.63,09-20-2026 22:00:10:110,127948,169061
141.64,09-20-2026 22:00:10:120,127981,169070
141.65,09-20-2026 22:00:10:130,127952,169073
141.66,09-20-2026 22:00:10:140,127982,169054
141.67,09-20-2026 22:00:10:150,127947,169054
141.68,09-20-2026 22:00:10:160,127972,169061
141.69,09-20-2026 22:00:10:170,127926,169060
141.7,09-20-2026 22:00:10:180,127982,169071
141.71,09-20-2026 22:00:10:190,127939,169089
141.72,09-20-2026 22:00:10:200,127978,169060
141.73,09-20-2026 22:00:10:210,127974,169075
141.74,09-20-2026 22:00:10:220,127981,169054
141.75,09-20-2026 22:00:10:230,127946,169027
141.76,09-20-2026 22:00:10:240,127980,169038
141.77,09-20-2026 22:00:10:250,127941,169018
141.78,09-20-2026 22:00:10:260,127967,169029
141.79,09-20-2026 22:00:10:270,127952,169014
141.8,09-20-2026 22:00:10:280,127972,169014
141.81,09-20-2026 22:00:10:290,127957,169008
141.82,09-20-2026 22:00:10:300,127973,169001
141.83,09-20-2026 22:00:10:310,127966,169016
141.84,09-20-2026 22:00:10:320,127960,169001
141.85,09-20-2026 22:00:10:330,127967,169004
141.86,09-20-2026 22:00:10:340,127956,168989
141.87,09-20-2026 22:00:10:350,127977,168983
141.88,09-20-2026 22:00:10:360,127952,168984
141.89,09-20-2026 22:00:10:370,127968,168981
141.9,09-20-2026 22:00:10:380,127960,168976
141.91,09-20-2026 22:00:10:390,127966,168962
141.92,09-20-2026 22:00:10:400,127956,168980
141.93,09-20-2026 22:00:10:410,127981,168956
141.94,09-20-2026 22:00:10:420,127953,168961
141.95,09-20-2026 22:00:10:430,127965,168950
141.96,09-20-2026 22:00:10:440,127950,168954
141.97,09-20-2026 22:00:10:450,127980,168953
141.98,09-20-2026 22:00:10:460,127946,168946
141.99,09-20-2026 22:00:10:470,127974,168941
142,09-20-2026 22:00:10:480,127963,168945
142.01,09-20-2026 22:00:10:490,127966,168947
142.02,09-20-2026 22:00:10:500,127955,168953
142.03,09-20-2026 22:00:10:510,127987,168950
142.04,09-20-2026 22:00:10:520,127944,168925
142.05,09-20-2026 22:00:10:530,127974,168928
142.06,09-20-2026 22:00:10:540,127946,168927
142.07,09-20-2026 22:00:10:550,127988,168925
142.08,09-20-2026 22:00:10:560,127941,168919
142.09,09-20-2026 22:00:10:570,127971,168911
142.1,09-20-2026 22:00:10:580,127927,168928
142.11,09-20-2026 22:00:10:590,127957,168912
142.12,09-20-2026 22:00:10:600,127949,168911
142.13,09-20-2026 22:00:10:610,127964,168915
142.14,09-20-2026 22:00:10:620,127935,168911
142.15,09-20-2026 22:00:10:630,127976,168899
142.16,09-20-2026 22:00:10:640,127922,168917
142.17,09-20-2026 22:00:10:650,127987,168909
142.18,09-20-2026 22:00:10:660,127931,168922
142.19,09-20-2026 22:00:10:670,127951,168904
142.2,09-20-2026 22:00:10:680,127921,168932
142.21,09-20-2026 22:00:10:690,127952,168903
142.22,09-20-2026 22:00:10:700,127913,168902
142.23,09-20-2026 22:00:10:710,127956,168891
142.24,09-20-2026 22:00:10:720,127929,168891
142.25,09-20-2026 22:00:10:730,127937,168906
142.26,09-20-2026 22:00:10:740,127935,168904
142.27,09-20-2026 22:00:10:750,127950,168911
142.28,09-20-2026 22:00:10:760,127911,168888
142.29,09-20-2026 22:00:10:770,127926,168909
142.3,09-20-2026 22:00:10:780,127920,168885
142.31,09-20-2026 22:00:10:790,127918,168906
142.32,09-20-2026 22:00:10:800,127922,168899
142.33,09-20-2026 22:00:10:810,127904,168892
142.34,09-20-2026 22:00:10:820,127920,168881
142.35,09-20-2026 22:00:10:830,127923,168900
142.36,09-20-2026 22:00:10:840,127912,168889
142.37,09-20-2026 22:00:10:850,127924,168896
142.38,09-20-2026 22:00:10:860,127914,168896
142.39,09-20-2026 22:00:10:870,127911,168903
142.4,09-20-2026 22:00:10:880,127912,168893
142.41,09-20-2026 22:00:10:890,127900,168893
142.42,09-20-2026 22:00:10:900,127900,168885
142.43,09-20-2026 22:00:10:910,127910,168891
142.44,09-20-2026 22:00:10:920,127907,168888
142.45,09-20-2026 22:00:10:930,127924,168910
142.46,09-20-2026 22:00:10:940,127918,168911
142.47,09-20-2026 22:00:10:950,127934,168910
142.48,09-20-2026 22:00:10:960,127916,168875
142.49,09-20-2026 22:00:10:970,127916,168929
142.5,09-20-2026 22:00:10:980,127884,168878
142.51,09-20-2026 22:00:10:990,127902,168896
142.52,09-20-2026 22:00:11:000,127896,168868
142.53,09-20-2026 22:00:11:010,127909,168913
142.54,09-20-2026 22:00:11:020,127903,168879
142.55,09-20-2026 22:00:11:030,127913,168923
142.56,09-20-2026 22:00:11:040,127900,168881
142.57,09-20-2026 22:00:11:050,127901,168897
142.58,09-20-2026 22:00:11:060,127896,168872
142.59,09-20-2026 22:00:11:070,127907,168930
142.6,09-20-2026 22:00:11:080,127895,168872
142.61,09-20-2026 22:00:11:090,127908,168906
142.62,09-20-2026 22:00:11:100,127925,168885
142.63,09-20-2026 22:00:11:110,127903,168921
142.64,09-20-2026 22:00:11:120,127912,168877
142.65,09-20-2026 22:00:11:130,127907,168912
142.66,09-20-2026 22:00:11:140,127895,168856
142.67,09-20-2026 22:00:11:150,127911,168911
142.68,09-20-2026 22:00:11:160,127889,168886
142.69,09-20-2026 22:00:11:170,127896,168900
142.7,09-20-2026 22:00:11:180,127899,168871
142.71,09-20-2026 22:00:11:190,127903,168917
142.72,09-20-2026 22:00:11:200,127906,168888
142.73,09-20-2026 22:00:11:210,127902,168918
142.74,09-20-2026 22:00:11:220,127900,168850
142.75,09-20-2026 22:00:11:230,127883,168893
142.76,09-20-2026 22:00:11:240,127898,168859
142.77,09-20-2026 22:00:11:250,127898,168885
142.78,09-20-2026 22:00:11:260,127878,168840
142.79,09-20-2026 22:00:11:270,127908,168880
142.8,09-20-2026 22:00:11:280,127895,168835
142.81,09-20-2026 22:00:11:290,127885,168879
142.82,09-20-2026 22:00:11:300,127901,168805
142.83,09-20-2026 22:00:11:310,127886,168842
142.84,09-20-2026 22:00:11:320,127885,168815
142.85,09-20-2026 22:00:11:330,127873,168842
142.86,09-20-2026 22:00:11:340,127890,168830
142.87,09-20-2026 22:00:11:350,127890,168838
142.88,09-20-2026 22:00:11:360,127868,168814
142.89,09-20-2026 22:00:11:370,127887,168821
142.9,09-20-2026 22:00:11:380,127883,168819
142.91,09-20-2026 22:00:11:390,127867,168810
142.92,09-20-2026 22:00:11:400,127880,168814
142.93,09-20-2026 22:00:11:410,127887,168796
142.94,09-20-2026 22:00:11:420,127874,168782
142.95,09-20-2026 22:00:11:430,127862,168802
142.96,09-20-2026 22:00:11:440,127863,168806
142.97,09-20-2026 22:00:11:450,127864,168792
142.98,09-20-2026 22:00:11:460,127867,168805
142.99,09-20-2026 22:00:11:470,127860,168784
143,09-20-2026 22:00:11:480,127877,168784
143.01,09-20-2026 22:00:11:490,127856,168774
143.02,09-20-2026 22:00:11:500,127863,168781
143.03,09-20-2026 22:00:11:510,127877,168772
143.04,09-20-2026 22:00:11:520,127862,168778
143.05,09-20-2026 22:00:11:530,127848,168763
143.06,09-20-2026 22:00:11:540,127871,168795
143.07,09-20-2026 22:00:11:550,127843,168765
143.08,09-20-2026 22:00:11:560,127846,168782
143.09,09-20-2026 22:00:11:570,127862,168768
143.1,09-20-2026 22:00:11:580,127846,168780
143.11,09-20-2026 22:00:11:590,127848,168763
143.12,09-20-2026 22:00:11:600,127848,168782
143.13,09-20-2026 22:00:11:610,127857,168757
143.14,09-20-2026 22:00:11:620,127852,168808
143.15,09-20-2026 22:00:11:630,127850,168762
143.16,09-20-2026 22:00:11:640,127862,168791
143.17,09-20-2026 22:00:11:650,127854,168759
143.18,09-20-2026 22:00:11:660,127834,168789
143.19,09-20-2026 22:00:11:670,127844,168753
143.2,09-20-2026 22:00:11:680,127839,168773
143.21,09-20-2026 22:00:11:690,127833,168761
143.22,09-20-2026 22:00:11:700,127841,168776
143.23,09-20-2026 22:00:11:710,127855,168748
143.24,09-20-2026 22:00:11:720,127840,168777
143.25,09-20-2026 22:00:11:730,127847,168744
143.26,09-20-2026 22:00:11:740,127842,168745
143.27,09-20-2026 22:00:11:750,127827,168746
143.28,09-20-2026 22:00:11:760,127841,168767
143.29,09-20-2026 22:00:11:770,127842,168740
143.3,09-20-2026 22:00:11:780,127836,168750
143.31,09-20-2026 22:00:11:790,127826,168749
143.32,09-20-2026 22:00:11:800,127836,168751
143.33,09-20-2026 22:00:11:810,127835,168738
143.34,09-20-2026 22:00:11:820,127837,168763
143.35,09-20-2026 22:00:11:830,127825,168755
143.36,09-20-2026 22:00:11:840,127823,168735
143.37,09-20-2026 22:00:11:850,127830,168735
143.38,09-20-2026 22:00:11:860,127823,168730
143.39,09-20-2026 22:00:11:870,127806,168734
143.4,09-20-2026 22:00:11:880,127838,168738
143.41,09-20-2026 22:00:11:890,127828,168722
143.42,09-20-2026 22:00:11:900,127819,168749
143.43,09-20-2026 22:00:11:910,127830,168750
143.44,09-20-2026 22:00:11:920,127828,168717
143.45,09-20-2026 22:00:11:930,127824,168749
143.46,09-20-2026 22:00:11:940,127828,168741
143.47,09-20-2026 22:00:11:950,127834,168749
143.48,09-20-2026 22:00:11:960,127832,168746
143.49,09-20-2026 22:00:11:970,127816,168731
143.5,09-20-2026 22:00:11:980,127830,168760
143.51,09-20-2026 22:00:11:990,127834,168742
143.52,09-20-2026 22:00:12:000,127826,168728
143.53,09-20-2026 22:00:12:010,127829,168757
143.54,09-20-2026 22:00:12:020,127818,168726
143.55,09-20-2026 22:00:12:030,127835,168753
143.56,09-20-2026 22:00:12:040,127813,168738
143.57,09-20-2026 22:00:12:050,127832,168765
143.58,09-20-2026 22:00:12:060,127817,168747
143.59,09-20-2026 22:00:12:070,127821,168749
143.6,09-20-2026 22:00:12:080,127791,168751
143.61,09-20-2026 22:00:12:090,127833,168760
143.62,09-20-2026 22:00:12:100,127827,168757
143.63,09-20-2026 22:00:12:110,127825,168762
143.64,09-20-2026 22:00:12:120,127812,168767
143.65,09-20-2026 22:00:12:130,127817,168749
143.66,09-20-2026 22:00:12:140,127813,168781
143.67,09-20-2026 22:00:12:150,127807,168756
143.68,09-20-2026 22:00:12:160,127819,168743
143.69,09-20-2026 22:00:12:170,127807,168751
143.7,09-20-2026 22:00:12:180,127813,168749
143.71,09-20-2026 22:00:12:190,127806,168756
143.72,09-20-2026 22:00:12:200,127801,168774
143.73,09-20-2026 22:00:12:210,127830,168765
143.74,09-20-2026 22:00:12:220,127801,168751
143.75,09-20-2026 22:00:12:230,127809,168781
143.76,09-20-2026 22:00:12:240,127803,168773
143.77,09-20-2026 22:00:12:250,127812,168770
143.78,09-20-2026 22:00:12:260,127792,168774
143.79,09-20-2026 22:00:12:270,127805,168761
143.8,09-20-2026 22:00:12:280,127793,168762
143.81,09-20-2026 22:00:12:290,127811,168780
143.82,09-20-2026 22:00:12:300,127776,168770
143.83,09-20-2026 22:00:12:310,127813,168783
143.84,09-20-2026 22:00:12:320,127794,168795
143.85,09-20-2026 22:00:12:330,127815,168774
143.86,09-20-2026 22:00:12:340,127781,168778
143.87,09-20-2026 22:00:12:350,127809,168769
143.88,09-20-2026 22:00:12:360,127783,168785
143.89,09-20-2026 22:00:12:370,127822,168778
143.9,09-20-2026 22:00:12:380,127785,168788
143.91,09-20-2026 22:00:12:390,127826,168786
143.92,09-20-2026 22:00:12:400,127781,168795
143.93,09-20-2026 22:00:12:410,127820,168796
143.94,09-20-2026 22:00:12:420,127767,168795
143.95,09-20-2026 22:00:12:430,127821,168795
143.96,09-20-2026 22:00:12:440,127780,168776
143.97,09-20-2026 22:00:12:450,127820,168797
143.98,09-20-2026 22:00:12:460,127769,168795
143.99,09-20-2026 22:00:12:470,127822,168756
144,09-20-2026 22:00:12:480,127781,168756
144.01,09-20-2026 22:00:12:490,127793,168766
144.02,09-20-2026 22:00:12:500,127799,168746
144.03,09-20-2026 22:00:12:510,127815,168748
144.04,09-20-2026 22:00:12:520,127807,168745
144.05,09-20-2026 22:00:12:530,127821,168764
144.06,09-20-2026 22:00:12:540,127779,168750
144.07,09-20-2026 22:00:12:550,127803,168732
144.08,09-20-2026 22:00:12:560,127803,168728
144.09,09-20-2026 22:00:12:570,127809,168739
144.1,09-20-2026 22:00:12:580,127790,168717
144.11,09-20-2026 22:00:12:590,127829,168722
144.12,09-20-2026 22:00:12:600,127804,168734
144.13,09-20-2026 22:00:12:610,127817,168744
144.14,09-20-2026 22:00:12:620,127817,168711
144.15,09-20-2026 22:00:12:630,127796,168723
144.16,09-20-2026 22:00:12:640,127818,168700
144.17,09-20-2026 22:00:12:650,127798,168699
144.18,09-20-2026 22:00:12:660,127821,168690
144.19,09-20-2026 22:00:12:670,127810,168711
144.2,09-20-2026 22:00:12:680,127824,168685
144.21,09-20-2026 22:00:12:690,127797,168701
144.22,09-20-2026 22:00:12:700,127819,168718
144.23,09-20-2026 22:00:12:710,127790,168679
144.24,09-20-2026 22:00:12:720,127815,168690
144.25,09-20-2026 22:00:12:730,127792,168683
144.26,09-20-2026 22:00:12:740,127811,168702
144.27,09-20-2026 22:00:12:750,127799,168692
144.28,09-20-2026 22:00:12:760,127813,168704
144.29,09-20-2026 22:00:12:770,127804,168695
144.3,09-20-2026 22:00:12:780,127817,168692
144.31,09-20-2026 22:00:12:790,127798,168679
144.32,09-20-2026 22:00:12:800,127822,168684
144.33,09-20-2026 22:00:12:810,127796,168649
144.34,09-20-2026 22:00:12:820,127819,168687
144.35,09-20-2026 22:00:12:830,127788,168692
144.36,09-20-2026 22:00:12:840,127815,168665
144.37,09-20-2026 22:00:12:850,127800,168666
144.38,09-20-2026 22:00:12:860,127828,168667
144.39,09-20-2026 22:00:12:870,127812,168672
144.4,09-20-2026 22:00:12:880,127809,168678
144.41,09-20-2026 22:00:12:890,127804,168661
144.42,09-20-2026 22:00:12:900,127816,168665
144.43,09-20-2026 22:00:12:910,127792,168660
144.44,09-20-2026 22:00:12:920,127826,168681
144.45,09-20-2026 22:00:12:930,127776,168663
144.46,09-20-2026 22:00:12:940,127804,168670
144.47,09-20-2026 22:00:12:950,127795,168675
144.48,09-20-2026 22:00:12:960,127819,168656
144.49,09-20-2026 22:00:12:970,127789,168674
144.5,09-20-2026 22:00:12:980,127809,168667
144.51,09-20-2026 22:00:12:990,127775,168660
144.52,09-20-2026 22:00:13:000,127811,168669
144.53,09-20-2026 22:00:13:010,127774,168669
144.54,09-20-2026 22:00:13:020,127782,168683
144.55,09-20-2026 22:00:13:030,127782,168666
144.56,09-20-2026 22:00:13:040,127815,168662
144.57,09-20-2026 22:00:13:050,127779,168638
144.58,09-20-2026 22:00:13:060,127778,168668
144.59,09-20-2026 22:00:13:070,127775,168669
144.6,09-20-2026 22:00:13:080,127770,168656
144.61,09-20-2026 22:00:13:090,127789,168663
144.62,09-20-2026 22:00:13:100,127761,168672
144.63,09-20-2026 22:00:13:110,127767,168667
144.64,09-20-2026 22:00:13:120,127782,168678
144.65,09-20-2026 22:00:13:130,127774,168655
144.66,09-20-2026 22:00:13:140,127774,168665
144.67,09-20-2026 22:00:13:150,127767,168659
144.68,09-20-2026 22:00:13:160,127768,168667
144.69,09-20-2026 22:00:13:170,127771,168664
144.7,09-20-2026 22:00:13:180,127771,168664
144.71,09-20-2026 22:00:13:190,127769,168662
144.72,09-20-2026 22:00:13:200,127775,168679
144.73,09-20-2026 22:00:13:210,127776,168688
144.74,09-20-2026 22:00:13:220,127786,168652
144.75,09-20-2026 22:00:13:230,127779,168685
144.76,09-20-2026 22:00:13:240,127774,168656
144.77,09-20-2026 22:00:13:250,127778,168687
144.78,09-20-2026 22:00:13:260,127762,168651
144.79,09-20-2026 22:00:13:270,127772,168697
144.8,09-20-2026 22:00:13:280,127777,168638
144.81,09-20-2026 22:00:13:290,127776,168672
144.82,09-20-2026 22:00:13:300,127774,168646
144.83,09-20-2026 22:00:13:310,127770,168683
144.84,09-20-2026 22:00:13:320,127774,168666
144.85,09-20-2026 22:00:13:330,127780,168686
144.86,09-20-2026 22:00:13:340,127760,168658
144.87,09-20-2026 22:00:13:350,127772,168698
144.88,09-20-2026 22:00:13:360,127762,168662
144.89,09-20-2026 22:00:13:370,127768,168690
144.9,09-20-2026 22:00:13:380,127778,168645
144.91,09-20-2026 22:00:13:390,127770,168700
144.92,09-20-2026 22:00:13:400,127773,168634
144.93,09-20-2026 22:00:13:410,127781,168708
144.94,09-20-2026 22:00:13:420,127778,168653
144.95,09-20-2026 22:00:13:430,127773,168721
144.96,09-20-2026 22:00:13:440,127763,168673
144.97,09-20-2026 22:00:13:450,127783,168722
144.98,09-20-2026 22:00:13:460,127789,168652
144.99,09-20-2026 22:00:13:470,127770,168719
145,09-20-2026 22:00:13:480,127760,168678
145.01,09-20-2026 22:00:13:490,127773,168717
145.02,09-20-2026 22:00:13:500,127777,168700
145.03,09-20-2026 22:00:13:510,127786,168727
145.04,09-20-2026 22:00:13:520,127784,168668
145.05,09-20-2026 22:00:13:530,127770,168719
145.06,09-20-2026 22:00:13:540,127777,168675
145.07,09-20-2026 22:00:13:550,127783,168719
145.08,09-20-2026 22:00:13:560,127769,168681
145.09,09-20-2026 22:00:13:570,127773,168719
145.1,09-20-2026 22:00:13:580,127785,168722
145.11,09-20-2026 22:00:13:590,127780,168724
145.12,09-20-2026 22:00:13:600,127764,168715
145.13,09-20-2026 22:00:13:610,127781,168705
145.14,09-20-2026 22:00:13:620,127788,168723
145.15,09-20-2026 22:00:13:630,127766,168714
145.16,09-20-2026 22:00:13:640,127762,168716
145.17,09-20-2026 22:00:13:650,127760,168687
145.18,09-20-2026 22:00:13:660,127771,168713
145.19,09-20-2026 22:00:13:670,127764,168691
145.2,09-20-2026 22:00:13:680,127781,168700
145.21,09-20-2026 22:00:13:690,127786,168682
145.22,09-20-2026 22:00:13:700,127768,168700
145.23,09-20-2026 22:00:13:710,127771,168667
145.24,09-20-2026 22:00:13:720,127777,168683
145.25,09-20-2026 22:00:13:730,127764,168678
145.26,09-20-2026 22:00:13:740,127770,168687
145.27,09-20-2026 22:00:13:750,127766,168661
145.28,09-20-2026 22:00:13:760,127772,168681
145.29,09-20-2026 22:00:13:770,127761,168654
145.3,09-20-2026 22:00:13:780,127780,168680
145.31,09-20-2026 22:00:13:790,127758,168638
145.32,09-20-2026 22:00:13:800,127776,168683
145.33,09-20-2026 22:00:13:810,127754,168635
145.34,09-20-2026 22:00:13:820,127766,168691
145.35,09-20-2026 22:00:13:830,127751,168634
145.36,09-20-2026 22:00:13:840,127746,168666
145.37,09-20-2026 22:00:13:850,127764,168624
145.38,09-20-2026 22:00:13:860,127757,168682
145.39,09-20-2026 22:00:13:870,127762,168637
145.4,09-20-2026 22:00:13:880,127746,168654
145.41,09-20-2026 22:00:13:890,127753,168617
145.42,09-20-2026 22:00:13:900,127758,168651
145.43,09-20-2026 22:00:13:910,127767,168614
145.44,09-20-2026 22:00:13:920,127758,168642
145.45,09-20-2026 22:00:13:930,127747,168635
145.46,09-20-2026 22:00:13:940,127768,168649
145.47,09-20-2026 22:00:13:950,127767,168615
145.48,09-20-2026 22:00:13:960,127742,168638
145.49,09-20-2026 22:00:13:970,127762,168609
145.5,09-20-2026 22:00:13:980,127762,168636
145.51,09-20-2026 22:00:13:990,127753,168633
145.52,09-20-2026 22:00:14:000,127742,168640
145.53,09-20-2026 22:00:14:010,127761,168615
145.54,09-20-2026 22:00:14:020,127752,168645
145.55,09-20-2026 22:00:14:030,127748,168624
145.56,09-20-2026 22:00:14:040,127741,168608
145.57,09-20-2026 22:00:14:050,127759,168626
145.58,09-20-2026 22:00:14:060,127754,168601
145.59,09-20-2026 22:00:14:070,127767,168616
145.6,09-20-2026 22:00:14:080,127734,168614
145.61,09-20-2026 22:00:14:090,127739,168627
145.62,09-20-2026 22:00:14:100,127765,168618
145.63,09-20-2026 22:00:14:110,127760,168608
145.64,09-20-2026 22:00:14:120,127743,168617
145.65,09-20-2026 22:00:14:130,127748,168618
145.66,09-20-2026 22:00:14:140,127743,168633
145.67,09-20-2026 22:00:14:150,127746,168622
145.68,09-20-2026 22:00:14:160,127730,168609
145.69,09-20-2026 22:00:14:170,127738,168605
145.7,09-20-2026 22:00:14:180,127745,168628
145.71,09-20-2026 22:00:14:190,127750,168639
145.72,09-20-2026 22:00:14:200,127730,168620
145.73,09-20-2026 22:00:14:210,127728,168613
145.74,09-20-2026 22:00:14:220,127744,168627
145.75,09-20-2026 22:00:14:230,127748,168605
145.76,09-20-2026 22:00:14:240,127730,168630
145.77,09-20-2026 22:00:14:250,127731,168621
145.78,09-20-2026 22:00:14:260,127738,168613
145.79,09-20-2026 22:00:14:270,127748,168633
145.8,09-20-2026 22:00:14:280,127730,168622
145.81,09-20-2026 22:00:14:290,127742,168629
145.82,09-20-2026 22:00:14:300,127738,168627
145.83,09-20-2026 22:00:14:310,127743,168618
145.84,09-20-2026 22:00:14:320,127734,168649
145.85,09-20-2026 22:00:14:330,127725,168629
145.86,09-20-2026 22:00:14:340,127727,168639
145.87,09-20-2026 22:00:14:350,127739,168640
145.88,09-20-2026 22:00:14:360,127734,168638
145.89,09-20-2026 22:00:14:370,127744,168629
145.9,09-20-2026 22:00:14:380,127706,168642
145.91,09-20-2026 22:00:14:390,127746,168643
145.92,09-20-2026 22:00:14:400,127745,168652
145.93,09-20-2026 22:00:14:410,127761,168651
145.94,09-20-2026 22:00:14:420,127715,168643
145.95,09-20-2026 22:00:14:430,127731,168648
145.96,09-20-2026 22:00:14:440,127720,168651
145.97,09-20-2026 22:00:14:450,127751,168656
145.98,09-20-2026 22:00:14:460,127728,168636
145.99,09-20-2026 22:00:14:470,127747,168645
146,09-20-2026 22:00:14:480,127718,168645
146.01,09-20-2026 22:00:14:490,127728,168652
146.02,09-20-2026 22:00:14:500,127704,168653
146.03,09-20-2026 22:00:14:510,127738,168656
146.04,09-20-2026 22:00:14:520,127694,168647
146.05,09-20-2026 22:00:14:530,127739,168667
146.06,09-20-2026 22:00:14:540,127704,168661
146.07,09-20-2026 22:00:14:550,127733,168667
146.08,09-20-2026 22:00:14:560,127696,168663
146.09,09-20-2026 22:00:14:570,127724,168657
146.1,09-20-2026 22:00:14:580,127697,168669
146.11,09-20-2026 22:00:14:590,127732,168662
146.12,09-20-2026 22:00:14:600,127710,168678
146.13,09-20-2026 22:00:14:610,127735,168669
146.14,09-20-2026 22:00:14:620,127690,168683
146.15,09-20-2026 22:00:14:630,127745,168676
146.16,09-20-2026 22:00:14:640,127693,168683
146.17,09-20-2026 22:00:14:650,127732,168685
146.18,09-20-2026 22:00:14:660,127677,168677
146.19,09-20-2026 22:00:14:670,127739,168688
146.2,09-20-2026 22:00:14:680,127696,168702
146.21,09-20-2026 22:00:14:690,127746,168684
146.22,09-20-2026 22:00:14:700,127702,168685
146.23,09-20-2026 22:00:14:710,127748,168677
146.24,09-20-2026 22:00:14:720,127720,168681
146.25,09-20-2026 22:00:14:730,127740,168673
146.26,09-20-2026 22:00:14:740,127707,168660
146.27,09-20-2026 22:00:14:750,127737,168658
146.28,09-20-2026 22:00:14:760,127715,168657
146.29,09-20-2026 22:00:14:770,127731,168662
146.3,09-20-2026 22:00:14:780,127713,168653
146.31,09-20-2026 22:00:14:790,127741,168653
146.32,09-20-2026 22:00:14:800,127728,168637
146.33,09-20-2026 22:00:14:810,127740,168651
146.34,09-20-2026 22:00:14:820,127710,168652
146.35,09-20-2026 22:00:14:830,127736,168639
146.36,09-20-2026 22:00:14:840,127727,168650
146.37,09-20-2026 22:00:14:850,127730,168641
146.38,09-20-2026 22:00:14:860,127742,168620
146.39,09-20-2026 22:00:14:870,127735,168619
146.4,09-20-2026 22:00:14:880,127743,168618
146.41,09-20-2026 22:00:14:890,127736,168637
146.42,09-20-2026 22:00:14:900,127747,168613
146.43,09-20-2026 22:00:14:910,127735,168608
146.44,09-20-2026 22:00:14:920,127748,168602
146.45,09-20-2026 22:00:14:930,127734,168613
146.46,09-20-2026 22:00:14:940,127739,168609
146.47,09-20-2026 22:00:14:950,127728,168624
146.48,09-20-2026 22:00:14:960,127755,168606
146.49,09-20-2026 22:00:14:970,127737,168619
146.5,09-20-2026 22:00:14:980,127737,168599
146.51,09-20-2026 22:00:14:990,127730,168614
146.52,09-20-2026 22:00:15:000,127768,168617
146.53,09-20-2026 22:00:15:010,127730,168596
146.54,09-20-2026 22:00:15:020,127753,168596
146.55,09-20-2026 22:00:15:030,127735,168601
146.56,09-20-2026 22:00:15:040,127750,168596
146.57,09-20-2026 22:00:15:050,127737,168577
146.58,09-20-2026 22:00:15:060,127752,168591
146.59,09-20-2026 22:00:15:070,127697,168595
146.6,09-20-2026 22:00:15:080,127753,168609
146.61,09-20-2026 22:00:15:090,127714,168594
146.62,09-20-2026 22:00:15:100,127753,168599
146.63,09-20-2026 22:00:15:110,127723,168596
146.64,09-20-2026 22:00:15:120,127750,168599
146.65,09-20-2026 22:00:15:130,127730,168594
146.66,09-20-2026 22:00:15:140,127784,168590
146.67,09-20-2026 22:00:15:150,127710,168596
146.68,09-20-2026 22:00:15:160,127773,168588
146.69,09-20-2026 22:00:15:170,127718,168599
146.7,09-20-2026 22:00:15:180,127763,168589
146.71,09-20-2026 22:00:15:190,127720,168596
146.72,09-20-2026 22:00:15:200,127741,168582
146.73,09-20-2026 22:00:15:210,127692,168607
146.74,09-20-2026 22:00:15:220,127758,168590
146.75,09-20-2026 22:00:15:230,127723,168589
146.76,09-20-2026 22:00:15:240,127729,168602
146.77,09-20-2026 22:00:15:250,127719,168602
146.78,09-20-2026 22:00:15:260,127741,168591
146.79,09-20-2026 22:00:15:270,127711,168592
146.8,09-20-2026 22:00:15:280,127722,168594
146.81,09-20-2026 22:00:15:290,127714,168592
146.82,09-20-2026 22:00:15:300,127735,168605
146.83,09-20-2026 22:00:15:310,127713,168596
146.84,09-20-2026 22:00:15:320,127715,168603
146.85,09-20-2026 22:00:15:330,127708,168594
146.86,09-20-2026 22:00:15:340,127706,168587
146.87,09-20-2026 22:00:15:350,127715,168591
146.88,09-20-2026 22:00:15:360,127709,168599
146.89,09-20-2026 22:00:15:370,127721,168582
146.9,09-20-2026 22:00:15:380,127705,168600
146.91,09-20-2026 22:00:15:390,127715,168597
146.92,09-20-2026 22:00:15:400,127707,168615
146.93,09-20-2026 22:00:15:410,127702,168609
146.94,09-20-2026 22:00:15:420,127725,168626
146.95,09-20-2026 22:00:15:430,127712,168602
146.96,09-20-2026 22:00:15:440,127707,168597
146.97,09-20-2026 22:00:15:450,127713,168591
146.98,09-20-2026 22:00:15:460,127712,168615
146.99,09-20-2026 22:00:15:470,127710,168578
147,09-20-2026 22:00:15:480,127706,168616
147.01,09-20-2026 22:00:15:490,127709,168589
147.02,09-20-2026 22:00:15:500,127723,168618
147.03,09-20-2026 22:00:15:510,127713,168580
147.04,09-20-2026 22:00:15:520,127717,168631
147.05,09-20-2026 22:00:15:530,127728,168609
147.06,09-20-2026 22:00:15:540,127700,168612
147.07,09-20-2026 22:00:15:550,127703,168576
147.08,09-20-2026 22:00:15:560,127708,168623
147.09,09-20-2026 22:00:15:570,127706,168595
147.1,09-20-2026 22:00:15:580,127716,168622
147.11,09-20-2026 22:00:15:590,127716,168606
147.12,09-20-2026 22:00:15:600,127715,168647
147.13,09-20-2026 22:00:15:610,127707,168600
147.14,09-20-2026 22:00:15:620,127722,168622
147.15,09-20-2026 22:00:15:630,127711,168591
147.16,09-20-2026 22:00:15:640,127702,168642
147.17,09-20-2026 22:00:15:650,127706,168596
147.18,09-20-2026 22:00:15:660,127707,168634
147.19,09-20-2026 22:00:15:670,127713,168603
147.2,09-20-2026 22:00:15:680,127703,168631
147.21,09-20-2026 22:00:15:690,127718,168593
147.22,09-20-2026 22:00:15:700,127727,168632
147.23,09-20-2026 22:00:15:710,127713,168587
147.24,09-20-2026 22:00:15:720,127729,168628
147.25,09-20-2026 22:00:15:730,127713,168595
147.26,09-20-2026 22:00:15:740,127715,168624
147.27,09-20-2026 22:00:15:750,127733,168592
147.28,09-20-2026 22:00:15:760,127713,168614
147.29,09-20-2026 22:00:15:770,127724,168599
147.3,09-20-2026 22:00:15:780,127713,168611
147.31,09-20-2026 22:00:15:790,127714,168576
147.32,09-20-2026 22:00:15:800,127711,168602
147.33,09-20-2026 22:00:15:810,127718,168567
147.34,09-20-2026 22:00:15:820,127720,168590
147.35,09-20-2026 22:00:15:830,127730,168557
147.36,09-20-2026 22:00:15:840,127719,168590
147.37,09-20-2026 22:00:15:850,127716,168556
147.38,09-20-2026 22:00:15:860,127706,168581
147.39,09-20-2026 22:00:15:870,127717,168569
147.4,09-20-2026 22:00:15:880,127716,168563
147.41,09-20-2026 22:00:15:890,127702,168580
147.42,09-20-2026 22:00:15:900,127715,168582
147.43,09-20-2026 22:00:15:910,127731,168592
147.44,09-20-2026 22:00:15:920,127707,168571
147.45,09-20-2026 22:00:15:930,127710,168556
147.46,09-20-2026 22:00:15:940,127719,168545
147.47,09-20-2026 22:00:15:950,127703,168564
147.48,09-20-2026 22:00:15:960,127705,168573
147.49,09-20-2026 22:00:15:970,127702,168587
147.5,09-20-2026 22:00:15:980,127701,168579
147.51,09-20-2026 22:00:15:990,127692,168567
147.52,09-20-2026 22:00:16:000,127704,168554
147.53,09-20-2026 22:00:16:010,127702,168580
147.54,09-20-2026 22:00:16:020,127682,168558
147.55,09-20-2026 22:00:16:030,127690,168572
147.56,09-20-2026 22:00:16:040,127712,168552
147.57,09-20-2026 22:00:16:050,127695,168569
147.58,09-20-2026 22:00:16:060,127696,168551
147.59,09-20-2026 22:00:16:070,127703,168566
147.6,09-20-2026 22:00:16:080,127716,168546
147.61,09-20-2026 22:00:16:090,127696,168580
147.62,09-20-2026 22:00:16:100,127717,168558
147.63,09-20-2026 22:00:16:110,127716,168590
147.64,09-20-2026 22:00:16:120,127705,168555
147.65,09-20-2026 22:00:16:130,127704,168592
147.66,09-20-2026 22:00:16:140,127697,168555
147.67,09-20-2026 22:00:16:150,127703,168594
147.68,09-20-2026 22:00:16:160,127689,168538
147.69,09-20-2026 22:00:16:170,127705,168575
147.7,09-20-2026 22:00:16:180,127703,168561
147.71,09-20-2026 22:00:16:190,127708,168594
147.72,09-20-2026 22:00:16:200,127702,168520
147.73,09-20-2026 22:00:16:210,127695,168581
147.74,09-20-2026 22:00:16:220,127697,168564
147.75,09-20-2026 22:00:16:230,127704,168556
147.76,09-20-2026 22:00:16:240,127699,168541
147.77,09-20-2026 22:00:16:250,127701,168565
147.78,09-20-2026 22:00:16:260,127704,168557
147.79,09-20-2026 22:00:16:270,127712,168591
147.8,09-20-2026 22:00:16:280,127710,168561
147.81,09-20-2026 22:00:16:290,127699,168578
147.82,09-20-2026 22:00:16:300,127690,168548
147.83,09-20-2026 22:00:16:310,127699,168579
147.84,09-20-2026 22:00:16:320,127696,168565
147.85,09-20-2026 22:00:16:330,127683,168565
147.86,09-20-2026 22:00:16:340,127695,168563
147.87,09-20-2026 22:00:16:350,127685,168573
147.88,09-20-2026 22:00:16:360,127704,168552
147.89,09-20-2026 22:00:16:370,127697,168562
147.9,09-20-2026 22:00:16:380,127702,168579
147.91,09-20-2026 22:00:16:390,127688,168562
147.92,09-20-2026 22:00:16:400,127696,168570
147.93,09-20-2026 22:00:16:410,127685,168575
147.94,09-20-2026 22:00:16:420,127701,168568
147.95,09-20-2026 22:00:16:430,127693,168575
147.96,09-20-2026 22:00:16:440,127698,168581
147.97,09-20-2026 22:00:16:450,127700,168598
147.98,09-20-2026 22:00:16:460,127695,168579
147.99,09-20-2026 22:00:16:470,127701,168585
148,09-20-2026 22:00:16:480,127697,168581
148.01,09-20-2026 22:00:16:490,127697,168583
148.02,09-20-2026 22:00:16:500,127702,168585
148.03,09-20-2026 22:00:16:510,127688,168586
148.04,09-20-2026 22:00:16:520,127709,168595
148.05,09-20-2026 22:00:16:530,127708,168600
148.06,09-20-2026 22:00:16:540,127685,168594
148.07,09-20-2026 22:00:16:550,127713,168566
148.08,09-20-2026 22:00:16:560,127695,168580
148.09,09-20-2026 22:00:16:570,127704,168605
148.1,09-20-2026 22:00:16:580,127699,168598
148.11,09-20-2026 22:00:16:590,127700,168585
148.12,09-20-2026 22:00:16:600,127712,168607
148.13,09-20-2026 22:00:16:610,127693,168595
148.14,09-20-2026 22:00:16:620,127697,168590
148.15,09-20-2026 22:00:16:630,127676,168577
148.16,09-20-2026 22:00:16:640,127688,168588
148.17,09-20-2026 22:00:16:650,127698,168571
148.18,09-20-2026 22:00:16:660,127693,168575
148.19,09-20-2026 22:00:16:670,127696,168571
148.2,09-20-2026 22:00:16:680,127698,168590
148.21,09-20-2026 22:00:16:690,127689,168573
148.22,09-20-2026 22:00:16:700,127700,168556
148.23,09-20-2026 22:00:16:710,127674,168566
148.24,09-20-2026 22:00:16:720,127702,168547
148.25,09-20-2026 22:00:16:730,127696,168544
148.26,09-20-2026 22:00:16:740,127685,168542
148.27,09-20-2026 22:00:16:750,127673,168537
148.28,09-20-2026 22:00:16:760,127675,168543
148.29,09-20-2026 22:00:16:770,127662,168540
148.3,09-20-2026 22:00:16:780,127690,168528
148.31,09-20-2026 22:00:16:790,127665,168520
148.32,09-20-2026 22:00:16:800,127677,168518
148.33,09-20-2026 22:00:16:810,127654,168519
148.34,09-20-2026 22:00:16:820,127682,168523
148.35,09-20-2026 22:00:16:830,127665,168509
148.36,09-20-2026 22:00:16:840,127683,168511
148.37,09-20-2026 22:00:16:850,127662,168523
148.38,09-20-2026 22:00:16:860,127696,168507
148.39,09-20-2026 22:00:16:870,127661,168504
148.4,09-20-2026 22:00:16:880,127688,168515
148.41,09-20-2026 22:00:16:890,127647,168500
148.42,09-20-2026 22:00:16:900,127683,168487
148.43,09-20-2026 22:00:16:910,127643,168499
148.44,09-20-2026 22:00:16:920,127669,168503
148.45,09-20-2026 22:00:16:930,127638,168508
148.46,09-20-2026 22:00:16:940,127681,168500
148.47,09-20-2026 22:00:16:950,127614,168495
148.48,09-20-2026 22:00:16:960,127687,168508
148.49,09-20-2026 22:00:16:970,127643,168491
148.5,09-20-2026 22:00:16:980,127676,168499
148.51,09-20-2026 22:00:16:990,127608,168501
148.52,09-20-2026 22:00:17:000,127679,168500
148.53,09-20-2026 22:00:17:010,127645,168505
148.54,09-20-2026 22:00:17:020,127666,168491
148.55,09-20-2026 22:00:17:030,127633,168476
148.56,09-20-2026 22:00:17:040,127653,168467
148.57,09-20-2026 22:00:17:050,127663,168492
148.58,09-20-2026 22:00:17:060,127672,168484
148.59,09-20-2026 22:00:17:070,127631,168481
148.6,09-20-2026 22:00:17:080,127661,168491
148.61,09-20-2026 22:00:17:090,127624,168474
148.62,09-20-2026 22:00:17:100,127657,168493
148.63,09-20-2026 22:00:17:110,127656,168500
148.64,09-20-2026 22:00:17:120,127659,168483
148.65,09-20-2026 22:00:17:130,127636,168495
148.66,09-20-2026 22:00:17:140,127661,168489
148.67,09-20-2026 22:00:17:150,127641,168482
148.68,09-20-2026 22:00:17:160,127663,168493
148.69,09-20-2026 22:00:17:170,127662,168487
148.7,09-20-2026 22:00:17:180,127665,168508
148.71,09-20-2026 22:00:17:190,127688,168470
148.72,09-20-2026 22:00:17:200,127665,168490
148.73,09-20-2026 22:00:17:210,127677,168514
148.74,09-20-2026 22:00:17:220,127666,168508
148.75,09-20-2026 22:00:17:230,127664,168499
148.76,09-20-2026 22:00:17:240,127665,168495
148.77,09-20-2026 22:00:17:250,127699,168517
148.78,09-20-2026 22:00:17:260,127674,168496
148.79,09-20-2026 22:00:17:270,127691,168502
148.8,09-20-2026 22:00:17:280,127674,168491
148.81,09-20-2026 22:00:17:290,127688,168518
148.82,09-20-2026 22:00:17:300,127646,168490
148.83,09-20-2026 22:00:17:310,127681,168508
148.84,09-20-2026 22:00:17:320,127658,168507
148.85,09-20-2026 22:00:17:330,127684,168501
148.86,09-20-2026 22:00:17:340,127661,168499
148.87,09-20-2026 22:00:17:350,127698,168499
148.88,09-20-2026 22:00:17:360,127648,168511
148.89,09-20-2026 22:00:17:370,127687,168502
148.9,09-20-2026 22:00:17:380,127670,168509
148.91,09-20-2026 22:00:17:390,127684,168505
148.92,09-20-2026 22:00:17:400,127652,168503
148.93,09-20-2026 22:00:17:410,127698,168507
148.94,09-20-2026 22:00:17:420,127671,168516
148.95,09-20-2026 22:00:17:430,127674,168505
148.96,09-20-2026 22:00:17:440,127662,168524
148.97,09-20-2026 22:00:17:450,127707,168512
148.98,09-20-2026 22:00:17:460,127676,168518
148.99,09-20-2026 22:00:17:470,127707,168533
149,09-20-2026 22:00:17:480,127653,168518
149.01,09-20-2026 22:00:17:490,127698,168519
149.02,09-20-2026 22:00:17:500,127673,168526
149.03,09-20-2026 22:00:17:510,127712,168538
149.04,09-20-2026 22:00:17:520,127669,168526
149.05,09-20-2026 22:00:17:530,127694,168515
149.06,09-20-2026 22:00:17:540,127680,168512
149.07,09-20-2026 22:00:17:550,127703,168508
149.08,09-20-2026 22:00:17:560,127673,168519
149.09,09-20-2026 22:00:17:570,127688,168517
149.1,09-20-2026 22:00:17:580,127657,168484
149.11,09-20-2026 22:00:17:590,127687,168490
149.12,09-20-2026 22:00:17:600,127658,168487
149.13,09-20-2026 22:00:17:610,127675,168471
149.14,09-20-2026 22:00:17:620,127654,168489
149.15,09-20-2026 22:00:17:630,127683,168481
149.16,09-20-2026 22:00:17:640,127668,168488
149.17,09-20-2026 22:00:17:650,127666,168464
149.18,09-20-2026 22:00:17:660,127669,168473
149.19,09-20-2026 22:00:17:670,127693,168474
149.2,09-20-2026 22:00:17:680,127655,168467
149.21,09-20-2026 22:00:17:690,127647,168462
149.22,09-20-2026 22:00:17:700,127652,168449
149.23,09-20-2026 22:00:17:710,127656,168468
149.24,09-20-2026 22:00:17:720,127652,168446
149.25,09-20-2026 22:00:17:730,127654,168457
149.26,09-20-2026 22:00:17:740,127656,168439
149.27,09-20-2026 22:00:17:750,127658,168439
149.28,09-20-2026 22:00:17:760,127638,168431
149.29,09-20-2026 22:00:17:770,127653,168430
149.3,09-20-2026 22:00:17:780,127649,168414
149.31,09-20-2026 22:00:17:790,127653,168453
149.32,09-20-2026 22:00:17:800,127646,168423
149.33,09-20-2026 22:00:17:810,127641,168433
149.34,09-20-2026 22:00:17:820,127663,168418
149.35,09-20-2026 22:00:17:830,127645,168436
149.36,09-20-2026 22:00:17:840,127652,168423
149.37,09-20-2026 22:00:17:850,127647,168433
149.38,09-20-2026 22:00:17:860,127652,168392
149.39,09-20-2026 22:00:17:870,127652,168434
149.4,09-20-2026 22:00:17:880,127641,168378
149.41,09-20-2026 22:00:17:890,127639,168408
149.42,09-20-2026 22:00:17:900,127643,168366
149.43,09-20-2026 22:00:17:910,127634,168422
149.44,09-20-2026 22:00:17:920,127657,168392
149.45,09-20-2026 22:00:17:930,127634,168421
149.46,09-20-2026 22:00:17:940,127628,168388
149.47,09-20-2026 22:00:17:950,127639,168419
149.48,09-20-2026 22:00:17:960,127625,168370
149.49,09-20-2026 22:00:17:970,127645,168419
149.5,09-20-2026 22:00:17:980,127649,168370
149.51,09-20-2026 22:00:17:990,127631,168420
149.52,09-20-2026 22:00:18:000,127636,168384
149.53,09-20-2026 22:00:18:010,127654,168412
149.54,09-20-2026 22:00:18:020,127637,168366
149.55,09-20-2026 22:00:18:030,127641,168420
149.56,09-20-2026 22:00:18:040,127648,168349
149.57,09-20-2026 22:00:18:050,127634,168414
149.58,09-20-2026 22:00:18:060,127649,168366
149.59,09-20-2026 22:00:18:070,127641,168433
149.6,09-20-2026 22:00:18:080,127640,168362
149.61,09-20-2026 22:00:18:090,127625,168426
149.62,09-20-2026 22:00:18:100,127637,168358
149.63,09-20-2026 22:00:18:110,127635,168424
149.64,09-20-2026 22:00:18:120,127622,168367
149.65,09-20-2026 22:00:18:130,127634,168417
149.66,09-20-2026 22:00:18:140,127645,168390
149.67,09-20-2026 22:00:18:150,127647,168410
149.68,09-20-2026 22:00:18:160,127637,168390
149.69,09-20-2026 22:00:18:170,127637,168421
149.7,09-20-2026 22:00:18:180,127644,168404
149.71,09-20-2026 22:00:18:190,127635,168438
149.72,09-20-2026 22:00:18:200,127636,168387
149.73,09-20-2026 22:00:18:210,127618,168409
149.74,09-20-2026 22:00:18:220,127633,168404
149.75,09-20-2026 22:00:18:230,127628,168430
149.76,09-20-2026 22:00:18:240,127638,168409
149.77,09-20-2026 22:00:18:250,127636,168424
149.78,09-20-2026 22:00:18:260,127643,168443
149.79,09-20-2026 22:00:18:270,127634,168431
149.8,09-20-2026 22:00:18:280,127631,168433
149.81,09-20-2026 22:00:18:290,127619,168450
149.82,09-20-2026 22:00:18:300,127640,168445
149.83,09-20-2026 22:00:18:310,127640,168448
149.84,09-20-2026 22:00:18:320,127636,168451
149.85,09-20-2026 22:00:18:330,127632,168433
149.86,09-20-2026 22:00:18:340,127636,168468
149.87,09-20-2026 22:00:18:350,127624,168451
149.88,09-20-2026 22:00:18:360,127627,168467
149.89,09-20-2026 22:00:18:370,127624,168436
149.9,09-20-2026 22:00:18:380,127644,168447
149.91,09-20-2026 22:00:18:390,127634,168444
149.92,09-20-2026 22:00:18:400,127634,168445
149.93,09-20-2026 22:00:18:410,127640,168420
149.94,09-20-2026 22:00:18:420,127633,168431
149.95,09-20-2026 22:00:18:430,127639,168418
149.96,09-20-2026 22:00:18:440,127624,168430
149.97,09-20-2026 22:00:18:450,127638,168404
149.98,09-20-2026 22:00:18:460,127627,168421
149.99,09-20-2026 22:00:18:470,127628,168389
150,09-20-2026 22:00:18:480,127631,168420
150.01,09-20-2026 22:00:18:490,127621,168395
150.02,09-20-2026 22:00:18:500,127631,168438
150.03,09-20-2026 22:00:18:510,127634,168379
150.04,09-20-2026 22:00:18:520,127637,168415
150.05,09-20-2026 22:00:18:530,127624,168389
150.06,09-20-2026 22:00:18:540,127630,168404
150.07,09-20-2026 22:00:18:550,127632,168381
150.08,09-20-2026 22:00:18:560,127609,168397
150.09,09-20-2026 22:00:18:570,127637,168369
150.1,09-20-2026 22:00:18:580,127619,168399
150.11,09-20-2026 22:00:18:590,127627,168351
150.12,09-20-2026 22:00:18:600,127618,168371
150.13,09-20-2026 22:00:18:610,127610,168339
150.14,09-20-2026 22:00:18:620,127602,168367
150.15,09-20-2026 22:00:18:630,127610,168351
150.16,09-20-2026 22:00:18:640,127624,168359
150.17,09-20-2026 22:00:18:650,127625,168335
150.18,09-20-2026 22:00:18:660,127600,168371
150.19,09-20-2026 22:00:18:670,127608,168346
150.2,09-20-2026 22:00:18:680,127609,168370
150.21,09-20-2026 22:00:18:690,127600,168330
150.22,09-20-2026 22:00:18:700,127615,168364
150.23,09-20-2026 22:00:18:710,127620,168342
150.24,09-20-2026 22:00:18:720,127610,168355
150.25,09-20-2026 22:00:18:730,127605,168348
150.26,09-20-2026 22:00:18:740,127610,168319
150.27,09-20-2026 22:00:18:750,127624,168337
150.28,09-20-2026 22:00:18:760,127606,168305
150.29,09-20-2026 22:00:18:770,127610,168313
150.3,09-20-2026 22:00:18:780,127602,168326
150.31,09-20-2026 22:00:18:790,127598,168329
150.32,09-20-2026 22:00:18:800,127608,168319
150.33,09-20-2026 22:00:18:810,127603,168327
150.34,09-20-2026 22:00:18:820,127601,168343
150.35,09-20-2026 22:00:18:830,127608,168337
150.36,09-20-2026 22:00:18:840,127598,168336
150.37,09-20-2026 22:00:18:850,127614,168330
150.38,09-20-2026 22:00:18:860,127604,168327
150.39,09-20-2026 22:00:18:870,127594,168331
150.4,09-20-2026 22:00:18:880,127608,168350
150.41,09-20-2026 22:00:18:890,127583,168331
150.42,09-20-2026 22:00:18:900,127604,168341
150.43,09-20-2026 22:00:18:910,127601,168330
150.44,09-20-2026 22:00:18:920,127592,168343
150.45,09-20-2026 22:00:18:930,127619,168335
150.46,09-20-2026 22:00:18:940,127599,168345
150.47,09-20-2026 22:00:18:950,127613,168323
150.48,09-20-2026 22:00:18:960,127587,168346
150.49,09-20-2026 22:00:18:970,127593,168343
150.5,09-20-2026 22:00:18:980,127600,168346
150.51,09-20-2026 22:00:18:990,127592,168342
150.52,09-20-2026 22:00:19:000,127631,168336
150.53,09-20-2026 22:00:19:010,127611,168334
150.54,09-20-2026 22:00:19:020,127596,168348
150.55,09-20-2026 22:00:19:030,127606,168343
150.56,09-20-2026 22:00:19:040,127600,168334
150.57,09-20-2026 22:00:19:050,127594,168349
150.58,09-20-2026 22:00:19:060,127597,168348
150.59,09-20-2026 22:00:19:070,127602,168341
150.6,09-20-2026 22:00:19:080,127591,168350
150.61,09-20-2026 22:00:19:090,127610,168341
150.62,09-20-2026 22:00:19:100,127580,168351
150.63,09-20-2026 22:00:19:110,127592,168343
150.64,09-20-2026 22:00:19:120,127605,168349
150.65,09-20-2026 22:00:19:130,127602,168362
150.66,09-20-2026 22:00:19:140,127595,168339
150.67,09-20-2026 22:00:19:150,127607,168354
150.68,09-20-2026 22:00:19:160,127603,168377
150.69,09-20-2026 22:00:19:170,127622,168363
150.7,09-20-2026 22:00:19:180,127585,168372
150.71,09-20-2026 22:00:19:190,127590,168348
150.72,09-20-2026 22:00:19:200,127578,168375
150.73,09-20-2026 22:00:19:210,127605,168356
150.74,09-20-2026 22:00:19:220,127581,168363
150.75,09-20-2026 22:00:19:230,127608,168361
150.76,09-20-2026 22:00:19:240,127575,168375
150.77,09-20-2026 22:00:19:250,127607,168363
150.78,09-20-2026 22:00:19:260,127561,168381
150.79,09-20-2026 22:00:19:270,127599,168382
150.8,09-20-2026 22:00:19:280,127579,168377
150.81,09-20-2026 22:00:19:290,127602,168383
150.82,09-20-2026 22:00:19:300,127569,168367
150.83,09-20-2026 22:00:19:310,127616,168382
150.84,09-20-2026 22:00:19:320,127575,168380
150.85,09-20-2026 22:00:19:330,127613,168390
150.86,09-20-2026 22:00:19:340,127566,168382
150.87,09-20-2026 22:00:19:350,127592,168378
150.88,09-20-2026 22:00:19:360,127557,168359
150.89,09-20-2026 22:00:19:370,127592,168354
150.9,09-20-2026 22:00:19:380,127556,168364
150.91,09-20-2026 22:00:19:390,127610,168342
150.92,09-20-2026 22:00:19:400,127559,168350
150.93,09-20-2026 22:00:19:410,127621,168344
150.94,09-20-2026 22:00:19:420,127561,168346
150.95,09-20-2026 22:00:19:430,127588,168335
150.96,09-20-2026 22:00:19:440,127569,168331
150.97,09-20-2026 22:00:19:450,127592,168322
150.98,09-20-2026 22:00:19:460,127565,168331
150.99,09-20-2026 22:00:19:470,127600,168317
151,09-20-2026 22:00:19:480,127574,168331
151.01,09-20-2026 22:00:19:490,127596,168306
151.02,09-20-2026 22:00:19:500,127586,168313
151.03,09-20-2026 22:00:19:510,127599,168301
151.04,09-20-2026 22:00:19:520,127568,168319
151.05,09-20-2026 22:00:19:530,127591,168296
151.06,09-20-2026 22:00:19:540,127586,168312
151.07,09-20-2026 22:00:19:550,127584,168296
151.08,09-20-2026 22:00:19:560,127577,168303
151.09,09-20-2026 22:00:19:570,127586,168297
151.1,09-20-2026 22:00:19:580,127608,168303
151.11,09-20-2026 22:00:19:590,127593,168276
151.12,09-20-2026 22:00:19:600,127598,168312
151.13,09-20-2026 22:00:19:610,127600,168297
151.14,09-20-2026 22:00:19:620,127607,168308
151.15,09-20-2026 22:00:19:630,127587,168265
151.16,09-20-2026 22:00:19:640,127594,168287
151.17,09-20-2026 22:00:19:650,127595,168278
151.18,09-20-2026 22:00:19:660,127593,168295
151.19,09-20-2026 22:00:19:670,127581,168284
151.2,09-20-2026 22:00:19:680,127592,168269
151.21,09-20-2026 22:00:19:690,127584,168297
151.22,09-20-2026 22:00:19:700,127607,168271
151.23,09-20-2026 22:00:19:710,127599,168285
151.24,09-20-2026 22:00:19:720,127604,168292
151.25,09-20-2026 22:00:19:730,127598,168294
151.26,09-20-2026 22:00:19:740,127622,168286
151.27,09-20-2026 22:00:19:750,127588,168293
151.28,09-20-2026 22:00:19:760,127620,168286
151.29,09-20-2026 22:00:19:770,127586,168284
151.3,09-20-2026 22:00:19:780,127605,168273
151.31,09-20-2026 22:00:19:790,127589,168278
151.32,09-20-2026 22:00:19:800,127613,168292
151.33,09-20-2026 22:00:19:810,127581,168274
151.34,09-20-2026 22:00:19:820,127614,168273
151.35,09-20-2026 22:00:19:830,127587,168301
151.36,09-20-2026 22:00:19:840,127606,168279
151.37,09-20-2026 22:00:19:850,127580,168279
151.38,09-20-2026 22:00:19:860,127638,168283
151.39,09-20-2026 22:00:19:870,127596,168293
151.4,09-20-2026 22:00:19:880,127615,168277
151.41,09-20-2026 22:00:19:890,127588,168304
151.42,09-20-2026 22:00:19:900,127623,168295
151.43,09-20-2026 22:00:19:910,127596,168304
151.44,09-20-2026 22:00:19:920,127601,168296
151.45,09-20-2026 22:00:19:930,127585,168304
151.46,09-20-2026 22:00:19:940,127627,168289
151.47,09-20-2026 22:00:19:950,127576,168289
151.48,09-20-2026 22:00:19:960,127598,168282
151.49,09-20-2026 22:00:19:970,127582,168291
151.5,09-20-2026 22:00:19:980,127611,168297
151.51,09-20-2026 22:00:19:990,127576,168304
151.52,09-20-2026 22:00:20:000,127615,168291
151.53,09-20-2026 22:00:20:010,127576,168303
151.54,09-20-2026 22:00:20:020,127604,168297
151.55,09-20-2026 22:00:20:030,127589,168293
151.56,09-20-2026 22:00:20:040,127589,168302
151.57,09-20-2026 22:00:20:050,127580,168290
151.58,09-20-2026 22:00:20:060,127590,168299
151.59,09-20-2026 22:00:20:070,127572,168301
151.6,09-20-2026 22:00:20:080,127580,168308
151.61,09-20-2026 22:00:20:090,127581,168298
151.62,09-20-2026 22:00:20:100,127567,168307
151.63,09-20-2026 22:00:20:110,127564,168295
151.64,09-20-2026 22:00:20:120,127569,168323
151.65,09-20-2026 22:00:20:130,127577,168295
151.66,09-20-2026 22:00:20:140,127588,168312
151.67,09-20-2026 22:00:20:150,127597,168309
151.68,09-20-2026 22:00:20:160,127587,168313
151.69,09-20-2026 22:00:20:170,127583,168310
151.7,09-20-2026 22:00:20:180,127590,168312
151.71,09-20-2026 22:00:20:190,127561,168312
151.72,09-20-2026 22:00:20:200,127583,168328
151.73,09-20-2026 22:00:20:210,127576,168299
151.74,09-20-2026 22:00:20:220,127586,168335
151.75,09-20-2026 22:00:20:230,127581,168300
151.76,09-20-2026 22:00:20:240,127569,168337
151.77,09-20-2026 22:00:20:250,127577,168328
151.78,09-20-2026 22:00:20:260,127584,168328
151.79,09-20-2026 22:00:20:270,127573,168307
151.8,09-20-2026 22:00:20:280,127570,168335
151.81,09-20-2026 22:00:20:290,127587,168297
151.82,09-20-2026 22:00:20:300,127609,168353
151.83,09-20-2026 22:00:20:310,127597,168301
151.84,09-20-2026 22:00:20:320,127581,168341
151.85,09-20-2026 22:00:20:330,127575,168297
151.86,09-20-2026 22:00:20:340,127584,168321
151.87,09-20-2026 22:00:20:350,127583,168289
151.88,09-20-2026 22:00:20:360,127607,168317
151.89,09-20-2026 22:00:20:370,127588,168265
151.9,09-20-2026 22:00:20:380,127599,168314
151.91,09-20-2026 22:00:20:390,127572,168259
151.92,09-20-2026 22:00:20:400,127587,168309
151.93,09-20-2026 22:00:20:410,127581,168250
151.94,09-20-2026 22:00:20:420,127591,168297
151.95,09-20-2026 22:00:20:430,127596,168232
151.96,09-20-2026 22:00:20:440,127592,168286
151.97,09-20-2026 22:00:20:450,127576,168244
151.98,09-20-2026 22:00:20:460,127572,168292
151.99,09-20-2026 22:00:20:470,127587,168232
152,09-20-2026 22:00:20:480,127597,168282
152.01,09-20-2026 22:00:20:490,127590,168234
152.02,09-20-2026 22:00:20:500,127578,168272
152.03,09-20-2026 22:00:20:510,127587,168229
152.04,09-20-2026 22:00:20:520,127584,168275
152.05,09-20-2026 22:00:20:530,127588,168245
152.06,09-20-2026 22:00:20:540,127566,168275
152.07,09-20-2026 22:00:20:550,127584,168244
152.08,09-20-2026 22:00:20:560,127586,168263
152.09,09-20-2026 22:00:20:570,127573,168254
152.1,09-20-2026 22:00:20:580,127589,168266
152.11,09-20-2026 22:00:20:590,127577,168250
152.12,09-20-2026 22:00:20:600,127578,168284
152.13,09-20-2026 22:00:20:610,127587,168262
152.14,09-20-2026 22:00:20:620,127583,168280
152.15,09-20-2026 22:00:20:630,127572,168250
152.16,09-20-2026 22:00:20:640,127586,168266
152.17,09-20-2026 22:00:20:650,127584,168259
152.18,09-20-2026 22:00:20:660,127588,168283
152.19,09-20-2026 22:00:20:670,127597,168265
152.2,09-20-2026 22:00:20:680,127584,168265
152.21,09-20-2026 22:00:20:690,127577,168271
152.22,09-20-2026 22:00:20:700,127566,168255
152.23,09-20-2026 22:00:20:710,127590,168269
152.24,09-20-2026 22:00:20:720,127590,168260
152.25,09-20-2026 22:00:20:730,127589,168268
152.26,09-20-2026 22:00:20:740,127585,168275
152.27,09-20-2026 22:00:20:750,127584,168286
152.28,09-20-2026 22:00:20:760,127594,168268
152.29,09-20-2026 22:00:20:770,127584,168294
152.3,09-20-2026 22:00:20:780,127598,168258
152.31,09-20-2026 22:00:20:790,127581,168290
152.32,09-20-2026 22:00:20:800,127595,168267
152.33,09-20-2026 22:00:20:810,127617,168283
152.34,09-20-2026 22:00:20:820,127585,168284
152.35,09-20-2026 22:00:20:830,127584,168301
152.36,09-20-2026 22:00:20:840,127579,168277
152.37,09-20-2026 22:00:20:850,127592,168299
152.38,09-20-2026 22:00:20:860,127587,168266
152.39,09-20-2026 22:00:20:870,127583,168309
152.4,09-20-2026 22:00:20:880,127570,168263
152.41,09-20-2026 22:00:20:890,127591,168292
152.42,09-20-2026 22:00:20:900,127587,168286
152.43,09-20-2026 22:00:20:910,127587,168312
152.44,09-20-2026 22:00:20:920,127579,168293
152.45,09-20-2026 22:00:20:930,127595,168315
152.46,09-20-2026 22:00:20:940,127581,168277
152.47,09-20-2026 22:00:20:950,127592,168315
152.48,09-20-2026 22:00:20:960,127595,168303
152.49,09-20-2026 22:00:20:970,127584,168328
152.5,09-20-2026 22:00:20:980,127593,168297
152.51,09-20-2026 22:00:20:990,127596,168338
152.52,09-20-2026 22:00:21:000,127595,168298
152.53,09-20-2026 22:00:21:010,127589,168321
152.54,09-20-2026 22:00:21:020,127596,168307
152.55,09-20-2026 22:00:21:030,127577,168313
152.56,09-20-2026 22:00:21:040,127577,168302
152.57,09-20-2026 22:00:21:050,127592,168318
152.58,09-20-2026 22:00:21:060,127600,168297
152.59,09-20-2026 22:00:21:070,127579,168327
152.6,09-20-2026 22:00:21:080,127604,168310
152.61,09-20-2026 22:00:21:090,127570,168332
152.62,09-20-2026 22:00:21:100,127598,168313
152.63,09-20-2026 22:00:21:110,127588,168354
152.64,09-20-2026 22:00:21:120,127600,168313
152.65,09-20-2026 22:00:21:130,127596,168326
152.66,09-20-2026 22:00:21:140,127596,168315
152.67,09-20-2026 22:00:21:150,127598,168319
152.68,09-20-2026 22:00:21:160,127587,168317
152.69,09-20-2026 22:00:21:170,127588,168322
152.7,09-20-2026 22:00:21:180,127601,168316
152.71,09-20-2026 22:00:21:190,127602,168332
152.72,09-20-2026 22:00:21:200,127591,168314
152.73,09-20-2026 22:00:21:210,127600,168317
152.74,09-20-2026 22:00:21:220,127614,168323
152.75,09-20-2026 22:00:21:230,127587,168315
152.76,09-20-2026 22:00:21:240,127592,168322
152.77,09-20-2026 22:00:21:250,127597,168296
152.78,09-20-2026 22:00:21:260,127615,168306
152.79,09-20-2026 22:00:21:270,127608,168318
152.8,09-20-2026 22:00:21:280,127598,168305
152.81,09-20-2026 22:00:21:290,127595,168301
152.82,09-20-2026 22:00:21:300,127584,168302
152.83,09-20-2026 22:00:21:310,127592,168272
152.84,09-20-2026 22:00:21:320,127596,168296
152.85,09-20-2026 22:00:21:330,127597,168284
152.86,09-20-2026 22:00:21:340,127590,168290
152.87,09-20-2026 22:00:21:350,127587,168285
152.88,09-20-2026 22:00:21:360,127590,168275
152.89,09-20-2026 22:00:21:370,127607,168284
152.9,09-20-2026 22:00:21:380,127605,168284
152.91,09-20-2026 22:00:21:390,127598,168274
152.92,09-20-2026 22:00:21:400,127594,168280
152.93,09-20-2026 22:00:21:410,127590,168274
152.94,09-20-2026 22:00:21:420,127600,168270
152.95,09-20-2026 22:00:21:430,127593,168272
152.96,09-20-2026 22:00:21:440,127595,168292
152.97,09-20-2026 22:00:21:450,127596,168268
152.98,09-20-2026 22:00:21:460,127606,168264
152.99,09-20-2026 22:00:21:470,127589,168253
153,09-20-2026 22:00:21:480,127585,168274
153.01,09-20-2026 22:00:21:490,127588,168261
153.02,09-20-2026 22:00:21:500,127604,168270
153.03,09-20-2026 22:00:21:510,127579,168262
153.04,09-20-2026 22:00:21:520,127595,168242
153.05,09-20-2026 22:00:21:530,127573,168253
153.06,09-20-2026 22:00:21:540,127589,168260
153.07,09-20-2026 22:00:21:550,127579,168263
153.08,09-20-2026 22:00:21:560,127601,168259
153.09,09-20-2026 22:00:21:570,127573,168266
153.1,09-20-2026 22:00:21:580,127587,168261
153.11,09-20-2026 22:00:21:590,127575,168267
153.12,09-20-2026 22:00:21:600,127597,168257
153.13,09-20-2026 22:00:21:610,127555,168255
153.14,09-20-2026 22:00:21:620,127592,168266
153.15,09-20-2026 22:00:21:630,127568,168262
153.16,09-20-2026 22:00:21:640,127600,168267
153.17,09-20-2026 22:00:21:650,127571,168248
153.18,09-20-2026 22:00:21:660,127579,168248
153.19,09-20-2026 22:00:21:670,127555,168246
153.2,09-20-2026 22:00:21:680,127589,168265
153.21,09-20-2026 22:00:21:690,127563,168256
153.22,09-20-2026 22:00:21:700,127597,168258
153.23,09-20-2026 22:00:21:710,127560,168248
153.24,09-20-2026 22:00:21:720,127589,168267
153.25,09-20-2026 22:00:21:730,127559,168251
153.26,09-20-2026 22:00:21:740,127592,168267
153.27,09-20-2026 22:00:21:750,127549,168259
153.28,09-20-2026 22:00:21:760,127596,168268
153.29,09-20-2026 22:00:21:770,127550,168266
153.3,09-20-2026 22:00:21:780,127594,168271
153.31,09-20-2026 22:00:21:790,127569,168277
153.32,09-20-2026 22:00:21:800,127594,168273
153.33,09-20-2026 22:00:21:810,127561,168268
153.34,09-20-2026 22:00:21:820,127607,168274
153.35,09-20-2026 22:00:21:830,127562,168278
153.36,09-20-2026 22:00:21:840,127594,168278
153.37,09-20-2026 22:00:21:850,127570,168265
153.38,09-20-2026 22:00:21:860,127589,168279
153.39,09-20-2026 22:00:21:870,127562,168287
153.4,09-20-2026 22:00:21:880,127599,168284
153.41,09-20-2026 22:00:21:890,127564,168281
153.42,09-20-2026 22:00:21:900,127594,168280
153.43,09-20-2026 22:00:21:910,127585,168286
153.44,09-20-2026 22:00:21:920,127607,168293
153.45,09-20-2026 22:00:21:930,127589,168302
153.46,09-20-2026 22:00:21:940,127601,168295
153.47,09-20-2026 22:00:21:950,127597,168294
153.48,09-20-2026 22:00:21:960,127601,168294
153.49,09-20-2026 22:00:21:970,127571,168298
153.5,09-20-2026 22:00:21:980,127608,168304
153.51,09-20-2026 22:00:21:990,127591,168299
153.52,09-20-2026 22:00:22:000,127602,168293
153.53,09-20-2026 22:00:22:010,127615,168309
153.54,09-20-2026 22:00:22:020,127614,168297
153.55,09-20-2026 22:00:22:030,127595,168303
153.56,09-20-2026 22:00:22:040,127614,168313
153.57,09-20-2026 22:00:22:050,127609,168314
153.58,09-20-2026 22:00:22:060,127605,168298
153.59,09-20-2026 22:00:22:070,127621,168316
153.6,09-20-2026 22:00:22:080,127621,168324
153.61,09-20-2026 22:00:22:090,127619,168316
153.62,09-20-2026 22:00:22:100,127621,168336
153.63,09-20-2026 22:00:22:110,127622,168317
153.64,09-20-2026 22:00:22:120,127611,168328
153.65,09-20-2026 22:00:22:130,127605,168343
153.66,09-20-2026 22:00:22:140,127606,168339
153.67,09-20-2026 22:00:22:150,127632,168342
153.68,09-20-2026 22:00:22:160,127618,168337
153.69,09-20-2026 22:00:22:170,127624,168334
153.7,09-20-2026 22:00:22:180,127601,168337
153.71,09-20-2026 22:00:22:190,127634,168351
153.72,09-20-2026 22:00:22:200,127618,168356
153.73,09-20-2026 22:00:22:210,127629,168333
153.74,09-20-2026 22:00:22:220,127608,168339
153.75,09-20-2026 22:00:22:230,127656,168349
153.76,09-20-2026 22:00:22:240,127614,168322
153.77,09-20-2026 22:00:22:250,127638,168311
153.78,09-20-2026 22:00:22:260,127626,168318
153.79,09-20-2026 22:00:22:270,127655,168337
153.8,09-20-2026 22:00:22:280,127616,168310
153.81,09-20-2026 22:00:22:290,127649,168305
153.82,09-20-2026 22:00:22:300,127615,168317
153.83,09-20-2026 22:00:22:310,127647,168311
153.84,09-20-2026 22:00:22:320,127625,168295
153.85,09-20-2026 22:00:22:330,127650,168312
153.86,09-20-2026 22:00:22:340,127620,168297
153.87,09-20-2026 22:00:22:350,127655,168295
153.88,09-20-2026 22:00:22:360,127625,168299
153.89,09-20-2026 22:00:22:370,127624,168299
153.9,09-20-2026 22:00:22:380,127608,168297
153.91,09-20-2026 22:00:22:390,127615,168298
153.92,09-20-2026 22:00:22:400,127615,168288
153.93,09-20-2026 22:00:22:410,127643,168290
153.94,09-20-2026 22:00:22:420,127610,168301
153.95,09-20-2026 22:00:22:430,127634,168297
153.96,09-20-2026 22:00:22:440,127607,168276
153.97,09-20-2026 22:00:22:450,127614,168287
153.98,09-20-2026 22:00:22:460,127613,168285
153.99,09-20-2026 22:00:22:470,127628,168286
154,09-20-2026 22:00:22:480,127629,168285
154.01,09-20-2026 22:00:22:490,127610,168283
154.02,09-20-2026 22:00:22:500,127625,168277
154.03,09-20-2026 22:00:22:510,127610,168280
154.04,09-20-2026 22:00:22:520,127612,168268
154.05,09-20-2026 22:00:22:530,127626,168290
154.06,09-20-2026 22:00:22:540,127628,168267
154.07,09-20-2026 22:00:22:550,127633,168290
154.08,09-20-2026 22:00:22:560,127612,168279
154.09,09-20-2026 22:00:22:570,127621,168294
154.1,09-20-2026 22:00:22:580,127614,168265
154.11,09-20-2026 22:00:22:590,127635,168267
154.12,09-20-2026 22:00:22:600,127615,168275
154.13,09-20-2026 22:00:22:610,127636,168278
154.14,09-20-2026 22:00:22:620,127622,168271
154.15,09-20-2026 22:00:22:630,127622,168284
154.16,09-20-2026 22:00:22:640,127607,168261
154.17,09-20-2026 22:00:22:650,127635,168300
154.18,09-20-2026 22:00:22:660,127604,168269
154.19,09-20-2026 22:00:22:670,127623,168298
154.2,09-20-2026 22:00:22:680,127624,168277
154.21,09-20-2026 22:00:22:690,127611,168289
154.22,09-20-2026 22:00:22:700,127624,168264
154.23,09-20-2026 22:00:22:710,127614,168292
154.24,09-20-2026 22:00:22:720,127616,168263
154.25,09-20-2026 22:00:22:730,127639,168312
154.26,09-20-2026 22:00:22:740,127623,168256
154.27,09-20-2026 22:00:22:750,127615,168306
154.28,09-20-2026 22:00:22:760,127623,168244
154.29,09-20-2026 22:00:22:770,127626,168296
154.3,09-20-2026 22:00:22:780,127628,168258
154.31,09-20-2026 22:00:22:790,127625,168316
154.32,09-20-2026 22:00:22:800,127606,168260
154.33,09-20-2026 22:00:22:810,127605,168308
154.34,09-20-2026 22:00:22:820,127619,168249
154.35,09-20-2026 22:00:22:830,127610,168301
154.36,09-20-2026 22:00:22:840,127613,168255
154.37,09-20-2026 22:00:22:850,127627,168306
154.38,09-20-2026 22:00:22:860,127622,168230
154.39,09-20-2026 22:00:22:870,127603,168315
154.4,09-20-2026 22:00:22:880,127620,168257
154.41,09-20-2026 22:00:22:890,127619,168311
154.42,09-20-2026 22:00:22:900,127621,168260
154.43,09-20-2026 22:00:22:910,127617,168326
154.44,09-20-2026 22:00:22:920,127625,168292
154.45,09-20-2026 22:00:22:930,127631,168322
154.46,09-20-2026 22:00:22:940,127632,168301
154.47,09-20-2026 22:00:22:950,127635,168319
154.48,09-20-2026 22:00:22:960,127639,168280
154.49,09-20-2026 22:00:22:970,127627,168320
154.5,09-20-2026 22:00:22:980,127608,168304
154.51,09-20-2026 22:00:22:990,127640,168327
154.52,09-20-2026 22:00:23:000,127618,168310
154.53,09-20-2026 22:00:23:010,127627,168355
154.54,09-20-2026 22:00:23:020,127623,168310
154.55,09-20-2026 22:00:23:030,127640,168338
154.56,09-20-2026 22:00:23:040,127637,168351
154.57,09-20-2026 22:00:23:050,127648,168341
154.58,09-20-2026 22:00:23:060,127639,168333
154.59,09-20-2026 22:00:23:070,127629,168353
154.6,09-20-2026 22:00:23:080,127630,168352
154.61,09-20-2026 22:00:23:090,127632,168359
154.62,09-20-2026 22:00:23:100,127641,168355
154.63,09-20-2026 22:00:23:110,127627,168352
154.64,09-20-2026 22:00:23:120,127631,168355
154.65,09-20-2026 22:00:23:130,127626,168342
154.66,09-20-2026 22:00:23:140,127650,168358
154.67,09-20-2026 22:00:23:150,127630,168326
154.68,09-20-2026 22:00:23:160,127644,168352
154.69,09-20-2026 22:00:23:170,127627,168334
154.7,09-20-2026 22:00:23:180,127634,168359
154.71,09-20-2026 22:00:23:190,127636,168327
154.72,09-20-2026 22:00:23:200,127632,168348
154.73,09-20-2026 22:00:23:210,127648,168336
154.74,09-20-2026 22:00:23:220,127635,168346
154.75,09-20-2026 22:00:23:230,127638,168314
154.76,09-20-2026 22:00:23:240,127633,168346
154.77,09-20-2026 22:00:23:250,127646,168318
154.78,09-20-2026 22:00:23:260,127624,168337
154.79,09-20-2026 22:00:23:270,127626,168331
154.8,09-20-2026 22:00:23:280,127624,168339
154.81,09-20-2026 22:00:23:290,127636,168302
154.82,09-20-2026 22:00:23:300,127636,168349
154.83,09-20-2026 22:00:23:310,127628,168290
154.84,09-20-2026 22:00:23:320,127618,168326
154.85,09-20-2026 22:00:23:330,127636,168298
154.86,09-20-2026 22:00:23:340,127640,168311
154.87,09-20-2026 22:00:23:350,127636,168287
154.88,09-20-2026 22:00:23:360,127641,168335
154.89,09-20-2026 22:00:23:370,127634,168291
154.9,09-20-2026 22:00:23:380,127624,168333
154.91,09-20-2026 22:00:23:390,127626,168299
154.92,09-20-2026 22:00:23:400,127642,168314
154.93,09-20-2026 22:00:23:410,127640,168299
154.94,09-20-2026 22:00:23:420,127633,168303
154.95,09-20-2026 22:00:23:430,127634,168299
154.96,09-20-2026 22:00:23:440,127646,168334
154.97,09-20-2026 22:00:23:450,127635,168293
154.98,09-20-2026 22:00:23:460,127627,168330
154.99,09-20-2026 22:00:23:470,127621,168293
155,09-20-2026 22:00:23:480,127625,168319
155.01,09-20-2026 22:00:23:490,127622,168294
155.02,09-20-2026 22:00:23:500,127616,168306
155.03,09-20-2026 22:00:23:510,127634,168289
155.04,09-20-2026 22:00:23:520,127625,168304
155.05,09-20-2026 22:00:23:530,127630,168269
155.06,09-20-2026 22:00:23:540,127619,168297
155.07,09-20-2026 22:00:23:550,127638,168274
155.08,09-20-2026 22:00:23:560,127633,168309
155.09,09-20-2026 22:00:23:570,127628,168286
155.1,09-20-2026 22:00:23:580,127631,168289
155.11,09-20-2026 22:00:23:590,127621,168300
155.12,09-20-2026 22:00:23:600,127624,168294
155.13,09-20-2026 22:00:23:610,127640,168296
155.14,09-20-2026 22:00:23:620,127636,168295
155.15,09-20-2026 22:00:23:630,127624,168288
155.16,09-20-2026 22:00:23:640,127622,168298
155.17,09-20-2026 22:00:23:650,127636,168280
155.18,09-20-2026 22:00:23:660,127624,168300
155.19,09-20-2026 22:00:23:670,127643,168297
155.2,09-20-2026 22:00:23:680,127636,168298
155.21,09-20-2026 22:00:23:690,127626,168296
155.22,09-20-2026 22:00:23:700,127630,168302
155.23,09-20-2026 22:00:23:710,127641,168290
155.24,09-20-2026 22:00:23:720,127635,168309
155.25,09-20-2026 22:00:23:730,127642,168303
155.26,09-20-2026 22:00:23:740,127632,168303
155.27,09-20-2026 22:00:23:750,127649,168326
155.28,09-20-2026 22:00:23:760,127628,168300
155.29,09-20-2026 22:00:23:770,127630,168304
155.3,09-20-2026 22:00:23:780,127640,168310
155.31,09-20-2026 22:00:23:790,127630,168315
155.32,09-20-2026 22:00:23:800,127626,168311
155.33,09-20-2026 22:00:23:810,127632,168319
155.34,09-20-2026 22:00:23:820,127640,168334
155.35,09-20-2026 22:00:23:830,127629,168313
155.36,09-20-2026 22:00:23:840,127629,168313
155.37,09-20-2026 22:00:23:850,127642,168313
155.38,09-20-2026 22:00:23:860,127621,168314
155.39,09-20-2026 22:00:23:870,127635,168312
155.4,09-20-2026 22:00:23:880,127632,168323
155.41,09-20-2026 22:00:23:890,127644,168325
155.42,09-20-2026 22:00:23:900,127630,168344
155.43,09-20-2026 22:00:23:910,127649,168329
155.44,09-20-2026 22:00:23:920,127643,168334
155.45,09-20-2026 22:00:23:930,127640,168333
155.46,09-20-2026 22:00:23:940,127626,168334
155.47,09-20-2026 22:00:23:950,127641,168349
155.48,09-20-2026 22:00:23:960,127611,168331
155.49,09-20-2026 22:00:23:970,127641,168342
155.5,09-20-2026 22:00:23:980,127631,168337
155.51,09-20-2026 22:00:23:990,127644,168346
155.52,09-20-2026 22:00:24:000,127614,168351
155.53,09-20-2026 22:00:24:010,127647,168338
155.54,09-20-2026 22:00:24:020,127622,168347
155.55,09-20-2026 22:00:24:030,127642,168335
155.56,09-20-2026 22:00:24:040,127615,168345
155.57,09-20-2026 22:00:24:050,127649,168328
155.58,09-20-2026 22:00:24:060,127621,168321
155.59,09-20-2026 22:00:24:070,127643,168337
155.6,09-20-2026 22:00:24:080,127611,168324
155.61,09-20-2026 22:00:24:090,127662,168311
155.62,09-20-2026 22:00:24:100,127598,168320
155.63,09-20-2026 22:00:24:110,127636,168313
155.64,09-20-2026 22:00:24:120,127597,168323
155.65,09-20-2026 22:00:24:130,127646,168296
155.66,09-20-2026 22:00:24:140,127602,168309
155.67,09-20-2026 22:00:24:150,127642,168315
155.68,09-20-2026 22:00:24:160,127608,168306
155.69,09-20-2026 22:00:24:170,127655,168290
155.7,09-20-2026 22:00:24:180,127604,168314
155.71,09-20-2026 22:00:24:190,127645,168280
155.72,09-20-2026 22:00:24:200,127601,168283
155.73,09-20-2026 22:00:24:210,127659,168300
155.74,09-20-2026 22:00:24:220,127621,168278
155.75,09-20-2026 22:00:24:230,127650,168289
155.76,09-20-2026 22:00:24:240,127645,168284
155.77,09-20-2026 22:00:24:250,127636,168294
155.78,09-20-2026 22:00:24:260,127605,168273
155.79,09-20-2026 22:00:24:270,127635,168267
155.8,09-20-2026 22:00:24:280,127624,168286
155.81,09-20-2026 22:00:24:290,127626,168278
155.82,09-20-2026 22:00:24:300,127629,168279
155.83,09-20-2026 22:00:24:310,127635,168278
155.84,09-20-2026 22:00:24:320,127621,168279
155.85,09-20-2026 22:00:24:330,127622,168273
155.86,09-20-2026 22:00:24:340,127631,168275
155.87,09-20-2026 22:00:24:350,127632,168256
155.88,09-20-2026 22:00:24:360,127668,168255
155.89,09-20-2026 22:00:24:370,127640,168284
155.9,09-20-2026 22:00:24:380,127661,168291
155.91,09-20-2026 22:00:24:390,127643,168269
155.92,09-20-2026 22:00:24:400,127655,168276
155.93,09-20-2026 22:00:24:410,127645,168268
155.94,09-20-2026 22:00:24:420,127665,168260
155.95,09-20-2026 22:00:24:430,127640,168264
155.96,09-20-2026 22:00:24:440,127658,168264
155.97,09-20-2026 22:00:24:450,127642,168276
155.98,09-20-2026 22:00:24:460,127653,168279
155.99,09-20-2026 22:00:24:470,127636,168273
156,09-20-2026 22:00:24:480,127664,168280
156.01,09-20-2026 22:00:24:490,127638,168285
156.02,09-20-2026 22:00:24:500,127660,168285
156.03,09-20-2026 22:00:24:510,127653,168279
156.04,09-20-2026 22:00:24:520,127676,168261
156.05,09-20-2026 22:00:24:530,127646,168265
156.06,09-20-2026 22:00:24:540,127672,168268
156.07,09-20-2026 22:00:24:550,127622,168271
156.08,09-20-2026 22:00:24:560,127673,168283
156.09,09-20-2026 22:00:24:570,127635,168289
156.1,09-20-2026 22:00:24:580,127688,168291
156.11,09-20-2026 22:00:24:590,127645,168304
156.12,09-20-2026 22:00:24:600,127677,168288
156.13,09-20-2026 22:00:24:610,127641,168279
156.14,09-20-2026 22:00:24:620,127676,168291
156.15,09-20-2026 22:00:24:630,127629,168300
156.16,09-20-2026 22:00:24:640,127669,168304
156.17,09-20-2026 22:00:24:650,127633,168297
156.18,09-20-2026 22:00:24:660,127687,168296
156.19,09-20-2026 22:00:24:670,127646,168297
156.2,09-20-2026 22:00:24:680,127674,168317
156.21,09-20-2026 22:00:24:690,127640,168296
156.22,09-20-2026 22:00:24:700,127654,168300
156.23,09-20-2026 22:00:24:710,127624,168305
156.24,09-20-2026 22:00:24:720,127650,168305
156.25,09-20-2026 22:00:24:730,127629,168279
156.26,09-20-2026 22:00:24:740,127669,168303
156.27,09-20-2026 22:00:24:750,127632,168309
156.28,09-20-2026 22:00:24:760,127663,168318
156.29,09-20-2026 22:00:24:770,127642,168305
156.3,09-20-2026 22:00:24:780,127668,168323
156.31,09-20-2026 22:00:24:790,127652,168317
156.32,09-20-2026 22:00:24:800,127652,168310
156.33,09-20-2026 22:00:24:810,127649,168307
156.34,09-20-2026 22:00:24:820,127634,168306
156.35,09-20-2026 22:00:24:830,127644,168329
156.36,09-20-2026 22:00:24:840,127644,168316
156.37,09-20-2026 22:00:24:850,127633,168309
156.38,09-20-2026 22:00:24:860,127656,168337
156.39,09-20-2026 22:00:24:870,127645,168306
156.4,09-20-2026 22:00:24:880,127634,168323
156.41,09-20-2026 22:00:24:890,127642,168320
156.42,09-20-2026 22:00:24:900,127651,168336
156.43,09-20-2026 22:00:24:910,127650,168334
156.44,09-20-2026 22:00:24:920,127645,168344
156.45,09-20-2026 22:00:24:930,127653,168314
156.46,09-20-2026 22:00:24:940,127642,168351
156.47,09-20-2026 22:00:24:950,127638,168336
156.48,09-20-2026 22:00:24:960,127646,168346
156.49,09-20-2026 22:00:24:970,127641,168322
156.5,09-20-2026 22:00:24:980,127641,168322
156.51,09-20-2026 22:00:24:990,127640,168345
156.52,09-20-2026 22:00:25:000,127646,168319
156.53,09-20-2026 22:00:25:010,127659,168352
156.54,09-20-2026 22:00:25:020,127660,168332
156.55,09-20-2026 22:00:25:030,127646,168355
156.56,09-20-2026 22:00:25:040,127675,168292
156.57,09-20-2026 22:00:25:050,127652,168325
156.58,09-20-2026 22:00:25:060,127638,168296
156.59,09-20-2026 22:00:25:070,127665,168325
156.6,09-20-2026 22:00:25:080,127649,168280
156.61,09-20-2026 22:00:25:090,127654,168324
156.62,09-20-2026 22:00:25:100,127653,168256
156.63,09-20-2026 22:00:25:110,127647,168311
156.64,09-20-2026 22:00:25:120,127663,168256
156.65,09-20-2026 22:00:25:130,127656,168316
156.66,09-20-2026 22:00:25:140,127645,168267
156.67,09-20-2026 22:00:25:150,127642,168299
156.68,09-20-2026 22:00:25:160,127646,168233
156.69,09-20-2026 22:00:25:170,127635,168307
156.7,09-20-2026 22:00:25:180,127663,168261
156.71,09-20-2026 22:00:25:190,127655,168288
156.72,09-20-2026 22:00:25:200,127637,168240
156.73,09-20-2026 22:00:25:210,127665,168297
156.74,09-20-2026 22:00:25:220,127664,168244
156.75,09-20-2026 22:00:25:230,127662,168298
156.76,09-20-2026 22:00:25:240,127655,168243
156.77,09-20-2026 22:00:25:250,127648,168259
156.78,09-20-2026 22:00:25:260,127642,168247
156.79,09-20-2026 22:00:25:270,127652,168273
156.8,09-20-2026 22:00:25:280,127658,168269
156.81,09-20-2026 22:00:25:290,127651,168272
156.82,09-20-2026 22:00:25:300,127638,168249
156.83,09-20-2026 22:00:25:310,127649,168275
156.84,09-20-2026 22:00:25:320,127652,168256
156.85,09-20-2026 22:00:25:330,127629,168280
156.86,09-20-2026 22:00:25:340,127643,168260
156.87,09-20-2026 22:00:25:350,127644,168275
156.88,09-20-2026 22:00:25:360,127635,168267
156.89,09-20-2026 22:00:25:370,127626,168269
156.9,09-20-2026 22:00:25:380,127646,168264
156.91,09-20-2026 22:00:25:390,127631,168262
156.92,09-20-2026 22:00:25:400,127626,168272
156.93,09-20-2026 22:00:25:410,127649,168267
156.94,09-20-2026 22:00:25:420,127638,168279
156.95,09-20-2026 22:00:25:430,127637,168275
156.96,09-20-2026 22:00:25:440,127623,168269
156.97,09-20-2026 22:00:25:450,127639,168279
156.98,09-20-2026 22:00:25:460,127621,168287
156.99,09-20-2026 22:00:25:470,127634,168260
157,09-20-2026 22:00:25:480,127650,168286
157.01,09-20-2026 22:00:25:490,127629,168264
157.02,09-20-2026 22:00:25:500,127655,168285
157.03,09-20-2026 22:00:25:510,127630,168271
157.04,09-20-2026 22:00:25:520,127629,168307
157.05,09-20-2026 22:00:25:530,127635,168264
157.06,09-20-2026 22:00:25:540,127635,168302
157.07,09-20-2026 22:00:25:550,127634,168284
157.08,09-20-2026 22:00:25:560,127633,168322
157.09,09-20-2026 22:00:25:570,127629,168268
157.1,09-20-2026 22:00:25:580,127641,168300
157.11,09-20-2026 22:00:25:590,127636,168284
157.12,09-20-2026 22:00:25:600,127624,168310
157.13,09-20-2026 22:00:25:610,127642,168295
157.14,09-20-2026 22:00:25:620,127653,168326
157.15,09-20-2026 22:00:25:630,127643,168303
157.16,09-20-2026 22:00:25:640,127632,168333
157.17,09-20-2026 22:00:25:650,127634,168289
157.18,09-20-2026 22:00:25:660,127643,168305
157.19,09-20-2026 22:00:25:670,127642,168274
157.2,09-20-2026 22:00:25:680,127631,168307
157.21,09-20-2026 22:00:25:690,127637,168287
157.22,09-20-2026 22:00:25:700,127634,168307
157.23,09-20-2026 22:00:25:710,127635,168303
157.24,09-20-2026 22:00:25:720,127637,168292
157.25,09-20-2026 22:00:25:730,127639,168295
157.26,09-20-2026 22:00:25:740,127649,168331
157.27,09-20-2026 22:00:25:750,127630,168293
157.28,09-20-2026 22:00:25:760,127625,168343
157.29,09-20-2026 22:00:25:770,127644,168306
157.3,09-20-2026 22:00:25:780,127642,168337
157.31,09-20-2026 22:00:25:790,127635,168313
157.32,09-20-2026 22:00:25:800,127652,168340
157.33,09-20-2026 22:00:25:810,127635,168307
157.34,09-20-2026 22:00:25:820,127646,168329
157.35,09-20-2026 22:00:25:830,127644,168323
157.36,09-20-2026 22:00:25:840,127632,168325
157.37,09-20-2026 22:00:25:850,127624,168314
157.38,09-20-2026 22:00:25:860,127646,168335
157.39,09-20-2026 22:00:25:870,127640,168323
157.4,09-20-2026 22:00:25:880,127629,168329
157.41,09-20-2026 22:00:25:890,127643,168340
157.42,09-20-2026 22:00:25:900,127649,168334
157.43,09-20-2026 22:00:25:910,127651,168320
157.44,09-20-2026 22:00:25:920,127636,168340
157.45,09-20-2026 22:00:25:930,127661,168336
157.46,09-20-2026 22:00:25:940,127638,168330
157.47,09-20-2026 22:00:25:950,127654,168310
157.48,09-20-2026 22:00:25:960,127653,168312
157.49,09-20-2026 22:00:25:970,127646,168314
157.5,09-20-2026 22:00:25:980,127637,168295
157.51,09-20-2026 22:00:25:990,127637,168279
157.52,09-20-2026 22:00:26:000,127655,168293
157.53,09-20-2026 22:00:26:010,127625,168277
157.54,09-20-2026 22:00:26:020,127640,168290
157.55,09-20-2026 22:00:26:030,127641,168288
157.56,09-20-2026 22:00:26:040,127631,168264
157.57,09-20-2026 22:00:26:050,127636,168275
157.58,09-20-2026 22:00:26:060,127638,168271
157.59,09-20-2026 22:00:26:070,127649,168278
157.6,09-20-2026 22:00:26:080,127637,168292
157.61,09-20-2026 22:00:26:090,127618,168268
157.62,09-20-2026 22:00:26:100,127622,168269
157.63,09-20-2026 22:00:26:110,127631,168266
157.64,09-20-2026 22:00:26:120,127634,168260
157.65,09-20-2026 22:00:26:130,127630,168268
157.66,09-20-2026 22:00:26:140,127616,168256
157.67,09-20-2026 22:00:26:150,127641,168271
157.68,09-20-2026 22:00:26:160,127642,168262
157.69,09-20-2026 22:00:26:170,127644,168256
157.7,09-20-2026 22:00:26:180,127620,168248
157.71,09-20-2026 22:00:26:190,127645,168266
157.72,09-20-2026 22:00:26:200,127625,168270
157.73,09-20-2026 22:00:26:210,127640,168252
157.74,09-20-2026 22:00:26:220,127640,168257
157.75,09-20-2026 22:00:26:230,127643,168257
157.76,09-20-2026 22:00:26:240,127628,168255
157.77,09-20-2026 22:00:26:250,127639,168243
157.78,09-20-2026 22:00:26:260,127614,168246
157.79,09-20-2026 22:00:26:270,127617,168252
157.8,09-20-2026 22:00:26:280,127610,168244
157.81,09-20-2026 22:00:26:290,127636,168249
157.82,09-20-2026 22:00:26:300,127601,168246
157.83,09-20-2026 22:00:26:310,127639,168234
157.84,09-20-2026 22:00:26:320,127629,168252
157.85,09-20-2026 22:00:26:330,127634,168248
157.86,09-20-2026 22:00:26:340,127610,168254
157.87,09-20-2026 22:00:26:350,127639,168262
157.88,09-20-2026 22:00:26:360,127590,168247
157.89,09-20-2026 22:00:26:370,127637,168255
157.9,09-20-2026 22:00:26:380,127596,168255
157.91,09-20-2026 22:00:26:390,127641,168248
157.92,09-20-2026 22:00:26:400,127601,168256
157.93,09-20-2026 22:00:26:410,127642,168254
157.94,09-20-2026 22:00:26:420,127596,168252
157.95,09-20-2026 22:00:26:430,127637,168261
157.96,09-20-2026 22:00:26:440,127589,168258
157.97,09-20-2026 22:00:26:450,127627,168260
157.98,09-20-2026 22:00:26:460,127581,168246
157.99,09-20-2026 22:00:26:470,127639,168265
158,09-20-2026 22:00:26:480,127592,168256
158.01,09-20-2026 22:00:26:490,127641,168260
158.02,09-20-2026 22:00:26:500,127609,168269
158.03,09-20-2026 22:00:26:510,127646,168280
158.04,09-20-2026 22:00:26:520,127610,168270
158.05,09-20-2026 22:00:26:530,127645,168264
158.06,09-20-2026 22:00:26:540,127611,168246
158.07,09-20-2026 22:00:26:550,127657,168256
158.08,09-20-2026 22:00:26:560,127624,168279
158.09,09-20-2026 22:00:26:570,127622,168282
158.1,09-20-2026 22:00:26:580,127604,168251
158.11,09-20-2026 22:00:26:590,127604,168276
158.12,09-20-2026 22:00:26:600,127613,168272
158.13,09-20-2026 22:00:26:610,127647,168268
158.14,09-20-2026 22:00:26:620,127619,168288
158.15,09-20-2026 22:00:26:630,127621,168294
158.16,09-20-2026 22:00:26:640,127622,168274
158.17,09-20-2026 22:00:26:650,127620,168284
158.18,09-20-2026 22:00:26:660,127630,168262
158.19,09-20-2026 22:00:26:670,127623,168283
158.2,09-20-2026 22:00:26:680,127644,168285
158.21,09-20-2026 22:00:26:690,127626,168288
158.22,09-20-2026 22:00:26:700,127655,168290
158.23,09-20-2026 22:00:26:710,127626,168286
158.24,09-20-2026 22:00:26:720,127656,168280
158.25,09-20-2026 22:00:26:730,127630,168296
158.26,09-20-2026 22:00:26:740,127634,168292
158.27,09-20-2026 22:00:26:750,127632,168297
158.28,09-20-2026 22:00:26:760,127655,168298
158.29,09-20-2026 22:00:26:770,127633,168311
158.3,09-20-2026 22:00:26:780,127658,168295
158.31,09-20-2026 22:00:26:790,127633,168296
158.32,09-20-2026 22:00:26:800,127663,168284
158.33,09-20-2026 22:00:26:810,127636,168300
158.34,09-20-2026 22:00:26:820,127656,168302
158.35,09-20-2026 22:00:26:830,127636,168285
158.36,09-20-2026 22:00:26:840,127665,168289
158.37,09-20-2026 22:00:26:850,127647,168291
158.38,09-20-2026 22:00:26:860,127660,168278
158.39,09-20-2026 22:00:26:870,127646,168279
158.4,09-20-2026 22:00:26:880,127676,168286
158.41,09-20-2026 22:00:26:890,127610,168268
158.42,09-20-2026 22:00:26:900,127663,168246
158.43,09-20-2026 22:00:26:910,127631,168250
158.44,09-20-2026 22:00:26:920,127645,168262
158.45,09-20-2026 22:00:26:930,127630,168257
158.46,09-20-2026 22:00:26:940,127659,168258
158.47,09-20-2026 22:00:26:950,127632,168263
158.48,09-20-2026 22:00:26:960,127655,168247
158.49,09-20-2026 22:00:26:970,127618,168240
158.5,09-20-2026 22:00:26:980,127650,168218
158.51,09-20-2026 22:00:26:990,127626,168210
158.52,09-20-2026 22:00:27:000,127644,168247
158.53,09-20-2026 22:00:27:010,127633,168231
158.54,09-20-2026 22:00:27:020,127670,168223
158.55,09-20-2026 22:00:27:030,127626,168215
158.56,09-20-2026 22:00:27:040,127647,168214
158.57,09-20-2026 22:00:27:050,127635,168212
158.58,09-20-2026 22:00:27:060,127647,168209
158.59,09-20-2026 22:00:27:070,127638,168204
158.6,09-20-2026 22:00:27:080,127629,168219
158.61,09-20-2026 22:00:27:090,127629,168236
158.62,09-20-2026 22:00:27:100,127635,168203
158.63,09-20-2026 22:00:27:110,127620,168218
158.64,09-20-2026 22:00:27:120,127631,168201
158.65,09-20-2026 22:00:27:130,127631,168205
158.66,09-20-2026 22:00:27:140,127601,168208
158.67,09-20-2026 22:00:27:150,127619,168198
158.68,09-20-2026 22:00:27:160,127614,168198
158.69,09-20-2026 22:00:27:170,127604,168203
158.7,09-20-2026 22:00:27:180,127614,168199
158.71,09-20-2026 22:00:27:190,127607,168192
158.72,09-20-2026 22:00:27:200,127608,168209
158.73,09-20-2026 22:00:27:210,127616,168188
158.74,09-20-2026 22:00:27:220,127609,168221
158.75,09-20-2026 22:00:27:230,127610,168183
158.76,09-20-2026 22:00:27:240,127607,168202
158.77,09-20-2026 22:00:27:250,127616,168195
158.78,09-20-2026 22:00:27:260,127630,168202
158.79,09-20-2026 22:00:27:270,127607,168200
158.8,09-20-2026 22:00:27:280,127608,168208
158.81,09-20-2026 22:00:27:290,127611,168180
158.82,09-20-2026 22:00:27:300,127583,168206
158.83,09-20-2026 22:00:27:310,127614,168172
158.84,09-20-2026 22:00:27:320,127627,168213
158.85,09-20-2026 22:00:27:330,127605,168170
158.86,09-20-2026 22:00:27:340,127611,168206
158.87,09-20-2026 22:00:27:350,127606,168169
158.88,09-20-2026 22:00:27:360,127620,168211
158.89,09-20-2026 22:00:27:370,127606,168165
158.9,09-20-2026 22:00:27:380,127607,168206
158.91,09-20-2026 22:00:27:390,127608,168184
158.92,09-20-2026 22:00:27:400,127603,168193
158.93,09-20-2026 22:00:27:410,127606,168176
158.94,09-20-2026 22:00:27:420,127614,168230
158.95,09-20-2026 22:00:27:430,127602,168175
158.96,09-20-2026 22:00:27:440,127613,168217
158.97,09-20-2026 22:00:27:450,127608,168183
158.98,09-20-2026 22:00:27:460,127613,168221
158.99,09-20-2026 22:00:27:470,127605,168146
159,09-20-2026 22:00:27:480,127607,168216
159.01,09-20-2026 22:00:27:490,127614,168182
159.02,09-20-2026 22:00:27:500,127600,168218
159.03,09-20-2026 22:00:27:510,127604,168174
159.04,09-20-2026 22:00:27:520,127591,168222
159.05,09-20-2026 22:00:27:530,127603,168185
159.06,09-20-2026 22:00:27:540,127628,168234
159.07,09-20-2026 22:00:27:550,127607,168201
159.08,09-20-2026 22:00:27:560,127619,168239
159.09,09-20-2026 22:00:27:570,127604,168197
159.1,09-20-2026 22:00:27:580,127607,168233
159.11,09-20-2026 22:00:27:590,127602,168198
159.12,09-20-2026 22:00:27:600,127612,168251
159.13,09-20-2026 22:00:27:610,127608,168230
159.14,09-20-2026 22:00:27:620,127613,168238
159.15,09-20-2026 22:00:27:630,127599,168213
159.16,09-20-2026 22:00:27:640,127612,168250
159.17,09-20-2026 22:00:27:650,127605,168220
159.18,09-20-2026 22:00:27:660,127599,168229
159.19,09-20-2026 22:00:27:670,127604,168262
159.2,09-20-2026 22:00:27:680,127617,168246
159.21,09-20-2026 22:00:27:690,127596,168252
159.22,09-20-2026 22:00:27:700,127598,168261
159.23,09-20-2026 22:00:27:710,127612,168284
159.24,09-20-2026 22:00:27:720,127596,168243
159.25,09-20-2026 22:00:27:730,127598,168259
159.26,09-20-2026 22:00:27:740,127598,168249
159.27,09-20-2026 22:00:27:750,127611,168252
159.28,09-20-2026 22:00:27:760,127608,168227
159.29,09-20-2026 22:00:27:770,127611,168258
159.3,09-20-2026 22:00:27:780,127606,168226
159.31,09-20-2026 22:00:27:790,127596,168236
159.32,09-20-2026 22:00:27:800,127590,168212
159.33,09-20-2026 22:00:27:810,127592,168241
159.34,09-20-2026 22:00:27:820,127613,168210
159.35,09-20-2026 22:00:27:830,127609,168237
159.36,09-20-2026 22:00:27:840,127601,168217
159.37,09-20-2026 22:00:27:850,127606,168207
159.38,09-20-2026 22:00:27:860,127595,168213
159.39,09-20-2026 22:00:27:870,127599,168225
159.4,09-20-2026 22:00:27:880,127579,168179
159.41,09-20-2026 22:00:27:890,127600,168215
159.42,09-20-2026 22:00:27:900,127618,168204
159.43,09-20-2026 22:00:27:910,127611,168222
159.44,09-20-2026 22:00:27:920,127590,168190
159.45,09-20-2026 22:00:27:930,127587,168223
159.46,09-20-2026 22:00:27:940,127596,168186
159.47,09-20-2026 22:00:27:950,127592,168207
159.48,09-20-2026 22:00:27:960,127602,168172
159.49,09-20-2026 22:00:27:970,127589,168197
159.5,09-20-2026 22:00:27:980,127606,168170
159.51,09-20-2026 22:00:27:990,127588,168221
159.52,09-20-2026 22:00:28:000,127585,168167
159.53,09-20-2026 22:00:28:010,127582,168188
159.54,09-20-2026 22:00:28:020,127595,168169
159.55,09-20-2026 22:00:28:030,127588,168192
159.56,09-20-2026 22:00:28:040,127586,168158
159.57,09-20-2026 22:00:28:050,127577,168185
159.58,09-20-2026 22:00:28:060,127580,168160
159.59,09-20-2026 22:00:28:070,127584,168173
159.6,09-20-2026 22:00:28:080,127592,168157
159.61,09-20-2026 22:00:28:090,127602,168160
159.62,09-20-2026 22:00:28:100,127590,168150
159.63,09-20-2026 22:00:28:110,127579,168160
159.64,09-20-2026 22:00:28:120,127601,168153
159.65,09-20-2026 22:00:28:130,127588,168180
159.66,09-20-2026 22:00:28:140,127583,168143
159.67,09-20-2026 22:00:28:150,127595,168131
159.68,09-20-2026 22:00:28:160,127576,168159
159.69,09-20-2026 22:00:28:170,127582,168166
159.7,09-20-2026 22:00:28:180,127582,168157
159.71,09-20-2026 22:00:28:190,127593,168157
159.72,09-20-2026 22:00:28:200,127584,168152
159.73,09-20-2026 22:00:28:210,127571,168155
159.74,09-20-2026 22:00:28:220,127572,168147
159.75,09-20-2026 22:00:28:230,127595,168153
159.76,09-20-2026 22:00:28:240,127588,168160
159.77,09-20-2026 22:00:28:250,127581,168144
159.78,09-20-2026 22:00:28:260,127579,168149
159.79,09-20-2026 22:00:28:270,127571,168153
159.8,09-20-2026 22:00:28:280,127572,168146
159.81,09-20-2026 22:00:28:290,127582,168155
159.82,09-20-2026 22:00:28:300,127572,168154
159.83,09-20-2026 22:00:28:310,127575,168144
159.84,09-20-2026 22:00:28:320,127573,168153
159.85,09-20-2026 22:00:28:330,127574,168147
159.86,09-20-2026 22:00:28:340,127582,168148
159.87,09-20-2026 22:00:28:350,127568,168156
159.88,09-20-2026 22:00:28:360,127574,168153
159.89,09-20-2026 22:00:28:370,127565,168138
159.9,09-20-2026 22:00:28:380,127561,168152
159.91,09-20-2026 22:00:28:390,127581,168163
159.92,09-20-2026 22:00:28:400,127577,168170
159.93,09-20-2026 22:00:28:410,127570,168151
159.94,09-20-2026 22:00:28:420,127575,168154
159.95,09-20-2026 22:00:28:430,127554,168165
159.96,09-20-2026 22:00:28:440,127573,168161
159.97,09-20-2026 22:00:28:450,127556,168155
159.98,09-20-2026 22:00:28:460,127553,168161
159.99,09-20-2026 22:00:28:470,127561,168159
160,09-20-2026 22:00:28:480,127566,168175
160.01,09-20-2026 22:00:28:490,127556,168149
160.02,09-20-2026 22:00:28:500,127562,168159
160.03,09-20-2026 22:00:28:510,127550,168164
160.04,09-20-2026 22:00:28:520,127561,168154
160.05,09-20-2026 22:00:28:530,127541,168160
160.06,09-20-2026 22:00:28:540,127561,168171
160.07,09-20-2026 22:00:28:550,127538,168148
160.08,09-20-2026 22:00:28:560,127556,168173
160.09,09-20-2026 22:00:28:570,127559,168191
160.1,09-20-2026 22:00:28:580,127565,168167
160.11,09-20-2026 22:00:28:590,127543,168189
160.12,09-20-2026 22:00:28:600,127558,168176
160.13,09-20-2026 22:00:28:610,127531,168168
160.14,09-20-2026 22:00:28:620,127560,168182
160.15,09-20-2026 22:00:28:630,127533,168157
160.16,09-20-2026 22:00:28:640,127568,168162
160.17,09-20-2026 22:00:28:650,127542,168155
160.18,09-20-2026 22:00:28:660,127580,168148
160.19,09-20-2026 22:00:28:670,127523,168113
160.2,09-20-2026 22:00:28:680,127558,168115
160.21,09-20-2026 22:00:28:690,127519,168118
160.22,09-20-2026 22:00:28:700,127565,168137
160.23,09-20-2026 22:00:28:710,127516,168122
160.24,09-20-2026 22:00:28:720,127553,168135
160.25,09-20-2026 22:00:28:730,127520,168125
160.26,09-20-2026 22:00:28:740,127562,168132
160.27,09-20-2026 22:00:28:750,127500,168116
160.28,09-20-2026 22:00:28:760,127564,168122
160.29,09-20-2026 22:00:28:770,127517,168106
160.3,09-20-2026 22:00:28:780,127551,168087
160.31,09-20-2026 22:00:28:790,127520,168100
160.32,09-20-2026 22:00:28:800,127550,168086
160.33,09-20-2026 22:00:28:810,127526,168100
160.34,09-20-2026 22:00:28:820,127552,168086
160.35,09-20-2026 22:00:28:830,127524,168076
160.36,09-20-2026 22:00:28:840,127547,168074
160.37,09-20-2026 22:00:28:850,127527,168075
160.38,09-20-2026 22:00:28:860,127553,168069
160.39,09-20-2026 22:00:28:870,127528,168065
160.4,09-20-2026 22:00:28:880,127551,168075
160.41,09-20-2026 22:00:28:890,127523,168077
160.42,09-20-2026 22:00:28:900,127540,168088
160.43,09-20-2026 22:00:28:910,127518,168083
160.44,09-20-2026 22:00:28:920,127535,168078
160.45,09-20-2026 22:00:28:930,127518,168066
160.46,09-20-2026 22:00:28:940,127533,168059
160.47,09-20-2026 22:00:28:950,127538,168071
160.48,09-20-2026 22:00:28:960,127543,168066
160.49,09-20-2026 22:00:28:970,127551,168069
160.5,09-20-2026 22:00:28:980,127530,168058
160.51,09-20-2026 22:00:28:990,127544,168066
160.52,09-20-2026 22:00:29:000,127543,168083
160.53,09-20-2026 22:00:29:010,127531,168049
160.54,09-20-2026 22:00:29:020,127537,168050
160.55,09-20-2026 22:00:29:030,127537,168065
160.56,09-20-2026 22:00:29:040,127523,168056
160.57,09-20-2026 22:00:29:050,127537,168043
160.58,09-20-2026 22:00:29:060,127520,168052
160.59,09-20-2026 22:00:29:070,127552,168059
160.6,09-20-2026 22:00:29:080,127528,168050
160.61,09-20-2026 22:00:29:090,127555,168061
160.62,09-20-2026 22:00:29:100,127532,168059
160.63,09-20-2026 22:00:29:110,127557,168033
160.64,09-20-2026 22:00:29:120,127505,168061
160.65,09-20-2026 22:00:29:130,127548,168066
160.66,09-20-2026 22:00:29:140,127533,168049
160.67,09-20-2026 22:00:29:150,127552,168046
160.68,09-20-2026 22:00:29:160,127542,168064
160.69,09-20-2026 22:00:29:170,127541,168036
160.7,09-20-2026 22:00:29:180,127522,168043
160.71,09-20-2026 22:00:29:190,127561,168052
160.72,09-20-2026 22:00:29:200,127537,168048
160.73,09-20-2026 22:00:29:210,127550,168067
160.74,09-20-2026 22:00:29:220,127529,168045
160.75,09-20-2026 22:00:29:230,127561,168051
160.76,09-20-2026 22:00:29:240,127513,168068
160.77,09-20-2026 22:00:29:250,127552,168062
160.78,09-20-2026 22:00:29:260,127517,168067
160.79,09-20-2026 22:00:29:270,127543,168048
160.8,09-20-2026 22:00:29:280,127525,168056
160.81,09-20-2026 22:00:29:290,127565,168051
160.82,09-20-2026 22:00:29:300,127531,168076
160.83,09-20-2026 22:00:29:310,127529,168051
160.84,09-20-2026 22:00:29:320,127518,168052
160.85,09-20-2026 22:00:29:330,127528,168033
160.86,09-20-2026 22:00:29:340,127515,168061
160.87,09-20-2026 22:00:29:350,127550,168064
160.88,09-20-2026 22:00:29:360,127513,168052
160.89,09-20-2026 22:00:29:370,127526,168069
160.9,09-20-2026 22:00:29:380,127513,168067
160.91,09-20-2026 22:00:29:390,127522,168074
160.92,09-20-2026 22:00:29:400,127502,168070
160.93,09-20-2026 22:00:29:410,127533,168056
160.94,09-20-2026 22:00:29:420,127510,168069
160.95,09-20-2026 22:00:29:430,127519,168078
160.96,09-20-2026 22:00:29:440,127499,168067
160.97,09-20-2026 22:00:29:450,127518,168055
160.98,09-20-2026 22:00:29:460,127513,168066
160.99,09-20-2026 22:00:29:470,127525,168071
161,09-20-2026 22:00:29:480,127507,168057
161.01,09-20-2026 22:00:29:490,127514,168060
161.02,09-20-2026 22:00:29:500,127509,168034
161.03,09-20-2026 22:00:29:510,127509,168046
161.04,09-20-2026 22:00:29:520,127523,168022
161.05,09-20-2026 22:00:29:530,127533,168033
161.06,09-20-2026 22:00:29:540,127510,168015
161.07,09-20-2026 22:00:29:550,127517,168033
161.08,09-20-2026 22:00:29:560,127515,167995
161.09,09-20-2026 22:00:29:570,127511,168015
161.1,09-20-2026 22:00:29:580,127512,167993
161.11,09-20-2026 22:00:29:590,127505,168025
161.12,09-20-2026 22:00:29:600,127502,167995
161.13,09-20-2026 22:00:29:610,127502,168002
161.14,09-20-2026 22:00:29:620,127518,167983
161.15,09-20-2026 22:00:29:630,127502,168005
161.16,09-20-2026 22:00:29:640,127500,167963
161.17,09-20-2026 22:00:29:650,127508,167992
161.18,09-20-2026 22:00:29:660,127498,167961
161.19,09-20-2026 22:00:29:670,127491,167956
161.2,09-20-2026 22:00:29:680,127492,167931
161.21,09-20-2026 22:00:29:690,127495,167969
161.22,09-20-2026 22:00:29:700,127504,167943
161.23,09-20-2026 22:00:29:710,127500,167960
161.24,09-20-2026 22:00:29:720,127505,167922
161.25,09-20-2026 22:00:29:730,127493,167967
161.26,09-20-2026 22:00:29:740,127482,167926
161.27,09-20-2026 22:00:29:750,127501,167963
161.28,09-20-2026 22:00:29:760,127490,167913
161.29,09-20-2026 22:00:29:770,127492,167950
161.3,09-20-2026 22:00:29:780,127483,167931
161.31,09-20-2026 22:00:29:790,127480,167946
161.32,09-20-2026 22:00:29:800,127486,167898
161.33,09-20-2026 22:00:29:810,127492,167937
161.34,09-20-2026 22:00:29:820,127489,167901
161.35,09-20-2026 22:00:29:830,127486,167949
161.36,09-20-2026 22:00:29:840,127468,167916
161.37,09-20-2026 22:00:29:850,127488,167926
161.38,09-20-2026 22:00:29:860,127472,167893
161.39,09-20-2026 22:00:29:870,127472,167940
161.4,09-20-2026 22:00:29:880,127472,167883
161.41,09-20-2026 22:00:29:890,127472,167922
161.42,09-20-2026 22:00:29:900,127483,167919
161.43,09-20-2026 22:00:29:910,127489,167928
161.44,09-20-2026 22:00:29:920,127477,167892
161.45,09-20-2026 22:00:29:930,127472,167940
161.46,09-20-2026 22:00:29:940,127457,167909
161.47,09-20-2026 22:00:29:950,127489,167935
161.48,09-20-2026 22:00:29:960,127463,167892
161.49,09-20-2026 22:00:29:970,127474,167938
161.5,09-20-2026 22:00:29:980,127478,167919
161.51,09-20-2026 22:00:29:990,127474,167936
161.52,09-20-2026 22:00:30:000,127459,167940
161.53,09-20-2026 22:00:30:010,127472,167919
161.54,09-20-2026 22:00:30:020,127481,167927
161.55,09-20-2026 22:00:30:030,127454,167917
161.56,09-20-2026 22:00:30:040,127451,167941
161.57,09-20-2026 22:00:30:050,127461,167935
161.58,09-20-2026 22:00:30:060,127461,167947
161.59,09-20-2026 22:00:30:070,127472,167930
161.6,09-20-2026 22:00:30:080,127460,167939
161.61,09-20-2026 22:00:30:090,127456,167931
161.62,09-20-2026 22:00:30:100,127457,167936
161.63,09-20-2026 22:00:30:110,127453,167942
161.64,09-20-2026 22:00:30:120,127470,167944
161.65,09-20-2026 22:00:30:130,127447,167921
161.66,09-20-2026 22:00:30:140,127438,167937
161.67,09-20-2026 22:00:30:150,127458,167927
161.68,09-20-2026 22:00:30:160,127458,167943
161.69,09-20-2026 22:00:30:170,127458,167922
161.7,09-20-2026 22:00:30:180,127463,167959
161.71,09-20-2026 22:00:30:190,127444,167932
161.72,09-20-2026 22:00:30:200,127451,167974
161.73,09-20-2026 22:00:30:210,127459,167940
161.74,09-20-2026 22:00:30:220,127449,167975
161.75,09-20-2026 22:00:30:230,127468,167945
161.76,09-20-2026 22:00:30:240,127462,167962
161.77,09-20-2026 22:00:30:250,127440,167938
161.78,09-20-2026 22:00:30:260,127453,167972
161.79,09-20-2026 22:00:30:270,127459,167936
161.8,09-20-2026 22:00:30:280,127459,167973
161.81,09-20-2026 22:00:30:290,127463,167942
161.82,09-20-2026 22:00:30:300,127449,167976
161.83,09-20-2026 22:00:30:310,127444,167942
161.84,09-20-2026 22:00:30:320,127452,167991
161.85,09-20-2026 22:00:30:330,127450,167947
161.86,09-20-2026 22:00:30:340,127438,167979
161.87,09-20-2026 22:00:30:350,127442,167960
161.88,09-20-2026 22:00:30:360,127456,167984
161.89,09-20-2026 22:00:30:370,127437,167956
161.9,09-20-2026 22:00:30:380,127458,167980
161.91,09-20-2026 22:00:30:390,127448,167970
161.92,09-20-2026 22:00:30:400,127455,167981
161.93,09-20-2026 22:00:30:410,127465,167955
161.94,09-20-2026 22:00:30:420,127457,167984
161.95,09-20-2026 22:00:30:430,127441,167977
161.96,09-20-2026 22:00:30:440,127450,167993
161.97,09-20-2026 22:00:30:450,127450,167960
161.98,09-20-2026 22:00:30:460,127449,167955
161.99,09-20-2026 22:00:30:470,127446,167945
162,09-20-2026 22:00:30:480,127449,167930
162.01,09-20-2026 22:00:30:490,127455,167921
162.02,09-20-2026 22:00:30:500,127434,167912
162.03,09-20-2026 22:00:30:510,127453,167936
162.04,09-20-2026 22:00:30:520,127455,167911
162.05,09-20-2026 22:00:30:530,127450,167907
162.06,09-20-2026 22:00:30:540,127437,167929
162.07,09-20-2026 22:00:30:550,127435,167904
162.08,09-20-2026 22:00:30:560,127439,167902
162.09,09-20-2026 22:00:30:570,127450,167906
162.1,09-20-2026 22:00:30:580,127429,167901
162.11,09-20-2026 22:00:30:590,127434,167897
162.12,09-20-2026 22:00:30:600,127432,167895
162.13,09-20-2026 22:00:30:610,127444,167887
162.14,09-20-2026 22:00:30:620,127445,167890
162.15,09-20-2026 22:00:30:630,127437,167869
162.16,09-20-2026 22:00:30:640,127438,167885
162.17,09-20-2026 22:00:30:650,127433,167875
162.18,09-20-2026 22:00:30:660,127426,167876
162.19,09-20-2026 22:00:30:670,127435,167874
162.2,09-20-2026 22:00:30:680,127430,167857
162.21,09-20-2026 22:00:30:690,127433,167879
162.22,09-20-2026 22:00:30:700,127433,167877
162.23,09-20-2026 22:00:30:710,127438,167874
162.24,09-20-2026 22:00:30:720,127409,167882
162.25,09-20-2026 22:00:30:730,127440,167864
162.26,09-20-2026 22:00:30:740,127423,167867
162.27,09-20-2026 22:00:30:750,127418,167858
162.28,09-20-2026 22:00:30:760,127434,167865
162.29,09-20-2026 22:00:30:770,127429,167860
162.3,09-20-2026 22:00:30:780,127407,167854
162.31,09-20-2026 22:00:30:790,127432,167851
162.32,09-20-2026 22:00:30:800,127420,167846
162.33,09-20-2026 22:00:30:810,127418,167873
162.34,09-20-2026 22:00:30:820,127424,167874
162.35,09-20-2026 22:00:30:830,127424,167865
162.36,09-20-2026 22:00:30:840,127415,167865
162.37,09-20-2026 22:00:30:850,127428,167854
162.38,09-20-2026 22:00:30:860,127404,167868
162.39,09-20-2026 22:00:30:870,127409,167850
162.4,09-20-2026 22:00:30:880,127411,167859
162.41,09-20-2026 22:00:30:890,127414,167857
162.42,09-20-2026 22:00:30:900,127405,167865
162.43,09-20-2026 22:00:30:910,127418,167855
162.44,09-20-2026 22:00:30:920,127396,167846
162.45,09-20-2026 22:00:30:930,127413,167843
162.46,09-20-2026 22:00:30:940,127409,167864
162.47,09-20-2026 22:00:30:950,127394,167845
162.48,09-20-2026 22:00:30:960,127393,167857
162.49,09-20-2026 22:00:30:970,127415,167851
162.5,09-20-2026 22:00:30:980,127395,167846
162.51,09-20-2026 22:00:30:990,127407,167837
162.52,09-20-2026 22:00:31:000,127375,167852
162.53,09-20-2026 22:00:31:010,127414,167844
162.54,09-20-2026 22:00:31:020,127377,167855
162.55,09-20-2026 22:00:31:030,127417,167857
162.56,09-20-2026 22:00:31:040,127367,167858
162.57,09-20-2026 22:00:31:050,127421,167853
162.58,09-20-2026 22:00:31:060,127379,167851
162.59,09-20-2026 22:00:31:070,127413,167861
162.6,09-20-2026 22:00:31:080,127365,167860
162.61,09-20-2026 22:00:31:090,127395,167857
162.62,09-20-2026 22:00:31:100,127359,167855
162.63,09-20-2026 22:00:31:110,127395,167872
162.64,09-20-2026 22:00:31:120,127370,167871
162.65,09-20-2026 22:00:31:130,127402,167867
162.66,09-20-2026 22:00:31:140,127360,167855
162.67,09-20-2026 22:00:31:150,127412,167856
162.68,09-20-2026 22:00:31:160,127351,167863
162.69,09-20-2026 22:00:31:170,127406,167879
162.7,09-20-2026 22:00:31:180,127369,167856
162.71,09-20-2026 22:00:31:190,127413,167859
162.72,09-20-2026 22:00:31:200,127360,167875
162.73,09-20-2026 22:00:31:210,127408,167860
162.74,09-20-2026 22:00:31:220,127367,167895
162.75,09-20-2026 22:00:31:230,127398,167866
162.76,09-20-2026 22:00:31:240,127380,167864
162.77,09-20-2026 22:00:31:250,127415,167884
162.78,09-20-2026 22:00:31:260,127380,167864
162.79,09-20-2026 22:00:31:270,127407,167874
162.8,09-20-2026 22:00:31:280,127379,167875
162.81,09-20-2026 22:00:31:290,127402,167900
162.82,09-20-2026 22:00:31:300,127398,167895
162.83,09-20-2026 22:00:31:310,127415,167885
162.84,09-20-2026 22:00:31:320,127398,167891
162.85,09-20-2026 22:00:31:330,127420,167891
162.86,09-20-2026 22:00:31:340,127395,167897
162.87,09-20-2026 22:00:31:350,127402,167895
162.88,09-20-2026 22:00:31:360,127416,167889
162.89,09-20-2026 22:00:31:370,127410,167921
162.9,09-20-2026 22:00:31:380,127404,167891
162.91,09-20-2026 22:00:31:390,127396,167880
162.92,09-20-2026 22:00:31:400,127419,167883
162.93,09-20-2026 22:00:31:410,127395,167886
162.94,09-20-2026 22:00:31:420,127396,167878
162.95,09-20-2026 22:00:31:430,127395,167871
162.96,09-20-2026 22:00:31:440,127409,167851
162.97,09-20-2026 22:00:31:450,127386,167877
162.98,09-20-2026 22:00:31:460,127417,167845
162.99,09-20-2026 22:00:31:470,127394,167869
163,09-20-2026 22:00:31:480,127440,167857
163.01,09-20-2026 22:00:31:490,127392,167863
163.02,09-20-2026 22:00:31:500,127419,167850
163.03,09-20-2026 22:00:31:510,127392,167839
163.04,09-20-2026 22:00:31:520,127432,167840
163.05,09-20-2026 22:00:31:530,127401,167856
163.06,09-20-2026 22:00:31:540,127426,167842
163.07,09-20-2026 22:00:31:550,127398,167828
163.08,09-20-2026 22:00:31:560,127435,167835
163.09,09-20-2026 22:00:31:570,127390,167843
163.1,09-20-2026 22:00:31:580,127418,167813
163.11,09-20-2026 22:00:31:590,127395,167821
163.12,09-20-2026 22:00:31:600,127432,167820
163.13,09-20-2026 22:00:31:610,127393,167821
163.14,09-20-2026 22:00:31:620,127427,167805
163.15,09-20-2026 22:00:31:630,127403,167818
163.16,09-20-2026 22:00:31:640,127438,167838
163.17,09-20-2026 22:00:31:650,127400,167825
163.18,09-20-2026 22:00:31:660,127419,167815
163.19,09-20-2026 22:00:31:670,127409,167811
163.2,09-20-2026 22:00:31:680,127419,167829
163.21,09-20-2026 22:00:31:690,127403,167822
163.22,09-20-2026 22:00:31:700,127401,167819
163.23,09-20-2026 22:00:31:710,127383,167836
163.24,09-20-2026 22:00:31:720,127426,167812
163.25,09-20-2026 22:00:31:730,127391,167817
163.26,09-20-2026 22:00:31:740,127416,167815
163.27,09-20-2026 22:00:31:750,127400,167821
163.28,09-20-2026 22:00:31:760,127404,167817
163.29,09-20-2026 22:00:31:770,127402,167822
163.3,09-20-2026 22:00:31:780,127414,167804
163.31,09-20-2026 22:00:31:790,127399,167834
163.32,09-20-2026 22:00:31:800,127418,167806
163.33,09-20-2026 22:00:31:810,127395,167811
163.34,09-20-2026 22:00:31:820,127416,167809
163.35,09-20-2026 22:00:31:830,127400,167823
163.36,09-20-2026 22:00:31:840,127401,167815
163.37,09-20-2026 22:00:31:850,127373,167814
163.38,09-20-2026 22:00:31:860,127370,167813
163.39,09-20-2026 22:00:31:870,127380,167803
163.4,09-20-2026 22:00:31:880,127410,167816
163.41,09-20-2026 22:00:31:890,127392,167798
163.42,09-20-2026 22:00:31:900,127381,167816
163.43,09-20-2026 22:00:31:910,127404,167817
163.44,09-20-2026 22:00:31:920,127380,167812
163.45,09-20-2026 22:00:31:930,127387,167798
163.46,09-20-2026 22:00:31:940,127390,167815
163.47,09-20-2026 22:00:31:950,127382,167800
163.48,09-20-2026 22:00:31:960,127377,167833
163.49,09-20-2026 22:00:31:970,127380,167799
163.5,09-20-2026 22:00:31:980,127381,167834
163.51,09-20-2026 22:00:31:990,127392,167813
163.52,09-20-2026 22:00:32:000,127388,167832
163.53,09-20-2026 22:00:32:010,127377,167789
163.54,09-20-2026 22:00:32:020,127380,167830
163.55,09-20-2026 22:00:32:030,127399,167821
163.56,09-20-2026 22:00:32:040,127389,167828
163.57,09-20-2026 22:00:32:050,127384,167811
163.58,09-20-2026 22:00:32:060,127386,167816
163.59,09-20-2026 22:00:32:070,127386,167803
163.6,09-20-2026 22:00:32:080,127401,167826
163.61,09-20-2026 22:00:32:090,127385,167799
163.62,09-20-2026 22:00:32:100,127405,167840
163.63,09-20-2026 22:00:32:110,127385,167784
163.64,09-20-2026 22:00:32:120,127397,167824
163.65,09-20-2026 22:00:32:130,127377,167786
163.66,09-20-2026 22:00:32:140,127397,167852
163.67,09-20-2026 22:00:32:150,127409,167807
163.68,09-20-2026 22:00:32:160,127396,167842
163.69,09-20-2026 22:00:32:170,127383,167802
163.7,09-20-2026 22:00:32:180,127396,167857
163.71,09-20-2026 22:00:32:190,127405,167791
163.72,09-20-2026 22:00:32:200,127376,167841
163.73,09-20-2026 22:00:32:210,127389,167800
163.74,09-20-2026 22:00:32:220,127393,167838
163.75,09-20-2026 22:00:32:230,127380,167821
163.76,09-20-2026 22:00:32:240,127401,167862
163.77,09-20-2026 22:00:32:250,127391,167821
163.78,09-20-2026 22:00:32:260,127413,167873
163.79,09-20-2026 22:00:32:270,127409,167834
163.8,09-20-2026 22:00:32:280,127390,167878
163.81,09-20-2026 22:00:32:290,127410,167835
163.82,09-20-2026 22:00:32:300,127391,167870
163.83,09-20-2026 22:00:32:310,127398,167859
163.84,09-20-2026 22:00:32:320,127394,167866
163.85,09-20-2026 22:00:32:330,127399,167829
163.86,09-20-2026 22:00:32:340,127417,167849
163.87,09-20-2026 22:00:32:350,127388,167821
163.88,09-20-2026 22:00:32:360,127405,167859
163.89,09-20-2026 22:00:32:370,127402,167814
163.9,09-20-2026 22:00:32:380,127379,167843
163.91,09-20-2026 22:00:32:390,127396,167823
163.92,09-20-2026 22:00:32:400,127395,167824
163.93,09-20-2026 22:00:32:410,127383,167828
163.94,09-20-2026 22:00:32:420,127390,167841
163.95,09-20-2026 22:00:32:430,127400,167828
163.96,09-20-2026 22:00:32:440,127414,167822
163.97,09-20-2026 22:00:32:450,127395,167845
163.98,09-20-2026 22:00:32:460,127416,167826
163.99,09-20-2026 22:00:32:470,127404,167829
164,09-20-2026 22:00:32:480,127391,167828
164.01,09-20-2026 22:00:32:490,127393,167846
164.02,09-20-2026 22:00:32:500,127404,167810
164.03,09-20-2026 22:00:32:510,127402,167817
164.04,09-20-2026 22:00:32:520,127393,167803
164.05,09-20-2026 22:00:32:530,127398,167826
164.06,09-20-2026 22:00:32:540,127387,167801
164.07,09-20-2026 22:00:32:550,127383,167819
164.08,09-20-2026 22:00:32:560,127408,167807
164.09,09-20-2026 22:00:32:570,127398,167834
164.1,09-20-2026 22:00:32:580,127385,167811
164.11,09-20-2026 22:00:32:590,127399,167825
164.12,09-20-2026 22:00:32:600,127392,167797
164.13,09-20-2026 22:00:32:610,127391,167828
164.14,09-20-2026 22:00:32:620,127380,167801
164.15,09-20-2026 22:00:32:630,127396,167833
164.16,09-20-2026 22:00:32:640,127399,167798
164.17,09-20-2026 22:00:32:650,127391,167828
164.18,09-20-2026 22:00:32:660,127387,167806
164.19,09-20-2026 22:00:32:670,127391,167850
164.2,09-20-2026 22:00:32:680,127395,167811
164.21,09-20-2026 22:00:32:690,127385,167838
164.22,09-20-2026 22:00:32:700,127384,167798
164.23,09-20-2026 22:00:32:710,127402,167847
164.24,09-20-2026 22:00:32:720,127391,167806
164.25,09-20-2026 22:00:32:730,127383,167842
164.26,09-20-2026 22:00:32:740,127386,167813
164.27,09-20-2026 22:00:32:750,127390,167826
164.28,09-20-2026 22:00:32:760,127396,167798
164.29,09-20-2026 22:00:32:770,127402,167835
164.3,09-20-2026 22:00:32:780,127389,167815
164.31,09-20-2026 22:00:32:790,127385,167827
164.32,09-20-2026 22:00:32:800,127392,167794
164.33,09-20-2026 22:00:32:810,127387,167834
164.34,09-20-2026 22:00:32:820,127388,167798
164.35,09-20-2026 22:00:32:830,127386,167837
164.36,09-20-2026 22:00:32:840,127382,167802
164.37,09-20-2026 22:00:32:850,127382,167827
164.38,09-20-2026 22:00:32:860,127376,167810
164.39,09-20-2026 22:00:32:870,127389,167810
164.4,09-20-2026 22:00:32:880,127395,167810
164.41,09-20-2026 22:00:32:890,127387,167804
164.42,09-20-2026 22:00:32:900,127384,167810
164.43,09-20-2026 22:00:32:910,127391,167821
164.44,09-20-2026 22:00:32:920,127387,167813
164.45,09-20-2026 22:00:32:930,127381,167824
164.46,09-20-2026 22:00:32:940,127384,167827
164.47,09-20-2026 22:00:32:950,127392,167818
164.48,09-20-2026 22:00:32:960,127380,167820
164.49,09-20-2026 22:00:32:970,127393,167820
164.5,09-20-2026 22:00:32:980,127383,167833
164.51,09-20-2026 22:00:32:990,127390,167828
164.52,09-20-2026 22:00:33:000,127404,167833
164.53,09-20-2026 22:00:33:010,127397,167826
164.54,09-20-2026 22:00:33:020,127406,167834
164.55,09-20-2026 22:00:33:030,127381,167838
164.56,09-20-2026 22:00:33:040,127375,167849
164.57,09-20-2026 22:00:33:050,127390,167845
164.58,09-20-2026 22:00:33:060,127394,167838
164.59,09-20-2026 22:00:33:070,127393,167849
164.6,09-20-2026 22:00:33:080,127413,167854
164.61,09-20-2026 22:00:33:090,127397,167835
164.62,09-20-2026 22:00:33:100,127401,167835
164.63,09-20-2026 22:00:33:110,127404,167850
164.64,09-20-2026 22:00:33:120,127410,167839
164.65,09-20-2026 22:00:33:130,127412,167866
164.66,09-20-2026 22:00:33:140,127405,167883
164.67,09-20-2026 22:00:33:150,127396,167863
164.68,09-20-2026 22:00:33:160,127404,167857
164.69,09-20-2026 22:00:33:170,127388,167866
164.7,09-20-2026 22:00:33:180,127405,167859
164.71,09-20-2026 22:00:33:190,127391,167856
164.72,09-20-2026 22:00:33:200,127379,167885
164.73,09-20-2026 22:00:33:210,127413,167877
164.74,09-20-2026 22:00:33:220,127413,167878
164.75,09-20-2026 22:00:33:230,127403,167879
164.76,09-20-2026 22:00:33:240,127401,167886
164.77,09-20-2026 22:00:33:250,127414,167883
164.78,09-20-2026 22:00:33:260,127403,167883
164.79,09-20-2026 22:00:33:270,127403,167899
164.8,09-20-2026 22:00:33:280,127400,167885
164.81,09-20-2026 22:00:33:290,127403,167900
164.82,09-20-2026 22:00:33:300,127403,167905
164.83,09-20-2026 22:00:33:310,127406,167885
164.84,09-20-2026 22:00:33:320,127419,167888
164.85,09-20-2026 22:00:33:330,127397,167890
164.86,09-20-2026 22:00:33:340,127406,167882
164.87,09-20-2026 22:00:33:350,127410,167870
164.88,09-20-2026 22:00:33:360,127415,167866
164.89,09-20-2026 22:00:33:370,127407,167878
164.9,09-20-2026 22:00:33:380,127410,167862
164.91,09-20-2026 22:00:33:390,127394,167863
164.92,09-20-2026 22:00:33:400,127414,167862
164.93,09-20-2026 22:00:33:410,127391,167862
164.94,09-20-2026 22:00:33:420,127406,167875
164.95,09-20-2026 22:00:33:430,127384,167850
164.96,09-20-2026 22:00:33:440,127411,167849
164.97,09-20-2026 22:00:33:450,127377,167848
164.98,09-20-2026 22:00:33:460,127413,167852
164.99,09-20-2026 22:00:33:470,127386,167844
165,09-20-2026 22:00:33:480,127406,167832
165.01,09-20-2026 22:00:33:490,127384,167840
165.02,09-20-2026 22:00:33:500,127406,167857
165.03,09-20-2026 22:00:33:510,127370,167844
165.04,09-20-2026 22:00:33:520,127418,167839
165.05,09-20-2026 22:00:33:530,127401,167856
165.06,09-20-2026 22:00:33:540,127415,167835
165.07,09-20-2026 22:00:33:550,127387,167833
165.08,09-20-2026 22:00:33:560,127410,167833
165.09,09-20-2026 22:00:33:570,127376,167849
165.1,09-20-2026 22:00:33:580,127414,167840
165.11,09-20-2026 22:00:33:590,127366,167821
165.12,09-20-2026 22:00:33:600,127414,167838
165.13,09-20-2026 22:00:33:610,127389,167828
165.14,09-20-2026 22:00:33:620,127404,167847
165.15,09-20-2026 22:00:33:630,127378,167837
165.16,09-20-2026 22:00:33:640,127414,167840
165.17,09-20-2026 22:00:33:650,127379,167849
165.18,09-20-2026 22:00:33:660,127403,167844
165.19,09-20-2026 22:00:33:670,127368,167844
165.2,09-20-2026 22:00:33:680,127425,167845
165.21,09-20-2026 22:00:33:690,127382,167842
165.22,09-20-2026 22:00:33:700,127408,167843
165.23,09-20-2026 22:00:33:710,127361,167848
165.24,09-20-2026 22:00:33:720,127427,167859
165.25,09-20-2026 22:00:33:730,127371,167849
165.26,09-20-2026 22:00:33:740,127405,167848
165.27,09-20-2026 22:00:33:750,127351,167841
165.28,09-20-2026 22:00:33:760,127406,167857
165.29,09-20-2026 22:00:33:770,127365,167861
165.3,09-20-2026 22:00:33:780,127409,167863
165.31,09-20-2026 22:00:33:790,127355,167852
165.32,09-20-2026 22:00:33:800,127419,167863
165.33,09-20-2026 22:00:33:810,127370,167853
165.34,09-20-2026 22:00:33:820,127416,167866
165.35,09-20-2026 22:00:33:830,127371,167870
165.36,09-20-2026 22:00:33:840,127405,167874
165.37,09-20-2026 22:00:33:850,127395,167863
165.38,09-20-2026 22:00:33:860,127404,167867
165.39,09-20-2026 22:00:33:870,127380,167861
165.4,09-20-2026 22:00:33:880,127419,167862
165.41,09-20-2026 22:00:33:890,127397,167864
165.42,09-20-2026 22:00:33:900,127424,167877
165.43,09-20-2026 22:00:33:910,127401,167885
165.44,09-20-2026 22:00:33:920,127415,167873
165.45,09-20-2026 22:00:33:930,127382,167895
165.46,09-20-2026 22:00:33:940,127413,167881
165.47,09-20-2026 22:00:33:950,127402,167884
165.48,09-20-2026 22:00:33:960,127414,167874
165.49,09-20-2026 22:00:33:970,127415,167886
165.5,09-20-2026 22:00:33:980,127415,167878
165.51,09-20-2026 22:00:33:990,127385,167883
165.52,09-20-2026 22:00:34:000,127417,167889
165.53,09-20-2026 22:00:34:010,127430,167891
165.54,09-20-2026 22:00:34:020,127413,167879
165.55,09-20-2026 22:00:34:030,127422,167899
165.56,09-20-2026 22:00:34:040,127423,167894
165.57,09-20-2026 22:00:34:050,127427,167904
165.58,09-20-2026 22:00:34:060,127434,167902
165.59,09-20-2026 22:00:34:070,127423,167897
165.6,09-20-2026 22:00:34:080,127416,167921
165.61,09-20-2026 22:00:34:090,127438,167906
165.62,09-20-2026 22:00:34:100,127448,167918
165.63,09-20-2026 22:00:34:110,127445,167910
165.64,09-20-2026 22:00:34:120,127435,167911
165.65,09-20-2026 22:00:34:130,127458,167931
165.66,09-20-2026 22:00:34:140,127439,167908
165.67,09-20-2026 22:00:34:150,127432,167941
165.68,09-20-2026 22:00:34:160,127436,167922
165.69,09-20-2026 22:00:34:170,127442,167929
165.7,09-20-2026 22:00:34:180,127431,167934
165.71,09-20-2026 22:00:34:190,127456,167944
165.72,09-20-2026 22:00:34:200,127425,167943
165.73,09-20-2026 22:00:34:210,127470,167936
165.74,09-20-2026 22:00:34:220,127429,167935
165.75,09-20-2026 22:00:34:230,127451,167956
165.76,09-20-2026 22:00:34:240,127438,167940
165.77,09-20-2026 22:00:34:250,127456,167952
165.78,09-20-2026 22:00:34:260,127447,167935
165.79,09-20-2026 22:00:34:270,127469,167923
165.8,09-20-2026 22:00:34:280,127445,167949
165.81,09-20-2026 22:00:34:290,127463,167928
165.82,09-20-2026 22:00:34:300,127455,167927
165.83,09-20-2026 22:00:34:310,127456,167929
165.84,09-20-2026 22:00:34:320,127439,167928
165.85,09-20-2026 22:00:34:330,127489,167930
165.86,09-20-2026 22:00:34:340,127437,167947
165.87,09-20-2026 22:00:34:350,127467,167915
165.88,09-20-2026 22:00:34:360,127435,167922
165.89,09-20-2026 22:00:34:370,127490,167925
165.9,09-20-2026 22:00:34:380,127448,167925
165.91,09-20-2026 22:00:34:390,127472,167915
165.92,09-20-2026 22:00:34:400,127445,167934
165.93,09-20-2026 22:00:34:410,127476,167918
165.94,09-20-2026 22:00:34:420,127465,167930
165.95,09-20-2026 22:00:34:430,127494,167923
165.96,09-20-2026 22:00:34:440,127458,167919
165.97,09-20-2026 22:00:34:450,127467,167918
165.98,09-20-2026 22:00:34:460,127441,167905
165.99,09-20-2026 22:00:34:470,127477,167914
166,09-20-2026 22:00:34:480,127440,167912
166.01,09-20-2026 22:00:34:490,127474,167906
166.02,09-20-2026 22:00:34:500,127443,167914
166.03,09-20-2026 22:00:34:510,127475,167908
166.04,09-20-2026 22:00:34:520,127455,167905
166.05,09-20-2026 22:00:34:530,127480,167918
166.06,09-20-2026 22:00:34:540,127451,167910
166.07,09-20-2026 22:00:34:550,127479,167922
166.08,09-20-2026 22:00:34:560,127464,167920
166.09,09-20-2026 22:00:34:570,127466,167926
166.1,09-20-2026 22:00:34:580,127449,167915
166.11,09-20-2026 22:00:34:590,127461,167924
166.12,09-20-2026 22:00:34:600,127443,167912
166.13,09-20-2026 22:00:34:610,127491,167901
166.14,09-20-2026 22:00:34:620,127457,167916
166.15,09-20-2026 22:00:34:630,127456,167921
166.16,09-20-2026 22:00:34:640,127450,167929
166.17,09-20-2026 22:00:34:650,127452,167917
166.18,09-20-2026 22:00:34:660,127462,167907
166.19,09-20-2026 22:00:34:670,127477,167910
166.2,09-20-2026 22:00:34:680,127461,167921
166.21,09-20-2026 22:00:34:690,127469,167925
166.22,09-20-2026 22:00:34:700,127451,167923
166.23,09-20-2026 22:00:34:710,127455,167928
166.24,09-20-2026 22:00:34:720,127467,167920
166.25,09-20-2026 22:00:34:730,127465,167920
166.26,09-20-2026 22:00:34:740,127457,167921
166.27,09-20-2026 22:00:34:750,127467,167954
166.28,09-20-2026 22:00:34:760,127449,167932
166.29,09-20-2026 22:00:34:770,127456,167957
166.3,09-20-2026 22:00:34:780,127472,167928
166.31,09-20-2026 22:00:34:790,127464,167951
166.32,09-20-2026 22:00:34:800,127474,167939
166.33,09-20-2026 22:00:34:810,127453,167938
166.34,09-20-2026 22:00:34:820,127450,167947
166.35,09-20-2026 22:00:34:830,127460,167942
166.36,09-20-2026 22:00:34:840,127462,167935
166.37,09-20-2026 22:00:34:850,127463,167943
166.38,09-20-2026 22:00:34:860,127457,167934
166.39,09-20-2026 22:00:34:870,127440,167945
166.4,09-20-2026 22:00:34:880,127465,167934
166.41,09-20-2026 22:00:34:890,127468,167958
166.42,09-20-2026 22:00:34:900,127462,167942
166.43,09-20-2026 22:00:34:910,127465,167944
166.44,09-20-2026 22:00:34:920,127466,167949
166.45,09-20-2026 22:00:34:930,127454,167963
166.46,09-20-2026 22:00:34:940,127468,167935
166.47,09-20-2026 22:00:34:950,127460,167970
166.48,09-20-2026 22:00:34:960,127470,167959
166.49,09-20-2026 22:00:34:970,127477,167969
166.5,09-20-2026 22:00:34:980,127451,167933
166.51,09-20-2026 22:00:34:990,127468,167976
166.52,09-20-2026 22:00:35:000,127454,167940
166.53,09-20-2026 22:00:35:010,127470,167986
166.54,09-20-2026 22:00:35:020,127462,167951
166.55,09-20-2026 22:00:35:030,127474,167966
166.56,09-20-2026 22:00:35:040,127492,167958
166.57,09-20-2026 22:00:35:050,127473,167988
166.58,09-20-2026 22:00:35:060,127488,167957
166.59,09-20-2026 22:00:35:070,127474,167977
166.6,09-20-2026 22:00:35:080,127483,167950
166.61,09-20-2026 22:00:35:090,127486,168005
166.62,09-20-2026 22:00:35:100,127499,167963
166.63,09-20-2026 22:00:35:110,127486,168001
166.64,09-20-2026 22:00:35:120,127471,167975
166.65,09-20-2026 22:00:35:130,127473,168016
166.66,09-20-2026 22:00:35:140,127488,167990
166.67,09-20-2026 22:00:35:150,127481,168022
166.68,09-20-2026 22:00:35:160,127475,167978
166.69,09-20-2026 22:00:35:170,127491,168017
166.7,09-20-2026 22:00:35:180,127478,167966
166.71,09-20-2026 22:00:35:190,127490,168006
166.72,09-20-2026 22:00:35:200,127493,167956
166.73,09-20-2026 22:00:35:210,127497,167993
166.74,09-20-2026 22:00:35:220,127490,167955
166.75,09-20-2026 22:00:35:230,127477,167984
166.76,09-20-2026 22:00:35:240,127475,167934
166.77,09-20-2026 22:00:35:250,127488,168012
166.78,09-20-2026 22:00:35:260,127496,167938
166.79,09-20-2026 22:00:35:270,127494,167984
166.8,09-20-2026 22:00:35:280,127497,167949
166.81,09-20-2026 22:00:35:290,127494,167981
166.82,09-20-2026 22:00:35:300,127485,167947
166.83,09-20-2026 22:00:35:310,127491,167979
166.84,09-20-2026 22:00:35:320,127492,167912
166.85,09-20-2026 22:00:35:330,127482,167986
166.86,09-20-2026 22:00:35:340,127498,167950
166.87,09-20-2026 22:00:35:350,127490,167996
166.88,09-20-2026 22:00:35:360,127482,167947
166.89,09-20-2026 22:00:35:370,127506,167970
166.9,09-20-2026 22:00:35:380,127501,167945
166.91,09-20-2026 22:00:35:390,127484,167954
166.92,09-20-2026 22:00:35:400,127478,167945
166.93,09-20-2026 22:00:35:410,127493,167969
166.94,09-20-2026 22:00:35:420,127475,167936
166.95,09-20-2026 22:00:35:430,127488,167975
166.96,09-20-2026 22:00:35:440,127494,167951
166.97,09-20-2026 22:00:35:450,127499,167977
166.98,09-20-2026 22:00:35:460,127495,167945
166.99,09-20-2026 22:00:35:470,127480,167978
167,09-20-2026 22:00:35:480,127504,167941
167.01,09-20-2026 22:00:35:490,127505,167980
167.02,09-20-2026 22:00:35:500,127496,167962
167.03,09-20-2026 22:00:35:510,127498,167983
167.04,09-20-2026 22:00:35:520,127497,167958
167.05,09-20-2026 22:00:35:530,127498,167972
167.06,09-20-2026 22:00:35:540,127500,167989
167.07,09-20-2026 22:00:35:550,127521,167977
167.08,09-20-2026 22:00:35:560,127504,167976
167.09,09-20-2026 22:00:35:570,127499,167979
167.1,09-20-2026 22:00:35:580,127496,167981
167.11,09-20-2026 22:00:35:590,127494,167983
167.12,09-20-2026 22:00:35:600,127506,168003
167.13,09-20-2026 22:00:35:610,127488,167974
167.14,09-20-2026 22:00:35:620,127493,167997
167.15,09-20-2026 22:00:35:630,127504,167975
167.16,09-20-2026 22:00:35:640,127510,168011
167.17,09-20-2026 22:00:35:650,127485,167993
167.18,09-20-2026 22:00:35:660,127499,168003
167.19,09-20-2026 22:00:35:670,127507,167978
167.2,09-20-2026 22:00:35:680,127513,168011
167.21,09-20-2026 22:00:35:690,127520,167969
167.22,09-20-2026 22:00:35:700,127508,168020
167.23,09-20-2026 22:00:35:710,127495,167994
167.24,09-20-2026 22:00:35:720,127496,168019
167.25,09-20-2026 22:00:35:730,127521,168001
167.26,09-20-2026 22:00:35:740,127509,168034
167.27,09-20-2026 22:00:35:750,127508,167991
167.28,09-20-2026 22:00:35:760,127506,168033
167.29,09-20-2026 22:00:35:770,127505,167997
167.3,09-20-2026 22:00:35:780,127503,168032
167.31,09-20-2026 22:00:35:790,127501,168002
167.32,09-20-2026 22:00:35:800,127516,168040
167.33,09-20-2026 22:00:35:810,127504,168018
167.34,09-20-2026 22:00:35:820,127514,168037
167.35,09-20-2026 22:00:35:830,127511,168018
167.36,09-20-2026 22:00:35:840,127502,168030
167.37,09-20-2026 22:00:35:850,127509,168027
167.38,09-20-2026 22:00:35:860,127501,168052
167.39,09-20-2026 22:00:35:870,127518,168037
167.4,09-20-2026 22:00:35:880,127500,168073
167.41,09-20-2026 22:00:35:890,127500,168035
167.42,09-20-2026 22:00:35:900,127522,168063
167.43,09-20-2026 22:00:35:910,127505,168022
167.44,09-20-2026 22:00:35:920,127504,168077
167.45,09-20-2026 22:00:35:930,127521,168042
167.46,09-20-2026 22:00:35:940,127514,168068
167.47,09-20-2026 22:00:35:950,127512,168057
167.48,09-20-2026 22:00:35:960,127510,168091
167.49,09-20-2026 22:00:35:970,127529,168062
167.5,09-20-2026 22:00:35:980,127531,168112
167.51,09-20-2026 22:00:35:990,127526,168062
167.52,09-20-2026 22:00:36:000,127523,168119
167.53,09-20-2026 22:00:36:010,127527,168064
167.54,09-20-2026 22:00:36:020,127520,168101
167.55,09-20-2026 22:00:36:030,127509,168073
167.56,09-20-2026 22:00:36:040,127515,168096
167.57,09-20-2026 22:00:36:050,127535,168075
167.58,09-20-2026 22:00:36:060,127538,168082
167.59,09-20-2026 22:00:36:070,127532,168079
167.6,09-20-2026 22:00:36:080,127533,168102
167.61,09-20-2026 22:00:36:090,127516,168068
167.62,09-20-2026 22:00:36:100,127532,168101
167.63,09-20-2026 22:00:36:110,127528,168093
167.64,09-20-2026 22:00:36:120,127516,168102
167.65,09-20-2026 22:00:36:130,127536,168090
167.66,09-20-2026 22:00:36:140,127531,168119
167.67,09-20-2026 22:00:36:150,127528,168080
167.68,09-20-2026 22:00:36:160,127530,168115
167.69,09-20-2026 22:00:36:170,127540,168092
167.7,09-20-2026 22:00:36:180,127530,168111
167.71,09-20-2026 22:00:36:190,127542,168113
167.72,09-20-2026 22:00:36:200,127542,168096
167.73,09-20-2026 22:00:36:210,127534,168099
167.74,09-20-2026 22:00:36:220,127542,168081
167.75,09-20-2026 22:00:36:230,127531,168088
167.76,09-20-2026 22:00:36:240,127542,168080
167.77,09-20-2026 22:00:36:250,127537,168082
167.78,09-20-2026 22:00:36:260,127541,168074
167.79,09-20-2026 22:00:36:270,127534,168060
167.8,09-20-2026 22:00:36:280,127563,168092
167.81,09-20-2026 22:00:36:290,127526,168084
167.82,09-20-2026 22:00:36:300,127542,168060
167.83,09-20-2026 22:00:36:310,127527,168063
167.84,09-20-2026 22:00:36:320,127545,168072
167.85,09-20-2026 22:00:36:330,127544,168059
167.86,09-20-2026 22:00:36:340,127543,168060
167.87,09-20-2026 22:00:36:350,127531,168073
167.88,09-20-2026 22:00:36:360,127543,168053
167.89,09-20-2026 22:00:36:370,127538,168070
167.9,09-20-2026 22:00:36:380,127539,168069
167.91,09-20-2026 22:00:36:390,127536,168046
167.92,09-20-2026 22:00:36:400,127543,168066
167.93,09-20-2026 22:00:36:410,127549,168051
167.94,09-20-2026 22:00:36:420,127549,168042
167.95,09-20-2026 22:00:36:430,127550,168063
167.96,09-20-2026 22:00:36:440,127532,168059
167.97,09-20-2026 22:00:36:450,127540,168052
167.98,09-20-2026 22:00:36:460,127553,168069
167.99,09-20-2026 22:00:36:470,127543,168050
168,09-20-2026 22:00:36:480,127551,168042
168.01,09-20-2026 22:00:36:490,127536,168036
168.02,09-20-2026 22:00:36:500,127542,168051
168.03,09-20-2026 22:00:36:510,127539,168047
168.04,09-20-2026 22:00:36:520,127551,168057
168.05,09-20-2026 22:00:36:530,127539,168055
168.06,09-20-2026 22:00:36:540,127538,168070
168.07,09-20-2026 22:00:36:550,127559,168043
168.08,09-20-2026 22:00:36:560,127539,168077
168.09,09-20-2026 22:00:36:570,127556,168064
168.1,09-20-2026 22:00:36:580,127556,168056
168.11,09-20-2026 22:00:36:590,127543,168047
168.12,09-20-2026 22:00:36:600,127555,168062
168.13,09-20-2026 22:00:36:610,127543,168058
168.14,09-20-2026 22:00:36:620,127538,168059
168.15,09-20-2026 22:00:36:630,127547,168060
168.16,09-20-2026 22:00:36:640,127539,168052
168.17,09-20-2026 22:00:36:650,127548,168068
168.18,09-20-2026 22:00:36:660,127546,168070
168.19,09-20-2026 22:00:36:670,127551,168066
168.2,09-20-2026 22:00:36:680,127530,168079
168.21,09-20-2026 22:00:36:690,127537,168073
168.22,09-20-2026 22:00:36:700,127526,168046
168.23,09-20-2026 22:00:36:710,127556,168072
168.24,09-20-2026 22:00:36:720,127518,168068
168.25,09-20-2026 22:00:36:730,127543,168063
168.26,09-20-2026 22:00:36:740,127544,168084
168.27,09-20-2026 22:00:36:750,127558,168080
168.28,09-20-2026 22:00:36:760,127537,168070
168.29,09-20-2026 22:00:36:770,127546,168077
168.3,09-20-2026 22:00:36:780,127534,168077
168.31,09-20-2026 22:00:36:790,127556,168070
168.32,09-20-2026 22:00:36:800,127533,168081
168.33,09-20-2026 22:00:36:810,127561,168088
168.34,09-20-2026 22:00:36:820,127537,168091
168.35,09-20-2026 22:00:36:830,127559,168083
168.36,09-20-2026 22:00:36:840,127524,168089
168.37,09-20-2026 22:00:36:850,127559,168103
168.38,09-20-2026 22:00:36:860,127535,168099
168.39,09-20-2026 22:00:36:870,127536,168088
168.4,09-20-2026 22:00:36:880,127520,168102
168.41,09-20-2026 22:00:36:890,127572,168091
168.42,09-20-2026 22:00:36:900,127541,168092
168.43,09-20-2026 22:00:36:910,127546,168108
168.44,09-20-2026 22:00:36:920,127536,168105
168.45,09-20-2026 22:00:36:930,127559,168103
168.46,09-20-2026 22:00:36:940,127519,168107
168.47,09-20-2026 22:00:36:950,127565,168119
168.48,09-20-2026 22:00:36:960,127518,168101
168.49,09-20-2026 22:00:36:970,127550,168104
168.5,09-20-2026 22:00:36:980,127517,168097
168.51,09-20-2026 22:00:36:990,127555,168122
168.52,09-20-2026 22:00:37:000,127529,168113
168.53,09-20-2026 22:00:37:010,127557,168120
168.54,09-20-2026 22:00:37:020,127527,168105
168.55,09-20-2026 22:00:37:030,127569,168130
168.56,09-20-2026 22:00:37:040,127516,168137
168.57,09-20-2026 22:00:37:050,127576,168135
168.58,09-20-2026 22:00:37:060,127530,168140
168.59,09-20-2026 22:00:37:070,127580,168142
168.6,09-20-2026 22:00:37:080,127522,168126
168.61,09-20-2026 22:00:37:090,127564,168147
168.62,09-20-2026 22:00:37:100,127538,168147
168.63,09-20-2026 22:00:37:110,127586,168145
168.64,09-20-2026 22:00:37:120,127528,168147
168.65,09-20-2026 22:00:37:130,127567,168153
168.66,09-20-2026 22:00:37:140,127542,168143
168.67,09-20-2026 22:00:37:150,127570,168139
168.68,09-20-2026 22:00:37:160,127539,168149
168.69,09-20-2026 22:00:37:170,127575,168148
168.7,09-20-2026 22:00:37:180,127545,168139
168.71,09-20-2026 22:00:37:190,127570,168140
168.72,09-20-2026 22:00:37:200,127552,168125
168.73,09-20-2026 22:00:37:210,127581,168131
168.74,09-20-2026 22:00:37:220,127551,168133
168.75,09-20-2026 22:00:37:230,127591,168128
168.76,09-20-2026 22:00:37:240,127541,168126
168.77,09-20-2026 22:00:37:250,127568,168125
168.78,09-20-2026 22:00:37:260,127544,168122
168.79,09-20-2026 22:00:37:270,127579,168108
168.8,09-20-2026 22:00:37:280,127550,168104
168.81,09-20-2026 22:00:37:290,127575,168124
168.82,09-20-2026 22:00:37:300,127563,168123
168.83,09-20-2026 22:00:37:310,127589,168109
168.84,09-20-2026 22:00:37:320,127563,168104
168.85,09-20-2026 22:00:37:330,127570,168109
168.86,09-20-2026 22:00:37:340,127578,168106
168.87,09-20-2026 22:00:37:350,127569,168099
168.88,09-20-2026 22:00:37:360,127563,168090
168.89,09-20-2026 22:00:37:370,127568,168093
168.9,09-20-2026 22:00:37:380,127588,168093
168.91,09-20-2026 22:00:37:390,127571,168100
168.92,09-20-2026 22:00:37:400,127583,168081
168.93,09-20-2026 22:00:37:410,127591,168102
168.94,09-20-2026 22:00:37:420,127595,168098
168.95,09-20-2026 22:00:37:430,127580,168085
168.96,09-20-2026 22:00:37:440,127588,168097
168.97,09-20-2026 22:00:37:450,127581,168126
168.98,09-20-2026 22:00:37:460,127572,168080
168.99,09-20-2026 22:00:37:470,127566,168082
169,09-20-2026 22:00:37:480,127594,168090
169.01,09-20-2026 22:00:37:490,127573,168090
169.02,09-20-2026 22:00:37:500,127600,168108
169.03,09-20-2026 22:00:37:510,127566,168068
169.04,09-20-2026 22:00:37:520,127595,168099
169.05,09-20-2026 22:00:37:530,127580,168104
169.06,09-20-2026 22:00:37:540,127593,168097
169.07,09-20-2026 22:00:37:550,127575,168090
169.08,09-20-2026 22:00:37:560,127609,168093
169.09,09-20-2026 22:00:37:570,127585,168081
169.1,09-20-2026 22:00:37:580,127620,168098
169.11,09-20-2026 22:00:37:590,127579,168088
169.12,09-20-2026 22:00:37:600,127609,168090
169.13,09-20-2026 22:00:37:610,127575,168106
169.14,09-20-2026 22:00:37:620,127601,168094
169.15,09-20-2026 22:00:37:630,127582,168100
169.16,09-20-2026 22:00:37:640,127612,168099
169.17,09-20-2026 22:00:37:650,127601,168106
169.18,09-20-2026 22:00:37:660,127610,168102
169.19,09-20-2026 22:00:37:670,127597,168115
169.2,09-20-2026 22:00:37:680,127605,168107
169.21,09-20-2026 22:00:37:690,127576,168107
169.22,09-20-2026 22:00:37:700,127609,168108
169.23,09-20-2026 22:00:37:710,127590,168112
169.24,09-20-2026 22:00:37:720,127604,168119
169.25,09-20-2026 22:00:37:730,127591,168113
169.26,09-20-2026 22:00:37:740,127609,168105
169.27,09-20-2026 22:00:37:750,127596,168101
169.28,09-20-2026 22:00:37:760,127624,168111
169.29,09-20-2026 22:00:37:770,127575,168120
169.3,09-20-2026 22:00:37:780,127632,168119
169.31,09-20-2026 22:00:37:790,127586,168108
169.32,09-20-2026 22:00:37:800,127610,168130
169.33,09-20-2026 22:00:37:810,127578,168132
169.34,09-20-2026 22:00:37:820,127605,168139
169.35,09-20-2026 22:00:37:830,127590,168144
169.36,09-20-2026 22:00:37:840,127629,168126
169.37,09-20-2026 22:00:37:850,127589,168130
169.38,09-20-2026 22:00:37:860,127610,168134
169.39,09-20-2026 22:00:37:870,127596,168147
169.4,09-20-2026 22:00:37:880,127637,168124
169.41,09-20-2026 22:00:37:890,127582,168144
169.42,09-20-2026 22:00:37:900,127623,168136
169.43,09-20-2026 22:00:37:910,127583,168149
169.44,09-20-2026 22:00:37:920,127620,168144
169.45,09-20-2026 22:00:37:930,127577,168142
169.46,09-20-2026 22:00:37:940,127617,168161
169.47,09-20-2026 22:00:37:950,127605,168151
169.48,09-20-2026 22:00:37:960,127613,168155
169.49,09-20-2026 22:00:37:970,127584,168162
169.5,09-20-2026 22:00:37:980,127607,168144
169.51,09-20-2026 22:00:37:990,127574,168156
169.52,09-20-2026 22:00:38:000,127593,168150
169.53,09-20-2026 22:00:38:010,127587,168158
169.54,09-20-2026 22:00:38:020,127600,168148
169.55,09-20-2026 22:00:38:030,127601,168157
169.56,09-20-2026 22:00:38:040,127599,168151
169.57,09-20-2026 22:00:38:050,127595,168146
169.58,09-20-2026 22:00:38:060,127592,168149
169.59,09-20-2026 22:00:38:070,127603,168152
169.6,09-20-2026 22:00:38:080,127606,168145
169.61,09-20-2026 22:00:38:090,127579,168111
169.62,09-20-2026 22:00:38:100,127587,168134
169.63,09-20-2026 22:00:38:110,127596,168129
169.64,09-20-2026 22:00:38:120,127589,168128
169.65,09-20-2026 22:00:38:130,127597,168106
169.66,09-20-2026 22:00:38:140,127603,168141
169.67,09-20-2026 22:00:38:150,127584,168120
169.68,09-20-2026 22:00:38:160,127590,168103
169.69,09-20-2026 22:00:38:170,127589,168097
169.7,09-20-2026 22:00:38:180,127589,168097
169.71,09-20-2026 22:00:38:190,127593,168121
169.72,09-20-2026 22:00:38:200,127593,168095
169.73,09-20-2026 22:00:38:210,127595,168111
169.74,09-20-2026 22:00:38:220,127595,168082
169.75,09-20-2026 22:00:38:230,127573,168104
169.76,09-20-2026 22:00:38:240,127609,168072
169.77,09-20-2026 22:00:38:250,127593,168102
169.78,09-20-2026 22:00:38:260,127607,168071
169.79,09-20-2026 22:00:38:270,127594,168083
169.8,09-20-2026 22:00:38:280,127589,168062
169.81,09-20-2026 22:00:38:290,127595,168093
169.82,09-20-2026 22:00:38:300,127585,168070
169.83,09-20-2026 22:00:38:310,127598,168092
169.84,09-20-2026 22:00:38:320,127592,168075
169.85,09-20-2026 22:00:38:330,127603,168076
169.86,09-20-2026 22:00:38:340,127590,168062
169.87,09-20-2026 22:00:38:350,127596,168095
169.88,09-20-2026 22:00:38:360,127601,168069
169.89,09-20-2026 22:00:38:370,127592,168083
169.9,09-20-2026 22:00:38:380,127588,168057
169.91,09-20-2026 22:00:38:390,127589,168088
169.92,09-20-2026 22:00:38:400,127593,168046
169.93,09-20-2026 22:00:38:410,127601,168100
169.94,09-20-2026 22:00:38:420,127618,168050
169.95,09-20-2026 22:00:38:430,127601,168081
169.96,09-20-2026 22:00:38:440,127583,168042
169.97,09-20-2026 22:00:38:450,127585,168098
169.98,09-20-2026 22:00:38:460,127580,168053
169.99,09-20-2026 22:00:38:470,127608,168075
170,09-20-2026 22:00:38:480,127594,168037
170.01,09-20-2026 22:00:38:490,127604,168097
170.02,09-20-2026 22:00:38:500,127599,168046
170.03,09-20-2026 22:00:38:510,127589,168098
170.04,09-20-2026 22:00:38:520,127604,168010
170.05,09-20-2026 22:00:38:530,127596,168102
170.06,09-20-2026 22:00:38:540,127599,168027
170.07,09-20-2026 22:00:38:550,127592,168085
170.08,09-20-2026 22:00:38:560,127602,168029
170.09,09-20-2026 22:00:38:570,127584,168076
170.1,09-20-2026 22:00:38:580,127568,168019
170.11,09-20-2026 22:00:38:590,127594,168091
170.12,09-20-2026 22:00:38:600,127596,168016
170.13,09-20-2026 22:00:38:610,127600,168096
170.14,09-20-2026 22:00:38:620,127613,168035
170.15,09-20-2026 22:00:38:630,127594,168095
170.16,09-20-2026 22:00:38:640,127596,168045
170.17,09-20-2026 22:00:38:650,127596,168098
170.18,09-20-2026 22:00:38:660,127605,168076
170.19,09-20-2026 22:00:38:670,127594,168100
170.2,09-20-2026 22:00:38:680,127601,168059
170.21,09-20-2026 22:00:38:690,127586,168116
170.22,09-20-2026 22:00:38:700,127579,168073
170.23,09-20-2026 22:00:38:710,127595,168111
170.24,09-20-2026 22:00:38:720,127603,168081
170.25,09-20-2026 22:00:38:730,127624,168104
170.26,09-20-2026 22:00:38:740,127601,168078
170.27,09-20-2026 22:00:38:750,127602,168113
170.28,09-20-2026 22:00:38:760,127594,168089
170.29,09-20-2026 22:00:38:770,127596,168106
170.3,09-20-2026 22:00:38:780,127593,168092
170.31,09-20-2026 22:00:38:790,127601,168125
170.32,09-20-2026 22:00:38:800,127609,168098
170.33,09-20-2026 22:00:38:810,127598,168112
170.34,09-20-2026 22:00:38:820,127594,168110
170.35,09-20-2026 22:00:38:830,127583,168136
170.36,09-20-2026 22:00:38:840,127598,168096
170.37,09-20-2026 22:00:38:850,127601,168133
170.38,09-20-2026 22:00:38:860,127599,168147
170.39,09-20-2026 22:00:38:870,127601,168134
170.4,09-20-2026 22:00:38:880,127601,168134
170.41,09-20-2026 22:00:38:890,127598,168134
170.42,09-20-2026 22:00:38:900,127600,168145
170.43,09-20-2026 22:00:38:910,127594,168137
170.44,09-20-2026 22:00:38:920,127593,168153
170.45,09-20-2026 22:00:38:930,127607,168131
170.46,09-20-2026 22:00:38:940,127598,168152
170.47,09-20-2026 22:00:38:950,127599,168152
170.48,09-20-2026 22:00:38:960,127612,168160
170.49,09-20-2026 22:00:38:970,127608,168167
170.5,09-20-2026 22:00:38:980,127609,168162
170.51,09-20-2026 22:00:38:990,127602,168170
170.52,09-20-2026 22:00:39:000,127595,168177
170.53,09-20-2026 22:00:39:010,127602,168161
170.54,09-20-2026 22:00:39:020,127606,168191
170.55,09-20-2026 22:00:39:030,127613,168158
170.56,09-20-2026 22:00:39:040,127612,168175
170.57,09-20-2026 22:00:39:050,127610,168171
170.58,09-20-2026 22:00:39:060,127589,168191
170.59,09-20-2026 22:00:39:070,127594,168154
170.6,09-20-2026 22:00:39:080,127601,168152
170.61,09-20-2026 22:00:39:090,127606,168140
170.62,09-20-2026 22:00:39:100,127612,168154
170.63,09-20-2026 22:00:39:110,127613,168131
170.64,09-20-2026 22:00:39:120,127600,168137
170.65,09-20-2026 22:00:39:130,127598,168106
170.66,09-20-2026 22:00:39:140,127608,168126
170.67,09-20-2026 22:00:39:150,127608,168126
170.68,09-20-2026 22:00:39:160,127605,168164
170.69,09-20-2026 22:00:39:170,127615,168111
170.7,09-20-2026 22:00:39:180,127601,168166
170.71,09-20-2026 22:00:39:190,127622,168103
170.72,09-20-2026 22:00:39:200,127616,168123
170.73,09-20-2026 22:00:39:210,127611,168103
170.74,09-20-2026 22:00:39:220,127599,168126
170.75,09-20-2026 22:00:39:230,127600,168105
170.76,09-20-2026 22:00:39:240,127597,168107
170.77,09-20-2026 22:00:39:250,127618,168073
170.78,09-20-2026 22:00:39:260,127600,168124
170.79,09-20-2026 22:00:39:270,127616,168086
170.8,09-20-2026 22:00:39:280,127592,168114
170.81,09-20-2026 22:00:39:290,127598,168087
170.82,09-20-2026 22:00:39:300,127590,168107
170.83,09-20-2026 22:00:39:310,127610,168088
170.84,09-20-2026 22:00:39:320,127595,168118
170.85,09-20-2026 22:00:39:330,127606,168082
170.86,09-20-2026 22:00:39:340,127585,168098
170.87,09-20-2026 22:00:39:350,127587,168071
170.88,09-20-2026 22:00:39:360,127607,168067
170.89,09-20-2026 22:00:39:370,127590,168058
170.9,09-20-2026 22:00:39:380,127593,168093
170.91,09-20-2026 22:00:39:390,127610,168082
170.92,09-20-2026 22:00:39:400,127599,168094
170.93,09-20-2026 22:00:39:410,127583,168080
170.94,09-20-2026 22:00:39:420,127612,168091
170.95,09-20-2026 22:00:39:430,127608,168080
170.96,09-20-2026 22:00:39:440,127580,168105
170.97,09-20-2026 22:00:39:450,127603,168087
170.98,09-20-2026 22:00:39:460,127599,168082
170.99,09-20-2026 22:00:39:470,127592,168063
171,09-20-2026 22:00:39:480,127586,168108
171.01,09-20-2026 22:00:39:490,127596,168074
171.02,09-20-2026 22:00:39:500,127586,168079
171.03,09-20-2026 22:00:39:510,127605,168085
171.04,09-20-2026 22:00:39:520,127585,168072
171.05,09-20-2026 22:00:39:530,127591,168084
171.06,09-20-2026 22:00:39:540,127609,168087
171.07,09-20-2026 22:00:39:550,127598,168066
171.08,09-20-2026 22:00:39:560,127594,168084
171.09,09-20-2026 22:00:39:570,127596,168090
171.1,09-20-2026 22:00:39:580,127600,168090
171.11,09-20-2026 22:00:39:590,127594,168076
171.12,09-20-2026 22:00:39:600,127607,168081
171.13,09-20-2026 22:00:39:610,127598,168087
171.14,09-20-2026 22:00:39:620,127601,168086
171.15,09-20-2026 22:00:39:630,127599,168076
171.16,09-20-2026 22:00:39:640,127590,168098
171.17,09-20-2026 22:00:39:650,127591,168079
171.18,09-20-2026 22:00:39:660,127592,168092
171.19,09-20-2026 22:00:39:670,127588,168076
171.2,09-20-2026 22:00:39:680,127592,168078
171.21,09-20-2026 22:00:39:690,127594,168098
171.22,09-20-2026 22:00:39:700,127597,168075
171.23,09-20-2026 22:00:39:710,127588,168086
171.24,09-20-2026 22:00:39:720,127591,168082
171.25,09-20-2026 22:00:39:730,127580,168093
171.26,09-20-2026 22:00:39:740,127596,168091
171.27,09-20-2026 22:00:39:750,127594,168083
171.28,09-20-2026 22:00:39:760,127589,168093
171.29,09-20-2026 22:00:39:770,127602,168076
171.3,09-20-2026 22:00:39:780,127596,168097
171.31,09-20-2026 22:00:39:790,127579,168116
171.32,09-20-2026 22:00:39:800,127593,168107
171.33,09-20-2026 22:00:39:810,127593,168108
171.34,09-20-2026 22:00:39:820,127591,168105
171.35,09-20-2026 22:00:39:830,127574,168116
171.36,09-20-2026 22:00:39:840,127574,168102
171.37,09-20-2026 22:00:39:850,127592,168108
171.38,09-20-2026 22:00:39:860,127595,168114
171.39,09-20-2026 22:00:39:870,127591,168116
171.4,09-20-2026 22:00:39:880,127606,168119
171.41,09-20-2026 22:00:39:890,127599,168126
171.42,09-20-2026 22:00:39:900,127591,168126
171.43,09-20-2026 22:00:39:910,127612,168129
171.44,09-20-2026 22:00:39:920,127603,168113
171.45,09-20-2026 22:00:39:930,127601,168128
171.46,09-20-2026 22:00:39:940,127552,168137
171.47,09-20-2026 22:00:39:950,127598,168140
171.48,09-20-2026 22:00:39:960,127569,168148
171.49,09-20-2026 22:00:39:970,127600,168136
171.5,09-20-2026 22:00:39:980,127590,168127
171.51,09-20-2026 22:00:39:990,127590,168141
171.52,09-20-2026 22:00:40:000,127592,168124
171.53,09-20-2026 22:00:40:010,127585,168135
171.54,09-20-2026 22:00:40:020,127585,168145
171.55,09-20-2026 22:00:40:030,127611,168136
171.56,09-20-2026 22:00:40:040,127588,168159
171.57,09-20-2026 22:00:40:050,127587,168115
171.58,09-20-2026 22:00:40:060,127586,168146
171.59,09-20-2026 22:00:40:070,127588,168117
171.6,09-20-2026 22:00:40:080,127573,168128
171.61,09-20-2026 22:00:40:090,127593,168094
171.62,09-20-2026 22:00:40:100,127593,168092
171.63,09-20-2026 22:00:40:110,127601,168112
171.64,09-20-2026 22:00:40:120,127561,168107
171.65,09-20-2026 22:00:40:130,127600,168104
171.66,09-20-2026 22:00:40:140,127587,168118
171.67,09-20-2026 22:00:40:150,127588,168114
171.68,09-20-2026 22:00:40:160,127561,168107
171.69,09-20-2026 22:00:40:170,127593,168106
171.7,09-20-2026 22:00:40:180,127571,168096
171.71,09-20-2026 22:00:40:190,127611,168104
171.72,09-20-2026 22:00:40:200,127553,168092
171.73,09-20-2026 22:00:40:210,127604,168105
171.74,09-20-2026 22:00:40:220,127559,168086
171.75,09-20-2026 22:00:40:230,127601,168060
171.76,09-20-2026 22:00:40:240,127558,168069
171.77,09-20-2026 22:00:40:250,127605,168088
171.78,09-20-2026 22:00:40:260,127556,168074
171.79,09-20-2026 22:00:40:270,127601,168065
171.8,09-20-2026 22:00:40:280,127557,168055
171.81,09-20-2026 22:00:40:290,127579,168073
171.82,09-20-2026 22:00:40:300,127555,168068
171.83,09-20-2026 22:00:40:310,127612,168060
171.84,09-20-2026 22:00:40:320,127540,168071
171.85,09-20-2026 22:00:40:330,127599,168093
171.86,09-20-2026 22:00:40:340,127557,168086
171.87,09-20-2026 22:00:40:350,127596,168094
171.88,09-20-2026 22:00:40:360,127531,168074
171.89,09-20-2026 22:00:40:370,127599,168052
171.9,09-20-2026 22:00:40:380,127550,168064
171.91,09-20-2026 22:00:40:390,127596,168061
171.92,09-20-2026 22:00:40:400,127566,168063
171.93,09-20-2026 22:00:40:410,127588,168070
171.94,09-20-2026 22:00:40:420,127573,168055
171.95,09-20-2026 22:00:40:430,127594,168064
171.96,09-20-2026 22:00:40:440,127518,168040
171.97,09-20-2026 22:00:40:450,127596,168067
171.98,09-20-2026 22:00:40:460,127539,168073
171.99,09-20-2026 22:00:40:470,127578,168068
172,09-20-2026 22:00:40:480,127545,168071
172.01,09-20-2026 22:00:40:490,127591,168058
172.02,09-20-2026 22:00:40:500,127573,168044
172.03,09-20-2026 22:00:40:510,127578,168057
172.04,09-20-2026 22:00:40:520,127563,168056
172.05,09-20-2026 22:00:40:530,127588,168062
172.06,09-20-2026 22:00:40:540,127554,168046
172.07,09-20-2026 22:00:40:550,127573,168047
172.08,09-20-2026 22:00:40:560,127549,168061
172.09,09-20-2026 22:00:40:570,127597,168065
172.1,09-20-2026 22:00:40:580,127558,168074
172.11,09-20-2026 22:00:40:590,127584,168069
172.12,09-20-2026 22:00:40:600,127555,168078
172.13,09-20-2026 22:00:40:610,127597,168082
172.14,09-20-2026 22:00:40:620,127567,168083
172.15,09-20-2026 22:00:40:630,127600,168076
172.16,09-20-2026 22:00:40:640,127555,168088
172.17,09-20-2026 22:00:40:650,127572,168065
172.18,09-20-2026 22:00:40:660,127583,168057
172.19,09-20-2026 22:00:40:670,127587,168075
172.2,09-20-2026 22:00:40:680,127590,168061
172.21,09-20-2026 22:00:40:690,127571,168071
172.22,09-20-2026 22:00:40:700,127599,168075
172.23,09-20-2026 22:00:40:710,127568,168078
172.24,09-20-2026 22:00:40:720,127617,168078
172.25,09-20-2026 22:00:40:730,127579,168082
172.26,09-20-2026 22:00:40:740,127566,168086
172.27,09-20-2026 22:00:40:750,127584,168082
172.28,09-20-2026 22:00:40:760,127602,168088
172.29,09-20-2026 22:00:40:770,127583,168081
172.3,09-20-2026 22:00:40:780,127608,168075
172.31,09-20-2026 22:00:40:790,127573,168092
172.32,09-20-2026 22:00:40:800,127603,168105
172.33,09-20-2026 22:00:40:810,127586,168099
172.34,09-20-2026 22:00:40:820,127598,168096
172.35,09-20-2026 22:00:40:830,127579,168100
172.36,09-20-2026 22:00:40:840,127600,168102
172.37,09-20-2026 22:00:40:850,127588,168105
172.38,09-20-2026 22:00:40:860,127609,168104
172.39,09-20-2026 22:00:40:870,127605,168104
172.4,09-20-2026 22:00:40:880,127616,168099
172.41,09-20-2026 22:00:40:890,127575,168105
172.42,09-20-2026 22:00:40:900,127612,168111
172.43,09-20-2026 22:00:40:910,127598,168110
172.44,09-20-2026 22:00:40:920,127657,168120
172.45,09-20-2026 22:00:40:930,127604,168117
172.46,09-20-2026 22:00:40:940,127625,168127
172.47,09-20-2026 22:00:40:950,127581,168098
172.48,09-20-2026 22:00:40:960,127612,168123
172.49,09-20-2026 22:00:40:970,127617,168111
172.5,09-20-2026 22:00:40:980,127634,168114
172.51,09-20-2026 22:00:40:990,127612,168089
172.52,09-20-2026 22:00:41:000,127620,168081
172.53,09-20-2026 22:00:41:010,127596,168080
172.54,09-20-2026 22:00:41:020,127623,168076
172.55,09-20-2026 22:00:41:030,127594,168080
172.56,09-20-2026 22:00:41:040,127619,168082
172.57,09-20-2026 22:00:41:050,127594,168093
172.58,09-20-2026 22:00:41:060,127629,168085
172.59,09-20-2026 22:00:41:070,127596,168073
172.6,09-20-2026 22:00:41:080,127642,168070
172.61,09-20-2026 22:00:41:090,127584,168066
172.62,09-20-2026 22:00:41:100,127643,168071
172.63,09-20-2026 22:00:41:110,127600,168062
172.64,09-20-2026 22:00:41:120,127640,168052
172.65,09-20-2026 22:00:41:130,127587,168035
172.66,09-20-2026 22:00:41:140,127625,168059
172.67,09-20-2026 22:00:41:150,127598,168049
172.68,09-20-2026 22:00:41:160,127621,168056
172.69,09-20-2026 22:00:41:170,127589,168051
172.7,09-20-2026 22:00:41:180,127599,168054
172.71,09-20-2026 22:00:41:190,127592,168042
172.72,09-20-2026 22:00:41:200,127616,168041
172.73,09-20-2026 22:00:41:210,127603,168033
172.74,09-20-2026 22:00:41:220,127617,168045
172.75,09-20-2026 22:00:41:230,127584,168040
172.76,09-20-2026 22:00:41:240,127617,168022
172.77,09-20-2026 22:00:41:250,127588,168034
172.78,09-20-2026 22:00:41:260,127614,168025
172.79,09-20-2026 22:00:41:270,127599,168022
172.8,09-20-2026 22:00:41:280,127602,168028
172.81,09-20-2026 22:00:41:290,127595,168036
172.82,09-20-2026 22:00:41:300,127591,168035
172.83,09-20-2026 22:00:41:310,127601,168045
172.84,09-20-2026 22:00:41:320,127609,168042
172.85,09-20-2026 22:00:41:330,127570,168032
172.86,09-20-2026 22:00:41:340,127576,168033
172.87,09-20-2026 22:00:41:350,127580,168028
172.88,09-20-2026 22:00:41:360,127579,168045
172.89,09-20-2026 22:00:41:370,127593,168020
172.9,09-20-2026 22:00:41:380,127583,168035
172.91,09-20-2026 22:00:41:390,127588,168035
172.92,09-20-2026 22:00:41:400,127585,168027
172.93,09-20-2026 22:00:41:410,127589,168024
172.94,09-20-2026 22:00:41:420,127578,168039
172.95,09-20-2026 22:00:41:430,127581,168027
172.96,09-20-2026 22:00:41:440,127597,168027
172.97,09-20-2026 22:00:41:450,127587,168018
172.98,09-20-2026 22:00:41:460,127584,168045
172.99,09-20-2026 22:00:41:470,127579,168019
173,09-20-2026 22:00:41:480,127569,168018
173.01,09-20-2026 22:00:41:490,127577,168017
173.02,09-20-2026 22:00:41:500,127590,168047
173.03,09-20-2026 22:00:41:510,127590,168019
173.04,09-20-2026 22:00:41:520,127572,168054
173.05,09-20-2026 22:00:41:530,127590,168009
173.06,09-20-2026 22:00:41:540,127598,168059
173.07,09-20-2026 22:00:41:550,127578,168016
173.08,09-20-2026 22:00:41:560,127569,168041
173.09,09-20-2026 22:00:41:570,127573,168038
173.1,09-20-2026 22:00:41:580,127583,168055
173.11,09-20-2026 22:00:41:590,127601,168020
173.12,09-20-2026 22:00:41:600,127607,168053
173.13,09-20-2026 22:00:41:610,127576,168038
173.14,09-20-2026 22:00:41:620,127589,168055
173.15,09-20-2026 22:00:41:630,127577,168030
173.16,09-20-2026 22:00:41:640,127588,168047
173.17,09-20-2026 22:00:41:650,127575,168018
173.18,09-20-2026 22:00:41:660,127583,168019
173.19,09-20-2026 22:00:41:670,127592,168011
173.2,09-20-2026 22:00:41:680,127585,168053
173.21,09-20-2026 22:00:41:690,127567,168017
173.22,09-20-2026 22:00:41:700,127583,168055
173.23,09-20-2026 22:00:41:710,127581,168038
173.24,09-20-2026 22:00:41:720,127575,168070
173.25,09-20-2026 22:00:41:730,127576,168035
173.26,09-20-2026 22:00:41:740,127585,168072
173.27,09-20-2026 22:00:41:750,127594,168012
173.28,09-20-2026 22:00:41:760,127570,168078
173.29,09-20-2026 22:00:41:770,127570,168021
173.3,09-20-2026 22:00:41:780,127574,168053
173.31,09-20-2026 22:00:41:790,127588,168046
173.32,09-20-2026 22:00:41:800,127594,168084
173.33,09-20-2026 22:00:41:810,127586,168054
173.34,09-20-2026 22:00:41:820,127599,168085
173.35,09-20-2026 22:00:41:830,127576,168029
173.36,09-20-2026 22:00:41:840,127572,168085
173.37,09-20-2026 22:00:41:850,127582,168040
173.38,09-20-2026 22:00:41:860,127582,168089
173.39,09-20-2026 22:00:41:870,127586,168053
173.4,09-20-2026 22:00:41:880,127580,168095
173.41,09-20-2026 22:00:41:890,127571,168045
173.42,09-20-2026 22:00:41:900,127594,168098
173.43,09-20-2026 22:00:41:910,127584,168052
173.44,09-20-2026 22:00:41:920,127596,168088
173.45,09-20-2026 22:00:41:930,127593,168044
173.46,09-20-2026 22:00:41:940,127576,168108
173.47,09-20-2026 22:00:41:950,127589,168048
173.48,09-20-2026 22:00:41:960,127580,168107
173.49,09-20-2026 22:00:41:970,127588,168081
173.5,09-20-2026 22:00:41:980,127589,168126
173.51,09-20-2026 22:00:41:990,127607,168072
173.52,09-20-2026 22:00:42:000,127591,168136
173.53,09-20-2026 22:00:42:010,127594,168074
173.54,09-20-2026 22:00:42:020,127578,168084
173.55,09-20-2026 22:00:42:030,127595,168070
173.56,09-20-2026 22:00:42:040,127599,168072
173.57,09-20-2026 22:00:42:050,127581,168044
173.58,09-20-2026 22:00:42:060,127596,168082
173.59,09-20-2026 22:00:42:070,127585,168048
173.6,09-20-2026 22:00:42:080,127584,168077
173.61,09-20-2026 22:00:42:090,127591,168054
173.62,09-20-2026 22:00:42:100,127593,168070
173.63,09-20-2026 22:00:42:110,127595,168055
173.64,09-20-2026 22:00:42:120,127573,168053
173.65,09-20-2026 22:00:42:130,127591,168056
173.66,09-20-2026 22:00:42:140,127603,168074
173.67,09-20-2026 22:00:42:150,127597,168051
173.68,09-20-2026 22:00:42:160,127587,168064
173.69,09-20-2026 22:00:42:170,127584,168058
173.7,09-20-2026 22:00:42:180,127585,168058
173.71,09-20-2026 22:00:42:190,127589,168056
173.72,09-20-2026 22:00:42:200,127606,168048
173.73,09-20-2026 22:00:42:210,127591,168057
173.74,09-20-2026 22:00:42:220,127579,168060
173.75,09-20-2026 22:00:42:230,127593,168057
173.76,09-20-2026 22:00:42:240,127591,168036
173.77,09-20-2026 22:00:42:250,127573,168056
173.78,09-20-2026 22:00:42:260,127591,168042
173.79,09-20-2026 22:00:42:270,127600,168060
173.8,09-20-2026 22:00:42:280,127584,168032
173.81,09-20-2026 22:00:42:290,127575,168069
173.82,09-20-2026 22:00:42:300,127599,168046
173.83,09-20-2026 22:00:42:310,127598,168060
173.84,09-20-2026 22:00:42:320,127590,168025
173.85,09-20-2026 22:00:42:330,127580,168062
173.86,09-20-2026 22:00:42:340,127586,168027
173.87,09-20-2026 22:00:42:350,127604,168051
173.88,09-20-2026 22:00:42:360,127584,168044
173.89,09-20-2026 22:00:42:370,127587,168044
173.9,09-20-2026 22:00:42:380,127575,168023
173.91,09-20-2026 22:00:42:390,127577,168055
173.92,09-20-2026 22:00:42:400,127576,168039
173.93,09-20-2026 22:00:42:410,127581,168072
173.94,09-20-2026 22:00:42:420,127582,168030
173.95,09-20-2026 22:00:42:430,127596,168038
173.96,09-20-2026 22:00:42:440,127572,168050
173.97,09-20-2026 22:00:42:450,127581,168068
173.98,09-20-2026 22:00:42:460,127584,168023
173.99,09-20-2026 22:00:42:470,127595,168066
174,09-20-2026 22:00:42:480,127581,168045
174.01,09-20-2026 22:00:42:490,127589,168057
174.02,09-20-2026 22:00:42:500,127586,168018
174.03,09-20-2026 22:00:42:510,127572,168063
174.04,09-20-2026 22:00:42:520,127573,168045
174.05,09-20-2026 22:00:42:530,127576,168081
174.06,09-20-2026 22:00:42:540,127576,168051
174.07,09-20-2026 22:00:42:550,127583,168050
174.08,09-20-2026 22:00:42:560,127583,168050
174.09,09-20-2026 22:00:42:570,127573,168072
174.1,09-20-2026 22:00:42:580,127569,168019
174.11,09-20-2026 22:00:42:590,127594,168045
174.12,09-20-2026 22:00:42:600,127564,168043
174.13,09-20-2026 22:00:42:610,127571,168039
174.14,09-20-2026 22:00:42:620,127567,168050
174.15,09-20-2026 22:00:42:630,127582,168068
174.16,09-20-2026 22:00:42:640,127568,168047
174.17,09-20-2026 22:00:42:650,127581,168073
174.18,09-20-2026 22:00:42:660,127587,168046
174.19,09-20-2026 22:00:42:670,127593,168073
174.2,09-20-2026 22:00:42:680,127578,168049
174.21,09-20-2026 22:00:42:690,127576,168082
174.22,09-20-2026 22:00:42:700,127563,168049
174.23,09-20-2026 22:00:42:710,127591,168063
174.24,09-20-2026 22:00:42:720,127592,168044
174.25,09-20-2026 22:00:42:730,127576,168087
174.26,09-20-2026 22:00:42:740,127581,168067
174.27,09-20-2026 22:00:42:750,127575,168083
174.28,09-20-2026 22:00:42:760,127578,168046
174.29,09-20-2026 22:00:42:770,127577,168084
174.3,09-20-2026 22:00:42:780,127586,168068
174.31,09-20-2026 22:00:42:790,127578,168069
174.32,09-20-2026 22:00:42:800,127585,168071
174.33,09-20-2026 22:00:42:810,127588,168067
174.34,09-20-2026 22:00:42:820,127586,168059
174.35,09-20-2026 22:00:42:830,127573,168067
174.36,09-20-2026 22:00:42:840,127599,168071
174.37,09-20-2026 22:00:42:850,127585,168073
174.38,09-20-2026 22:00:42:860,127579,168070
174.39,09-20-2026 22:00:42:870,127600,168090
174.4,09-20-2026 22:00:42:880,127584,168082
174.41,09-20-2026 22:00:42:890,127568,168067
174.42,09-20-2026 22:00:42:900,127601,168087
174.43,09-20-2026 22:00:42:910,127589,168087
174.44,09-20-2026 22:00:42:920,127577,168094
174.45,09-20-2026 22:00:42:930,127580,168080
174.46,09-20-2026 22:00:42:940,127575,168102
174.47,09-20-2026 22:00:42:950,127582,168095
174.48,09-20-2026 22:00:42:960,127610,168101
174.49,09-20-2026 22:00:42:970,127586,168096
174.5,09-20-2026 22:00:42:980,127590,168093
174.51,09-20-2026 22:00:42:990,127592,168101
174.52,09-20-2026 22:00:43:000,127581,168093
174.53,09-20-2026 22:00:43:010,127570,168078
174.54,09-20-2026 22:00:43:020,127581,168086
174.55,09-20-2026 22:00:43:030,127576,168088
174.56,09-20-2026 22:00:43:040,127590,168066
174.57,09-20-2026 22:00:43:050,127578,168075
174.58,09-20-2026 22:00:43:060,127588,168080
174.59,09-20-2026 22:00:43:070,127586,168061
174.6,09-20-2026 22:00:43:080,127601,168058
174.61,09-20-2026 22:00:43:090,127590,168067
174.62,09-20-2026 22:00:43:100,127576,168066
174.63,09-20-2026 22:00:43:110,127586,168058
174.64,09-20-2026 22:00:43:120,127570,168063
174.65,09-20-2026 22:00:43:130,127584,168065
174.66,09-20-2026 22:00:43:140,127571,168048
174.67,09-20-2026 22:00:43:150,127576,168071
174.68,09-20-2026 22:00:43:160,127567,168060
174.69,09-20-2026 22:00:43:170,127589,168043
174.7,09-20-2026 22:00:43:180,127586,168033
174.71,09-20-2026 22:00:43:190,127577,168031
174.72,09-20-2026 22:00:43:200,127591,168035
174.73,09-20-2026 22:00:43:210,127581,168013
174.74,09-20-2026 22:00:43:220,127583,168039
174.75,09-20-2026 22:00:43:230,127575,168042
174.76,09-20-2026 22:00:43:240,127575,168052
174.77,09-20-2026 22:00:43:250,127590,168026
174.78,09-20-2026 22:00:43:260,127599,168040
174.79,09-20-2026 22:00:43:270,127584,168031
174.8,09-20-2026 22:00:43:280,127597,168047
174.81,09-20-2026 22:00:43:290,127578,168036
174.82,09-20-2026 22:00:43:300,127604,168047
174.83,09-20-2026 22:00:43:310,127583,168023
174.84,09-20-2026 22:00:43:320,127585,168025
174.85,09-20-2026 22:00:43:330,127565,168023
174.86,09-20-2026 22:00:43:340,127577,168029
174.87,09-20-2026 22:00:43:350,127569,168033
174.88,09-20-2026 22:00:43:360,127576,168017
174.89,09-20-2026 22:00:43:370,127554,168015
174.9,09-20-2026 22:00:43:380,127584,168021
174.91,09-20-2026 22:00:43:390,127564,168032
174.92,09-20-2026 22:00:43:400,127577,168009
174.93,09-20-2026 22:00:43:410,127547,168020
174.94,09-20-2026 22:00:43:420,127576,168027
174.95,09-20-2026 22:00:43:430,127541,168011
174.96,09-20-2026 22:00:43:440,127583,168018
174.97,09-20-2026 22:00:43:450,127582,168020
174.98,09-20-2026 22:00:43:460,127584,168043
174.99,09-20-2026 22:00:43:470,127576,168018
175,09-20-2026 22:00:43:480,127588,168044
175.01,09-20-2026 22:00:43:490,127561,168028
175.02,09-20-2026 22:00:43:500,127574,168028
175.03,09-20-2026 22:00:43:510,127534,168033
175.04,09-20-2026 22:00:43:520,127580,168031
175.05,09-20-2026 22:00:43:530,127554,168034
175.06,09-20-2026 22:00:43:540,127581,168025
175.07,09-20-2026 22:00:43:550,127550,168035
175.08,09-20-2026 22:00:43:560,127586,168050
175.09,09-20-2026 22:00:43:570,127558,168050
175.1,09-20-2026 22:00:43:580,127573,168051
175.11,09-20-2026 22:00:43:590,127554,168053
175.12,09-20-2026 22:00:43:600,127576,168043
175.13,09-20-2026 22:00:43:610,127551,168053
175.14,09-20-2026 22:00:43:620,127579,168049
175.15,09-20-2026 22:00:43:630,127557,168066
175.16,09-20-2026 22:00:43:640,127580,168051
175.17,09-20-2026 22:00:43:650,127528,168060
175.18,09-20-2026 22:00:43:660,127593,168056
175.19,09-20-2026 22:00:43:670,127548,168069
175.2,09-20-2026 22:00:43:680,127574,168061
175.21,09-20-2026 22:00:43:690,127543,168046
175.22,09-20-2026 22:00:43:700,127579,168056
175.23,09-20-2026 22:00:43:710,127545,168038
175.24,09-20-2026 22:00:43:720,127580,168056
175.25,09-20-2026 22:00:43:730,127532,168043
175.26,09-20-2026 22:00:43:740,127597,168072
175.27,09-20-2026 22:00:43:750,127548,168062
175.28,09-20-2026 22:00:43:760,127588,168071
175.29,09-20-2026 22:00:43:770,127550,168052
175.3,09-20-2026 22:00:43:780,127576,168068
175.31,09-20-2026 22:00:43:790,127557,168050
175.32,09-20-2026 22:00:43:800,127580,168083
175.33,09-20-2026 22:00:43:810,127560,168066
175.34,09-20-2026 22:00:43:820,127589,168078
175.35,09-20-2026 22:00:43:830,127576,168079
175.36,09-20-2026 22:00:43:840,127584,168086
175.37,09-20-2026 22:00:43:850,127571,168088
175.38,09-20-2026 22:00:43:860,127581,168079
175.39,09-20-2026 22:00:43:870,127572,168078
175.4,09-20-2026 22:00:43:880,127594,168087
175.41,09-20-2026 22:00:43:890,127588,168080
175.42,09-20-2026 22:00:43:900,127577,168073
175.43,09-20-2026 22:00:43:910,127592,168074
175.44,09-20-2026 22:00:43:920,127580,168053
175.45,09-20-2026 22:00:43:930,127591,168067
175.46,09-20-2026 22:00:43:940,127575,168053
175.47,09-20-2026 22:00:43:950,127594,168063
175.48,09-20-2026 22:00:43:960,127583,168032
175.49,09-20-2026 22:00:43:970,127590,168048
175.5,09-20-2026 22:00:43:980,127589,168056
175.51,09-20-2026 22:00:43:990,127593,168045
175.52,09-20-2026 22:00:44:000,127592,168051
175.53,09-20-2026 22:00:44:010,127595,168046
175.54,09-20-2026 22:00:44:020,127595,168032
175.55,09-20-2026 22:00:44:030,127596,168038
175.56,09-20-2026 22:00:44:040,127584,168048
175.57,09-20-2026 22:00:44:050,127604,168014
175.58,09-20-2026 22:00:44:060,127589,168018
175.59,09-20-2026 22:00:44:070,127614,168033
175.6,09-20-2026 22:00:44:080,127590,168021
175.61,09-20-2026 22:00:44:090,127607,168022
175.62,09-20-2026 22:00:44:100,127583,168034
175.63,09-20-2026 22:00:44:110,127597,168021
175.64,09-20-2026 22:00:44:120,127588,168013
175.65,09-20-2026 22:00:44:130,127604,168009
175.66,09-20-2026 22:00:44:140,127586,168000
175.67,09-20-2026 22:00:44:150,127605,168022
175.68,09-20-2026 22:00:44:160,127571,168012
175.69,09-20-2026 22:00:44:170,127604,168019
175.7,09-20-2026 22:00:44:180,127580,168030
175.71,09-20-2026 22:00:44:190,127604,168008
175.72,09-20-2026 22:00:44:200,127582,168013
175.73,09-20-2026 22:00:44:210,127606,168001
175.74,09-20-2026 22:00:44:220,127593,168005
175.75,09-20-2026 22:00:44:230,127597,167997
175.76,09-20-2026 22:00:44:240,127585,168020
175.77,09-20-2026 22:00:44:250,127616,168002
175.78,09-20-2026 22:00:44:260,127589,168018
175.79,09-20-2026 22:00:44:270,127598,168010
175.8,09-20-2026 22:00:44:280,127576,168009
175.81,09-20-2026 22:00:44:290,127619,168032
175.82,09-20-2026 22:00:44:300,127583,168009
175.83,09-20-2026 22:00:44:310,127626,168014
175.84,09-20-2026 22:00:44:320,127583,168014
175.85,09-20-2026 22:00:44:330,127603,168014
175.86,09-20-2026 22:00:44:340,127583,168033
175.87,09-20-2026 22:00:44:350,127609,168022
175.88,09-20-2026 22:00:44:360,127585,168015
175.89,09-20-2026 22:00:44:370,127606,168031
175.9,09-20-2026 22:00:44:380,127591,168024
175.91,09-20-2026 22:00:44:390,127594,168021
175.92,09-20-2026 22:00:44:400,127582,168014
175.93,09-20-2026 22:00:44:410,127578,168027
175.94,09-20-2026 22:00:44:420,127578,168027
175.95,09-20-2026 22:00:44:430,127590,168017
175.96,09-20-2026 22:00:44:440,127582,168016
175.97,09-20-2026 22:00:44:450,127604,168014
175.98,09-20-2026 22:00:44:460,127598,168033
175.99,09-20-2026 22:00:44:470,127599,168034
176,09-20-2026 22:00:44:480,127579,168039
176.01,09-20-2026 22:00:44:490,127603,168046
176.02,09-20-2026 22:00:44:500,127575,168034
176.03,09-20-2026 22:00:44:510,127594,168040
176.04,09-20-2026 22:00:44:520,127602,168028
176.05,09-20-2026 22:00:44:530,127590,168030
176.06,09-20-2026 22:00:44:540,127593,168041
176.07,09-20-2026 22:00:44:550,127597,168052
176.08,09-20-2026 22:00:44:560,127575,168037
176.09,09-20-2026 22:00:44:570,127573,168054
176.1,09-20-2026 22:00:44:580,127582,168058
176.11,09-20-2026 22:00:44:590,127578,168042
176.12,09-20-2026 22:00:44:600,127588,168037
176.13,09-20-2026 22:00:44:610,127588,168040
176.14,09-20-2026 22:00:44:620,127594,168040
176.15,09-20-2026 22:00:44:630,127583,168053
176.16,09-20-2026 22:00:44:640,127574,168032
176.17,09-20-2026 22:00:44:650,127589,168068
176.18,09-20-2026 22:00:44:660,127581,168051
176.19,09-20-2026 22:00:44:670,127590,168070
176.2,09-20-2026 22:00:44:680,127584,168045
176.21,09-20-2026 22:00:44:690,127584,168077
176.22,09-20-2026 22:00:44:700,127586,168054
176.23,09-20-2026 22:00:44:710,127583,168061
176.24,09-20-2026 22:00:44:720,127574,168063
176.25,09-20-2026 22:00:44:730,127580,168090
176.26,09-20-2026 22:00:44:740,127584,168073
176.27,09-20-2026 22:00:44:750,127588,168075
176.28,09-20-2026 22:00:44:760,127589,168061
176.29,09-20-2026 22:00:44:770,127605,168075
176.3,09-20-2026 22:00:44:780,127583,168075
176.31,09-20-2026 22:00:44:790,127592,168089
176.32,09-20-2026 22:00:44:800,127595,168059
176.33,09-20-2026 22:00:44:810,127585,168110
176.34,09-20-2026 22:00:44:820,127595,168077
176.35,09-20-2026 22:00:44:830,127600,168096
176.36,09-20-2026 22:00:44:840,127587,168059
176.37,09-20-2026 22:00:44:850,127591,168115
176.38,09-20-2026 22:00:44:860,127575,168074
176.39,09-20-2026 22:00:44:870,127606,168100
176.4,09-20-2026 22:00:44:880,127603,168082
176.41,09-20-2026 22:00:44:890,127596,168099
176.42,09-20-2026 22:00:44:900,127598,168075
176.43,09-20-2026 22:00:44:910,127587,168092
176.44,09-20-2026 22:00:44:920,127596,168041
176.45,09-20-2026 22:00:44:930,127599,168076
176.46,09-20-2026 22:00:44:940,127579,168012
176.47,09-20-2026 22:00:44:950,127581,168086
176.48,09-20-2026 22:00:44:960,127597,168025
176.49,09-20-2026 22:00:44:970,127596,168038
176.5,09-20-2026 22:00:44:980,127598,168033
176.51,09-20-2026 22:00:44:990,127590,168067
176.52,09-20-2026 22:00:45:000,127578,168010
176.53,09-20-2026 22:00:45:010,127591,168076
176.54,09-20-2026 22:00:45:020,127581,168012
176.55,09-20-2026 22:00:45:030,127589,168059
176.56,09-20-2026 22:00:45:040,127602,167998
176.57,09-20-2026 22:00:45:050,127595,168059
176.58,09-20-2026 22:00:45:060,127584,168005
176.59,09-20-2026 22:00:45:070,127587,168055
176.6,09-20-2026 22:00:45:080,127592,167996
176.61,09-20-2026 22:00:45:090,127587,168053
176.62,09-20-2026 22:00:45:100,127596,167993
176.63,09-20-2026 22:00:45:110,127586,168039
176.64,09-20-2026 22:00:45:120,127595,167990
176.65,09-20-2026 22:00:45:130,127590,168046
176.66,09-20-2026 22:00:45:140,127600,167996
176.67,09-20-2026 22:00:45:150,127609,168048
176.68,09-20-2026 22:00:45:160,127614,168019
176.69,09-20-2026 22:00:45:170,127592,168047
176.7,09-20-2026 22:00:45:180,127623,168022
176.71,09-20-2026 22:00:45:190,127609,168055
176.72,09-20-2026 22:00:45:200,127600,168025
176.73,09-20-2026 22:00:45:210,127588,168046
176.74,09-20-2026 22:00:45:220,127596,168027
176.75,09-20-2026 22:00:45:230,127600,168061
176.76,09-20-2026 22:00:45:240,127618,168032
176.77,09-20-2026 22:00:45:250,127619,168034
176.78,09-20-2026 22:00:45:260,127581,168016
176.79,09-20-2026 22:00:45:270,127591,168034
176.8,09-20-2026 22:00:45:280,127582,168010
176.81,09-20-2026 22:00:45:290,127583,168045
176.82,09-20-2026 22:00:45:300,127589,168042
176.83,09-20-2026 22:00:45:310,127574,168037
176.84,09-20-2026 22:00:45:320,127588,168059
176.85,09-20-2026 22:00:45:330,127591,168069
176.86,09-20-2026 22:00:45:340,127596,168073
176.87,09-20-2026 22:00:45:350,127603,168044
176.88,09-20-2026 22:00:45:360,127591,168053
176.89,09-20-2026 22:00:45:370,127584,168056
176.9,09-20-2026 22:00:45:380,127592,168062
176.91,09-20-2026 22:00:45:390,127611,168048
176.92,09-20-2026 22:00:45:400,127616,168072
176.93,09-20-2026 22:00:45:410,127619,168058
176.94,09-20-2026 22:00:45:420,127598,168070
176.95,09-20-2026 22:00:45:430,127589,168052
176.96,09-20-2026 22:00:45:440,127606,168078
176.97,09-20-2026 22:00:45:450,127598,168073
176.98,09-20-2026 22:00:45:460,127603,168088
176.99,09-20-2026 22:00:45:470,127600,168091
177,09-20-2026 22:00:45:480,127581,168077
177.01,09-20-2026 22:00:45:490,127607,168052
177.02,09-20-2026 22:00:45:500,127602,168082
177.03,09-20-2026 22:00:45:510,127595,168074
177.04,09-20-2026 22:00:45:520,127591,168098
177.05,09-20-2026 22:00:45:530,127595,168079
177.06,09-20-2026 22:00:45:540,127593,168104
177.07,09-20-2026 22:00:45:550,127592,168076
177.08,09-20-2026 22:00:45:560,127591,168100
177.09,09-20-2026 22:00:45:570,127599,168059
177.1,09-20-2026 22:00:45:580,127595,168108
177.11,09-20-2026 22:00:45:590,127596,168063
177.12,09-20-2026 22:00:45:600,127579,168133
177.13,09-20-2026 22:00:45:610,127602,168082
177.14,09-20-2026 22:00:45:620,127606,168127
177.15,09-20-2026 22:00:45:630,127611,168092
177.16,09-20-2026 22:00:45:640,127588,168128
177.17,09-20-2026 22:00:45:650,127606,168087
177.18,09-20-2026 22:00:45:660,127595,168139
177.19,09-20-2026 22:00:45:670,127608,168088
177.2,09-20-2026 22:00:45:680,127595,168142
177.21,09-20-2026 22:00:45:690,127615,168107
177.22,09-20-2026 22:00:45:700,127612,168133
177.23,09-20-2026 22:00:45:710,127601,168099
177.24,09-20-2026 22:00:45:720,127613,168134
177.25,09-20-2026 22:00:45:730,127598,168110
177.26,09-20-2026 22:00:45:740,127591,168145
177.27,09-20-2026 22:00:45:750,127604,168097
177.28,09-20-2026 22:00:45:760,127612,168138
177.29,09-20-2026 22:00:45:770,127591,168118
177.3,09-20-2026 22:00:45:780,127599,168133
177.31,09-20-2026 22:00:45:790,127599,168118
177.32,09-20-2026 22:00:45:800,127593,168160
177.33,09-20-2026 22:00:45:810,127587,168112
177.34,09-20-2026 22:00:45:820,127593,168140
177.35,09-20-2026 22:00:45:830,127602,168130
177.36,09-20-2026 22:00:45:840,127602,168154
177.37,09-20-2026 22:00:45:850,127606,168130
177.38,09-20-2026 22:00:45:860,127603,168160
177.39,09-20-2026 22:00:45:870,127610,168142
177.4,09-20-2026 22:00:45:880,127611,168182
177.41,09-20-2026 22:00:45:890,127615,168144
177.42,09-20-2026 22:00:45:900,127602,168197
177.43,09-20-2026 22:00:45:910,127612,168148
177.44,09-20-2026 22:00:45:920,127605,168189
177.45,09-20-2026 22:00:45:930,127605,168162
177.46,09-20-2026 22:00:45:940,127615,168178
177.47,09-20-2026 22:00:45:950,127602,168169
177.48,09-20-2026 22:00:45:960,127601,168144
177.49,09-20-2026 22:00:45:970,127616,168164
177.5,09-20-2026 22:00:45:980,127632,168150
177.51,09-20-2026 22:00:45:990,127602,168139
177.52,09-20-2026 22:00:46:000,127609,168138
177.53,09-20-2026 22:00:46:010,127592,168153
177.54,09-20-2026 22:00:46:020,127610,168137
177.55,09-20-2026 22:00:46:030,127606,168137
177.56,09-20-2026 22:00:46:040,127621,168142
177.57,09-20-2026 22:00:46:050,127622,168122
177.58,09-20-2026 22:00:46:060,127607,168145
177.59,09-20-2026 22:00:46:070,127632,168132
177.6,09-20-2026 22:00:46:080,127600,168119
177.61,09-20-2026 22:00:46:090,127621,168140
177.62,09-20-2026 22:00:46:100,127624,168136
177.63,09-20-2026 22:00:46:110,127628,168139
177.64,09-20-2026 22:00:46:120,127628,168136
177.65,09-20-2026 22:00:46:130,127607,168114
177.66,09-20-2026 22:00:46:140,127623,168120
177.67,09-20-2026 22:00:46:150,127621,168123
177.68,09-20-2026 22:00:46:160,127609,168107
177.69,09-20-2026 22:00:46:170,127605,168111
177.7,09-20-2026 22:00:46:180,127620,168126
177.71,09-20-2026 22:00:46:190,127621,168130
177.72,09-20-2026 22:00:46:200,127625,168120
177.73,09-20-2026 22:00:46:210,127628,168098
177.74,09-20-2026 22:00:46:220,127628,168122
177.75,09-20-2026 22:00:46:230,127630,168133
177.76,09-20-2026 22:00:46:240,127618,168130
177.77,09-20-2026 22:00:46:250,127623,168117
177.78,09-20-2026 22:00:46:260,127622,168142
177.79,09-20-2026 22:00:46:270,127632,168137
177.8,09-20-2026 22:00:46:280,127628,168135
177.81,09-20-2026 22:00:46:290,127617,168124
177.82,09-20-2026 22:00:46:300,127628,168101
177.83,09-20-2026 22:00:46:310,127610,168114
177.84,09-20-2026 22:00:46:320,127614,168127
177.85,09-20-2026 22:00:46:330,127619,168131
177.86,09-20-2026 22:00:46:340,127618,168118
177.87,09-20-2026 22:00:46:350,127630,168122
177.88,09-20-2026 22:00:46:360,127622,168127
177.89,09-20-2026 22:00:46:370,127629,168117
177.9,09-20-2026 22:00:46:380,127623,168126
177.91,09-20-2026 22:00:46:390,127623,168130
177.92,09-20-2026 22:00:46:400,127614,168118
177.93,09-20-2026 22:00:46:410,127631,168136
177.94,09-20-2026 22:00:46:420,127613,168134
177.95,09-20-2026 22:00:46:430,127633,168121
177.96,09-20-2026 22:00:46:440,127612,168145
177.97,09-20-2026 22:00:46:450,127615,168143
177.98,09-20-2026 22:00:46:460,127624,168139
177.99,09-20-2026 22:00:46:470,127630,168148
178,09-20-2026 22:00:46:480,127616,168140
178.01,09-20-2026 22:00:46:490,127633,168135
178.02,09-20-2026 22:00:46:500,127630,168150
178.03,09-20-2026 22:00:46:510,127623,168145
178.04,09-20-2026 22:00:46:520,127611,168139
178.05,09-20-2026 22:00:46:530,127644,168133
178.06,09-20-2026 22:00:46:540,127615,168164
178.07,09-20-2026 22:00:46:550,127631,168160
178.08,09-20-2026 22:00:46:560,127603,168142
178.09,09-20-2026 22:00:46:570,127631,168148
178.1,09-20-2026 22:00:46:580,127621,168165
178.11,09-20-2026 22:00:46:590,127640,168162
178.12,09-20-2026 22:00:46:600,127615,168161
178.13,09-20-2026 22:00:46:610,127642,168168
178.14,09-20-2026 22:00:46:620,127617,168173
178.15,09-20-2026 22:00:46:630,127639,168153
178.16,09-20-2026 22:00:46:640,127600,168161
178.17,09-20-2026 22:00:46:650,127652,168170
178.18,09-20-2026 22:00:46:660,127606,168170
178.19,09-20-2026 22:00:46:670,127643,168186
178.2,09-20-2026 22:00:46:680,127586,168181
178.21,09-20-2026 22:00:46:690,127635,168177
178.22,09-20-2026 22:00:46:700,127609,168183
178.23,09-20-2026 22:00:46:710,127630,168185
178.24,09-20-2026 22:00:46:720,127602,168174
178.25,09-20-2026 22:00:46:730,127633,168182
178.26,09-20-2026 22:00:46:740,127587,168178
178.27,09-20-2026 22:00:46:750,127641,168175
178.28,09-20-2026 22:00:46:760,127615,168187
178.29,09-20-2026 22:00:46:770,127650,168200
178.3,09-20-2026 22:00:46:780,127607,168194
178.31,09-20-2026 22:00:46:790,127642,168188
178.32,09-20-2026 22:00:46:800,127603,168195
178.33,09-20-2026 22:00:46:810,127635,168204
178.34,09-20-2026 22:00:46:820,127608,168208
178.35,09-20-2026 22:00:46:830,127635,168206
178.36,09-20-2026 22:00:46:840,127582,168210
178.37,09-20-2026 22:00:46:850,127644,168191
178.38,09-20-2026 22:00:46:860,127599,168214
178.39,09-20-2026 22:00:46:870,127658,168210
178.4,09-20-2026 22:00:46:880,127601,168211
178.41,09-20-2026 22:00:46:890,127647,168215
178.42,09-20-2026 22:00:46:900,127625,168226
178.43,09-20-2026 22:00:46:910,127664,168220
178.44,09-20-2026 22:00:46:920,127619,168212
178.45,09-20-2026 22:00:46:930,127649,168208
178.46,09-20-2026 22:00:46:940,127634,168199
178.47,09-20-2026 22:00:46:950,127640,168207
178.48,09-20-2026 22:00:46:960,127637,168198
178.49,09-20-2026 22:00:46:970,127659,168189
178.5,09-20-2026 22:00:46:980,127633,168181
178.51,09-20-2026 22:00:46:990,127649,168194
178.52,09-20-2026 22:00:47:000,127630,168183
178.53,09-20-2026 22:00:47:010,127658,168181
178.54,09-20-2026 22:00:47:020,127637,168204
178.55,09-20-2026 22:00:47:030,127648,168205
178.56,09-20-2026 22:00:47:040,127636,168195
178.57,09-20-2026 22:00:47:050,127645,168173
178.58,09-20-2026 22:00:47:060,127629,168178
178.59,09-20-2026 22:00:47:070,127668,168184
178.6,09-20-2026 22:00:47:080,127630,168202
178.61,09-20-2026 22:00:47:090,127647,168173
178.62,09-20-2026 22:00:47:100,127660,168178
178.63,09-20-2026 22:00:47:110,127656,168156
178.64,09-20-2026 22:00:47:120,127658,168195
178.65,09-20-2026 22:00:47:130,127652,168173
178.66,09-20-2026 22:00:47:140,127684,168182
178.67,09-20-2026 22:00:47:150,127635,168161
178.68,09-20-2026 22:00:47:160,127667,168177
178.69,09-20-2026 22:00:47:170,127655,168180
178.7,09-20-2026 22:00:47:180,127665,168196
178.71,09-20-2026 22:00:47:190,127650,168174
178.72,09-20-2026 22:00:47:200,127668,168185
178.73,09-20-2026 22:00:47:210,127670,168173
178.74,09-20-2026 22:00:47:220,127674,168192
178.75,09-20-2026 22:00:47:230,127661,168179
178.76,09-20-2026 22:00:47:240,127673,168174
178.77,09-20-2026 22:00:47:250,127659,168174
178.78,09-20-2026 22:00:47:260,127662,168173
178.79,09-20-2026 22:00:47:270,127677,168178
178.8,09-20-2026 22:00:47:280,127686,168185
178.81,09-20-2026 22:00:47:290,127662,168165
178.82,09-20-2026 22:00:47:300,127681,168191
178.83,09-20-2026 22:00:47:310,127660,168189
178.84,09-20-2026 22:00:47:320,127690,168197
178.85,09-20-2026 22:00:47:330,127664,168191
178.86,09-20-2026 22:00:47:340,127687,168185
178.87,09-20-2026 22:00:47:350,127658,168195
178.88,09-20-2026 22:00:47:360,127689,168197
178.89,09-20-2026 22:00:47:370,127665,168203
178.9,09-20-2026 22:00:47:380,127693,168185
178.91,09-20-2026 22:00:47:390,127654,168212
178.92,09-20-2026 22:00:47:400,127684,168202
178.93,09-20-2026 22:00:47:410,127650,168200
178.94,09-20-2026 22:00:47:420,127707,168196
178.95,09-20-2026 22:00:47:430,127659,168187
178.96,09-20-2026 22:00:47:440,127684,168195
178.97,09-20-2026 22:00:47:450,127661,168199
178.98,09-20-2026 22:00:47:460,127706,168210
178.99,09-20-2026 22:00:47:470,127681,168202
179,09-20-2026 22:00:47:480,127707,168198
179.01,09-20-2026 22:00:47:490,127671,168203
179.02,09-20-2026 22:00:47:500,127701,168212
179.03,09-20-2026 22:00:47:510,127667,168209
179.04,09-20-2026 22:00:47:520,127695,168217
179.05,09-20-2026 22:00:47:530,127652,168206
179.06,09-20-2026 22:00:47:540,127693,168212
179.07,09-20-2026 22:00:47:550,127671,168223
179.08,09-20-2026 22:00:47:560,127689,168209
179.09,09-20-2026 22:00:47:570,127664,168222
179.1,09-20-2026 22:00:47:580,127704,168214
179.11,09-20-2026 22:00:47:590,127655,168237
179.12,09-20-2026 22:00:47:600,127712,168224
179.13,09-20-2026 22:00:47:610,127667,168226
179.14,09-20-2026 22:00:47:620,127657,168221
179.15,09-20-2026 22:00:47:630,127677,168227
179.16,09-20-2026 22:00:47:640,127686,168229
179.17,09-20-2026 22:00:47:650,127670,168254
179.18,09-20-2026 22:00:47:660,127696,168244
179.19,09-20-2026 22:00:47:670,127658,168244
179.2,09-20-2026 22:00:47:680,127689,168252
179.21,09-20-2026 22:00:47:690,127677,168236
179.22,09-20-2026 22:00:47:700,127676,168243
179.23,09-20-2026 22:00:47:710,127661,168238
179.24,09-20-2026 22:00:47:720,127691,168264
179.25,09-20-2026 22:00:47:730,127674,168251
179.26,09-20-2026 22:00:47:740,127694,168245
179.27,09-20-2026 22:00:47:750,127668,168244
179.28,09-20-2026 22:00:47:760,127686,168252
179.29,09-20-2026 22:00:47:770,127679,168272
179.3,09-20-2026 22:00:47:780,127701,168245
179.31,09-20-2026 22:00:47:790,127692,168257
179.32,09-20-2026 22:00:47:800,127689,168277
179.33,09-20-2026 22:00:47:810,127679,168251
179.34,09-20-2026 22:00:47:820,127669,168266
179.35,09-20-2026 22:00:47:830,127687,168252
179.36,09-20-2026 22:00:47:840,127667,168282
179.37,09-20-2026 22:00:47:850,127674,168279
179.38,09-20-2026 22:00:47:860,127684,168273
179.39,09-20-2026 22:00:47:870,127679,168282
179.4,09-20-2026 22:00:47:880,127690,168300
179.41,09-20-2026 22:00:47:890,127682,168273
179.42,09-20-2026 22:00:47:900,127669,168291
179.43,09-20-2026 22:00:47:910,127659,168293
179.44,09-20-2026 22:00:47:920,127686,168298
179.45,09-20-2026 22:00:47:930,127693,168296
179.46,09-20-2026 22:00:47:940,127688,168301
179.47,09-20-2026 22:00:47:950,127705,168299
179.48,09-20-2026 22:00:47:960,127683,168301
179.49,09-20-2026 22:00:47:970,127689,168279
179.5,09-20-2026 22:00:47:980,127692,168305
179.51,09-20-2026 22:00:47:990,127698,168262
179.52,09-20-2026 22:00:48:000,127680,168287
179.53,09-20-2026 22:00:48:010,127688,168247
179.54,09-20-2026 22:00:48:020,127688,168298
179.55,09-20-2026 22:00:48:030,127680,168237
179.56,09-20-2026 22:00:48:040,127704,168248
179.57,09-20-2026 22:00:48:050,127685,168257
179.58,09-20-2026 22:00:48:060,127713,168266
179.59,09-20-2026 22:00:48:070,127680,168242
179.6,09-20-2026 22:00:48:080,127688,168269
179.61,09-20-2026 22:00:48:090,127696,168246
179.62,09-20-2026 22:00:48:100,127697,168278
179.63,09-20-2026 22:00:48:110,127699,168245
179.64,09-20-2026 22:00:48:120,127697,168271
179.65,09-20-2026 22:00:48:130,127702,168207
179.66,09-20-2026 22:00:48:140,127704,168253
179.67,09-20-2026 22:00:48:150,127692,168209
179.68,09-20-2026 22:00:48:160,127701,168249
179.69,09-20-2026 22:00:48:170,127696,168216
179.7,09-20-2026 22:00:48:180,127685,168245
179.71,09-20-2026 22:00:48:190,127684,168221
179.72,09-20-2026 22:00:48:200,127692,168253
179.73,09-20-2026 22:00:48:210,127697,168192
179.74,09-20-2026 22:00:48:220,127688,168240
179.75,09-20-2026 22:00:48:230,127695,168202
179.76,09-20-2026 22:00:48:240,127686,168225
179.77,09-20-2026 22:00:48:250,127674,168196
179.78,09-20-2026 22:00:48:260,127688,168249
179.79,09-20-2026 22:00:48:270,127701,168202
179.8,09-20-2026 22:00:48:280,127678,168239
179.81,09-20-2026 22:00:48:290,127691,168186
179.82,09-20-2026 22:00:48:300,127682,168247
179.83,09-20-2026 22:00:48:310,127673,168193
179.84,09-20-2026 22:00:48:320,127684,168242
179.85,09-20-2026 22:00:48:330,127680,168195
179.86,09-20-2026 22:00:48:340,127699,168234
179.87,09-20-2026 22:00:48:350,127682,168196
179.88,09-20-2026 22:00:48:360,127687,168217
179.89,09-20-2026 22:00:48:370,127685,168187
179.9,09-20-2026 22:00:48:380,127690,168260
179.91,09-20-2026 22:00:48:390,127696,168214
179.92,09-20-2026 22:00:48:400,127693,168242
179.93,09-20-2026 22:00:48:410,127700,168238
179.94,09-20-2026 22:00:48:420,127693,168254
179.95,09-20-2026 22:00:48:430,127699,168248
179.96,09-20-2026 22:00:48:440,127682,168262
179.97,09-20-2026 22:00:48:450,127693,168207
179.98,09-20-2026 22:00:48:460,127698,168267
179.99,09-20-2026 22:00:48:470,127701,168226
180,09-20-2026 22:00:48:480,127693,168254
180.01,09-20-2026 22:00:48:490,127702,168238
180.02,09-20-2026 22:00:48:500,127688,168259
180.03,09-20-2026 22:00:48:510,127696,168239
180.04,09-20-2026 22:00:48:520,127705,168252
180.05,09-20-2026 22:00:48:530,127696,168245
180.06,09-20-2026 22:00:48:540,127689,168250
180.07,09-20-2026 22:00:48:550,127681,168252
180.08,09-20-2026 22:00:48:560,127699,168256
180.09,09-20-2026 22:00:48:570,127680,168237
180.1,09-20-2026 22:00:48:580,127700,168280
180.11,09-20-2026 22:00:48:590,127697,168275
180.12,09-20-2026 22:00:48:600,127687,168276
180.13,09-20-2026 22:00:48:610,127685,168292
180.14,09-20-2026 22:00:48:620,127689,168270
180.15,09-20-2026 22:00:48:630,127713,168281
180.16,09-20-2026 22:00:48:640,127695,168278
180.17,09-20-2026 22:00:48:650,127707,168297
180.18,09-20-2026 22:00:48:660,127703,168294
180.19,09-20-2026 22:00:48:670,127698,168300
180.2,09-20-2026 22:00:48:680,127699,168286
180.21,09-20-2026 22:00:48:690,127691,168314
180.22,09-20-2026 22:00:48:700,127697,168284
180.23,09-20-2026 22:00:48:710,127697,168302
180.24,09-20-2026 22:00:48:720,127687,168291
180.25,09-20-2026 22:00:48:730,127698,168295
180.26,09-20-2026 22:00:48:740,127681,168310
180.27,09-20-2026 22:00:48:750,127703,168296
180.28,09-20-2026 22:00:48:760,127702,168311
180.29,09-20-2026 22:00:48:770,127694,168333
180.3,09-20-2026 22:00:48:780,127701,168291
180.31,09-20-2026 22:00:48:790,127699,168320
180.32,09-20-2026 22:00:48:800,127685,168300
180.33,09-20-2026 22:00:48:810,127699,168317
180.34,09-20-2026 22:00:48:820,127694,168305
180.35,09-20-2026 22:00:48:830,127709,168346
180.36,09-20-2026 22:00:48:840,127704,168315
180.37,09-20-2026 22:00:48:850,127696,168350
180.38,09-20-2026 22:00:48:860,127717,168342
180.39,09-20-2026 22:00:48:870,127711,168332
180.4,09-20-2026 22:00:48:880,127708,168336
180.41,09-20-2026 22:00:48:890,127695,168348
180.42,09-20-2026 22:00:48:900,127691,168312
180.43,09-20-2026 22:00:48:910,127731,168345
180.44,09-20-2026 22:00:48:920,127697,168313
180.45,09-20-2026 22:00:48:930,127706,168366
180.46,09-20-2026 22:00:48:940,127705,168337
180.47,09-20-2026 22:00:48:950,127702,168371
180.48,09-20-2026 22:00:48:960,127717,168350
180.49,09-20-2026 22:00:48:970,127714,168362
180.5,09-20-2026 22:00:48:980,127709,168343
180.51,09-20-2026 22:00:48:990,127696,168355
180.52,09-20-2026 22:00:49:000,127713,168339
180.53,09-20-2026 22:00:49:010,127713,168371
180.54,09-20-2026 22:00:49:020,127719,168344
180.55,09-20-2026 22:00:49:030,127709,168368
180.56,09-20-2026 22:00:49:040,127693,168336
180.57,09-20-2026 22:00:49:050,127706,168347
180.58,09-20-2026 22:00:49:060,127709,168333
180.59,09-20-2026 22:00:49:070,127712,168331
180.6,09-20-2026 22:00:49:080,127695,168319
180.61,09-20-2026 22:00:49:090,127717,168355
180.62,09-20-2026 22:00:49:100,127702,168309
180.63,09-20-2026 22:00:49:110,127723,168337
180.64,09-20-2026 22:00:49:120,127699,168317
180.65,09-20-2026 22:00:49:130,127725,168340
180.66,09-20-2026 22:00:49:140,127722,168320
180.67,09-20-2026 22:00:49:150,127705,168345
180.68,09-20-2026 22:00:49:160,127708,168309
180.69,09-20-2026 22:00:49:170,127711,168292
180.7,09-20-2026 22:00:49:180,127715,168311
180.71,09-20-2026 22:00:49:190,127713,168307
180.72,09-20-2026 22:00:49:200,127693,168292
180.73,09-20-2026 22:00:49:210,127712,168300
180.74,09-20-2026 22:00:49:220,127718,168294
180.75,09-20-2026 22:00:49:230,127713,168305
180.76,09-20-2026 22:00:49:240,127700,168295
180.77,09-20-2026 22:00:49:250,127715,168305
180.78,09-20-2026 22:00:49:260,127718,168288
180.79,09-20-2026 22:00:49:270,127708,168283
180.8,09-20-2026 22:00:49:280,127711,168297
