PseudoTimeSec,PseudoTimestamp,R,IR
0.01,09-21-2026 21:18:29:576,134483,182266
0.02,09-21-2026 21:18:29:586,134465,182194
0.03,09-21-2026 21:18:29:596,134482,182276
0.04,09-21-2026 21:18:29:606,134526,182261
0.05,09-21-2026 21:18:29:616,134487,182287
0.06,09-21-2026 21:18:29:626,134532,182291
0.07,09-21-2026 21:18:29:636,134500,182287
0.08,09-21-2026 21:18:29:646,134536,182305
0.09,09-21-2026 21:18:29:656,134500,182290
0.1,09-21-2026 21:18:29:666,134523,182299
0.11,09-21-2026 21:18:29:676,134497,182312
0.12,09-21-2026 21:18:29:686,134539,182311
0.13,09-21-2026 21:18:29:696,134508,182341
0.14,09-21-2026 21:18:29:706,134548,182317
0.15,09-21-2026 21:18:29:716,134500,182340
0.16,09-21-2026 21:18:29:726,134534,182341
0.17,09-21-2026 21:18:29:736,134498,182352
0.18,09-21-2026 21:18:29:746,134556,182343
0.19,09-21-2026 21:18:29:756,134509,182354
0.2,09-21-2026 21:18:29:766,134536,182370
0.21,09-21-2026 21:18:29:776,134503,182389
0.22,09-21-2026 21:18:29:786,134528,182405
0.23,09-21-2026 21:18:29:796,134529,182408
0.24,09-21-2026 21:18:29:806,134550,182423
0.25,09-21-2026 21:18:29:816,134535,182406
0.26,09-21-2026 21:18:29:826,134550,182440
0.27,09-21-2026 21:18:29:836,134523,182438
0.28,09-21-2026 21:18:29:846,134558,182430
0.29,09-21-2026 21:18:29:856,134507,182444
0.3,09-21-2026 21:18:29:866,134539,182463
0.31,09-21-2026 21:18:29:876,134526,182487
0.32,09-21-2026 21:18:29:886,134565,182491
0.33,09-21-2026 21:18:29:896,134542,182521
0.34,09-21-2026 21:18:29:906,134558,182517
0.35,09-21-2026 21:18:29:916,134547,182534
0.36,09-21-2026 21:18:29:926,134548,182530
0.37,09-21-2026 21:18:29:936,134547,182533
0.38,09-21-2026 21:18:29:946,134561,182556
0.39,09-21-2026 21:18:29:956,134553,182554
0.4,09-21-2026 21:18:29:966,134566,182593
0.41,09-21-2026 21:18:29:976,134545,182577
0.42,09-21-2026 21:18:29:986,134566,182593
0.43,09-21-2026 21:18:29:996,134567,182615
0.44,09-21-2026 21:18:30:006,134570,182634
0.45,09-21-2026 21:18:30:016,134568,182621
0.46,09-21-2026 21:18:30:026,134563,182666
0.47,09-21-2026 21:18:30:036,134572,182643
0.48,09-21-2026 21:18:30:046,134580,182665
0.49,09-21-2026 21:18:30:056,134559,182628
0.5,09-21-2026 21:18:30:066,134563,182638
0.51,09-21-2026 21:18:30:076,134566,182601
0.52,09-21-2026 21:18:30:086,134573,182605
0.53,09-21-2026 21:18:30:096,134574,182527
0.54,09-21-2026 21:18:30:106,134559,182535
0.55,09-21-2026 21:18:30:116,134545,182469
0.56,09-21-2026 21:18:30:126,134547,182475
0.57,09-21-2026 21:18:30:136,134540,182431
0.58,09-21-2026 21:18:30:146,134543,182445
0.59,09-21-2026 21:18:30:156,134519,182391
0.6,09-21-2026 21:18:30:166,134531,182421
0.61,09-21-2026 21:18:30:176,134530,182381
0.62,09-21-2026 21:18:30:186,134529,182409
0.63,09-21-2026 21:18:30:196,134519,182351
0.64,09-21-2026 21:18:30:206,134517,182373
0.65,09-21-2026 21:18:30:216,134521,182323
0.66,09-21-2026 21:18:30:226,134495,182345
0.67,09-21-2026 21:18:30:236,134508,182273
0.68,09-21-2026 21:18:30:246,134495,182319
0.69,09-21-2026 21:18:30:256,134510,182279
0.7,09-21-2026 21:18:30:266,134493,182311
0.71,09-21-2026 21:18:30:276,134516,182280
0.72,09-21-2026 21:18:30:286,134501,182335
0.73,09-21-2026 21:18:30:296,134497,182281
0.74,09-21-2026 21:18:30:306,134494,182333
0.75,09-21-2026 21:18:30:316,134505,182276
0.76,09-21-2026 21:18:30:326,134509,182329
0.77,09-21-2026 21:18:30:336,134503,182293
0.78,09-21-2026 21:18:30:346,134511,182325
0.79,09-21-2026 21:18:30:356,134499,182301
0.8,09-21-2026 21:18:30:366,134516,182323
0.81,09-21-2026 21:18:30:376,134490,182332
0.82,09-21-2026 21:18:30:386,134504,182323
0.83,09-21-2026 21:18:30:396,134504,182294
0.84,09-21-2026 21:18:30:406,134510,182349
0.85,09-21-2026 21:18:30:416,134516,182307
0.86,09-21-2026 21:18:30:426,134523,182349
0.87,09-21-2026 21:18:30:436,134515,182323
0.88,09-21-2026 21:18:30:446,134516,182333
0.89,09-21-2026 21:18:30:456,134510,182369
0.9,09-21-2026 21:18:30:466,134528,182351
0.91,09-21-2026 21:18:30:476,134513,182381
0.92,09-21-2026 21:18:30:486,134505,182374
0.93,09-21-2026 21:18:30:496,134522,182392
0.94,09-21-2026 21:18:30:506,134523,182372
0.95,09-21-2026 21:18:30:516,134521,182406
0.96,09-21-2026 21:18:30:526,134530,182403
0.97,09-21-2026 21:18:30:536,134522,182408
0.98,09-21-2026 21:18:30:546,134535,182416
0.99,09-21-2026 21:18:30:556,134523,182456
1,09-21-2026 21:18:30:566,134517,182444
1.01,09-21-2026 21:18:30:576,134550,182469
1.02,09-21-2026 21:18:30:586,134541,182457
1.03,09-21-2026 21:18:30:596,134538,182497
1.04,09-21-2026 21:18:30:606,134549,182477
1.05,09-21-2026 21:18:30:616,134545,182506
1.06,09-21-2026 21:18:30:626,134546,182492
1.07,09-21-2026 21:18:30:636,134552,182525
1.08,09-21-2026 21:18:30:646,134555,182525
1.09,09-21-2026 21:18:30:656,134540,182537
1.1,09-21-2026 21:18:30:666,134562,182538
1.11,09-21-2026 21:18:30:676,134564,182581
1.12,09-21-2026 21:18:30:686,134562,182561
1.13,09-21-2026 21:18:30:696,134553,182581
1.14,09-21-2026 21:18:30:706,134570,182584
1.15,09-21-2026 21:18:30:716,134578,182654
1.16,09-21-2026 21:18:30:726,134577,182592
1.17,09-21-2026 21:18:30:736,134568,182666
1.18,09-21-2026 21:18:30:746,134578,182616
1.19,09-21-2026 21:18:30:756,134591,182670
1.2,09-21-2026 21:18:30:766,134581,182641
1.21,09-21-2026 21:18:30:776,134580,182685
1.22,09-21-2026 21:18:30:786,134592,182670
1.23,09-21-2026 21:18:30:796,134580,182713
1.24,09-21-2026 21:18:30:806,134598,182699
1.25,09-21-2026 21:18:30:816,134596,182729
1.26,09-21-2026 21:18:30:826,134594,182718
1.27,09-21-2026 21:18:30:836,134596,182737
1.28,09-21-2026 21:18:30:846,134591,182739
1.29,09-21-2026 21:18:30:856,134606,182766
1.3,09-21-2026 21:18:30:866,134608,182747
1.31,09-21-2026 21:18:30:876,134598,182765
1.32,09-21-2026 21:18:30:886,134604,182733
1.33,09-21-2026 21:18:30:896,134597,182731
1.34,09-21-2026 21:18:30:906,134587,182685
1.35,09-21-2026 21:18:30:916,134587,182697
1.36,09-21-2026 21:18:30:926,134589,182669
1.37,09-21-2026 21:18:30:936,134578,182633
1.38,09-21-2026 21:18:30:946,134558,182585
1.39,09-21-2026 21:18:30:956,134577,182595
1.4,09-21-2026 21:18:30:966,134573,182575
1.41,09-21-2026 21:18:30:976,134557,182560
1.42,09-21-2026 21:18:30:986,134555,182545
1.43,09-21-2026 21:18:30:996,134562,182552
1.44,09-21-2026 21:18:31:006,134547,182546
1.45,09-21-2026 21:18:31:016,134561,182529
1.46,09-21-2026 21:18:31:026,134536,182523
1.47,09-21-2026 21:18:31:036,134532,182511
1.48,09-21-2026 21:18:31:046,134545,182489
1.49,09-21-2026 21:18:31:056,134557,182510
1.5,09-21-2026 21:18:31:066,134532,182486
1.51,09-21-2026 21:18:31:076,134532,182497
1.52,09-21-2026 21:18:31:086,134555,182474
1.53,09-21-2026 21:18:31:096,134561,182493
1.54,09-21-2026 21:18:31:106,134537,182499
1.55,09-21-2026 21:18:31:116,134546,182476
1.56,09-21-2026 21:18:31:126,134538,182475
1.57,09-21-2026 21:18:31:136,134539,182480
1.58,09-21-2026 21:18:31:146,134551,182500
1.59,09-21-2026 21:18:31:156,134537,182495
1.6,09-21-2026 21:18:31:166,134553,182506
1.61,09-21-2026 21:18:31:176,134550,182493
1.62,09-21-2026 21:18:31:186,134541,182486
1.63,09-21-2026 21:18:31:196,134541,182493
1.64,09-21-2026 21:18:31:206,134540,182507
1.65,09-21-2026 21:18:31:216,134549,182488
1.66,09-21-2026 21:18:31:226,134531,182494
1.67,09-21-2026 21:18:31:236,134545,182498
1.68,09-21-2026 21:18:31:246,134552,182513
1.69,09-21-2026 21:18:31:256,134539,182520
1.7,09-21-2026 21:18:31:266,134550,182499
1.71,09-21-2026 21:18:31:276,134553,182524
1.72,09-21-2026 21:18:31:286,134558,182524
1.73,09-21-2026 21:18:31:296,134536,182519
1.74,09-21-2026 21:18:31:306,134555,182543
1.75,09-21-2026 21:18:31:316,134549,182558
1.76,09-21-2026 21:18:31:326,134564,182547
1.77,09-21-2026 21:18:31:336,134539,182573
1.78,09-21-2026 21:18:31:346,134562,182567
1.79,09-21-2026 21:18:31:356,134543,182586
1.8,09-21-2026 21:18:31:366,134572,182584
1.81,09-21-2026 21:18:31:376,134569,182615
1.82,09-21-2026 21:18:31:386,134568,182612
1.83,09-21-2026 21:18:31:396,134546,182622
1.84,09-21-2026 21:18:31:406,134578,182629
1.85,09-21-2026 21:18:31:416,134557,182651
1.86,09-21-2026 21:18:31:426,134580,182638
1.87,09-21-2026 21:18:31:436,134548,182659
1.88,09-21-2026 21:18:31:446,134588,182667
1.89,09-21-2026 21:18:31:456,134547,182680
1.9,09-21-2026 21:18:31:466,134587,182710
1.91,09-21-2026 21:18:31:476,134552,182702
1.92,09-21-2026 21:18:31:486,134609,182713
1.93,09-21-2026 21:18:31:496,134566,182710
1.94,09-21-2026 21:18:31:506,134597,182733
1.95,09-21-2026 21:18:31:516,134550,182746
1.96,09-21-2026 21:18:31:526,134615,182770
1.97,09-21-2026 21:18:31:536,134571,182793
1.98,09-21-2026 21:18:31:546,134624,182793
1.99,09-21-2026 21:18:31:556,134584,182805
2,09-21-2026 21:18:31:566,134619,182819
2.01,09-21-2026 21:18:31:576,134578,182812
2.02,09-21-2026 21:18:31:586,134619,182827
2.03,09-21-2026 21:18:31:596,134604,182855
2.04,09-21-2026 21:18:31:606,134628,182868
2.05,09-21-2026 21:18:31:616,134621,182870
2.06,09-21-2026 21:18:31:626,134641,182888
2.07,09-21-2026 21:18:31:636,134605,182913
2.08,09-21-2026 21:18:31:646,134637,182896
2.09,09-21-2026 21:18:31:656,134620,182908
2.1,09-21-2026 21:18:31:666,134651,182933
2.11,09-21-2026 21:18:31:676,134617,182951
2.12,09-21-2026 21:18:31:686,134659,182959
2.13,09-21-2026 21:18:31:696,134639,182979
2.14,09-21-2026 21:18:31:706,134663,182980
2.15,09-21-2026 21:18:31:716,134638,183002
2.16,09-21-2026 21:18:31:726,134663,183004
2.17,09-21-2026 21:18:31:736,134666,183013
2.18,09-21-2026 21:18:31:746,134648,183038
2.19,09-21-2026 21:18:31:756,134674,183058
2.2,09-21-2026 21:18:31:766,134679,183054
2.21,09-21-2026 21:18:31:776,134675,183049
2.22,09-21-2026 21:18:31:786,134661,183031
2.23,09-21-2026 21:18:31:796,134679,182999
2.24,09-21-2026 21:18:31:806,134668,182979
2.25,09-21-2026 21:18:31:816,134662,182943
2.26,09-21-2026 21:18:31:826,134643,182921
2.27,09-21-2026 21:18:31:836,134650,182905
2.28,09-21-2026 21:18:31:846,134626,182903
2.29,09-21-2026 21:18:31:856,134642,182865
2.3,09-21-2026 21:18:31:866,134633,182863
2.31,09-21-2026 21:18:31:876,134648,182876
2.32,09-21-2026 21:18:31:886,134629,182849
2.33,09-21-2026 21:18:31:896,134650,182865
2.34,09-21-2026 21:18:31:906,134628,182863
2.35,09-21-2026 21:18:31:916,134647,182846
2.36,09-21-2026 21:18:31:926,134611,182855
2.37,09-21-2026 21:18:31:936,134649,182843
2.38,09-21-2026 21:18:31:946,134620,182805
2.39,09-21-2026 21:18:31:956,134649,182830
2.4,09-21-2026 21:18:31:966,134627,182830
2.41,09-21-2026 21:18:31:976,134624,182814
2.42,09-21-2026 21:18:31:986,134624,182794
2.43,09-21-2026 21:18:31:996,134656,182825
2.44,09-21-2026 21:18:32:006,134618,182813
2.45,09-21-2026 21:18:32:016,134660,182837
2.46,09-21-2026 21:18:32:026,134631,182815
2.47,09-21-2026 21:18:32:036,134659,182826
2.48,09-21-2026 21:18:32:046,134613,182846
2.49,09-21-2026 21:18:32:056,134648,182806
2.5,09-21-2026 21:18:32:066,134624,182824
2.51,09-21-2026 21:18:32:076,134630,182819
2.52,09-21-2026 21:18:32:086,134613,182827
2.53,09-21-2026 21:18:32:096,134646,182838
2.54,09-21-2026 21:18:32:106,134617,182829
2.55,09-21-2026 21:18:32:116,134630,182844
2.56,09-21-2026 21:18:32:126,134601,182831
2.57,09-21-2026 21:18:32:136,134634,182843
2.58,09-21-2026 21:18:32:146,134603,182855
2.59,09-21-2026 21:18:32:156,134663,182860
2.6,09-21-2026 21:18:32:166,134622,182855
2.61,09-21-2026 21:18:32:176,134634,182859
2.62,09-21-2026 21:18:32:186,134623,182850
2.63,09-21-2026 21:18:32:196,134639,182878
2.64,09-21-2026 21:18:32:206,134625,182874
2.65,09-21-2026 21:18:32:216,134624,182880
2.66,09-21-2026 21:18:32:226,134630,182897
2.67,09-21-2026 21:18:32:236,134614,182893
2.68,09-21-2026 21:18:32:246,134631,182906
2.69,09-21-2026 21:18:32:256,134631,182917
2.7,09-21-2026 21:18:32:266,134633,182909
2.71,09-21-2026 21:18:32:276,134645,182939
2.72,09-21-2026 21:18:32:286,134662,182944
2.73,09-21-2026 21:18:32:296,134652,182952
2.74,09-21-2026 21:18:32:306,134648,182939
2.75,09-21-2026 21:18:32:316,134635,182975
2.76,09-21-2026 21:18:32:326,134648,182963
2.77,09-21-2026 21:18:32:336,134656,183005
2.78,09-21-2026 21:18:32:346,134641,182992
2.79,09-21-2026 21:18:32:356,134664,183033
2.8,09-21-2026 21:18:32:366,134664,183019
2.81,09-21-2026 21:18:32:376,134665,183030
2.82,09-21-2026 21:18:32:386,134671,183047
2.83,09-21-2026 21:18:32:396,134675,183068
2.84,09-21-2026 21:18:32:406,134679,183038
2.85,09-21-2026 21:18:32:416,134668,183088
2.86,09-21-2026 21:18:32:426,134678,183070
2.87,09-21-2026 21:18:32:436,134685,183122
2.88,09-21-2026 21:18:32:446,134674,183107
2.89,09-21-2026 21:18:32:456,134698,183130
2.9,09-21-2026 21:18:32:466,134687,183104
2.91,09-21-2026 21:18:32:476,134668,183161
2.92,09-21-2026 21:18:32:486,134700,183133
2.93,09-21-2026 21:18:32:496,134689,183175
2.94,09-21-2026 21:18:32:506,134697,183149
2.95,09-21-2026 21:18:32:516,134694,183199
2.96,09-21-2026 21:18:32:526,134696,183150
2.97,09-21-2026 21:18:32:536,134689,183220
2.98,09-21-2026 21:18:32:546,134711,183186
2.99,09-21-2026 21:18:32:556,134692,183245
3,09-21-2026 21:18:32:566,134697,183208
3.01,09-21-2026 21:18:32:576,134692,183267
3.02,09-21-2026 21:18:32:586,134712,183207
3.03,09-21-2026 21:18:32:596,134686,183294
3.04,09-21-2026 21:18:32:606,134697,183252
3.05,09-21-2026 21:18:32:616,134714,183305
3.06,09-21-2026 21:18:32:626,134721,183238
3.07,09-21-2026 21:18:32:636,134718,183315
3.08,09-21-2026 21:18:32:646,134709,183225
3.09,09-21-2026 21:18:32:656,134697,183266
3.1,09-21-2026 21:18:32:666,134698,183200
3.11,09-21-2026 21:18:32:676,134701,183233
3.12,09-21-2026 21:18:32:686,134689,183180
3.13,09-21-2026 21:18:32:696,134680,183191
3.14,09-21-2026 21:18:32:706,134687,183127
3.15,09-21-2026 21:18:32:716,134684,183176
3.16,09-21-2026 21:18:32:726,134668,183146
3.17,09-21-2026 21:18:32:736,134691,183145
3.18,09-21-2026 21:18:32:746,134656,183141
3.19,09-21-2026 21:18:32:756,134687,183158
3.2,09-21-2026 21:18:32:766,134665,183129
3.21,09-21-2026 21:18:32:776,134668,183142
3.22,09-21-2026 21:18:32:786,134675,183109
3.23,09-21-2026 21:18:32:796,134664,183137
3.24,09-21-2026 21:18:32:806,134677,183122
3.25,09-21-2026 21:18:32:816,134673,183117
3.26,09-21-2026 21:18:32:826,134668,183129
3.27,09-21-2026 21:18:32:836,134667,183116
3.28,09-21-2026 21:18:32:846,134665,183137
3.29,09-21-2026 21:18:32:856,134662,183139
3.3,09-21-2026 21:18:32:866,134674,183150
3.31,09-21-2026 21:18:32:876,134671,183153
3.32,09-21-2026 21:18:32:886,134667,183158
3.33,09-21-2026 21:18:32:896,134665,183154
3.34,09-21-2026 21:18:32:906,134671,183156
3.35,09-21-2026 21:18:32:916,134662,183132
3.36,09-21-2026 21:18:32:926,134656,183166
3.37,09-21-2026 21:18:32:936,134679,183147
3.38,09-21-2026 21:18:32:946,134668,183176
3.39,09-21-2026 21:18:32:956,134667,183169
3.4,09-21-2026 21:18:32:966,134678,183188
3.41,09-21-2026 21:18:32:976,134686,183167
3.42,09-21-2026 21:18:32:986,134677,183197
3.43,09-21-2026 21:18:32:996,134658,183177
3.44,09-21-2026 21:18:33:006,134688,183183
3.45,09-21-2026 21:18:33:016,134678,183171
3.46,09-21-2026 21:18:33:026,134684,183225
3.47,09-21-2026 21:18:33:036,134666,183183
3.48,09-21-2026 21:18:33:046,134670,183231
3.49,09-21-2026 21:18:33:056,134676,183198
3.5,09-21-2026 21:18:33:066,134679,183244
3.51,09-21-2026 21:18:33:076,134677,183215
3.52,09-21-2026 21:18:33:086,134675,183253
3.53,09-21-2026 21:18:33:096,134682,183233
3.54,09-21-2026 21:18:33:106,134694,183255
3.55,09-21-2026 21:18:33:116,134682,183229
3.56,09-21-2026 21:18:33:126,134678,183304
3.57,09-21-2026 21:18:33:136,134676,183260
3.58,09-21-2026 21:18:33:146,134690,183306
3.59,09-21-2026 21:18:33:156,134682,183274
3.6,09-21-2026 21:18:33:166,134694,183301
3.61,09-21-2026 21:18:33:176,134703,183303
3.62,09-21-2026 21:18:33:186,134693,183323
3.63,09-21-2026 21:18:33:196,134701,183311
3.64,09-21-2026 21:18:33:206,134696,183331
3.65,09-21-2026 21:18:33:216,134729,183345
3.66,09-21-2026 21:18:33:226,134712,183355
3.67,09-21-2026 21:18:33:236,134721,183347
3.68,09-21-2026 21:18:33:246,134722,183374
3.69,09-21-2026 21:18:33:256,134703,183374
3.7,09-21-2026 21:18:33:266,134713,183427
3.71,09-21-2026 21:18:33:276,134709,183414
3.72,09-21-2026 21:18:33:286,134722,183459
3.73,09-21-2026 21:18:33:296,134719,183418
3.74,09-21-2026 21:18:33:306,134720,183450
3.75,09-21-2026 21:18:33:316,134722,183446
3.76,09-21-2026 21:18:33:326,134744,183459
3.77,09-21-2026 21:18:33:336,134734,183471
3.78,09-21-2026 21:18:33:346,134739,183486
3.79,09-21-2026 21:18:33:356,134744,183501
3.8,09-21-2026 21:18:33:366,134738,183504
3.81,09-21-2026 21:18:33:376,134731,183524
3.82,09-21-2026 21:18:33:386,134751,183526
3.83,09-21-2026 21:18:33:396,134751,183546
3.84,09-21-2026 21:18:33:406,134743,183535
3.85,09-21-2026 21:18:33:416,134746,183554
3.86,09-21-2026 21:18:33:426,134761,183532
3.87,09-21-2026 21:18:33:436,134752,183520
3.88,09-21-2026 21:18:33:446,134772,183514
3.89,09-21-2026 21:18:33:456,134756,183481
3.9,09-21-2026 21:18:33:466,134727,183477
3.91,09-21-2026 21:18:33:476,134750,183433
3.92,09-21-2026 21:18:33:486,134730,183429
3.93,09-21-2026 21:18:33:496,134713,183412
3.94,09-21-2026 21:18:33:506,134719,183376
3.95,09-21-2026 21:18:33:516,134703,183385
3.96,09-21-2026 21:18:33:526,134703,183361
3.97,09-21-2026 21:18:33:536,134715,183366
3.98,09-21-2026 21:18:33:546,134696,183356
3.99,09-21-2026 21:18:33:556,134700,183330
4,09-21-2026 21:18:33:566,134684,183353
4.01,09-21-2026 21:18:33:576,134690,183330
4.02,09-21-2026 21:18:33:586,134684,183331
4.03,09-21-2026 21:18:33:596,134695,183325
4.04,09-21-2026 21:18:33:606,134689,183312
4.05,09-21-2026 21:18:33:616,134683,183305
4.06,09-21-2026 21:18:33:626,134679,183302
4.07,09-21-2026 21:18:33:636,134677,183303
4.08,09-21-2026 21:18:33:646,134674,183301
4.09,09-21-2026 21:18:33:656,134671,183283
4.1,09-21-2026 21:18:33:666,134674,183309
4.11,09-21-2026 21:18:33:676,134687,183306
4.12,09-21-2026 21:18:33:686,134674,183312
4.13,09-21-2026 21:18:33:696,134697,183304
4.14,09-21-2026 21:18:33:706,134662,183312
4.15,09-21-2026 21:18:33:716,134685,183286
4.16,09-21-2026 21:18:33:726,134688,183313
4.17,09-21-2026 21:18:33:736,134686,183319
4.18,09-21-2026 21:18:33:746,134657,183310
4.19,09-21-2026 21:18:33:756,134663,183298
4.2,09-21-2026 21:18:33:766,134652,183309
4.21,09-21-2026 21:18:33:776,134680,183307
4.22,09-21-2026 21:18:33:786,134673,183318
4.23,09-21-2026 21:18:33:796,134692,183311
4.24,09-21-2026 21:18:33:806,134664,183337
4.25,09-21-2026 21:18:33:816,134702,183316
4.26,09-21-2026 21:18:33:826,134661,183340
4.27,09-21-2026 21:18:33:836,134699,183322
4.28,09-21-2026 21:18:33:846,134667,183359
4.29,09-21-2026 21:18:33:856,134700,183363
4.3,09-21-2026 21:18:33:866,134672,183358
4.31,09-21-2026 21:18:33:876,134704,183366
4.32,09-21-2026 21:18:33:886,134687,183364
4.33,09-21-2026 21:18:33:896,134702,183368
4.34,09-21-2026 21:18:33:906,134645,183383
4.35,09-21-2026 21:18:33:916,134715,183399
4.36,09-21-2026 21:18:33:926,134653,183405
4.37,09-21-2026 21:18:33:936,134721,183396
4.38,09-21-2026 21:18:33:946,134666,183430
4.39,09-21-2026 21:18:33:956,134714,183443
4.4,09-21-2026 21:18:33:966,134680,183448
4.41,09-21-2026 21:18:33:976,134726,183455
4.42,09-21-2026 21:18:33:986,134663,183460
4.43,09-21-2026 21:18:33:996,134728,183467
4.44,09-21-2026 21:18:34:006,134696,183485
4.45,09-21-2026 21:18:34:016,134722,183506
4.46,09-21-2026 21:18:34:026,134700,183485
4.47,09-21-2026 21:18:34:036,134732,183501
4.48,09-21-2026 21:18:34:046,134714,183526
4.49,09-21-2026 21:18:34:056,134738,183527
4.5,09-21-2026 21:18:34:066,134714,183534
4.51,09-21-2026 21:18:34:076,134739,183548
4.52,09-21-2026 21:18:34:086,134738,183555
4.53,09-21-2026 21:18:34:096,134753,183591
4.54,09-21-2026 21:18:34:106,134748,183577
4.55,09-21-2026 21:18:34:116,134766,183598
4.56,09-21-2026 21:18:34:126,134750,183598
4.57,09-21-2026 21:18:34:136,134760,183629
4.58,09-21-2026 21:18:34:146,134769,183621
4.59,09-21-2026 21:18:34:156,134765,183636
4.6,09-21-2026 21:18:34:166,134762,183637
4.61,09-21-2026 21:18:34:176,134765,183658
4.62,09-21-2026 21:18:34:186,134760,183654
4.63,09-21-2026 21:18:34:196,134762,183658
4.64,09-21-2026 21:18:34:206,134773,183642
4.65,09-21-2026 21:18:34:216,134747,183626
4.66,09-21-2026 21:18:34:226,134780,183602
4.67,09-21-2026 21:18:34:236,134763,183576
4.68,09-21-2026 21:18:34:246,134764,183544
4.69,09-21-2026 21:18:34:256,134735,183532
4.7,09-21-2026 21:18:34:266,134759,183524
4.71,09-21-2026 21:18:34:276,134739,183503
4.72,09-21-2026 21:18:34:286,134750,183487
4.73,09-21-2026 21:18:34:296,134738,183488
4.74,09-21-2026 21:18:34:306,134755,183471
4.75,09-21-2026 21:18:34:316,134730,183465
4.76,09-21-2026 21:18:34:326,134760,183473
4.77,09-21-2026 21:18:34:336,134719,183475
4.78,09-21-2026 21:18:34:346,134760,183452
4.79,09-21-2026 21:18:34:356,134719,183452
4.8,09-21-2026 21:18:34:366,134727,183441
4.81,09-21-2026 21:18:34:376,134710,183448
4.82,09-21-2026 21:18:34:386,134762,183443
4.83,09-21-2026 21:18:34:396,134711,183426
4.84,09-21-2026 21:18:34:406,134744,183429
4.85,09-21-2026 21:18:34:416,134713,183432
4.86,09-21-2026 21:18:34:426,134757,183428
4.87,09-21-2026 21:18:34:436,134721,183435
4.88,09-21-2026 21:18:34:446,134757,183431
4.89,09-21-2026 21:18:34:456,134714,183453
4.9,09-21-2026 21:18:34:466,134759,183430
4.91,09-21-2026 21:18:34:476,134718,183432
4.92,09-21-2026 21:18:34:486,134732,183446
4.93,09-21-2026 21:18:34:496,134729,183444
4.94,09-21-2026 21:18:34:506,134741,183440
4.95,09-21-2026 21:18:34:516,134705,183435
4.96,09-21-2026 21:18:34:526,134731,183443
4.97,09-21-2026 21:18:34:536,134704,183427
4.98,09-21-2026 21:18:34:546,134742,183439
4.99,09-21-2026 21:18:34:556,134714,183429
5,09-21-2026 21:18:34:566,134722,183432
5.01,09-21-2026 21:18:34:576,134713,183422
5.02,09-21-2026 21:18:34:586,134751,183447
5.03,09-21-2026 21:18:34:596,134724,183443
5.04,09-21-2026 21:18:34:606,134716,183455
5.05,09-21-2026 21:18:34:616,134724,183439
5.06,09-21-2026 21:18:34:626,134722,183458
5.07,09-21-2026 21:18:34:636,134730,183455
5.08,09-21-2026 21:18:34:646,134722,183468
5.09,09-21-2026 21:18:34:656,134733,183467
5.1,09-21-2026 21:18:34:666,134728,183464
5.11,09-21-2026 21:18:34:676,134718,183480
5.12,09-21-2026 21:18:34:686,134740,183505
5.13,09-21-2026 21:18:34:696,134732,183504
5.14,09-21-2026 21:18:34:706,134744,183506
5.15,09-21-2026 21:18:34:716,134729,183518
5.16,09-21-2026 21:18:34:726,134748,183528
5.17,09-21-2026 21:18:34:736,134733,183522
5.18,09-21-2026 21:18:34:746,134752,183541
5.19,09-21-2026 21:18:34:756,134739,183527
5.2,09-21-2026 21:18:34:766,134739,183527
5.21,09-21-2026 21:18:34:776,134759,183570
5.22,09-21-2026 21:18:34:786,134751,183569
5.23,09-21-2026 21:18:34:796,134769,183586
5.24,09-21-2026 21:18:34:806,134752,183566
5.25,09-21-2026 21:18:34:816,134745,183603
5.26,09-21-2026 21:18:34:826,134766,183592
5.27,09-21-2026 21:18:34:836,134766,183621
5.28,09-21-2026 21:18:34:846,134764,183615
5.29,09-21-2026 21:18:34:856,134782,183651
5.3,09-21-2026 21:18:34:866,134776,183639
5.31,09-21-2026 21:18:34:876,134789,183652
5.32,09-21-2026 21:18:34:886,134779,183632
5.33,09-21-2026 21:18:34:896,134763,183668
5.34,09-21-2026 21:18:34:906,134773,183627
5.35,09-21-2026 21:18:34:916,134785,183700
5.36,09-21-2026 21:18:34:926,134788,183651
5.37,09-21-2026 21:18:34:936,134778,183716
5.38,09-21-2026 21:18:34:946,134797,183661
5.39,09-21-2026 21:18:34:956,134780,183694
5.4,09-21-2026 21:18:34:966,134771,183622
5.41,09-21-2026 21:18:34:976,134783,183680
5.42,09-21-2026 21:18:34:986,134775,183594
5.43,09-21-2026 21:18:34:996,134771,183612
5.44,09-21-2026 21:18:35:006,134772,183558
5.45,09-21-2026 21:18:35:016,134752,183574
5.46,09-21-2026 21:18:35:026,134736,183508
5.47,09-21-2026 21:18:35:036,134738,183548
5.48,09-21-2026 21:18:35:046,134741,183478
5.49,09-21-2026 21:18:35:056,134724,183518
5.5,09-21-2026 21:18:35:066,134746,183492
5.51,09-21-2026 21:18:35:076,134735,183510
5.52,09-21-2026 21:18:35:086,134734,183475
5.53,09-21-2026 21:18:35:096,134746,183490
5.54,09-21-2026 21:18:35:106,134731,183483
5.55,09-21-2026 21:18:35:116,134743,183497
5.56,09-21-2026 21:18:35:126,134716,183454
5.57,09-21-2026 21:18:35:136,134724,183471
5.58,09-21-2026 21:18:35:146,134726,183449
5.59,09-21-2026 21:18:35:156,134732,183447
5.6,09-21-2026 21:18:35:166,134727,183429
5.61,09-21-2026 21:18:35:176,134732,183452
5.62,09-21-2026 21:18:35:186,134711,183461
5.63,09-21-2026 21:18:35:196,134718,183447
5.64,09-21-2026 21:18:35:206,134714,183496
5.65,09-21-2026 21:18:35:216,134709,183463
5.66,09-21-2026 21:18:35:226,134716,183456
5.67,09-21-2026 21:18:35:236,134714,183441
5.68,09-21-2026 21:18:35:246,134708,183460
5.69,09-21-2026 21:18:35:256,134722,183438
5.7,09-21-2026 21:18:35:266,134705,183445
5.71,09-21-2026 21:18:35:276,134705,183435
5.72,09-21-2026 21:18:35:286,134714,183448
5.73,09-21-2026 21:18:35:296,134718,183418
5.74,09-21-2026 21:18:35:306,134716,183449
5.75,09-21-2026 21:18:35:316,134718,183437
5.76,09-21-2026 21:18:35:326,134701,183473
5.77,09-21-2026 21:18:35:336,134716,183439
5.78,09-21-2026 21:18:35:346,134713,183453
5.79,09-21-2026 21:18:35:356,134717,183446
5.8,09-21-2026 21:18:35:366,134717,183452
5.81,09-21-2026 21:18:35:376,134697,183442
5.82,09-21-2026 21:18:35:386,134720,183461
5.83,09-21-2026 21:18:35:396,134705,183433
5.84,09-21-2026 21:18:35:406,134712,183460
5.85,09-21-2026 21:18:35:416,134704,183446
5.86,09-21-2026 21:18:35:426,134708,183474
5.87,09-21-2026 21:18:35:436,134707,183454
5.88,09-21-2026 21:18:35:446,134708,183501
5.89,09-21-2026 21:18:35:456,134699,183451
5.9,09-21-2026 21:18:35:466,134710,183503
5.91,09-21-2026 21:18:35:476,134728,183487
5.92,09-21-2026 21:18:35:486,134719,183511
5.93,09-21-2026 21:18:35:496,134712,183494
5.94,09-21-2026 21:18:35:506,134723,183511
5.95,09-21-2026 21:18:35:516,134731,183504
5.96,09-21-2026 21:18:35:526,134703,183548
5.97,09-21-2026 21:18:35:536,134714,183515
5.98,09-21-2026 21:18:35:546,134723,183536
5.99,09-21-2026 21:18:35:556,134715,183521
6,09-21-2026 21:18:35:566,134704,183536
6.01,09-21-2026 21:18:35:576,134702,183523
6.02,09-21-2026 21:18:35:586,134705,183557
6.03,09-21-2026 21:18:35:596,134722,183542
6.04,09-21-2026 21:18:35:606,134709,183568
6.05,09-21-2026 21:18:35:616,134721,183556
6.06,09-21-2026 21:18:35:626,134737,183558
6.07,09-21-2026 21:18:35:636,134726,183558
6.08,09-21-2026 21:18:35:646,134709,183559
6.09,09-21-2026 21:18:35:656,134704,183510
6.1,09-21-2026 21:18:35:666,134705,183485
6.11,09-21-2026 21:18:35:676,134705,183449
6.12,09-21-2026 21:18:35:686,134695,183441
6.13,09-21-2026 21:18:35:696,134686,183409
6.14,09-21-2026 21:18:35:706,134683,183393
6.15,09-21-2026 21:18:35:716,134667,183369
6.16,09-21-2026 21:18:35:726,134691,183361
6.17,09-21-2026 21:18:35:736,134678,183357
6.18,09-21-2026 21:18:35:746,134672,183327
6.19,09-21-2026 21:18:35:756,134668,183345
6.2,09-21-2026 21:18:35:766,134674,183321
6.21,09-21-2026 21:18:35:776,134675,183340
6.22,09-21-2026 21:18:35:786,134681,183315
6.23,09-21-2026 21:18:35:796,134665,183300
6.24,09-21-2026 21:18:35:806,134663,183278
6.25,09-21-2026 21:18:35:816,134676,183280
6.26,09-21-2026 21:18:35:826,134648,183274
6.27,09-21-2026 21:18:35:836,134653,183268
6.28,09-21-2026 21:18:35:846,134649,183270
6.29,09-21-2026 21:18:35:856,134641,183245
6.3,09-21-2026 21:18:35:866,134665,183257
6.31,09-21-2026 21:18:35:876,134665,183260
6.32,09-21-2026 21:18:35:886,134677,183260
6.33,09-21-2026 21:18:35:896,134656,183239
6.34,09-21-2026 21:18:35:906,134650,183233
6.35,09-21-2026 21:18:35:916,134659,183238
6.36,09-21-2026 21:18:35:926,134643,183258
6.37,09-21-2026 21:18:35:936,134641,183226
6.38,09-21-2026 21:18:35:946,134634,183223
6.39,09-21-2026 21:18:35:956,134668,183228
6.4,09-21-2026 21:18:35:966,134650,183221
6.41,09-21-2026 21:18:35:976,134640,183197
6.42,09-21-2026 21:18:35:986,134633,183200
6.43,09-21-2026 21:18:35:996,134655,183201
6.44,09-21-2026 21:18:36:006,134620,183210
6.45,09-21-2026 21:18:36:016,134647,183212
6.46,09-21-2026 21:18:36:026,134629,183225
6.47,09-21-2026 21:18:36:036,134644,183207
6.48,09-21-2026 21:18:36:046,134636,183205
6.49,09-21-2026 21:18:36:056,134637,183213
6.5,09-21-2026 21:18:36:066,134616,183199
6.51,09-21-2026 21:18:36:076,134656,183194
6.52,09-21-2026 21:18:36:086,134597,183209
6.53,09-21-2026 21:18:36:096,134646,183211
6.54,09-21-2026 21:18:36:106,134623,183215
6.55,09-21-2026 21:18:36:116,134637,183211
6.56,09-21-2026 21:18:36:126,134630,183231
6.57,09-21-2026 21:18:36:136,134639,183232
6.58,09-21-2026 21:18:36:146,134608,183244
6.59,09-21-2026 21:18:36:156,134655,183225
6.6,09-21-2026 21:18:36:166,134605,183227
6.61,09-21-2026 21:18:36:176,134652,183250
6.62,09-21-2026 21:18:36:186,134620,183238
6.63,09-21-2026 21:18:36:196,134669,183278
6.64,09-21-2026 21:18:36:206,134622,183262
6.65,09-21-2026 21:18:36:216,134639,183268
6.66,09-21-2026 21:18:36:226,134620,183256
6.67,09-21-2026 21:18:36:236,134645,183278
6.68,09-21-2026 21:18:36:246,134618,183301
6.69,09-21-2026 21:18:36:256,134649,183303
6.7,09-21-2026 21:18:36:266,134606,183295
6.71,09-21-2026 21:18:36:276,134659,183302
6.72,09-21-2026 21:18:36:286,134616,183284
6.73,09-21-2026 21:18:36:296,134669,183278
6.74,09-21-2026 21:18:36:306,134617,183236
6.75,09-21-2026 21:18:36:316,134631,183208
6.76,09-21-2026 21:18:36:326,134605,183200
6.77,09-21-2026 21:18:36:336,134632,183152
6.78,09-21-2026 21:18:36:346,134581,183134
6.79,09-21-2026 21:18:36:356,134621,183120
6.8,09-21-2026 21:18:36:366,134563,183090
6.81,09-21-2026 21:18:36:376,134617,183073
6.82,09-21-2026 21:18:36:386,134604,183057
6.83,09-21-2026 21:18:36:396,134601,183039
6.84,09-21-2026 21:18:36:406,134560,183017
6.85,09-21-2026 21:18:36:416,134603,183009
6.86,09-21-2026 21:18:36:426,134578,183015
6.87,09-21-2026 21:18:36:436,134601,182985
6.88,09-21-2026 21:18:36:446,134573,182983
6.89,09-21-2026 21:18:36:456,134598,182981
6.9,09-21-2026 21:18:36:466,134571,182941
6.91,09-21-2026 21:18:36:476,134589,182924
6.92,09-21-2026 21:18:36:486,134538,182924
6.93,09-21-2026 21:18:36:496,134586,182924
6.94,09-21-2026 21:18:36:506,134556,182920
6.95,09-21-2026 21:18:36:516,134565,182909
6.96,09-21-2026 21:18:36:526,134575,182918
6.97,09-21-2026 21:18:36:536,134575,182925
6.98,09-21-2026 21:18:36:546,134593,182901
6.99,09-21-2026 21:18:36:556,134590,182903
7,09-21-2026 21:18:36:566,134579,182882
7.01,09-21-2026 21:18:36:576,134576,182895
7.02,09-21-2026 21:18:36:586,134595,182888
7.03,09-21-2026 21:18:36:596,134575,182866
7.04,09-21-2026 21:18:36:606,134591,182876
7.05,09-21-2026 21:18:36:616,134564,182869
7.06,09-21-2026 21:18:36:626,134595,182870
7.07,09-21-2026 21:18:36:636,134571,182878
7.08,09-21-2026 21:18:36:646,134594,182864
7.09,09-21-2026 21:18:36:656,134582,182858
7.1,09-21-2026 21:18:36:666,134584,182886
7.11,09-21-2026 21:18:36:676,134560,182883
7.12,09-21-2026 21:18:36:686,134597,182881
7.13,09-21-2026 21:18:36:696,134574,182857
7.14,09-21-2026 21:18:36:706,134585,182872
7.15,09-21-2026 21:18:36:716,134571,182881
7.16,09-21-2026 21:18:36:726,134583,182888
7.17,09-21-2026 21:18:36:736,134566,182870
7.18,09-21-2026 21:18:36:746,134596,182888
7.19,09-21-2026 21:18:36:756,134568,182901
7.2,09-21-2026 21:18:36:766,134592,182877
7.21,09-21-2026 21:18:36:776,134572,182887
7.22,09-21-2026 21:18:36:786,134605,182910
7.23,09-21-2026 21:18:36:796,134582,182913
7.24,09-21-2026 21:18:36:806,134616,182911
7.25,09-21-2026 21:18:36:816,134574,182926
7.26,09-21-2026 21:18:36:826,134628,182922
7.27,09-21-2026 21:18:36:836,134585,182935
7.28,09-21-2026 21:18:36:846,134634,182936
7.29,09-21-2026 21:18:36:856,134588,182956
7.3,09-21-2026 21:18:36:866,134623,182961
7.31,09-21-2026 21:18:36:876,134590,182956
7.32,09-21-2026 21:18:36:886,134621,182957
7.33,09-21-2026 21:18:36:896,134590,182970
7.34,09-21-2026 21:18:36:906,134615,182978
7.35,09-21-2026 21:18:36:916,134585,183000
7.36,09-21-2026 21:18:36:926,134605,183012
7.37,09-21-2026 21:18:36:936,134592,183003
7.38,09-21-2026 21:18:36:946,134635,182989
7.39,09-21-2026 21:18:36:956,134617,182999
7.4,09-21-2026 21:18:36:966,134616,183020
7.41,09-21-2026 21:18:36:976,134617,183020
7.42,09-21-2026 21:18:36:986,134614,183048
7.43,09-21-2026 21:18:36:996,134595,183032
7.44,09-21-2026 21:18:37:006,134635,183044
7.45,09-21-2026 21:18:37:016,134610,183026
7.46,09-21-2026 21:18:37:026,134609,183026
7.47,09-21-2026 21:18:37:036,134594,182998
7.48,09-21-2026 21:18:37:046,134586,182984
7.49,09-21-2026 21:18:37:056,134574,182938
7.5,09-21-2026 21:18:37:066,134568,182920
7.51,09-21-2026 21:18:37:076,134565,182879
7.52,09-21-2026 21:18:37:086,134569,182859
7.53,09-21-2026 21:18:37:096,134584,182837
7.54,09-21-2026 21:18:37:106,134559,182811
7.55,09-21-2026 21:18:37:116,134564,182789
7.56,09-21-2026 21:18:37:126,134553,182781
7.57,09-21-2026 21:18:37:136,134556,182763
7.58,09-21-2026 21:18:37:146,134543,182753
7.59,09-21-2026 21:18:37:156,134543,182701
7.6,09-21-2026 21:18:37:166,134539,182723
7.61,09-21-2026 21:18:37:176,134528,182689
7.62,09-21-2026 21:18:37:186,134552,182695
7.63,09-21-2026 21:18:37:196,134528,182666
7.64,09-21-2026 21:18:37:206,134545,182672
7.65,09-21-2026 21:18:37:216,134527,182607
7.66,09-21-2026 21:18:37:226,134525,182624
7.67,09-21-2026 21:18:37:236,134524,182602
7.68,09-21-2026 21:18:37:246,134544,182640
7.69,09-21-2026 21:18:37:256,134522,182611
7.7,09-21-2026 21:18:37:266,134535,182631
7.71,09-21-2026 21:18:37:276,134534,182590
7.72,09-21-2026 21:18:37:286,134535,182628
7.73,09-21-2026 21:18:37:296,134519,182579
7.74,09-21-2026 21:18:37:306,134531,182633
7.75,09-21-2026 21:18:37:316,134519,182560
7.76,09-21-2026 21:18:37:326,134525,182594
7.77,09-21-2026 21:18:37:336,134505,182559
7.78,09-21-2026 21:18:37:346,134506,182578
7.79,09-21-2026 21:18:37:356,134509,182525
7.8,09-21-2026 21:18:37:366,134513,182573
7.81,09-21-2026 21:18:37:376,134507,182535
7.82,09-21-2026 21:18:37:386,134528,182593
7.83,09-21-2026 21:18:37:396,134522,182532
7.84,09-21-2026 21:18:37:406,134524,182590
7.85,09-21-2026 21:18:37:416,134516,182559
7.86,09-21-2026 21:18:37:426,134514,182594
7.87,09-21-2026 21:18:37:436,134515,182508
7.88,09-21-2026 21:18:37:446,134516,182577
7.89,09-21-2026 21:18:37:456,134520,182525
7.9,09-21-2026 21:18:37:466,134530,182577
7.91,09-21-2026 21:18:37:476,134538,182562
7.92,09-21-2026 21:18:37:486,134529,182591
7.93,09-21-2026 21:18:37:496,134529,182564
7.94,09-21-2026 21:18:37:506,134527,182619
7.95,09-21-2026 21:18:37:516,134532,182582
7.96,09-21-2026 21:18:37:526,134531,182635
7.97,09-21-2026 21:18:37:536,134521,182607
7.98,09-21-2026 21:18:37:546,134535,182635
7.99,09-21-2026 21:18:37:556,134533,182624
8,09-21-2026 21:18:37:566,134536,182641
8.01,09-21-2026 21:18:37:576,134542,182650
8.02,09-21-2026 21:18:37:586,134556,182681
8.03,09-21-2026 21:18:37:596,134541,182653
8.04,09-21-2026 21:18:37:606,134562,182694
8.05,09-21-2026 21:18:37:616,134558,182708
8.06,09-21-2026 21:18:37:626,134545,182706
8.07,09-21-2026 21:18:37:636,134547,182734
8.08,09-21-2026 21:18:37:646,134542,182731
8.09,09-21-2026 21:18:37:656,134558,182759
8.1,09-21-2026 21:18:37:666,134551,182760
8.11,09-21-2026 21:18:37:676,134558,182755
8.12,09-21-2026 21:18:37:686,134544,182750
8.13,09-21-2026 21:18:37:696,134564,182769
8.14,09-21-2026 21:18:37:706,134571,182773
8.15,09-21-2026 21:18:37:716,134572,182807
8.16,09-21-2026 21:18:37:726,134573,182781
8.17,09-21-2026 21:18:37:736,134567,182792
8.18,09-21-2026 21:18:37:746,134569,182806
8.19,09-21-2026 21:18:37:756,134589,182851
8.2,09-21-2026 21:18:37:766,134577,182811
8.21,09-21-2026 21:18:37:776,134588,182874
8.22,09-21-2026 21:18:37:786,134571,182849
8.23,09-21-2026 21:18:37:796,134589,182874
8.24,09-21-2026 21:18:37:806,134574,182865
8.25,09-21-2026 21:18:37:816,134587,182906
8.26,09-21-2026 21:18:37:826,134589,182890
8.27,09-21-2026 21:18:37:836,134595,182952
8.28,09-21-2026 21:18:37:846,134577,182902
8.29,09-21-2026 21:18:37:856,134600,182954
8.3,09-21-2026 21:18:37:866,134596,182920
8.31,09-21-2026 21:18:37:876,134612,182921
8.32,09-21-2026 21:18:37:886,134588,182859
8.33,09-21-2026 21:18:37:896,134587,182859
8.34,09-21-2026 21:18:37:906,134574,182813
8.35,09-21-2026 21:18:37:916,134558,182807
8.36,09-21-2026 21:18:37:926,134561,182739
8.37,09-21-2026 21:18:37:936,134563,182759
8.38,09-21-2026 21:18:37:946,134557,182711
8.39,09-21-2026 21:18:37:956,134551,182733
8.4,09-21-2026 21:18:37:966,134540,182671
8.41,09-21-2026 21:18:37:976,134550,182709
8.42,09-21-2026 21:18:37:986,134552,182657
8.43,09-21-2026 21:18:37:996,134546,182673
8.44,09-21-2026 21:18:38:006,134536,182627
8.45,09-21-2026 21:18:38:016,134547,182665
8.46,09-21-2026 21:18:38:026,134535,182629
8.47,09-21-2026 21:18:38:036,134543,182615
8.48,09-21-2026 21:18:38:046,134520,182581
8.49,09-21-2026 21:18:38:056,134527,182593
8.5,09-21-2026 21:18:38:066,134543,182577
8.51,09-21-2026 21:18:38:076,134526,182592
8.52,09-21-2026 21:18:38:086,134530,182568
8.53,09-21-2026 21:18:38:096,134533,182594
8.54,09-21-2026 21:18:38:106,134533,182580
8.55,09-21-2026 21:18:38:116,134529,182566
8.56,09-21-2026 21:18:38:126,134532,182559
8.57,09-21-2026 21:18:38:136,134533,182563
8.58,09-21-2026 21:18:38:146,134529,182548
8.59,09-21-2026 21:18:38:156,134522,182555
8.6,09-21-2026 21:18:38:166,134537,182556
8.61,09-21-2026 21:18:38:176,134523,182531
8.62,09-21-2026 21:18:38:186,134502,182533
8.63,09-21-2026 21:18:38:196,134522,182539
8.64,09-21-2026 21:18:38:206,134516,182555
8.65,09-21-2026 21:18:38:216,134518,182540
8.66,09-21-2026 21:18:38:226,134542,182544
8.67,09-21-2026 21:18:38:236,134520,182528
8.68,09-21-2026 21:18:38:246,134512,182537
8.69,09-21-2026 21:18:38:256,134524,182540
8.7,09-21-2026 21:18:38:266,134521,182560
8.71,09-21-2026 21:18:38:276,134543,182550
8.72,09-21-2026 21:18:38:286,134538,182564
8.73,09-21-2026 21:18:38:296,134529,182544
8.74,09-21-2026 21:18:38:306,134524,182572
8.75,09-21-2026 21:18:38:316,134524,182579
8.76,09-21-2026 21:18:38:326,134542,182565
8.77,09-21-2026 21:18:38:336,134544,182579
8.78,09-21-2026 21:18:38:346,134545,182586
8.79,09-21-2026 21:18:38:356,134545,182593
8.8,09-21-2026 21:18:38:366,134554,182600
8.81,09-21-2026 21:18:38:376,134547,182621
8.82,09-21-2026 21:18:38:386,134536,182630
8.83,09-21-2026 21:18:38:396,134547,182646
8.84,09-21-2026 21:18:38:406,134549,182648
8.85,09-21-2026 21:18:38:416,134538,182647
8.86,09-21-2026 21:18:38:426,134543,182650
8.87,09-21-2026 21:18:38:436,134550,182657
8.88,09-21-2026 21:18:38:446,134545,182673
8.89,09-21-2026 21:18:38:456,134556,182686
8.9,09-21-2026 21:18:38:466,134566,182686
8.91,09-21-2026 21:18:38:476,134556,182693
8.92,09-21-2026 21:18:38:486,134565,182702
8.93,09-21-2026 21:18:38:496,134562,182703
8.94,09-21-2026 21:18:38:506,134553,182716
8.95,09-21-2026 21:18:38:516,134552,182740
8.96,09-21-2026 21:18:38:526,134592,182747
8.97,09-21-2026 21:18:38:536,134561,182769
8.98,09-21-2026 21:18:38:546,134587,182777
8.99,09-21-2026 21:18:38:556,134560,182778
9,09-21-2026 21:18:38:566,134582,182790
9.01,09-21-2026 21:18:38:576,134554,182785
9.02,09-21-2026 21:18:38:586,134585,182784
9.03,09-21-2026 21:18:38:596,134553,182802
9.04,09-21-2026 21:18:38:606,134589,182797
9.05,09-21-2026 21:18:38:616,134569,182829
9.06,09-21-2026 21:18:38:626,134586,182812
9.07,09-21-2026 21:18:38:636,134561,182826
9.08,09-21-2026 21:18:38:646,134599,182793
9.09,09-21-2026 21:18:38:656,134572,182773
9.1,09-21-2026 21:18:38:666,134591,182739
9.11,09-21-2026 21:18:38:676,134525,182718
9.12,09-21-2026 21:18:38:686,134565,182678
9.13,09-21-2026 21:18:38:696,134519,182672
9.14,09-21-2026 21:18:38:706,134566,182640
9.15,09-21-2026 21:18:38:716,134496,182638
9.16,09-21-2026 21:18:38:726,134542,182614
9.17,09-21-2026 21:18:38:736,134492,182596
9.18,09-21-2026 21:18:38:746,134540,182596
9.19,09-21-2026 21:18:38:756,134506,182586
9.2,09-21-2026 21:18:38:766,134556,182578
9.21,09-21-2026 21:18:38:776,134483,182588
9.22,09-21-2026 21:18:38:786,134541,182580
9.23,09-21-2026 21:18:38:796,134486,182543
9.24,09-21-2026 21:18:38:806,134542,182550
9.25,09-21-2026 21:18:38:816,134505,182524
9.26,09-21-2026 21:18:38:826,134527,182532
9.27,09-21-2026 21:18:38:836,134503,182514
9.28,09-21-2026 21:18:38:846,134543,182519
9.29,09-21-2026 21:18:38:856,134509,182534
9.3,09-21-2026 21:18:38:866,134530,182527
9.31,09-21-2026 21:18:38:876,134505,182515
9.32,09-21-2026 21:18:38:886,134542,182537
9.33,09-21-2026 21:18:38:896,134507,182531
9.34,09-21-2026 21:18:38:906,134523,182526
9.35,09-21-2026 21:18:38:916,134518,182541
9.36,09-21-2026 21:18:38:926,134544,182537
9.37,09-21-2026 21:18:38:936,134535,182528
9.38,09-21-2026 21:18:38:946,134516,182523
9.39,09-21-2026 21:18:38:956,134539,182522
9.4,09-21-2026 21:18:38:966,134552,182528
9.41,09-21-2026 21:18:38:976,134545,182552
9.42,09-21-2026 21:18:38:986,134542,182529
9.43,09-21-2026 21:18:38:996,134556,182546
9.44,09-21-2026 21:18:39:006,134541,182555
9.45,09-21-2026 21:18:39:016,134554,182536
9.46,09-21-2026 21:18:39:026,134547,182550
9.47,09-21-2026 21:18:39:036,134574,182560
9.48,09-21-2026 21:18:39:046,134544,182588
9.49,09-21-2026 21:18:39:056,134570,182567
9.5,09-21-2026 21:18:39:066,134550,182579
9.51,09-21-2026 21:18:39:076,134575,182587
9.52,09-21-2026 21:18:39:086,134567,182595
9.53,09-21-2026 21:18:39:096,134592,182607
9.54,09-21-2026 21:18:39:106,134568,182626
9.55,09-21-2026 21:18:39:116,134602,182623
9.56,09-21-2026 21:18:39:126,134564,182646
9.57,09-21-2026 21:18:39:136,134601,182659
9.58,09-21-2026 21:18:39:146,134586,182673
9.59,09-21-2026 21:18:39:156,134613,182650
9.6,09-21-2026 21:18:39:166,134594,182657
9.61,09-21-2026 21:18:39:176,134614,182681
9.62,09-21-2026 21:18:39:186,134582,182673
9.63,09-21-2026 21:18:39:196,134634,182688
9.64,09-21-2026 21:18:39:206,134596,182702
9.65,09-21-2026 21:18:39:216,134623,182716
9.66,09-21-2026 21:18:39:226,134587,182722
9.67,09-21-2026 21:18:39:236,134630,182733
9.68,09-21-2026 21:18:39:246,134599,182751
9.69,09-21-2026 21:18:39:256,134634,182753
9.7,09-21-2026 21:18:39:266,134593,182768
9.71,09-21-2026 21:18:39:276,134642,182773
9.72,09-21-2026 21:18:39:286,134614,182783
9.73,09-21-2026 21:18:39:296,134623,182804
9.74,09-21-2026 21:18:39:306,134603,182809
9.75,09-21-2026 21:18:39:316,134617,182808
9.76,09-21-2026 21:18:39:326,134610,182830
9.77,09-21-2026 21:18:39:336,134624,182840
9.78,09-21-2026 21:18:39:346,134620,182858
9.79,09-21-2026 21:18:39:356,134654,182873
9.8,09-21-2026 21:18:39:366,134633,182881
9.81,09-21-2026 21:18:39:376,134632,182890
9.82,09-21-2026 21:18:39:386,134641,182894
9.83,09-21-2026 21:18:39:396,134653,182895
9.84,09-21-2026 21:18:39:406,134637,182921
9.85,09-21-2026 21:18:39:416,134641,182925
9.86,09-21-2026 21:18:39:426,134634,182919
9.87,09-21-2026 21:18:39:436,134651,182928
9.88,09-21-2026 21:18:39:446,134627,182906
9.89,09-21-2026 21:18:39:456,134632,182884
9.9,09-21-2026 21:18:39:466,134632,182849
9.91,09-21-2026 21:18:39:476,134620,182856
9.92,09-21-2026 21:18:39:486,134617,182806
9.93,09-21-2026 21:18:39:496,134614,182786
9.94,09-21-2026 21:18:39:506,134616,182776
9.95,09-21-2026 21:18:39:516,134607,182754
9.96,09-21-2026 21:18:39:526,134600,182742
9.97,09-21-2026 21:18:39:536,134598,182724
9.98,09-21-2026 21:18:39:546,134604,182714
9.99,09-21-2026 21:18:39:556,134606,182738
10,09-21-2026 21:18:39:566,134586,182686
10.01,09-21-2026 21:18:39:576,134591,182695
10.02,09-21-2026 21:18:39:586,134594,182683
10.03,09-21-2026 21:18:39:596,134563,182665
10.04,09-21-2026 21:18:39:606,134571,182641
10.05,09-21-2026 21:18:39:616,134578,182652
10.06,09-21-2026 21:18:39:626,134580,182629
10.07,09-21-2026 21:18:39:636,134553,182648
10.08,09-21-2026 21:18:39:646,134579,182616
10.09,09-21-2026 21:18:39:656,134571,182655
10.1,09-21-2026 21:18:39:666,134579,182633
10.11,09-21-2026 21:18:39:676,134572,182669
10.12,09-21-2026 21:18:39:686,134553,182611
10.13,09-21-2026 21:18:39:696,134566,182649
10.14,09-21-2026 21:18:39:706,134565,182596
10.15,09-21-2026 21:18:39:716,134559,182653
10.16,09-21-2026 21:18:39:726,134564,182585
10.17,09-21-2026 21:18:39:736,134575,182655
10.18,09-21-2026 21:18:39:746,134568,182615
10.19,09-21-2026 21:18:39:756,134566,182638
10.2,09-21-2026 21:18:39:766,134549,182614
10.21,09-21-2026 21:18:39:776,134554,182642
10.22,09-21-2026 21:18:39:786,134566,182574
10.23,09-21-2026 21:18:39:796,134568,182658
10.24,09-21-2026 21:18:39:806,134571,182610
10.25,09-21-2026 21:18:39:816,134552,182659
10.26,09-21-2026 21:18:39:826,134577,182622
10.27,09-21-2026 21:18:39:836,134580,182693
10.28,09-21-2026 21:18:39:846,134580,182629
10.29,09-21-2026 21:18:39:856,134595,182686
10.3,09-21-2026 21:18:39:866,134570,182654
10.31,09-21-2026 21:18:39:876,134589,182687
10.32,09-21-2026 21:18:39:886,134579,182691
10.33,09-21-2026 21:18:39:896,134585,182723
10.34,09-21-2026 21:18:39:906,134581,182703
10.35,09-21-2026 21:18:39:916,134596,182767
10.36,09-21-2026 21:18:39:926,134602,182723
10.37,09-21-2026 21:18:39:936,134606,182774
10.38,09-21-2026 21:18:39:946,134605,182749
10.39,09-21-2026 21:18:39:956,134606,182797
10.4,09-21-2026 21:18:39:966,134602,182778
10.41,09-21-2026 21:18:39:976,134605,182793
10.42,09-21-2026 21:18:39:986,134620,182795
10.43,09-21-2026 21:18:39:996,134620,182813
10.44,09-21-2026 21:18:40:006,134601,182813
10.45,09-21-2026 21:18:40:016,134620,182843
10.46,09-21-2026 21:18:40:026,134616,182877
10.47,09-21-2026 21:18:40:036,134629,182879
10.48,09-21-2026 21:18:40:046,134622,182897
10.49,09-21-2026 21:18:40:056,134631,182897
10.5,09-21-2026 21:18:40:066,134633,182923
10.51,09-21-2026 21:18:40:076,134635,182910
10.52,09-21-2026 21:18:40:086,134645,182952
10.53,09-21-2026 21:18:40:096,134634,182926
10.54,09-21-2026 21:18:40:106,134634,182980
10.55,09-21-2026 21:18:40:116,134645,182978
10.56,09-21-2026 21:18:40:126,134651,182998
10.57,09-21-2026 21:18:40:136,134657,182990
10.58,09-21-2026 21:18:40:146,134647,183020
10.59,09-21-2026 21:18:40:156,134644,183016
10.6,09-21-2026 21:18:40:166,134633,183054
10.61,09-21-2026 21:18:40:176,134649,183049
10.62,09-21-2026 21:18:40:186,134652,183059
10.63,09-21-2026 21:18:40:196,134663,183055
10.64,09-21-2026 21:18:40:206,134670,183099
10.65,09-21-2026 21:18:40:216,134655,183089
10.66,09-21-2026 21:18:40:226,134663,183119
10.67,09-21-2026 21:18:40:236,134665,183111
10.68,09-21-2026 21:18:40:246,134667,183145
10.69,09-21-2026 21:18:40:256,134677,183137
10.7,09-21-2026 21:18:40:266,134673,183181
10.71,09-21-2026 21:18:40:276,134681,183168
10.72,09-21-2026 21:18:40:286,134680,183210
10.73,09-21-2026 21:18:40:296,134685,183199
10.74,09-21-2026 21:18:40:306,134675,183212
10.75,09-21-2026 21:18:40:316,134698,183217
10.76,09-21-2026 21:18:40:326,134679,183280
10.77,09-21-2026 21:18:40:336,134681,183231
10.78,09-21-2026 21:18:40:346,134690,183286
10.79,09-21-2026 21:18:40:356,134695,183209
10.8,09-21-2026 21:18:40:366,134686,183227
10.81,09-21-2026 21:18:40:376,134692,183166
10.82,09-21-2026 21:18:40:386,134667,183172
10.83,09-21-2026 21:18:40:396,134661,183126
10.84,09-21-2026 21:18:40:406,134665,183117
10.85,09-21-2026 21:18:40:416,134664,183093
10.86,09-21-2026 21:18:40:426,134663,183118
10.87,09-21-2026 21:18:40:436,134651,183083
10.88,09-21-2026 21:18:40:446,134645,183080
10.89,09-21-2026 21:18:40:456,134663,183052
10.9,09-21-2026 21:18:40:466,134659,183052
10.91,09-21-2026 21:18:40:476,134647,183053
10.92,09-21-2026 21:18:40:486,134662,183072
10.93,09-21-2026 21:18:40:496,134646,183044
10.94,09-21-2026 21:18:40:506,134634,183066
10.95,09-21-2026 21:18:40:516,134640,183044
10.96,09-21-2026 21:18:40:526,134645,183024
10.97,09-21-2026 21:18:40:536,134653,183017
10.98,09-21-2026 21:18:40:546,134632,183013
10.99,09-21-2026 21:18:40:556,134642,183014
11,09-21-2026 21:18:40:566,134633,183020
11.01,09-21-2026 21:18:40:576,134644,183017
11.02,09-21-2026 21:18:40:586,134642,183034
11.03,09-21-2026 21:18:40:596,134644,183037
11.04,09-21-2026 21:18:40:606,134639,183034
11.05,09-21-2026 21:18:40:616,134644,183034
11.06,09-21-2026 21:18:40:626,134621,183017
11.07,09-21-2026 21:18:40:636,134633,183032
11.08,09-21-2026 21:18:40:646,134638,183036
11.09,09-21-2026 21:18:40:656,134642,183027
11.1,09-21-2026 21:18:40:666,134628,183039
11.11,09-21-2026 21:18:40:676,134637,183026
11.12,09-21-2026 21:18:40:686,134642,183026
11.13,09-21-2026 21:18:40:696,134626,183026
11.14,09-21-2026 21:18:40:706,134628,183034
11.15,09-21-2026 21:18:40:716,134646,183033
11.16,09-21-2026 21:18:40:726,134636,183038
11.17,09-21-2026 21:18:40:736,134642,183046
11.18,09-21-2026 21:18:40:746,134621,183048
11.19,09-21-2026 21:18:40:756,134636,183060
11.2,09-21-2026 21:18:40:766,134653,183064
11.21,09-21-2026 21:18:40:776,134634,183065
11.22,09-21-2026 21:18:40:786,134649,183072
11.23,09-21-2026 21:18:40:796,134650,183092
11.24,09-21-2026 21:18:40:806,134644,183093
11.25,09-21-2026 21:18:40:816,134644,183109
11.26,09-21-2026 21:18:40:826,134634,183105
11.27,09-21-2026 21:18:40:836,134635,183127
11.28,09-21-2026 21:18:40:846,134638,183123
11.29,09-21-2026 21:18:40:856,134656,183145
11.3,09-21-2026 21:18:40:866,134654,183147
11.31,09-21-2026 21:18:40:876,134655,183158
11.32,09-21-2026 21:18:40:886,134654,183160
11.33,09-21-2026 21:18:40:896,134682,183150
11.34,09-21-2026 21:18:40:906,134645,183174
11.35,09-21-2026 21:18:40:916,134654,183198
11.36,09-21-2026 21:18:40:926,134648,183197
11.37,09-21-2026 21:18:40:936,134677,183212
11.38,09-21-2026 21:18:40:946,134655,183212
11.39,09-21-2026 21:18:40:956,134673,183228
11.4,09-21-2026 21:18:40:966,134659,183240
11.41,09-21-2026 21:18:40:976,134673,183258
11.42,09-21-2026 21:18:40:986,134652,183262
11.43,09-21-2026 21:18:40:996,134691,183264
11.44,09-21-2026 21:18:41:006,134662,183275
11.45,09-21-2026 21:18:41:016,134688,183280
11.46,09-21-2026 21:18:41:026,134662,183302
11.47,09-21-2026 21:18:41:036,134703,183310
11.48,09-21-2026 21:18:41:046,134655,183300
11.49,09-21-2026 21:18:41:056,134685,183314
11.5,09-21-2026 21:18:41:066,134654,183343
11.51,09-21-2026 21:18:41:076,134696,183350
11.52,09-21-2026 21:18:41:086,134663,183364
11.53,09-21-2026 21:18:41:096,134692,183365
11.54,09-21-2026 21:18:41:106,134663,183381
11.55,09-21-2026 21:18:41:116,134690,183399
11.56,09-21-2026 21:18:41:126,134657,183404
11.57,09-21-2026 21:18:41:136,134700,183420
11.58,09-21-2026 21:18:41:146,134671,183434
11.59,09-21-2026 21:18:41:156,134714,183413
11.6,09-21-2026 21:18:41:166,134672,183400
11.61,09-21-2026 21:18:41:176,134704,183377
11.62,09-21-2026 21:18:41:186,134672,183380
11.63,09-21-2026 21:18:41:196,134691,183367
11.64,09-21-2026 21:18:41:206,134655,183332
11.65,09-21-2026 21:18:41:216,134701,183321
11.66,09-21-2026 21:18:41:226,134661,183327
11.67,09-21-2026 21:18:41:236,134690,183291
11.68,09-21-2026 21:18:41:246,134678,183292
11.69,09-21-2026 21:18:41:256,134682,183289
11.7,09-21-2026 21:18:41:266,134649,183283
11.71,09-21-2026 21:18:41:276,134679,183275
11.72,09-21-2026 21:18:41:286,134625,183263
11.73,09-21-2026 21:18:41:296,134661,183250
11.74,09-21-2026 21:18:41:306,134644,183254
11.75,09-21-2026 21:18:41:316,134670,183250
11.76,09-21-2026 21:18:41:326,134660,183259
11.77,09-21-2026 21:18:41:336,134672,183247
11.78,09-21-2026 21:18:41:346,134667,183251
11.79,09-21-2026 21:18:41:356,134668,183257
11.8,09-21-2026 21:18:41:366,134676,183238
11.81,09-21-2026 21:18:41:376,134653,183241
11.82,09-21-2026 21:18:41:386,134675,183229
11.83,09-21-2026 21:18:41:396,134680,183256
11.84,09-21-2026 21:18:41:406,134673,183252
11.85,09-21-2026 21:18:41:416,134679,183259
11.86,09-21-2026 21:18:41:426,134680,183275
11.87,09-21-2026 21:18:41:436,134669,183264
11.88,09-21-2026 21:18:41:446,134675,183260
11.89,09-21-2026 21:18:41:456,134681,183258
11.9,09-21-2026 21:18:41:466,134684,183262
11.91,09-21-2026 21:18:41:476,134673,183249
11.92,09-21-2026 21:18:41:486,134682,183275
11.93,09-21-2026 21:18:41:496,134670,183283
11.94,09-21-2026 21:18:41:506,134679,183285
11.95,09-21-2026 21:18:41:516,134684,183301
11.96,09-21-2026 21:18:41:526,134685,183284
11.97,09-21-2026 21:18:41:536,134667,183306
11.98,09-21-2026 21:18:41:546,134705,183294
11.99,09-21-2026 21:18:41:556,134684,183291
12,09-21-2026 21:18:41:566,134706,183297
12.01,09-21-2026 21:18:41:576,134686,183305
12.02,09-21-2026 21:18:41:586,134703,183298
12.03,09-21-2026 21:18:41:596,134676,183321
12.04,09-21-2026 21:18:41:606,134719,183332
12.05,09-21-2026 21:18:41:616,134687,183364
12.06,09-21-2026 21:18:41:626,134731,183343
12.07,09-21-2026 21:18:41:636,134695,183359
12.08,09-21-2026 21:18:41:646,134732,183370
12.09,09-21-2026 21:18:41:656,134684,183371
12.1,09-21-2026 21:18:41:666,134724,183372
12.11,09-21-2026 21:18:41:676,134695,183386
12.12,09-21-2026 21:18:41:686,134737,183393
12.13,09-21-2026 21:18:41:696,134706,183407
12.14,09-21-2026 21:18:41:706,134704,183409
12.15,09-21-2026 21:18:41:716,134689,183411
12.16,09-21-2026 21:18:41:726,134705,183425
12.17,09-21-2026 21:18:41:736,134693,183452
12.18,09-21-2026 21:18:41:746,134711,183428
12.19,09-21-2026 21:18:41:756,134712,183465
12.2,09-21-2026 21:18:41:766,134728,183455
12.21,09-21-2026 21:18:41:776,134700,183473
12.22,09-21-2026 21:18:41:786,134744,183482
12.23,09-21-2026 21:18:41:796,134707,183489
12.24,09-21-2026 21:18:41:806,134728,183496
12.25,09-21-2026 21:18:41:816,134709,183517
12.26,09-21-2026 21:18:41:826,134721,183513
12.27,09-21-2026 21:18:41:836,134726,183533
12.28,09-21-2026 21:18:41:846,134712,183549
12.29,09-21-2026 21:18:41:856,134723,183541
12.3,09-21-2026 21:18:41:866,134723,183560
12.31,09-21-2026 21:18:41:876,134724,183570
12.32,09-21-2026 21:18:41:886,134722,183569
12.33,09-21-2026 21:18:41:896,134711,183555
12.34,09-21-2026 21:18:41:906,134716,183565
12.35,09-21-2026 21:18:41:916,134721,183524
12.36,09-21-2026 21:18:41:926,134719,183516
12.37,09-21-2026 21:18:41:936,134702,183493
12.38,09-21-2026 21:18:41:946,134703,183489
12.39,09-21-2026 21:18:41:956,134691,183458
12.4,09-21-2026 21:18:41:966,134698,183458
12.41,09-21-2026 21:18:41:976,134705,183432
12.42,09-21-2026 21:18:41:986,134686,183445
12.43,09-21-2026 21:18:41:996,134688,183405
12.44,09-21-2026 21:18:42:006,134695,183437
12.45,09-21-2026 21:18:42:016,134692,183381
12.46,09-21-2026 21:18:42:026,134695,183426
12.47,09-21-2026 21:18:42:036,134692,183393
12.48,09-21-2026 21:18:42:046,134678,183405
12.49,09-21-2026 21:18:42:056,134672,183377
12.5,09-21-2026 21:18:42:066,134678,183384
12.51,09-21-2026 21:18:42:076,134688,183356
12.52,09-21-2026 21:18:42:086,134692,183401
12.53,09-21-2026 21:18:42:096,134685,183348
12.54,09-21-2026 21:18:42:106,134679,183390
12.55,09-21-2026 21:18:42:116,134677,183356
12.56,09-21-2026 21:18:42:126,134672,183401
12.57,09-21-2026 21:18:42:136,134677,183366
12.58,09-21-2026 21:18:42:146,134681,183406
12.59,09-21-2026 21:18:42:156,134674,183355
12.6,09-21-2026 21:18:42:166,134671,183405
12.61,09-21-2026 21:18:42:176,134683,183356
12.62,09-21-2026 21:18:42:186,134677,183430
12.63,09-21-2026 21:18:42:196,134690,183370
12.64,09-21-2026 21:18:42:206,134682,183400
12.65,09-21-2026 21:18:42:216,134681,183366
12.66,09-21-2026 21:18:42:226,134694,183423
12.67,09-21-2026 21:18:42:236,134698,183352
12.68,09-21-2026 21:18:42:246,134662,183402
12.69,09-21-2026 21:18:42:256,134686,183356
12.7,09-21-2026 21:18:42:266,134678,183436
12.71,09-21-2026 21:18:42:276,134692,183390
12.72,09-21-2026 21:18:42:286,134676,183428
12.73,09-21-2026 21:18:42:296,134678,183401
12.74,09-21-2026 21:18:42:306,134676,183452
12.75,09-21-2026 21:18:42:316,134684,183405
12.76,09-21-2026 21:18:42:326,134688,183459
12.77,09-21-2026 21:18:42:336,134678,183433
12.78,09-21-2026 21:18:42:346,134696,183460
12.79,09-21-2026 21:18:42:356,134706,183457
12.8,09-21-2026 21:18:42:366,134713,183495
12.81,09-21-2026 21:18:42:376,134728,183461
12.82,09-21-2026 21:18:42:386,134696,183499
12.83,09-21-2026 21:18:42:396,134697,183488
12.84,09-21-2026 21:18:42:406,134696,183501
12.85,09-21-2026 21:18:42:416,134697,183524
12.86,09-21-2026 21:18:42:426,134711,183544
12.87,09-21-2026 21:18:42:436,134706,183534
12.88,09-21-2026 21:18:42:446,134715,183529
12.89,09-21-2026 21:18:42:456,134700,183562
12.9,09-21-2026 21:18:42:466,134734,183539
12.91,09-21-2026 21:18:42:476,134732,183588
12.92,09-21-2026 21:18:42:486,134722,183588
12.93,09-21-2026 21:18:42:496,134724,183614
12.94,09-21-2026 21:18:42:506,134730,183600
12.95,09-21-2026 21:18:42:516,134722,183611
12.96,09-21-2026 21:18:42:526,134714,183614
12.97,09-21-2026 21:18:42:536,134726,183646
12.98,09-21-2026 21:18:42:546,134719,183640
12.99,09-21-2026 21:18:42:556,134731,183679
13,09-21-2026 21:18:42:566,134725,183662
13.01,09-21-2026 21:18:42:576,134728,183703
13.02,09-21-2026 21:18:42:586,134727,183660
13.03,09-21-2026 21:18:42:596,134737,183705
13.04,09-21-2026 21:18:42:606,134731,183687
13.05,09-21-2026 21:18:42:616,134738,183713
13.06,09-21-2026 21:18:42:626,134729,183699
13.07,09-21-2026 21:18:42:636,134739,183759
13.08,09-21-2026 21:18:42:646,134738,183726
13.09,09-21-2026 21:18:42:656,134746,183778
13.1,09-21-2026 21:18:42:666,134742,183752
13.11,09-21-2026 21:18:42:676,134742,183795
13.12,09-21-2026 21:18:42:686,134748,183745
13.13,09-21-2026 21:18:42:696,134740,183743
13.14,09-21-2026 21:18:42:706,134741,183721
13.15,09-21-2026 21:18:42:716,134741,183745
13.16,09-21-2026 21:18:42:726,134739,183691
13.17,09-21-2026 21:18:42:736,134730,183681
13.18,09-21-2026 21:18:42:746,134732,183651
13.19,09-21-2026 21:18:42:756,134727,183651
13.2,09-21-2026 21:18:42:766,134721,183615
13.21,09-21-2026 21:18:42:776,134711,183629
13.22,09-21-2026 21:18:42:786,134706,183594
13.23,09-21-2026 21:18:42:796,134721,183620
13.24,09-21-2026 21:18:42:806,134708,183578
13.25,09-21-2026 21:18:42:816,134719,183602
13.26,09-21-2026 21:18:42:826,134708,183576
13.27,09-21-2026 21:18:42:836,134714,183584
13.28,09-21-2026 21:18:42:846,134693,183561
13.29,09-21-2026 21:18:42:856,134704,183573
13.3,09-21-2026 21:18:42:866,134703,183545
13.31,09-21-2026 21:18:42:876,134703,183543
13.32,09-21-2026 21:18:42:886,134706,183553
13.33,09-21-2026 21:18:42:896,134702,183556
13.34,09-21-2026 21:18:42:906,134702,183554
13.35,09-21-2026 21:18:42:916,134706,183550
13.36,09-21-2026 21:18:42:926,134702,183544
13.37,09-21-2026 21:18:42:936,134697,183544
13.38,09-21-2026 21:18:42:946,134704,183546
13.39,09-21-2026 21:18:42:956,134701,183557
13.4,09-21-2026 21:18:42:966,134706,183568
13.41,09-21-2026 21:18:42:976,134703,183553
13.42,09-21-2026 21:18:42:986,134701,183537
13.43,09-21-2026 21:18:42:996,134687,183534
13.44,09-21-2026 21:18:43:006,134703,183544
13.45,09-21-2026 21:18:43:016,134688,183543
13.46,09-21-2026 21:18:43:026,134700,183541
13.47,09-21-2026 21:18:43:036,134694,183541
13.48,09-21-2026 21:18:43:046,134713,183549
13.49,09-21-2026 21:18:43:056,134701,183563
13.5,09-21-2026 21:18:43:066,134684,183543
13.51,09-21-2026 21:18:43:076,134701,183539
13.52,09-21-2026 21:18:43:086,134688,183562
13.53,09-21-2026 21:18:43:096,134701,183562
13.54,09-21-2026 21:18:43:106,134702,183578
13.55,09-21-2026 21:18:43:116,134706,183562
13.56,09-21-2026 21:18:43:126,134699,183561
13.57,09-21-2026 21:18:43:136,134706,183578
13.58,09-21-2026 21:18:43:146,134699,183575
13.59,09-21-2026 21:18:43:156,134705,183604
13.6,09-21-2026 21:18:43:166,134713,183601
13.61,09-21-2026 21:18:43:176,134709,183602
13.62,09-21-2026 21:18:43:186,134706,183595
13.63,09-21-2026 21:18:43:196,134691,183626
13.64,09-21-2026 21:18:43:206,134714,183612
13.65,09-21-2026 21:18:43:216,134690,183632
13.66,09-21-2026 21:18:43:226,134708,183632
13.67,09-21-2026 21:18:43:236,134693,183643
13.68,09-21-2026 21:18:43:246,134727,183656
13.69,09-21-2026 21:18:43:256,134696,183670
13.7,09-21-2026 21:18:43:266,134725,183683
13.71,09-21-2026 21:18:43:276,134702,183687
13.72,09-21-2026 21:18:43:286,134743,183701
13.73,09-21-2026 21:18:43:296,134696,183673
13.74,09-21-2026 21:18:43:306,134732,183685
13.75,09-21-2026 21:18:43:316,134700,183719
13.76,09-21-2026 21:18:43:326,134726,183700
13.77,09-21-2026 21:18:43:336,134708,183734
13.78,09-21-2026 21:18:43:346,134737,183719
13.79,09-21-2026 21:18:43:356,134690,183730
13.8,09-21-2026 21:18:43:366,134736,183745
13.81,09-21-2026 21:18:43:376,134689,183747
13.82,09-21-2026 21:18:43:386,134733,183777
13.83,09-21-2026 21:18:43:396,134691,183790
13.84,09-21-2026 21:18:43:406,134750,183783
13.85,09-21-2026 21:18:43:416,134695,183778
13.86,09-21-2026 21:18:43:426,134746,183806
13.87,09-21-2026 21:18:43:436,134699,183810
13.88,09-21-2026 21:18:43:446,134744,183822
13.89,09-21-2026 21:18:43:456,134725,183820
13.9,09-21-2026 21:18:43:466,134740,183828
13.91,09-21-2026 21:18:43:476,134722,183842
13.92,09-21-2026 21:18:43:486,134747,183868
13.93,09-21-2026 21:18:43:496,134743,183867
13.94,09-21-2026 21:18:43:506,134751,183875
13.95,09-21-2026 21:18:43:516,134718,183874
13.96,09-21-2026 21:18:43:526,134755,183869
13.97,09-21-2026 21:18:43:536,134727,183857
13.98,09-21-2026 21:18:43:546,134754,183843
13.99,09-21-2026 21:18:43:556,134725,183829
14,09-21-2026 21:18:43:566,134761,183792
14.01,09-21-2026 21:18:43:576,134700,183779
14.02,09-21-2026 21:18:43:586,134728,183764
14.03,09-21-2026 21:18:43:596,134713,183754
14.04,09-21-2026 21:18:43:606,134742,183726
14.05,09-21-2026 21:18:43:616,134716,183716
14.06,09-21-2026 21:18:43:626,134729,183710
14.07,09-21-2026 21:18:43:636,134728,183716
14.08,09-21-2026 21:18:43:646,134728,183718
14.09,09-21-2026 21:18:43:656,134737,183699
14.1,09-21-2026 21:18:43:666,134715,183691
14.11,09-21-2026 21:18:43:676,134734,183689
14.12,09-21-2026 21:18:43:686,134706,183689
14.13,09-21-2026 21:18:43:696,134729,183673
14.14,09-21-2026 21:18:43:706,134698,183678
14.15,09-21-2026 21:18:43:716,134717,183664
14.16,09-21-2026 21:18:43:726,134705,183657
14.17,09-21-2026 21:18:43:736,134738,183653
14.18,09-21-2026 21:18:43:746,134715,183664
14.19,09-21-2026 21:18:43:756,134742,183657
14.2,09-21-2026 21:18:43:766,134692,183647
14.21,09-21-2026 21:18:43:776,134725,183655
14.22,09-21-2026 21:18:43:786,134715,183661
14.23,09-21-2026 21:18:43:796,134716,183651
14.24,09-21-2026 21:18:43:806,134696,183665
14.25,09-21-2026 21:18:43:816,134718,183634
14.26,09-21-2026 21:18:43:826,134687,183644
14.27,09-21-2026 21:18:43:836,134736,183632
14.28,09-21-2026 21:18:43:846,134697,183640
14.29,09-21-2026 21:18:43:856,134758,183650
14.3,09-21-2026 21:18:43:866,134704,183657
14.31,09-21-2026 21:18:43:876,134736,183662
14.32,09-21-2026 21:18:43:886,134702,183644
14.33,09-21-2026 21:18:43:896,134742,183657
14.34,09-21-2026 21:18:43:906,134691,183633
14.35,09-21-2026 21:18:43:916,134737,183646
14.36,09-21-2026 21:18:43:926,134689,183650
14.37,09-21-2026 21:18:43:936,134747,183648
14.38,09-21-2026 21:18:43:946,134712,183662
14.39,09-21-2026 21:18:43:956,134743,183669
14.4,09-21-2026 21:18:43:966,134697,183662
14.41,09-21-2026 21:18:43:976,134721,183677
14.42,09-21-2026 21:18:43:986,134696,183670
14.43,09-21-2026 21:18:43:996,134724,183675
14.44,09-21-2026 21:18:44:006,134706,183664
14.45,09-21-2026 21:18:44:016,134719,183682
14.46,09-21-2026 21:18:44:026,134705,183683
14.47,09-21-2026 21:18:44:036,134736,183705
14.48,09-21-2026 21:18:44:046,134705,183698
14.49,09-21-2026 21:18:44:056,134724,183695
14.5,09-21-2026 21:18:44:066,134708,183714
14.51,09-21-2026 21:18:44:076,134702,183713
14.52,09-21-2026 21:18:44:086,134719,183729
14.53,09-21-2026 21:18:44:096,134717,183735
14.54,09-21-2026 21:18:44:106,134716,183730
14.55,09-21-2026 21:18:44:116,134724,183747
14.56,09-21-2026 21:18:44:126,134721,183756
14.57,09-21-2026 21:18:44:136,134726,183761
14.58,09-21-2026 21:18:44:146,134706,183739
14.59,09-21-2026 21:18:44:156,134715,183743
14.6,09-21-2026 21:18:44:166,134713,183759
14.61,09-21-2026 21:18:44:176,134713,183767
14.62,09-21-2026 21:18:44:186,134720,183755
14.63,09-21-2026 21:18:44:196,134734,183795
14.64,09-21-2026 21:18:44:206,134729,183776
14.65,09-21-2026 21:18:44:216,134731,183793
14.66,09-21-2026 21:18:44:226,134736,183796
14.67,09-21-2026 21:18:44:236,134723,183819
14.68,09-21-2026 21:18:44:246,134716,183799
14.69,09-21-2026 21:18:44:256,134734,183837
14.7,09-21-2026 21:18:44:266,134738,183805
14.71,09-21-2026 21:18:44:276,134739,183824
14.72,09-21-2026 21:18:44:286,134725,183774
14.73,09-21-2026 21:18:44:296,134730,183798
14.74,09-21-2026 21:18:44:306,134731,183738
14.75,09-21-2026 21:18:44:316,134710,183752
14.76,09-21-2026 21:18:44:326,134730,183696
14.77,09-21-2026 21:18:44:336,134708,183706
14.78,09-21-2026 21:18:44:346,134710,183648
14.79,09-21-2026 21:18:44:356,134701,183680
14.8,09-21-2026 21:18:44:366,134702,183618
14.81,09-21-2026 21:18:44:376,134695,183644
14.82,09-21-2026 21:18:44:386,134708,183609
14.83,09-21-2026 21:18:44:396,134705,183616
14.84,09-21-2026 21:18:44:406,134680,183584
14.85,09-21-2026 21:18:44:416,134683,183615
14.86,09-21-2026 21:18:44:426,134682,183567
14.87,09-21-2026 21:18:44:436,134681,183594
14.88,09-21-2026 21:18:44:446,134674,183541
14.89,09-21-2026 21:18:44:456,134684,183598
14.9,09-21-2026 21:18:44:466,134669,183553
14.91,09-21-2026 21:18:44:476,134677,183565
14.92,09-21-2026 21:18:44:486,134687,183537
14.93,09-21-2026 21:18:44:496,134680,183573
14.94,09-21-2026 21:18:44:506,134659,183529
14.95,09-21-2026 21:18:44:516,134672,183549
14.96,09-21-2026 21:18:44:526,134648,183527
14.97,09-21-2026 21:18:44:536,134650,183536
14.98,09-21-2026 21:18:44:546,134662,183512
14.99,09-21-2026 21:18:44:556,134668,183541
15,09-21-2026 21:18:44:566,134649,183499
15.01,09-21-2026 21:18:44:576,134659,183525
15.02,09-21-2026 21:18:44:586,134641,183516
15.03,09-21-2026 21:18:44:596,134665,183517
15.04,09-21-2026 21:18:44:606,134660,183524
15.05,09-21-2026 21:18:44:616,134660,183520
15.06,09-21-2026 21:18:44:626,134653,183521
15.07,09-21-2026 21:18:44:636,134659,183502
15.08,09-21-2026 21:18:44:646,134645,183531
15.09,09-21-2026 21:18:44:656,134668,183508
15.1,09-21-2026 21:18:44:666,134656,183544
15.11,09-21-2026 21:18:44:676,134643,183531
15.12,09-21-2026 21:18:44:686,134661,183536
15.13,09-21-2026 21:18:44:696,134665,183531
15.14,09-21-2026 21:18:44:706,134656,183559
15.15,09-21-2026 21:18:44:716,134656,183526
15.16,09-21-2026 21:18:44:726,134647,183543
15.17,09-21-2026 21:18:44:736,134655,183520
15.18,09-21-2026 21:18:44:746,134657,183540
15.19,09-21-2026 21:18:44:756,134655,183536
15.2,09-21-2026 21:18:44:766,134654,183563
15.21,09-21-2026 21:18:44:776,134643,183563
15.22,09-21-2026 21:18:44:786,134646,183556
15.23,09-21-2026 21:18:44:796,134645,183569
15.24,09-21-2026 21:18:44:806,134645,183587
15.25,09-21-2026 21:18:44:816,134658,183568
15.26,09-21-2026 21:18:44:826,134646,183601
15.27,09-21-2026 21:18:44:836,134650,183574
15.28,09-21-2026 21:18:44:846,134658,183629
15.29,09-21-2026 21:18:44:856,134668,183606
15.3,09-21-2026 21:18:44:866,134674,183621
15.31,09-21-2026 21:18:44:876,134657,183584
15.32,09-21-2026 21:18:44:886,134665,183651
15.33,09-21-2026 21:18:44:896,134659,183625
15.34,09-21-2026 21:18:44:906,134668,183649
15.35,09-21-2026 21:18:44:916,134672,183637
15.36,09-21-2026 21:18:44:926,134677,183642
15.37,09-21-2026 21:18:44:936,134664,183650
15.38,09-21-2026 21:18:44:946,134660,183675
15.39,09-21-2026 21:18:44:956,134671,183676
15.4,09-21-2026 21:18:44:966,134657,183675
15.41,09-21-2026 21:18:44:976,134687,183677
15.42,09-21-2026 21:18:44:986,134679,183687
15.43,09-21-2026 21:18:44:996,134686,183683
15.44,09-21-2026 21:18:45:006,134678,183667
15.45,09-21-2026 21:18:45:016,134667,183643
15.46,09-21-2026 21:18:45:026,134665,183635
15.47,09-21-2026 21:18:45:036,134696,183601
15.48,09-21-2026 21:18:45:046,134672,183573
15.49,09-21-2026 21:18:45:056,134644,183539
15.5,09-21-2026 21:18:45:066,134651,183515
15.51,09-21-2026 21:18:45:076,134651,183494
15.52,09-21-2026 21:18:45:086,134633,183490
15.53,09-21-2026 21:18:45:096,134632,183476
15.54,09-21-2026 21:18:45:106,134627,183462
15.55,09-21-2026 21:18:45:116,134641,183436
15.56,09-21-2026 21:18:45:126,134609,183428
15.57,09-21-2026 21:18:45:136,134618,183402
15.58,09-21-2026 21:18:45:146,134613,183400
15.59,09-21-2026 21:18:45:156,134614,183394
15.6,09-21-2026 21:18:45:166,134601,183386
15.61,09-21-2026 21:18:45:176,134614,183379
15.62,09-21-2026 21:18:45:186,134603,183362
15.63,09-21-2026 21:18:45:196,134612,183341
15.64,09-21-2026 21:18:45:206,134614,183320
15.65,09-21-2026 21:18:45:216,134612,183327
15.66,09-21-2026 21:18:45:226,134600,183335
15.67,09-21-2026 21:18:45:236,134610,183342
15.68,09-21-2026 21:18:45:246,134602,183348
15.69,09-21-2026 21:18:45:256,134602,183337
15.7,09-21-2026 21:18:45:266,134615,183338
15.71,09-21-2026 21:18:45:276,134613,183328
15.72,09-21-2026 21:18:45:286,134611,183331
15.73,09-21-2026 21:18:45:296,134601,183302
15.74,09-21-2026 21:18:45:306,134594,183303
15.75,09-21-2026 21:18:45:316,134597,183327
15.76,09-21-2026 21:18:45:326,134589,183306
15.77,09-21-2026 21:18:45:336,134598,183282
15.78,09-21-2026 21:18:45:346,134586,183302
15.79,09-21-2026 21:18:45:356,134598,183289
15.8,09-21-2026 21:18:45:366,134588,183304
15.81,09-21-2026 21:18:45:376,134574,183278
15.82,09-21-2026 21:18:45:386,134573,183294
15.83,09-21-2026 21:18:45:396,134590,183287
15.84,09-21-2026 21:18:45:406,134590,183300
15.85,09-21-2026 21:18:45:416,134590,183290
15.86,09-21-2026 21:18:45:426,134591,183303
15.87,09-21-2026 21:18:45:436,134588,183279
15.88,09-21-2026 21:18:45:446,134560,183309
15.89,09-21-2026 21:18:45:456,134582,183293
15.9,09-21-2026 21:18:45:466,134575,183310
15.91,09-21-2026 21:18:45:476,134602,183310
15.92,09-21-2026 21:18:45:486,134564,183306
15.93,09-21-2026 21:18:45:496,134607,183331
15.94,09-21-2026 21:18:45:506,134566,183328
15.95,09-21-2026 21:18:45:516,134584,183326
15.96,09-21-2026 21:18:45:526,134564,183348
15.97,09-21-2026 21:18:45:536,134616,183332
15.98,09-21-2026 21:18:45:546,134570,183342
15.99,09-21-2026 21:18:45:556,134606,183368
16,09-21-2026 21:18:45:566,134568,183378
16.01,09-21-2026 21:18:45:576,134603,183384
16.02,09-21-2026 21:18:45:586,134567,183377
16.03,09-21-2026 21:18:45:596,134609,183379
16.04,09-21-2026 21:18:45:606,134586,183399
16.05,09-21-2026 21:18:45:616,134618,183420
16.06,09-21-2026 21:18:45:626,134555,183394
16.07,09-21-2026 21:18:45:636,134601,183417
16.08,09-21-2026 21:18:45:646,134580,183413
16.09,09-21-2026 21:18:45:656,134609,183418
16.1,09-21-2026 21:18:45:666,134575,183448
16.11,09-21-2026 21:18:45:676,134618,183441
16.12,09-21-2026 21:18:45:686,134577,183456
16.13,09-21-2026 21:18:45:696,134623,183442
16.14,09-21-2026 21:18:45:706,134590,183473
16.15,09-21-2026 21:18:45:716,134605,183489
16.16,09-21-2026 21:18:45:726,134586,183498
16.17,09-21-2026 21:18:45:736,134618,183506
16.18,09-21-2026 21:18:45:746,134626,183515
16.19,09-21-2026 21:18:45:756,134636,183512
16.2,09-21-2026 21:18:45:766,134597,183529
16.21,09-21-2026 21:18:45:776,134632,183533
16.22,09-21-2026 21:18:45:786,134615,183535
16.23,09-21-2026 21:18:45:796,134626,183497
16.24,09-21-2026 21:18:45:806,134604,183513
16.25,09-21-2026 21:18:45:816,134625,183481
16.26,09-21-2026 21:18:45:826,134623,183449
16.27,09-21-2026 21:18:45:836,134619,183429
16.28,09-21-2026 21:18:45:846,134610,183393
16.29,09-21-2026 21:18:45:856,134610,183377
16.3,09-21-2026 21:18:45:866,134610,183367
16.31,09-21-2026 21:18:45:876,134593,183337
16.32,09-21-2026 21:18:45:886,134607,183316
16.33,09-21-2026 21:18:45:896,134581,183320
16.34,09-21-2026 21:18:45:906,134595,183303
16.35,09-21-2026 21:18:45:916,134587,183292
16.36,09-21-2026 21:18:45:926,134604,183295
16.37,09-21-2026 21:18:45:936,134582,183263
16.38,09-21-2026 21:18:45:946,134596,183247
16.39,09-21-2026 21:18:45:956,134586,183248
16.4,09-21-2026 21:18:45:966,134596,183246
16.41,09-21-2026 21:18:45:976,134591,183200
16.42,09-21-2026 21:18:45:986,134597,183209
16.43,09-21-2026 21:18:45:996,134573,183209
16.44,09-21-2026 21:18:46:006,134581,183192
16.45,09-21-2026 21:18:46:016,134558,183209
16.46,09-21-2026 21:18:46:026,134573,183196
16.47,09-21-2026 21:18:46:036,134547,183182
16.48,09-21-2026 21:18:46:046,134580,183186
16.49,09-21-2026 21:18:46:056,134551,183182
16.5,09-21-2026 21:18:46:066,134567,183191
16.51,09-21-2026 21:18:46:076,134561,183173
16.52,09-21-2026 21:18:46:086,134586,183177
16.53,09-21-2026 21:18:46:096,134557,183166
16.54,09-21-2026 21:18:46:106,134599,183177
16.55,09-21-2026 21:18:46:116,134550,183160
16.56,09-21-2026 21:18:46:126,134591,183165
16.57,09-21-2026 21:18:46:136,134553,183139
16.58,09-21-2026 21:18:46:146,134600,183153
16.59,09-21-2026 21:18:46:156,134563,183149
16.6,09-21-2026 21:18:46:166,134564,183152
16.61,09-21-2026 21:18:46:176,134559,183131
16.62,09-21-2026 21:18:46:186,134573,183147
16.63,09-21-2026 21:18:46:196,134555,183140
16.64,09-21-2026 21:18:46:206,134575,183157
16.65,09-21-2026 21:18:46:216,134553,183171
16.66,09-21-2026 21:18:46:226,134551,183169
16.67,09-21-2026 21:18:46:236,134560,183157
16.68,09-21-2026 21:18:46:246,134585,183192
16.69,09-21-2026 21:18:46:256,134562,183183
16.7,09-21-2026 21:18:46:266,134569,183170
16.71,09-21-2026 21:18:46:276,134572,183192
16.72,09-21-2026 21:18:46:286,134557,183182
16.73,09-21-2026 21:18:46:296,134570,183192
16.74,09-21-2026 21:18:46:306,134562,183199
16.75,09-21-2026 21:18:46:316,134567,183212
16.76,09-21-2026 21:18:46:326,134563,183217
16.77,09-21-2026 21:18:46:336,134566,183207
16.78,09-21-2026 21:18:46:346,134572,183230
16.79,09-21-2026 21:18:46:356,134565,183241
16.8,09-21-2026 21:18:46:366,134565,183241
16.81,09-21-2026 21:18:46:376,134569,183260
16.82,09-21-2026 21:18:46:386,134569,183245
16.83,09-21-2026 21:18:46:396,134590,183268
16.84,09-21-2026 21:18:46:406,134566,183247
16.85,09-21-2026 21:18:46:416,134575,183278
16.86,09-21-2026 21:18:46:426,134570,183256
16.87,09-21-2026 21:18:46:436,134590,183283
16.88,09-21-2026 21:18:46:446,134580,183266
16.89,09-21-2026 21:18:46:456,134585,183322
16.9,09-21-2026 21:18:46:466,134582,183285
16.91,09-21-2026 21:18:46:476,134585,183317
16.92,09-21-2026 21:18:46:486,134585,183306
16.93,09-21-2026 21:18:46:496,134598,183345
16.94,09-21-2026 21:18:46:506,134608,183329
16.95,09-21-2026 21:18:46:516,134596,183364
16.96,09-21-2026 21:18:46:526,134584,183331
16.97,09-21-2026 21:18:46:536,134592,183377
16.98,09-21-2026 21:18:46:546,134590,183342
16.99,09-21-2026 21:18:46:556,134598,183402
17,09-21-2026 21:18:46:566,134605,183339
17.01,09-21-2026 21:18:46:576,134609,183354
17.02,09-21-2026 21:18:46:586,134589,183306
17.03,09-21-2026 21:18:46:596,134584,183308
17.04,09-21-2026 21:18:46:606,134579,183246
17.05,09-21-2026 21:18:46:616,134581,183274
17.06,09-21-2026 21:18:46:626,134564,183192
17.07,09-21-2026 21:18:46:636,134559,183214
17.08,09-21-2026 21:18:46:646,134560,183136
17.09,09-21-2026 21:18:46:656,134568,183178
17.1,09-21-2026 21:18:46:666,134551,183152
17.11,09-21-2026 21:18:46:676,134558,183164
17.12,09-21-2026 21:18:46:686,134536,183102
17.13,09-21-2026 21:18:46:696,134543,183148
17.14,09-21-2026 21:18:46:706,134552,183082
17.15,09-21-2026 21:18:46:716,134525,183118
17.16,09-21-2026 21:18:46:726,134545,183074
17.17,09-21-2026 21:18:46:736,134538,183112
17.18,09-21-2026 21:18:46:746,134530,183068
17.19,09-21-2026 21:18:46:756,134510,183090
17.2,09-21-2026 21:18:46:766,134529,183034
17.21,09-21-2026 21:18:46:776,134547,183100
17.22,09-21-2026 21:18:46:786,134527,183057
17.23,09-21-2026 21:18:46:796,134531,183086
17.24,09-21-2026 21:18:46:806,134536,183054
17.25,09-21-2026 21:18:46:816,134536,183070
17.26,09-21-2026 21:18:46:826,134542,183066
17.27,09-21-2026 21:18:46:836,134542,183073
17.28,09-21-2026 21:18:46:846,134530,183085
17.29,09-21-2026 21:18:46:856,134539,183071
17.3,09-21-2026 21:18:46:866,134536,183081
17.31,09-21-2026 21:18:46:876,134517,183072
17.32,09-21-2026 21:18:46:886,134537,183063
17.33,09-21-2026 21:18:46:896,134529,183066
17.34,09-21-2026 21:18:46:906,134515,183071
17.35,09-21-2026 21:18:46:916,134533,183057
17.36,09-21-2026 21:18:46:926,134515,183076
17.37,09-21-2026 21:18:46:936,134529,183057
17.38,09-21-2026 21:18:46:946,134522,183075
17.39,09-21-2026 21:18:46:956,134497,183059
17.4,09-21-2026 21:18:46:966,134526,183069
17.41,09-21-2026 21:18:46:976,134521,183064
17.42,09-21-2026 21:18:46:986,134538,183076
17.43,09-21-2026 21:18:46:996,134526,183042
17.44,09-21-2026 21:18:47:006,134522,183079
17.45,09-21-2026 21:18:47:016,134532,183075
17.46,09-21-2026 21:18:47:026,134526,183081
17.47,09-21-2026 21:18:47:036,134542,183069
17.48,09-21-2026 21:18:47:046,134536,183114
17.49,09-21-2026 21:18:47:056,134528,183105
17.5,09-21-2026 21:18:47:066,134541,183142
17.51,09-21-2026 21:18:47:076,134540,183099
17.52,09-21-2026 21:18:47:086,134531,183148
17.53,09-21-2026 21:18:47:096,134530,183116
17.54,09-21-2026 21:18:47:106,134545,183164
17.55,09-21-2026 21:18:47:116,134549,183132
17.56,09-21-2026 21:18:47:126,134540,183187
17.57,09-21-2026 21:18:47:136,134540,183144
17.58,09-21-2026 21:18:47:146,134550,183182
17.59,09-21-2026 21:18:47:156,134554,183183
17.6,09-21-2026 21:18:47:166,134547,183198
17.61,09-21-2026 21:18:47:176,134526,183162
17.62,09-21-2026 21:18:47:186,134556,183203
17.63,09-21-2026 21:18:47:196,134538,183211
17.64,09-21-2026 21:18:47:206,134555,183221
17.65,09-21-2026 21:18:47:216,134556,183212
17.66,09-21-2026 21:18:47:226,134567,183246
17.67,09-21-2026 21:18:47:236,134567,183238
17.68,09-21-2026 21:18:47:246,134562,183258
17.69,09-21-2026 21:18:47:256,134558,183235
17.7,09-21-2026 21:18:47:266,134566,183251
17.71,09-21-2026 21:18:47:276,134569,183231
17.72,09-21-2026 21:18:47:286,134559,183267
17.73,09-21-2026 21:18:47:296,134558,183225
17.74,09-21-2026 21:18:47:306,134547,183209
17.75,09-21-2026 21:18:47:316,134564,183183
17.76,09-21-2026 21:18:47:326,134537,183139
17.77,09-21-2026 21:18:47:336,134552,183103
17.78,09-21-2026 21:18:47:346,134531,183091
17.79,09-21-2026 21:18:47:356,134527,183093
17.8,09-21-2026 21:18:47:366,134531,183057
17.81,09-21-2026 21:18:47:376,134521,183039
17.82,09-21-2026 21:18:47:386,134498,183025
17.83,09-21-2026 21:18:47:396,134514,183020
17.84,09-21-2026 21:18:47:406,134512,182983
17.85,09-21-2026 21:18:47:416,134522,182995
17.86,09-21-2026 21:18:47:426,134516,182979
17.87,09-21-2026 21:18:47:436,134495,182963
17.88,09-21-2026 21:18:47:446,134492,182963
17.89,09-21-2026 21:18:47:456,134491,182964
17.9,09-21-2026 21:18:47:466,134506,182940
17.91,09-21-2026 21:18:47:476,134497,182960
17.92,09-21-2026 21:18:47:486,134503,182928
17.93,09-21-2026 21:18:47:496,134481,182920
17.94,09-21-2026 21:18:47:506,134503,182935
17.95,09-21-2026 21:18:47:516,134500,182942
17.96,09-21-2026 21:18:47:526,134502,182938
17.97,09-21-2026 21:18:47:536,134502,182940
17.98,09-21-2026 21:18:47:546,134497,182942
17.99,09-21-2026 21:18:47:556,134502,182919
18,09-21-2026 21:18:47:566,134512,182940
18.01,09-21-2026 21:18:47:576,134506,182901
18.02,09-21-2026 21:18:47:586,134481,182920
18.03,09-21-2026 21:18:47:596,134483,182924
18.04,09-21-2026 21:18:47:606,134488,182899
18.05,09-21-2026 21:18:47:616,134494,182899
18.06,09-21-2026 21:18:47:626,134479,182892
18.07,09-21-2026 21:18:47:636,134503,182905
18.08,09-21-2026 21:18:47:646,134481,182890
18.09,09-21-2026 21:18:47:656,134493,182900
18.1,09-21-2026 21:18:47:666,134489,182910
18.11,09-21-2026 21:18:47:676,134475,182917
18.12,09-21-2026 21:18:47:686,134477,182923
18.13,09-21-2026 21:18:47:696,134486,182918
18.14,09-21-2026 21:18:47:706,134477,182932
18.15,09-21-2026 21:18:47:716,134487,182926
18.16,09-21-2026 21:18:47:726,134458,182927
18.17,09-21-2026 21:18:47:736,134493,182939
18.18,09-21-2026 21:18:47:746,134469,182937
18.19,09-21-2026 21:18:47:756,134502,182956
18.2,09-21-2026 21:18:47:766,134463,182954
18.21,09-21-2026 21:18:47:776,134496,182951
18.22,09-21-2026 21:18:47:786,134463,182957
18.23,09-21-2026 21:18:47:796,134503,182983
18.24,09-21-2026 21:18:47:806,134469,182991
18.25,09-21-2026 21:18:47:816,134507,182985
18.26,09-21-2026 21:18:47:826,134467,182990
18.27,09-21-2026 21:18:47:836,134517,183018
18.28,09-21-2026 21:18:47:846,134457,183013
18.29,09-21-2026 21:18:47:856,134526,183037
18.3,09-21-2026 21:18:47:866,134478,183032
18.31,09-21-2026 21:18:47:876,134517,183044
18.32,09-21-2026 21:18:47:886,134477,183071
18.33,09-21-2026 21:18:47:896,134512,183083
18.34,09-21-2026 21:18:47:906,134486,183062
18.35,09-21-2026 21:18:47:916,134540,183084
18.36,09-21-2026 21:18:47:926,134480,183073
18.37,09-21-2026 21:18:47:936,134539,183089
18.38,09-21-2026 21:18:47:946,134491,183111
18.39,09-21-2026 21:18:47:956,134535,183119
18.4,09-21-2026 21:18:47:966,134506,183133
18.41,09-21-2026 21:18:47:976,134541,183136
18.42,09-21-2026 21:18:47:986,134535,183145
18.43,09-21-2026 21:18:47:996,134547,183153
18.44,09-21-2026 21:18:48:006,134513,183152
18.45,09-21-2026 21:18:48:016,134544,183167
18.46,09-21-2026 21:18:48:026,134525,183159
18.47,09-21-2026 21:18:48:036,134553,183154
18.48,09-21-2026 21:18:48:046,134522,183148
18.49,09-21-2026 21:18:48:056,134547,183104
18.5,09-21-2026 21:18:48:066,134503,183071
18.51,09-21-2026 21:18:48:076,134538,183044
18.52,09-21-2026 21:18:48:086,134515,183032
18.53,09-21-2026 21:18:48:096,134518,182994
18.54,09-21-2026 21:18:48:106,134524,182970
18.55,09-21-2026 21:18:48:116,134508,182962
18.56,09-21-2026 21:18:48:126,134523,182952
18.57,09-21-2026 21:18:48:136,134507,182922
18.58,09-21-2026 21:18:48:146,134492,182924
18.59,09-21-2026 21:18:48:156,134490,182908
18.6,09-21-2026 21:18:48:166,134514,182918
18.61,09-21-2026 21:18:48:176,134486,182895
18.62,09-21-2026 21:18:48:186,134515,182897
18.63,09-21-2026 21:18:48:196,134485,182880
18.64,09-21-2026 21:18:48:206,134508,182858
18.65,09-21-2026 21:18:48:216,134478,182869
18.66,09-21-2026 21:18:48:226,134491,182874
18.67,09-21-2026 21:18:48:236,134481,182841
18.68,09-21-2026 21:18:48:246,134514,182851
18.69,09-21-2026 21:18:48:256,134484,182850
18.7,09-21-2026 21:18:48:266,134512,182865
18.71,09-21-2026 21:18:48:276,134488,182864
18.72,09-21-2026 21:18:48:286,134487,182846
18.73,09-21-2026 21:18:48:296,134468,182864
18.74,09-21-2026 21:18:48:306,134506,182846
18.75,09-21-2026 21:18:48:316,134481,182860
18.76,09-21-2026 21:18:48:326,134535,182863
18.77,09-21-2026 21:18:48:336,134478,182830
18.78,09-21-2026 21:18:48:346,134509,182850
18.79,09-21-2026 21:18:48:356,134476,182850
18.8,09-21-2026 21:18:48:366,134516,182854
18.81,09-21-2026 21:18:48:376,134489,182850
18.82,09-21-2026 21:18:48:386,134514,182845
18.83,09-21-2026 21:18:48:396,134488,182858
18.84,09-21-2026 21:18:48:406,134528,182856
18.85,09-21-2026 21:18:48:416,134475,182854
18.86,09-21-2026 21:18:48:426,134533,182855
18.87,09-21-2026 21:18:48:436,134504,182878
18.88,09-21-2026 21:18:48:446,134520,182889
18.89,09-21-2026 21:18:48:456,134478,182887
18.9,09-21-2026 21:18:48:466,134513,182887
18.91,09-21-2026 21:18:48:476,134491,182870
18.92,09-21-2026 21:18:48:486,134521,182891
18.93,09-21-2026 21:18:48:496,134491,182936
18.94,09-21-2026 21:18:48:506,134524,182898
18.95,09-21-2026 21:18:48:516,134504,182938
18.96,09-21-2026 21:18:48:526,134520,182945
18.97,09-21-2026 21:18:48:536,134494,182933
18.98,09-21-2026 21:18:48:546,134519,182964
18.99,09-21-2026 21:18:48:556,134507,182978
19,09-21-2026 21:18:48:566,134524,182963
19.01,09-21-2026 21:18:48:576,134524,182992
19.02,09-21-2026 21:18:48:586,134502,183005
19.03,09-21-2026 21:18:48:596,134528,183007
19.04,09-21-2026 21:18:48:606,134530,183015
19.05,09-21-2026 21:18:48:616,134534,183033
19.06,09-21-2026 21:18:48:626,134532,183055
19.07,09-21-2026 21:18:48:636,134542,183058
19.08,09-21-2026 21:18:48:646,134533,183077
19.09,09-21-2026 21:18:48:656,134545,183059
19.1,09-21-2026 21:18:48:666,134542,183085
19.11,09-21-2026 21:18:48:676,134537,183089
19.12,09-21-2026 21:18:48:686,134552,183105
19.13,09-21-2026 21:18:48:696,134557,183106
19.14,09-21-2026 21:18:48:706,134546,183136
19.15,09-21-2026 21:18:48:716,134543,183117
19.16,09-21-2026 21:18:48:726,134561,183135
19.17,09-21-2026 21:18:48:736,134554,183146
19.18,09-21-2026 21:18:48:746,134549,183179
19.19,09-21-2026 21:18:48:756,134564,183159
19.2,09-21-2026 21:18:48:766,134543,183194
19.21,09-21-2026 21:18:48:776,134553,183172
19.22,09-21-2026 21:18:48:786,134569,183210
19.23,09-21-2026 21:18:48:796,134561,183194
19.24,09-21-2026 21:18:48:806,134600,183239
19.25,09-21-2026 21:18:48:816,134561,183210
19.26,09-21-2026 21:18:48:826,134573,183229
19.27,09-21-2026 21:18:48:836,134564,183183
19.28,09-21-2026 21:18:48:846,134566,183190
19.29,09-21-2026 21:18:48:856,134573,183115
19.3,09-21-2026 21:18:48:866,134572,183148
19.31,09-21-2026 21:18:48:876,134554,183078
19.32,09-21-2026 21:18:48:886,134541,183110
19.33,09-21-2026 21:18:48:896,134561,183040
19.34,09-21-2026 21:18:48:906,134547,183080
19.35,09-21-2026 21:18:48:916,134542,183010
19.36,09-21-2026 21:18:48:926,134541,183026
19.37,09-21-2026 21:18:48:936,134552,182980
19.38,09-21-2026 21:18:48:946,134549,183050
19.39,09-21-2026 21:18:48:956,134536,182988
19.4,09-21-2026 21:18:48:966,134531,183012
19.41,09-21-2026 21:18:48:976,134529,182974
19.42,09-21-2026 21:18:48:986,134520,183032
19.43,09-21-2026 21:18:48:996,134525,182988
19.44,09-21-2026 21:18:49:006,134530,182998
19.45,09-21-2026 21:18:49:016,134532,182956
19.46,09-21-2026 21:18:49:026,134518,183005
19.47,09-21-2026 21:18:49:036,134517,182973
19.48,09-21-2026 21:18:49:046,134524,183003
19.49,09-21-2026 21:18:49:056,134532,182986
19.5,09-21-2026 21:18:49:066,134519,183013
19.51,09-21-2026 21:18:49:076,134527,182987
19.52,09-21-2026 21:18:49:086,134539,182985
19.53,09-21-2026 21:18:49:096,134519,182977
19.54,09-21-2026 21:18:49:106,134519,183008
19.55,09-21-2026 21:18:49:116,134511,183013
19.56,09-21-2026 21:18:49:126,134517,183016
19.57,09-21-2026 21:18:49:136,134524,183007
19.58,09-21-2026 21:18:49:146,134540,183007
19.59,09-21-2026 21:18:49:156,134533,183018
19.6,09-21-2026 21:18:49:166,134526,183007
19.61,09-21-2026 21:18:49:176,134527,183020
19.62,09-21-2026 21:18:49:186,134519,183004
19.63,09-21-2026 21:18:49:196,134523,183021
19.64,09-21-2026 21:18:49:206,134532,183012
19.65,09-21-2026 21:18:49:216,134534,183051
19.66,09-21-2026 21:18:49:226,134535,183020
19.67,09-21-2026 21:18:49:236,134533,183056
19.68,09-21-2026 21:18:49:246,134533,183050
19.69,09-21-2026 21:18:49:256,134521,183054
19.7,09-21-2026 21:18:49:266,134533,183061
19.71,09-21-2026 21:18:49:276,134550,183068
19.72,09-21-2026 21:18:49:286,134546,183068
19.73,09-21-2026 21:18:49:296,134544,183120
19.74,09-21-2026 21:18:49:306,134528,183102
19.75,09-21-2026 21:18:49:316,134535,183121
19.76,09-21-2026 21:18:49:326,134536,183102
19.77,09-21-2026 21:18:49:336,134524,183138
19.78,09-21-2026 21:18:49:346,134541,183133
19.79,09-21-2026 21:18:49:356,134533,183164
19.8,09-21-2026 21:18:49:366,134553,183148
19.81,09-21-2026 21:18:49:376,134558,183183
19.82,09-21-2026 21:18:49:386,134557,183142
19.83,09-21-2026 21:18:49:396,134559,183198
19.84,09-21-2026 21:18:49:406,134555,183178
19.85,09-21-2026 21:18:49:416,134560,183215
19.86,09-21-2026 21:18:49:426,134570,183196
19.87,09-21-2026 21:18:49:436,134559,183206
19.88,09-21-2026 21:18:49:446,134569,183218
19.89,09-21-2026 21:18:49:456,134582,183247
19.9,09-21-2026 21:18:49:466,134580,183240
19.91,09-21-2026 21:18:49:476,134564,183270
19.92,09-21-2026 21:18:49:486,134578,183258
19.93,09-21-2026 21:18:49:496,134588,183309
19.94,09-21-2026 21:18:49:506,134588,183281
19.95,09-21-2026 21:18:49:516,134581,183305
19.96,09-21-2026 21:18:49:526,134582,183313
19.97,09-21-2026 21:18:49:536,134583,183343
19.98,09-21-2026 21:18:49:546,134599,183328
19.99,09-21-2026 21:18:49:556,134586,183338
20,09-21-2026 21:18:49:566,134578,183334
20.01,09-21-2026 21:18:49:576,134592,183335
20.02,09-21-2026 21:18:49:586,134596,183315
20.03,09-21-2026 21:18:49:596,134577,183303
20.04,09-21-2026 21:18:49:606,134580,183261
20.05,09-21-2026 21:18:49:616,134575,183243
20.06,09-21-2026 21:18:49:626,134583,183225
20.07,09-21-2026 21:18:49:636,134564,183209
20.08,09-21-2026 21:18:49:646,134571,183171
20.09,09-21-2026 21:18:49:656,134544,183179
20.1,09-21-2026 21:18:49:666,134564,183161
20.11,09-21-2026 21:18:49:676,134553,183168
20.12,09-21-2026 21:18:49:686,134557,183159
20.13,09-21-2026 21:18:49:696,134555,183140
20.14,09-21-2026 21:18:49:706,134550,183138
20.15,09-21-2026 21:18:49:716,134543,183141
20.16,09-21-2026 21:18:49:726,134543,183144
20.17,09-21-2026 21:18:49:736,134550,183126
20.18,09-21-2026 21:18:49:746,134537,183133
20.19,09-21-2026 21:18:49:756,134532,183128
20.2,09-21-2026 21:18:49:766,134542,183122
20.21,09-21-2026 21:18:49:776,134544,183117
20.22,09-21-2026 21:18:49:786,134538,183110
20.23,09-21-2026 21:18:49:796,134526,183139
20.24,09-21-2026 21:18:49:806,134558,183144
20.25,09-21-2026 21:18:49:816,134545,183135
20.26,09-21-2026 21:18:49:826,134546,183147
20.27,09-21-2026 21:18:49:836,134539,183131
20.28,09-21-2026 21:18:49:846,134530,183133
20.29,09-21-2026 21:18:49:856,134541,183132
20.3,09-21-2026 21:18:49:866,134554,183138
20.31,09-21-2026 21:18:49:876,134551,183147
20.32,09-21-2026 21:18:49:886,134542,183131
20.33,09-21-2026 21:18:49:896,134547,183120
20.34,09-21-2026 21:18:49:906,134555,183142
20.35,09-21-2026 21:18:49:916,134554,183142
20.36,09-21-2026 21:18:49:926,134542,183140
20.37,09-21-2026 21:18:49:936,134529,183141
20.38,09-21-2026 21:18:49:946,134550,183149
20.39,09-21-2026 21:18:49:956,134541,183166
20.4,09-21-2026 21:18:49:966,134551,183166
20.41,09-21-2026 21:18:49:976,134540,183159
20.42,09-21-2026 21:18:49:986,134565,183180
20.43,09-21-2026 21:18:49:996,134549,183206
20.44,09-21-2026 21:18:50:006,134575,183183
20.45,09-21-2026 21:18:50:016,134522,183197
20.46,09-21-2026 21:18:50:026,134563,183215
20.47,09-21-2026 21:18:50:036,134535,183208
20.48,09-21-2026 21:18:50:046,134561,183215
20.49,09-21-2026 21:18:50:056,134519,183232
20.5,09-21-2026 21:18:50:066,134570,183234
20.51,09-21-2026 21:18:50:076,134552,183258
20.52,09-21-2026 21:18:50:086,134569,183233
20.53,09-21-2026 21:18:50:096,134529,183250
20.54,09-21-2026 21:18:50:106,134574,183273
20.55,09-21-2026 21:18:50:116,134545,183285
20.56,09-21-2026 21:18:50:126,134561,183291
20.57,09-21-2026 21:18:50:136,134535,183294
20.58,09-21-2026 21:18:50:146,134583,183292
20.59,09-21-2026 21:18:50:156,134553,183321
20.6,09-21-2026 21:18:50:166,134583,183335
20.61,09-21-2026 21:18:50:176,134540,183346
20.62,09-21-2026 21:18:50:186,134570,183354
20.63,09-21-2026 21:18:50:196,134552,183342
20.64,09-21-2026 21:18:50:206,134596,183356
20.65,09-21-2026 21:18:50:216,134573,183387
20.66,09-21-2026 21:18:50:226,134593,183400
20.67,09-21-2026 21:18:50:236,134584,183387
20.68,09-21-2026 21:18:50:246,134604,183404
20.69,09-21-2026 21:18:50:256,134565,183421
20.7,09-21-2026 21:18:50:266,134601,183410
20.71,09-21-2026 21:18:50:276,134578,183400
20.72,09-21-2026 21:18:50:286,134601,183412
20.73,09-21-2026 21:18:50:296,134576,183388
20.74,09-21-2026 21:18:50:306,134604,183354
20.75,09-21-2026 21:18:50:316,134579,183346
20.76,09-21-2026 21:18:50:326,134586,183356
20.77,09-21-2026 21:18:50:336,134592,183312
20.78,09-21-2026 21:18:50:346,134584,183298
20.79,09-21-2026 21:18:50:356,134590,183284
20.8,09-21-2026 21:18:50:366,134571,183270
20.81,09-21-2026 21:18:50:376,134595,183259
20.82,09-21-2026 21:18:50:386,134570,183256
20.83,09-21-2026 21:18:50:396,134580,183245
20.84,09-21-2026 21:18:50:406,134571,183244
20.85,09-21-2026 21:18:50:416,134584,183231
20.86,09-21-2026 21:18:50:426,134559,183229
20.87,09-21-2026 21:18:50:436,134585,183228
20.88,09-21-2026 21:18:50:446,134559,183229
20.89,09-21-2026 21:18:50:456,134581,183217
20.9,09-21-2026 21:18:50:466,134561,183196
20.91,09-21-2026 21:18:50:476,134581,183202
20.92,09-21-2026 21:18:50:486,134551,183200
20.93,09-21-2026 21:18:50:496,134585,183221
20.94,09-21-2026 21:18:50:506,134568,183216
20.95,09-21-2026 21:18:50:516,134598,183224
20.96,09-21-2026 21:18:50:526,134563,183226
20.97,09-21-2026 21:18:50:536,134592,183208
20.98,09-21-2026 21:18:50:546,134549,183229
20.99,09-21-2026 21:18:50:556,134586,183228
21,09-21-2026 21:18:50:566,134569,183237
21.01,09-21-2026 21:18:50:576,134584,183214
21.02,09-21-2026 21:18:50:586,134552,183226
21.03,09-21-2026 21:18:50:596,134608,183223
21.04,09-21-2026 21:18:50:606,134564,183226
21.05,09-21-2026 21:18:50:616,134588,183227
21.06,09-21-2026 21:18:50:626,134561,183231
21.07,09-21-2026 21:18:50:636,134615,183252
21.08,09-21-2026 21:18:50:646,134566,183252
21.09,09-21-2026 21:18:50:656,134608,183241
21.1,09-21-2026 21:18:50:666,134565,183241
21.11,09-21-2026 21:18:50:676,134602,183248
21.12,09-21-2026 21:18:50:686,134569,183284
21.13,09-21-2026 21:18:50:696,134588,183257
21.14,09-21-2026 21:18:50:706,134582,183270
21.15,09-21-2026 21:18:50:716,134599,183283
21.16,09-21-2026 21:18:50:726,134578,183295
21.17,09-21-2026 21:18:50:736,134596,183270
21.18,09-21-2026 21:18:50:746,134577,183309
21.19,09-21-2026 21:18:50:756,134597,183314
21.2,09-21-2026 21:18:50:766,134588,183316
21.21,09-21-2026 21:18:50:776,134590,183314
21.22,09-21-2026 21:18:50:786,134592,183324
21.23,09-21-2026 21:18:50:796,134607,183338
21.24,09-21-2026 21:18:50:806,134586,183345
21.25,09-21-2026 21:18:50:816,134591,183361
21.26,09-21-2026 21:18:50:826,134593,183376
21.27,09-21-2026 21:18:50:836,134582,183379
21.28,09-21-2026 21:18:50:846,134607,183393
21.29,09-21-2026 21:18:50:856,134600,183408
21.3,09-21-2026 21:18:50:866,134607,183397
21.31,09-21-2026 21:18:50:876,134606,183434
21.32,09-21-2026 21:18:50:886,134599,183425
21.33,09-21-2026 21:18:50:896,134605,183435
21.34,09-21-2026 21:18:50:906,134613,183448
21.35,09-21-2026 21:18:50:916,134615,183468
21.36,09-21-2026 21:18:50:926,134616,183455
21.37,09-21-2026 21:18:50:936,134623,183488
21.38,09-21-2026 21:18:50:946,134621,183471
21.39,09-21-2026 21:18:50:956,134633,183514
21.4,09-21-2026 21:18:50:966,134619,183481
21.41,09-21-2026 21:18:50:976,134607,183539
21.42,09-21-2026 21:18:50:986,134631,183493
21.43,09-21-2026 21:18:50:996,134627,183527
21.44,09-21-2026 21:18:51:006,134620,183499
21.45,09-21-2026 21:18:51:016,134626,183521
21.46,09-21-2026 21:18:51:026,134646,183455
21.47,09-21-2026 21:18:51:036,134610,183473
21.48,09-21-2026 21:18:51:046,134607,183405
21.49,09-21-2026 21:18:51:056,134598,183417
21.5,09-21-2026 21:18:51:066,134593,183359
21.51,09-21-2026 21:18:51:076,134603,183396
21.52,09-21-2026 21:18:51:086,134588,183334
21.53,09-21-2026 21:18:51:096,134589,183369
21.54,09-21-2026 21:18:51:106,134589,183310
21.55,09-21-2026 21:18:51:116,134582,183354
21.56,09-21-2026 21:18:51:126,134599,183302
21.57,09-21-2026 21:18:51:136,134577,183349
21.58,09-21-2026 21:18:51:146,134592,183291
21.59,09-21-2026 21:18:51:156,134589,183338
21.6,09-21-2026 21:18:51:166,134572,183285
21.61,09-21-2026 21:18:51:176,134593,183338
21.62,09-21-2026 21:18:51:186,134589,183290
21.63,09-21-2026 21:18:51:196,134591,183317
21.64,09-21-2026 21:18:51:206,134582,183241
21.65,09-21-2026 21:18:51:216,134560,183335
21.66,09-21-2026 21:18:51:226,134565,183270
21.67,09-21-2026 21:18:51:236,134579,183330
21.68,09-21-2026 21:18:51:246,134564,183280
21.69,09-21-2026 21:18:51:256,134574,183326
21.7,09-21-2026 21:18:51:266,134577,183292
21.71,09-21-2026 21:18:51:276,134577,183334
21.72,09-21-2026 21:18:51:286,134581,183301
21.73,09-21-2026 21:18:51:296,134587,183350
21.74,09-21-2026 21:18:51:306,134580,183301
21.75,09-21-2026 21:18:51:316,134575,183323
21.76,09-21-2026 21:18:51:326,134585,183305
21.77,09-21-2026 21:18:51:336,134587,183314
21.78,09-21-2026 21:18:51:346,134586,183328
21.79,09-21-2026 21:18:51:356,134581,183321
21.8,09-21-2026 21:18:51:366,134574,183337
21.81,09-21-2026 21:18:51:376,134589,183340
21.82,09-21-2026 21:18:51:386,134567,183383
21.83,09-21-2026 21:18:51:396,134576,183357
21.84,09-21-2026 21:18:51:406,134584,183372
21.85,09-21-2026 21:18:51:416,134590,183355
21.86,09-21-2026 21:18:51:426,134595,183381
21.87,09-21-2026 21:18:51:436,134605,183372
21.88,09-21-2026 21:18:51:446,134606,183385
21.89,09-21-2026 21:18:51:456,134593,183388
21.9,09-21-2026 21:18:51:466,134592,183427
21.91,09-21-2026 21:18:51:476,134604,183403
21.92,09-21-2026 21:18:51:486,134606,183431
21.93,09-21-2026 21:18:51:496,134599,183436
21.94,09-21-2026 21:18:51:506,134598,183442
21.95,09-21-2026 21:18:51:516,134604,183437
21.96,09-21-2026 21:18:51:526,134604,183476
21.97,09-21-2026 21:18:51:536,134595,183464
21.98,09-21-2026 21:18:51:546,134619,183500
21.99,09-21-2026 21:18:51:556,134617,183482
22,09-21-2026 21:18:51:566,134609,183518
22.01,09-21-2026 21:18:51:576,134617,183479
22.02,09-21-2026 21:18:51:586,134631,183543
22.03,09-21-2026 21:18:51:596,134616,183513
22.04,09-21-2026 21:18:51:606,134627,183565
22.05,09-21-2026 21:18:51:616,134622,183543
22.06,09-21-2026 21:18:51:626,134634,183589
22.07,09-21-2026 21:18:51:636,134621,183565
22.08,09-21-2026 21:18:51:646,134621,183607
22.09,09-21-2026 21:18:51:656,134640,183565
22.1,09-21-2026 21:18:51:666,134634,183615
22.11,09-21-2026 21:18:51:676,134630,183596
22.12,09-21-2026 21:18:51:686,134621,183650
22.13,09-21-2026 21:18:51:696,134629,183631
22.14,09-21-2026 21:18:51:706,134655,183654
22.15,09-21-2026 21:18:51:716,134643,183621
22.16,09-21-2026 21:18:51:726,134658,183635
22.17,09-21-2026 21:18:51:736,134641,183621
22.18,09-21-2026 21:18:51:746,134639,183606
22.19,09-21-2026 21:18:51:756,134634,183547
22.2,09-21-2026 21:18:51:766,134630,183558
22.21,09-21-2026 21:18:51:776,134639,183529
22.22,09-21-2026 21:18:51:786,134618,183519
22.23,09-21-2026 21:18:51:796,134602,183490
22.24,09-21-2026 21:18:51:806,134595,183490
22.25,09-21-2026 21:18:51:816,134615,183443
22.26,09-21-2026 21:18:51:826,134613,183468
22.27,09-21-2026 21:18:51:836,134615,183433
22.28,09-21-2026 21:18:51:846,134605,183448
22.29,09-21-2026 21:18:51:856,134605,183427
22.3,09-21-2026 21:18:51:866,134608,183436
22.31,09-21-2026 21:18:51:876,134617,183421
22.32,09-21-2026 21:18:51:886,134601,183412
22.33,09-21-2026 21:18:51:896,134591,183426
22.34,09-21-2026 21:18:51:906,134605,183433
22.35,09-21-2026 21:18:51:916,134599,183422
22.36,09-21-2026 21:18:51:926,134604,183420
22.37,09-21-2026 21:18:51:936,134594,183402
22.38,09-21-2026 21:18:51:946,134606,183419
22.39,09-21-2026 21:18:51:956,134590,183410
22.4,09-21-2026 21:18:51:966,134614,183432
22.41,09-21-2026 21:18:51:976,134591,183416
22.42,09-21-2026 21:18:51:986,134595,183423
22.43,09-21-2026 21:18:51:996,134607,183425
22.44,09-21-2026 21:18:52:006,134617,183441
22.45,09-21-2026 21:18:52:016,134609,183421
22.46,09-21-2026 21:18:52:026,134602,183422
22.47,09-21-2026 21:18:52:036,134608,183400
22.48,09-21-2026 21:18:52:046,134599,183410
22.49,09-21-2026 21:18:52:056,134598,183410
22.5,09-21-2026 21:18:52:066,134604,183421
22.51,09-21-2026 21:18:52:076,134615,183424
22.52,09-21-2026 21:18:52:086,134607,183435
22.53,09-21-2026 21:18:52:096,134605,183428
22.54,09-21-2026 21:18:52:106,134599,183430
22.55,09-21-2026 21:18:52:116,134613,183429
22.56,09-21-2026 21:18:52:126,134613,183455
22.57,09-21-2026 21:18:52:136,134608,183454
22.58,09-21-2026 21:18:52:146,134595,183454
22.59,09-21-2026 21:18:52:156,134620,183467
22.6,09-21-2026 21:18:52:166,134617,183465
22.61,09-21-2026 21:18:52:176,134614,183468
22.62,09-21-2026 21:18:52:186,134598,183479
22.63,09-21-2026 21:18:52:196,134615,183488
22.64,09-21-2026 21:18:52:206,134599,183503
22.65,09-21-2026 21:18:52:216,134610,183507
22.66,09-21-2026 21:18:52:226,134621,183507
22.67,09-21-2026 21:18:52:236,134616,183510
22.68,09-21-2026 21:18:52:246,134618,183523
22.69,09-21-2026 21:18:52:256,134610,183539
22.7,09-21-2026 21:18:52:266,134611,183540
22.71,09-21-2026 21:18:52:276,134626,183547
22.72,09-21-2026 21:18:52:286,134600,183542
22.73,09-21-2026 21:18:52:296,134616,183554
22.74,09-21-2026 21:18:52:306,134607,183561
22.75,09-21-2026 21:18:52:316,134625,183567
22.76,09-21-2026 21:18:52:326,134606,183601
22.77,09-21-2026 21:18:52:336,134629,183591
22.78,09-21-2026 21:18:52:346,134607,183613
22.79,09-21-2026 21:18:52:356,134633,183615
22.8,09-21-2026 21:18:52:366,134614,183628
22.81,09-21-2026 21:18:52:376,134662,183625
22.82,09-21-2026 21:18:52:386,134613,183620
22.83,09-21-2026 21:18:52:396,134647,183645
22.84,09-21-2026 21:18:52:406,134606,183641
22.85,09-21-2026 21:18:52:416,134650,183651
22.86,09-21-2026 21:18:52:426,134612,183641
22.87,09-21-2026 21:18:52:436,134646,183609
22.88,09-21-2026 21:18:52:446,134616,183613
22.89,09-21-2026 21:18:52:456,134637,183584
22.9,09-21-2026 21:18:52:466,134593,183564
22.91,09-21-2026 21:18:52:476,134630,183538
22.92,09-21-2026 21:18:52:486,134578,183530
22.93,09-21-2026 21:18:52:496,134614,183503
22.94,09-21-2026 21:18:52:506,134537,183491
22.95,09-21-2026 21:18:52:516,134609,183497
22.96,09-21-2026 21:18:52:526,134543,183480
22.97,09-21-2026 21:18:52:536,134622,183470
22.98,09-21-2026 21:18:52:546,134568,183467
22.99,09-21-2026 21:18:52:556,134598,183476
23,09-21-2026 21:18:52:566,134582,183475
23.01,09-21-2026 21:18:52:576,134618,183448
23.02,09-21-2026 21:18:52:586,134574,183431
23.03,09-21-2026 21:18:52:596,134614,183444
23.04,09-21-2026 21:18:52:606,134577,183441
23.05,09-21-2026 21:18:52:616,134613,183453
23.06,09-21-2026 21:18:52:626,134579,183446
23.07,09-21-2026 21:18:52:636,134592,183453
23.08,09-21-2026 21:18:52:646,134576,183454
23.09,09-21-2026 21:18:52:656,134594,183453
23.1,09-21-2026 21:18:52:666,134592,183435
23.11,09-21-2026 21:18:52:676,134602,183443
23.12,09-21-2026 21:18:52:686,134621,183443
23.13,09-21-2026 21:18:52:696,134600,183447
23.14,09-21-2026 21:18:52:706,134605,183452
23.15,09-21-2026 21:18:52:716,134607,183462
23.16,09-21-2026 21:18:52:726,134614,183428
23.17,09-21-2026 21:18:52:736,134597,183434
23.18,09-21-2026 21:18:52:746,134609,183441
23.19,09-21-2026 21:18:52:756,134597,183440
23.2,09-21-2026 21:18:52:766,134614,183449
23.21,09-21-2026 21:18:52:776,134594,183416
23.22,09-21-2026 21:18:52:786,134619,183449
23.23,09-21-2026 21:18:52:796,134599,183452
23.24,09-21-2026 21:18:52:806,134626,183438
23.25,09-21-2026 21:18:52:816,134596,183449
23.26,09-21-2026 21:18:52:826,134621,183455
23.27,09-21-2026 21:18:52:836,134616,183468
23.28,09-21-2026 21:18:52:846,134635,183449
23.29,09-21-2026 21:18:52:856,134612,183468
23.3,09-21-2026 21:18:52:866,134618,183464
23.31,09-21-2026 21:18:52:876,134623,183475
23.32,09-21-2026 21:18:52:886,134639,183476
23.33,09-21-2026 21:18:52:896,134624,183502
23.34,09-21-2026 21:18:52:906,134659,183482
23.35,09-21-2026 21:18:52:916,134609,183501
23.36,09-21-2026 21:18:52:926,134646,183502
23.37,09-21-2026 21:18:52:936,134607,183499
23.38,09-21-2026 21:18:52:946,134657,183514
23.39,09-21-2026 21:18:52:956,134618,183527
23.4,09-21-2026 21:18:52:966,134662,183516
23.41,09-21-2026 21:18:52:976,134620,183526
23.42,09-21-2026 21:18:52:986,134672,183541
23.43,09-21-2026 21:18:52:996,134623,183557
23.44,09-21-2026 21:18:53:006,134666,183563
23.45,09-21-2026 21:18:53:016,134632,183560
23.46,09-21-2026 21:18:53:026,134658,183572
23.47,09-21-2026 21:18:53:036,134622,183583
23.48,09-21-2026 21:18:53:046,134644,183576
23.49,09-21-2026 21:18:53:056,134642,183607
23.5,09-21-2026 21:18:53:066,134659,183608
23.51,09-21-2026 21:18:53:076,134640,183582
23.52,09-21-2026 21:18:53:086,134638,183590
23.53,09-21-2026 21:18:53:096,134634,183546
23.54,09-21-2026 21:18:53:106,134654,183542
23.55,09-21-2026 21:18:53:116,134619,183496
23.56,09-21-2026 21:18:53:126,134628,183492
23.57,09-21-2026 21:18:53:136,134607,183464
23.58,09-21-2026 21:18:53:146,134618,183420
23.59,09-21-2026 21:18:53:156,134605,183438
23.6,09-21-2026 21:18:53:166,134621,183426
23.61,09-21-2026 21:18:53:176,134594,183402
23.62,09-21-2026 21:18:53:186,134605,183403
23.63,09-21-2026 21:18:53:196,134596,183388
23.64,09-21-2026 21:18:53:206,134593,183405
23.65,09-21-2026 21:18:53:216,134580,183391
23.66,09-21-2026 21:18:53:226,134585,183372
23.67,09-21-2026 21:18:53:236,134568,183348
23.68,09-21-2026 21:18:53:246,134589,183343
23.69,09-21-2026 21:18:53:256,134581,183323
23.7,09-21-2026 21:18:53:266,134585,183347
23.71,09-21-2026 21:18:53:276,134576,183342
23.72,09-21-2026 21:18:53:286,134572,183352
23.73,09-21-2026 21:18:53:296,134578,183338
23.74,09-21-2026 21:18:53:306,134577,183336
23.75,09-21-2026 21:18:53:316,134601,183325
23.76,09-21-2026 21:18:53:326,134588,183340
23.77,09-21-2026 21:18:53:336,134582,183307
23.78,09-21-2026 21:18:53:346,134592,183329
23.79,09-21-2026 21:18:53:356,134586,183315
23.8,09-21-2026 21:18:53:366,134583,183346
23.81,09-21-2026 21:18:53:376,134579,183294
23.82,09-21-2026 21:18:53:386,134568,183321
23.83,09-21-2026 21:18:53:396,134582,183278
23.84,09-21-2026 21:18:53:406,134586,183339
23.85,09-21-2026 21:18:53:416,134569,183296
23.86,09-21-2026 21:18:53:426,134580,183314
23.87,09-21-2026 21:18:53:436,134582,183303
23.88,09-21-2026 21:18:53:446,134579,183329
23.89,09-21-2026 21:18:53:456,134574,183282
23.9,09-21-2026 21:18:53:466,134575,183322
23.91,09-21-2026 21:18:53:476,134586,183271
23.92,09-21-2026 21:18:53:486,134571,183312
23.93,09-21-2026 21:18:53:496,134589,183276
23.94,09-21-2026 21:18:53:506,134570,183335
23.95,09-21-2026 21:18:53:516,134576,183304
23.96,09-21-2026 21:18:53:526,134572,183358
23.97,09-21-2026 21:18:53:536,134575,183294
23.98,09-21-2026 21:18:53:546,134593,183365
23.99,09-21-2026 21:18:53:556,134580,183323
24,09-21-2026 21:18:53:566,134584,183369
24.01,09-21-2026 21:18:53:576,134581,183342
24.02,09-21-2026 21:18:53:586,134593,183374
24.03,09-21-2026 21:18:53:596,134589,183367
24.04,09-21-2026 21:18:53:606,134584,183388
24.05,09-21-2026 21:18:53:616,134594,183361
24.06,09-21-2026 21:18:53:626,134597,183404
24.07,09-21-2026 21:18:53:636,134590,183372
24.08,09-21-2026 21:18:53:646,134586,183414
24.09,09-21-2026 21:18:53:656,134597,183410
24.1,09-21-2026 21:18:53:666,134594,183433
24.11,09-21-2026 21:18:53:676,134597,183426
24.12,09-21-2026 21:18:53:686,134607,183443
24.13,09-21-2026 21:18:53:696,134597,183443
24.14,09-21-2026 21:18:53:706,134606,183436
24.15,09-21-2026 21:18:53:716,134608,183441
24.16,09-21-2026 21:18:53:726,134606,183420
24.17,09-21-2026 21:18:53:736,134604,183417
24.18,09-21-2026 21:18:53:746,134597,183382
24.19,09-21-2026 21:18:53:756,134594,183364
24.2,09-21-2026 21:18:53:766,134590,183335
24.21,09-21-2026 21:18:53:776,134586,183326
24.22,09-21-2026 21:18:53:786,134588,183300
24.23,09-21-2026 21:18:53:796,134573,183289
24.24,09-21-2026 21:18:53:806,134564,183260
24.25,09-21-2026 21:18:53:816,134570,183262
24.26,09-21-2026 21:18:53:826,134570,183248
24.27,09-21-2026 21:18:53:836,134570,183252
24.28,09-21-2026 21:18:53:846,134564,183240
24.29,09-21-2026 21:18:53:856,134559,183262
24.3,09-21-2026 21:18:53:866,134568,183208
24.31,09-21-2026 21:18:53:876,134550,183221
24.32,09-21-2026 21:18:53:886,134554,183182
24.33,09-21-2026 21:18:53:896,134545,183189
24.34,09-21-2026 21:18:53:906,134570,183169
24.35,09-21-2026 21:18:53:916,134538,183187
24.36,09-21-2026 21:18:53:926,134553,183181
24.37,09-21-2026 21:18:53:936,134552,183187
24.38,09-21-2026 21:18:53:946,134559,183162
24.39,09-21-2026 21:18:53:956,134558,183189
24.4,09-21-2026 21:18:53:966,134541,183177
24.41,09-21-2026 21:18:53:976,134553,183201
24.42,09-21-2026 21:18:53:986,134551,183158
24.43,09-21-2026 21:18:53:996,134550,183190
24.44,09-21-2026 21:18:54:006,134536,183127
24.45,09-21-2026 21:18:54:016,134549,183187
24.46,09-21-2026 21:18:54:026,134539,183143
24.47,09-21-2026 21:18:54:036,134557,183183
24.48,09-21-2026 21:18:54:046,134553,183129
24.49,09-21-2026 21:18:54:056,134553,183158
24.5,09-21-2026 21:18:54:066,134544,183127
24.51,09-21-2026 21:18:54:076,134541,183163
24.52,09-21-2026 21:18:54:086,134546,183136
24.53,09-21-2026 21:18:54:096,134548,183172
24.54,09-21-2026 21:18:54:106,134542,183126
24.55,09-21-2026 21:18:54:116,134553,183173
24.56,09-21-2026 21:18:54:126,134540,183143
24.57,09-21-2026 21:18:54:136,134546,183176
24.58,09-21-2026 21:18:54:146,134555,183186
24.59,09-21-2026 21:18:54:156,134553,183179
24.6,09-21-2026 21:18:54:166,134546,183181
24.61,09-21-2026 21:18:54:176,134548,183183
24.62,09-21-2026 21:18:54:186,134560,183189
24.63,09-21-2026 21:18:54:196,134545,183190
24.64,09-21-2026 21:18:54:206,134546,183196
24.65,09-21-2026 21:18:54:216,134570,183188
24.66,09-21-2026 21:18:54:226,134552,183219
24.67,09-21-2026 21:18:54:236,134559,183203
24.68,09-21-2026 21:18:54:246,134560,183205
24.69,09-21-2026 21:18:54:256,134560,183221
24.7,09-21-2026 21:18:54:266,134558,183234
24.71,09-21-2026 21:18:54:276,134567,183234
24.72,09-21-2026 21:18:54:286,134571,183248
24.73,09-21-2026 21:18:54:296,134579,183258
24.74,09-21-2026 21:18:54:306,134564,183268
24.75,09-21-2026 21:18:54:316,134558,183269
24.76,09-21-2026 21:18:54:326,134571,183280
24.77,09-21-2026 21:18:54:336,134574,183287
24.78,09-21-2026 21:18:54:346,134568,183280
24.79,09-21-2026 21:18:54:356,134587,183316
24.8,09-21-2026 21:18:54:366,134563,183278
24.81,09-21-2026 21:18:54:376,134570,183337
24.82,09-21-2026 21:18:54:386,134590,183319
24.83,09-21-2026 21:18:54:396,134592,183329
24.84,09-21-2026 21:18:54:406,134579,183355
24.85,09-21-2026 21:18:54:416,134580,183349
24.86,09-21-2026 21:18:54:426,134586,183315
24.87,09-21-2026 21:18:54:436,134568,183287
24.88,09-21-2026 21:18:54:446,134592,183261
24.89,09-21-2026 21:18:54:456,134560,183243
24.9,09-21-2026 21:18:54:466,134567,183213
24.91,09-21-2026 21:18:54:476,134571,183185
24.92,09-21-2026 21:18:54:486,134565,183162
24.93,09-21-2026 21:18:54:496,134553,183167
24.94,09-21-2026 21:18:54:506,134551,183147
24.95,09-21-2026 21:18:54:516,134531,183146
24.96,09-21-2026 21:18:54:526,134539,183120
24.97,09-21-2026 21:18:54:536,134526,183113
24.98,09-21-2026 21:18:54:546,134547,183101
24.99,09-21-2026 21:18:54:556,134539,183092
25,09-21-2026 21:18:54:566,134545,183081
25.01,09-21-2026 21:18:54:576,134517,183068
25.02,09-21-2026 21:18:54:586,134538,183084
25.03,09-21-2026 21:18:54:596,134531,183070
25.04,09-21-2026 21:18:54:606,134550,183052
25.05,09-21-2026 21:18:54:616,134532,183047
25.06,09-21-2026 21:18:54:626,134525,183035
25.07,09-21-2026 21:18:54:636,134503,183026
25.08,09-21-2026 21:18:54:646,134535,183053
25.09,09-21-2026 21:18:54:656,134520,183035
25.1,09-21-2026 21:18:54:666,134551,183053
25.11,09-21-2026 21:18:54:676,134520,183048
25.12,09-21-2026 21:18:54:686,134541,183025
25.13,09-21-2026 21:18:54:696,134504,183045
25.14,09-21-2026 21:18:54:706,134540,183027
25.15,09-21-2026 21:18:54:716,134500,183030
25.16,09-21-2026 21:18:54:726,134523,183019
25.17,09-21-2026 21:18:54:736,134490,183024
25.18,09-21-2026 21:18:54:746,134533,183007
25.19,09-21-2026 21:18:54:756,134479,183018
25.2,09-21-2026 21:18:54:766,134534,183017
25.21,09-21-2026 21:18:54:776,134500,183018
25.22,09-21-2026 21:18:54:786,134516,183009
25.23,09-21-2026 21:18:54:796,134484,183013
25.24,09-21-2026 21:18:54:806,134516,183019
25.25,09-21-2026 21:18:54:816,134476,183026
25.26,09-21-2026 21:18:54:826,134532,183034
25.27,09-21-2026 21:18:54:836,134501,183039
25.28,09-21-2026 21:18:54:846,134538,183034
25.29,09-21-2026 21:18:54:856,134517,183039
25.3,09-21-2026 21:18:54:866,134543,183036
25.31,09-21-2026 21:18:54:876,134522,183057
25.32,09-21-2026 21:18:54:886,134550,183061
25.33,09-21-2026 21:18:54:896,134522,183062
25.34,09-21-2026 21:18:54:906,134554,183074
25.35,09-21-2026 21:18:54:916,134538,183086
25.36,09-21-2026 21:18:54:926,134550,183084
25.37,09-21-2026 21:18:54:936,134528,183111
25.38,09-21-2026 21:18:54:946,134562,183108
25.39,09-21-2026 21:18:54:956,134539,183111
25.4,09-21-2026 21:18:54:966,134554,183117
25.41,09-21-2026 21:18:54:976,134575,183122
25.42,09-21-2026 21:18:54:986,134554,183130
25.43,09-21-2026 21:18:54:996,134556,183152
25.44,09-21-2026 21:18:55:006,134579,183159
25.45,09-21-2026 21:18:55:016,134583,183170
25.46,09-21-2026 21:18:55:026,134564,183157
25.47,09-21-2026 21:18:55:036,134572,183197
25.48,09-21-2026 21:18:55:046,134573,183190
25.49,09-21-2026 21:18:55:056,134581,183188
25.5,09-21-2026 21:18:55:066,134577,183192
25.51,09-21-2026 21:18:55:076,134570,183198
25.52,09-21-2026 21:18:55:086,134563,183213
25.53,09-21-2026 21:18:55:096,134585,183234
25.54,09-21-2026 21:18:55:106,134565,183240
25.55,09-21-2026 21:18:55:116,134596,183252
25.56,09-21-2026 21:18:55:126,134585,183272
25.57,09-21-2026 21:18:55:136,134612,183283
25.58,09-21-2026 21:18:55:146,134586,183279
25.59,09-21-2026 21:18:55:156,134612,183297
25.6,09-21-2026 21:18:55:166,134595,183301
25.61,09-21-2026 21:18:55:176,134619,183308
25.62,09-21-2026 21:18:55:186,134574,183304
25.63,09-21-2026 21:18:55:196,134597,183284
25.64,09-21-2026 21:18:55:206,134577,183264
25.65,09-21-2026 21:18:55:216,134601,183232
25.66,09-21-2026 21:18:55:226,134578,183206
25.67,09-21-2026 21:18:55:236,134602,183192
25.68,09-21-2026 21:18:55:246,134545,183162
25.69,09-21-2026 21:18:55:256,134580,183154
25.7,09-21-2026 21:18:55:266,134556,183114
25.71,09-21-2026 21:18:55:276,134567,183118
25.72,09-21-2026 21:18:55:286,134540,183102
25.73,09-21-2026 21:18:55:296,134555,183109
25.74,09-21-2026 21:18:55:306,134525,183087
25.75,09-21-2026 21:18:55:316,134545,183075
25.76,09-21-2026 21:18:55:326,134525,183065
25.77,09-21-2026 21:18:55:336,134539,183055
25.78,09-21-2026 21:18:55:346,134506,183045
25.79,09-21-2026 21:18:55:356,134527,183034
25.8,09-21-2026 21:18:55:366,134507,183025
25.81,09-21-2026 21:18:55:376,134540,183017
25.82,09-21-2026 21:18:55:386,134511,183019
25.83,09-21-2026 21:18:55:396,134530,183007
25.84,09-21-2026 21:18:55:406,134518,182997
25.85,09-21-2026 21:18:55:416,134525,183009
25.86,09-21-2026 21:18:55:426,134512,183002
25.87,09-21-2026 21:18:55:436,134507,183000
25.88,09-21-2026 21:18:55:446,134504,182982
25.89,09-21-2026 21:18:55:456,134498,182988
25.9,09-21-2026 21:18:55:466,134503,183003
25.91,09-21-2026 21:18:55:476,134502,183017
25.92,09-21-2026 21:18:55:486,134504,183006
25.93,09-21-2026 21:18:55:496,134502,182973
25.94,09-21-2026 21:18:55:506,134507,182975
25.95,09-21-2026 21:18:55:516,134504,182981
25.96,09-21-2026 21:18:55:526,134519,182970
25.97,09-21-2026 21:18:55:536,134525,182994
25.98,09-21-2026 21:18:55:546,134523,182975
25.99,09-21-2026 21:18:55:556,134508,183012
26,09-21-2026 21:18:55:566,134513,182971
26.01,09-21-2026 21:18:55:576,134502,182984
26.02,09-21-2026 21:18:55:586,134507,182975
26.03,09-21-2026 21:18:55:596,134522,182997
26.04,09-21-2026 21:18:55:606,134517,182990
26.05,09-21-2026 21:18:55:616,134501,183031
26.06,09-21-2026 21:18:55:626,134507,182994
26.07,09-21-2026 21:18:55:636,134520,183033
26.08,09-21-2026 21:18:55:646,134534,183007
26.09,09-21-2026 21:18:55:656,134534,183055
26.1,09-21-2026 21:18:55:666,134520,183006
26.11,09-21-2026 21:18:55:676,134531,183056
26.12,09-21-2026 21:18:55:686,134519,183028
26.13,09-21-2026 21:18:55:696,134527,183076
26.14,09-21-2026 21:18:55:706,134531,183019
26.15,09-21-2026 21:18:55:716,134529,183087
26.16,09-21-2026 21:18:55:726,134524,183012
26.17,09-21-2026 21:18:55:736,134541,183112
26.18,09-21-2026 21:18:55:746,134533,183041
26.19,09-21-2026 21:18:55:756,134538,183120
26.2,09-21-2026 21:18:55:766,134529,183052
26.21,09-21-2026 21:18:55:776,134537,183118
26.22,09-21-2026 21:18:55:786,134534,183075
26.23,09-21-2026 21:18:55:796,134531,183130
26.24,09-21-2026 21:18:55:806,134536,183101
26.25,09-21-2026 21:18:55:816,134547,183160
26.26,09-21-2026 21:18:55:826,134533,183130
26.27,09-21-2026 21:18:55:836,134556,183183
26.28,09-21-2026 21:18:55:846,134555,183157
26.29,09-21-2026 21:18:55:856,134550,183175
26.3,09-21-2026 21:18:55:866,134568,183169
26.31,09-21-2026 21:18:55:876,134555,183218
26.32,09-21-2026 21:18:55:886,134541,183186
26.33,09-21-2026 21:18:55:896,134558,183234
26.34,09-21-2026 21:18:55:906,134551,183230
26.35,09-21-2026 21:18:55:916,134554,183241
26.36,09-21-2026 21:18:55:926,134565,183234
26.37,09-21-2026 21:18:55:936,134562,183265
26.38,09-21-2026 21:18:55:946,134563,183269
26.39,09-21-2026 21:18:55:956,134589,183297
26.4,09-21-2026 21:18:55:966,134576,183305
26.41,09-21-2026 21:18:55:976,134572,183313
26.42,09-21-2026 21:18:55:986,134584,183325
26.43,09-21-2026 21:18:55:996,134561,183333
26.44,09-21-2026 21:18:56:006,134581,183299
26.45,09-21-2026 21:18:56:016,134579,183285
26.46,09-21-2026 21:18:56:026,134560,183283
26.47,09-21-2026 21:18:56:036,134564,183247
26.48,09-21-2026 21:18:56:046,134559,183241
26.49,09-21-2026 21:18:56:056,134563,183191
26.5,09-21-2026 21:18:56:066,134521,183193
26.51,09-21-2026 21:18:56:076,134554,183172
26.52,09-21-2026 21:18:56:086,134539,183172
26.53,09-21-2026 21:18:56:096,134554,183132
26.54,09-21-2026 21:18:56:106,134545,183156
26.55,09-21-2026 21:18:56:116,134537,183125
26.56,09-21-2026 21:18:56:126,134545,183145
26.57,09-21-2026 21:18:56:136,134535,183089
26.58,09-21-2026 21:18:56:146,134533,183118
26.59,09-21-2026 21:18:56:156,134529,183094
26.6,09-21-2026 21:18:56:166,134527,183120
26.61,09-21-2026 21:18:56:176,134522,183082
26.62,09-21-2026 21:18:56:186,134507,183098
26.63,09-21-2026 21:18:56:196,134535,183068
26.64,09-21-2026 21:18:56:206,134526,183095
26.65,09-21-2026 21:18:56:216,134512,183038
26.66,09-21-2026 21:18:56:226,134518,183084
26.67,09-21-2026 21:18:56:236,134519,183053
26.68,09-21-2026 21:18:56:246,134524,183075
26.69,09-21-2026 21:18:56:256,134514,183054
26.7,09-21-2026 21:18:56:266,134518,183089
26.71,09-21-2026 21:18:56:276,134516,183060
26.72,09-21-2026 21:18:56:286,134515,183064
26.73,09-21-2026 21:18:56:296,134513,183046
26.74,09-21-2026 21:18:56:306,134498,183053
26.75,09-21-2026 21:18:56:316,134521,183056
26.76,09-21-2026 21:18:56:326,134506,183057
26.77,09-21-2026 21:18:56:336,134521,183054
26.78,09-21-2026 21:18:56:346,134512,183069
26.79,09-21-2026 21:18:56:356,134524,183039
26.8,09-21-2026 21:18:56:366,134519,183062
26.81,09-21-2026 21:18:56:376,134492,183051
26.82,09-21-2026 21:18:56:386,134522,183073
26.83,09-21-2026 21:18:56:396,134505,183063
26.84,09-21-2026 21:18:56:406,134505,183047
26.85,09-21-2026 21:18:56:416,134524,183072
26.86,09-21-2026 21:18:56:426,134508,183068
26.87,09-21-2026 21:18:56:436,134519,183053
26.88,09-21-2026 21:18:56:446,134514,183077
26.89,09-21-2026 21:18:56:456,134523,183089
26.9,09-21-2026 21:18:56:466,134526,183094
26.91,09-21-2026 21:18:56:476,134523,183121
26.92,09-21-2026 21:18:56:486,134521,183124
26.93,09-21-2026 21:18:56:496,134532,183123
26.94,09-21-2026 21:18:56:506,134546,183120
26.95,09-21-2026 21:18:56:516,134539,183126
26.96,09-21-2026 21:18:56:526,134535,183148
26.97,09-21-2026 21:18:56:536,134528,183149
26.98,09-21-2026 21:18:56:546,134538,183152
26.99,09-21-2026 21:18:56:556,134523,183163
27,09-21-2026 21:18:56:566,134552,183171
27.01,09-21-2026 21:18:56:576,134562,183184
27.02,09-21-2026 21:18:56:586,134545,183197
27.03,09-21-2026 21:18:56:596,134550,183194
27.04,09-21-2026 21:18:56:606,134557,183203
27.05,09-21-2026 21:18:56:616,134557,183206
27.06,09-21-2026 21:18:56:626,134551,183229
27.07,09-21-2026 21:18:56:636,134547,183231
27.08,09-21-2026 21:18:56:646,134567,183247
27.09,09-21-2026 21:18:56:656,134543,183247
27.1,09-21-2026 21:18:56:666,134564,183251
27.11,09-21-2026 21:18:56:676,134567,183270
27.12,09-21-2026 21:18:56:686,134565,183294
27.13,09-21-2026 21:18:56:696,134582,183268
27.14,09-21-2026 21:18:56:706,134565,183281
27.15,09-21-2026 21:18:56:716,134573,183293
27.16,09-21-2026 21:18:56:726,134558,183316
27.17,09-21-2026 21:18:56:736,134572,183320
27.18,09-21-2026 21:18:56:746,134576,183349
27.19,09-21-2026 21:18:56:756,134568,183348
27.2,09-21-2026 21:18:56:766,134566,183366
27.21,09-21-2026 21:18:56:776,134573,183361
27.22,09-21-2026 21:18:56:786,134560,183385
27.23,09-21-2026 21:18:56:796,134589,183395
27.24,09-21-2026 21:18:56:806,134564,183394
27.25,09-21-2026 21:18:56:816,134575,183393
27.26,09-21-2026 21:18:56:826,134561,183393
27.27,09-21-2026 21:18:56:836,134588,183384
27.28,09-21-2026 21:18:56:846,134542,183345
27.29,09-21-2026 21:18:56:856,134593,183334
27.3,09-21-2026 21:18:56:866,134540,183295
27.31,09-21-2026 21:18:56:876,134573,183276
27.32,09-21-2026 21:18:56:886,134519,183263
27.33,09-21-2026 21:18:56:896,134544,183241
27.34,09-21-2026 21:18:56:906,134520,183237
27.35,09-21-2026 21:18:56:916,134538,183230
27.36,09-21-2026 21:18:56:926,134511,183225
27.37,09-21-2026 21:18:56:936,134558,183232
27.38,09-21-2026 21:18:56:946,134503,183220
27.39,09-21-2026 21:18:56:956,134545,183220
27.4,09-21-2026 21:18:56:966,134486,183202
27.41,09-21-2026 21:18:56:976,134544,183178
27.42,09-21-2026 21:18:56:986,134496,183198
27.43,09-21-2026 21:18:56:996,134535,183188
27.44,09-21-2026 21:18:57:006,134485,183166
27.45,09-21-2026 21:18:57:016,134533,183160
27.46,09-21-2026 21:18:57:026,134483,183181
27.47,09-21-2026 21:18:57:036,134524,183180
27.48,09-21-2026 21:18:57:046,134469,183178
27.49,09-21-2026 21:18:57:056,134522,183184
27.5,09-21-2026 21:18:57:066,134506,183184
27.51,09-21-2026 21:18:57:076,134540,183185
27.52,09-21-2026 21:18:57:086,134510,183182
27.53,09-21-2026 21:18:57:096,134537,183172
27.54,09-21-2026 21:18:57:106,134510,183175
27.55,09-21-2026 21:18:57:116,134539,183185
27.56,09-21-2026 21:18:57:126,134511,183181
27.57,09-21-2026 21:18:57:136,134531,183163
27.58,09-21-2026 21:18:57:146,134512,183160
27.59,09-21-2026 21:18:57:156,134547,183187
27.6,09-21-2026 21:18:57:166,134513,183190
27.61,09-21-2026 21:18:57:176,134531,183183
27.62,09-21-2026 21:18:57:186,134528,183191
27.63,09-21-2026 21:18:57:196,134527,183173
27.64,09-21-2026 21:18:57:206,134549,183194
27.65,09-21-2026 21:18:57:216,134540,183197
27.66,09-21-2026 21:18:57:226,134537,183203
27.67,09-21-2026 21:18:57:236,134529,183184
27.68,09-21-2026 21:18:57:246,134543,183199
27.69,09-21-2026 21:18:57:256,134538,183219
27.7,09-21-2026 21:18:57:266,134553,183218
27.71,09-21-2026 21:18:57:276,134550,183229
27.72,09-21-2026 21:18:57:286,134553,183247
27.73,09-21-2026 21:18:57:296,134549,183243
27.74,09-21-2026 21:18:57:306,134557,183277
27.75,09-21-2026 21:18:57:316,134562,183272
27.76,09-21-2026 21:18:57:326,134603,183279
27.77,09-21-2026 21:18:57:336,134550,183290
27.78,09-21-2026 21:18:57:346,134573,183287
27.79,09-21-2026 21:18:57:356,134549,183295
27.8,09-21-2026 21:18:57:366,134571,183315
27.81,09-21-2026 21:18:57:376,134533,183325
27.82,09-21-2026 21:18:57:386,134570,183333
27.83,09-21-2026 21:18:57:396,134551,183339
27.84,09-21-2026 21:18:57:406,134588,183350
27.85,09-21-2026 21:18:57:416,134562,183359
27.86,09-21-2026 21:18:57:426,134600,183372
27.87,09-21-2026 21:18:57:436,134565,183366
27.88,09-21-2026 21:18:57:446,134600,183394
27.89,09-21-2026 21:18:57:456,134568,183393
27.9,09-21-2026 21:18:57:466,134623,183400
27.91,09-21-2026 21:18:57:476,134580,183396
27.92,09-21-2026 21:18:57:486,134614,183402
27.93,09-21-2026 21:18:57:496,134572,183416
27.94,09-21-2026 21:18:57:506,134606,183434
27.95,09-21-2026 21:18:57:516,134595,183444
27.96,09-21-2026 21:18:57:526,134632,183467
27.97,09-21-2026 21:18:57:536,134597,183475
27.98,09-21-2026 21:18:57:546,134610,183483
27.99,09-21-2026 21:18:57:556,134580,183497
28,09-21-2026 21:18:57:566,134622,183511
28.01,09-21-2026 21:18:57:576,134599,183519
28.02,09-21-2026 21:18:57:586,134617,183525
28.03,09-21-2026 21:18:57:596,134612,183535
28.04,09-21-2026 21:18:57:606,134625,183519
28.05,09-21-2026 21:18:57:616,134596,183523
28.06,09-21-2026 21:18:57:626,134616,183491
28.07,09-21-2026 21:18:57:636,134586,183463
28.08,09-21-2026 21:18:57:646,134598,183463
28.09,09-21-2026 21:18:57:656,134586,183419
28.1,09-21-2026 21:18:57:666,134576,183407
28.11,09-21-2026 21:18:57:676,134572,183406
28.12,09-21-2026 21:18:57:686,134550,183400
28.13,09-21-2026 21:18:57:696,134556,183358
28.14,09-21-2026 21:18:57:706,134553,183379
28.15,09-21-2026 21:18:57:716,134565,183371
28.16,09-21-2026 21:18:57:726,134560,183370
28.17,09-21-2026 21:18:57:736,134560,183360
28.18,09-21-2026 21:18:57:746,134568,183365
28.19,09-21-2026 21:18:57:756,134573,183365
28.2,09-21-2026 21:18:57:766,134573,183365
28.21,09-21-2026 21:18:57:776,134551,183366
28.22,09-21-2026 21:18:57:786,134559,183344
28.23,09-21-2026 21:18:57:796,134545,183363
28.24,09-21-2026 21:18:57:806,134565,183330
28.25,09-21-2026 21:18:57:816,134550,183372
28.26,09-21-2026 21:18:57:826,134558,183347
28.27,09-21-2026 21:18:57:836,134534,183358
28.28,09-21-2026 21:18:57:846,134554,183329
28.29,09-21-2026 21:18:57:856,134554,183360
28.3,09-21-2026 21:18:57:866,134547,183346
28.31,09-21-2026 21:18:57:876,134559,183370
28.32,09-21-2026 21:18:57:886,134547,183341
28.33,09-21-2026 21:18:57:896,134547,183345
28.34,09-21-2026 21:18:57:906,134557,183329
28.35,09-21-2026 21:18:57:916,134551,183357
28.36,09-21-2026 21:18:57:926,134541,183332
28.37,09-21-2026 21:18:57:936,134560,183327
28.38,09-21-2026 21:18:57:946,134557,183300
28.39,09-21-2026 21:18:57:956,134536,183359
28.4,09-21-2026 21:18:57:966,134544,183299
28.41,09-21-2026 21:18:57:976,134546,183376
28.42,09-21-2026 21:18:57:986,134540,183318
28.43,09-21-2026 21:18:57:996,134552,183387
28.44,09-21-2026 21:18:58:006,134547,183334
28.45,09-21-2026 21:18:58:016,134553,183404
28.46,09-21-2026 21:18:58:026,134556,183349
28.47,09-21-2026 21:18:58:036,134549,183404
28.48,09-21-2026 21:18:58:046,134555,183369
28.49,09-21-2026 21:18:58:056,134563,183414
28.5,09-21-2026 21:18:58:066,134554,183373
28.51,09-21-2026 21:18:58:076,134565,183426
28.52,09-21-2026 21:18:58:086,134574,183404
28.53,09-21-2026 21:18:58:096,134568,183426
28.54,09-21-2026 21:18:58:106,134571,183424
28.55,09-21-2026 21:18:58:116,134577,183446
28.56,09-21-2026 21:18:58:126,134557,183430
28.57,09-21-2026 21:18:58:136,134552,183449
28.58,09-21-2026 21:18:58:146,134577,183451
28.59,09-21-2026 21:18:58:156,134580,183477
28.6,09-21-2026 21:18:58:166,134576,183465
28.61,09-21-2026 21:18:58:176,134572,183499
28.62,09-21-2026 21:18:58:186,134563,183491
28.63,09-21-2026 21:18:58:196,134571,183518
28.64,09-21-2026 21:18:58:206,134581,183504
28.65,09-21-2026 21:18:58:216,134579,183534
28.66,09-21-2026 21:18:58:226,134582,183546
28.67,09-21-2026 21:18:58:236,134585,183556
28.68,09-21-2026 21:18:58:246,134603,183569
28.69,09-21-2026 21:18:58:256,134596,183573
28.7,09-21-2026 21:18:58:266,134594,183601
28.71,09-21-2026 21:18:58:276,134583,183592
28.72,09-21-2026 21:18:58:286,134575,183624
28.73,09-21-2026 21:18:58:296,134593,183592
28.74,09-21-2026 21:18:58:306,134609,183609
28.75,09-21-2026 21:18:58:316,134584,183603
28.76,09-21-2026 21:18:58:326,134596,183597
28.77,09-21-2026 21:18:58:336,134595,183541
28.78,09-21-2026 21:18:58:346,134578,183560
28.79,09-21-2026 21:18:58:356,134584,183514
28.8,09-21-2026 21:18:58:366,134594,183520
28.81,09-21-2026 21:18:58:376,134576,183481
28.82,09-21-2026 21:18:58:386,134550,183487
28.83,09-21-2026 21:18:58:396,134575,183465
28.84,09-21-2026 21:18:58:406,134570,183473
28.85,09-21-2026 21:18:58:416,134555,183449
28.86,09-21-2026 21:18:58:426,134554,183480
28.87,09-21-2026 21:18:58:436,134558,183446
28.88,09-21-2026 21:18:58:446,134564,183461
28.89,09-21-2026 21:18:58:456,134560,183453
28.9,09-21-2026 21:18:58:466,134541,183479
28.91,09-21-2026 21:18:58:476,134558,183420
28.92,09-21-2026 21:18:58:486,134573,183457
28.93,09-21-2026 21:18:58:496,134543,183407
28.94,09-21-2026 21:18:58:506,134542,183463
28.95,09-21-2026 21:18:58:516,134550,183407
28.96,09-21-2026 21:18:58:526,134555,183436
28.97,09-21-2026 21:18:58:536,134545,183427
28.98,09-21-2026 21:18:58:546,134561,183472
28.99,09-21-2026 21:18:58:556,134553,183445
29,09-21-2026 21:18:58:566,134560,183446
29.01,09-21-2026 21:18:58:576,134543,183441
29.02,09-21-2026 21:18:58:586,134548,183471
29.03,09-21-2026 21:18:58:596,134541,183448
29.04,09-21-2026 21:18:58:606,134539,183451
29.05,09-21-2026 21:18:58:616,134547,183434
29.06,09-21-2026 21:18:58:626,134563,183447
29.07,09-21-2026 21:18:58:636,134564,183438
29.08,09-21-2026 21:18:58:646,134545,183452
29.09,09-21-2026 21:18:58:656,134559,183435
29.1,09-21-2026 21:18:58:666,134542,183444
29.11,09-21-2026 21:18:58:676,134556,183433
29.12,09-21-2026 21:18:58:686,134547,183451
29.13,09-21-2026 21:18:58:696,134548,183452
29.14,09-21-2026 21:18:58:706,134551,183440
29.15,09-21-2026 21:18:58:716,134551,183464
29.16,09-21-2026 21:18:58:726,134564,183473
29.17,09-21-2026 21:18:58:736,134575,183480
29.18,09-21-2026 21:18:58:746,134553,183482
29.19,09-21-2026 21:18:58:756,134567,183462
29.2,09-21-2026 21:18:58:766,134569,183484
29.21,09-21-2026 21:18:58:776,134572,183490
29.22,09-21-2026 21:18:58:786,134554,183509
29.23,09-21-2026 21:18:58:796,134554,183521
29.24,09-21-2026 21:18:58:806,134584,183529
29.25,09-21-2026 21:18:58:816,134556,183524
29.26,09-21-2026 21:18:58:826,134581,183527
29.27,09-21-2026 21:18:58:836,134567,183540
29.28,09-21-2026 21:18:58:846,134578,183560
29.29,09-21-2026 21:18:58:856,134582,183553
29.3,09-21-2026 21:18:58:866,134588,183572
29.31,09-21-2026 21:18:58:876,134580,183581
29.32,09-21-2026 21:18:58:886,134591,183570
29.33,09-21-2026 21:18:58:896,134594,183599
29.34,09-21-2026 21:18:58:906,134597,183621
29.35,09-21-2026 21:18:58:916,134594,183637
29.36,09-21-2026 21:18:58:926,134590,183610
29.37,09-21-2026 21:18:58:936,134585,183619
29.38,09-21-2026 21:18:58:946,134572,183656
29.39,09-21-2026 21:18:58:956,134608,183632
29.4,09-21-2026 21:18:58:966,134588,183649
29.41,09-21-2026 21:18:58:976,134596,183651
29.42,09-21-2026 21:18:58:986,134584,183635
29.43,09-21-2026 21:18:58:996,134604,183677
29.44,09-21-2026 21:18:59:006,134595,183657
29.45,09-21-2026 21:18:59:016,134606,183649
29.46,09-21-2026 21:18:59:026,134586,183621
29.47,09-21-2026 21:18:59:036,134579,183605
29.48,09-21-2026 21:18:59:046,134563,183581
29.49,09-21-2026 21:18:59:056,134591,183555
29.5,09-21-2026 21:18:59:066,134565,183545
29.51,09-21-2026 21:18:59:076,134574,183532
29.52,09-21-2026 21:18:59:086,134546,183514
29.53,09-21-2026 21:18:59:096,134558,183511
29.54,09-21-2026 21:18:59:106,134553,183492
29.55,09-21-2026 21:18:59:116,134556,183499
29.56,09-21-2026 21:18:59:126,134541,183493
29.57,09-21-2026 21:18:59:136,134570,183490
29.58,09-21-2026 21:18:59:146,134548,183490
29.59,09-21-2026 21:18:59:156,134556,183474
29.6,09-21-2026 21:18:59:166,134552,183472
29.61,09-21-2026 21:18:59:176,134546,183467
29.62,09-21-2026 21:18:59:186,134528,183452
29.63,09-21-2026 21:18:59:196,134541,183437
29.64,09-21-2026 21:18:59:206,134531,183452
29.65,09-21-2026 21:18:59:216,134539,183450
29.66,09-21-2026 21:18:59:226,134518,183450
29.67,09-21-2026 21:18:59:236,134546,183452
29.68,09-21-2026 21:18:59:246,134498,183446
29.69,09-21-2026 21:18:59:256,134556,183456
29.7,09-21-2026 21:18:59:266,134504,183452
29.71,09-21-2026 21:18:59:276,134555,183459
29.72,09-21-2026 21:18:59:286,134511,183449
29.73,09-21-2026 21:18:59:296,134556,183444
29.74,09-21-2026 21:18:59:306,134495,183455
29.75,09-21-2026 21:18:59:316,134560,183458
29.76,09-21-2026 21:18:59:326,134507,183452
29.77,09-21-2026 21:18:59:336,134548,183448
29.78,09-21-2026 21:18:59:346,134512,183446
29.79,09-21-2026 21:18:59:356,134555,183451
29.8,09-21-2026 21:18:59:366,134523,183445
29.81,09-21-2026 21:18:59:376,134550,183460
29.82,09-21-2026 21:18:59:386,134511,183448
29.83,09-21-2026 21:18:59:396,134553,183469
29.84,09-21-2026 21:18:59:406,134558,183467
29.85,09-21-2026 21:18:59:416,134571,183466
29.86,09-21-2026 21:18:59:426,134528,183468
29.87,09-21-2026 21:18:59:436,134569,183486
29.88,09-21-2026 21:18:59:446,134521,183488
29.89,09-21-2026 21:18:59:456,134551,183493
29.9,09-21-2026 21:18:59:466,134540,183499
29.91,09-21-2026 21:18:59:476,134558,183509
29.92,09-21-2026 21:18:59:486,134550,183484
29.93,09-21-2026 21:18:59:496,134555,183519
29.94,09-21-2026 21:18:59:506,134541,183517
29.95,09-21-2026 21:18:59:516,134551,183524
29.96,09-21-2026 21:18:59:526,134572,183533
29.97,09-21-2026 21:18:59:536,134572,183540
29.98,09-21-2026 21:18:59:546,134567,183541
29.99,09-21-2026 21:18:59:556,134564,183570
30,09-21-2026 21:18:59:566,134579,183554
30.01,09-21-2026 21:18:59:576,134575,183563
30.02,09-21-2026 21:18:59:586,134586,183588
30.03,09-21-2026 21:18:59:596,134584,183574
30.04,09-21-2026 21:18:59:606,134597,183598
30.05,09-21-2026 21:18:59:616,134579,183595
30.06,09-21-2026 21:18:59:626,134601,183601
30.07,09-21-2026 21:18:59:636,134599,183589
30.08,09-21-2026 21:18:59:646,134611,183609
30.09,09-21-2026 21:18:59:656,134581,183634
30.1,09-21-2026 21:18:59:666,134616,183642
30.11,09-21-2026 21:18:59:676,134603,183651
30.12,09-21-2026 21:18:59:686,134614,183652
30.13,09-21-2026 21:18:59:696,134586,183652
30.14,09-21-2026 21:18:59:706,134625,183682
30.15,09-21-2026 21:18:59:716,134592,183686
30.16,09-21-2026 21:18:59:726,134622,183685
30.17,09-21-2026 21:18:59:736,134588,183701
30.18,09-21-2026 21:18:59:746,134629,183694
30.19,09-21-2026 21:18:59:756,134600,183709
30.2,09-21-2026 21:18:59:766,134631,183707
30.21,09-21-2026 21:18:59:776,134607,183672
30.22,09-21-2026 21:18:59:786,134634,183664
30.23,09-21-2026 21:18:59:796,134591,183622
30.24,09-21-2026 21:18:59:806,134617,183620
30.25,09-21-2026 21:18:59:816,134587,183588
30.26,09-21-2026 21:18:59:826,134604,183582
30.27,09-21-2026 21:18:59:836,134589,183578
30.28,09-21-2026 21:18:59:846,134593,183548
30.29,09-21-2026 21:18:59:856,134581,183526
30.3,09-21-2026 21:18:59:866,134595,183520
30.31,09-21-2026 21:18:59:876,134569,183530
30.32,09-21-2026 21:18:59:886,134581,183514
30.33,09-21-2026 21:18:59:896,134551,183512
30.34,09-21-2026 21:18:59:906,134583,183494
30.35,09-21-2026 21:18:59:916,134557,183497
30.36,09-21-2026 21:18:59:926,134580,183503
30.37,09-21-2026 21:18:59:936,134550,183492
30.38,09-21-2026 21:18:59:946,134584,183471
30.39,09-21-2026 21:18:59:956,134553,183473
30.4,09-21-2026 21:18:59:966,134562,183466
30.41,09-21-2026 21:18:59:976,134540,183478
30.42,09-21-2026 21:18:59:986,134548,183445
30.43,09-21-2026 21:18:59:996,134530,183479
30.44,09-21-2026 21:19:00:006,134539,183488
30.45,09-21-2026 21:19:00:016,134553,183453
30.46,09-21-2026 21:19:00:026,134560,183480
30.47,09-21-2026 21:19:00:036,134535,183471
30.48,09-21-2026 21:19:00:046,134550,183463
30.49,09-21-2026 21:19:00:056,134545,183433
30.5,09-21-2026 21:19:00:066,134556,183460
30.51,09-21-2026 21:19:00:076,134545,183447
30.52,09-21-2026 21:19:00:086,134547,183452
30.53,09-21-2026 21:19:00:096,134553,183457
30.54,09-21-2026 21:19:00:106,134553,183443
30.55,09-21-2026 21:19:00:116,134543,183452
30.56,09-21-2026 21:19:00:126,134540,183452
30.57,09-21-2026 21:19:00:136,134554,183425
30.58,09-21-2026 21:19:00:146,134551,183463
30.59,09-21-2026 21:19:00:156,134549,183443
30.6,09-21-2026 21:19:00:166,134559,183469
30.61,09-21-2026 21:19:00:176,134558,183434
30.62,09-21-2026 21:19:00:186,134537,183468
30.63,09-21-2026 21:19:00:196,134546,183450
30.64,09-21-2026 21:19:00:206,134563,183488
30.65,09-21-2026 21:19:00:216,134553,183454
30.66,09-21-2026 21:19:00:226,134562,183482
30.67,09-21-2026 21:19:00:236,134542,183453
30.68,09-21-2026 21:19:00:246,134550,183495
30.69,09-21-2026 21:19:00:256,134554,183449
30.7,09-21-2026 21:19:00:266,134546,183497
30.71,09-21-2026 21:19:00:276,134556,183463
30.72,09-21-2026 21:19:00:286,134568,183519
30.73,09-21-2026 21:19:00:296,134559,183484
30.74,09-21-2026 21:19:00:306,134567,183533
30.75,09-21-2026 21:19:00:316,134575,183490
30.76,09-21-2026 21:19:00:326,134563,183532
30.77,09-21-2026 21:19:00:336,134573,183505
30.78,09-21-2026 21:19:00:346,134580,183563
30.79,09-21-2026 21:19:00:356,134566,183516
30.8,09-21-2026 21:19:00:366,134567,183581
30.81,09-21-2026 21:19:00:376,134561,183523
30.82,09-21-2026 21:19:00:386,134582,183607
30.83,09-21-2026 21:19:00:396,134583,183549
30.84,09-21-2026 21:19:00:406,134593,183593
30.85,09-21-2026 21:19:00:416,134571,183545
30.86,09-21-2026 21:19:00:426,134584,183605
30.87,09-21-2026 21:19:00:436,134578,183587
30.88,09-21-2026 21:19:00:446,134573,183653
30.89,09-21-2026 21:19:00:456,134604,183619
30.9,09-21-2026 21:19:00:466,134565,183639
30.91,09-21-2026 21:19:00:476,134577,183631
30.92,09-21-2026 21:19:00:486,134590,183662
30.93,09-21-2026 21:19:00:496,134597,183647
30.94,09-21-2026 21:19:00:506,134600,183659
30.95,09-21-2026 21:19:00:516,134583,183653
30.96,09-21-2026 21:19:00:526,134598,183657
30.97,09-21-2026 21:19:00:536,134583,183618
30.98,09-21-2026 21:19:00:546,134604,183638
30.99,09-21-2026 21:19:00:556,134581,183596
31,09-21-2026 21:19:00:566,134567,183602
31.01,09-21-2026 21:19:00:576,134580,183580
31.02,09-21-2026 21:19:00:586,134568,183558
31.03,09-21-2026 21:19:00:596,134569,183558
31.04,09-21-2026 21:19:00:606,134570,183535
31.05,09-21-2026 21:19:00:616,134564,183521
31.06,09-21-2026 21:19:00:626,134582,183522
31.07,09-21-2026 21:19:00:636,134567,183519
31.08,09-21-2026 21:19:00:646,134539,183501
31.09,09-21-2026 21:19:00:656,134542,183506
31.1,09-21-2026 21:19:00:666,134543,183489
31.11,09-21-2026 21:19:00:676,134555,183506
31.12,09-21-2026 21:19:00:686,134563,183477
31.13,09-21-2026 21:19:00:696,134549,183481
31.14,09-21-2026 21:19:00:706,134556,183465
31.15,09-21-2026 21:19:00:716,134532,183468
31.16,09-21-2026 21:19:00:726,134551,183433
31.17,09-21-2026 21:19:00:736,134541,183482
31.18,09-21-2026 21:19:00:746,134558,183443
31.19,09-21-2026 21:19:00:756,134553,183484
31.2,09-21-2026 21:19:00:766,134557,183450
31.21,09-21-2026 21:19:00:776,134551,183470
31.22,09-21-2026 21:19:00:786,134549,183434
31.23,09-21-2026 21:19:00:796,134539,183459
31.24,09-21-2026 21:19:00:806,134536,183428
31.25,09-21-2026 21:19:00:816,134541,183475
31.26,09-21-2026 21:19:00:826,134551,183436
31.27,09-21-2026 21:19:00:836,134529,183471
31.28,09-21-2026 21:19:00:846,134525,183438
31.29,09-21-2026 21:19:00:856,134526,183484
31.3,09-21-2026 21:19:00:866,134541,183430
31.31,09-21-2026 21:19:00:876,134539,183468
31.32,09-21-2026 21:19:00:886,134547,183431
31.33,09-21-2026 21:19:00:896,134526,183473
31.34,09-21-2026 21:19:00:906,134545,183427
31.35,09-21-2026 21:19:00:916,134550,183475
31.36,09-21-2026 21:19:00:926,134532,183430
31.37,09-21-2026 21:19:00:936,134538,183451
31.38,09-21-2026 21:19:00:946,134547,183448
31.39,09-21-2026 21:19:00:956,134561,183471
31.4,09-21-2026 21:19:00:966,134558,183442
31.41,09-21-2026 21:19:00:976,134548,183472
31.42,09-21-2026 21:19:00:986,134541,183469
31.43,09-21-2026 21:19:00:996,134542,183487
31.44,09-21-2026 21:19:01:006,134540,183463
31.45,09-21-2026 21:19:01:016,134556,183493
31.46,09-21-2026 21:19:01:026,134540,183465
31.47,09-21-2026 21:19:01:036,134560,183483
31.48,09-21-2026 21:19:01:046,134551,183477
31.49,09-21-2026 21:19:01:056,134544,183494
31.5,09-21-2026 21:19:01:066,134577,183499
31.51,09-21-2026 21:19:01:076,134558,183506
31.52,09-21-2026 21:19:01:086,134562,183508
31.53,09-21-2026 21:19:01:096,134554,183526
31.54,09-21-2026 21:19:01:106,134564,183522
31.55,09-21-2026 21:19:01:116,134561,183528
31.56,09-21-2026 21:19:01:126,134564,183548
31.57,09-21-2026 21:19:01:136,134567,183551
31.58,09-21-2026 21:19:01:146,134562,183555
31.59,09-21-2026 21:19:01:156,134563,183563
31.6,09-21-2026 21:19:01:166,134557,183560
31.61,09-21-2026 21:19:01:176,134566,183566
31.62,09-21-2026 21:19:01:186,134578,183581
31.63,09-21-2026 21:19:01:196,134575,183577
31.64,09-21-2026 21:19:01:206,134578,183618
31.65,09-21-2026 21:19:01:216,134577,183604
31.66,09-21-2026 21:19:01:226,134577,183606
31.67,09-21-2026 21:19:01:236,134578,183623
31.68,09-21-2026 21:19:01:246,134585,183630
31.69,09-21-2026 21:19:01:256,134575,183627
31.7,09-21-2026 21:19:01:266,134592,183652
31.71,09-21-2026 21:19:01:276,134593,183666
31.72,09-21-2026 21:19:01:286,134587,183657
31.73,09-21-2026 21:19:01:296,134588,183673
31.74,09-21-2026 21:19:01:306,134579,183662
31.75,09-21-2026 21:19:01:316,134590,183685
31.76,09-21-2026 21:19:01:326,134572,183650
31.77,09-21-2026 21:19:01:336,134562,183641
31.78,09-21-2026 21:19:01:346,134587,183614
31.79,09-21-2026 21:19:01:356,134578,183613
31.8,09-21-2026 21:19:01:366,134585,183575
31.81,09-21-2026 21:19:01:376,134564,183559
31.82,09-21-2026 21:19:01:386,134570,183550
31.83,09-21-2026 21:19:01:396,134575,183532
31.84,09-21-2026 21:19:01:406,134572,183514
31.85,09-21-2026 21:19:01:416,134547,183499
31.86,09-21-2026 21:19:01:426,134556,183510
31.87,09-21-2026 21:19:01:436,134550,183505
31.88,09-21-2026 21:19:01:446,134559,183487
31.89,09-21-2026 21:19:01:456,134531,183468
31.9,09-21-2026 21:19:01:466,134543,183478
31.91,09-21-2026 21:19:01:476,134525,183454
31.92,09-21-2026 21:19:01:486,134558,183460
31.93,09-21-2026 21:19:01:496,134512,183446
31.94,09-21-2026 21:19:01:506,134528,183450
31.95,09-21-2026 21:19:01:516,134519,183431
31.96,09-21-2026 21:19:01:526,134529,183425
31.97,09-21-2026 21:19:01:536,134502,183456
31.98,09-21-2026 21:19:01:546,134551,183446
31.99,09-21-2026 21:19:01:556,134493,183444
32,09-21-2026 21:19:01:566,134536,183447
32.01,09-21-2026 21:19:01:576,134497,183437
32.02,09-21-2026 21:19:01:586,134541,183418
32.03,09-21-2026 21:19:01:596,134499,183422
32.04,09-21-2026 21:19:01:606,134536,183427
32.05,09-21-2026 21:19:01:616,134494,183426
32.06,09-21-2026 21:19:01:626,134527,183412
32.07,09-21-2026 21:19:01:636,134489,183413
32.08,09-21-2026 21:19:01:646,134529,183411
32.09,09-21-2026 21:19:01:656,134497,183405
32.1,09-21-2026 21:19:01:666,134527,183403
32.11,09-21-2026 21:19:01:676,134465,183426
32.12,09-21-2026 21:19:01:686,134522,183418
32.13,09-21-2026 21:19:01:696,134489,183424
32.14,09-21-2026 21:19:01:706,134537,183424
32.15,09-21-2026 21:19:01:716,134497,183412
32.16,09-21-2026 21:19:01:726,134543,183425
32.17,09-21-2026 21:19:01:736,134500,183425
32.18,09-21-2026 21:19:01:746,134532,183421
32.19,09-21-2026 21:19:01:756,134535,183443
32.2,09-21-2026 21:19:01:766,134542,183452
32.21,09-21-2026 21:19:01:776,134510,183456
32.22,09-21-2026 21:19:01:786,134532,183431
32.23,09-21-2026 21:19:01:796,134508,183447
32.24,09-21-2026 21:19:01:806,134553,183470
32.25,09-21-2026 21:19:01:816,134523,183478
32.26,09-21-2026 21:19:01:826,134561,183461
32.27,09-21-2026 21:19:01:836,134520,183477
32.28,09-21-2026 21:19:01:846,134566,183474
32.29,09-21-2026 21:19:01:856,134526,183487
32.3,09-21-2026 21:19:01:866,134563,183491
32.31,09-21-2026 21:19:01:876,134572,183504
32.32,09-21-2026 21:19:01:886,134557,183498
32.33,09-21-2026 21:19:01:896,134575,183501
32.34,09-21-2026 21:19:01:906,134555,183520
32.35,09-21-2026 21:19:01:916,134585,183532
32.36,09-21-2026 21:19:01:926,134548,183538
32.37,09-21-2026 21:19:01:936,134575,183516
32.38,09-21-2026 21:19:01:946,134559,183540
32.39,09-21-2026 21:19:01:956,134574,183554
32.4,09-21-2026 21:19:01:966,134562,183551
32.41,09-21-2026 21:19:01:976,134588,183573
32.42,09-21-2026 21:19:01:986,134568,183568
32.43,09-21-2026 21:19:01:996,134577,183573
32.44,09-21-2026 21:19:02:006,134580,183585
32.45,09-21-2026 21:19:02:016,134610,183591
32.46,09-21-2026 21:19:02:026,134575,183601
32.47,09-21-2026 21:19:02:036,134597,183606
32.48,09-21-2026 21:19:02:046,134580,183630
32.49,09-21-2026 21:19:02:056,134597,183633
32.5,09-21-2026 21:19:02:066,134575,183618
32.51,09-21-2026 21:19:02:076,134603,183623
32.52,09-21-2026 21:19:02:086,134582,183609
32.53,09-21-2026 21:19:02:096,134599,183595
32.54,09-21-2026 21:19:02:106,134567,183573
32.55,09-21-2026 21:19:02:116,134601,183563
32.56,09-21-2026 21:19:02:126,134564,183541
32.57,09-21-2026 21:19:02:136,134598,183503
32.58,09-21-2026 21:19:02:146,134550,183507
32.59,09-21-2026 21:19:02:156,134577,183473
32.6,09-21-2026 21:19:02:166,134541,183467
32.61,09-21-2026 21:19:02:176,134594,183448
32.62,09-21-2026 21:19:02:186,134544,183442
32.63,09-21-2026 21:19:02:196,134587,183454
32.64,09-21-2026 21:19:02:206,134531,183429
32.65,09-21-2026 21:19:02:216,134549,183428
32.66,09-21-2026 21:19:02:226,134531,183409
32.67,09-21-2026 21:19:02:236,134564,183403
32.68,09-21-2026 21:19:02:246,134534,183398
32.69,09-21-2026 21:19:02:256,134536,183392
32.7,09-21-2026 21:19:02:266,134528,183377
32.71,09-21-2026 21:19:02:276,134532,183375
32.72,09-21-2026 21:19:02:286,134523,183385
32.73,09-21-2026 21:19:02:296,134542,183378
32.74,09-21-2026 21:19:02:306,134521,183376
32.75,09-21-2026 21:19:02:316,134544,183365
32.76,09-21-2026 21:19:02:326,134524,183359
32.77,09-21-2026 21:19:02:336,134520,183362
32.78,09-21-2026 21:19:02:346,134503,183364
32.79,09-21-2026 21:19:02:356,134518,183380
32.8,09-21-2026 21:19:02:366,134535,183364
32.81,09-21-2026 21:19:02:376,134512,183349
32.82,09-21-2026 21:19:02:386,134520,183327
32.83,09-21-2026 21:19:02:396,134518,183362
32.84,09-21-2026 21:19:02:406,134539,183343
32.85,09-21-2026 21:19:02:416,134516,183357
32.86,09-21-2026 21:19:02:426,134521,183359
32.87,09-21-2026 21:19:02:436,134524,183342
32.88,09-21-2026 21:19:02:446,134541,183336
32.89,09-21-2026 21:19:02:456,134530,183360
32.9,09-21-2026 21:19:02:466,134523,183333
32.91,09-21-2026 21:19:02:476,134533,183362
32.92,09-21-2026 21:19:02:486,134513,183350
32.93,09-21-2026 21:19:02:496,134532,183383
32.94,09-21-2026 21:19:02:506,134527,183350
32.95,09-21-2026 21:19:02:516,134547,183391
32.96,09-21-2026 21:19:02:526,134534,183373
32.97,09-21-2026 21:19:02:536,134538,183398
32.98,09-21-2026 21:19:02:546,134530,183382
32.99,09-21-2026 21:19:02:556,134540,183414
33,09-21-2026 21:19:02:566,134515,183381
33.01,09-21-2026 21:19:02:576,134550,183423
33.02,09-21-2026 21:19:02:586,134541,183398
33.03,09-21-2026 21:19:02:596,134554,183449
33.04,09-21-2026 21:19:02:606,134534,183412
33.05,09-21-2026 21:19:02:616,134545,183463
33.06,09-21-2026 21:19:02:626,134550,183420
33.07,09-21-2026 21:19:02:636,134556,183464
33.08,09-21-2026 21:19:02:646,134557,183439
33.09,09-21-2026 21:19:02:656,134565,183491
33.1,09-21-2026 21:19:02:666,134546,183446
33.11,09-21-2026 21:19:02:676,134573,183496
33.12,09-21-2026 21:19:02:686,134569,183464
33.13,09-21-2026 21:19:02:696,134557,183507
33.14,09-21-2026 21:19:02:706,134553,183470
33.15,09-21-2026 21:19:02:716,134557,183522
33.16,09-21-2026 21:19:02:726,134568,183494
33.17,09-21-2026 21:19:02:736,134556,183552
33.18,09-21-2026 21:19:02:746,134586,183495
33.19,09-21-2026 21:19:02:756,134563,183539
33.2,09-21-2026 21:19:02:766,134572,183532
33.21,09-21-2026 21:19:02:776,134577,183576
33.22,09-21-2026 21:19:02:786,134581,183558
33.23,09-21-2026 21:19:02:796,134572,183589
33.24,09-21-2026 21:19:02:806,134579,183580
33.25,09-21-2026 21:19:02:816,134590,183632
33.26,09-21-2026 21:19:02:826,134590,183595
33.27,09-21-2026 21:19:02:836,134582,183647
33.28,09-21-2026 21:19:02:846,134593,183620
33.29,09-21-2026 21:19:02:856,134597,183649
33.3,09-21-2026 21:19:02:866,134595,183650
33.31,09-21-2026 21:19:02:876,134590,183667
33.32,09-21-2026 21:19:02:886,134602,183651
33.33,09-21-2026 21:19:02:896,134599,183637
33.34,09-21-2026 21:19:02:906,134586,183617
33.35,09-21-2026 21:19:02:916,134584,183593
33.36,09-21-2026 21:19:02:926,134592,183579
33.37,09-21-2026 21:19:02:936,134557,183547
33.38,09-21-2026 21:19:02:946,134565,183539
33.39,09-21-2026 21:19:02:956,134572,183511
33.4,09-21-2026 21:19:02:966,134583,183507
33.41,09-21-2026 21:19:02:976,134565,183492
33.42,09-21-2026 21:19:02:986,134555,183498
33.43,09-21-2026 21:19:02:996,134559,183476
33.44,09-21-2026 21:19:03:006,134571,183484
33.45,09-21-2026 21:19:03:016,134553,183448
33.46,09-21-2026 21:19:03:026,134542,183456
33.47,09-21-2026 21:19:03:036,134532,183430
33.48,09-21-2026 21:19:03:046,134539,183440
33.49,09-21-2026 21:19:03:056,134542,183409
33.5,09-21-2026 21:19:03:066,134547,183430
33.51,09-21-2026 21:19:03:076,134539,183393
33.52,09-21-2026 21:19:03:086,134534,183419
33.53,09-21-2026 21:19:03:096,134547,183383
33.54,09-21-2026 21:19:03:106,134538,183426
33.55,09-21-2026 21:19:03:116,134529,183386
33.56,09-21-2026 21:19:03:126,134529,183427
33.57,09-21-2026 21:19:03:136,134518,183372
33.58,09-21-2026 21:19:03:146,134530,183413
33.59,09-21-2026 21:19:03:156,134529,183379
33.6,09-21-2026 21:19:03:166,134523,183410
33.61,09-21-2026 21:19:03:176,134530,183377
33.62,09-21-2026 21:19:03:186,134525,183411
33.63,09-21-2026 21:19:03:196,134547,183375
33.64,09-21-2026 21:19:03:206,134531,183380
33.65,09-21-2026 21:19:03:216,134524,183374
33.66,09-21-2026 21:19:03:226,134534,183373
33.67,09-21-2026 21:19:03:236,134518,183350
33.68,09-21-2026 21:19:03:246,134529,183371
33.69,09-21-2026 21:19:03:256,134522,183353
33.7,09-21-2026 21:19:03:266,134519,183376
33.71,09-21-2026 21:19:03:276,134530,183354
33.72,09-21-2026 21:19:03:286,134528,183394
33.73,09-21-2026 21:19:03:296,134525,183369
33.74,09-21-2026 21:19:03:306,134530,183397
33.75,09-21-2026 21:19:03:316,134519,183399
33.76,09-21-2026 21:19:03:326,134540,183404
33.77,09-21-2026 21:19:03:336,134543,183391
33.78,09-21-2026 21:19:03:346,134549,183406
33.79,09-21-2026 21:19:03:356,134538,183407
33.8,09-21-2026 21:19:03:366,134543,183406
33.81,09-21-2026 21:19:03:376,134517,183415
33.82,09-21-2026 21:19:03:386,134536,183416
33.83,09-21-2026 21:19:03:396,134535,183419
33.84,09-21-2026 21:19:03:406,134542,183412
33.85,09-21-2026 21:19:03:416,134533,183435
33.86,09-21-2026 21:19:03:426,134553,183451
33.87,09-21-2026 21:19:03:436,134525,183447
33.88,09-21-2026 21:19:03:446,134536,183463
33.89,09-21-2026 21:19:03:456,134558,183477
33.9,09-21-2026 21:19:03:466,134539,183482
33.91,09-21-2026 21:19:03:476,134547,183493
33.92,09-21-2026 21:19:03:486,134549,183505
33.93,09-21-2026 21:19:03:496,134540,183521
33.94,09-21-2026 21:19:03:506,134557,183512
33.95,09-21-2026 21:19:03:516,134556,183518
33.96,09-21-2026 21:19:03:526,134563,183519
33.97,09-21-2026 21:19:03:536,134555,183538
33.98,09-21-2026 21:19:03:546,134562,183547
33.99,09-21-2026 21:19:03:556,134553,183561
34,09-21-2026 21:19:03:566,134580,183554
34.01,09-21-2026 21:19:03:576,134571,183568
34.02,09-21-2026 21:19:03:586,134562,183584
34.03,09-21-2026 21:19:03:596,134579,183593
34.04,09-21-2026 21:19:03:606,134541,183596
34.05,09-21-2026 21:19:03:616,134570,183617
34.06,09-21-2026 21:19:03:626,134569,183601
34.07,09-21-2026 21:19:03:636,134561,183613
34.08,09-21-2026 21:19:03:646,134568,183632
34.09,09-21-2026 21:19:03:656,134594,183631
34.1,09-21-2026 21:19:03:666,134578,183678
34.11,09-21-2026 21:19:03:676,134581,183652
34.12,09-21-2026 21:19:03:686,134575,183682
34.13,09-21-2026 21:19:03:696,134596,183685
34.14,09-21-2026 21:19:03:706,134572,183679
34.15,09-21-2026 21:19:03:716,134590,183696
34.16,09-21-2026 21:19:03:726,134578,183714
34.17,09-21-2026 21:19:03:736,134593,183707
34.18,09-21-2026 21:19:03:746,134577,183683
34.19,09-21-2026 21:19:03:756,134598,183672
34.2,09-21-2026 21:19:03:766,134556,183672
34.21,09-21-2026 21:19:03:776,134584,183645
34.22,09-21-2026 21:19:03:786,134559,183606
34.23,09-21-2026 21:19:03:796,134579,183585
34.24,09-21-2026 21:19:03:806,134552,183571
34.25,09-21-2026 21:19:03:816,134569,183566
34.26,09-21-2026 21:19:03:826,134535,183545
34.27,09-21-2026 21:19:03:836,134565,183545
34.28,09-21-2026 21:19:03:846,134532,183548
34.29,09-21-2026 21:19:03:856,134546,183522
34.3,09-21-2026 21:19:03:866,134521,183532
34.31,09-21-2026 21:19:03:876,134553,183513
34.32,09-21-2026 21:19:03:886,134500,183506
34.33,09-21-2026 21:19:03:896,134567,183502
34.34,09-21-2026 21:19:03:906,134503,183494
34.35,09-21-2026 21:19:03:916,134539,183496
34.36,09-21-2026 21:19:03:926,134512,183468
34.37,09-21-2026 21:19:03:936,134557,183487
34.38,09-21-2026 21:19:03:946,134505,183474
34.39,09-21-2026 21:19:03:956,134554,183465
34.4,09-21-2026 21:19:03:966,134512,183469
34.41,09-21-2026 21:19:03:976,134563,183487
34.42,09-21-2026 21:19:03:986,134530,183471
34.43,09-21-2026 21:19:03:996,134537,183475
34.44,09-21-2026 21:19:04:006,134546,183475
34.45,09-21-2026 21:19:04:016,134544,183467
34.46,09-21-2026 21:19:04:026,134510,183470
34.47,09-21-2026 21:19:04:036,134545,183461
34.48,09-21-2026 21:19:04:046,134527,183447
34.49,09-21-2026 21:19:04:056,134544,183481
34.5,09-21-2026 21:19:04:066,134527,183456
34.51,09-21-2026 21:19:04:076,134549,183451
34.52,09-21-2026 21:19:04:086,134528,183465
34.53,09-21-2026 21:19:04:096,134532,183465
34.54,09-21-2026 21:19:04:106,134554,183466
34.55,09-21-2026 21:19:04:116,134554,183458
34.56,09-21-2026 21:19:04:126,134568,183464
34.57,09-21-2026 21:19:04:136,134561,183473
34.58,09-21-2026 21:19:04:146,134549,183475
34.59,09-21-2026 21:19:04:156,134546,183473
34.6,09-21-2026 21:19:04:166,134560,183497
34.61,09-21-2026 21:19:04:176,134541,183478
34.62,09-21-2026 21:19:04:186,134568,183479
34.63,09-21-2026 21:19:04:196,134540,183496
34.64,09-21-2026 21:19:04:206,134572,183512
34.65,09-21-2026 21:19:04:216,134555,183504
34.66,09-21-2026 21:19:04:226,134573,183522
34.67,09-21-2026 21:19:04:236,134554,183531
34.68,09-21-2026 21:19:04:246,134581,183528
34.69,09-21-2026 21:19:04:256,134562,183559
34.7,09-21-2026 21:19:04:266,134585,183542
34.71,09-21-2026 21:19:04:276,134557,183542
34.72,09-21-2026 21:19:04:286,134585,183544
34.73,09-21-2026 21:19:04:296,134568,183571
34.74,09-21-2026 21:19:04:306,134592,183548
34.75,09-21-2026 21:19:04:316,134574,183585
34.76,09-21-2026 21:19:04:326,134582,183587
34.77,09-21-2026 21:19:04:336,134574,183592
34.78,09-21-2026 21:19:04:346,134610,183595
34.79,09-21-2026 21:19:04:356,134591,183619
34.8,09-21-2026 21:19:04:366,134611,183614
34.81,09-21-2026 21:19:04:376,134602,183626
34.82,09-21-2026 21:19:04:386,134634,183645
34.83,09-21-2026 21:19:04:396,134590,183635
34.84,09-21-2026 21:19:04:406,134608,183653
34.85,09-21-2026 21:19:04:416,134588,183656
34.86,09-21-2026 21:19:04:426,134622,183669
34.87,09-21-2026 21:19:04:436,134587,183678
34.88,09-21-2026 21:19:04:446,134623,183672
34.89,09-21-2026 21:19:04:456,134595,183685
34.9,09-21-2026 21:19:04:466,134617,183699
34.91,09-21-2026 21:19:04:476,134612,183687
34.92,09-21-2026 21:19:04:486,134614,183702
34.93,09-21-2026 21:19:04:496,134596,183719
34.94,09-21-2026 21:19:04:506,134624,183722
34.95,09-21-2026 21:19:04:516,134597,183738
34.96,09-21-2026 21:19:04:526,134613,183754
34.97,09-21-2026 21:19:04:536,134595,183731
34.98,09-21-2026 21:19:04:546,134605,183716
34.99,09-21-2026 21:19:04:556,134591,183711
35,09-21-2026 21:19:04:566,134590,183673
35.01,09-21-2026 21:19:04:576,134588,183649
35.02,09-21-2026 21:19:04:586,134588,183654
35.03,09-21-2026 21:19:04:596,134588,183618
35.04,09-21-2026 21:19:04:606,134582,183587
35.05,09-21-2026 21:19:04:616,134576,183583
35.06,09-21-2026 21:19:04:626,134570,183582
35.07,09-21-2026 21:19:04:636,134544,183569
35.08,09-21-2026 21:19:04:646,134556,183546
35.09,09-21-2026 21:19:04:656,134548,183544
35.1,09-21-2026 21:19:04:666,134560,183564
35.11,09-21-2026 21:19:04:676,134558,183518
35.12,09-21-2026 21:19:04:686,134563,183526
35.13,09-21-2026 21:19:04:696,134551,183499
35.14,09-21-2026 21:19:04:706,134554,183516
35.15,09-21-2026 21:19:04:716,134559,183489
35.16,09-21-2026 21:19:04:726,134548,183530
35.17,09-21-2026 21:19:04:736,134541,183491
35.18,09-21-2026 21:19:04:746,134549,183508
35.19,09-21-2026 21:19:04:756,134554,183462
35.2,09-21-2026 21:19:04:766,134553,183496
35.21,09-21-2026 21:19:04:776,134544,183487
35.22,09-21-2026 21:19:04:786,134555,183502
35.23,09-21-2026 21:19:04:796,134545,183475
35.24,09-21-2026 21:19:04:806,134545,183491
35.25,09-21-2026 21:19:04:816,134545,183438
35.26,09-21-2026 21:19:04:826,134550,183505
35.27,09-21-2026 21:19:04:836,134540,183455
35.28,09-21-2026 21:19:04:846,134552,183503
35.29,09-21-2026 21:19:04:856,134538,183455
35.3,09-21-2026 21:19:04:866,134523,183501
35.31,09-21-2026 21:19:04:876,134537,183438
35.32,09-21-2026 21:19:04:886,134543,183495
35.33,09-21-2026 21:19:04:896,134551,183433
35.34,09-21-2026 21:19:04:906,134524,183494
35.35,09-21-2026 21:19:04:916,134540,183451
35.36,09-21-2026 21:19:04:926,134547,183500
35.37,09-21-2026 21:19:04:936,134549,183472
35.38,09-21-2026 21:19:04:946,134564,183524
35.39,09-21-2026 21:19:04:956,134543,183467
35.4,09-21-2026 21:19:04:966,134552,183536
35.41,09-21-2026 21:19:04:976,134530,183471
35.42,09-21-2026 21:19:04:986,134542,183521
35.43,09-21-2026 21:19:04:996,134555,183503
35.44,09-21-2026 21:19:05:006,134552,183541
35.45,09-21-2026 21:19:05:016,134551,183509
35.46,09-21-2026 21:19:05:026,134543,183553
35.47,09-21-2026 21:19:05:036,134563,183549
35.48,09-21-2026 21:19:05:046,134560,183573
35.49,09-21-2026 21:19:05:056,134569,183549
35.5,09-21-2026 21:19:05:066,134558,183599
35.51,09-21-2026 21:19:05:076,134552,183557
35.52,09-21-2026 21:19:05:086,134568,183585
35.53,09-21-2026 21:19:05:096,134566,183609
35.54,09-21-2026 21:19:05:106,134566,183617
35.55,09-21-2026 21:19:05:116,134581,183633
35.56,09-21-2026 21:19:05:126,134565,183627
35.57,09-21-2026 21:19:05:136,134568,183638
35.58,09-21-2026 21:19:05:146,134572,183634
35.59,09-21-2026 21:19:05:156,134564,183672
35.6,09-21-2026 21:19:05:166,134582,183675
35.61,09-21-2026 21:19:05:176,134579,183681
35.62,09-21-2026 21:19:05:186,134565,183672
35.63,09-21-2026 21:19:05:196,134575,183709
35.64,09-21-2026 21:19:05:206,134580,183684
35.65,09-21-2026 21:19:05:216,134571,183717
35.66,09-21-2026 21:19:05:226,134598,183717
35.67,09-21-2026 21:19:05:236,134577,183733
35.68,09-21-2026 21:19:05:246,134574,183745
35.69,09-21-2026 21:19:05:256,134593,183760
35.7,09-21-2026 21:19:05:266,134595,183755
35.71,09-21-2026 21:19:05:276,134598,183792
35.72,09-21-2026 21:19:05:286,134583,183774
35.73,09-21-2026 21:19:05:296,134601,183830
35.74,09-21-2026 21:19:05:306,134590,183778
35.75,09-21-2026 21:19:05:316,134602,183820
35.76,09-21-2026 21:19:05:326,134597,183778
35.77,09-21-2026 21:19:05:336,134600,183806
35.78,09-21-2026 21:19:05:346,134603,183730
35.79,09-21-2026 21:19:05:356,134598,183730
35.8,09-21-2026 21:19:05:366,134584,183702
35.81,09-21-2026 21:19:05:376,134570,183734
35.82,09-21-2026 21:19:05:386,134565,183662
35.83,09-21-2026 21:19:05:396,134571,183668
35.84,09-21-2026 21:19:05:406,134586,183636
35.85,09-21-2026 21:19:05:416,134563,183648
35.86,09-21-2026 21:19:05:426,134577,183612
35.87,09-21-2026 21:19:05:436,134551,183624
35.88,09-21-2026 21:19:05:446,134552,183590
35.89,09-21-2026 21:19:05:456,134568,183618
35.9,09-21-2026 21:19:05:466,134553,183588
35.91,09-21-2026 21:19:05:476,134543,183598
35.92,09-21-2026 21:19:05:486,134562,183582
35.93,09-21-2026 21:19:05:496,134556,183614
35.94,09-21-2026 21:19:05:506,134551,183564
35.95,09-21-2026 21:19:05:516,134549,183574
35.96,09-21-2026 21:19:05:526,134533,183563
35.97,09-21-2026 21:19:05:536,134537,183565
35.98,09-21-2026 21:19:05:546,134550,183560
35.99,09-21-2026 21:19:05:556,134550,183552
36,09-21-2026 21:19:05:566,134548,183567
36.01,09-21-2026 21:19:05:576,134548,183555
36.02,09-21-2026 21:19:05:586,134562,183556
36.03,09-21-2026 21:19:05:596,134547,183569
36.04,09-21-2026 21:19:05:606,134549,183558
36.05,09-21-2026 21:19:05:616,134558,183550
36.06,09-21-2026 21:19:05:626,134527,183550
36.07,09-21-2026 21:19:05:636,134537,183543
36.08,09-21-2026 21:19:05:646,134543,183559
36.09,09-21-2026 21:19:05:656,134543,183557
36.1,09-21-2026 21:19:05:666,134529,183559
36.11,09-21-2026 21:19:05:676,134572,183562
36.12,09-21-2026 21:19:05:686,134531,183559
36.13,09-21-2026 21:19:05:696,134534,183550
36.14,09-21-2026 21:19:05:706,134543,183561
36.15,09-21-2026 21:19:05:716,134541,183559
36.16,09-21-2026 21:19:05:726,134539,183564
36.17,09-21-2026 21:19:05:736,134550,183563
36.18,09-21-2026 21:19:05:746,134539,183572
36.19,09-21-2026 21:19:05:756,134555,183585
36.2,09-21-2026 21:19:05:766,134547,183594
36.21,09-21-2026 21:19:05:776,134548,183585
36.22,09-21-2026 21:19:05:786,134559,183593
36.23,09-21-2026 21:19:05:796,134547,183611
36.24,09-21-2026 21:19:05:806,134538,183603
36.25,09-21-2026 21:19:05:816,134541,183609
36.26,09-21-2026 21:19:05:826,134560,183639
36.27,09-21-2026 21:19:05:836,134547,183637
36.28,09-21-2026 21:19:05:846,134553,183645
36.29,09-21-2026 21:19:05:856,134548,183656
36.3,09-21-2026 21:19:05:866,134557,183693
36.31,09-21-2026 21:19:05:876,134540,183674
36.32,09-21-2026 21:19:05:886,134557,183682
36.33,09-21-2026 21:19:05:896,134558,183693
36.34,09-21-2026 21:19:05:906,134584,183724
36.35,09-21-2026 21:19:05:916,134555,183704
36.36,09-21-2026 21:19:05:926,134584,183731
36.37,09-21-2026 21:19:05:936,134558,183747
36.38,09-21-2026 21:19:05:946,134592,183731
36.39,09-21-2026 21:19:05:956,134550,183735
36.4,09-21-2026 21:19:05:966,134581,183767
36.41,09-21-2026 21:19:05:976,134535,183769
36.42,09-21-2026 21:19:05:986,134584,183769
36.43,09-21-2026 21:19:05:996,134568,183795
36.44,09-21-2026 21:19:06:006,134577,183781
36.45,09-21-2026 21:19:06:016,134560,183788
36.46,09-21-2026 21:19:06:026,134588,183799
36.47,09-21-2026 21:19:06:036,134555,183805
36.48,09-21-2026 21:19:06:046,134600,183833
36.49,09-21-2026 21:19:06:056,134549,183837
36.5,09-21-2026 21:19:06:066,134586,183854
36.51,09-21-2026 21:19:06:076,134547,183842
36.52,09-21-2026 21:19:06:086,134586,183864
36.53,09-21-2026 21:19:06:096,134555,183885
36.54,09-21-2026 21:19:06:106,134597,183897
36.55,09-21-2026 21:19:06:116,134579,183905
36.56,09-21-2026 21:19:06:126,134605,183924
36.57,09-21-2026 21:19:06:136,134545,183928
36.58,09-21-2026 21:19:06:146,134595,183919
36.59,09-21-2026 21:19:06:156,134563,183896
36.6,09-21-2026 21:19:06:166,134612,183906
36.61,09-21-2026 21:19:06:176,134545,183880
36.62,09-21-2026 21:19:06:186,134598,183850
36.63,09-21-2026 21:19:06:196,134576,183830
36.64,09-21-2026 21:19:06:206,134582,183814
36.65,09-21-2026 21:19:06:216,134554,183800
36.66,09-21-2026 21:19:06:226,134596,183784
36.67,09-21-2026 21:19:06:236,134549,183756
36.68,09-21-2026 21:19:06:246,134567,183752
36.69,09-21-2026 21:19:06:256,134550,183756
36.7,09-21-2026 21:19:06:266,134568,183752
36.71,09-21-2026 21:19:06:276,134554,183747
36.72,09-21-2026 21:19:06:286,134572,183740
36.73,09-21-2026 21:19:06:296,134539,183744
36.74,09-21-2026 21:19:06:306,134575,183733
36.75,09-21-2026 21:19:06:316,134569,183717
36.76,09-21-2026 21:19:06:326,134561,183723
36.77,09-21-2026 21:19:06:336,134557,183710
36.78,09-21-2026 21:19:06:346,134555,183690
36.79,09-21-2026 21:19:06:356,134559,183708
36.8,09-21-2026 21:19:06:366,134557,183683
36.81,09-21-2026 21:19:06:376,134565,183684
36.82,09-21-2026 21:19:06:386,134560,183679
36.83,09-21-2026 21:19:06:396,134576,183699
36.84,09-21-2026 21:19:06:406,134555,183685
36.85,09-21-2026 21:19:06:416,134585,183707
36.86,09-21-2026 21:19:06:426,134560,183691
36.87,09-21-2026 21:19:06:436,134583,183700
36.88,09-21-2026 21:19:06:446,134540,183699
36.89,09-21-2026 21:19:06:456,134576,183703
36.9,09-21-2026 21:19:06:466,134548,183686
36.91,09-21-2026 21:19:06:476,134565,183680
36.92,09-21-2026 21:19:06:486,134550,183678
36.93,09-21-2026 21:19:06:496,134566,183691
36.94,09-21-2026 21:19:06:506,134550,183680
36.95,09-21-2026 21:19:06:516,134562,183692
36.96,09-21-2026 21:19:06:526,134542,183677
36.97,09-21-2026 21:19:06:536,134586,183687
36.98,09-21-2026 21:19:06:546,134538,183691
36.99,09-21-2026 21:19:06:556,134571,183693
37,09-21-2026 21:19:06:566,134539,183697
37.01,09-21-2026 21:19:06:576,134607,183710
37.02,09-21-2026 21:19:06:586,134550,183705
37.03,09-21-2026 21:19:06:596,134575,183713
37.04,09-21-2026 21:19:06:606,134532,183709
37.05,09-21-2026 21:19:06:616,134586,183712
37.06,09-21-2026 21:19:06:626,134544,183714
37.07,09-21-2026 21:19:06:636,134553,183729
37.08,09-21-2026 21:19:06:646,134557,183743
37.09,09-21-2026 21:19:06:656,134566,183753
37.1,09-21-2026 21:19:06:666,134553,183760
37.11,09-21-2026 21:19:06:676,134575,183770
37.12,09-21-2026 21:19:06:686,134564,183762
37.13,09-21-2026 21:19:06:696,134568,183782
37.14,09-21-2026 21:19:06:706,134560,183775
37.15,09-21-2026 21:19:06:716,134577,183789
37.16,09-21-2026 21:19:06:726,134569,183798
37.17,09-21-2026 21:19:06:736,134596,183804
37.18,09-21-2026 21:19:06:746,134565,183838
37.19,09-21-2026 21:19:06:756,134569,183835
37.2,09-21-2026 21:19:06:766,134562,183834
37.21,09-21-2026 21:19:06:776,134563,183850
37.22,09-21-2026 21:19:06:786,134563,183853
37.23,09-21-2026 21:19:06:796,134558,183865
37.24,09-21-2026 21:19:06:806,134558,183872
37.25,09-21-2026 21:19:06:816,134578,183880
37.26,09-21-2026 21:19:06:826,134572,183867
37.27,09-21-2026 21:19:06:836,134579,183903
37.28,09-21-2026 21:19:06:846,134581,183902
37.29,09-21-2026 21:19:06:856,134573,183915
37.3,09-21-2026 21:19:06:866,134588,183931
37.31,09-21-2026 21:19:06:876,134585,183935
37.32,09-21-2026 21:19:06:886,134584,183928
37.33,09-21-2026 21:19:06:896,134587,183958
37.34,09-21-2026 21:19:06:906,134581,183902
37.35,09-21-2026 21:19:06:916,134590,183984
37.36,09-21-2026 21:19:06:926,134608,183946
37.37,09-21-2026 21:19:06:936,134579,183968
37.38,09-21-2026 21:19:06:946,134600,183950
37.39,09-21-2026 21:19:06:956,134586,183963
37.4,09-21-2026 21:19:06:966,134594,183900
37.41,09-21-2026 21:19:06:976,134577,183916
37.42,09-21-2026 21:19:06:986,134598,183870
37.43,09-21-2026 21:19:06:996,134575,183872
37.44,09-21-2026 21:19:07:006,134574,183836
37.45,09-21-2026 21:19:07:016,134573,183860
37.46,09-21-2026 21:19:07:026,134574,183788
37.47,09-21-2026 21:19:07:036,134546,183820
37.48,09-21-2026 21:19:07:046,134558,183794
37.49,09-21-2026 21:19:07:056,134546,183822
37.5,09-21-2026 21:19:07:066,134548,183748
37.51,09-21-2026 21:19:07:076,134547,183820
37.52,09-21-2026 21:19:07:086,134560,183765
37.53,09-21-2026 21:19:07:096,134549,183806
37.54,09-21-2026 21:19:07:106,134551,183735
37.55,09-21-2026 21:19:07:116,134548,183789
37.56,09-21-2026 21:19:07:126,134538,183742
37.57,09-21-2026 21:19:07:136,134543,183777
37.58,09-21-2026 21:19:07:146,134547,183723
37.59,09-21-2026 21:19:07:156,134546,183769
37.6,09-21-2026 21:19:07:166,134543,183747
37.61,09-21-2026 21:19:07:176,134541,183779
37.62,09-21-2026 21:19:07:186,134539,183764
37.63,09-21-2026 21:19:07:196,134547,183787
37.64,09-21-2026 21:19:07:206,134544,183766
37.65,09-21-2026 21:19:07:216,134548,183778
37.66,09-21-2026 21:19:07:226,134555,183726
37.67,09-21-2026 21:19:07:236,134543,183794
37.68,09-21-2026 21:19:07:246,134548,183754
37.69,09-21-2026 21:19:07:256,134552,183786
37.7,09-21-2026 21:19:07:266,134531,183759
37.71,09-21-2026 21:19:07:276,134557,183770
37.72,09-21-2026 21:19:07:286,134551,183774
37.73,09-21-2026 21:19:07:296,134536,183782
37.74,09-21-2026 21:19:07:306,134540,183794
37.75,09-21-2026 21:19:07:316,134539,183792
37.76,09-21-2026 21:19:07:326,134538,183801
37.77,09-21-2026 21:19:07:336,134532,183780
37.78,09-21-2026 21:19:07:346,134546,183787
37.79,09-21-2026 21:19:07:356,134532,183777
37.8,09-21-2026 21:19:07:366,134541,183793
37.81,09-21-2026 21:19:07:376,134545,183801
37.82,09-21-2026 21:19:07:386,134522,183799
37.83,09-21-2026 21:19:07:396,134551,183806
37.84,09-21-2026 21:19:07:406,134534,183841
37.85,09-21-2026 21:19:07:416,134537,183819
37.86,09-21-2026 21:19:07:426,134536,183848
37.87,09-21-2026 21:19:07:436,134545,183832
37.88,09-21-2026 21:19:07:446,134545,183851
37.89,09-21-2026 21:19:07:456,134541,183846
37.9,09-21-2026 21:19:07:466,134543,183878
37.91,09-21-2026 21:19:07:476,134554,183859
37.92,09-21-2026 21:19:07:486,134550,183889
37.93,09-21-2026 21:19:07:496,134553,183862
37.94,09-21-2026 21:19:07:506,134570,183893
37.95,09-21-2026 21:19:07:516,134542,183889
37.96,09-21-2026 21:19:07:526,134545,183933
37.97,09-21-2026 21:19:07:536,134580,183897
37.98,09-21-2026 21:19:07:546,134552,183950
37.99,09-21-2026 21:19:07:556,134558,183909
38,09-21-2026 21:19:07:566,134564,183957
38.01,09-21-2026 21:19:07:576,134566,183913
38.02,09-21-2026 21:19:07:586,134563,183976
38.03,09-21-2026 21:19:07:596,134562,183950
38.04,09-21-2026 21:19:07:606,134565,183959
38.05,09-21-2026 21:19:07:616,134560,183956
38.06,09-21-2026 21:19:07:626,134552,183994
38.07,09-21-2026 21:19:07:636,134576,183968
38.08,09-21-2026 21:19:07:646,134597,183989
38.09,09-21-2026 21:19:07:656,134551,183971
38.1,09-21-2026 21:19:07:666,134553,183994
38.11,09-21-2026 21:19:07:676,134564,183982
38.12,09-21-2026 21:19:07:686,134558,183958
38.13,09-21-2026 21:19:07:696,134541,183906
38.14,09-21-2026 21:19:07:706,134551,183926
38.15,09-21-2026 21:19:07:716,134560,183890
38.16,09-21-2026 21:19:07:726,134541,183866
38.17,09-21-2026 21:19:07:736,134541,183852
38.18,09-21-2026 21:19:07:746,134542,183820
38.19,09-21-2026 21:19:07:756,134534,183828
38.2,09-21-2026 21:19:07:766,134528,183808
38.21,09-21-2026 21:19:07:776,134526,183816
38.22,09-21-2026 21:19:07:786,134536,183807
38.23,09-21-2026 21:19:07:796,134533,183793
38.24,09-21-2026 21:19:07:806,134535,183791
38.25,09-21-2026 21:19:07:816,134513,183791
38.26,09-21-2026 21:19:07:826,134521,183765
38.27,09-21-2026 21:19:07:836,134542,183772
38.28,09-21-2026 21:19:07:846,134519,183757
38.29,09-21-2026 21:19:07:856,134532,183746
38.3,09-21-2026 21:19:07:866,134525,183747
38.31,09-21-2026 21:19:07:876,134514,183761
38.32,09-21-2026 21:19:07:886,134531,183741
38.33,09-21-2026 21:19:07:896,134515,183736
38.34,09-21-2026 21:19:07:906,134506,183746
38.35,09-21-2026 21:19:07:916,134518,183746
38.36,09-21-2026 21:19:07:926,134506,183751
38.37,09-21-2026 21:19:07:936,134504,183745
38.38,09-21-2026 21:19:07:946,134509,183742
38.39,09-21-2026 21:19:07:956,134511,183745
38.4,09-21-2026 21:19:07:966,134507,183737
38.41,09-21-2026 21:19:07:976,134513,183733
38.42,09-21-2026 21:19:07:986,134518,183721
38.43,09-21-2026 21:19:07:996,134517,183732
38.44,09-21-2026 21:19:08:006,134521,183744
38.45,09-21-2026 21:19:08:016,134507,183749
38.46,09-21-2026 21:19:08:026,134514,183727
38.47,09-21-2026 21:19:08:036,134513,183744
38.48,09-21-2026 21:19:08:046,134510,183740
38.49,09-21-2026 21:19:08:056,134508,183734
38.5,09-21-2026 21:19:08:066,134491,183735
38.51,09-21-2026 21:19:08:076,134519,183747
38.52,09-21-2026 21:19:08:086,134504,183753
38.53,09-21-2026 21:19:08:096,134510,183753
38.54,09-21-2026 21:19:08:106,134485,183753
38.55,09-21-2026 21:19:08:116,134505,183765
38.56,09-21-2026 21:19:08:126,134495,183757
38.57,09-21-2026 21:19:08:136,134511,183779
38.58,09-21-2026 21:19:08:146,134484,183767
38.59,09-21-2026 21:19:08:156,134510,183762
38.6,09-21-2026 21:19:08:166,134476,183779
38.61,09-21-2026 21:19:08:176,134519,183791
38.62,09-21-2026 21:19:08:186,134478,183792
38.63,09-21-2026 21:19:08:196,134518,183822
38.64,09-21-2026 21:19:08:206,134485,183806
38.65,09-21-2026 21:19:08:216,134507,183816
38.66,09-21-2026 21:19:08:226,134488,183820
38.67,09-21-2026 21:19:08:236,134535,183822
38.68,09-21-2026 21:19:08:246,134486,183835
38.69,09-21-2026 21:19:08:256,134515,183838
38.7,09-21-2026 21:19:08:266,134481,183846
38.71,09-21-2026 21:19:08:276,134527,183853
38.72,09-21-2026 21:19:08:286,134485,183877
38.73,09-21-2026 21:19:08:296,134524,183892
38.74,09-21-2026 21:19:08:306,134507,183870
38.75,09-21-2026 21:19:08:316,134530,183890
38.76,09-21-2026 21:19:08:326,134508,183891
38.77,09-21-2026 21:19:08:336,134533,183903
38.78,09-21-2026 21:19:08:346,134491,183911
38.79,09-21-2026 21:19:08:356,134542,183934
38.8,09-21-2026 21:19:08:366,134513,183927
38.81,09-21-2026 21:19:08:376,134543,183931
38.82,09-21-2026 21:19:08:386,134519,183961
38.83,09-21-2026 21:19:08:396,134549,183939
38.84,09-21-2026 21:19:08:406,134521,183937
38.85,09-21-2026 21:19:08:416,134542,183933
38.86,09-21-2026 21:19:08:426,134523,183919
38.87,09-21-2026 21:19:08:436,134539,183905
38.88,09-21-2026 21:19:08:446,134518,183865
38.89,09-21-2026 21:19:08:456,134527,183855
38.9,09-21-2026 21:19:08:466,134522,183825
38.91,09-21-2026 21:19:08:476,134507,183815
38.92,09-21-2026 21:19:08:486,134516,183800
38.93,09-21-2026 21:19:08:496,134518,183788
38.94,09-21-2026 21:19:08:506,134518,183772
38.95,09-21-2026 21:19:08:516,134509,183768
38.96,09-21-2026 21:19:08:526,134518,183764
38.97,09-21-2026 21:19:08:536,134509,183742
38.98,09-21-2026 21:19:08:546,134519,183740
38.99,09-21-2026 21:19:08:556,134510,183732
39,09-21-2026 21:19:08:566,134516,183723
39.01,09-21-2026 21:19:08:576,134497,183714
39.02,09-21-2026 21:19:08:586,134512,183705
39.03,09-21-2026 21:19:08:596,134484,183691
39.04,09-21-2026 21:19:08:606,134510,183691
39.05,09-21-2026 21:19:08:616,134500,183675
39.06,09-21-2026 21:19:08:626,134511,183672
39.07,09-21-2026 21:19:08:636,134491,183682
39.08,09-21-2026 21:19:08:646,134504,183688
39.09,09-21-2026 21:19:08:656,134484,183670
39.1,09-21-2026 21:19:08:666,134514,183692
39.11,09-21-2026 21:19:08:676,134478,183700
39.12,09-21-2026 21:19:08:686,134507,183687
39.13,09-21-2026 21:19:08:696,134488,183680
39.14,09-21-2026 21:19:08:706,134504,183661
39.15,09-21-2026 21:19:08:716,134481,183668
39.16,09-21-2026 21:19:08:726,134502,183659
39.17,09-21-2026 21:19:08:736,134476,183657
39.18,09-21-2026 21:19:08:746,134515,183667
39.19,09-21-2026 21:19:08:756,134489,183658
39.2,09-21-2026 21:19:08:766,134521,183658
39.21,09-21-2026 21:19:08:776,134490,183657
39.22,09-21-2026 21:19:08:786,134514,183663
39.23,09-21-2026 21:19:08:796,134471,183642
39.24,09-21-2026 21:19:08:806,134500,183640
39.25,09-21-2026 21:19:08:816,134468,183656
39.26,09-21-2026 21:19:08:826,134486,183661
39.27,09-21-2026 21:19:08:836,134483,183664
39.28,09-21-2026 21:19:08:846,134499,183658
39.29,09-21-2026 21:19:08:856,134488,183674
39.3,09-21-2026 21:19:08:866,134500,183694
39.31,09-21-2026 21:19:08:876,134480,183694
39.32,09-21-2026 21:19:08:886,134497,183686
39.33,09-21-2026 21:19:08:896,134488,183712
39.34,09-21-2026 21:19:08:906,134489,183702
39.35,09-21-2026 21:19:08:916,134484,183685
39.36,09-21-2026 21:19:08:926,134482,183727
39.37,09-21-2026 21:19:08:936,134488,183719
39.38,09-21-2026 21:19:08:946,134478,183727
39.39,09-21-2026 21:19:08:956,134500,183724
39.4,09-21-2026 21:19:08:966,134497,183728
39.41,09-21-2026 21:19:08:976,134496,183747
39.42,09-21-2026 21:19:08:986,134481,183745
39.43,09-21-2026 21:19:08:996,134495,183748
39.44,09-21-2026 21:19:09:006,134511,183768
39.45,09-21-2026 21:19:09:016,134496,183773
39.46,09-21-2026 21:19:09:026,134502,183798
39.47,09-21-2026 21:19:09:036,134494,183769
39.48,09-21-2026 21:19:09:046,134515,183789
39.49,09-21-2026 21:19:09:056,134507,183768
39.5,09-21-2026 21:19:09:066,134507,183768
39.51,09-21-2026 21:19:09:076,134508,183812
39.52,09-21-2026 21:19:09:086,134499,183787
39.53,09-21-2026 21:19:09:096,134507,183813
39.54,09-21-2026 21:19:09:106,134523,183797
39.55,09-21-2026 21:19:09:116,134504,183836
39.56,09-21-2026 21:19:09:126,134517,183830
39.57,09-21-2026 21:19:09:136,134521,183847
39.58,09-21-2026 21:19:09:146,134520,183819
39.59,09-21-2026 21:19:09:156,134535,183873
39.6,09-21-2026 21:19:09:166,134504,183823
39.61,09-21-2026 21:19:09:176,134526,183907
39.62,09-21-2026 21:19:09:186,134528,183839
39.63,09-21-2026 21:19:09:196,134520,183899
39.64,09-21-2026 21:19:09:206,134528,183863
39.65,09-21-2026 21:19:09:216,134524,183907
39.66,09-21-2026 21:19:09:226,134527,183857
39.67,09-21-2026 21:19:09:236,134524,183885
39.68,09-21-2026 21:19:09:246,134530,183823
39.69,09-21-2026 21:19:09:256,134534,183853
39.7,09-21-2026 21:19:09:266,134521,183763
39.71,09-21-2026 21:19:09:276,134529,183802
39.72,09-21-2026 21:19:09:286,134496,183734
39.73,09-21-2026 21:19:09:296,134513,183748
39.74,09-21-2026 21:19:09:306,134504,183684
39.75,09-21-2026 21:19:09:316,134495,183740
39.76,09-21-2026 21:19:09:326,134484,183691
39.77,09-21-2026 21:19:09:336,134477,183729
39.78,09-21-2026 21:19:09:346,134485,183677
39.79,09-21-2026 21:19:09:356,134469,183726
39.8,09-21-2026 21:19:09:366,134486,183675
39.81,09-21-2026 21:19:09:376,134482,183710
39.82,09-21-2026 21:19:09:386,134474,183663
39.83,09-21-2026 21:19:09:396,134491,183652
39.84,09-21-2026 21:19:09:406,134477,183635
39.85,09-21-2026 21:19:09:416,134476,183667
39.86,09-21-2026 21:19:09:426,134473,183644
39.87,09-21-2026 21:19:09:436,134474,183665
39.88,09-21-2026 21:19:09:446,134475,183645
39.89,09-21-2026 21:19:09:456,134477,183642
39.9,09-21-2026 21:19:09:466,134476,183655
39.91,09-21-2026 21:19:09:476,134457,183643
39.92,09-21-2026 21:19:09:486,134475,183655
39.93,09-21-2026 21:19:09:496,134463,183639
39.94,09-21-2026 21:19:09:506,134451,183657
39.95,09-21-2026 21:19:09:516,134476,183635
39.96,09-21-2026 21:19:09:526,134462,183650
39.97,09-21-2026 21:19:09:536,134447,183619
39.98,09-21-2026 21:19:09:546,134475,183643
39.99,09-21-2026 21:19:09:556,134460,183600
40,09-21-2026 21:19:09:566,134462,183629
40.01,09-21-2026 21:19:09:576,134451,183624
40.02,09-21-2026 21:19:09:586,134441,183629
40.03,09-21-2026 21:19:09:596,134452,183609
40.04,09-21-2026 21:19:09:606,134461,183649
40.05,09-21-2026 21:19:09:616,134471,183618
40.06,09-21-2026 21:19:09:626,134455,183634
40.07,09-21-2026 21:19:09:636,134447,183615
40.08,09-21-2026 21:19:09:646,134457,183642
40.09,09-21-2026 21:19:09:656,134473,183615
40.1,09-21-2026 21:19:09:666,134457,183665
40.11,09-21-2026 21:19:09:676,134464,183630
40.12,09-21-2026 21:19:09:686,134464,183666
40.13,09-21-2026 21:19:09:696,134456,183643
40.14,09-21-2026 21:19:09:706,134472,183688
40.15,09-21-2026 21:19:09:716,134466,183657
40.16,09-21-2026 21:19:09:726,134460,183679
40.17,09-21-2026 21:19:09:736,134466,183661
40.18,09-21-2026 21:19:09:746,134479,183704
40.19,09-21-2026 21:19:09:756,134456,183680
40.2,09-21-2026 21:19:09:766,134462,183711
40.21,09-21-2026 21:19:09:776,134472,183677
40.22,09-21-2026 21:19:09:786,134474,183714
40.23,09-21-2026 21:19:09:796,134474,183695
40.24,09-21-2026 21:19:09:806,134464,183724
40.25,09-21-2026 21:19:09:816,134474,183708
40.26,09-21-2026 21:19:09:826,134468,183731
40.27,09-21-2026 21:19:09:836,134475,183710
40.28,09-21-2026 21:19:09:846,134472,183730
40.29,09-21-2026 21:19:09:856,134479,183730
40.3,09-21-2026 21:19:09:866,134485,183736
40.31,09-21-2026 21:19:09:876,134492,183741
40.32,09-21-2026 21:19:09:886,134478,183762
40.33,09-21-2026 21:19:09:896,134494,183750
40.34,09-21-2026 21:19:09:906,134489,183768
40.35,09-21-2026 21:19:09:916,134479,183771
40.36,09-21-2026 21:19:09:926,134497,183779
40.37,09-21-2026 21:19:09:936,134506,183799
40.38,09-21-2026 21:19:09:946,134487,183791
40.39,09-21-2026 21:19:09:956,134479,183806
40.4,09-21-2026 21:19:09:966,134495,183809
40.41,09-21-2026 21:19:09:976,134501,183827
40.42,09-21-2026 21:19:09:986,134495,183821
40.43,09-21-2026 21:19:09:996,134506,183803
40.44,09-21-2026 21:19:10:006,134497,183799
40.45,09-21-2026 21:19:10:016,134508,183783
40.46,09-21-2026 21:19:10:026,134492,183771
40.47,09-21-2026 21:19:10:036,134480,183753
40.48,09-21-2026 21:19:10:046,134493,183707
40.49,09-21-2026 21:19:10:056,134459,183699
40.5,09-21-2026 21:19:10:066,134462,183681
40.51,09-21-2026 21:19:10:076,134472,183666
40.52,09-21-2026 21:19:10:086,134470,183632
40.53,09-21-2026 21:19:10:096,134448,183622
40.54,09-21-2026 21:19:10:106,134444,183619
40.55,09-21-2026 21:19:10:116,134456,183620
40.56,09-21-2026 21:19:10:126,134448,183606
40.57,09-21-2026 21:19:10:136,134453,183602
40.58,09-21-2026 21:19:10:146,134436,183595
40.59,09-21-2026 21:19:10:156,134448,183598
40.6,09-21-2026 21:19:10:166,134439,183581
40.61,09-21-2026 21:19:10:176,134439,183561
40.62,09-21-2026 21:19:10:186,134428,183557
40.63,09-21-2026 21:19:10:196,134434,183563
40.64,09-21-2026 21:19:10:206,134425,183559
40.65,09-21-2026 21:19:10:216,134431,183557
40.66,09-21-2026 21:19:10:226,134413,183554
40.67,09-21-2026 21:19:10:236,134431,183531
40.68,09-21-2026 21:19:10:246,134421,183563
40.69,09-21-2026 21:19:10:256,134417,183553
40.7,09-21-2026 21:19:10:266,134418,183551
40.71,09-21-2026 21:19:10:276,134424,183534
40.72,09-21-2026 21:19:10:286,134417,183525
40.73,09-21-2026 21:19:10:296,134431,183539
40.74,09-21-2026 21:19:10:306,134427,183521
40.75,09-21-2026 21:19:10:316,134428,183531
40.76,09-21-2026 21:19:10:326,134414,183525
40.77,09-21-2026 21:19:10:336,134423,183528
40.78,09-21-2026 21:19:10:346,134404,183522
40.79,09-21-2026 21:19:10:356,134435,183525
40.8,09-21-2026 21:19:10:366,134407,183529
40.81,09-21-2026 21:19:10:376,134410,183505
40.82,09-21-2026 21:19:10:386,134397,183534
40.83,09-21-2026 21:19:10:396,134437,183528
40.84,09-21-2026 21:19:10:406,134396,183523
40.85,09-21-2026 21:19:10:416,134426,183533
40.86,09-21-2026 21:19:10:426,134393,183504
40.87,09-21-2026 21:19:10:436,134439,183538
40.88,09-21-2026 21:19:10:446,134386,183551
40.89,09-21-2026 21:19:10:456,134438,183550
40.9,09-21-2026 21:19:10:466,134372,183553
40.91,09-21-2026 21:19:10:476,134427,183560
40.92,09-21-2026 21:19:10:486,134369,183552
40.93,09-21-2026 21:19:10:496,134425,183575
40.94,09-21-2026 21:19:10:506,134387,183573
40.95,09-21-2026 21:19:10:516,134437,183563
40.96,09-21-2026 21:19:10:526,134394,183570
40.97,09-21-2026 21:19:10:536,134443,183576
40.98,09-21-2026 21:19:10:546,134384,183584
40.99,09-21-2026 21:19:10:556,134440,183565
41,09-21-2026 21:19:10:566,134420,183602
41.01,09-21-2026 21:19:10:576,134450,183609
41.02,09-21-2026 21:19:10:586,134416,183614
41.03,09-21-2026 21:19:10:596,134456,183623
41.04,09-21-2026 21:19:10:606,134425,183608
41.05,09-21-2026 21:19:10:616,134450,183615
41.06,09-21-2026 21:19:10:626,134425,183640
41.07,09-21-2026 21:19:10:636,134451,183641
41.08,09-21-2026 21:19:10:646,134440,183641
41.09,09-21-2026 21:19:10:656,134447,183670
41.1,09-21-2026 21:19:10:666,134420,183653
41.11,09-21-2026 21:19:10:676,134458,183670
41.12,09-21-2026 21:19:10:686,134439,183658
41.13,09-21-2026 21:19:10:696,134459,183656
41.14,09-21-2026 21:19:10:706,134455,183646
41.15,09-21-2026 21:19:10:716,134445,183640
41.16,09-21-2026 21:19:10:726,134463,183602
41.17,09-21-2026 21:19:10:736,134439,183574
41.18,09-21-2026 21:19:10:746,134472,183568
41.19,09-21-2026 21:19:10:756,134425,183540
41.2,09-21-2026 21:19:10:766,134449,183516
41.21,09-21-2026 21:19:10:776,134427,183498
41.22,09-21-2026 21:19:10:786,134456,183528
41.23,09-21-2026 21:19:10:796,134427,183493
41.24,09-21-2026 21:19:10:806,134446,183459
41.25,09-21-2026 21:19:10:816,134424,183460
41.26,09-21-2026 21:19:10:826,134444,183466
41.27,09-21-2026 21:19:10:836,134423,183462
41.28,09-21-2026 21:19:10:846,134443,183447
41.29,09-21-2026 21:19:10:856,134393,183423
41.3,09-21-2026 21:19:10:866,134455,183435
41.31,09-21-2026 21:19:10:876,134402,183428
41.32,09-21-2026 21:19:10:886,134419,183417
41.33,09-21-2026 21:19:10:896,134414,183414
41.34,09-21-2026 21:19:10:906,134410,183404
41.35,09-21-2026 21:19:10:916,134402,183392
41.36,09-21-2026 21:19:10:926,134440,183392
41.37,09-21-2026 21:19:10:936,134417,183392
41.38,09-21-2026 21:19:10:946,134446,183381
41.39,09-21-2026 21:19:10:956,134407,183396
41.4,09-21-2026 21:19:10:966,134437,183379
41.41,09-21-2026 21:19:10:976,134414,183395
41.42,09-21-2026 21:19:10:986,134444,183391
41.43,09-21-2026 21:19:10:996,134390,183370
41.44,09-21-2026 21:19:11:006,134450,183369
41.45,09-21-2026 21:19:11:016,134394,183368
41.46,09-21-2026 21:19:11:026,134426,183377
41.47,09-21-2026 21:19:11:036,134384,183362
41.48,09-21-2026 21:19:11:046,134424,183371
41.49,09-21-2026 21:19:11:056,134393,183364
41.5,09-21-2026 21:19:11:066,134442,183368
41.51,09-21-2026 21:19:11:076,134394,183367
41.52,09-21-2026 21:19:11:086,134419,183373
41.53,09-21-2026 21:19:11:096,134395,183389
41.54,09-21-2026 21:19:11:106,134439,183392
41.55,09-21-2026 21:19:11:116,134402,183394
41.56,09-21-2026 21:19:11:126,134429,183383
41.57,09-21-2026 21:19:11:136,134410,183404
41.58,09-21-2026 21:19:11:146,134405,183400
41.59,09-21-2026 21:19:11:156,134399,183390
41.6,09-21-2026 21:19:11:166,134410,183404
41.61,09-21-2026 21:19:11:176,134396,183414
41.62,09-21-2026 21:19:11:186,134405,183417
41.63,09-21-2026 21:19:11:196,134420,183422
41.64,09-21-2026 21:19:11:206,134405,183434
41.65,09-21-2026 21:19:11:216,134424,183420
41.66,09-21-2026 21:19:11:226,134417,183456
41.67,09-21-2026 21:19:11:236,134419,183430
41.68,09-21-2026 21:19:11:246,134409,183464
41.69,09-21-2026 21:19:11:256,134425,183462
41.7,09-21-2026 21:19:11:266,134432,183470
41.71,09-21-2026 21:19:11:276,134419,183459
41.72,09-21-2026 21:19:11:286,134434,183489
41.73,09-21-2026 21:19:11:296,134426,183474
41.74,09-21-2026 21:19:11:306,134438,183495
41.75,09-21-2026 21:19:11:316,134427,183485
41.76,09-21-2026 21:19:11:326,134438,183517
41.77,09-21-2026 21:19:11:336,134433,183505
41.78,09-21-2026 21:19:11:346,134453,183535
41.79,09-21-2026 21:19:11:356,134439,183500
41.8,09-21-2026 21:19:11:366,134458,183548
41.81,09-21-2026 21:19:11:376,134458,183541
41.82,09-21-2026 21:19:11:386,134451,183561
41.83,09-21-2026 21:19:11:396,134438,183527
41.84,09-21-2026 21:19:11:406,134445,183543
41.85,09-21-2026 21:19:11:416,134437,183503
41.86,09-21-2026 21:19:11:426,134430,183521
41.87,09-21-2026 21:19:11:436,134450,183449
41.88,09-21-2026 21:19:11:446,134430,183467
41.89,09-21-2026 21:19:11:456,134431,183409
41.9,09-21-2026 21:19:11:466,134424,183437
41.91,09-21-2026 21:19:11:476,134420,183359
41.92,09-21-2026 21:19:11:486,134404,183380
41.93,09-21-2026 21:19:11:496,134409,183332
41.94,09-21-2026 21:19:11:506,134427,183373
41.95,09-21-2026 21:19:11:516,134411,183317
41.96,09-21-2026 21:19:11:526,134404,183354
41.97,09-21-2026 21:19:11:536,134404,183294
41.98,09-21-2026 21:19:11:546,134391,183338
41.99,09-21-2026 21:19:11:556,134408,183286
42,09-21-2026 21:19:11:566,134393,183313
42.01,09-21-2026 21:19:11:576,134384,183271
42.02,09-21-2026 21:19:11:586,134396,183313
42.03,09-21-2026 21:19:11:596,134396,183259
42.04,09-21-2026 21:19:11:606,134379,183280
42.05,09-21-2026 21:19:11:616,134390,183259
42.06,09-21-2026 21:19:11:626,134394,183276
42.07,09-21-2026 21:19:11:636,134385,183259
42.08,09-21-2026 21:19:11:646,134389,183285
42.09,09-21-2026 21:19:11:656,134370,183272
42.1,09-21-2026 21:19:11:666,134386,183293
42.11,09-21-2026 21:19:11:676,134369,183247
42.12,09-21-2026 21:19:11:686,134386,183255
42.13,09-21-2026 21:19:11:696,134377,183267
42.14,09-21-2026 21:19:11:706,134379,183268
42.15,09-21-2026 21:19:11:716,134394,183269
42.16,09-21-2026 21:19:11:726,134393,183264
42.17,09-21-2026 21:19:11:736,134387,183263
42.18,09-21-2026 21:19:11:746,134370,183244
42.19,09-21-2026 21:19:11:756,134388,183271
42.2,09-21-2026 21:19:11:766,134392,183232
42.21,09-21-2026 21:19:11:776,134385,183270
42.22,09-21-2026 21:19:11:786,134400,183266
42.23,09-21-2026 21:19:11:796,134388,183277
42.24,09-21-2026 21:19:11:806,134391,183255
42.25,09-21-2026 21:19:11:816,134387,183278
42.26,09-21-2026 21:19:11:826,134394,183249
42.27,09-21-2026 21:19:11:836,134376,183300
42.28,09-21-2026 21:19:11:846,134406,183285
42.29,09-21-2026 21:19:11:856,134389,183301
42.3,09-21-2026 21:19:11:866,134397,183284
42.31,09-21-2026 21:19:11:876,134389,183309
42.32,09-21-2026 21:19:11:886,134409,183315
42.33,09-21-2026 21:19:11:896,134404,183338
42.34,09-21-2026 21:19:11:906,134415,183311
42.35,09-21-2026 21:19:11:916,134396,183342
42.36,09-21-2026 21:19:11:926,134389,183314
42.37,09-21-2026 21:19:11:936,134419,183350
42.38,09-21-2026 21:19:11:946,134408,183325
42.39,09-21-2026 21:19:11:956,134418,183381
42.4,09-21-2026 21:19:11:966,134416,183345
42.41,09-21-2026 21:19:11:976,134414,183391
42.42,09-21-2026 21:19:11:986,134416,183361
42.43,09-21-2026 21:19:11:996,134410,183398
42.44,09-21-2026 21:19:12:006,134428,183396
42.45,09-21-2026 21:19:12:016,134435,183409
42.46,09-21-2026 21:19:12:026,134410,183398
42.47,09-21-2026 21:19:12:036,134432,183442
42.48,09-21-2026 21:19:12:046,134423,183428
42.49,09-21-2026 21:19:12:056,134420,183429
42.5,09-21-2026 21:19:12:066,134434,183432
42.51,09-21-2026 21:19:12:076,134423,183461
42.52,09-21-2026 21:19:12:086,134426,183456
42.53,09-21-2026 21:19:12:096,134440,183465
42.54,09-21-2026 21:19:12:106,134431,183460
42.55,09-21-2026 21:19:12:116,134453,183477
42.56,09-21-2026 21:19:12:126,134447,183434
42.57,09-21-2026 21:19:12:136,134431,183458
42.58,09-21-2026 21:19:12:146,134422,183418
42.59,09-21-2026 21:19:12:156,134421,183412
42.6,09-21-2026 21:19:12:166,134429,183379
42.61,09-21-2026 21:19:12:176,134396,183338
42.62,09-21-2026 21:19:12:186,134423,183312
42.63,09-21-2026 21:19:12:196,134407,183309
42.64,09-21-2026 21:19:12:206,134398,183303
42.65,09-21-2026 21:19:12:216,134407,183280
42.66,09-21-2026 21:19:12:226,134402,183274
42.67,09-21-2026 21:19:12:236,134395,183257
42.68,09-21-2026 21:19:12:246,134386,183252
42.69,09-21-2026 21:19:12:256,134399,183248
42.7,09-21-2026 21:19:12:266,134385,183253
42.71,09-21-2026 21:19:12:276,134385,183241
42.72,09-21-2026 21:19:12:286,134378,183208
42.73,09-21-2026 21:19:12:296,134384,183215
42.74,09-21-2026 21:19:12:306,134386,183209
42.75,09-21-2026 21:19:12:316,134367,183206
42.76,09-21-2026 21:19:12:326,134373,183195
42.77,09-21-2026 21:19:12:336,134385,183191
42.78,09-21-2026 21:19:12:346,134371,183196
42.79,09-21-2026 21:19:12:356,134388,183184
42.8,09-21-2026 21:19:12:366,134372,183186
42.81,09-21-2026 21:19:12:376,134373,183177
42.82,09-21-2026 21:19:12:386,134367,183190
42.83,09-21-2026 21:19:12:396,134385,183183
42.84,09-21-2026 21:19:12:406,134381,183192
42.85,09-21-2026 21:19:12:416,134365,183170
42.86,09-21-2026 21:19:12:426,134377,183169
42.87,09-21-2026 21:19:12:436,134380,183169
42.88,09-21-2026 21:19:12:446,134386,183167
42.89,09-21-2026 21:19:12:456,134378,183182
42.9,09-21-2026 21:19:12:466,134388,183176
42.91,09-21-2026 21:19:12:476,134356,183181
42.92,09-21-2026 21:19:12:486,134376,183178
42.93,09-21-2026 21:19:12:496,134371,183176
42.94,09-21-2026 21:19:12:506,134378,183183
42.95,09-21-2026 21:19:12:516,134367,183186
42.96,09-21-2026 21:19:12:526,134396,183173
42.97,09-21-2026 21:19:12:536,134369,183163
42.98,09-21-2026 21:19:12:546,134382,183179
42.99,09-21-2026 21:19:12:556,134376,183208
43,09-21-2026 21:19:12:566,134387,183199
43.01,09-21-2026 21:19:12:576,134370,183221
43.02,09-21-2026 21:19:12:586,134394,183219
43.03,09-21-2026 21:19:12:596,134372,183197
43.04,09-21-2026 21:19:12:606,134388,183229
43.05,09-21-2026 21:19:12:616,134370,183237
43.06,09-21-2026 21:19:12:626,134386,183236
43.07,09-21-2026 21:19:12:636,134385,183247
43.08,09-21-2026 21:19:12:646,134388,183235
43.09,09-21-2026 21:19:12:656,134365,183242
43.1,09-21-2026 21:19:12:666,134407,183269
43.11,09-21-2026 21:19:12:676,134390,183262
43.12,09-21-2026 21:19:12:686,134412,183262
43.13,09-21-2026 21:19:12:696,134358,183279
43.14,09-21-2026 21:19:12:706,134400,183282
43.15,09-21-2026 21:19:12:716,134377,183305
43.16,09-21-2026 21:19:12:726,134419,183292
43.17,09-21-2026 21:19:12:736,134358,183300
43.18,09-21-2026 21:19:12:746,134420,183307
43.19,09-21-2026 21:19:12:756,134366,183321
43.2,09-21-2026 21:19:12:766,134416,183323
43.21,09-21-2026 21:19:12:776,134397,183352
43.22,09-21-2026 21:19:12:786,134416,183352
43.23,09-21-2026 21:19:12:796,134368,183340
43.24,09-21-2026 21:19:12:806,134422,183358
43.25,09-21-2026 21:19:12:816,134431,183357
43.26,09-21-2026 21:19:12:826,134436,183376
43.27,09-21-2026 21:19:12:836,134400,183363
43.28,09-21-2026 21:19:12:846,134416,183355
43.29,09-21-2026 21:19:12:856,134390,183324
43.3,09-21-2026 21:19:12:866,134418,183287
43.31,09-21-2026 21:19:12:876,134391,183273
43.32,09-21-2026 21:19:12:886,134409,183249
43.33,09-21-2026 21:19:12:896,134395,183223
43.34,09-21-2026 21:19:12:906,134409,183214
43.35,09-21-2026 21:19:12:916,134365,183201
43.36,09-21-2026 21:19:12:926,134396,183185
43.37,09-21-2026 21:19:12:936,134390,183195
43.38,09-21-2026 21:19:12:946,134393,183177
43.39,09-21-2026 21:19:12:956,134416,183158
43.4,09-21-2026 21:19:12:966,134390,183155
43.41,09-21-2026 21:19:12:976,134377,183166
43.42,09-21-2026 21:19:12:986,134373,183131
43.43,09-21-2026 21:19:12:996,134410,183127
43.44,09-21-2026 21:19:13:006,134380,183130
43.45,09-21-2026 21:19:13:016,134401,183105
43.46,09-21-2026 21:19:13:026,134383,183118
43.47,09-21-2026 21:19:13:036,134388,183096
43.48,09-21-2026 21:19:13:046,134384,183100
43.49,09-21-2026 21:19:13:056,134393,183101
43.5,09-21-2026 21:19:13:066,134378,183093
43.51,09-21-2026 21:19:13:076,134391,183117
43.52,09-21-2026 21:19:13:086,134380,183103
43.53,09-21-2026 21:19:13:096,134374,183089
43.54,09-21-2026 21:19:13:106,134385,183075
43.55,09-21-2026 21:19:13:116,134411,183082
43.56,09-21-2026 21:19:13:126,134364,183062
43.57,09-21-2026 21:19:13:136,134395,183079
43.58,09-21-2026 21:19:13:146,134364,183082
43.59,09-21-2026 21:19:13:156,134403,183074
43.6,09-21-2026 21:19:13:166,134366,183090
43.61,09-21-2026 21:19:13:176,134411,183075
43.62,09-21-2026 21:19:13:186,134387,183084
43.63,09-21-2026 21:19:13:196,134389,183076
43.64,09-21-2026 21:19:13:206,134371,183074
43.65,09-21-2026 21:19:13:216,134404,183071
43.66,09-21-2026 21:19:13:226,134370,183085
43.67,09-21-2026 21:19:13:236,134411,183089
43.68,09-21-2026 21:19:13:246,134374,183088
43.69,09-21-2026 21:19:13:256,134417,183100
43.7,09-21-2026 21:19:13:266,134377,183082
43.71,09-21-2026 21:19:13:276,134402,183093
43.72,09-21-2026 21:19:13:286,134381,183087
43.73,09-21-2026 21:19:13:296,134387,183106
43.74,09-21-2026 21:19:13:306,134392,183117
43.75,09-21-2026 21:19:13:316,134418,183113
43.76,09-21-2026 21:19:13:326,134389,183119
43.77,09-21-2026 21:19:13:336,134413,183135
43.78,09-21-2026 21:19:13:346,134387,183136
43.79,09-21-2026 21:19:13:356,134414,183153
43.8,09-21-2026 21:19:13:366,134391,183154
43.81,09-21-2026 21:19:13:376,134407,183160
43.82,09-21-2026 21:19:13:386,134387,183157
43.83,09-21-2026 21:19:13:396,134411,183175
43.84,09-21-2026 21:19:13:406,134407,183169
43.85,09-21-2026 21:19:13:416,134403,183186
43.86,09-21-2026 21:19:13:426,134410,183195
43.87,09-21-2026 21:19:13:436,134397,183208
43.88,09-21-2026 21:19:13:446,134414,183206
43.89,09-21-2026 21:19:13:456,134409,183219
43.9,09-21-2026 21:19:13:466,134398,183230
43.91,09-21-2026 21:19:13:476,134420,183241
43.92,09-21-2026 21:19:13:486,134427,183237
43.93,09-21-2026 21:19:13:496,134421,183262
43.94,09-21-2026 21:19:13:506,134427,183254
43.95,09-21-2026 21:19:13:516,134413,183264
43.96,09-21-2026 21:19:13:526,134414,183255
43.97,09-21-2026 21:19:13:536,134421,183280
43.98,09-21-2026 21:19:13:546,134443,183256
43.99,09-21-2026 21:19:13:556,134408,183277
44,09-21-2026 21:19:13:566,134437,183226
44.01,09-21-2026 21:19:13:576,134436,183255
44.02,09-21-2026 21:19:13:586,134414,183193
44.03,09-21-2026 21:19:13:596,134418,183201
44.04,09-21-2026 21:19:13:606,134419,183151
44.05,09-21-2026 21:19:13:616,134414,183169
44.06,09-21-2026 21:19:13:626,134401,183105
44.07,09-21-2026 21:19:13:636,134411,183129
44.08,09-21-2026 21:19:13:646,134399,183073
44.09,09-21-2026 21:19:13:656,134395,183099
44.1,09-21-2026 21:19:13:666,134401,183053
44.11,09-21-2026 21:19:13:676,134386,183098
44.12,09-21-2026 21:19:13:686,134407,183020
44.13,09-21-2026 21:19:13:696,134396,183070
44.14,09-21-2026 21:19:13:706,134387,183012
44.15,09-21-2026 21:19:13:716,134388,183050
44.16,09-21-2026 21:19:13:726,134385,182988
44.17,09-21-2026 21:19:13:736,134395,183050
44.18,09-21-2026 21:19:13:746,134377,182972
44.19,09-21-2026 21:19:13:756,134369,183042
44.2,09-21-2026 21:19:13:766,134379,182968
44.21,09-21-2026 21:19:13:776,134385,183033
44.22,09-21-2026 21:19:13:786,134369,182969
44.23,09-21-2026 21:19:13:796,134391,183034
44.24,09-21-2026 21:19:13:806,134397,183000
44.25,09-21-2026 21:19:13:816,134400,183021
44.26,09-21-2026 21:19:13:826,134379,183000
44.27,09-21-2026 21:19:13:836,134380,183034
44.28,09-21-2026 21:19:13:846,134412,183006
44.29,09-21-2026 21:19:13:856,134399,183038
44.3,09-21-2026 21:19:13:866,134396,183011
44.31,09-21-2026 21:19:13:876,134383,183025
44.32,09-21-2026 21:19:13:886,134387,182999
44.33,09-21-2026 21:19:13:896,134378,183027
44.34,09-21-2026 21:19:13:906,134387,183008
44.35,09-21-2026 21:19:13:916,134391,183032
44.36,09-21-2026 21:19:13:926,134395,183043
44.37,09-21-2026 21:19:13:936,134400,183038
44.38,09-21-2026 21:19:13:946,134384,183064
44.39,09-21-2026 21:19:13:956,134392,183041
44.4,09-21-2026 21:19:13:966,134390,183068
44.41,09-21-2026 21:19:13:976,134403,183068
44.42,09-21-2026 21:19:13:986,134396,183082
44.43,09-21-2026 21:19:13:996,134382,183082
44.44,09-21-2026 21:19:14:006,134413,183091
44.45,09-21-2026 21:19:14:016,134400,183092
44.46,09-21-2026 21:19:14:026,134412,183116
44.47,09-21-2026 21:19:14:036,134402,183104
44.48,09-21-2026 21:19:14:046,134399,183130
44.49,09-21-2026 21:19:14:056,134411,183125
44.5,09-21-2026 21:19:14:066,134423,183149
44.51,09-21-2026 21:19:14:076,134403,183130
44.52,09-21-2026 21:19:14:086,134425,183166
44.53,09-21-2026 21:19:14:096,134414,183158
44.54,09-21-2026 21:19:14:106,134430,183176
44.55,09-21-2026 21:19:14:116,134421,183176
44.56,09-21-2026 21:19:14:126,134423,183212
44.57,09-21-2026 21:19:14:136,134423,183194
44.58,09-21-2026 21:19:14:146,134434,183244
44.59,09-21-2026 21:19:14:156,134434,183218
44.6,09-21-2026 21:19:14:166,134442,183262
44.61,09-21-2026 21:19:14:176,134426,183228
44.62,09-21-2026 21:19:14:186,134435,183290
44.63,09-21-2026 21:19:14:196,134442,183261
44.64,09-21-2026 21:19:14:206,134451,183294
44.65,09-21-2026 21:19:14:216,134443,183275
44.66,09-21-2026 21:19:14:226,134469,183328
44.67,09-21-2026 21:19:14:236,134455,183289
44.68,09-21-2026 21:19:14:246,134447,183314
44.69,09-21-2026 21:19:14:256,134446,183322
44.7,09-21-2026 21:19:14:266,134450,183353
44.71,09-21-2026 21:19:14:276,134458,183347
44.72,09-21-2026 21:19:14:286,134470,183372
44.73,09-21-2026 21:19:14:296,134470,183318
44.74,09-21-2026 21:19:14:306,134454,183390
44.75,09-21-2026 21:19:14:316,134464,183376
44.76,09-21-2026 21:19:14:326,134454,183394
44.77,09-21-2026 21:19:14:336,134468,183405
44.78,09-21-2026 21:19:14:346,134488,183442
44.79,09-21-2026 21:19:14:356,134475,183408
44.8,09-21-2026 21:19:14:366,134469,183445
44.81,09-21-2026 21:19:14:376,134480,183444
44.82,09-21-2026 21:19:14:386,134465,183445
44.83,09-21-2026 21:19:14:396,134485,183453
44.84,09-21-2026 21:19:14:406,134486,183458
44.85,09-21-2026 21:19:14:416,134481,183449
44.86,09-21-2026 21:19:14:426,134483,183432
44.87,09-21-2026 21:19:14:436,134488,183417
44.88,09-21-2026 21:19:14:446,134468,183394
44.89,09-21-2026 21:19:14:456,134478,183377
44.9,09-21-2026 21:19:14:466,134476,183363
44.91,09-21-2026 21:19:14:476,134473,183340
44.92,09-21-2026 21:19:14:486,134462,183333
44.93,09-21-2026 21:19:14:496,134461,183305
44.94,09-21-2026 21:19:14:506,134465,183308
44.95,09-21-2026 21:19:14:516,134442,183301
44.96,09-21-2026 21:19:14:526,134444,183285
44.97,09-21-2026 21:19:14:536,134448,183286
44.98,09-21-2026 21:19:14:546,134454,183289
44.99,09-21-2026 21:19:14:556,134438,183268
45,09-21-2026 21:19:14:566,134438,183266
45.01,09-21-2026 21:19:14:576,134433,183244
45.02,09-21-2026 21:19:14:586,134430,183239
45.03,09-21-2026 21:19:14:596,134429,183221
45.04,09-21-2026 21:19:14:606,134424,183249
45.05,09-21-2026 21:19:14:616,134431,183224
45.06,09-21-2026 21:19:14:626,134431,183241
45.07,09-21-2026 21:19:14:636,134435,183227
45.08,09-21-2026 21:19:14:646,134432,183228
45.09,09-21-2026 21:19:14:656,134446,183211
45.1,09-21-2026 21:19:14:666,134424,183245
45.11,09-21-2026 21:19:14:676,134432,183238
45.12,09-21-2026 21:19:14:686,134426,183234
45.13,09-21-2026 21:19:14:696,134430,183241
45.14,09-21-2026 21:19:14:706,134431,183243
45.15,09-21-2026 21:19:14:716,134434,183254
45.16,09-21-2026 21:19:14:726,134414,183227
45.17,09-21-2026 21:19:14:736,134449,183228
45.18,09-21-2026 21:19:14:746,134423,183236
45.19,09-21-2026 21:19:14:756,134453,183235
45.2,09-21-2026 21:19:14:766,134422,183228
45.21,09-21-2026 21:19:14:776,134442,183238
45.22,09-21-2026 21:19:14:786,134413,183257
45.23,09-21-2026 21:19:14:796,134445,183251
45.24,09-21-2026 21:19:14:806,134422,183269
45.25,09-21-2026 21:19:14:816,134447,183285
45.26,09-21-2026 21:19:14:826,134420,183257
45.27,09-21-2026 21:19:14:836,134443,183278
45.28,09-21-2026 21:19:14:846,134401,183292
45.29,09-21-2026 21:19:14:856,134454,183295
45.3,09-21-2026 21:19:14:866,134411,183273
45.31,09-21-2026 21:19:14:876,134453,183304
45.32,09-21-2026 21:19:14:886,134424,183304
45.33,09-21-2026 21:19:14:896,134455,183328
45.34,09-21-2026 21:19:14:906,134412,183338
45.35,09-21-2026 21:19:14:916,134452,183336
45.36,09-21-2026 21:19:14:926,134411,183344
45.37,09-21-2026 21:19:14:936,134456,183340
45.38,09-21-2026 21:19:14:946,134408,183346
45.39,09-21-2026 21:19:14:956,134459,183357
45.4,09-21-2026 21:19:14:966,134431,183383
45.41,09-21-2026 21:19:14:976,134456,183387
45.42,09-21-2026 21:19:14:986,134416,183398
45.43,09-21-2026 21:19:14:996,134470,183401
45.44,09-21-2026 21:19:15:006,134438,183397
45.45,09-21-2026 21:19:15:016,134465,183402
45.46,09-21-2026 21:19:15:026,134433,183422
45.47,09-21-2026 21:19:15:036,134462,183444
45.48,09-21-2026 21:19:15:046,134439,183451
45.49,09-21-2026 21:19:15:056,134479,183452
45.5,09-21-2026 21:19:15:066,134471,183458
45.51,09-21-2026 21:19:15:076,134482,183500
45.52,09-21-2026 21:19:15:086,134476,183486
45.53,09-21-2026 21:19:15:096,134478,183506
45.54,09-21-2026 21:19:15:106,134488,183478
45.55,09-21-2026 21:19:15:116,134495,183518
45.56,09-21-2026 21:19:15:126,134514,183529
45.57,09-21-2026 21:19:15:136,134498,183533
45.58,09-21-2026 21:19:15:146,134503,183540
45.59,09-21-2026 21:19:15:156,134496,183558
45.6,09-21-2026 21:19:15:166,134512,183587
45.61,09-21-2026 21:19:15:176,134496,183583
45.62,09-21-2026 21:19:15:186,134505,183600
45.63,09-21-2026 21:19:15:196,134506,183604
45.64,09-21-2026 21:19:15:206,134520,183621
45.65,09-21-2026 21:19:15:216,134516,183620
45.66,09-21-2026 21:19:15:226,134543,183641
45.67,09-21-2026 21:19:15:236,134527,183629
45.68,09-21-2026 21:19:15:246,134560,183668
45.69,09-21-2026 21:19:15:256,134510,183666
45.7,09-21-2026 21:19:15:266,134562,183684
45.71,09-21-2026 21:19:15:276,134524,183709
45.72,09-21-2026 21:19:15:286,134564,183697
45.73,09-21-2026 21:19:15:296,134525,183723
45.74,09-21-2026 21:19:15:306,134557,183742
45.75,09-21-2026 21:19:15:316,134514,183739
45.76,09-21-2026 21:19:15:326,134562,183752
45.77,09-21-2026 21:19:15:336,134535,183761
45.78,09-21-2026 21:19:15:346,134564,183756
45.79,09-21-2026 21:19:15:356,134523,183757
45.8,09-21-2026 21:19:15:366,134570,183736
45.81,09-21-2026 21:19:15:376,134528,183727
45.82,09-21-2026 21:19:15:386,134570,183709
45.83,09-21-2026 21:19:15:396,134522,183705
45.84,09-21-2026 21:19:15:406,134561,183684
45.85,09-21-2026 21:19:15:416,134515,183670
45.86,09-21-2026 21:19:15:426,134542,183651
45.87,09-21-2026 21:19:15:436,134518,183659
45.88,09-21-2026 21:19:15:446,134531,183629
45.89,09-21-2026 21:19:15:456,134504,183653
45.9,09-21-2026 21:19:15:466,134531,183633
45.91,09-21-2026 21:19:15:476,134514,183618
45.92,09-21-2026 21:19:15:486,134527,183625
45.93,09-21-2026 21:19:15:496,134505,183629
45.94,09-21-2026 21:19:15:506,134535,183640
45.95,09-21-2026 21:19:15:516,134503,183628
45.96,09-21-2026 21:19:15:526,134510,183624
45.97,09-21-2026 21:19:15:536,134503,183610
45.98,09-21-2026 21:19:15:546,134479,183604
45.99,09-21-2026 21:19:15:556,134492,183612
46,09-21-2026 21:19:15:566,134511,183613
46.01,09-21-2026 21:19:15:576,134506,183621
46.02,09-21-2026 21:19:15:586,134497,183611
46.03,09-21-2026 21:19:15:596,134505,183608
46.04,09-21-2026 21:19:15:606,134494,183623
46.05,09-21-2026 21:19:15:616,134500,183592
46.06,09-21-2026 21:19:15:626,134508,183632
46.07,09-21-2026 21:19:15:636,134498,183614
46.08,09-21-2026 21:19:15:646,134508,183635
46.09,09-21-2026 21:19:15:656,134498,183597
46.1,09-21-2026 21:19:15:666,134509,183643
46.11,09-21-2026 21:19:15:676,134498,183593
46.12,09-21-2026 21:19:15:686,134498,183634
46.13,09-21-2026 21:19:15:696,134482,183603
46.14,09-21-2026 21:19:15:706,134508,183629
46.15,09-21-2026 21:19:15:716,134489,183601
46.16,09-21-2026 21:19:15:726,134511,183637
46.17,09-21-2026 21:19:15:736,134503,183614
46.18,09-21-2026 21:19:15:746,134511,183661
46.19,09-21-2026 21:19:15:756,134507,183634
46.2,09-21-2026 21:19:15:766,134494,183648
46.21,09-21-2026 21:19:15:776,134509,183638
46.22,09-21-2026 21:19:15:786,134507,183675
46.23,09-21-2026 21:19:15:796,134503,183635
46.24,09-21-2026 21:19:15:806,134517,183673
46.25,09-21-2026 21:19:15:816,134507,183646
46.26,09-21-2026 21:19:15:826,134514,183709
46.27,09-21-2026 21:19:15:836,134499,183663
46.28,09-21-2026 21:19:15:846,134513,183730
46.29,09-21-2026 21:19:15:856,134526,183696
46.3,09-21-2026 21:19:15:866,134526,183730
46.31,09-21-2026 21:19:15:876,134525,183672
46.32,09-21-2026 21:19:15:886,134523,183752
46.33,09-21-2026 21:19:15:896,134538,183704
46.34,09-21-2026 21:19:15:906,134535,183778
46.35,09-21-2026 21:19:15:916,134533,183696
46.36,09-21-2026 21:19:15:926,134537,183788
46.37,09-21-2026 21:19:15:936,134536,183760
46.38,09-21-2026 21:19:15:946,134542,183798
46.39,09-21-2026 21:19:15:956,134549,183784
46.4,09-21-2026 21:19:15:966,134546,183824
46.41,09-21-2026 21:19:15:976,134539,183802
46.42,09-21-2026 21:19:15:986,134540,183832
46.43,09-21-2026 21:19:15:996,134536,183823
46.44,09-21-2026 21:19:16:006,134540,183837
46.45,09-21-2026 21:19:16:016,134541,183857
46.46,09-21-2026 21:19:16:026,134552,183871
46.47,09-21-2026 21:19:16:036,134547,183880
46.48,09-21-2026 21:19:16:046,134565,183897
46.49,09-21-2026 21:19:16:056,134552,183913
46.5,09-21-2026 21:19:16:066,134559,183896
46.51,09-21-2026 21:19:16:076,134545,183956
46.52,09-21-2026 21:19:16:086,134557,183943
46.53,09-21-2026 21:19:16:096,134553,183950
46.54,09-21-2026 21:19:16:106,134563,183940
46.55,09-21-2026 21:19:16:116,134571,183964
46.56,09-21-2026 21:19:16:126,134566,183970
46.57,09-21-2026 21:19:16:136,134573,183997
46.58,09-21-2026 21:19:16:146,134568,184008
46.59,09-21-2026 21:19:16:156,134559,184020
46.6,09-21-2026 21:19:16:166,134574,184018
46.61,09-21-2026 21:19:16:176,134581,184037
46.62,09-21-2026 21:19:16:186,134579,184035
46.63,09-21-2026 21:19:16:196,134582,184041
46.64,09-21-2026 21:19:16:206,134587,184034
46.65,09-21-2026 21:19:16:216,134569,184022
46.66,09-21-2026 21:19:16:226,134570,183975
46.67,09-21-2026 21:19:16:236,134575,184011
46.68,09-21-2026 21:19:16:246,134574,183954
46.69,09-21-2026 21:19:16:256,134552,183985
46.7,09-21-2026 21:19:16:266,134555,183931
46.71,09-21-2026 21:19:16:276,134557,183959
46.72,09-21-2026 21:19:16:286,134550,183914
46.73,09-21-2026 21:19:16:296,134525,183956
46.74,09-21-2026 21:19:16:306,134560,183906
46.75,09-21-2026 21:19:16:316,134545,183946
46.76,09-21-2026 21:19:16:326,134526,183902
46.77,09-21-2026 21:19:16:336,134547,183922
46.78,09-21-2026 21:19:16:346,134562,183907
46.79,09-21-2026 21:19:16:356,134543,183907
46.8,09-21-2026 21:19:16:366,134544,183890
46.81,09-21-2026 21:19:16:376,134534,183906
46.82,09-21-2026 21:19:16:386,134539,183890
46.83,09-21-2026 21:19:16:396,134531,183893
46.84,09-21-2026 21:19:16:406,134544,183904
46.85,09-21-2026 21:19:16:416,134532,183912
46.86,09-21-2026 21:19:16:426,134536,183908
46.87,09-21-2026 21:19:16:436,134551,183916
46.88,09-21-2026 21:19:16:446,134539,183912
46.89,09-21-2026 21:19:16:456,134550,183932
46.9,09-21-2026 21:19:16:466,134543,183909
46.91,09-21-2026 21:19:16:476,134550,183910
46.92,09-21-2026 21:19:16:486,134548,183911
46.93,09-21-2026 21:19:16:496,134545,183921
46.94,09-21-2026 21:19:16:506,134547,183913
46.95,09-21-2026 21:19:16:516,134538,183920
46.96,09-21-2026 21:19:16:526,134552,183932
46.97,09-21-2026 21:19:16:536,134538,183938
46.98,09-21-2026 21:19:16:546,134565,183945
46.99,09-21-2026 21:19:16:556,134567,183922
47,09-21-2026 21:19:16:566,134548,183940
47.01,09-21-2026 21:19:16:576,134543,183946
47.02,09-21-2026 21:19:16:586,134561,183953
47.03,09-21-2026 21:19:16:596,134556,183957
47.04,09-21-2026 21:19:16:606,134570,183982
47.05,09-21-2026 21:19:16:616,134545,183975
47.06,09-21-2026 21:19:16:626,134559,183957
47.07,09-21-2026 21:19:16:636,134566,183976
47.08,09-21-2026 21:19:16:646,134573,183984
47.09,09-21-2026 21:19:16:656,134566,184005
47.1,09-21-2026 21:19:16:666,134565,184001
47.11,09-21-2026 21:19:16:676,134564,184026
47.12,09-21-2026 21:19:16:686,134574,184003
47.13,09-21-2026 21:19:16:696,134553,184018
47.14,09-21-2026 21:19:16:706,134575,184003
47.15,09-21-2026 21:19:16:716,134569,184046
47.16,09-21-2026 21:19:16:726,134571,184038
47.17,09-21-2026 21:19:16:736,134561,184057
47.18,09-21-2026 21:19:16:746,134576,184053
47.19,09-21-2026 21:19:16:756,134553,184075
47.2,09-21-2026 21:19:16:766,134583,184077
47.21,09-21-2026 21:19:16:776,134564,184081
47.22,09-21-2026 21:19:16:786,134581,184092
47.23,09-21-2026 21:19:16:796,134576,184120
47.24,09-21-2026 21:19:16:806,134587,184114
47.25,09-21-2026 21:19:16:816,134574,184111
47.26,09-21-2026 21:19:16:826,134585,184133
47.27,09-21-2026 21:19:16:836,134569,184139
47.28,09-21-2026 21:19:16:846,134584,184152
47.29,09-21-2026 21:19:16:856,134547,184152
47.3,09-21-2026 21:19:16:866,134590,184161
47.31,09-21-2026 21:19:16:876,134565,184157
47.32,09-21-2026 21:19:16:886,134602,184188
47.33,09-21-2026 21:19:16:896,134567,184198
47.34,09-21-2026 21:19:16:906,134595,184204
47.35,09-21-2026 21:19:16:916,134575,184232
47.36,09-21-2026 21:19:16:926,134601,184229
47.37,09-21-2026 21:19:16:936,134573,184247
47.38,09-21-2026 21:19:16:946,134620,184245
47.39,09-21-2026 21:19:16:956,134563,184250
47.4,09-21-2026 21:19:16:966,134608,184274
47.41,09-21-2026 21:19:16:976,134598,184276
47.42,09-21-2026 21:19:16:986,134612,184298
47.43,09-21-2026 21:19:16:996,134578,184292
47.44,09-21-2026 21:19:17:006,134601,184289
47.45,09-21-2026 21:19:17:016,134585,184287
47.46,09-21-2026 21:19:17:026,134621,184263
47.47,09-21-2026 21:19:17:036,134561,184263
47.48,09-21-2026 21:19:17:046,134617,184252
47.49,09-21-2026 21:19:17:056,134559,184227
47.5,09-21-2026 21:19:17:066,134601,184223
47.51,09-21-2026 21:19:17:076,134548,184192
47.52,09-21-2026 21:19:17:086,134612,184183
47.53,09-21-2026 21:19:17:096,134559,184185
47.54,09-21-2026 21:19:17:106,134587,184180
47.55,09-21-2026 21:19:17:116,134575,184167
47.56,09-21-2026 21:19:17:126,134600,184156
47.57,09-21-2026 21:19:17:136,134570,184155
47.58,09-21-2026 21:19:17:146,134594,184162
47.59,09-21-2026 21:19:17:156,134547,184159
47.6,09-21-2026 21:19:17:166,134586,184160
47.61,09-21-2026 21:19:17:176,134578,184149
47.62,09-21-2026 21:19:17:186,134570,184141
47.63,09-21-2026 21:19:17:196,134566,184132
47.64,09-21-2026 21:19:17:206,134591,184146
47.65,09-21-2026 21:19:17:216,134583,184137
47.66,09-21-2026 21:19:17:226,134571,184148
47.67,09-21-2026 21:19:17:236,134578,184154
47.68,09-21-2026 21:19:17:246,134582,184161
47.69,09-21-2026 21:19:17:256,134592,184155
47.7,09-21-2026 21:19:17:266,134582,184157
47.71,09-21-2026 21:19:17:276,134589,184149
47.72,09-21-2026 21:19:17:286,134594,184173
47.73,09-21-2026 21:19:17:296,134591,184184
47.74,09-21-2026 21:19:17:306,134582,184170
47.75,09-21-2026 21:19:17:316,134600,184175
47.76,09-21-2026 21:19:17:326,134593,184177
47.77,09-21-2026 21:19:17:336,134592,184175
47.78,09-21-2026 21:19:17:346,134571,184161
47.79,09-21-2026 21:19:17:356,134590,184169
47.8,09-21-2026 21:19:17:366,134574,184188
47.81,09-21-2026 21:19:17:376,134596,184182
47.82,09-21-2026 21:19:17:386,134585,184174
47.83,09-21-2026 21:19:17:396,134606,184166
47.84,09-21-2026 21:19:17:406,134590,184183
47.85,09-21-2026 21:19:17:416,134616,184186
47.86,09-21-2026 21:19:17:426,134583,184215
47.87,09-21-2026 21:19:17:436,134606,184197
47.88,09-21-2026 21:19:17:446,134575,184193
47.89,09-21-2026 21:19:17:456,134610,184214
47.9,09-21-2026 21:19:17:466,134584,184213
47.91,09-21-2026 21:19:17:476,134640,184229
47.92,09-21-2026 21:19:17:486,134590,184251
47.93,09-21-2026 21:19:17:496,134630,184261
47.94,09-21-2026 21:19:17:506,134589,184252
47.95,09-21-2026 21:19:17:516,134635,184249
47.96,09-21-2026 21:19:17:526,134600,184276
47.97,09-21-2026 21:19:17:536,134632,184265
47.98,09-21-2026 21:19:17:546,134594,184277
47.99,09-21-2026 21:19:17:556,134623,184286
48,09-21-2026 21:19:17:566,134604,184304
48.01,09-21-2026 21:19:17:576,134637,184317
48.02,09-21-2026 21:19:17:586,134601,184318
48.03,09-21-2026 21:19:17:596,134618,184319
48.04,09-21-2026 21:19:17:606,134600,184343
48.05,09-21-2026 21:19:17:616,134617,184339
48.06,09-21-2026 21:19:17:626,134602,184333
48.07,09-21-2026 21:19:17:636,134634,184350
48.08,09-21-2026 21:19:17:646,134624,184366
48.09,09-21-2026 21:19:17:656,134625,184370
48.1,09-21-2026 21:19:17:666,134623,184364
48.11,09-21-2026 21:19:17:676,134608,184379
48.12,09-21-2026 21:19:17:686,134616,184405
48.13,09-21-2026 21:19:17:696,134634,184405
48.14,09-21-2026 21:19:17:706,134646,184404
48.15,09-21-2026 21:19:17:716,134637,184394
48.16,09-21-2026 21:19:17:726,134632,184421
48.17,09-21-2026 21:19:17:736,134633,184437
48.18,09-21-2026 21:19:17:746,134622,184454
48.19,09-21-2026 21:19:17:756,134628,184460
48.2,09-21-2026 21:19:17:766,134619,184470
48.21,09-21-2026 21:19:17:776,134625,184477
48.22,09-21-2026 21:19:17:786,134630,184482
48.23,09-21-2026 21:19:17:796,134650,184503
48.24,09-21-2026 21:19:17:806,134632,184491
48.25,09-21-2026 21:19:17:816,134629,184534
48.26,09-21-2026 21:19:17:826,134645,184505
48.27,09-21-2026 21:19:17:836,134657,184531
48.28,09-21-2026 21:19:17:846,134653,184496
48.29,09-21-2026 21:19:17:856,134643,184528
48.3,09-21-2026 21:19:17:866,134635,184475
48.31,09-21-2026 21:19:17:876,134629,184483
48.32,09-21-2026 21:19:17:886,134629,184417
48.33,09-21-2026 21:19:17:896,134621,184435
48.34,09-21-2026 21:19:17:906,134629,184387
48.35,09-21-2026 21:19:17:916,134618,184401
48.36,09-21-2026 21:19:17:926,134640,184371
48.37,09-21-2026 21:19:17:936,134613,184399
48.38,09-21-2026 21:19:17:946,134613,184343
48.39,09-21-2026 21:19:17:956,134609,184393
48.4,09-21-2026 21:19:17:966,134614,184345
48.41,09-21-2026 21:19:17:976,134619,184387
48.42,09-21-2026 21:19:17:986,134593,184336
48.43,09-21-2026 21:19:17:996,134618,184394
48.44,09-21-2026 21:19:18:006,134617,184321
48.45,09-21-2026 21:19:18:016,134607,184371
48.46,09-21-2026 21:19:18:026,134621,184325
48.47,09-21-2026 21:19:18:036,134609,184386
48.48,09-21-2026 21:19:18:046,134611,184336
48.49,09-21-2026 21:19:18:056,134599,184386
48.5,09-21-2026 21:19:18:066,134604,184331
48.51,09-21-2026 21:19:18:076,134609,184392
48.52,09-21-2026 21:19:18:086,134600,184364
48.53,09-21-2026 21:19:18:096,134599,184404
48.54,09-21-2026 21:19:18:106,134598,184350
48.55,09-21-2026 21:19:18:116,134630,184412
48.56,09-21-2026 21:19:18:126,134612,184375
48.57,09-21-2026 21:19:18:136,134608,184407
48.58,09-21-2026 21:19:18:146,134605,184347
48.59,09-21-2026 21:19:18:156,134605,184379
48.6,09-21-2026 21:19:18:166,134616,184356
48.61,09-21-2026 21:19:18:176,134599,184388
48.62,09-21-2026 21:19:18:186,134606,184360
48.63,09-21-2026 21:19:18:196,134616,184393
48.64,09-21-2026 21:19:18:206,134613,184408
48.65,09-21-2026 21:19:18:216,134601,184415
48.66,09-21-2026 21:19:18:226,134611,184402
48.67,09-21-2026 21:19:18:236,134602,184407
48.68,09-21-2026 21:19:18:246,134599,184410
48.69,09-21-2026 21:19:18:256,134592,184412
48.7,09-21-2026 21:19:18:266,134612,184424
48.71,09-21-2026 21:19:18:276,134604,184417
48.72,09-21-2026 21:19:18:286,134613,184428
48.73,09-21-2026 21:19:18:296,134597,184427
48.74,09-21-2026 21:19:18:306,134604,184443
48.75,09-21-2026 21:19:18:316,134590,184441
48.76,09-21-2026 21:19:18:326,134604,184468
48.77,09-21-2026 21:19:18:336,134607,184455
48.78,09-21-2026 21:19:18:346,134598,184482
48.79,09-21-2026 21:19:18:356,134599,184466
48.8,09-21-2026 21:19:18:366,134629,184514
48.81,09-21-2026 21:19:18:376,134611,184463
48.82,09-21-2026 21:19:18:386,134611,184505
48.83,09-21-2026 21:19:18:396,134603,184485
48.84,09-21-2026 21:19:18:406,134610,184517
48.85,09-21-2026 21:19:18:416,134615,184513
48.86,09-21-2026 21:19:18:426,134619,184541
48.87,09-21-2026 21:19:18:436,134618,184516
48.88,09-21-2026 21:19:18:446,134631,184578
48.89,09-21-2026 21:19:18:456,134621,184532
48.9,09-21-2026 21:19:18:466,134630,184576
48.91,09-21-2026 21:19:18:476,134611,184530
48.92,09-21-2026 21:19:18:486,134606,184595
48.93,09-21-2026 21:19:18:496,134609,184555
48.94,09-21-2026 21:19:18:506,134619,184632
48.95,09-21-2026 21:19:18:516,134625,184548
48.96,09-21-2026 21:19:18:526,134613,184602
48.97,09-21-2026 21:19:18:536,134617,184575
48.98,09-21-2026 21:19:18:546,134628,184608
48.99,09-21-2026 21:19:18:556,134616,184594
49,09-21-2026 21:19:18:566,134640,184625
49.01,09-21-2026 21:19:18:576,134638,184592
49.02,09-21-2026 21:19:18:586,134632,184652
49.03,09-21-2026 21:19:18:596,134641,184630
49.04,09-21-2026 21:19:18:606,134635,184665
49.05,09-21-2026 21:19:18:616,134631,184635
49.06,09-21-2026 21:19:18:626,134633,184672
49.07,09-21-2026 21:19:18:636,134624,184662
49.08,09-21-2026 21:19:18:646,134633,184647
49.09,09-21-2026 21:19:18:656,134632,184643
49.1,09-21-2026 21:19:18:666,134629,184634
49.11,09-21-2026 21:19:18:676,134627,184615
49.12,09-21-2026 21:19:18:686,134635,184595
49.13,09-21-2026 21:19:18:696,134624,184567
49.14,09-21-2026 21:19:18:706,134625,184552
49.15,09-21-2026 21:19:18:716,134624,184548
49.16,09-21-2026 21:19:18:726,134630,184536
49.17,09-21-2026 21:19:18:736,134629,184529
49.18,09-21-2026 21:19:18:746,134617,184518
49.19,09-21-2026 21:19:18:756,134621,184518
49.2,09-21-2026 21:19:18:766,134608,184507
49.21,09-21-2026 21:19:18:776,134605,184493
49.22,09-21-2026 21:19:18:786,134608,184492
49.23,09-21-2026 21:19:18:796,134600,184487
49.24,09-21-2026 21:19:18:806,134612,184495
49.25,09-21-2026 21:19:18:816,134611,184489
49.26,09-21-2026 21:19:18:826,134610,184496
49.27,09-21-2026 21:19:18:836,134598,184465
49.28,09-21-2026 21:19:18:846,134605,184477
49.29,09-21-2026 21:19:18:856,134595,184479
49.3,09-21-2026 21:19:18:866,134596,184490
49.31,09-21-2026 21:19:18:876,134607,184475
49.32,09-21-2026 21:19:18:886,134613,184488
49.33,09-21-2026 21:19:18:896,134613,184499
49.34,09-21-2026 21:19:18:906,134583,184479
49.35,09-21-2026 21:19:18:916,134600,184490
49.36,09-21-2026 21:19:18:926,134597,184489
49.37,09-21-2026 21:19:18:936,134596,184479
49.38,09-21-2026 21:19:18:946,134589,184466
49.39,09-21-2026 21:19:18:956,134575,184467
49.4,09-21-2026 21:19:18:966,134583,184478
49.41,09-21-2026 21:19:18:976,134603,184463
49.42,09-21-2026 21:19:18:986,134592,184461
49.43,09-21-2026 21:19:18:996,134594,184469
49.44,09-21-2026 21:19:19:006,134582,184470
49.45,09-21-2026 21:19:19:016,134588,184458
49.46,09-21-2026 21:19:19:026,134580,184488
49.47,09-21-2026 21:19:19:036,134594,184473
49.48,09-21-2026 21:19:19:046,134584,184464
49.49,09-21-2026 21:19:19:056,134589,184459
49.5,09-21-2026 21:19:19:066,134547,184492
49.51,09-21-2026 21:19:19:076,134579,184472
49.52,09-21-2026 21:19:19:086,134581,184490
49.53,09-21-2026 21:19:19:096,134587,184485
49.54,09-21-2026 21:19:19:106,134571,184488
49.55,09-21-2026 21:19:19:116,134603,184492
49.56,09-21-2026 21:19:19:126,134551,184490
49.57,09-21-2026 21:19:19:136,134585,184510
49.58,09-21-2026 21:19:19:146,134549,184498
49.59,09-21-2026 21:19:19:156,134598,184500
49.6,09-21-2026 21:19:19:166,134556,184509
49.61,09-21-2026 21:19:19:176,134592,184510
49.62,09-21-2026 21:19:19:186,134558,184533
49.63,09-21-2026 21:19:19:196,134586,184539
49.64,09-21-2026 21:19:19:206,134569,184527
49.65,09-21-2026 21:19:19:216,134587,184533
49.66,09-21-2026 21:19:19:226,134557,184547
49.67,09-21-2026 21:19:19:236,134586,184554
49.68,09-21-2026 21:19:19:246,134550,184553
49.69,09-21-2026 21:19:19:256,134593,184550
49.7,09-21-2026 21:19:19:266,134550,184560
49.71,09-21-2026 21:19:19:276,134601,184569
49.72,09-21-2026 21:19:19:286,134552,184578
49.73,09-21-2026 21:19:19:296,134594,184587
49.74,09-21-2026 21:19:19:306,134538,184587
49.75,09-21-2026 21:19:19:316,134610,184619
49.76,09-21-2026 21:19:19:326,134586,184614
49.77,09-21-2026 21:19:19:336,134597,184616
49.78,09-21-2026 21:19:19:346,134598,184614
49.79,09-21-2026 21:19:19:356,134608,184647
49.8,09-21-2026 21:19:19:366,134581,184645
49.81,09-21-2026 21:19:19:376,134613,184625
49.82,09-21-2026 21:19:19:386,134580,184643
49.83,09-21-2026 21:19:19:396,134602,184611
49.84,09-21-2026 21:19:19:406,134581,184601
49.85,09-21-2026 21:19:19:416,134593,184563
49.86,09-21-2026 21:19:19:426,134575,184555
49.87,09-21-2026 21:19:19:436,134588,184519
49.88,09-21-2026 21:19:19:446,134579,184505
49.89,09-21-2026 21:19:19:456,134575,184487
49.9,09-21-2026 21:19:19:466,134595,184477
49.91,09-21-2026 21:19:19:476,134574,184459
49.92,09-21-2026 21:19:19:486,134581,184483
49.93,09-21-2026 21:19:19:496,134577,184463
49.94,09-21-2026 21:19:19:506,134577,184443
49.95,09-21-2026 21:19:19:516,134570,184442
49.96,09-21-2026 21:19:19:526,134581,184430
49.97,09-21-2026 21:19:19:536,134578,184440
49.98,09-21-2026 21:19:19:546,134572,184419
49.99,09-21-2026 21:19:19:556,134573,184395
50,09-21-2026 21:19:19:566,134573,184396
50.01,09-21-2026 21:19:19:576,134559,184399
50.02,09-21-2026 21:19:19:586,134569,184400
50.03,09-21-2026 21:19:19:596,134537,184405
50.04,09-21-2026 21:19:19:606,134567,184368
50.05,09-21-2026 21:19:19:616,134538,184396
50.06,09-21-2026 21:19:19:626,134568,184376
50.07,09-21-2026 21:19:19:636,134543,184405
50.08,09-21-2026 21:19:19:646,134580,184396
50.09,09-21-2026 21:19:19:656,134550,184368
50.1,09-21-2026 21:19:19:666,134576,184386
50.11,09-21-2026 21:19:19:676,134560,184378
50.12,09-21-2026 21:19:19:686,134561,184365
50.13,09-21-2026 21:19:19:696,134543,184359
50.14,09-21-2026 21:19:19:706,134585,184341
50.15,09-21-2026 21:19:19:716,134540,184355
50.16,09-21-2026 21:19:19:726,134572,184371
50.17,09-21-2026 21:19:19:736,134535,184341
50.18,09-21-2026 21:19:19:746,134555,184347
50.19,09-21-2026 21:19:19:756,134539,184357
50.2,09-21-2026 21:19:19:766,134572,184366
50.21,09-21-2026 21:19:19:776,134539,184353
50.22,09-21-2026 21:19:19:786,134578,184331
50.23,09-21-2026 21:19:19:796,134531,184332
50.24,09-21-2026 21:19:19:806,134580,184351
50.25,09-21-2026 21:19:19:816,134533,184359
50.26,09-21-2026 21:19:19:826,134552,184355
50.27,09-21-2026 21:19:19:836,134519,184364
50.28,09-21-2026 21:19:19:846,134538,184362
50.29,09-21-2026 21:19:19:856,134546,184371
50.3,09-21-2026 21:19:19:866,134556,184385
50.31,09-21-2026 21:19:19:876,134529,184373
50.32,09-21-2026 21:19:19:886,134548,184365
50.33,09-21-2026 21:19:19:896,134523,184392
50.34,09-21-2026 21:19:19:906,134562,184368
50.35,09-21-2026 21:19:19:916,134527,184383
50.36,09-21-2026 21:19:19:926,134525,184395
50.37,09-21-2026 21:19:19:936,134531,184394
50.38,09-21-2026 21:19:19:946,134543,184399
50.39,09-21-2026 21:19:19:956,134541,184408
50.4,09-21-2026 21:19:19:966,134557,184412
50.41,09-21-2026 21:19:19:976,134552,184403
50.42,09-21-2026 21:19:19:986,134533,184431
50.43,09-21-2026 21:19:19:996,134541,184429
50.44,09-21-2026 21:19:20:006,134532,184442
50.45,09-21-2026 21:19:20:016,134531,184438
50.46,09-21-2026 21:19:20:026,134548,184470
50.47,09-21-2026 21:19:20:036,134545,184434
50.48,09-21-2026 21:19:20:046,134555,184461
50.49,09-21-2026 21:19:20:056,134554,184465
50.5,09-21-2026 21:19:20:066,134554,184465
50.51,09-21-2026 21:19:20:076,134555,184492
50.52,09-21-2026 21:19:20:086,134553,184471
50.53,09-21-2026 21:19:20:096,134545,184496
50.54,09-21-2026 21:19:20:106,134552,184482
50.55,09-21-2026 21:19:20:116,134561,184497
50.56,09-21-2026 21:19:20:126,134556,184481
50.57,09-21-2026 21:19:20:136,134568,184507
50.58,09-21-2026 21:19:20:146,134555,184490
50.59,09-21-2026 21:19:20:156,134558,184494
50.6,09-21-2026 21:19:20:166,134555,184448
50.61,09-21-2026 21:19:20:176,134564,184440
50.62,09-21-2026 21:19:20:186,134559,184388
50.63,09-21-2026 21:19:20:196,134560,184416
50.64,09-21-2026 21:19:20:206,134531,184346
50.65,09-21-2026 21:19:20:216,134537,184376
50.66,09-21-2026 21:19:20:226,134552,184314
50.67,09-21-2026 21:19:20:236,134521,184332
50.68,09-21-2026 21:19:20:246,134538,184284
50.69,09-21-2026 21:19:20:256,134550,184326
50.7,09-21-2026 21:19:20:266,134518,184266
50.71,09-21-2026 21:19:20:276,134502,184299
50.72,09-21-2026 21:19:20:286,134521,184242
50.73,09-21-2026 21:19:20:296,134515,184276
50.74,09-21-2026 21:19:20:306,134516,184235
50.75,09-21-2026 21:19:20:316,134512,184266
50.76,09-21-2026 21:19:20:326,134496,184232
50.77,09-21-2026 21:19:20:336,134509,184262
50.78,09-21-2026 21:19:20:346,134502,184198
50.79,09-21-2026 21:19:20:356,134505,184253
50.8,09-21-2026 21:19:20:366,134506,184188
50.81,09-21-2026 21:19:20:376,134499,184250
50.82,09-21-2026 21:19:20:386,134484,184207
50.83,09-21-2026 21:19:20:396,134496,184222
50.84,09-21-2026 21:19:20:406,134508,184184
50.85,09-21-2026 21:19:20:416,134488,184224
50.86,09-21-2026 21:19:20:426,134488,184189
50.87,09-21-2026 21:19:20:436,134497,184229
50.88,09-21-2026 21:19:20:446,134490,184194
50.89,09-21-2026 21:19:20:456,134489,184223
50.9,09-21-2026 21:19:20:466,134488,184191
50.91,09-21-2026 21:19:20:476,134490,184209
50.92,09-21-2026 21:19:20:486,134473,184187
50.93,09-21-2026 21:19:20:496,134468,184200
50.94,09-21-2026 21:19:20:506,134504,184190
50.95,09-21-2026 21:19:20:516,134496,184202
50.96,09-21-2026 21:19:20:526,134481,184197
50.97,09-21-2026 21:19:20:536,134481,184189
50.98,09-21-2026 21:19:20:546,134476,184201
50.99,09-21-2026 21:19:20:556,134478,184181
51,09-21-2026 21:19:20:566,134466,184215
51.01,09-21-2026 21:19:20:576,134469,184191
51.02,09-21-2026 21:19:20:586,134494,184199
51.03,09-21-2026 21:19:20:596,134480,184191
51.04,09-21-2026 21:19:20:606,134481,184233
51.05,09-21-2026 21:19:20:616,134495,184202
51.06,09-21-2026 21:19:20:626,134475,184237
51.07,09-21-2026 21:19:20:636,134472,184207
51.08,09-21-2026 21:19:20:646,134470,184231
51.09,09-21-2026 21:19:20:656,134466,184202
51.1,09-21-2026 21:19:20:666,134480,184232
51.11,09-21-2026 21:19:20:676,134486,184216
51.12,09-21-2026 21:19:20:686,134492,184260
51.13,09-21-2026 21:19:20:696,134482,184219
51.14,09-21-2026 21:19:20:706,134477,184260
51.15,09-21-2026 21:19:20:716,134486,184216
51.16,09-21-2026 21:19:20:726,134488,184269
51.17,09-21-2026 21:19:20:736,134497,184267
51.18,09-21-2026 21:19:20:746,134489,184306
51.19,09-21-2026 21:19:20:756,134498,184257
51.2,09-21-2026 21:19:20:766,134494,184320
51.21,09-21-2026 21:19:20:776,134497,184295
51.22,09-21-2026 21:19:20:786,134498,184322
51.23,09-21-2026 21:19:20:796,134502,184291
51.24,09-21-2026 21:19:20:806,134506,184348
51.25,09-21-2026 21:19:20:816,134498,184298
51.26,09-21-2026 21:19:20:826,134521,184337
51.27,09-21-2026 21:19:20:836,134518,184322
51.28,09-21-2026 21:19:20:846,134504,184352
51.29,09-21-2026 21:19:20:856,134512,184335
51.3,09-21-2026 21:19:20:866,134503,184327
51.31,09-21-2026 21:19:20:876,134513,184295
51.32,09-21-2026 21:19:20:886,134524,184293
51.33,09-21-2026 21:19:20:896,134492,184261
51.34,09-21-2026 21:19:20:906,134493,184269
51.35,09-21-2026 21:19:20:916,134488,184217
51.36,09-21-2026 21:19:20:926,134495,184225
51.37,09-21-2026 21:19:20:936,134485,184193
51.38,09-21-2026 21:19:20:946,134475,184169
51.39,09-21-2026 21:19:20:956,134490,184139
51.4,09-21-2026 21:19:20:966,134461,184129
51.41,09-21-2026 21:19:20:976,134465,184136
51.42,09-21-2026 21:19:20:986,134465,184115
51.43,09-21-2026 21:19:20:996,134453,184109
51.44,09-21-2026 21:19:21:006,134456,184119
51.45,09-21-2026 21:19:21:016,134446,184096
51.46,09-21-2026 21:19:21:026,134450,184084
51.47,09-21-2026 21:19:21:036,134454,184100
51.48,09-21-2026 21:19:21:046,134459,184061
51.49,09-21-2026 21:19:21:056,134461,184064
51.5,09-21-2026 21:19:21:066,134442,184060
51.51,09-21-2026 21:19:21:076,134468,184037
51.52,09-21-2026 21:19:21:086,134458,184048
51.53,09-21-2026 21:19:21:096,134451,184046
51.54,09-21-2026 21:19:21:106,134448,184044
51.55,09-21-2026 21:19:21:116,134454,184039
51.56,09-21-2026 21:19:21:126,134438,184042
51.57,09-21-2026 21:19:21:136,134431,184021
51.58,09-21-2026 21:19:21:146,134451,184025
51.59,09-21-2026 21:19:21:156,134441,184033
51.6,09-21-2026 21:19:21:166,134424,184021
51.61,09-21-2026 21:19:21:176,134430,184013
51.62,09-21-2026 21:19:21:186,134429,184010
51.63,09-21-2026 21:19:21:196,134437,184003
51.64,09-21-2026 21:19:21:206,134431,183999
51.65,09-21-2026 21:19:21:216,134436,183985
51.66,09-21-2026 21:19:21:226,134427,184013
51.67,09-21-2026 21:19:21:236,134447,184012
51.68,09-21-2026 21:19:21:246,134423,183995
51.69,09-21-2026 21:19:21:256,134437,184004
51.7,09-21-2026 21:19:21:266,134425,183987
51.71,09-21-2026 21:19:21:276,134437,184004
51.72,09-21-2026 21:19:21:286,134420,183996
51.73,09-21-2026 21:19:21:296,134433,184002
51.74,09-21-2026 21:19:21:306,134436,184005
51.75,09-21-2026 21:19:21:316,134447,184005
51.76,09-21-2026 21:19:21:326,134416,184009
51.77,09-21-2026 21:19:21:336,134436,184020
51.78,09-21-2026 21:19:21:346,134433,184024
51.79,09-21-2026 21:19:21:356,134438,184018
51.8,09-21-2026 21:19:21:366,134419,184026
51.81,09-21-2026 21:19:21:376,134431,184041
51.82,09-21-2026 21:19:21:386,134437,184022
51.83,09-21-2026 21:19:21:396,134456,184028
51.84,09-21-2026 21:19:21:406,134396,184022
51.85,09-21-2026 21:19:21:416,134432,184025
51.86,09-21-2026 21:19:21:426,134398,184046
51.87,09-21-2026 21:19:21:436,134441,184052
51.88,09-21-2026 21:19:21:446,134415,184057
51.89,09-21-2026 21:19:21:456,134437,184054
51.9,09-21-2026 21:19:21:466,134410,184054
51.91,09-21-2026 21:19:21:476,134438,184064
51.92,09-21-2026 21:19:21:486,134395,184076
51.93,09-21-2026 21:19:21:496,134455,184086
51.94,09-21-2026 21:19:21:506,134413,184102
51.95,09-21-2026 21:19:21:516,134446,184089
51.96,09-21-2026 21:19:21:526,134396,184095
51.97,09-21-2026 21:19:21:536,134459,184100
51.98,09-21-2026 21:19:21:546,134407,184083
51.99,09-21-2026 21:19:21:556,134460,184071
52,09-21-2026 21:19:21:566,134398,184049
52.01,09-21-2026 21:19:21:576,134458,184042
52.02,09-21-2026 21:19:21:586,134392,184002
52.03,09-21-2026 21:19:21:596,134428,183984
52.04,09-21-2026 21:19:21:606,134380,183960
52.05,09-21-2026 21:19:21:616,134425,183942
52.06,09-21-2026 21:19:21:626,134396,183918
52.07,09-21-2026 21:19:21:636,134411,183900
52.08,09-21-2026 21:19:21:646,134377,183892
52.09,09-21-2026 21:19:21:656,134383,183876
52.1,09-21-2026 21:19:21:666,134373,183864
52.11,09-21-2026 21:19:21:676,134422,183871
52.12,09-21-2026 21:19:21:686,134376,183832
52.13,09-21-2026 21:19:21:696,134410,183839
52.14,09-21-2026 21:19:21:706,134395,183832
52.15,09-21-2026 21:19:21:716,134386,183832
52.16,09-21-2026 21:19:21:726,134362,183806
52.17,09-21-2026 21:19:21:736,134382,183782
52.18,09-21-2026 21:19:21:746,134370,183784
52.19,09-21-2026 21:19:21:756,134391,183779
52.2,09-21-2026 21:19:21:766,134372,183768
52.21,09-21-2026 21:19:21:776,134388,183776
52.22,09-21-2026 21:19:21:786,134381,183765
52.23,09-21-2026 21:19:21:796,134369,183772
52.24,09-21-2026 21:19:21:806,134392,183782
52.25,09-21-2026 21:19:21:816,134370,183776
52.26,09-21-2026 21:19:21:826,134390,183757
52.27,09-21-2026 21:19:21:836,134370,183757
52.28,09-21-2026 21:19:21:846,134379,183746
52.29,09-21-2026 21:19:21:856,134369,183743
52.3,09-21-2026 21:19:21:866,134378,183743
52.31,09-21-2026 21:19:21:876,134358,183727
52.32,09-21-2026 21:19:21:886,134379,183743
52.33,09-21-2026 21:19:21:896,134362,183746
52.34,09-21-2026 21:19:21:906,134388,183723
52.35,09-21-2026 21:19:21:916,134369,183732
52.36,09-21-2026 21:19:21:926,134389,183730
52.37,09-21-2026 21:19:21:936,134371,183721
52.38,09-21-2026 21:19:21:946,134383,183708
52.39,09-21-2026 21:19:21:956,134361,183730
52.4,09-21-2026 21:19:21:966,134397,183724
52.41,09-21-2026 21:19:21:976,134357,183718
52.42,09-21-2026 21:19:21:986,134401,183719
52.43,09-21-2026 21:19:21:996,134382,183734
52.44,09-21-2026 21:19:22:006,134410,183743
52.45,09-21-2026 21:19:22:016,134378,183741
52.46,09-21-2026 21:19:22:026,134413,183761
52.47,09-21-2026 21:19:22:036,134387,183744
52.48,09-21-2026 21:19:22:046,134413,183757
52.49,09-21-2026 21:19:22:056,134374,183764
52.5,09-21-2026 21:19:22:066,134401,183768
52.51,09-21-2026 21:19:22:076,134377,183764
52.52,09-21-2026 21:19:22:086,134404,183772
52.53,09-21-2026 21:19:22:096,134383,183785
52.54,09-21-2026 21:19:22:106,134390,183782
52.55,09-21-2026 21:19:22:116,134394,183775
52.56,09-21-2026 21:19:22:126,134400,183799
52.57,09-21-2026 21:19:22:136,134389,183787
52.58,09-21-2026 21:19:22:146,134404,183812
52.59,09-21-2026 21:19:22:156,134393,183817
52.6,09-21-2026 21:19:22:166,134400,183814
52.61,09-21-2026 21:19:22:176,134380,183799
52.62,09-21-2026 21:19:22:186,134390,183844
52.63,09-21-2026 21:19:22:196,134380,183830
52.64,09-21-2026 21:19:22:206,134399,183837
52.65,09-21-2026 21:19:22:216,134390,183839
52.66,09-21-2026 21:19:22:226,134401,183851
52.67,09-21-2026 21:19:22:236,134404,183861
52.68,09-21-2026 21:19:22:246,134404,183873
52.69,09-21-2026 21:19:22:256,134383,183866
52.7,09-21-2026 21:19:22:266,134399,183854
52.71,09-21-2026 21:19:22:276,134411,183846
52.72,09-21-2026 21:19:22:286,134403,183842
52.73,09-21-2026 21:19:22:296,134390,183786
52.74,09-21-2026 21:19:22:306,134377,183768
52.75,09-21-2026 21:19:22:316,134369,183730
52.76,09-21-2026 21:19:22:326,134371,183734
52.77,09-21-2026 21:19:22:336,134383,183690
52.78,09-21-2026 21:19:22:346,134375,183698
52.79,09-21-2026 21:19:22:356,134363,183654
52.8,09-21-2026 21:19:22:366,134375,183668
52.81,09-21-2026 21:19:22:376,134363,183627
52.82,09-21-2026 21:19:22:386,134357,183649
52.83,09-21-2026 21:19:22:396,134341,183596
52.84,09-21-2026 21:19:22:406,134351,183629
52.85,09-21-2026 21:19:22:416,134360,183595
52.86,09-21-2026 21:19:22:426,134349,183598
52.87,09-21-2026 21:19:22:436,134348,183551
52.88,09-21-2026 21:19:22:446,134348,183583
52.89,09-21-2026 21:19:22:456,134341,183540
52.9,09-21-2026 21:19:22:466,134342,183571
52.91,09-21-2026 21:19:22:476,134333,183522
52.92,09-21-2026 21:19:22:486,134340,183548
52.93,09-21-2026 21:19:22:496,134333,183512
52.94,09-21-2026 21:19:22:506,134328,183560
52.95,09-21-2026 21:19:22:516,134332,183484
52.96,09-21-2026 21:19:22:526,134332,183552
52.97,09-21-2026 21:19:22:536,134344,183496
52.98,09-21-2026 21:19:22:546,134350,183545
52.99,09-21-2026 21:19:22:556,134328,183476
53,09-21-2026 21:19:22:566,134316,183525
53.01,09-21-2026 21:19:22:576,134330,183476
53.02,09-21-2026 21:19:22:586,134316,183508
53.03,09-21-2026 21:19:22:596,134319,183446
53.04,09-21-2026 21:19:22:606,134326,183508
53.05,09-21-2026 21:19:22:616,134330,183459
53.06,09-21-2026 21:19:22:626,134319,183500
53.07,09-21-2026 21:19:22:636,134337,183431
53.08,09-21-2026 21:19:22:646,134331,183507
53.09,09-21-2026 21:19:22:656,134339,183461
53.1,09-21-2026 21:19:22:666,134335,183530
53.11,09-21-2026 21:19:22:676,134351,183492
53.12,09-21-2026 21:19:22:686,134328,183531
53.13,09-21-2026 21:19:22:696,134335,183507
53.14,09-21-2026 21:19:22:706,134324,183541
53.15,09-21-2026 21:19:22:716,134335,183491
53.16,09-21-2026 21:19:22:726,134339,183544
53.17,09-21-2026 21:19:22:736,134343,183520
53.18,09-21-2026 21:19:22:746,134353,183552
53.19,09-21-2026 21:19:22:756,134342,183532
53.2,09-21-2026 21:19:22:766,134342,183575
53.21,09-21-2026 21:19:22:776,134355,183560
53.22,09-21-2026 21:19:22:786,134353,183567
53.23,09-21-2026 21:19:22:796,134347,183579
53.24,09-21-2026 21:19:22:806,134360,183601
53.25,09-21-2026 21:19:22:816,134349,183615
53.26,09-21-2026 21:19:22:826,134351,183604
53.27,09-21-2026 21:19:22:836,134350,183612
53.28,09-21-2026 21:19:22:846,134392,183591
53.29,09-21-2026 21:19:22:856,134364,183625
53.3,09-21-2026 21:19:22:866,134349,183612
53.31,09-21-2026 21:19:22:876,134366,183664
53.32,09-21-2026 21:19:22:886,134386,183626
53.33,09-21-2026 21:19:22:896,134365,183669
53.34,09-21-2026 21:19:22:906,134366,183660
53.35,09-21-2026 21:19:22:916,134387,183684
53.36,09-21-2026 21:19:22:926,134372,183678
53.37,09-21-2026 21:19:22:936,134371,183690
53.38,09-21-2026 21:19:22:946,134381,183697
53.39,09-21-2026 21:19:22:956,134379,183738
53.4,09-21-2026 21:19:22:966,134380,183694
53.41,09-21-2026 21:19:22:976,134399,183733
53.42,09-21-2026 21:19:22:986,134390,183729
53.43,09-21-2026 21:19:22:996,134379,183764
53.44,09-21-2026 21:19:23:006,134373,183731
53.45,09-21-2026 21:19:23:016,134378,183772
53.46,09-21-2026 21:19:23:026,134393,183714
53.47,09-21-2026 21:19:23:036,134378,183739
53.48,09-21-2026 21:19:23:046,134378,183693
53.49,09-21-2026 21:19:23:056,134399,183702
53.5,09-21-2026 21:19:23:066,134361,183651
53.51,09-21-2026 21:19:23:076,134371,183652
53.52,09-21-2026 21:19:23:086,134361,183582
53.53,09-21-2026 21:19:23:096,134351,183626
53.54,09-21-2026 21:19:23:106,134359,183570
53.55,09-21-2026 21:19:23:116,134356,183580
53.56,09-21-2026 21:19:23:126,134343,183548
53.57,09-21-2026 21:19:23:136,134338,183582
53.58,09-21-2026 21:19:23:146,134350,183530
53.59,09-21-2026 21:19:23:156,134347,183540
53.6,09-21-2026 21:19:23:166,134348,183504
53.61,09-21-2026 21:19:23:176,134342,183536
53.62,09-21-2026 21:19:23:186,134341,183513
53.63,09-21-2026 21:19:23:196,134335,183509
53.64,09-21-2026 21:19:23:206,134343,183490
53.65,09-21-2026 21:19:23:216,134346,183500
53.66,09-21-2026 21:19:23:226,134336,183502
53.67,09-21-2026 21:19:23:236,134335,183512
53.68,09-21-2026 21:19:23:246,134340,183487
53.69,09-21-2026 21:19:23:256,134360,183518
53.7,09-21-2026 21:19:23:266,134339,183481
53.71,09-21-2026 21:19:23:276,134348,183507
53.72,09-21-2026 21:19:23:286,134352,183475
53.73,09-21-2026 21:19:23:296,134335,183495
53.74,09-21-2026 21:19:23:306,134340,183479
53.75,09-21-2026 21:19:23:316,134346,183499
53.76,09-21-2026 21:19:23:326,134340,183473
53.77,09-21-2026 21:19:23:336,134338,183471
53.78,09-21-2026 21:19:23:346,134332,183469
53.79,09-21-2026 21:19:23:356,134334,183467
53.8,09-21-2026 21:19:23:366,134345,183478
53.81,09-21-2026 21:19:23:376,134329,183467
53.82,09-21-2026 21:19:23:386,134328,183453
53.83,09-21-2026 21:19:23:396,134345,183476
53.84,09-21-2026 21:19:23:406,134339,183469
53.85,09-21-2026 21:19:23:416,134343,183480
53.86,09-21-2026 21:19:23:426,134354,183503
53.87,09-21-2026 21:19:23:436,134347,183485
53.88,09-21-2026 21:19:23:446,134340,183504
53.89,09-21-2026 21:19:23:456,134353,183498
53.9,09-21-2026 21:19:23:466,134347,183503
53.91,09-21-2026 21:19:23:476,134351,183511
53.92,09-21-2026 21:19:23:486,134353,183505
53.93,09-21-2026 21:19:23:496,134355,183525
53.94,09-21-2026 21:19:23:506,134358,183527
53.95,09-21-2026 21:19:23:516,134347,183535
53.96,09-21-2026 21:19:23:526,134352,183551
53.97,09-21-2026 21:19:23:536,134359,183558
53.98,09-21-2026 21:19:23:546,134356,183550
53.99,09-21-2026 21:19:23:556,134367,183563
54,09-21-2026 21:19:23:566,134363,183587
54.01,09-21-2026 21:19:23:576,134359,183578
54.02,09-21-2026 21:19:23:586,134361,183582
54.03,09-21-2026 21:19:23:596,134357,183590
54.04,09-21-2026 21:19:23:606,134364,183599
54.05,09-21-2026 21:19:23:616,134375,183614
54.06,09-21-2026 21:19:23:626,134386,183616
54.07,09-21-2026 21:19:23:636,134381,183629
54.08,09-21-2026 21:19:23:646,134356,183603
54.09,09-21-2026 21:19:23:656,134366,183633
54.1,09-21-2026 21:19:23:666,134391,183640
54.11,09-21-2026 21:19:23:676,134373,183641
54.12,09-21-2026 21:19:23:686,134361,183657
54.13,09-21-2026 21:19:23:696,134370,183676
54.14,09-21-2026 21:19:23:706,134386,183657
54.15,09-21-2026 21:19:23:716,134380,183685
54.16,09-21-2026 21:19:23:726,134386,183701
54.17,09-21-2026 21:19:23:736,134382,183695
54.18,09-21-2026 21:19:23:746,134400,183692
54.19,09-21-2026 21:19:23:756,134389,183731
54.2,09-21-2026 21:19:23:766,134390,183724
54.21,09-21-2026 21:19:23:776,134374,183736
54.22,09-21-2026 21:19:23:786,134403,183716
54.23,09-21-2026 21:19:23:796,134369,183710
54.24,09-21-2026 21:19:23:806,134394,183678
54.25,09-21-2026 21:19:23:816,134381,183682
54.26,09-21-2026 21:19:23:826,134382,183646
54.27,09-21-2026 21:19:23:836,134375,183618
54.28,09-21-2026 21:19:23:846,134371,183628
54.29,09-21-2026 21:19:23:856,134356,183580
54.3,09-21-2026 21:19:23:866,134386,183584
54.31,09-21-2026 21:19:23:876,134346,183575
54.32,09-21-2026 21:19:23:886,134356,183564
54.33,09-21-2026 21:19:23:896,134335,183559
54.34,09-21-2026 21:19:23:906,134364,183546
54.35,09-21-2026 21:19:23:916,134343,183557
54.36,09-21-2026 21:19:23:926,134368,183552
54.37,09-21-2026 21:19:23:936,134341,183552
54.38,09-21-2026 21:19:23:946,134356,183531
54.39,09-21-2026 21:19:23:956,134329,183538
54.4,09-21-2026 21:19:23:966,134364,183523
54.41,09-21-2026 21:19:23:976,134327,183512
54.42,09-21-2026 21:19:23:986,134360,183508
54.43,09-21-2026 21:19:23:996,134329,183523
54.44,09-21-2026 21:19:24:006,134364,183514
54.45,09-21-2026 21:19:24:016,134329,183524
54.46,09-21-2026 21:19:24:026,134357,183527
54.47,09-21-2026 21:19:24:036,134323,183525
54.48,09-21-2026 21:19:24:046,134372,183530
54.49,09-21-2026 21:19:24:056,134326,183524
54.5,09-21-2026 21:19:24:066,134381,183513
54.51,09-21-2026 21:19:24:076,134302,183543
54.52,09-21-2026 21:19:24:086,134351,183516
54.53,09-21-2026 21:19:24:096,134314,183505
54.54,09-21-2026 21:19:24:106,134371,183505
54.55,09-21-2026 21:19:24:116,134308,183536
54.56,09-21-2026 21:19:24:126,134369,183531
54.57,09-21-2026 21:19:24:136,134325,183516
54.58,09-21-2026 21:19:24:146,134363,183525
54.59,09-21-2026 21:19:24:156,134325,183544
54.6,09-21-2026 21:19:24:166,134374,183545
54.61,09-21-2026 21:19:24:176,134355,183547
54.62,09-21-2026 21:19:24:186,134374,183557
54.63,09-21-2026 21:19:24:196,134343,183549
54.64,09-21-2026 21:19:24:206,134387,183572
54.65,09-21-2026 21:19:24:216,134361,183573
54.66,09-21-2026 21:19:24:226,134380,183573
54.67,09-21-2026 21:19:24:236,134369,183579
54.68,09-21-2026 21:19:24:246,134385,183604
54.69,09-21-2026 21:19:24:256,134348,183601
54.7,09-21-2026 21:19:24:266,134391,183611
54.71,09-21-2026 21:19:24:276,134368,183601
54.72,09-21-2026 21:19:24:286,134379,183612
54.73,09-21-2026 21:19:24:296,134380,183626
54.74,09-21-2026 21:19:24:306,134408,183644
54.75,09-21-2026 21:19:24:316,134380,183655
54.76,09-21-2026 21:19:24:326,134400,183647
54.77,09-21-2026 21:19:24:336,134413,183662
54.78,09-21-2026 21:19:24:346,134385,183659
54.79,09-21-2026 21:19:24:356,134409,183673
54.8,09-21-2026 21:19:24:366,134429,183701
54.81,09-21-2026 21:19:24:376,134422,183687
54.82,09-21-2026 21:19:24:386,134420,183711
54.83,09-21-2026 21:19:24:396,134432,183745
54.84,09-21-2026 21:19:24:406,134433,183737
54.85,09-21-2026 21:19:24:416,134430,183745
54.86,09-21-2026 21:19:24:426,134414,183739
54.87,09-21-2026 21:19:24:436,134438,183757
54.88,09-21-2026 21:19:24:446,134424,183758
54.89,09-21-2026 21:19:24:456,134453,183778
54.9,09-21-2026 21:19:24:466,134434,183785
54.91,09-21-2026 21:19:24:476,134462,183800
54.92,09-21-2026 21:19:24:486,134446,183800
54.93,09-21-2026 21:19:24:496,134462,183797
54.94,09-21-2026 21:19:24:506,134451,183818
54.95,09-21-2026 21:19:24:516,134473,183841
54.96,09-21-2026 21:19:24:526,134432,183823
54.97,09-21-2026 21:19:24:536,134478,183858
54.98,09-21-2026 21:19:24:546,134459,183857
54.99,09-21-2026 21:19:24:556,134470,183887
55,09-21-2026 21:19:24:566,134457,183875
55.01,09-21-2026 21:19:24:576,134478,183894
55.02,09-21-2026 21:19:24:586,134457,183896
55.03,09-21-2026 21:19:24:596,134489,183915
55.04,09-21-2026 21:19:24:606,134462,183926
55.05,09-21-2026 21:19:24:616,134490,183942
55.06,09-21-2026 21:19:24:626,134469,183918
55.07,09-21-2026 21:19:24:636,134495,183948
55.08,09-21-2026 21:19:24:646,134459,183919
55.09,09-21-2026 21:19:24:656,134487,183914
55.1,09-21-2026 21:19:24:666,134474,183865
55.11,09-21-2026 21:19:24:676,134482,183852
55.12,09-21-2026 21:19:24:686,134452,183856
55.13,09-21-2026 21:19:24:696,134492,183837
55.14,09-21-2026 21:19:24:706,134446,183820
55.15,09-21-2026 21:19:24:716,134482,183817
55.16,09-21-2026 21:19:24:726,134443,183821
55.17,09-21-2026 21:19:24:736,134479,183816
55.18,09-21-2026 21:19:24:746,134427,183804
55.19,09-21-2026 21:19:24:756,134463,183805
55.2,09-21-2026 21:19:24:766,134427,183794
55.21,09-21-2026 21:19:24:776,134465,183781
55.22,09-21-2026 21:19:24:786,134444,183796
55.23,09-21-2026 21:19:24:796,134465,183799
55.24,09-21-2026 21:19:24:806,134432,183770
55.25,09-21-2026 21:19:24:816,134447,183783
55.26,09-21-2026 21:19:24:826,134435,183781
55.27,09-21-2026 21:19:24:836,134444,183783
55.28,09-21-2026 21:19:24:846,134440,183789
55.29,09-21-2026 21:19:24:856,134458,183787
55.3,09-21-2026 21:19:24:866,134420,183806
55.31,09-21-2026 21:19:24:876,134459,183790
55.32,09-21-2026 21:19:24:886,134445,183798
55.33,09-21-2026 21:19:24:896,134462,183799
55.34,09-21-2026 21:19:24:906,134429,183797
55.35,09-21-2026 21:19:24:916,134447,183803
55.36,09-21-2026 21:19:24:926,134439,183792
55.37,09-21-2026 21:19:24:936,134440,183795
55.38,09-21-2026 21:19:24:946,134442,183802
55.39,09-21-2026 21:19:24:956,134442,183810
55.4,09-21-2026 21:19:24:966,134435,183800
55.41,09-21-2026 21:19:24:976,134434,183817
55.42,09-21-2026 21:19:24:986,134435,183803
55.43,09-21-2026 21:19:24:996,134464,183803
55.44,09-21-2026 21:19:25:006,134442,183819
55.45,09-21-2026 21:19:25:016,134442,183854
55.46,09-21-2026 21:19:25:026,134448,183826
55.47,09-21-2026 21:19:25:036,134438,183823
55.48,09-21-2026 21:19:25:046,134456,183826
55.49,09-21-2026 21:19:25:056,134463,183869
55.5,09-21-2026 21:19:25:066,134461,183852
55.51,09-21-2026 21:19:25:076,134461,183861
55.52,09-21-2026 21:19:25:086,134449,183868
55.53,09-21-2026 21:19:25:096,134462,183884
55.54,09-21-2026 21:19:25:106,134459,183882
55.55,09-21-2026 21:19:25:116,134446,183915
55.56,09-21-2026 21:19:25:126,134455,183896
55.57,09-21-2026 21:19:25:136,134485,183917
55.58,09-21-2026 21:19:25:146,134458,183913
55.59,09-21-2026 21:19:25:156,134470,183936
55.6,09-21-2026 21:19:25:166,134456,183905
55.61,09-21-2026 21:19:25:176,134486,183963
55.62,09-21-2026 21:19:25:186,134478,183918
55.63,09-21-2026 21:19:25:196,134478,183981
55.64,09-21-2026 21:19:25:206,134492,183963
55.65,09-21-2026 21:19:25:216,134479,183990
55.66,09-21-2026 21:19:25:226,134467,183968
55.67,09-21-2026 21:19:25:236,134484,184022
55.68,09-21-2026 21:19:25:246,134491,183994
55.69,09-21-2026 21:19:25:256,134485,184033
55.7,09-21-2026 21:19:25:266,134490,184000
55.71,09-21-2026 21:19:25:276,134505,184055
55.72,09-21-2026 21:19:25:286,134514,184037
55.73,09-21-2026 21:19:25:296,134499,184082
55.74,09-21-2026 21:19:25:306,134508,184061
55.75,09-21-2026 21:19:25:316,134509,184106
55.76,09-21-2026 21:19:25:326,134498,184059
55.77,09-21-2026 21:19:25:336,134497,184113
55.78,09-21-2026 21:19:25:346,134508,184076
55.79,09-21-2026 21:19:25:356,134516,184153
55.8,09-21-2026 21:19:25:366,134525,184103
55.81,09-21-2026 21:19:25:376,134531,184165
55.82,09-21-2026 21:19:25:386,134514,184129
55.83,09-21-2026 21:19:25:396,134499,184183
55.84,09-21-2026 21:19:25:406,134521,184155
55.85,09-21-2026 21:19:25:416,134518,184219
55.86,09-21-2026 21:19:25:426,134523,184161
55.87,09-21-2026 21:19:25:436,134534,184245
55.88,09-21-2026 21:19:25:446,134511,184195
55.89,09-21-2026 21:19:25:456,134531,184269
55.9,09-21-2026 21:19:25:466,134541,184251
55.91,09-21-2026 21:19:25:476,134532,184286
55.92,09-21-2026 21:19:25:486,134548,184257
55.93,09-21-2026 21:19:25:496,134538,184318
55.94,09-21-2026 21:19:25:506,134544,184286
55.95,09-21-2026 21:19:25:516,134537,184329
55.96,09-21-2026 21:19:25:526,134566,184316
55.97,09-21-2026 21:19:25:536,134555,184333
55.98,09-21-2026 21:19:25:546,134568,184317
55.99,09-21-2026 21:19:25:556,134552,184351
56,09-21-2026 21:19:25:566,134561,184318
56.01,09-21-2026 21:19:25:576,134559,184321
56.02,09-21-2026 21:19:25:586,134544,184300
56.03,09-21-2026 21:19:25:596,134558,184307
56.04,09-21-2026 21:19:25:606,134538,184282
56.05,09-21-2026 21:19:25:616,134528,184271
56.06,09-21-2026 21:19:25:626,134567,184270
56.07,09-21-2026 21:19:25:636,134523,184261
56.08,09-21-2026 21:19:25:646,134543,184263
56.09,09-21-2026 21:19:25:656,134545,184233
56.1,09-21-2026 21:19:25:666,134534,184265
56.11,09-21-2026 21:19:25:676,134533,184270
56.12,09-21-2026 21:19:25:686,134539,184266
56.13,09-21-2026 21:19:25:696,134526,184262
56.14,09-21-2026 21:19:25:706,134533,184272
56.15,09-21-2026 21:19:25:716,134538,184266
56.16,09-21-2026 21:19:25:726,134540,184274
56.17,09-21-2026 21:19:25:736,134531,184251
56.18,09-21-2026 21:19:25:746,134514,184278
56.19,09-21-2026 21:19:25:756,134539,184238
56.2,09-21-2026 21:19:25:766,134533,184283
56.21,09-21-2026 21:19:25:776,134529,184282
56.22,09-21-2026 21:19:25:786,134543,184296
56.23,09-21-2026 21:19:25:796,134535,184292
56.24,09-21-2026 21:19:25:806,134539,184323
56.25,09-21-2026 21:19:25:816,134530,184275
56.26,09-21-2026 21:19:25:826,134547,184322
56.27,09-21-2026 21:19:25:836,134535,184303
56.28,09-21-2026 21:19:25:846,134535,184322
56.29,09-21-2026 21:19:25:856,134543,184294
56.3,09-21-2026 21:19:25:866,134552,184335
56.31,09-21-2026 21:19:25:876,134541,184323
56.32,09-21-2026 21:19:25:886,134540,184339
56.33,09-21-2026 21:19:25:896,134560,184297
56.34,09-21-2026 21:19:25:906,134539,184336
56.35,09-21-2026 21:19:25:916,134551,184320
56.36,09-21-2026 21:19:25:926,134546,184361
56.37,09-21-2026 21:19:25:936,134569,184337
56.38,09-21-2026 21:19:25:946,134556,184333
56.39,09-21-2026 21:19:25:956,134560,184332
56.4,09-21-2026 21:19:25:966,134557,184365
56.41,09-21-2026 21:19:25:976,134545,184357
56.42,09-21-2026 21:19:25:986,134569,184378
56.43,09-21-2026 21:19:25:996,134559,184375
56.44,09-21-2026 21:19:26:006,134567,184386
56.45,09-21-2026 21:19:26:016,134551,184374
56.46,09-21-2026 21:19:26:026,134559,184403
56.47,09-21-2026 21:19:26:036,134549,184389
56.48,09-21-2026 21:19:26:046,134551,184413
56.49,09-21-2026 21:19:26:056,134579,184421
56.5,09-21-2026 21:19:26:066,134572,184410
56.51,09-21-2026 21:19:26:076,134572,184431
56.52,09-21-2026 21:19:26:086,134560,184429
56.53,09-21-2026 21:19:26:096,134578,184446
56.54,09-21-2026 21:19:26:106,134577,184437
56.55,09-21-2026 21:19:26:116,134578,184473
56.56,09-21-2026 21:19:26:126,134593,184468
56.57,09-21-2026 21:19:26:136,134586,184476
56.58,09-21-2026 21:19:26:146,134584,184506
56.59,09-21-2026 21:19:26:156,134580,184507
56.6,09-21-2026 21:19:26:166,134585,184517
56.61,09-21-2026 21:19:26:176,134585,184550
56.62,09-21-2026 21:19:26:186,134600,184533
56.63,09-21-2026 21:19:26:196,134587,184546
56.64,09-21-2026 21:19:26:206,134590,184571
56.65,09-21-2026 21:19:26:216,134595,184548
56.66,09-21-2026 21:19:26:226,134608,184556
56.67,09-21-2026 21:19:26:236,134597,184575
56.68,09-21-2026 21:19:26:246,134603,184585
56.69,09-21-2026 21:19:26:256,134612,184600
56.7,09-21-2026 21:19:26:266,134615,184595
56.71,09-21-2026 21:19:26:276,134605,184633
56.72,09-21-2026 21:19:26:286,134594,184628
56.73,09-21-2026 21:19:26:296,134603,184625
56.74,09-21-2026 21:19:26:306,134592,184668
56.75,09-21-2026 21:19:26:316,134627,184652
56.76,09-21-2026 21:19:26:326,134629,184670
56.77,09-21-2026 21:19:26:336,134623,184676
56.78,09-21-2026 21:19:26:346,134603,184677
56.79,09-21-2026 21:19:26:356,134623,184685
56.8,09-21-2026 21:19:26:366,134621,184720
56.81,09-21-2026 21:19:26:376,134630,184714
56.82,09-21-2026 21:19:26:386,134609,184717
56.83,09-21-2026 21:19:26:396,134608,184713
56.84,09-21-2026 21:19:26:406,134624,184697
56.85,09-21-2026 21:19:26:416,134627,184708
56.86,09-21-2026 21:19:26:426,134611,184680
56.87,09-21-2026 21:19:26:436,134611,184666
56.88,09-21-2026 21:19:26:446,134615,184656
56.89,09-21-2026 21:19:26:456,134621,184659
56.9,09-21-2026 21:19:26:466,134618,184648
56.91,09-21-2026 21:19:26:476,134615,184658
56.92,09-21-2026 21:19:26:486,134589,184649
56.93,09-21-2026 21:19:26:496,134616,184639
56.94,09-21-2026 21:19:26:506,134586,184651
56.95,09-21-2026 21:19:26:516,134617,184650
56.96,09-21-2026 21:19:26:526,134586,184649
56.97,09-21-2026 21:19:26:536,134620,184649
56.98,09-21-2026 21:19:26:546,134584,184649
56.99,09-21-2026 21:19:26:556,134609,184635
57,09-21-2026 21:19:26:566,134577,184644
57.01,09-21-2026 21:19:26:576,134612,184645
57.02,09-21-2026 21:19:26:586,134573,184649
57.03,09-21-2026 21:19:26:596,134619,184646
57.04,09-21-2026 21:19:26:606,134578,184662
57.05,09-21-2026 21:19:26:616,134619,184668
57.06,09-21-2026 21:19:26:626,134561,184659
57.07,09-21-2026 21:19:26:636,134618,184675
57.08,09-21-2026 21:19:26:646,134576,184664
57.09,09-21-2026 21:19:26:656,134616,184663
57.1,09-21-2026 21:19:26:666,134570,184677
57.11,09-21-2026 21:19:26:676,134619,184687
57.12,09-21-2026 21:19:26:686,134575,184675
57.13,09-21-2026 21:19:26:696,134638,184690
57.14,09-21-2026 21:19:26:706,134571,184683
57.15,09-21-2026 21:19:26:716,134613,184686
57.16,09-21-2026 21:19:26:726,134562,184695
57.17,09-21-2026 21:19:26:736,134626,184674
57.18,09-21-2026 21:19:26:746,134623,184703
57.19,09-21-2026 21:19:26:756,134603,184690
57.2,09-21-2026 21:19:26:766,134594,184726
57.21,09-21-2026 21:19:26:776,134623,184712
57.22,09-21-2026 21:19:26:786,134588,184724
57.23,09-21-2026 21:19:26:796,134639,184729
57.24,09-21-2026 21:19:26:806,134596,184737
57.25,09-21-2026 21:19:26:816,134630,184737
57.26,09-21-2026 21:19:26:826,134614,184741
57.27,09-21-2026 21:19:26:836,134621,184765
57.28,09-21-2026 21:19:26:846,134611,184760
57.29,09-21-2026 21:19:26:856,134619,184778
57.3,09-21-2026 21:19:26:866,134623,184770
57.31,09-21-2026 21:19:26:876,134623,184757
57.32,09-21-2026 21:19:26:886,134633,184793
57.33,09-21-2026 21:19:26:896,134627,184779
57.34,09-21-2026 21:19:26:906,134641,184782
57.35,09-21-2026 21:19:26:916,134619,184802
57.36,09-21-2026 21:19:26:926,134660,184797
57.37,09-21-2026 21:19:26:936,134627,184821
57.38,09-21-2026 21:19:26:946,134644,184815
57.39,09-21-2026 21:19:26:956,134630,184840
57.4,09-21-2026 21:19:26:966,134643,184841
57.41,09-21-2026 21:19:26:976,134630,184833
57.42,09-21-2026 21:19:26:986,134636,184842
57.43,09-21-2026 21:19:26:996,134641,184857
57.44,09-21-2026 21:19:27:006,134672,184874
57.45,09-21-2026 21:19:27:016,134656,184873
57.46,09-21-2026 21:19:27:026,134664,184883
57.47,09-21-2026 21:19:27:036,134649,184888
57.48,09-21-2026 21:19:27:046,134663,184896
57.49,09-21-2026 21:19:27:056,134640,184902
57.5,09-21-2026 21:19:27:066,134677,184897
57.51,09-21-2026 21:19:27:076,134650,184912
57.52,09-21-2026 21:19:27:086,134678,184935
57.53,09-21-2026 21:19:27:096,134667,184952
57.54,09-21-2026 21:19:27:106,134677,184945
57.55,09-21-2026 21:19:27:116,134651,184952
57.56,09-21-2026 21:19:27:126,134695,184966
57.57,09-21-2026 21:19:27:136,134641,184975
57.58,09-21-2026 21:19:27:146,134703,184982
57.59,09-21-2026 21:19:27:156,134661,184982
57.6,09-21-2026 21:19:27:166,134693,184973
57.61,09-21-2026 21:19:27:176,134664,184962
57.62,09-21-2026 21:19:27:186,134695,184970
57.63,09-21-2026 21:19:27:196,134660,184949
57.64,09-21-2026 21:19:27:206,134658,184937
57.65,09-21-2026 21:19:27:216,134641,184938
57.66,09-21-2026 21:19:27:226,134670,184919
57.67,09-21-2026 21:19:27:236,134645,184909
57.68,09-21-2026 21:19:27:246,134682,184894
57.69,09-21-2026 21:19:27:256,134641,184896
57.7,09-21-2026 21:19:27:266,134682,184912
57.71,09-21-2026 21:19:27:276,134657,184890
57.72,09-21-2026 21:19:27:286,134652,184869
57.73,09-21-2026 21:19:27:296,134631,184890
57.74,09-21-2026 21:19:27:306,134648,184901
57.75,09-21-2026 21:19:27:316,134644,184896
57.76,09-21-2026 21:19:27:326,134653,184905
57.77,09-21-2026 21:19:27:336,134643,184882
57.78,09-21-2026 21:19:27:346,134662,184885
57.79,09-21-2026 21:19:27:356,134658,184874
57.8,09-21-2026 21:19:27:366,134638,184883
57.81,09-21-2026 21:19:27:376,134630,184866
57.82,09-21-2026 21:19:27:386,134653,184883
57.83,09-21-2026 21:19:27:396,134648,184877
57.84,09-21-2026 21:19:27:406,134635,184899
57.85,09-21-2026 21:19:27:416,134641,184886
57.86,09-21-2026 21:19:27:426,134636,184883
57.87,09-21-2026 21:19:27:436,134627,184874
57.88,09-21-2026 21:19:27:446,134644,184882
57.89,09-21-2026 21:19:27:456,134654,184876
57.9,09-21-2026 21:19:27:466,134650,184879
57.91,09-21-2026 21:19:27:476,134640,184858
57.92,09-21-2026 21:19:27:486,134614,184881
57.93,09-21-2026 21:19:27:496,134647,184844
57.94,09-21-2026 21:19:27:506,134632,184884
57.95,09-21-2026 21:19:27:516,134653,184872
57.96,09-21-2026 21:19:27:526,134636,184881
57.97,09-21-2026 21:19:27:536,134630,184867
57.98,09-21-2026 21:19:27:546,134641,184891
57.99,09-21-2026 21:19:27:556,134641,184865
58,09-21-2026 21:19:27:566,134646,184903
58.01,09-21-2026 21:19:27:576,134643,184859
58.02,09-21-2026 21:19:27:586,134645,184911
58.03,09-21-2026 21:19:27:596,134637,184877
58.04,09-21-2026 21:19:27:606,134661,184903
58.05,09-21-2026 21:19:27:616,134643,184894
58.06,09-21-2026 21:19:27:626,134644,184931
58.07,09-21-2026 21:19:27:636,134661,184874
58.08,09-21-2026 21:19:27:646,134655,184927
58.09,09-21-2026 21:19:27:656,134643,184909
58.1,09-21-2026 21:19:27:666,134655,184961
58.11,09-21-2026 21:19:27:676,134645,184902
58.12,09-21-2026 21:19:27:686,134645,184954
58.13,09-21-2026 21:19:27:696,134659,184913
58.14,09-21-2026 21:19:27:706,134660,184968
58.15,09-21-2026 21:19:27:716,134656,184902
58.16,09-21-2026 21:19:27:726,134647,184984
58.17,09-21-2026 21:19:27:736,134661,184909
58.18,09-21-2026 21:19:27:746,134664,184980
58.19,09-21-2026 21:19:27:756,134656,184964
58.2,09-21-2026 21:19:27:766,134669,185007
58.21,09-21-2026 21:19:27:776,134654,184978
58.22,09-21-2026 21:19:27:786,134668,185029
58.23,09-21-2026 21:19:27:796,134662,184987
58.24,09-21-2026 21:19:27:806,134661,185039
58.25,09-21-2026 21:19:27:816,134656,184997
58.26,09-21-2026 21:19:27:826,134671,185047
58.27,09-21-2026 21:19:27:836,134650,185031
58.28,09-21-2026 21:19:27:846,134665,185034
58.29,09-21-2026 21:19:27:856,134660,185048
58.3,09-21-2026 21:19:27:866,134669,185068
58.31,09-21-2026 21:19:27:876,134667,185052
58.32,09-21-2026 21:19:27:886,134670,185066
58.33,09-21-2026 21:19:27:896,134661,185068
58.34,09-21-2026 21:19:27:906,134681,185088
58.35,09-21-2026 21:19:27:916,134675,185093
58.36,09-21-2026 21:19:27:926,134662,185091
58.37,09-21-2026 21:19:27:936,134689,185084
58.38,09-21-2026 21:19:27:946,134659,185050
58.39,09-21-2026 21:19:27:956,134665,185069
58.4,09-21-2026 21:19:27:966,134676,185024
58.41,09-21-2026 21:19:27:976,134662,185014
58.42,09-21-2026 21:19:27:986,134675,184985
58.43,09-21-2026 21:19:27:996,134665,185009
58.44,09-21-2026 21:19:28:006,134654,184982
58.45,09-21-2026 21:19:28:016,134661,185006
58.46,09-21-2026 21:19:28:026,134671,184973
58.47,09-21-2026 21:19:28:036,134669,184991
58.48,09-21-2026 21:19:28:046,134655,184955
58.49,09-21-2026 21:19:28:056,134625,184993
58.5,09-21-2026 21:19:28:066,134647,184948
58.51,09-21-2026 21:19:28:076,134644,184995
58.52,09-21-2026 21:19:28:086,134662,184951
58.53,09-21-2026 21:19:28:096,134658,184972
58.54,09-21-2026 21:19:28:106,134636,184934
58.55,09-21-2026 21:19:28:116,134633,184962
58.56,09-21-2026 21:19:28:126,134635,184916
58.57,09-21-2026 21:19:28:136,134631,184962
58.58,09-21-2026 21:19:28:146,134645,184919
58.59,09-21-2026 21:19:28:156,134638,184955
58.6,09-21-2026 21:19:28:166,134643,184917
58.61,09-21-2026 21:19:28:176,134634,184953
58.62,09-21-2026 21:19:28:186,134640,184919
58.63,09-21-2026 21:19:28:196,134629,184955
58.64,09-21-2026 21:19:28:206,134635,184926
58.65,09-21-2026 21:19:28:216,134642,184971
58.66,09-21-2026 21:19:28:226,134624,184934
58.67,09-21-2026 21:19:28:236,134638,184958
58.68,09-21-2026 21:19:28:246,134636,184907
58.69,09-21-2026 21:19:28:256,134637,184936
58.7,09-21-2026 21:19:28:266,134637,184911
58.71,09-21-2026 21:19:28:276,134613,184933
58.72,09-21-2026 21:19:28:286,134626,184901
58.73,09-21-2026 21:19:28:296,134639,184924
58.74,09-21-2026 21:19:28:306,134632,184910
58.75,09-21-2026 21:19:28:316,134637,184929
58.76,09-21-2026 21:19:28:326,134633,184911
58.77,09-21-2026 21:19:28:336,134643,184931
58.78,09-21-2026 21:19:28:346,134640,184904
58.79,09-21-2026 21:19:28:356,134637,184940
58.8,09-21-2026 21:19:28:366,134634,184926
58.81,09-21-2026 21:19:28:376,134629,184942
58.82,09-21-2026 21:19:28:386,134637,184922
58.83,09-21-2026 21:19:28:396,134644,184949
58.84,09-21-2026 21:19:28:406,134632,184931
58.85,09-21-2026 21:19:28:416,134642,184922
58.86,09-21-2026 21:19:28:426,134640,184925
58.87,09-21-2026 21:19:28:436,134632,184930
58.88,09-21-2026 21:19:28:446,134641,184934
58.89,09-21-2026 21:19:28:456,134646,184940
58.9,09-21-2026 21:19:28:466,134636,184945
58.91,09-21-2026 21:19:28:476,134653,184958
58.92,09-21-2026 21:19:28:486,134643,184966
58.93,09-21-2026 21:19:28:496,134626,184958
58.94,09-21-2026 21:19:28:506,134644,184947
58.95,09-21-2026 21:19:28:516,134631,184980
58.96,09-21-2026 21:19:28:526,134631,184972
58.97,09-21-2026 21:19:28:536,134639,184948
58.98,09-21-2026 21:19:28:546,134638,184981
58.99,09-21-2026 21:19:28:556,134623,184985
59,09-21-2026 21:19:28:566,134647,185009
59.01,09-21-2026 21:19:28:576,134643,184985
59.02,09-21-2026 21:19:28:586,134634,185010
59.03,09-21-2026 21:19:28:596,134650,185002
59.04,09-21-2026 21:19:28:606,134633,185013
59.05,09-21-2026 21:19:28:616,134652,185010
59.06,09-21-2026 21:19:28:626,134631,185007
59.07,09-21-2026 21:19:28:636,134650,185042
59.08,09-21-2026 21:19:28:646,134647,185047
59.09,09-21-2026 21:19:28:656,134640,185053
59.1,09-21-2026 21:19:28:666,134649,185040
59.11,09-21-2026 21:19:28:676,134647,185033
59.12,09-21-2026 21:19:28:686,134648,185025
59.13,09-21-2026 21:19:28:696,134644,185017
59.14,09-21-2026 21:19:28:706,134650,185003
59.15,09-21-2026 21:19:28:716,134627,184977
59.16,09-21-2026 21:19:28:726,134643,184963
59.17,09-21-2026 21:19:28:736,134630,184955
59.18,09-21-2026 21:19:28:746,134625,184941
59.19,09-21-2026 21:19:28:756,134628,184919
59.2,09-21-2026 21:19:28:766,134627,184895
59.21,09-21-2026 21:19:28:776,134603,184902
59.22,09-21-2026 21:19:28:786,134623,184884
59.23,09-21-2026 21:19:28:796,134617,184874
59.24,09-21-2026 21:19:28:806,134622,184866
59.25,09-21-2026 21:19:28:816,134603,184865
59.26,09-21-2026 21:19:28:826,134608,184836
59.27,09-21-2026 21:19:28:836,134602,184863
59.28,09-21-2026 21:19:28:846,134596,184836
59.29,09-21-2026 21:19:28:856,134599,184830
59.3,09-21-2026 21:19:28:866,134599,184837
59.31,09-21-2026 21:19:28:876,134591,184815
59.32,09-21-2026 21:19:28:886,134595,184840
59.33,09-21-2026 21:19:28:896,134601,184817
59.34,09-21-2026 21:19:28:906,134591,184803
59.35,09-21-2026 21:19:28:916,134573,184791
59.36,09-21-2026 21:19:28:926,134597,184813
59.37,09-21-2026 21:19:28:936,134583,184795
59.38,09-21-2026 21:19:28:946,134598,184789
59.39,09-21-2026 21:19:28:956,134572,184802
59.4,09-21-2026 21:19:28:966,134600,184790
59.41,09-21-2026 21:19:28:976,134587,184797
59.42,09-21-2026 21:19:28:986,134583,184801
59.43,09-21-2026 21:19:28:996,134555,184770
59.44,09-21-2026 21:19:29:006,134582,184765
59.45,09-21-2026 21:19:29:016,134559,184788
59.46,09-21-2026 21:19:29:026,134594,184755
59.47,09-21-2026 21:19:29:036,134559,184772
59.48,09-21-2026 21:19:29:046,134574,184752
59.49,09-21-2026 21:19:29:056,134554,184755
59.5,09-21-2026 21:19:29:066,134575,184757
59.51,09-21-2026 21:19:29:076,134528,184765
59.52,09-21-2026 21:19:29:086,134579,184738
59.53,09-21-2026 21:19:29:096,134554,184752
59.54,09-21-2026 21:19:29:106,134585,184758
59.55,09-21-2026 21:19:29:116,134533,184735
59.56,09-21-2026 21:19:29:126,134574,184764
59.57,09-21-2026 21:19:29:136,134535,184769
59.58,09-21-2026 21:19:29:146,134577,184760
59.59,09-21-2026 21:19:29:156,134523,184769
59.6,09-21-2026 21:19:29:166,134580,184780
59.61,09-21-2026 21:19:29:176,134522,184758
59.62,09-21-2026 21:19:29:186,134573,184775
59.63,09-21-2026 21:19:29:196,134541,184760
59.64,09-21-2026 21:19:29:206,134576,184783
59.65,09-21-2026 21:19:29:216,134532,184803
59.66,09-21-2026 21:19:29:226,134566,184775
59.67,09-21-2026 21:19:29:236,134530,184780
59.68,09-21-2026 21:19:29:246,134578,184800
59.69,09-21-2026 21:19:29:256,134529,184793
59.7,09-21-2026 21:19:29:266,134567,184801
59.71,09-21-2026 21:19:29:276,134549,184802
59.72,09-21-2026 21:19:29:286,134580,184822
59.73,09-21-2026 21:19:29:296,134545,184807
59.74,09-21-2026 21:19:29:306,134585,184825
59.75,09-21-2026 21:19:29:316,134543,184820
59.76,09-21-2026 21:19:29:326,134582,184827
59.77,09-21-2026 21:19:29:336,134552,184846
59.78,09-21-2026 21:19:29:346,134587,184847
59.79,09-21-2026 21:19:29:356,134560,184853
59.8,09-21-2026 21:19:29:366,134580,184850
59.81,09-21-2026 21:19:29:376,134558,184853
59.82,09-21-2026 21:19:29:386,134577,184865
59.83,09-21-2026 21:19:29:396,134556,184858
59.84,09-21-2026 21:19:29:406,134588,184846
59.85,09-21-2026 21:19:29:416,134566,184853
59.86,09-21-2026 21:19:29:426,134608,184849
59.87,09-21-2026 21:19:29:436,134564,184812
59.88,09-21-2026 21:19:29:446,134578,184783
59.89,09-21-2026 21:19:29:456,134553,184781
59.9,09-21-2026 21:19:29:466,134557,184764
59.91,09-21-2026 21:19:29:476,134571,184744
59.92,09-21-2026 21:19:29:486,134561,184727
59.93,09-21-2026 21:19:29:496,134563,184743
59.94,09-21-2026 21:19:29:506,134564,184688
59.95,09-21-2026 21:19:29:516,134563,184695
59.96,09-21-2026 21:19:29:526,134561,184681
59.97,09-21-2026 21:19:29:536,134563,184677
59.98,09-21-2026 21:19:29:546,134544,184676
59.99,09-21-2026 21:19:29:556,134576,184669
60,09-21-2026 21:19:29:566,134543,184665
60.01,09-21-2026 21:19:29:576,134559,184648
60.02,09-21-2026 21:19:29:586,134529,184627
60.03,09-21-2026 21:19:29:596,134555,184624
60.04,09-21-2026 21:19:29:606,134540,184627
60.05,09-21-2026 21:19:29:616,134547,184637
60.06,09-21-2026 21:19:29:626,134527,184638
60.07,09-21-2026 21:19:29:636,134550,184646
60.08,09-21-2026 21:19:29:646,134546,184640
60.09,09-21-2026 21:19:29:656,134558,184606
60.1,09-21-2026 21:19:29:666,134532,184623
60.11,09-21-2026 21:19:29:676,134552,184597
60.12,09-21-2026 21:19:29:686,134540,184623
60.13,09-21-2026 21:19:29:696,134547,184599
60.14,09-21-2026 21:19:29:706,134530,184617
60.15,09-21-2026 21:19:29:716,134557,184589
60.16,09-21-2026 21:19:29:726,134528,184595
60.17,09-21-2026 21:19:29:736,134569,184598
60.18,09-21-2026 21:19:29:746,134523,184591
60.19,09-21-2026 21:19:29:756,134550,184579
60.2,09-21-2026 21:19:29:766,134512,184570
60.21,09-21-2026 21:19:29:776,134563,184591
60.22,09-21-2026 21:19:29:786,134502,184586
60.23,09-21-2026 21:19:29:796,134557,184573
60.24,09-21-2026 21:19:29:806,134496,184569
60.25,09-21-2026 21:19:29:816,134571,184587
60.26,09-21-2026 21:19:29:826,134520,184574
60.27,09-21-2026 21:19:29:836,134534,184565
60.28,09-21-2026 21:19:29:846,134507,184566
60.29,09-21-2026 21:19:29:856,134537,184556
60.3,09-21-2026 21:19:29:866,134512,184562
60.31,09-21-2026 21:19:29:876,134552,184572
60.32,09-21-2026 21:19:29:886,134516,184570
60.33,09-21-2026 21:19:29:896,134527,184555
60.34,09-21-2026 21:19:29:906,134497,184571
60.35,09-21-2026 21:19:29:916,134519,184575
60.36,09-21-2026 21:19:29:926,134505,184588
60.37,09-21-2026 21:19:29:936,134532,184593
60.38,09-21-2026 21:19:29:946,134503,184601
60.39,09-21-2026 21:19:29:956,134549,184595
60.4,09-21-2026 21:19:29:966,134505,184589
60.41,09-21-2026 21:19:29:976,134540,184600
60.42,09-21-2026 21:19:29:986,134511,184610
60.43,09-21-2026 21:19:29:996,134534,184622
60.44,09-21-2026 21:19:30:006,134517,184617
60.45,09-21-2026 21:19:30:016,134523,184621
60.46,09-21-2026 21:19:30:026,134514,184626
60.47,09-21-2026 21:19:30:036,134526,184627
60.48,09-21-2026 21:19:30:046,134532,184632
60.49,09-21-2026 21:19:30:056,134523,184635
60.5,09-21-2026 21:19:30:066,134528,184648
60.51,09-21-2026 21:19:30:076,134521,184651
60.52,09-21-2026 21:19:30:086,134525,184639
60.53,09-21-2026 21:19:30:096,134519,184633
60.54,09-21-2026 21:19:30:106,134507,184623
60.55,09-21-2026 21:19:30:116,134508,184609
60.56,09-21-2026 21:19:30:126,134507,184581
60.57,09-21-2026 21:19:30:136,134505,184577
60.58,09-21-2026 21:19:30:146,134511,184545
60.59,09-21-2026 21:19:30:156,134499,184551
60.6,09-21-2026 21:19:30:166,134498,184489
60.61,09-21-2026 21:19:30:176,134491,184494
60.62,09-21-2026 21:19:30:186,134488,184474
60.63,09-21-2026 21:19:30:196,134480,184483
60.64,09-21-2026 21:19:30:206,134472,184443
60.65,09-21-2026 21:19:30:216,134477,184466
60.66,09-21-2026 21:19:30:226,134479,184449
60.67,09-21-2026 21:19:30:236,134466,184447
60.68,09-21-2026 21:19:30:246,134465,184411
60.69,09-21-2026 21:19:30:256,134451,184442
60.7,09-21-2026 21:19:30:266,134476,184403
60.71,09-21-2026 21:19:30:276,134463,184411
60.72,09-21-2026 21:19:30:286,134467,184371
60.73,09-21-2026 21:19:30:296,134455,184385
60.74,09-21-2026 21:19:30:306,134454,184349
60.75,09-21-2026 21:19:30:316,134464,184399
60.76,09-21-2026 21:19:30:326,134473,184360
60.77,09-21-2026 21:19:30:336,134457,184389
60.78,09-21-2026 21:19:30:346,134450,184361
60.79,09-21-2026 21:19:30:356,134456,184393
60.8,09-21-2026 21:19:30:366,134441,184331
60.81,09-21-2026 21:19:30:376,134455,184375
60.82,09-21-2026 21:19:30:386,134444,184328
60.83,09-21-2026 21:19:30:396,134444,184360
60.84,09-21-2026 21:19:30:406,134437,184299
60.85,09-21-2026 21:19:30:416,134436,184348
60.86,09-21-2026 21:19:30:426,134437,184301
60.87,09-21-2026 21:19:30:436,134444,184354
60.88,09-21-2026 21:19:30:446,134438,184284
60.89,09-21-2026 21:19:30:456,134440,184344
60.9,09-21-2026 21:19:30:466,134428,184286
60.91,09-21-2026 21:19:30:476,134437,184351
60.92,09-21-2026 21:19:30:486,134437,184284
60.93,09-21-2026 21:19:30:496,134425,184327
60.94,09-21-2026 21:19:30:506,134427,184280
60.95,09-21-2026 21:19:30:516,134426,184331
60.96,09-21-2026 21:19:30:526,134436,184303
60.97,09-21-2026 21:19:30:536,134429,184336
60.98,09-21-2026 21:19:30:546,134436,184314
60.99,09-21-2026 21:19:30:556,134436,184346
61,09-21-2026 21:19:30:566,134414,184315
61.01,09-21-2026 21:19:30:576,134430,184342
61.02,09-21-2026 21:19:30:586,134441,184325
61.03,09-21-2026 21:19:30:596,134426,184325
61.04,09-21-2026 21:19:30:606,134443,184299
61.05,09-21-2026 21:19:30:616,134426,184353
61.06,09-21-2026 21:19:30:626,134428,184301
61.07,09-21-2026 21:19:30:636,134427,184342
61.08,09-21-2026 21:19:30:646,134431,184329
61.09,09-21-2026 21:19:30:656,134444,184372
61.1,09-21-2026 21:19:30:666,134446,184347
61.11,09-21-2026 21:19:30:676,134442,184367
61.12,09-21-2026 21:19:30:686,134442,184369
61.13,09-21-2026 21:19:30:696,134476,184393
61.14,09-21-2026 21:19:30:706,134436,184379
61.15,09-21-2026 21:19:30:716,134442,184398
61.16,09-21-2026 21:19:30:726,134441,184399
61.17,09-21-2026 21:19:30:736,134437,184408
61.18,09-21-2026 21:19:30:746,134438,184403
61.19,09-21-2026 21:19:30:756,134430,184364
61.2,09-21-2026 21:19:30:766,134423,184378
61.21,09-21-2026 21:19:30:776,134438,184353
61.22,09-21-2026 21:19:30:786,134428,184347
61.23,09-21-2026 21:19:30:796,134446,184309
61.24,09-21-2026 21:19:30:806,134408,184295
61.25,09-21-2026 21:19:30:816,134418,184261
61.26,09-21-2026 21:19:30:826,134402,184259
61.27,09-21-2026 21:19:30:836,134400,184223
61.28,09-21-2026 21:19:30:846,134412,184225
61.29,09-21-2026 21:19:30:856,134397,184191
61.3,09-21-2026 21:19:30:866,134398,184203
61.31,09-21-2026 21:19:30:876,134386,184193
61.32,09-21-2026 21:19:30:886,134391,184177
61.33,09-21-2026 21:19:30:896,134386,184146
61.34,09-21-2026 21:19:30:906,134386,184162
61.35,09-21-2026 21:19:30:916,134374,184119
61.36,09-21-2026 21:19:30:926,134375,184153
61.37,09-21-2026 21:19:30:936,134378,184111
61.38,09-21-2026 21:19:30:946,134365,184137
61.39,09-21-2026 21:19:30:956,134368,184103
61.4,09-21-2026 21:19:30:966,134373,184115
61.41,09-21-2026 21:19:30:976,134385,184093
61.42,09-21-2026 21:19:30:986,134375,184116
61.43,09-21-2026 21:19:30:996,134360,184087
61.44,09-21-2026 21:19:31:006,134389,184112
61.45,09-21-2026 21:19:31:016,134377,184081
61.46,09-21-2026 21:19:31:026,134366,184108
61.47,09-21-2026 21:19:31:036,134367,184065
61.48,09-21-2026 21:19:31:046,134371,184105
61.49,09-21-2026 21:19:31:056,134361,184060
61.5,09-21-2026 21:19:31:066,134362,184078
61.51,09-21-2026 21:19:31:076,134368,184051
61.52,09-21-2026 21:19:31:086,134360,184107
61.53,09-21-2026 21:19:31:096,134374,184052
61.54,09-21-2026 21:19:31:106,134367,184077
61.55,09-21-2026 21:19:31:116,134363,184041
61.56,09-21-2026 21:19:31:126,134349,184074
61.57,09-21-2026 21:19:31:136,134353,184032
61.58,09-21-2026 21:19:31:146,134359,184059
61.59,09-21-2026 21:19:31:156,134357,184034
61.6,09-21-2026 21:19:31:166,134361,184061
61.61,09-21-2026 21:19:31:176,134372,184026
61.62,09-21-2026 21:19:31:186,134362,184055
61.63,09-21-2026 21:19:31:196,134363,184027
61.64,09-21-2026 21:19:31:206,134360,184050
61.65,09-21-2026 21:19:31:216,134357,184031
61.66,09-21-2026 21:19:31:226,134363,184061
61.67,09-21-2026 21:19:31:236,134354,184052
61.68,09-21-2026 21:19:31:246,134349,184065
61.69,09-21-2026 21:19:31:256,134366,184064
61.7,09-21-2026 21:19:31:266,134359,184084
61.71,09-21-2026 21:19:31:276,134357,184053
61.72,09-21-2026 21:19:31:286,134361,184082
61.73,09-21-2026 21:19:31:296,134351,184042
61.74,09-21-2026 21:19:31:306,134349,184098
61.75,09-21-2026 21:19:31:316,134374,184081
61.76,09-21-2026 21:19:31:326,134366,184100
61.77,09-21-2026 21:19:31:336,134364,184090
61.78,09-21-2026 21:19:31:346,134359,184106
61.79,09-21-2026 21:19:31:356,134372,184104
61.8,09-21-2026 21:19:31:366,134366,184130
61.81,09-21-2026 21:19:31:376,134386,184121
61.82,09-21-2026 21:19:31:386,134371,184105
61.83,09-21-2026 21:19:31:396,134380,184111
61.84,09-21-2026 21:19:31:406,134367,184109
61.85,09-21-2026 21:19:31:416,134356,184083
61.86,09-21-2026 21:19:31:426,134357,184069
61.87,09-21-2026 21:19:31:436,134370,184041
61.88,09-21-2026 21:19:31:446,134359,184019
61.89,09-21-2026 21:19:31:456,134335,184001
61.9,09-21-2026 21:19:31:466,134334,183981
61.91,09-21-2026 21:19:31:476,134346,183962
61.92,09-21-2026 21:19:31:486,134332,183948
61.93,09-21-2026 21:19:31:496,134330,183936
61.94,09-21-2026 21:19:31:506,134335,183920
61.95,09-21-2026 21:19:31:516,134332,183917
61.96,09-21-2026 21:19:31:526,134327,183895
61.97,09-21-2026 21:19:31:536,134324,183880
61.98,09-21-2026 21:19:31:546,134336,183890
61.99,09-21-2026 21:19:31:556,134332,183861
62,09-21-2026 21:19:31:566,134327,183852
62.01,09-21-2026 21:19:31:576,134311,183837
62.02,09-21-2026 21:19:31:586,134297,183825
62.03,09-21-2026 21:19:31:596,134310,183805
62.04,09-21-2026 21:19:31:606,134306,183829
62.05,09-21-2026 21:19:31:616,134300,183804
62.06,09-21-2026 21:19:31:626,134289,183812
62.07,09-21-2026 21:19:31:636,134301,183806
62.08,09-21-2026 21:19:31:646,134298,183814
62.09,09-21-2026 21:19:31:656,134299,183797
62.1,09-21-2026 21:19:31:666,134290,183809
62.11,09-21-2026 21:19:31:676,134300,183803
62.12,09-21-2026 21:19:31:686,134291,183788
62.13,09-21-2026 21:19:31:696,134302,183788
62.14,09-21-2026 21:19:31:706,134290,183792
62.15,09-21-2026 21:19:31:716,134301,183786
62.16,09-21-2026 21:19:31:726,134305,183774
62.17,09-21-2026 21:19:31:736,134300,183766
62.18,09-21-2026 21:19:31:746,134295,183762
62.19,09-21-2026 21:19:31:756,134299,183777
62.2,09-21-2026 21:19:31:766,134294,183769
62.21,09-21-2026 21:19:31:776,134287,183779
62.22,09-21-2026 21:19:31:786,134300,183778
62.23,09-21-2026 21:19:31:796,134295,183786
62.24,09-21-2026 21:19:31:806,134301,183784
62.25,09-21-2026 21:19:31:816,134296,183779
62.26,09-21-2026 21:19:31:826,134286,183794
62.27,09-21-2026 21:19:31:836,134300,183782
62.28,09-21-2026 21:19:31:846,134290,183785
62.29,09-21-2026 21:19:31:856,134304,183785
62.3,09-21-2026 21:19:31:866,134285,183782
62.31,09-21-2026 21:19:31:876,134306,183794
62.32,09-21-2026 21:19:31:886,134299,183806
62.33,09-21-2026 21:19:31:896,134297,183804
62.34,09-21-2026 21:19:31:906,134287,183799
62.35,09-21-2026 21:19:31:916,134301,183823
62.36,09-21-2026 21:19:31:926,134289,183817
62.37,09-21-2026 21:19:31:936,134305,183832
62.38,09-21-2026 21:19:31:946,134288,183828
62.39,09-21-2026 21:19:31:956,134314,183845
62.4,09-21-2026 21:19:31:966,134290,183839
62.41,09-21-2026 21:19:31:976,134321,183858
62.42,09-21-2026 21:19:31:986,134299,183856
62.43,09-21-2026 21:19:31:996,134312,183865
62.44,09-21-2026 21:19:32:006,134297,183895
62.45,09-21-2026 21:19:32:016,134321,183905
62.46,09-21-2026 21:19:32:026,134302,183904
62.47,09-21-2026 21:19:32:036,134338,183883
62.48,09-21-2026 21:19:32:046,134305,183897
62.49,09-21-2026 21:19:32:056,134330,183924
62.5,09-21-2026 21:19:32:066,134296,183935
62.51,09-21-2026 21:19:32:076,134350,183935
62.52,09-21-2026 21:19:32:086,134325,183954
62.53,09-21-2026 21:19:32:096,134348,183959
62.54,09-21-2026 21:19:32:106,134293,183953
62.55,09-21-2026 21:19:32:116,134350,183959
62.56,09-21-2026 21:19:32:126,134304,183985
62.57,09-21-2026 21:19:32:136,134339,183999
62.58,09-21-2026 21:19:32:146,134325,183992
62.59,09-21-2026 21:19:32:156,134348,183972
62.6,09-21-2026 21:19:32:166,134296,183954
62.61,09-21-2026 21:19:32:176,134340,183945
62.62,09-21-2026 21:19:32:186,134295,183927
62.63,09-21-2026 21:19:32:196,134328,183903
62.64,09-21-2026 21:19:32:206,134266,183877
62.65,09-21-2026 21:19:32:216,134341,183839
62.66,09-21-2026 21:19:32:226,134269,183831
62.67,09-21-2026 21:19:32:236,134332,183823
62.68,09-21-2026 21:19:32:246,134274,183807
62.69,09-21-2026 21:19:32:256,134319,183799
62.7,09-21-2026 21:19:32:266,134291,183781
62.71,09-21-2026 21:19:32:276,134323,183780
62.72,09-21-2026 21:19:32:286,134284,183794
62.73,09-21-2026 21:19:32:296,134300,183767
62.74,09-21-2026 21:19:32:306,134292,183765
62.75,09-21-2026 21:19:32:316,134302,183739
62.76,09-21-2026 21:19:32:326,134293,183747
62.77,09-21-2026 21:19:32:336,134313,183745
62.78,09-21-2026 21:19:32:346,134263,183719
62.79,09-21-2026 21:19:32:356,134309,183708
62.8,09-21-2026 21:19:32:366,134271,183704
62.81,09-21-2026 21:19:32:376,134289,183718
62.82,09-21-2026 21:19:32:386,134280,183706
62.83,09-21-2026 21:19:32:396,134291,183719
62.84,09-21-2026 21:19:32:406,134293,183724
62.85,09-21-2026 21:19:32:416,134309,183705
62.86,09-21-2026 21:19:32:426,134305,183713
62.87,09-21-2026 21:19:32:436,134304,183716
62.88,09-21-2026 21:19:32:446,134305,183710
62.89,09-21-2026 21:19:32:456,134301,183708
62.9,09-21-2026 21:19:32:466,134313,183690
62.91,09-21-2026 21:19:32:476,134308,183697
62.92,09-21-2026 21:19:32:486,134311,183716
62.93,09-21-2026 21:19:32:496,134307,183706
62.94,09-21-2026 21:19:32:506,134309,183696
62.95,09-21-2026 21:19:32:516,134304,183713
62.96,09-21-2026 21:19:32:526,134323,183690
62.97,09-21-2026 21:19:32:536,134329,183714
62.98,09-21-2026 21:19:32:546,134328,183730
62.99,09-21-2026 21:19:32:556,134305,183736
63,09-21-2026 21:19:32:566,134346,183734
63.01,09-21-2026 21:19:32:576,134323,183736
63.02,09-21-2026 21:19:32:586,134325,183718
63.03,09-21-2026 21:19:32:596,134307,183718
63.04,09-21-2026 21:19:32:606,134330,183755
63.05,09-21-2026 21:19:32:616,134321,183743
63.06,09-21-2026 21:19:32:626,134366,183760
63.07,09-21-2026 21:19:32:636,134332,183769
63.08,09-21-2026 21:19:32:646,134338,183777
63.09,09-21-2026 21:19:32:656,134331,183786
63.1,09-21-2026 21:19:32:666,134350,183770
63.11,09-21-2026 21:19:32:676,134332,183797
63.12,09-21-2026 21:19:32:686,134377,183797
63.13,09-21-2026 21:19:32:696,134328,183827
63.14,09-21-2026 21:19:32:706,134360,183814
63.15,09-21-2026 21:19:32:716,134344,183835
63.16,09-21-2026 21:19:32:726,134373,183837
63.17,09-21-2026 21:19:32:736,134341,183832
63.18,09-21-2026 21:19:32:746,134366,183848
63.19,09-21-2026 21:19:32:756,134331,183841
63.2,09-21-2026 21:19:32:766,134363,183866
63.21,09-21-2026 21:19:32:776,134349,183865
63.22,09-21-2026 21:19:32:786,134374,183890
63.23,09-21-2026 21:19:32:796,134347,183881
63.24,09-21-2026 21:19:32:806,134375,183876
63.25,09-21-2026 21:19:32:816,134365,183910
63.26,09-21-2026 21:19:32:826,134373,183926
63.27,09-21-2026 21:19:32:836,134374,183930
63.28,09-21-2026 21:19:32:846,134384,183930
63.29,09-21-2026 21:19:32:856,134380,183927
63.3,09-21-2026 21:19:32:866,134393,183953
63.31,09-21-2026 21:19:32:876,134367,183979
63.32,09-21-2026 21:19:32:886,134388,183977
63.33,09-21-2026 21:19:32:896,134347,183971
63.34,09-21-2026 21:19:32:906,134388,183980
63.35,09-21-2026 21:19:32:916,134387,183991
63.36,09-21-2026 21:19:32:926,134393,183997
63.37,09-21-2026 21:19:32:936,134376,184008
63.38,09-21-2026 21:19:32:946,134410,184018
63.39,09-21-2026 21:19:32:956,134385,184020
63.4,09-21-2026 21:19:32:966,134412,184028
63.41,09-21-2026 21:19:32:976,134375,184023
63.42,09-21-2026 21:19:32:986,134380,184020
63.43,09-21-2026 21:19:32:996,134381,184007
63.44,09-21-2026 21:19:33:006,134378,183984
63.45,09-21-2026 21:19:33:016,134370,183986
63.46,09-21-2026 21:19:33:026,134372,183961
63.47,09-21-2026 21:19:33:036,134375,183919
63.48,09-21-2026 21:19:33:046,134373,183928
63.49,09-21-2026 21:19:33:056,134352,183899
63.5,09-21-2026 21:19:33:066,134345,183903
63.51,09-21-2026 21:19:33:076,134341,183891
63.52,09-21-2026 21:19:33:086,134360,183874
63.53,09-21-2026 21:19:33:096,134354,183865
63.54,09-21-2026 21:19:33:106,134360,183886
63.55,09-21-2026 21:19:33:116,134352,183858
63.56,09-21-2026 21:19:33:126,134345,183864
63.57,09-21-2026 21:19:33:136,134369,183847
63.58,09-21-2026 21:19:33:146,134359,183868
63.59,09-21-2026 21:19:33:156,134358,183835
63.6,09-21-2026 21:19:33:166,134358,183835
63.61,09-21-2026 21:19:33:176,134340,183850
63.62,09-21-2026 21:19:33:186,134329,183846
63.63,09-21-2026 21:19:33:196,134340,183851
63.64,09-21-2026 21:19:33:206,134353,183820
63.65,09-21-2026 21:19:33:216,134354,183851
63.66,09-21-2026 21:19:33:226,134359,183842
63.67,09-21-2026 21:19:33:236,134351,183851
63.68,09-21-2026 21:19:33:246,134353,183823
63.69,09-21-2026 21:19:33:256,134353,183873
63.7,09-21-2026 21:19:33:266,134373,183830
63.71,09-21-2026 21:19:33:276,134351,183876
63.72,09-21-2026 21:19:33:286,134362,183825
63.73,09-21-2026 21:19:33:296,134358,183867
63.74,09-21-2026 21:19:33:306,134362,183830
63.75,09-21-2026 21:19:33:316,134360,183848
63.76,09-21-2026 21:19:33:326,134343,183817
63.77,09-21-2026 21:19:33:336,134353,183863
63.78,09-21-2026 21:19:33:346,134348,183826
63.79,09-21-2026 21:19:33:356,134349,183846
63.8,09-21-2026 21:19:33:366,134361,183824
63.81,09-21-2026 21:19:33:376,134359,183872
63.82,09-21-2026 21:19:33:386,134353,183819
63.83,09-21-2026 21:19:33:396,134344,183868
63.84,09-21-2026 21:19:33:406,134353,183819
63.85,09-21-2026 21:19:33:416,134380,183881
63.86,09-21-2026 21:19:33:426,134360,183849
63.87,09-21-2026 21:19:33:436,134364,183904
63.88,09-21-2026 21:19:33:446,134360,183867
63.89,09-21-2026 21:19:33:456,134371,183927
63.9,09-21-2026 21:19:33:466,134377,183889
63.91,09-21-2026 21:19:33:476,134381,183944
63.92,09-21-2026 21:19:33:486,134384,183883
63.93,09-21-2026 21:19:33:496,134371,183949
63.94,09-21-2026 21:19:33:506,134367,183904
63.95,09-21-2026 21:19:33:516,134384,183975
63.96,09-21-2026 21:19:33:526,134378,183920
63.97,09-21-2026 21:19:33:536,134380,183996
63.98,09-21-2026 21:19:33:546,134388,183965
63.99,09-21-2026 21:19:33:556,134391,184009
64,09-21-2026 21:19:33:566,134387,183994
64.01,09-21-2026 21:19:33:576,134404,184029
64.02,09-21-2026 21:19:33:586,134400,183999
64.03,09-21-2026 21:19:33:596,134406,184057
64.04,09-21-2026 21:19:33:606,134406,184030
64.05,09-21-2026 21:19:33:616,134402,184064
64.06,09-21-2026 21:19:33:626,134412,184050
64.07,09-21-2026 21:19:33:636,134421,184093
64.08,09-21-2026 21:19:33:646,134426,184068
64.09,09-21-2026 21:19:33:656,134412,184101
64.1,09-21-2026 21:19:33:666,134426,184094
64.11,09-21-2026 21:19:33:676,134420,184137
64.12,09-21-2026 21:19:33:686,134421,184130
64.13,09-21-2026 21:19:33:696,134405,184141
64.14,09-21-2026 21:19:33:706,134428,184133
64.15,09-21-2026 21:19:33:716,134426,184164
64.16,09-21-2026 21:19:33:726,134439,184191
64.17,09-21-2026 21:19:33:736,134426,184185
64.18,09-21-2026 21:19:33:746,134421,184201
64.19,09-21-2026 21:19:33:756,134425,184208
64.2,09-21-2026 21:19:33:766,134434,184215
64.21,09-21-2026 21:19:33:776,134427,184220
64.22,09-21-2026 21:19:33:786,134436,184232
64.23,09-21-2026 21:19:33:796,134436,184217
64.24,09-21-2026 21:19:33:806,134441,184231
64.25,09-21-2026 21:19:33:816,134442,184194
64.26,09-21-2026 21:19:33:826,134437,184195
64.27,09-21-2026 21:19:33:836,134420,184156
64.28,09-21-2026 21:19:33:846,134442,184154
64.29,09-21-2026 21:19:33:856,134423,184136
64.3,09-21-2026 21:19:33:866,134419,184145
64.31,09-21-2026 21:19:33:876,134415,184117
64.32,09-21-2026 21:19:33:886,134409,184121
64.33,09-21-2026 21:19:33:896,134423,184102
64.34,09-21-2026 21:19:33:906,134408,184137
64.35,09-21-2026 21:19:33:916,134402,184096
64.36,09-21-2026 21:19:33:926,134397,184124
64.37,09-21-2026 21:19:33:936,134407,184070
64.38,09-21-2026 21:19:33:946,134397,184118
64.39,09-21-2026 21:19:33:956,134408,184078
64.4,09-21-2026 21:19:33:966,134411,184138
64.41,09-21-2026 21:19:33:976,134422,184073
64.42,09-21-2026 21:19:33:986,134405,184123
64.43,09-21-2026 21:19:33:996,134407,184074
64.44,09-21-2026 21:19:34:006,134409,184129
64.45,09-21-2026 21:19:34:016,134410,184077
64.46,09-21-2026 21:19:34:026,134415,184121
64.47,09-21-2026 21:19:34:036,134406,184100
64.48,09-21-2026 21:19:34:046,134424,184115
64.49,09-21-2026 21:19:34:056,134426,184087
64.5,09-21-2026 21:19:34:066,134409,184151
64.51,09-21-2026 21:19:34:076,134412,184111
64.52,09-21-2026 21:19:34:086,134413,184131
64.53,09-21-2026 21:19:34:096,134417,184086
64.54,09-21-2026 21:19:34:106,134407,184109
64.55,09-21-2026 21:19:34:116,134395,184120
64.56,09-21-2026 21:19:34:126,134403,184113
64.57,09-21-2026 21:19:34:136,134415,184089
64.58,09-21-2026 21:19:34:146,134419,184141
64.59,09-21-2026 21:19:34:156,134442,184122
64.6,09-21-2026 21:19:34:166,134408,184133
64.61,09-21-2026 21:19:34:176,134422,184123
64.62,09-21-2026 21:19:34:186,134405,184139
64.63,09-21-2026 21:19:34:196,134403,184131
64.64,09-21-2026 21:19:34:206,134427,184166
64.65,09-21-2026 21:19:34:216,134419,184142
64.66,09-21-2026 21:19:34:226,134411,184168
64.67,09-21-2026 21:19:34:236,134424,184146
64.68,09-21-2026 21:19:34:246,134414,184187
64.69,09-21-2026 21:19:34:256,134417,184174
64.7,09-21-2026 21:19:34:266,134422,184183
64.71,09-21-2026 21:19:34:276,134423,184187
64.72,09-21-2026 21:19:34:286,134413,184194
64.73,09-21-2026 21:19:34:296,134432,184218
64.74,09-21-2026 21:19:34:306,134426,184224
64.75,09-21-2026 21:19:34:316,134439,184225
64.76,09-21-2026 21:19:34:326,134436,184249
64.77,09-21-2026 21:19:34:336,134445,184244
64.78,09-21-2026 21:19:34:346,134423,184245
64.79,09-21-2026 21:19:34:356,134443,184272
64.8,09-21-2026 21:19:34:366,134429,184270
64.81,09-21-2026 21:19:34:376,134450,184293
64.82,09-21-2026 21:19:34:386,134440,184282
64.83,09-21-2026 21:19:34:396,134453,184302
64.84,09-21-2026 21:19:34:406,134456,184310
64.85,09-21-2026 21:19:34:416,134449,184320
64.86,09-21-2026 21:19:34:426,134467,184314
64.87,09-21-2026 21:19:34:436,134450,184327
64.88,09-21-2026 21:19:34:446,134453,184345
64.89,09-21-2026 21:19:34:456,134456,184334
64.9,09-21-2026 21:19:34:466,134443,184346
64.91,09-21-2026 21:19:34:476,134462,184372
64.92,09-21-2026 21:19:34:486,134463,184390
64.93,09-21-2026 21:19:34:496,134466,184387
64.94,09-21-2026 21:19:34:506,134474,184403
64.95,09-21-2026 21:19:34:516,134479,184417
64.96,09-21-2026 21:19:34:526,134471,184435
64.97,09-21-2026 21:19:34:536,134485,184422
64.98,09-21-2026 21:19:34:546,134471,184429
64.99,09-21-2026 21:19:34:556,134480,184450
65,09-21-2026 21:19:34:566,134470,184459
65.01,09-21-2026 21:19:34:576,134507,184450
65.02,09-21-2026 21:19:34:586,134475,184467
65.03,09-21-2026 21:19:34:596,134488,184445
65.04,09-21-2026 21:19:34:606,134484,184425
65.05,09-21-2026 21:19:34:616,134474,184408
65.06,09-21-2026 21:19:34:626,134464,184406
65.07,09-21-2026 21:19:34:636,134472,184388
65.08,09-21-2026 21:19:34:646,134444,184389
65.09,09-21-2026 21:19:34:656,134457,184371
65.1,09-21-2026 21:19:34:666,134452,184364
65.11,09-21-2026 21:19:34:676,134471,184348
65.12,09-21-2026 21:19:34:686,134448,184343
65.13,09-21-2026 21:19:34:696,134458,184361
65.14,09-21-2026 21:19:34:706,134456,184351
65.15,09-21-2026 21:19:34:716,134459,184355
65.16,09-21-2026 21:19:34:726,134448,184359
65.17,09-21-2026 21:19:34:736,134473,184360
65.18,09-21-2026 21:19:34:746,134468,184353
65.19,09-21-2026 21:19:34:756,134457,184359
65.2,09-21-2026 21:19:34:766,134441,184369
65.21,09-21-2026 21:19:34:776,134473,184340
65.22,09-21-2026 21:19:34:786,134442,184354
65.23,09-21-2026 21:19:34:796,134456,184368
65.24,09-21-2026 21:19:34:806,134430,184363
65.25,09-21-2026 21:19:34:816,134468,184366
65.26,09-21-2026 21:19:34:826,134431,184372
65.27,09-21-2026 21:19:34:836,134444,184372
65.28,09-21-2026 21:19:34:846,134426,184397
65.29,09-21-2026 21:19:34:856,134459,184389
65.3,09-21-2026 21:19:34:866,134434,184382
65.31,09-21-2026 21:19:34:876,134486,184390
65.32,09-21-2026 21:19:34:886,134433,184404
65.33,09-21-2026 21:19:34:896,134475,184383
65.34,09-21-2026 21:19:34:906,134436,184374
65.35,09-21-2026 21:19:34:916,134466,184390
65.36,09-21-2026 21:19:34:926,134438,184392
65.37,09-21-2026 21:19:34:936,134458,184404
65.38,09-21-2026 21:19:34:946,134434,184423
65.39,09-21-2026 21:19:34:956,134478,184412
65.4,09-21-2026 21:19:34:966,134436,184391
65.41,09-21-2026 21:19:34:976,134490,184433
65.42,09-21-2026 21:19:34:986,134434,184429
65.43,09-21-2026 21:19:34:996,134492,184433
65.44,09-21-2026 21:19:35:006,134431,184439
65.45,09-21-2026 21:19:35:016,134488,184447
65.46,09-21-2026 21:19:35:026,134438,184451
65.47,09-21-2026 21:19:35:036,134481,184459
65.48,09-21-2026 21:19:35:046,134452,184472
65.49,09-21-2026 21:19:35:056,134484,184467
65.5,09-21-2026 21:19:35:066,134448,184474
65.51,09-21-2026 21:19:35:076,134490,184496
65.52,09-21-2026 21:19:35:086,134437,184493
65.53,09-21-2026 21:19:35:096,134510,184507
65.54,09-21-2026 21:19:35:106,134463,184514
65.55,09-21-2026 21:19:35:116,134503,184519
65.56,09-21-2026 21:19:35:126,134467,184522
65.57,09-21-2026 21:19:35:136,134502,184551
65.58,09-21-2026 21:19:35:146,134479,184571
65.59,09-21-2026 21:19:35:156,134502,184561
65.6,09-21-2026 21:19:35:166,134476,184562
65.61,09-21-2026 21:19:35:176,134508,184584
65.62,09-21-2026 21:19:35:186,134476,184577
65.63,09-21-2026 21:19:35:196,134517,184600
65.64,09-21-2026 21:19:35:206,134471,184591
65.65,09-21-2026 21:19:35:216,134514,184605
65.66,09-21-2026 21:19:35:226,134499,184612
65.67,09-21-2026 21:19:35:236,134508,184638
65.68,09-21-2026 21:19:35:246,134526,184646
65.69,09-21-2026 21:19:35:256,134525,184644
65.7,09-21-2026 21:19:35:266,134524,184646
65.71,09-21-2026 21:19:35:276,134536,184674
65.72,09-21-2026 21:19:35:286,134534,184682
65.73,09-21-2026 21:19:35:296,134533,184726
65.74,09-21-2026 21:19:35:306,134547,184708
65.75,09-21-2026 21:19:35:316,134547,184718
65.76,09-21-2026 21:19:35:326,134540,184716
65.77,09-21-2026 21:19:35:336,134544,184729
65.78,09-21-2026 21:19:35:346,134552,184730
65.79,09-21-2026 21:19:35:356,134547,184755
65.8,09-21-2026 21:19:35:366,134548,184747
65.81,09-21-2026 21:19:35:376,134539,184747
65.82,09-21-2026 21:19:35:386,134561,184734
65.83,09-21-2026 21:19:35:396,134552,184754
65.84,09-21-2026 21:19:35:406,134573,184727
65.85,09-21-2026 21:19:35:416,134552,184712
65.86,09-21-2026 21:19:35:426,134570,184700
65.87,09-21-2026 21:19:35:436,134537,184690
65.88,09-21-2026 21:19:35:446,134561,184689
65.89,09-21-2026 21:19:35:456,134538,184674
65.9,09-21-2026 21:19:35:466,134578,184673
65.91,09-21-2026 21:19:35:476,134529,184682
65.92,09-21-2026 21:19:35:486,134561,184664
65.93,09-21-2026 21:19:35:496,134502,184675
65.94,09-21-2026 21:19:35:506,134538,184649
65.95,09-21-2026 21:19:35:516,134530,184674
65.96,09-21-2026 21:19:35:526,134569,184665
65.97,09-21-2026 21:19:35:536,134524,184655
65.98,09-21-2026 21:19:35:546,134552,184665
65.99,09-21-2026 21:19:35:556,134529,184660
66,09-21-2026 21:19:35:566,134567,184653
66.01,09-21-2026 21:19:35:576,134525,184674
66.02,09-21-2026 21:19:35:586,134559,184665
66.03,09-21-2026 21:19:35:596,134532,184669
66.04,09-21-2026 21:19:35:606,134559,184668
66.05,09-21-2026 21:19:35:616,134515,184680
66.06,09-21-2026 21:19:35:626,134584,184695
66.07,09-21-2026 21:19:35:636,134521,184698
66.08,09-21-2026 21:19:35:646,134548,184691
66.09,09-21-2026 21:19:35:656,134520,184686
66.1,09-21-2026 21:19:35:666,134548,184685
66.11,09-21-2026 21:19:35:676,134526,184685
66.12,09-21-2026 21:19:35:686,134547,184710
66.13,09-21-2026 21:19:35:696,134522,184691
66.14,09-21-2026 21:19:35:706,134546,184696
66.15,09-21-2026 21:19:35:716,134532,184705
66.16,09-21-2026 21:19:35:726,134561,184705
66.17,09-21-2026 21:19:35:736,134531,184703
66.18,09-21-2026 21:19:35:746,134548,184714
66.19,09-21-2026 21:19:35:756,134540,184700
66.2,09-21-2026 21:19:35:766,134553,184717
66.21,09-21-2026 21:19:35:776,134549,184722
66.22,09-21-2026 21:19:35:786,134549,184724
66.23,09-21-2026 21:19:35:796,134527,184721
66.24,09-21-2026 21:19:35:806,134545,184738
66.25,09-21-2026 21:19:35:816,134557,184724
66.26,09-21-2026 21:19:35:826,134552,184747
66.27,09-21-2026 21:19:35:836,134555,184738
66.28,09-21-2026 21:19:35:846,134524,184766
66.29,09-21-2026 21:19:35:856,134553,184766
66.3,09-21-2026 21:19:35:866,134547,184765
66.31,09-21-2026 21:19:35:876,134547,184771
66.32,09-21-2026 21:19:35:886,134538,184772
66.33,09-21-2026 21:19:35:896,134551,184779
66.34,09-21-2026 21:19:35:906,134557,184791
66.35,09-21-2026 21:19:35:916,134543,184816
66.36,09-21-2026 21:19:35:926,134556,184815
66.37,09-21-2026 21:19:35:936,134566,184810
66.38,09-21-2026 21:19:35:946,134558,184838
66.39,09-21-2026 21:19:35:956,134556,184824
66.4,09-21-2026 21:19:35:966,134555,184849
66.41,09-21-2026 21:19:35:976,134564,184840
66.42,09-21-2026 21:19:35:986,134561,184869
66.43,09-21-2026 21:19:35:996,134563,184857
66.44,09-21-2026 21:19:36:006,134549,184885
66.45,09-21-2026 21:19:36:016,134555,184845
66.46,09-21-2026 21:19:36:026,134565,184899
66.47,09-21-2026 21:19:36:036,134580,184887
66.48,09-21-2026 21:19:36:046,134570,184928
66.49,09-21-2026 21:19:36:056,134573,184897
66.5,09-21-2026 21:19:36:066,134590,184915
66.51,09-21-2026 21:19:36:076,134564,184897
66.52,09-21-2026 21:19:36:086,134567,184950
66.53,09-21-2026 21:19:36:096,134569,184917
66.54,09-21-2026 21:19:36:106,134561,184975
66.55,09-21-2026 21:19:36:116,134579,184935
66.56,09-21-2026 21:19:36:126,134590,184958
66.57,09-21-2026 21:19:36:136,134569,184934
66.58,09-21-2026 21:19:36:146,134566,184965
66.59,09-21-2026 21:19:36:156,134583,184920
66.6,09-21-2026 21:19:36:166,134583,184965
66.61,09-21-2026 21:19:36:176,134578,184896
66.62,09-21-2026 21:19:36:186,134569,184916
66.63,09-21-2026 21:19:36:196,134586,184897
66.64,09-21-2026 21:19:36:206,134576,184930
66.65,09-21-2026 21:19:36:216,134575,184854
66.66,09-21-2026 21:19:36:226,134568,184891
66.67,09-21-2026 21:19:36:236,134565,184851
66.68,09-21-2026 21:19:36:246,134571,184896
66.69,09-21-2026 21:19:36:256,134568,184856
66.7,09-21-2026 21:19:36:266,134557,184892
66.71,09-21-2026 21:19:36:276,134575,184831
66.72,09-21-2026 21:19:36:286,134580,184909
66.73,09-21-2026 21:19:36:296,134572,184862
66.74,09-21-2026 21:19:36:306,134565,184882
66.75,09-21-2026 21:19:36:316,134577,184866
66.76,09-21-2026 21:19:36:326,134551,184879
66.77,09-21-2026 21:19:36:336,134570,184870
66.78,09-21-2026 21:19:36:346,134560,184890
66.79,09-21-2026 21:19:36:356,134544,184882
66.8,09-21-2026 21:19:36:366,134563,184898
66.81,09-21-2026 21:19:36:376,134554,184864
66.82,09-21-2026 21:19:36:386,134563,184913
66.83,09-21-2026 21:19:36:396,134548,184882
66.84,09-21-2026 21:19:36:406,134558,184900
66.85,09-21-2026 21:19:36:416,134554,184876
66.86,09-21-2026 21:19:36:426,134557,184906
66.87,09-21-2026 21:19:36:436,134551,184905
66.88,09-21-2026 21:19:36:446,134558,184900
66.89,09-21-2026 21:19:36:456,134561,184917
66.9,09-21-2026 21:19:36:466,134570,184917
66.91,09-21-2026 21:19:36:476,134574,184927
66.92,09-21-2026 21:19:36:486,134560,184926
66.93,09-21-2026 21:19:36:496,134569,184923
66.94,09-21-2026 21:19:36:506,134555,184907
66.95,09-21-2026 21:19:36:516,134559,184935
66.96,09-21-2026 21:19:36:526,134569,184930
66.97,09-21-2026 21:19:36:536,134582,184937
66.98,09-21-2026 21:19:36:546,134553,184923
66.99,09-21-2026 21:19:36:556,134565,184953
67,09-21-2026 21:19:36:566,134571,184947
67.01,09-21-2026 21:19:36:576,134574,184970
67.02,09-21-2026 21:19:36:586,134561,184951
67.03,09-21-2026 21:19:36:596,134587,184984
67.04,09-21-2026 21:19:36:606,134569,184971
67.05,09-21-2026 21:19:36:616,134573,184964
67.06,09-21-2026 21:19:36:626,134559,184963
67.07,09-21-2026 21:19:36:636,134571,184990
67.08,09-21-2026 21:19:36:646,134583,184982
67.09,09-21-2026 21:19:36:656,134565,185005
67.1,09-21-2026 21:19:36:666,134581,184999
67.11,09-21-2026 21:19:36:676,134568,185025
67.12,09-21-2026 21:19:36:686,134574,184991
67.13,09-21-2026 21:19:36:696,134586,185041
67.14,09-21-2026 21:19:36:706,134577,185005
67.15,09-21-2026 21:19:36:716,134585,185068
67.16,09-21-2026 21:19:36:726,134579,185016
67.17,09-21-2026 21:19:36:736,134582,185073
67.18,09-21-2026 21:19:36:746,134582,185041
67.19,09-21-2026 21:19:36:756,134576,185084
67.2,09-21-2026 21:19:36:766,134585,185058
67.21,09-21-2026 21:19:36:776,134605,185111
67.22,09-21-2026 21:19:36:786,134592,185072
67.23,09-21-2026 21:19:36:796,134595,185114
67.24,09-21-2026 21:19:36:806,134600,185069
67.25,09-21-2026 21:19:36:816,134601,185120
67.26,09-21-2026 21:19:36:826,134581,185097
67.27,09-21-2026 21:19:36:836,134593,185103
67.28,09-21-2026 21:19:36:846,134595,185095
67.29,09-21-2026 21:19:36:856,134588,185146
67.3,09-21-2026 21:19:36:866,134589,185122
67.31,09-21-2026 21:19:36:876,134601,185133
67.32,09-21-2026 21:19:36:886,134607,185136
67.33,09-21-2026 21:19:36:896,134589,185119
67.34,09-21-2026 21:19:36:906,134576,185088
67.35,09-21-2026 21:19:36:916,134591,185078
67.36,09-21-2026 21:19:36:926,134602,185040
67.37,09-21-2026 21:19:36:936,134596,185066
67.38,09-21-2026 21:19:36:946,134573,185024
67.39,09-21-2026 21:19:36:956,134577,185031
67.4,09-21-2026 21:19:36:966,134587,185025
67.41,09-21-2026 21:19:36:976,134586,185024
67.42,09-21-2026 21:19:36:986,134585,185027
67.43,09-21-2026 21:19:36:996,134581,185014
67.44,09-21-2026 21:19:37:006,134579,184990
67.45,09-21-2026 21:19:37:016,134581,185018
67.46,09-21-2026 21:19:37:026,134578,185001
67.47,09-21-2026 21:19:37:036,134579,184977
67.48,09-21-2026 21:19:37:046,134564,184984
67.49,09-21-2026 21:19:37:056,134570,184984
67.5,09-21-2026 21:19:37:066,134578,184998
67.51,09-21-2026 21:19:37:076,134576,184983
67.52,09-21-2026 21:19:37:086,134580,184976
67.53,09-21-2026 21:19:37:096,134578,185002
67.54,09-21-2026 21:19:37:106,134564,184985
67.55,09-21-2026 21:19:37:116,134582,184981
67.56,09-21-2026 21:19:37:126,134570,184969
67.57,09-21-2026 21:19:37:136,134572,184975
67.58,09-21-2026 21:19:37:146,134584,184984
67.59,09-21-2026 21:19:37:156,134557,185000
67.6,09-21-2026 21:19:37:166,134579,184967
67.61,09-21-2026 21:19:37:176,134578,184976
67.62,09-21-2026 21:19:37:186,134586,184972
67.63,09-21-2026 21:19:37:196,134577,184970
67.64,09-21-2026 21:19:37:206,134571,184976
67.65,09-21-2026 21:19:37:216,134575,184981
67.66,09-21-2026 21:19:37:226,134562,184968
67.67,09-21-2026 21:19:37:236,134582,184974
67.68,09-21-2026 21:19:37:246,134559,184971
67.69,09-21-2026 21:19:37:256,134573,184995
67.7,09-21-2026 21:19:37:266,134563,184983
67.71,09-21-2026 21:19:37:276,134559,184992
67.72,09-21-2026 21:19:37:286,134562,184968
67.73,09-21-2026 21:19:37:296,134566,184974
67.74,09-21-2026 21:19:37:306,134571,184977
67.75,09-21-2026 21:19:37:316,134558,184975
67.76,09-21-2026 21:19:37:326,134567,184971
67.77,09-21-2026 21:19:37:336,134564,185002
67.78,09-21-2026 21:19:37:346,134589,184983
67.79,09-21-2026 21:19:37:356,134552,184986
67.8,09-21-2026 21:19:37:366,134561,185001
67.81,09-21-2026 21:19:37:376,134570,185016
67.82,09-21-2026 21:19:37:386,134573,185008
67.83,09-21-2026 21:19:37:396,134564,185021
67.84,09-21-2026 21:19:37:406,134546,185015
67.85,09-21-2026 21:19:37:416,134544,185015
67.86,09-21-2026 21:19:37:426,134561,185018
67.87,09-21-2026 21:19:37:436,134567,185012
67.88,09-21-2026 21:19:37:446,134558,185034
67.89,09-21-2026 21:19:37:456,134539,185038
67.9,09-21-2026 21:19:37:466,134568,185056
67.91,09-21-2026 21:19:37:476,134540,185032
67.92,09-21-2026 21:19:37:486,134583,185056
67.93,09-21-2026 21:19:37:496,134552,185060
67.94,09-21-2026 21:19:37:506,134580,185049
67.95,09-21-2026 21:19:37:516,134544,185066
67.96,09-21-2026 21:19:37:526,134581,185081
67.97,09-21-2026 21:19:37:536,134547,185079
67.98,09-21-2026 21:19:37:546,134578,185083
67.99,09-21-2026 21:19:37:556,134558,185070
68,09-21-2026 21:19:37:566,134575,185092
68.01,09-21-2026 21:19:37:576,134543,185104
68.02,09-21-2026 21:19:37:586,134586,185132
68.03,09-21-2026 21:19:37:596,134560,185116
68.04,09-21-2026 21:19:37:606,134580,185122
68.05,09-21-2026 21:19:37:616,134546,185128
68.06,09-21-2026 21:19:37:626,134581,185133
68.07,09-21-2026 21:19:37:636,134540,185128
68.08,09-21-2026 21:19:37:646,134589,185129
68.09,09-21-2026 21:19:37:656,134537,185132
68.1,09-21-2026 21:19:37:666,134589,185092
68.11,09-21-2026 21:19:37:676,134541,185080
68.12,09-21-2026 21:19:37:686,134594,185069
68.13,09-21-2026 21:19:37:696,134529,185058
68.14,09-21-2026 21:19:37:706,134572,185034
68.15,09-21-2026 21:19:37:716,134536,185021
68.16,09-21-2026 21:19:37:726,134561,185000
68.17,09-21-2026 21:19:37:736,134510,185008
68.18,09-21-2026 21:19:37:746,134563,184989
68.19,09-21-2026 21:19:37:756,134522,184976
68.2,09-21-2026 21:19:37:766,134568,184963
68.21,09-21-2026 21:19:37:776,134518,184963
68.22,09-21-2026 21:19:37:786,134556,184946
68.23,09-21-2026 21:19:37:796,134537,184950
68.24,09-21-2026 21:19:37:806,134537,184954
68.25,09-21-2026 21:19:37:816,134521,184966
68.26,09-21-2026 21:19:37:826,134546,184927
68.27,09-21-2026 21:19:37:836,134527,184928
68.28,09-21-2026 21:19:37:846,134547,184923
68.29,09-21-2026 21:19:37:856,134521,184920
68.3,09-21-2026 21:19:37:866,134556,184918
68.31,09-21-2026 21:19:37:876,134531,184914
68.32,09-21-2026 21:19:37:886,134549,184910
68.33,09-21-2026 21:19:37:896,134519,184913
68.34,09-21-2026 21:19:37:906,134543,184924
68.35,09-21-2026 21:19:37:916,134525,184910
68.36,09-21-2026 21:19:37:926,134532,184906
68.37,09-21-2026 21:19:37:936,134557,184903
68.38,09-21-2026 21:19:37:946,134519,184899
68.39,09-21-2026 21:19:37:956,134544,184896
68.4,09-21-2026 21:19:37:966,134516,184882
68.41,09-21-2026 21:19:37:976,134539,184867
68.42,09-21-2026 21:19:37:986,134537,184860
68.43,09-21-2026 21:19:37:996,134533,184859
68.44,09-21-2026 21:19:38:006,134522,184860
68.45,09-21-2026 21:19:38:016,134550,184870
68.46,09-21-2026 21:19:38:026,134529,184882
68.47,09-21-2026 21:19:38:036,134538,184878
68.48,09-21-2026 21:19:38:046,134525,184858
68.49,09-21-2026 21:19:38:056,134547,184886
68.5,09-21-2026 21:19:38:066,134531,184858
68.51,09-21-2026 21:19:38:076,134533,184892
68.52,09-21-2026 21:19:38:086,134529,184869
68.53,09-21-2026 21:19:38:096,134554,184866
68.54,09-21-2026 21:19:38:106,134508,184887
68.55,09-21-2026 21:19:38:116,134544,184877
68.56,09-21-2026 21:19:38:126,134521,184869
68.57,09-21-2026 21:19:38:136,134543,184876
68.58,09-21-2026 21:19:38:146,134519,184891
68.59,09-21-2026 21:19:38:156,134560,184875
68.6,09-21-2026 21:19:38:166,134503,184878
68.61,09-21-2026 21:19:38:176,134546,184896
68.62,09-21-2026 21:19:38:186,134527,184885
68.63,09-21-2026 21:19:38:196,134541,184883
68.64,09-21-2026 21:19:38:206,134520,184882
68.65,09-21-2026 21:19:38:216,134555,184907
68.66,09-21-2026 21:19:38:226,134520,184912
68.67,09-21-2026 21:19:38:236,134556,184907
68.68,09-21-2026 21:19:38:246,134542,184915
68.69,09-21-2026 21:19:38:256,134559,184916
68.7,09-21-2026 21:19:38:266,134528,184925
68.71,09-21-2026 21:19:38:276,134548,184933
68.72,09-21-2026 21:19:38:286,134521,184931
68.73,09-21-2026 21:19:38:296,134571,184940
68.74,09-21-2026 21:19:38:306,134520,184931
68.75,09-21-2026 21:19:38:316,134580,184960
68.76,09-21-2026 21:19:38:326,134537,184951
68.77,09-21-2026 21:19:38:336,134543,184955
68.78,09-21-2026 21:19:38:346,134525,184960
68.79,09-21-2026 21:19:38:356,134544,184948
68.8,09-21-2026 21:19:38:366,134522,184960
68.81,09-21-2026 21:19:38:376,134558,184955
68.82,09-21-2026 21:19:38:386,134536,184971
68.83,09-21-2026 21:19:38:396,134565,185003
68.84,09-21-2026 21:19:38:406,134532,185000
68.85,09-21-2026 21:19:38:416,134558,184979
68.86,09-21-2026 21:19:38:426,134531,184984
68.87,09-21-2026 21:19:38:436,134552,185004
68.88,09-21-2026 21:19:38:446,134541,185028
68.89,09-21-2026 21:19:38:456,134560,185006
68.9,09-21-2026 21:19:38:466,134542,185007
68.91,09-21-2026 21:19:38:476,134532,184973
68.92,09-21-2026 21:19:38:486,134535,184975
68.93,09-21-2026 21:19:38:496,134524,184951
68.94,09-21-2026 21:19:38:506,134510,184927
68.95,09-21-2026 21:19:38:516,134535,184913
68.96,09-21-2026 21:19:38:526,134511,184879
68.97,09-21-2026 21:19:38:536,134517,184871
68.98,09-21-2026 21:19:38:546,134509,184839
68.99,09-21-2026 21:19:38:556,134522,184859
69,09-21-2026 21:19:38:566,134502,184845
69.01,09-21-2026 21:19:38:576,134525,184844
69.02,09-21-2026 21:19:38:586,134507,184832
69.03,09-21-2026 21:19:38:596,134496,184838
69.04,09-21-2026 21:19:38:606,134500,184803
69.05,09-21-2026 21:19:38:616,134498,184831
69.06,09-21-2026 21:19:38:626,134499,184779
69.07,09-21-2026 21:19:38:636,134484,184802
69.08,09-21-2026 21:19:38:646,134494,184779
69.09,09-21-2026 21:19:38:656,134501,184782
69.1,09-21-2026 21:19:38:666,134487,184761
69.11,09-21-2026 21:19:38:676,134490,184777
69.12,09-21-2026 21:19:38:686,134498,184734
69.13,09-21-2026 21:19:38:696,134481,184774
69.14,09-21-2026 21:19:38:706,134466,184760
69.15,09-21-2026 21:19:38:716,134480,184778
69.16,09-21-2026 21:19:38:726,134496,184750
69.17,09-21-2026 21:19:38:736,134489,184777
69.18,09-21-2026 21:19:38:746,134487,184731
69.19,09-21-2026 21:19:38:756,134466,184751
69.2,09-21-2026 21:19:38:766,134478,184717
69.21,09-21-2026 21:19:38:776,134473,184740
69.22,09-21-2026 21:19:38:786,134495,184696
69.23,09-21-2026 21:19:38:796,134464,184746
69.24,09-21-2026 21:19:38:806,134470,184690
69.25,09-21-2026 21:19:38:816,134467,184729
69.26,09-21-2026 21:19:38:826,134470,184702
69.27,09-21-2026 21:19:38:836,134468,184728
69.28,09-21-2026 21:19:38:846,134471,184683
69.29,09-21-2026 21:19:38:856,134461,184716
69.3,09-21-2026 21:19:38:866,134454,184689
69.31,09-21-2026 21:19:38:876,134473,184718
69.32,09-21-2026 21:19:38:886,134466,184677
69.33,09-21-2026 21:19:38:896,134460,184731
69.34,09-21-2026 21:19:38:906,134464,184677
69.35,09-21-2026 21:19:38:916,134462,184745
69.36,09-21-2026 21:19:38:926,134465,184658
69.37,09-21-2026 21:19:38:936,134482,184719
69.38,09-21-2026 21:19:38:946,134461,184657
69.39,09-21-2026 21:19:38:956,134457,184727
69.4,09-21-2026 21:19:38:966,134449,184662
69.41,09-21-2026 21:19:38:976,134467,184745
69.42,09-21-2026 21:19:38:986,134459,184673
69.43,09-21-2026 21:19:38:996,134468,184736
69.44,09-21-2026 21:19:39:006,134468,184674
69.45,09-21-2026 21:19:39:016,134483,184765
69.46,09-21-2026 21:19:39:026,134474,184695
69.47,09-21-2026 21:19:39:036,134469,184755
69.48,09-21-2026 21:19:39:046,134491,184713
69.49,09-21-2026 21:19:39:056,134464,184782
69.5,09-21-2026 21:19:39:066,134476,184745
69.51,09-21-2026 21:19:39:076,134470,184771
69.52,09-21-2026 21:19:39:086,134468,184749
69.53,09-21-2026 21:19:39:096,134497,184789
69.54,09-21-2026 21:19:39:106,134485,184745
69.55,09-21-2026 21:19:39:116,134486,184779
69.56,09-21-2026 21:19:39:126,134497,184755
69.57,09-21-2026 21:19:39:136,134493,184774
69.58,09-21-2026 21:19:39:146,134467,184797
69.59,09-21-2026 21:19:39:156,134493,184806
69.6,09-21-2026 21:19:39:166,134481,184791
69.61,09-21-2026 21:19:39:176,134483,184828
69.62,09-21-2026 21:19:39:186,134487,184805
69.63,09-21-2026 21:19:39:196,134473,184847
69.64,09-21-2026 21:19:39:206,134481,184814
69.65,09-21-2026 21:19:39:216,134492,184837
69.66,09-21-2026 21:19:39:226,134482,184842
69.67,09-21-2026 21:19:39:236,134476,184830
69.68,09-21-2026 21:19:39:246,134476,184842
69.69,09-21-2026 21:19:39:256,134488,184817
69.7,09-21-2026 21:19:39:266,134470,184806
69.71,09-21-2026 21:19:39:276,134476,184775
69.72,09-21-2026 21:19:39:286,134456,184783
69.73,09-21-2026 21:19:39:296,134466,184731
69.74,09-21-2026 21:19:39:306,134451,184713
69.75,09-21-2026 21:19:39:316,134453,184683
69.76,09-21-2026 21:19:39:326,134454,184717
69.77,09-21-2026 21:19:39:336,134439,184665
69.78,09-21-2026 21:19:39:346,134452,184687
69.79,09-21-2026 21:19:39:356,134456,184643
69.8,09-21-2026 21:19:39:366,134448,184669
69.81,09-21-2026 21:19:39:376,134445,184642
69.82,09-21-2026 21:19:39:386,134433,184644
69.83,09-21-2026 21:19:39:396,134447,184616
69.84,09-21-2026 21:19:39:406,134456,184632
69.85,09-21-2026 21:19:39:416,134431,184598
69.86,09-21-2026 21:19:39:426,134420,184622
69.87,09-21-2026 21:19:39:436,134416,184597
69.88,09-21-2026 21:19:39:446,134438,184596
69.89,09-21-2026 21:19:39:456,134420,184587
69.9,09-21-2026 21:19:39:466,134417,184598
69.91,09-21-2026 21:19:39:476,134395,184559
69.92,09-21-2026 21:19:39:486,134412,184597
69.93,09-21-2026 21:19:39:496,134433,184567
69.94,09-21-2026 21:19:39:506,134430,184576
69.95,09-21-2026 21:19:39:516,134407,184546
69.96,09-21-2026 21:19:39:526,134429,184572
69.97,09-21-2026 21:19:39:536,134412,184549
69.98,09-21-2026 21:19:39:546,134420,184568
69.99,09-21-2026 21:19:39:556,134424,184533
70,09-21-2026 21:19:39:566,134408,184567
70.01,09-21-2026 21:19:39:576,134408,184542
70.02,09-21-2026 21:19:39:586,134413,184571
70.03,09-21-2026 21:19:39:596,134409,184513
70.04,09-21-2026 21:19:39:606,134404,184555
70.05,09-21-2026 21:19:39:616,134426,184523
70.06,09-21-2026 21:19:39:626,134394,184548
70.07,09-21-2026 21:19:39:636,134410,184509
70.08,09-21-2026 21:19:39:646,134393,184542
70.09,09-21-2026 21:19:39:656,134404,184530
70.1,09-21-2026 21:19:39:666,134409,184550
70.11,09-21-2026 21:19:39:676,134399,184514
70.12,09-21-2026 21:19:39:686,134394,184538
70.13,09-21-2026 21:19:39:696,134401,184520
70.14,09-21-2026 21:19:39:706,134423,184545
70.15,09-21-2026 21:19:39:716,134378,184523
70.16,09-21-2026 21:19:39:726,134408,184552
70.17,09-21-2026 21:19:39:736,134391,184526
70.18,09-21-2026 21:19:39:746,134395,184540
70.19,09-21-2026 21:19:39:756,134392,184524
70.2,09-21-2026 21:19:39:766,134400,184562
70.21,09-21-2026 21:19:39:776,134420,184532
70.22,09-21-2026 21:19:39:786,134405,184560
70.23,09-21-2026 21:19:39:796,134410,184544
70.24,09-21-2026 21:19:39:806,134410,184566
70.25,09-21-2026 21:19:39:816,134411,184545
70.26,09-21-2026 21:19:39:826,134407,184560
70.27,09-21-2026 21:19:39:836,134397,184587
70.28,09-21-2026 21:19:39:846,134410,184570
70.29,09-21-2026 21:19:39:856,134413,184580
70.3,09-21-2026 21:19:39:866,134408,184588
70.31,09-21-2026 21:19:39:876,134412,184591
70.32,09-21-2026 21:19:39:886,134413,184606
70.33,09-21-2026 21:19:39:896,134411,184598
70.34,09-21-2026 21:19:39:906,134404,184595
70.35,09-21-2026 21:19:39:916,134425,184601
70.36,09-21-2026 21:19:39:926,134409,184612
70.37,09-21-2026 21:19:39:936,134413,184611
70.38,09-21-2026 21:19:39:946,134420,184621
70.39,09-21-2026 21:19:39:956,134418,184620
70.4,09-21-2026 21:19:39:966,134410,184641
70.41,09-21-2026 21:19:39:976,134403,184635
70.42,09-21-2026 21:19:39:986,134402,184638
70.43,09-21-2026 21:19:39:996,134411,184658
70.44,09-21-2026 21:19:40:006,134430,184652
70.45,09-21-2026 21:19:40:016,134413,184685
70.46,09-21-2026 21:19:40:026,134438,184677
70.47,09-21-2026 21:19:40:036,134422,184682
70.48,09-21-2026 21:19:40:046,134423,184665
70.49,09-21-2026 21:19:40:056,134438,184690
70.5,09-21-2026 21:19:40:066,134428,184704
70.51,09-21-2026 21:19:40:076,134429,184705
70.52,09-21-2026 21:19:40:086,134440,184707
70.53,09-21-2026 21:19:40:096,134433,184691
70.54,09-21-2026 21:19:40:106,134427,184705
70.55,09-21-2026 21:19:40:116,134418,184676
70.56,09-21-2026 21:19:40:126,134430,184657
70.57,09-21-2026 21:19:40:136,134421,184631
70.58,09-21-2026 21:19:40:146,134412,184621
70.59,09-21-2026 21:19:40:156,134413,184615
70.6,09-21-2026 21:19:40:166,134408,184582
70.61,09-21-2026 21:19:40:176,134420,184563
70.62,09-21-2026 21:19:40:186,134403,184558
70.63,09-21-2026 21:19:40:196,134401,184535
70.64,09-21-2026 21:19:40:206,134381,184520
70.65,09-21-2026 21:19:40:216,134390,184520
70.66,09-21-2026 21:19:40:226,134376,184524
70.67,09-21-2026 21:19:40:236,134397,184509
70.68,09-21-2026 21:19:40:246,134379,184498
70.69,09-21-2026 21:19:40:256,134374,184461
70.7,09-21-2026 21:19:40:266,134370,184483
70.71,09-21-2026 21:19:40:276,134380,184476
70.72,09-21-2026 21:19:40:286,134363,184465
70.73,09-21-2026 21:19:40:296,134343,184451
70.74,09-21-2026 21:19:40:306,134356,184454
70.75,09-21-2026 21:19:40:316,134368,184442
70.76,09-21-2026 21:19:40:326,134348,184441
70.77,09-21-2026 21:19:40:336,134367,184455
70.78,09-21-2026 21:19:40:346,134351,184436
70.79,09-21-2026 21:19:40:356,134361,184441
70.8,09-21-2026 21:19:40:366,134339,184439
70.81,09-21-2026 21:19:40:376,134361,184414
70.82,09-21-2026 21:19:40:386,134342,184431
70.83,09-21-2026 21:19:40:396,134345,184436
70.84,09-21-2026 21:19:40:406,134324,184416
70.85,09-21-2026 21:19:40:416,134359,184402
70.86,09-21-2026 21:19:40:426,134316,184427
70.87,09-21-2026 21:19:40:436,134351,184425
70.88,09-21-2026 21:19:40:446,134330,184416
70.89,09-21-2026 21:19:40:456,134355,184399
70.9,09-21-2026 21:19:40:466,134327,184402
70.91,09-21-2026 21:19:40:476,134345,184420
70.92,09-21-2026 21:19:40:486,134332,184386
70.93,09-21-2026 21:19:40:496,134343,184412
70.94,09-21-2026 21:19:40:506,134328,184414
70.95,09-21-2026 21:19:40:516,134336,184406
70.96,09-21-2026 21:19:40:526,134288,184408
70.97,09-21-2026 21:19:40:536,134349,184403
70.98,09-21-2026 21:19:40:546,134313,184419
70.99,09-21-2026 21:19:40:556,134364,184419
71,09-21-2026 21:19:40:566,134311,184417
71.01,09-21-2026 21:19:40:576,134332,184427
71.02,09-21-2026 21:19:40:586,134289,184432
71.03,09-21-2026 21:19:40:596,134360,184428
71.04,09-21-2026 21:19:40:606,134297,184414
71.05,09-21-2026 21:19:40:616,134360,184440
71.06,09-21-2026 21:19:40:626,134310,184444
71.07,09-21-2026 21:19:40:636,134345,184453
71.08,09-21-2026 21:19:40:646,134311,184450
71.09,09-21-2026 21:19:40:656,134367,184454
71.1,09-21-2026 21:19:40:666,134329,184476
71.11,09-21-2026 21:19:40:676,134353,184469
71.12,09-21-2026 21:19:40:686,134299,184485
71.13,09-21-2026 21:19:40:696,134368,184494
71.14,09-21-2026 21:19:40:706,134320,184481
71.15,09-21-2026 21:19:40:716,134368,184491
71.16,09-21-2026 21:19:40:726,134345,184508
71.17,09-21-2026 21:19:40:736,134376,184492
71.18,09-21-2026 21:19:40:746,134361,184519
71.19,09-21-2026 21:19:40:756,134359,184508
71.2,09-21-2026 21:19:40:766,134345,184527
71.21,09-21-2026 21:19:40:776,134367,184525
71.22,09-21-2026 21:19:40:786,134351,184522
71.23,09-21-2026 21:19:40:796,134371,184546
71.24,09-21-2026 21:19:40:806,134359,184544
71.25,09-21-2026 21:19:40:816,134370,184554
71.26,09-21-2026 21:19:40:826,134354,184558
71.27,09-21-2026 21:19:40:836,134369,184578
71.28,09-21-2026 21:19:40:846,134351,184570
71.29,09-21-2026 21:19:40:856,134381,184578
71.3,09-21-2026 21:19:40:866,134377,184590
71.31,09-21-2026 21:19:40:876,134369,184592
71.32,09-21-2026 21:19:40:886,134401,184615
71.33,09-21-2026 21:19:40:896,134394,184633
71.34,09-21-2026 21:19:40:906,134392,184642
71.35,09-21-2026 21:19:40:916,134394,184642
71.36,09-21-2026 21:19:40:926,134401,184621
71.37,09-21-2026 21:19:40:936,134397,184631
71.38,09-21-2026 21:19:40:946,134419,184624
71.39,09-21-2026 21:19:40:956,134373,184618
71.4,09-21-2026 21:19:40:966,134401,184597
71.41,09-21-2026 21:19:40:976,134378,184584
71.42,09-21-2026 21:19:40:986,134398,184526
71.43,09-21-2026 21:19:40:996,134377,184539
71.44,09-21-2026 21:19:41:006,134378,184523
71.45,09-21-2026 21:19:41:016,134367,184522
71.46,09-21-2026 21:19:41:026,134368,184490
71.47,09-21-2026 21:19:41:036,134364,184493
71.48,09-21-2026 21:19:41:046,134381,184484
71.49,09-21-2026 21:19:41:056,134363,184489
71.5,09-21-2026 21:19:41:066,134383,184500
71.51,09-21-2026 21:19:41:076,134363,184493
71.52,09-21-2026 21:19:41:086,134389,184469
71.53,09-21-2026 21:19:41:096,134357,184460
71.54,09-21-2026 21:19:41:106,134381,184447
71.55,09-21-2026 21:19:41:116,134344,184459
71.56,09-21-2026 21:19:41:126,134361,184426
71.57,09-21-2026 21:19:41:136,134344,184434
71.58,09-21-2026 21:19:41:146,134358,184416
71.59,09-21-2026 21:19:41:156,134350,184424
71.6,09-21-2026 21:19:41:166,134374,184417
71.61,09-21-2026 21:19:41:176,134334,184416
71.62,09-21-2026 21:19:41:186,134360,184431
71.63,09-21-2026 21:19:41:196,134323,184425
71.64,09-21-2026 21:19:41:206,134368,184427
71.65,09-21-2026 21:19:41:216,134355,184426
71.66,09-21-2026 21:19:41:226,134379,184421
71.67,09-21-2026 21:19:41:236,134334,184409
71.68,09-21-2026 21:19:41:246,134367,184408
71.69,09-21-2026 21:19:41:256,134332,184407
71.7,09-21-2026 21:19:41:266,134367,184396
71.71,09-21-2026 21:19:41:276,134337,184415
71.72,09-21-2026 21:19:41:286,134355,184403
71.73,09-21-2026 21:19:41:296,134327,184402
71.74,09-21-2026 21:19:41:306,134331,184401
71.75,09-21-2026 21:19:41:316,134320,184407
71.76,09-21-2026 21:19:41:326,134342,184414
71.77,09-21-2026 21:19:41:336,134331,184402
71.78,09-21-2026 21:19:41:346,134317,184403
71.79,09-21-2026 21:19:41:356,134310,184405
71.8,09-21-2026 21:19:41:366,134358,184422
71.81,09-21-2026 21:19:41:376,134310,184411
71.82,09-21-2026 21:19:41:386,134334,184413
71.83,09-21-2026 21:19:41:396,134322,184424
71.84,09-21-2026 21:19:41:406,134345,184434
71.85,09-21-2026 21:19:41:416,134319,184432
71.86,09-21-2026 21:19:41:426,134347,184436
71.87,09-21-2026 21:19:41:436,134322,184447
71.88,09-21-2026 21:19:41:446,134347,184450
71.89,09-21-2026 21:19:41:456,134323,184436
71.9,09-21-2026 21:19:41:466,134349,184459
71.91,09-21-2026 21:19:41:476,134330,184452
71.92,09-21-2026 21:19:41:486,134345,184456
71.93,09-21-2026 21:19:41:496,134346,184480
71.94,09-21-2026 21:19:41:506,134342,184478
71.95,09-21-2026 21:19:41:516,134322,184473
71.96,09-21-2026 21:19:41:526,134338,184489
71.97,09-21-2026 21:19:41:536,134340,184487
71.98,09-21-2026 21:19:41:546,134343,184481
71.99,09-21-2026 21:19:41:556,134349,184498
72,09-21-2026 21:19:41:566,134327,184499
72.01,09-21-2026 21:19:41:576,134356,184503
72.02,09-21-2026 21:19:41:586,134349,184512
72.03,09-21-2026 21:19:41:596,134335,184522
72.04,09-21-2026 21:19:41:606,134342,184545
72.05,09-21-2026 21:19:41:616,134345,184530
72.06,09-21-2026 21:19:41:626,134341,184544
72.07,09-21-2026 21:19:41:636,134340,184534
72.08,09-21-2026 21:19:41:646,134342,184544
72.09,09-21-2026 21:19:41:656,134347,184538
72.1,09-21-2026 21:19:41:666,134350,184557
72.11,09-21-2026 21:19:41:676,134352,184517
72.12,09-21-2026 21:19:41:686,134359,184541
72.13,09-21-2026 21:19:41:696,134355,184467
72.14,09-21-2026 21:19:41:706,134337,184493
72.15,09-21-2026 21:19:41:716,134330,184465
72.16,09-21-2026 21:19:41:726,134331,184473
72.17,09-21-2026 21:19:41:736,134320,184421
72.18,09-21-2026 21:19:41:746,134330,184435
72.19,09-21-2026 21:19:41:756,134303,184389
72.2,09-21-2026 21:19:41:766,134331,184421
72.21,09-21-2026 21:19:41:776,134321,184366
72.22,09-21-2026 21:19:41:786,134325,184414
72.23,09-21-2026 21:19:41:796,134322,184371
72.24,09-21-2026 21:19:41:806,134328,184375
72.25,09-21-2026 21:19:41:816,134320,184338
72.26,09-21-2026 21:19:41:826,134305,184382
72.27,09-21-2026 21:19:41:836,134310,184319
72.28,09-21-2026 21:19:41:846,134295,184357
72.29,09-21-2026 21:19:41:856,134296,184307
72.3,09-21-2026 21:19:41:866,134300,184352
72.31,09-21-2026 21:19:41:876,134291,184290
72.32,09-21-2026 21:19:41:886,134304,184332
72.33,09-21-2026 21:19:41:896,134302,184284
72.34,09-21-2026 21:19:41:906,134311,184354
72.35,09-21-2026 21:19:41:916,134314,184303
72.36,09-21-2026 21:19:41:926,134313,184340
72.37,09-21-2026 21:19:41:936,134306,184292
72.38,09-21-2026 21:19:41:946,134294,184347
72.39,09-21-2026 21:19:41:956,134326,184341
72.4,09-21-2026 21:19:41:966,134312,184340
72.41,09-21-2026 21:19:41:976,134308,184317
72.42,09-21-2026 21:19:41:986,134312,184339
72.43,09-21-2026 21:19:41:996,134303,184300
72.44,09-21-2026 21:19:42:006,134288,184335
72.45,09-21-2026 21:19:42:016,134301,184320
72.46,09-21-2026 21:19:42:026,134293,184334
72.47,09-21-2026 21:19:42:036,134292,184312
72.48,09-21-2026 21:19:42:046,134286,184347
72.49,09-21-2026 21:19:42:056,134293,184325
72.5,09-21-2026 21:19:42:066,134300,184336
72.51,09-21-2026 21:19:42:076,134302,184323
72.52,09-21-2026 21:19:42:086,134304,184367
72.53,09-21-2026 21:19:42:096,134303,184364
72.54,09-21-2026 21:19:42:106,134313,184365
72.55,09-21-2026 21:19:42:116,134317,184375
72.56,09-21-2026 21:19:42:126,134317,184377
72.57,09-21-2026 21:19:42:136,134333,184395
72.58,09-21-2026 21:19:42:146,134306,184367
72.59,09-21-2026 21:19:42:156,134306,184410
72.6,09-21-2026 21:19:42:166,134329,184398
72.61,09-21-2026 21:19:42:176,134337,184410
72.62,09-21-2026 21:19:42:186,134323,184416
72.63,09-21-2026 21:19:42:196,134327,184424
72.64,09-21-2026 21:19:42:206,134336,184420
72.65,09-21-2026 21:19:42:216,134319,184424
72.66,09-21-2026 21:19:42:226,134322,184431
72.67,09-21-2026 21:19:42:236,134313,184451
72.68,09-21-2026 21:19:42:246,134325,184436
72.69,09-21-2026 21:19:42:256,134319,184455
72.7,09-21-2026 21:19:42:266,134318,184445
72.71,09-21-2026 21:19:42:276,134325,184461
72.72,09-21-2026 21:19:42:286,134328,184458
72.73,09-21-2026 21:19:42:296,134336,184492
72.74,09-21-2026 21:19:42:306,134338,184489
72.75,09-21-2026 21:19:42:316,134335,184505
72.76,09-21-2026 21:19:42:326,134332,184487
72.77,09-21-2026 21:19:42:336,134337,184514
72.78,09-21-2026 21:19:42:346,134344,184504
72.79,09-21-2026 21:19:42:356,134349,184541
72.8,09-21-2026 21:19:42:366,134346,184530
72.81,09-21-2026 21:19:42:376,134359,184553
72.82,09-21-2026 21:19:42:386,134330,184505
72.83,09-21-2026 21:19:42:396,134346,184537
72.84,09-21-2026 21:19:42:406,134334,184481
72.85,09-21-2026 21:19:42:416,134328,184487
72.86,09-21-2026 21:19:42:426,134335,184443
72.87,09-21-2026 21:19:42:436,134313,184455
72.88,09-21-2026 21:19:42:446,134329,184413
72.89,09-21-2026 21:19:42:456,134326,184435
72.9,09-21-2026 21:19:42:466,134315,184391
72.91,09-21-2026 21:19:42:476,134314,184428
72.92,09-21-2026 21:19:42:486,134315,184373
72.93,09-21-2026 21:19:42:496,134314,184400
72.94,09-21-2026 21:19:42:506,134317,184374
72.95,09-21-2026 21:19:42:516,134291,184370
72.96,09-21-2026 21:19:42:526,134316,184348
72.97,09-21-2026 21:19:42:536,134318,184383
72.98,09-21-2026 21:19:42:546,134315,184325
72.99,09-21-2026 21:19:42:556,134308,184361
73,09-21-2026 21:19:42:566,134307,184332
73.01,09-21-2026 21:19:42:576,134302,184339
73.02,09-21-2026 21:19:42:586,134300,184326
73.03,09-21-2026 21:19:42:596,134296,184330
73.04,09-21-2026 21:19:42:606,134295,184313
73.05,09-21-2026 21:19:42:616,134314,184360
73.06,09-21-2026 21:19:42:626,134303,184325
73.07,09-21-2026 21:19:42:636,134317,184341
73.08,09-21-2026 21:19:42:646,134290,184328
73.09,09-21-2026 21:19:42:656,134292,184321
73.1,09-21-2026 21:19:42:666,134317,184328
73.11,09-21-2026 21:19:42:676,134313,184318
73.12,09-21-2026 21:19:42:686,134300,184331
73.13,09-21-2026 21:19:42:696,134311,184323
73.14,09-21-2026 21:19:42:706,134318,184319
73.15,09-21-2026 21:19:42:716,134301,184322
73.16,09-21-2026 21:19:42:726,134307,184328
73.17,09-21-2026 21:19:42:736,134303,184334
73.18,09-21-2026 21:19:42:746,134311,184339
73.19,09-21-2026 21:19:42:756,134306,184312
73.2,09-21-2026 21:19:42:766,134299,184325
73.21,09-21-2026 21:19:42:776,134305,184336
73.22,09-21-2026 21:19:42:786,134312,184344
73.23,09-21-2026 21:19:42:796,134315,184339
73.24,09-21-2026 21:19:42:806,134308,184343
73.25,09-21-2026 21:19:42:816,134312,184356
73.26,09-21-2026 21:19:42:826,134323,184354
73.27,09-21-2026 21:19:42:836,134314,184370
73.28,09-21-2026 21:19:42:846,134316,184366
73.29,09-21-2026 21:19:42:856,134326,184396
73.3,09-21-2026 21:19:42:866,134325,184393
73.31,09-21-2026 21:19:42:876,134334,184383
73.32,09-21-2026 21:19:42:886,134329,184390
73.33,09-21-2026 21:19:42:896,134313,184397
73.34,09-21-2026 21:19:42:906,134336,184406
73.35,09-21-2026 21:19:42:916,134340,184409
73.36,09-21-2026 21:19:42:926,134314,184430
73.37,09-21-2026 21:19:42:936,134329,184413
73.38,09-21-2026 21:19:42:946,134325,184429
73.39,09-21-2026 21:19:42:956,134331,184456
73.4,09-21-2026 21:19:42:966,134320,184469
73.41,09-21-2026 21:19:42:976,134321,184451
73.42,09-21-2026 21:19:42:986,134333,184465
73.43,09-21-2026 21:19:42:996,134332,184473
73.44,09-21-2026 21:19:43:006,134345,184486
73.45,09-21-2026 21:19:43:016,134337,184482
73.46,09-21-2026 21:19:43:026,134348,184506
73.47,09-21-2026 21:19:43:036,134348,184501
73.48,09-21-2026 21:19:43:046,134342,184515
73.49,09-21-2026 21:19:43:056,134318,184510
73.5,09-21-2026 21:19:43:066,134351,184517
73.51,09-21-2026 21:19:43:076,134347,184550
73.52,09-21-2026 21:19:43:086,134352,184537
73.53,09-21-2026 21:19:43:096,134353,184551
73.54,09-21-2026 21:19:43:106,134367,184568
73.55,09-21-2026 21:19:43:116,134356,184578
73.56,09-21-2026 21:19:43:126,134348,184604
73.57,09-21-2026 21:19:43:136,134348,184595
73.58,09-21-2026 21:19:43:146,134353,184606
73.59,09-21-2026 21:19:43:156,134347,184628
73.6,09-21-2026 21:19:43:166,134368,184621
73.61,09-21-2026 21:19:43:176,134346,184627
73.62,09-21-2026 21:19:43:186,134371,184617
73.63,09-21-2026 21:19:43:196,134342,184623
73.64,09-21-2026 21:19:43:206,134353,184613
73.65,09-21-2026 21:19:43:216,134332,184600
73.66,09-21-2026 21:19:43:226,134365,184554
73.67,09-21-2026 21:19:43:236,134320,184546
73.68,09-21-2026 21:19:43:246,134362,184530
73.69,09-21-2026 21:19:43:256,134317,184515
73.7,09-21-2026 21:19:43:266,134354,184514
73.71,09-21-2026 21:19:43:276,134318,184509
73.72,09-21-2026 21:19:43:286,134348,184500
73.73,09-21-2026 21:19:43:296,134316,184488
73.74,09-21-2026 21:19:43:306,134331,184479
73.75,09-21-2026 21:19:43:316,134331,184472
73.76,09-21-2026 21:19:43:326,134327,184473
73.77,09-21-2026 21:19:43:336,134309,184475
73.78,09-21-2026 21:19:43:346,134342,184465
73.79,09-21-2026 21:19:43:356,134318,184449
73.8,09-21-2026 21:19:43:366,134337,184467
73.81,09-21-2026 21:19:43:376,134292,184451
73.82,09-21-2026 21:19:43:386,134322,184452
73.83,09-21-2026 21:19:43:396,134294,184429
73.84,09-21-2026 21:19:43:406,134328,184442
73.85,09-21-2026 21:19:43:416,134286,184455
73.86,09-21-2026 21:19:43:426,134319,184423
73.87,09-21-2026 21:19:43:436,134258,184449
73.88,09-21-2026 21:19:43:446,134344,184460
73.89,09-21-2026 21:19:43:456,134289,184463
73.9,09-21-2026 21:19:43:466,134333,184445
73.91,09-21-2026 21:19:43:476,134276,184452
73.92,09-21-2026 21:19:43:486,134345,184471
73.93,09-21-2026 21:19:43:496,134301,184437
73.94,09-21-2026 21:19:43:506,134335,184454
73.95,09-21-2026 21:19:43:516,134290,184439
73.96,09-21-2026 21:19:43:526,134337,184452
73.97,09-21-2026 21:19:43:536,134330,184445
73.98,09-21-2026 21:19:43:546,134338,184451
73.99,09-21-2026 21:19:43:556,134303,184456
74,09-21-2026 21:19:43:566,134344,184458
74.01,09-21-2026 21:19:43:576,134311,184454
74.02,09-21-2026 21:19:43:586,134347,184468
74.03,09-21-2026 21:19:43:596,134302,184475
74.04,09-21-2026 21:19:43:606,134351,184486
74.05,09-21-2026 21:19:43:616,134327,184471
74.06,09-21-2026 21:19:43:626,134358,184483
74.07,09-21-2026 21:19:43:636,134335,184464
74.08,09-21-2026 21:19:43:646,134335,184504
74.09,09-21-2026 21:19:43:656,134362,184478
74.1,09-21-2026 21:19:43:666,134349,184489
74.11,09-21-2026 21:19:43:676,134358,184525
74.12,09-21-2026 21:19:43:686,134360,184510
74.13,09-21-2026 21:19:43:696,134346,184505
74.14,09-21-2026 21:19:43:706,134355,184520
74.15,09-21-2026 21:19:43:716,134357,184557
74.16,09-21-2026 21:19:43:726,134366,184553
74.17,09-21-2026 21:19:43:736,134366,184562
74.18,09-21-2026 21:19:43:746,134362,184557
74.19,09-21-2026 21:19:43:756,134367,184572
74.2,09-21-2026 21:19:43:766,134375,184597
74.21,09-21-2026 21:19:43:776,134380,184571
74.22,09-21-2026 21:19:43:786,134365,184592
74.23,09-21-2026 21:19:43:796,134384,184609
74.24,09-21-2026 21:19:43:806,134353,184610
74.25,09-21-2026 21:19:43:816,134405,184609
74.26,09-21-2026 21:19:43:826,134365,184615
74.27,09-21-2026 21:19:43:836,134409,184623
74.28,09-21-2026 21:19:43:846,134377,184629
74.29,09-21-2026 21:19:43:856,134382,184625
74.3,09-21-2026 21:19:43:866,134383,184635
74.31,09-21-2026 21:19:43:876,134382,184663
74.32,09-21-2026 21:19:43:886,134401,184679
74.33,09-21-2026 21:19:43:896,134409,184675
74.34,09-21-2026 21:19:43:906,134383,184698
74.35,09-21-2026 21:19:43:916,134424,184685
74.36,09-21-2026 21:19:43:926,134396,184711
74.37,09-21-2026 21:19:43:936,134420,184719
74.38,09-21-2026 21:19:43:946,134398,184730
74.39,09-21-2026 21:19:43:956,134421,184726
74.4,09-21-2026 21:19:43:966,134395,184743
74.41,09-21-2026 21:19:43:976,134427,184732
74.42,09-21-2026 21:19:43:986,134401,184724
74.43,09-21-2026 21:19:43:996,134428,184678
74.44,09-21-2026 21:19:44:006,134396,184699
74.45,09-21-2026 21:19:44:016,134445,184673
74.46,09-21-2026 21:19:44:026,134388,184659
74.47,09-21-2026 21:19:44:036,134421,184649
74.48,09-21-2026 21:19:44:046,134374,184636
74.49,09-21-2026 21:19:44:056,134402,184635
74.5,09-21-2026 21:19:44:066,134372,184618
74.51,09-21-2026 21:19:44:076,134421,184632
74.52,09-21-2026 21:19:44:086,134380,184611
74.53,09-21-2026 21:19:44:096,134418,184610
74.54,09-21-2026 21:19:44:106,134359,184624
74.55,09-21-2026 21:19:44:116,134396,184629
74.56,09-21-2026 21:19:44:126,134369,184605
74.57,09-21-2026 21:19:44:136,134371,184599
74.58,09-21-2026 21:19:44:146,134379,184595
74.59,09-21-2026 21:19:44:156,134391,184609
74.6,09-21-2026 21:19:44:166,134388,184586
74.61,09-21-2026 21:19:44:176,134397,184588
74.62,09-21-2026 21:19:44:186,134389,184596
74.63,09-21-2026 21:19:44:196,134382,184585
74.64,09-21-2026 21:19:44:206,134366,184603
74.65,09-21-2026 21:19:44:216,134385,184602
74.66,09-21-2026 21:19:44:226,134365,184605
74.67,09-21-2026 21:19:44:236,134388,184605
74.68,09-21-2026 21:19:44:246,134356,184597
74.69,09-21-2026 21:19:44:256,134382,184588
74.7,09-21-2026 21:19:44:266,134379,184595
74.71,09-21-2026 21:19:44:276,134363,184594
74.72,09-21-2026 21:19:44:286,134363,184616
74.73,09-21-2026 21:19:44:296,134370,184587
74.74,09-21-2026 21:19:44:306,134370,184596
74.75,09-21-2026 21:19:44:316,134387,184597
74.76,09-21-2026 21:19:44:326,134379,184596
74.77,09-21-2026 21:19:44:336,134367,184606
74.78,09-21-2026 21:19:44:346,134366,184588
74.79,09-21-2026 21:19:44:356,134372,184614
74.8,09-21-2026 21:19:44:366,134381,184603
74.81,09-21-2026 21:19:44:376,134365,184602
74.82,09-21-2026 21:19:44:386,134384,184620
74.83,09-21-2026 21:19:44:396,134358,184624
74.84,09-21-2026 21:19:44:406,134373,184603
74.85,09-21-2026 21:19:44:416,134373,184631
74.86,09-21-2026 21:19:44:426,134383,184630
74.87,09-21-2026 21:19:44:436,134383,184651
74.88,09-21-2026 21:19:44:446,134382,184617
74.89,09-21-2026 21:19:44:456,134373,184648
74.9,09-21-2026 21:19:44:466,134387,184636
74.91,09-21-2026 21:19:44:476,134396,184668
74.92,09-21-2026 21:19:44:486,134375,184647
74.93,09-21-2026 21:19:44:496,134394,184676
74.94,09-21-2026 21:19:44:506,134384,184671
74.95,09-21-2026 21:19:44:516,134379,184696
74.96,09-21-2026 21:19:44:526,134392,184653
74.97,09-21-2026 21:19:44:536,134386,184710
74.98,09-21-2026 21:19:44:546,134402,184677
74.99,09-21-2026 21:19:44:556,134406,184720
75,09-21-2026 21:19:44:566,134399,184699
75.01,09-21-2026 21:19:44:576,134387,184715
75.02,09-21-2026 21:19:44:586,134386,184690
75.03,09-21-2026 21:19:44:596,134391,184742
75.04,09-21-2026 21:19:44:606,134406,184703
75.05,09-21-2026 21:19:44:616,134399,184766
75.06,09-21-2026 21:19:44:626,134395,184726
75.07,09-21-2026 21:19:44:636,134393,184770
75.08,09-21-2026 21:19:44:646,134403,184751
75.09,09-21-2026 21:19:44:656,134399,184782
75.1,09-21-2026 21:19:44:666,134402,184755
75.11,09-21-2026 21:19:44:676,134416,184807
75.12,09-21-2026 21:19:44:686,134408,184735
75.13,09-21-2026 21:19:44:696,134399,184809
75.14,09-21-2026 21:19:44:706,134400,184735
75.15,09-21-2026 21:19:44:716,134405,184787
75.16,09-21-2026 21:19:44:726,134409,184717
75.17,09-21-2026 21:19:44:736,134415,184765
75.18,09-21-2026 21:19:44:746,134391,184701
75.19,09-21-2026 21:19:44:756,134408,184725
75.2,09-21-2026 21:19:44:766,134398,184665
75.21,09-21-2026 21:19:44:776,134400,184723
75.22,09-21-2026 21:19:44:786,134401,184632
75.23,09-21-2026 21:19:44:796,134404,184695
75.24,09-21-2026 21:19:44:806,134390,184646
75.25,09-21-2026 21:19:44:816,134384,184685
75.26,09-21-2026 21:19:44:826,134385,184659
75.27,09-21-2026 21:19:44:836,134387,184678
75.28,09-21-2026 21:19:44:846,134388,184640
75.29,09-21-2026 21:19:44:856,134391,184669
75.3,09-21-2026 21:19:44:866,134399,184624
75.31,09-21-2026 21:19:44:876,134378,184669
75.32,09-21-2026 21:19:44:886,134379,184646
75.33,09-21-2026 21:19:44:896,134378,184670
75.34,09-21-2026 21:19:44:906,134385,184628
75.35,09-21-2026 21:19:44:916,134396,184669
75.36,09-21-2026 21:19:44:926,134393,184654
75.37,09-21-2026 21:19:44:936,134365,184669
75.38,09-21-2026 21:19:44:946,134395,184646
75.39,09-21-2026 21:19:44:956,134393,184653
75.4,09-21-2026 21:19:44:966,134380,184633
75.41,09-21-2026 21:19:44:976,134391,184673
75.42,09-21-2026 21:19:44:986,134385,184678
75.43,09-21-2026 21:19:44:996,134403,184657
75.44,09-21-2026 21:19:45:006,134380,184666
75.45,09-21-2026 21:19:45:016,134385,184677
75.46,09-21-2026 21:19:45:026,134391,184689
75.47,09-21-2026 21:19:45:036,134384,184675
75.48,09-21-2026 21:19:45:046,134395,184672
75.49,09-21-2026 21:19:45:056,134388,184675
75.5,09-21-2026 21:19:45:066,134393,184698
75.51,09-21-2026 21:19:45:076,134367,184668
75.52,09-21-2026 21:19:45:086,134390,184704
75.53,09-21-2026 21:19:45:096,134392,184672
75.54,09-21-2026 21:19:45:106,134393,184687
75.55,09-21-2026 21:19:45:116,134403,184700
75.56,09-21-2026 21:19:45:126,134390,184702
75.57,09-21-2026 21:19:45:136,134380,184694
75.58,09-21-2026 21:19:45:146,134386,184711
75.59,09-21-2026 21:19:45:156,134409,184712
75.6,09-21-2026 21:19:45:166,134408,184715
75.61,09-21-2026 21:19:45:176,134396,184712
75.62,09-21-2026 21:19:45:186,134386,184748
75.63,09-21-2026 21:19:45:196,134399,184748
75.64,09-21-2026 21:19:45:206,134389,184783
75.65,09-21-2026 21:19:45:216,134410,184720
75.66,09-21-2026 21:19:45:226,134398,184773
75.67,09-21-2026 21:19:45:236,134389,184756
75.68,09-21-2026 21:19:45:246,134405,184795
75.69,09-21-2026 21:19:45:256,134401,184760
75.7,09-21-2026 21:19:45:266,134398,184811
75.71,09-21-2026 21:19:45:276,134408,184791
75.72,09-21-2026 21:19:45:286,134397,184821
75.73,09-21-2026 21:19:45:296,134410,184798
75.74,09-21-2026 21:19:45:306,134406,184813
75.75,09-21-2026 21:19:45:316,134412,184806
75.76,09-21-2026 21:19:45:326,134403,184869
75.77,09-21-2026 21:19:45:336,134408,184819
75.78,09-21-2026 21:19:45:346,134407,184863
75.79,09-21-2026 21:19:45:356,134420,184855
75.8,09-21-2026 21:19:45:366,134417,184911
75.81,09-21-2026 21:19:45:376,134434,184858
75.82,09-21-2026 21:19:45:386,134420,184887
75.83,09-21-2026 21:19:45:396,134436,184864
75.84,09-21-2026 21:19:45:406,134415,184943
75.85,09-21-2026 21:19:45:416,134425,184881
75.86,09-21-2026 21:19:45:426,134434,184890
75.87,09-21-2026 21:19:45:436,134404,184855
75.88,09-21-2026 21:19:45:446,134428,184862
75.89,09-21-2026 21:19:45:456,134425,184832
75.9,09-21-2026 21:19:45:466,134413,184842
75.91,09-21-2026 21:19:45:476,134414,184817
75.92,09-21-2026 21:19:45:486,134422,184824
75.93,09-21-2026 21:19:45:496,134400,184772
75.94,09-21-2026 21:19:45:506,134398,184779
75.95,09-21-2026 21:19:45:516,134409,184771
75.96,09-21-2026 21:19:45:526,134390,184755
75.97,09-21-2026 21:19:45:536,134401,184749
75.98,09-21-2026 21:19:45:546,134418,184772
75.99,09-21-2026 21:19:45:556,134390,184757
76,09-21-2026 21:19:45:566,134391,184764
76.01,09-21-2026 21:19:45:576,134398,184746
76.02,09-21-2026 21:19:45:586,134399,184753
76.03,09-21-2026 21:19:45:596,134389,184745
76.04,09-21-2026 21:19:45:606,134398,184725
76.05,09-21-2026 21:19:45:616,134390,184720
76.06,09-21-2026 21:19:45:626,134379,184742
76.07,09-21-2026 21:19:45:636,134384,184741
76.08,09-21-2026 21:19:45:646,134392,184716
76.09,09-21-2026 21:19:45:656,134394,184735
76.1,09-21-2026 21:19:45:666,134420,184732
76.11,09-21-2026 21:19:45:676,134402,184724
76.12,09-21-2026 21:19:45:686,134401,184728
76.13,09-21-2026 21:19:45:696,134396,184725
76.14,09-21-2026 21:19:45:706,134406,184731
76.15,09-21-2026 21:19:45:716,134388,184741
76.16,09-21-2026 21:19:45:726,134406,184730
76.17,09-21-2026 21:19:45:736,134381,184725
76.18,09-21-2026 21:19:45:746,134397,184741
76.19,09-21-2026 21:19:45:756,134390,184734
76.2,09-21-2026 21:19:45:766,134396,184721
76.21,09-21-2026 21:19:45:776,134383,184712
76.22,09-21-2026 21:19:45:786,134394,184729
76.23,09-21-2026 21:19:45:796,134381,184719
76.24,09-21-2026 21:19:45:806,134387,184761
76.25,09-21-2026 21:19:45:816,134401,184758
76.26,09-21-2026 21:19:45:826,134382,184742
76.27,09-21-2026 21:19:45:836,134400,184729
76.28,09-21-2026 21:19:45:846,134408,184765
76.29,09-21-2026 21:19:45:856,134394,184766
76.3,09-21-2026 21:19:45:866,134389,184766
76.31,09-21-2026 21:19:45:876,134381,184761
76.32,09-21-2026 21:19:45:886,134408,184763
76.33,09-21-2026 21:19:45:896,134409,184786
76.34,09-21-2026 21:19:45:906,134410,184782
76.35,09-21-2026 21:19:45:916,134407,184781
76.36,09-21-2026 21:19:45:926,134402,184798
76.37,09-21-2026 21:19:45:936,134399,184789
76.38,09-21-2026 21:19:45:946,134410,184815
76.39,09-21-2026 21:19:45:956,134402,184801
76.4,09-21-2026 21:19:45:966,134381,184814
76.41,09-21-2026 21:19:45:976,134406,184824
76.42,09-21-2026 21:19:45:986,134402,184845
76.43,09-21-2026 21:19:45:996,134412,184846
76.44,09-21-2026 21:19:46:006,134425,184841
76.45,09-21-2026 21:19:46:016,134407,184846
76.46,09-21-2026 21:19:46:026,134424,184883
76.47,09-21-2026 21:19:46:036,134416,184883
76.48,09-21-2026 21:19:46:046,134417,184873
76.49,09-21-2026 21:19:46:056,134421,184878
76.5,09-21-2026 21:19:46:066,134408,184900
76.51,09-21-2026 21:19:46:076,134421,184884
76.52,09-21-2026 21:19:46:086,134401,184924
76.53,09-21-2026 21:19:46:096,134421,184922
76.54,09-21-2026 21:19:46:106,134415,184943
76.55,09-21-2026 21:19:46:116,134435,184934
76.56,09-21-2026 21:19:46:126,134387,184940
76.57,09-21-2026 21:19:46:136,134437,184950
76.58,09-21-2026 21:19:46:146,134432,184957
76.59,09-21-2026 21:19:46:156,134433,184960
76.6,09-21-2026 21:19:46:166,134412,184954
76.61,09-21-2026 21:19:46:176,134442,184935
76.62,09-21-2026 21:19:46:186,134410,184928
76.63,09-21-2026 21:19:46:196,134433,184887
76.64,09-21-2026 21:19:46:206,134389,184888
76.65,09-21-2026 21:19:46:216,134425,184885
76.66,09-21-2026 21:19:46:226,134390,184862
76.67,09-21-2026 21:19:46:236,134415,184844
76.68,09-21-2026 21:19:46:246,134381,184839
76.69,09-21-2026 21:19:46:256,134409,184828
76.7,09-21-2026 21:19:46:266,134388,184844
76.71,09-21-2026 21:19:46:276,134408,184817
76.72,09-21-2026 21:19:46:286,134379,184839
76.73,09-21-2026 21:19:46:296,134423,184820
76.74,09-21-2026 21:19:46:306,134359,184837
76.75,09-21-2026 21:19:46:316,134413,184821
76.76,09-21-2026 21:19:46:326,134373,184805
76.77,09-21-2026 21:19:46:336,134412,184803
76.78,09-21-2026 21:19:46:346,134346,184814
76.79,09-21-2026 21:19:46:356,134408,184803
76.8,09-21-2026 21:19:46:366,134345,184802
76.81,09-21-2026 21:19:46:376,134407,184809
76.82,09-21-2026 21:19:46:386,134362,184798
76.83,09-21-2026 21:19:46:396,134425,184812
76.84,09-21-2026 21:19:46:406,134375,184803
76.85,09-21-2026 21:19:46:416,134399,184800
76.86,09-21-2026 21:19:46:426,134363,184805
76.87,09-21-2026 21:19:46:436,134406,184795
76.88,09-21-2026 21:19:46:446,134341,184809
76.89,09-21-2026 21:19:46:456,134410,184814
76.9,09-21-2026 21:19:46:466,134373,184809
76.91,09-21-2026 21:19:46:476,134403,184802
76.92,09-21-2026 21:19:46:486,134386,184792
76.93,09-21-2026 21:19:46:496,134412,184802
76.94,09-21-2026 21:19:46:506,134375,184807
76.95,09-21-2026 21:19:46:516,134400,184791
76.96,09-21-2026 21:19:46:526,134380,184793
76.97,09-21-2026 21:19:46:536,134410,184812
76.98,09-21-2026 21:19:46:546,134400,184797
76.99,09-21-2026 21:19:46:556,134409,184814
77,09-21-2026 21:19:46:566,134379,184819
77.01,09-21-2026 21:19:46:576,134417,184827
77.02,09-21-2026 21:19:46:586,134394,184814
77.03,09-21-2026 21:19:46:596,134409,184822
77.04,09-21-2026 21:19:46:606,134386,184847
77.05,09-21-2026 21:19:46:616,134399,184833
77.06,09-21-2026 21:19:46:626,134403,184840
77.07,09-21-2026 21:19:46:636,134422,184855
77.08,09-21-2026 21:19:46:646,134399,184846
77.09,09-21-2026 21:19:46:656,134431,184851
77.1,09-21-2026 21:19:46:666,134416,184875
77.11,09-21-2026 21:19:46:676,134410,184865
77.12,09-21-2026 21:19:46:686,134430,184858
77.13,09-21-2026 21:19:46:696,134425,184887
77.14,09-21-2026 21:19:46:706,134439,184894
77.15,09-21-2026 21:19:46:716,134415,184884
77.16,09-21-2026 21:19:46:726,134439,184899
77.17,09-21-2026 21:19:46:736,134409,184911
77.18,09-21-2026 21:19:46:746,134432,184909
77.19,09-21-2026 21:19:46:756,134415,184895
77.2,09-21-2026 21:19:46:766,134439,184930
77.21,09-21-2026 21:19:46:776,134434,184927
77.22,09-21-2026 21:19:46:786,134441,184921
77.23,09-21-2026 21:19:46:796,134420,184954
77.24,09-21-2026 21:19:46:806,134444,184943
77.25,09-21-2026 21:19:46:816,134438,184968
77.26,09-21-2026 21:19:46:826,134459,184966
77.27,09-21-2026 21:19:46:836,134430,184955
77.28,09-21-2026 21:19:46:846,134457,184971
77.29,09-21-2026 21:19:46:856,134436,184979
77.3,09-21-2026 21:19:46:866,134467,184958
77.31,09-21-2026 21:19:46:876,134437,184958
77.32,09-21-2026 21:19:46:886,134445,184938
77.33,09-21-2026 21:19:46:896,134437,184927
77.34,09-21-2026 21:19:46:906,134445,184917
77.35,09-21-2026 21:19:46:916,134412,184914
77.36,09-21-2026 21:19:46:926,134446,184889
77.37,09-21-2026 21:19:46:936,134411,184848
77.38,09-21-2026 21:19:46:946,134465,184875
77.39,09-21-2026 21:19:46:956,134410,184836
77.4,09-21-2026 21:19:46:966,134463,184840
77.41,09-21-2026 21:19:46:976,134415,184847
77.42,09-21-2026 21:19:46:986,134425,184838
77.43,09-21-2026 21:19:46:996,134402,184807
77.44,09-21-2026 21:19:47:006,134448,184828
77.45,09-21-2026 21:19:47:016,134413,184809
77.46,09-21-2026 21:19:47:026,134429,184815
77.47,09-21-2026 21:19:47:036,134405,184801
77.48,09-21-2026 21:19:47:046,134439,184805
77.49,09-21-2026 21:19:47:056,134406,184805
77.5,09-21-2026 21:19:47:066,134439,184816
77.51,09-21-2026 21:19:47:076,134396,184810
77.52,09-21-2026 21:19:47:086,134420,184813
77.53,09-21-2026 21:19:47:096,134399,184814
77.54,09-21-2026 21:19:47:106,134419,184797
77.55,09-21-2026 21:19:47:116,134381,184807
77.56,09-21-2026 21:19:47:126,134413,184808
77.57,09-21-2026 21:19:47:136,134391,184795
77.58,09-21-2026 21:19:47:146,134413,184799
77.59,09-21-2026 21:19:47:156,134400,184785
77.6,09-21-2026 21:19:47:166,134421,184792
77.61,09-21-2026 21:19:47:176,134400,184805
77.62,09-21-2026 21:19:47:186,134406,184785
77.63,09-21-2026 21:19:47:196,134413,184786
77.64,09-21-2026 21:19:47:206,134416,184804
77.65,09-21-2026 21:19:47:216,134422,184790
77.66,09-21-2026 21:19:47:226,134414,184789
77.67,09-21-2026 21:19:47:236,134401,184777
77.68,09-21-2026 21:19:47:246,134407,184805
77.69,09-21-2026 21:19:47:256,134403,184794
77.7,09-21-2026 21:19:47:266,134389,184801
77.71,09-21-2026 21:19:47:276,134377,184779
77.72,09-21-2026 21:19:47:286,134391,184813
77.73,09-21-2026 21:19:47:296,134381,184790
77.74,09-21-2026 21:19:47:306,134405,184807
77.75,09-21-2026 21:19:47:316,134389,184797
77.76,09-21-2026 21:19:47:326,134382,184814
77.77,09-21-2026 21:19:47:336,134409,184807
77.78,09-21-2026 21:19:47:346,134391,184830
77.79,09-21-2026 21:19:47:356,134410,184813
77.8,09-21-2026 21:19:47:366,134410,184813
77.81,09-21-2026 21:19:47:376,134396,184839
77.82,09-21-2026 21:19:47:386,134393,184831
77.83,09-21-2026 21:19:47:396,134406,184849
77.84,09-21-2026 21:19:47:406,134379,184839
77.85,09-21-2026 21:19:47:416,134411,184857
77.86,09-21-2026 21:19:47:426,134400,184826
77.87,09-21-2026 21:19:47:436,134413,184854
77.88,09-21-2026 21:19:47:446,134395,184838
77.89,09-21-2026 21:19:47:456,134386,184855
77.9,09-21-2026 21:19:47:466,134385,184842
77.91,09-21-2026 21:19:47:476,134402,184886
77.92,09-21-2026 21:19:47:486,134411,184864
77.93,09-21-2026 21:19:47:496,134419,184887
77.94,09-21-2026 21:19:47:506,134409,184875
77.95,09-21-2026 21:19:47:516,134418,184899
77.96,09-21-2026 21:19:47:526,134399,184880
77.97,09-21-2026 21:19:47:536,134385,184912
77.98,09-21-2026 21:19:47:546,134423,184861
77.99,09-21-2026 21:19:47:556,134401,184899
78,09-21-2026 21:19:47:566,134410,184865
78.01,09-21-2026 21:19:47:576,134393,184867
78.02,09-21-2026 21:19:47:586,134403,184799
78.03,09-21-2026 21:19:47:596,134391,184803
78.04,09-21-2026 21:19:47:606,134392,184747
78.05,09-21-2026 21:19:47:616,134394,184785
78.06,09-21-2026 21:19:47:626,134373,184727
78.07,09-21-2026 21:19:47:636,134372,184765
78.08,09-21-2026 21:19:47:646,134371,184709
78.09,09-21-2026 21:19:47:656,134385,184761
78.1,09-21-2026 21:19:47:666,134368,184705
78.11,09-21-2026 21:19:47:676,134354,184737
78.12,09-21-2026 21:19:47:686,134371,184673
78.13,09-21-2026 21:19:47:696,134379,184732
78.14,09-21-2026 21:19:47:706,134379,184666
78.15,09-21-2026 21:19:47:716,134365,184702
78.16,09-21-2026 21:19:47:726,134367,184662
78.17,09-21-2026 21:19:47:736,134359,184695
78.18,09-21-2026 21:19:47:746,134338,184637
78.19,09-21-2026 21:19:47:756,134366,184686
78.2,09-21-2026 21:19:47:766,134366,184654
78.21,09-21-2026 21:19:47:776,134372,184696
78.22,09-21-2026 21:19:47:786,134373,184665
78.23,09-21-2026 21:19:47:796,134373,184694
78.24,09-21-2026 21:19:47:806,134368,184647
78.25,09-21-2026 21:19:47:816,134360,184691
78.26,09-21-2026 21:19:47:826,134353,184663
78.27,09-21-2026 21:19:47:836,134357,184663
78.28,09-21-2026 21:19:47:846,134371,184658
78.29,09-21-2026 21:19:47:856,134357,184676
78.3,09-21-2026 21:19:47:866,134360,184656
78.31,09-21-2026 21:19:47:876,134371,184670
78.32,09-21-2026 21:19:47:886,134374,184660
78.33,09-21-2026 21:19:47:896,134352,184680
78.34,09-21-2026 21:19:47:906,134367,184657
78.35,09-21-2026 21:19:47:916,134363,184682
78.36,09-21-2026 21:19:47:926,134360,184662
78.37,09-21-2026 21:19:47:936,134371,184692
78.38,09-21-2026 21:19:47:946,134367,184659
78.39,09-21-2026 21:19:47:956,134347,184666
78.4,09-21-2026 21:19:47:966,134374,184685
78.41,09-21-2026 21:19:47:976,134364,184681
78.42,09-21-2026 21:19:47:986,134365,184696
78.43,09-21-2026 21:19:47:996,134371,184701
78.44,09-21-2026 21:19:48:006,134361,184698
78.45,09-21-2026 21:19:48:016,134361,184703
78.46,09-21-2026 21:19:48:026,134364,184699
78.47,09-21-2026 21:19:48:036,134372,184727
78.48,09-21-2026 21:19:48:046,134362,184713
78.49,09-21-2026 21:19:48:056,134375,184725
78.5,09-21-2026 21:19:48:066,134350,184732
78.51,09-21-2026 21:19:48:076,134359,184716
78.52,09-21-2026 21:19:48:086,134366,184738
78.53,09-21-2026 21:19:48:096,134369,184746
78.54,09-21-2026 21:19:48:106,134354,184754
78.55,09-21-2026 21:19:48:116,134363,184753
78.56,09-21-2026 21:19:48:126,134382,184779
78.57,09-21-2026 21:19:48:136,134360,184755
78.58,09-21-2026 21:19:48:146,134375,184775
78.59,09-21-2026 21:19:48:156,134354,184778
78.6,09-21-2026 21:19:48:166,134356,184809
78.61,09-21-2026 21:19:48:176,134384,184786
78.62,09-21-2026 21:19:48:186,134378,184813
78.63,09-21-2026 21:19:48:196,134382,184803
78.64,09-21-2026 21:19:48:206,134395,184799
78.65,09-21-2026 21:19:48:216,134381,184774
78.66,09-21-2026 21:19:48:226,134392,184806
78.67,09-21-2026 21:19:48:236,134384,184765
78.68,09-21-2026 21:19:48:246,134377,184780
78.69,09-21-2026 21:19:48:256,134357,184724
78.7,09-21-2026 21:19:48:266,134367,184724
78.71,09-21-2026 21:19:48:276,134366,184678
78.72,09-21-2026 21:19:48:286,134374,184679
78.73,09-21-2026 21:19:48:296,134352,184642
78.74,09-21-2026 21:19:48:306,134371,184689
78.75,09-21-2026 21:19:48:316,134347,184627
78.76,09-21-2026 21:19:48:326,134340,184654
78.77,09-21-2026 21:19:48:336,134369,184611
78.78,09-21-2026 21:19:48:346,134331,184644
78.79,09-21-2026 21:19:48:356,134353,184593
78.8,09-21-2026 21:19:48:366,134327,184630
78.81,09-21-2026 21:19:48:376,134348,184578
78.82,09-21-2026 21:19:48:386,134346,184608
78.83,09-21-2026 21:19:48:396,134322,184566
78.84,09-21-2026 21:19:48:406,134322,184586
78.85,09-21-2026 21:19:48:416,134331,184562
78.86,09-21-2026 21:19:48:426,134326,184569
78.87,09-21-2026 21:19:48:436,134334,184579
78.88,09-21-2026 21:19:48:446,134315,184572
78.89,09-21-2026 21:19:48:456,134318,184548
78.9,09-21-2026 21:19:48:466,134346,184582
78.91,09-21-2026 21:19:48:476,134333,184556
78.92,09-21-2026 21:19:48:486,134347,184562
78.93,09-21-2026 21:19:48:496,134326,184547
78.94,09-21-2026 21:19:48:506,134323,184588
78.95,09-21-2026 21:19:48:516,134332,184543
78.96,09-21-2026 21:19:48:526,134324,184561
78.97,09-21-2026 21:19:48:536,134347,184548
78.98,09-21-2026 21:19:48:546,134335,184566
78.99,09-21-2026 21:19:48:556,134333,184549
79,09-21-2026 21:19:48:566,134346,184559
79.01,09-21-2026 21:19:48:576,134333,184541
79.02,09-21-2026 21:19:48:586,134343,184545
79.03,09-21-2026 21:19:48:596,134335,184535
79.04,09-21-2026 21:19:48:606,134334,184548
79.05,09-21-2026 21:19:48:616,134317,184573
79.06,09-21-2026 21:19:48:626,134358,184569
79.07,09-21-2026 21:19:48:636,134311,184578
79.08,09-21-2026 21:19:48:646,134339,184589
79.09,09-21-2026 21:19:48:656,134352,184564
79.1,09-21-2026 21:19:48:666,134336,184579
79.11,09-21-2026 21:19:48:676,134330,184584
79.12,09-21-2026 21:19:48:686,134338,184574
79.13,09-21-2026 21:19:48:696,134340,184584
79.14,09-21-2026 21:19:48:706,134342,184606
79.15,09-21-2026 21:19:48:716,134340,184601
79.16,09-21-2026 21:19:48:726,134345,184592
79.17,09-21-2026 21:19:48:736,134342,184621
79.18,09-21-2026 21:19:48:746,134355,184610
79.19,09-21-2026 21:19:48:756,134349,184612
79.2,09-21-2026 21:19:48:766,134348,184610
79.21,09-21-2026 21:19:48:776,134351,184620
79.22,09-21-2026 21:19:48:786,134339,184623
79.23,09-21-2026 21:19:48:796,134344,184641
79.24,09-21-2026 21:19:48:806,134346,184643
79.25,09-21-2026 21:19:48:816,134351,184657
79.26,09-21-2026 21:19:48:826,134350,184673
79.27,09-21-2026 21:19:48:836,134361,184670
79.28,09-21-2026 21:19:48:846,134340,184672
79.29,09-21-2026 21:19:48:856,134371,184680
79.3,09-21-2026 21:19:48:866,134349,184696
79.31,09-21-2026 21:19:48:876,134357,184683
79.32,09-21-2026 21:19:48:886,134351,184687
79.33,09-21-2026 21:19:48:896,134349,184671
79.34,09-21-2026 21:19:48:906,134347,184661
79.35,09-21-2026 21:19:48:916,134350,184641
79.36,09-21-2026 21:19:48:926,134343,184641
79.37,09-21-2026 21:19:48:936,134357,184603
79.38,09-21-2026 21:19:48:946,134348,184579
79.39,09-21-2026 21:19:48:956,134323,184555
79.4,09-21-2026 21:19:48:966,134344,184545
79.41,09-21-2026 21:19:48:976,134330,184544
79.42,09-21-2026 21:19:48:986,134320,184529
79.43,09-21-2026 21:19:48:996,134322,184535
79.44,09-21-2026 21:19:49:006,134314,184516
79.45,09-21-2026 21:19:49:016,134339,184510
79.46,09-21-2026 21:19:49:026,134314,184510
79.47,09-21-2026 21:19:49:036,134333,184494
79.48,09-21-2026 21:19:49:046,134300,184470
79.49,09-21-2026 21:19:49:056,134313,184486
79.5,09-21-2026 21:19:49:066,134292,184481
79.51,09-21-2026 21:19:49:076,134309,184476
79.52,09-21-2026 21:19:49:086,134306,184467
79.53,09-21-2026 21:19:49:096,134308,184463
79.54,09-21-2026 21:19:49:106,134309,184475
79.55,09-21-2026 21:19:49:116,134321,184466
79.56,09-21-2026 21:19:49:126,134299,184450
79.57,09-21-2026 21:19:49:136,134307,184474
79.58,09-21-2026 21:19:49:146,134298,184473
79.59,09-21-2026 21:19:49:156,134322,184465
79.6,09-21-2026 21:19:49:166,134294,184456
79.61,09-21-2026 21:19:49:176,134307,184452
79.62,09-21-2026 21:19:49:186,134272,184481
79.63,09-21-2026 21:19:49:196,134300,184444
79.64,09-21-2026 21:19:49:206,134273,184469
79.65,09-21-2026 21:19:49:216,134295,184443
79.66,09-21-2026 21:19:49:226,134284,184442
79.67,09-21-2026 21:19:49:236,134302,184452
79.68,09-21-2026 21:19:49:246,134273,184451
79.69,09-21-2026 21:19:49:256,134308,184460
79.7,09-21-2026 21:19:49:266,134274,184485
79.71,09-21-2026 21:19:49:276,134302,184465
79.72,09-21-2026 21:19:49:286,134272,184461
79.73,09-21-2026 21:19:49:296,134303,184460
79.74,09-21-2026 21:19:49:306,134280,184473
79.75,09-21-2026 21:19:49:316,134325,184485
79.76,09-21-2026 21:19:49:326,134280,184489
79.77,09-21-2026 21:19:49:336,134311,184508
79.78,09-21-2026 21:19:49:346,134277,184494
79.79,09-21-2026 21:19:49:356,134299,184498
79.8,09-21-2026 21:19:49:366,134282,184510
79.81,09-21-2026 21:19:49:376,134314,184503
79.82,09-21-2026 21:19:49:386,134284,184528
79.83,09-21-2026 21:19:49:396,134322,184511
79.84,09-21-2026 21:19:49:406,134295,184530
79.85,09-21-2026 21:19:49:416,134321,184550
79.86,09-21-2026 21:19:49:426,134290,184542
79.87,09-21-2026 21:19:49:436,134322,184541
79.88,09-21-2026 21:19:49:446,134303,184563
79.89,09-21-2026 21:19:49:456,134333,184587
79.9,09-21-2026 21:19:49:466,134299,184567
79.91,09-21-2026 21:19:49:476,134330,184571
79.92,09-21-2026 21:19:49:486,134304,184569
79.93,09-21-2026 21:19:49:496,134328,184587
79.94,09-21-2026 21:19:49:506,134309,184605
79.95,09-21-2026 21:19:49:516,134326,184606
79.96,09-21-2026 21:19:49:526,134307,184613
79.97,09-21-2026 21:19:49:536,134341,184616
79.98,09-21-2026 21:19:49:546,134304,184614
79.99,09-21-2026 21:19:49:556,134334,184595
80,09-21-2026 21:19:49:566,134308,184599
80.01,09-21-2026 21:19:49:576,134319,184575
80.02,09-21-2026 21:19:49:586,134307,184561
80.03,09-21-2026 21:19:49:596,134329,184536
80.04,09-21-2026 21:19:49:606,134304,184519
80.05,09-21-2026 21:19:49:616,134326,184506
80.06,09-21-2026 21:19:49:626,134305,184489
80.07,09-21-2026 21:19:49:636,134304,184482
80.08,09-21-2026 21:19:49:646,134310,184474
80.09,09-21-2026 21:19:49:656,134310,184463
80.1,09-21-2026 21:19:49:666,134304,184456
80.11,09-21-2026 21:19:49:676,134287,184449
80.12,09-21-2026 21:19:49:686,134308,184435
80.13,09-21-2026 21:19:49:696,134302,184432
80.14,09-21-2026 21:19:49:706,134299,184441
80.15,09-21-2026 21:19:49:716,134307,184437
80.16,09-21-2026 21:19:49:726,134299,184419
80.17,09-21-2026 21:19:49:736,134301,184433
80.18,09-21-2026 21:19:49:746,134306,184414
80.19,09-21-2026 21:19:49:756,134282,184411
80.2,09-21-2026 21:19:49:766,134311,184423
80.21,09-21-2026 21:19:49:776,134279,184423
80.22,09-21-2026 21:19:49:786,134314,184427
80.23,09-21-2026 21:19:49:796,134303,184443
80.24,09-21-2026 21:19:49:806,134313,184431
80.25,09-21-2026 21:19:49:816,134305,184415
80.26,09-21-2026 21:19:49:826,134315,184424
80.27,09-21-2026 21:19:49:836,134287,184412
80.28,09-21-2026 21:19:49:846,134332,184407
80.29,09-21-2026 21:19:49:856,134297,184406
80.3,09-21-2026 21:19:49:866,134295,184391
80.31,09-21-2026 21:19:49:876,134278,184397
80.32,09-21-2026 21:19:49:886,134335,184401
80.33,09-21-2026 21:19:49:896,134271,184405
80.34,09-21-2026 21:19:49:906,134317,184397
80.35,09-21-2026 21:19:49:916,134285,184392
80.36,09-21-2026 21:19:49:926,134315,184389
80.37,09-21-2026 21:19:49:936,134283,184403
80.38,09-21-2026 21:19:49:946,134313,184397
80.39,09-21-2026 21:19:49:956,134270,184430
80.4,09-21-2026 21:19:49:966,134334,184414
80.41,09-21-2026 21:19:49:976,134297,184415
80.42,09-21-2026 21:19:49:986,134321,184439
80.43,09-21-2026 21:19:49:996,134282,184438
80.44,09-21-2026 21:19:50:006,134322,184442
80.45,09-21-2026 21:19:50:016,134300,184423
80.46,09-21-2026 21:19:50:026,134326,184434
80.47,09-21-2026 21:19:50:036,134296,184454
80.48,09-21-2026 21:19:50:046,134292,184431
80.49,09-21-2026 21:19:50:056,134295,184456
80.5,09-21-2026 21:19:50:066,134300,184455
80.51,09-21-2026 21:19:50:076,134295,184453
80.52,09-21-2026 21:19:50:086,134317,184482
80.53,09-21-2026 21:19:50:096,134297,184469
80.54,09-21-2026 21:19:50:106,134331,184473
80.55,09-21-2026 21:19:50:116,134295,184467
80.56,09-21-2026 21:19:50:126,134325,184467
80.57,09-21-2026 21:19:50:136,134308,184502
80.58,09-21-2026 21:19:50:146,134315,184509
80.59,09-21-2026 21:19:50:156,134280,184488
80.6,09-21-2026 21:19:50:166,134330,184508
80.61,09-21-2026 21:19:50:176,134304,184514
80.62,09-21-2026 21:19:50:186,134317,184512
80.63,09-21-2026 21:19:50:196,134300,184504
80.64,09-21-2026 21:19:50:206,134303,184482
80.65,09-21-2026 21:19:50:216,134293,184450
80.66,09-21-2026 21:19:50:226,134297,184460
80.67,09-21-2026 21:19:50:236,134296,184416
80.68,09-21-2026 21:19:50:246,134285,184432
80.69,09-21-2026 21:19:50:256,134290,184384
80.7,09-21-2026 21:19:50:266,134267,184384
80.71,09-21-2026 21:19:50:276,134274,184364
80.72,09-21-2026 21:19:50:286,134282,184368
80.73,09-21-2026 21:19:50:296,134274,184340
80.74,09-21-2026 21:19:50:306,134288,184365
80.75,09-21-2026 21:19:50:316,134272,184340
80.76,09-21-2026 21:19:50:326,134280,184341
80.77,09-21-2026 21:19:50:336,134280,184320
80.78,09-21-2026 21:19:50:346,134261,184325
80.79,09-21-2026 21:19:50:356,134254,184313
80.8,09-21-2026 21:19:50:366,134258,184308
80.81,09-21-2026 21:19:50:376,134268,184302
80.82,09-21-2026 21:19:50:386,134266,184321
80.83,09-21-2026 21:19:50:396,134254,184285
80.84,09-21-2026 21:19:50:406,134275,184321
80.85,09-21-2026 21:19:50:416,134262,184274
80.86,09-21-2026 21:19:50:426,134254,184313
80.87,09-21-2026 21:19:50:436,134252,184274
80.88,09-21-2026 21:19:50:446,134266,184308
80.89,09-21-2026 21:19:50:456,134265,184263
80.9,09-21-2026 21:19:50:466,134256,184299
80.91,09-21-2026 21:19:50:476,134267,184268
80.92,09-21-2026 21:19:50:486,134259,184281
80.93,09-21-2026 21:19:50:496,134253,184246
80.94,09-21-2026 21:19:50:506,134263,184296
80.95,09-21-2026 21:19:50:516,134250,184251
80.96,09-21-2026 21:19:50:526,134254,184291
80.97,09-21-2026 21:19:50:536,134256,184234
80.98,09-21-2026 21:19:50:546,134259,184288
80.99,09-21-2026 21:19:50:556,134253,184252
81,09-21-2026 21:19:50:566,134252,184278
81.01,09-21-2026 21:19:50:576,134250,184260
81.02,09-21-2026 21:19:50:586,134248,184308
81.03,09-21-2026 21:19:50:596,134259,184239
81.04,09-21-2026 21:19:50:606,134268,184327
81.05,09-21-2026 21:19:50:616,134277,184239
81.06,09-21-2026 21:19:50:626,134256,184302
81.07,09-21-2026 21:19:50:636,134274,184269
81.08,09-21-2026 21:19:50:646,134263,184330
81.09,09-21-2026 21:19:50:656,134256,184269
81.1,09-21-2026 21:19:50:666,134262,184335
81.11,09-21-2026 21:19:50:676,134266,184289
81.12,09-21-2026 21:19:50:686,134273,184337
81.13,09-21-2026 21:19:50:696,134254,184291
81.14,09-21-2026 21:19:50:706,134268,184371
81.15,09-21-2026 21:19:50:716,134298,184329
81.16,09-21-2026 21:19:50:726,134278,184378
81.17,09-21-2026 21:19:50:736,134267,184344
81.18,09-21-2026 21:19:50:746,134277,184383
81.19,09-21-2026 21:19:50:756,134287,184364
81.2,09-21-2026 21:19:50:766,134274,184414
81.21,09-21-2026 21:19:50:776,134286,184362
81.22,09-21-2026 21:19:50:786,134272,184407
81.23,09-21-2026 21:19:50:796,134283,184379
81.24,09-21-2026 21:19:50:806,134280,184411
81.25,09-21-2026 21:19:50:816,134292,184400
81.26,09-21-2026 21:19:50:826,134288,184423
81.27,09-21-2026 21:19:50:836,134280,184393
81.28,09-21-2026 21:19:50:846,134290,184417
81.29,09-21-2026 21:19:50:856,134276,184367
81.3,09-21-2026 21:19:50:866,134280,184392
81.31,09-21-2026 21:19:50:876,134258,184344
81.32,09-21-2026 21:19:50:886,134265,184345
81.33,09-21-2026 21:19:50:896,134257,184308
81.34,09-21-2026 21:19:50:906,134274,184327
81.35,09-21-2026 21:19:50:916,134267,184301
81.36,09-21-2026 21:19:50:926,134249,184285
81.37,09-21-2026 21:19:50:936,134240,184287
81.38,09-21-2026 21:19:50:946,134232,184288
81.39,09-21-2026 21:19:50:956,134259,184268
81.4,09-21-2026 21:19:50:966,134262,184262
81.41,09-21-2026 21:19:50:976,134228,184261
81.42,09-21-2026 21:19:50:986,134239,184260
81.43,09-21-2026 21:19:50:996,134245,184254
81.44,09-21-2026 21:19:51:006,134237,184248
81.45,09-21-2026 21:19:51:016,134219,184225
81.46,09-21-2026 21:19:51:026,134252,184239
81.47,09-21-2026 21:19:51:036,134232,184245
81.48,09-21-2026 21:19:51:046,134238,184225
81.49,09-21-2026 21:19:51:056,134227,184234
81.5,09-21-2026 21:19:51:066,134245,184219
81.51,09-21-2026 21:19:51:076,134244,184244
81.52,09-21-2026 21:19:51:086,134227,184229
81.53,09-21-2026 21:19:51:096,134252,184268
81.54,09-21-2026 21:19:51:106,134240,184218
81.55,09-21-2026 21:19:51:116,134238,184245
81.56,09-21-2026 21:19:51:126,134244,184236
81.57,09-21-2026 21:19:51:136,134235,184249
81.58,09-21-2026 21:19:51:146,134244,184221
81.59,09-21-2026 21:19:51:156,134240,184260
81.6,09-21-2026 21:19:51:166,134231,184224
81.61,09-21-2026 21:19:51:176,134243,184242
81.62,09-21-2026 21:19:51:186,134254,184234
81.63,09-21-2026 21:19:51:196,134242,184253
81.64,09-21-2026 21:19:51:206,134252,184217
81.65,09-21-2026 21:19:51:216,134239,184260
81.66,09-21-2026 21:19:51:226,134238,184211
81.67,09-21-2026 21:19:51:236,134250,184272
81.68,09-21-2026 21:19:51:246,134254,184256
81.69,09-21-2026 21:19:51:256,134235,184293
81.7,09-21-2026 21:19:51:266,134256,184249
81.71,09-21-2026 21:19:51:276,134245,184294
81.72,09-21-2026 21:19:51:286,134258,184259
81.73,09-21-2026 21:19:51:296,134250,184310
81.74,09-21-2026 21:19:51:306,134261,184281
81.75,09-21-2026 21:19:51:316,134264,184305
81.76,09-21-2026 21:19:51:326,134250,184282
81.77,09-21-2026 21:19:51:336,134254,184327
81.78,09-21-2026 21:19:51:346,134245,184298
81.79,09-21-2026 21:19:51:356,134263,184311
81.8,09-21-2026 21:19:51:366,134274,184306
81.81,09-21-2026 21:19:51:376,134257,184315
81.82,09-21-2026 21:19:51:386,134266,184325
81.83,09-21-2026 21:19:51:396,134270,184347
81.84,09-21-2026 21:19:51:406,134280,184342
81.85,09-21-2026 21:19:51:416,134265,184366
81.86,09-21-2026 21:19:51:426,134276,184363
81.87,09-21-2026 21:19:51:436,134277,184386
81.88,09-21-2026 21:19:51:446,134283,184390
81.89,09-21-2026 21:19:51:456,134284,184386
81.9,09-21-2026 21:19:51:466,134273,184378
81.91,09-21-2026 21:19:51:476,134287,184419
81.92,09-21-2026 21:19:51:486,134298,184405
81.93,09-21-2026 21:19:51:496,134275,184419
81.94,09-21-2026 21:19:51:506,134296,184397
81.95,09-21-2026 21:19:51:516,134287,184382
81.96,09-21-2026 21:19:51:526,134293,184387
81.97,09-21-2026 21:19:51:536,134297,184352
81.98,09-21-2026 21:19:51:546,134270,184336
81.99,09-21-2026 21:19:51:556,134279,184325
82,09-21-2026 21:19:51:566,134279,184304
82.01,09-21-2026 21:19:51:576,134276,184291
82.02,09-21-2026 21:19:51:586,134267,184282
82.03,09-21-2026 21:19:51:596,134266,184281
82.04,09-21-2026 21:19:51:606,134244,184279
82.05,09-21-2026 21:19:51:616,134248,184257
82.06,09-21-2026 21:19:51:626,134258,184249
82.07,09-21-2026 21:19:51:636,134247,184256
82.08,09-21-2026 21:19:51:646,134251,184256
82.09,09-21-2026 21:19:51:656,134247,184258
82.1,09-21-2026 21:19:51:666,134267,184251
82.11,09-21-2026 21:19:51:676,134238,184238
82.12,09-21-2026 21:19:51:686,134232,184232
82.13,09-21-2026 21:19:51:696,134249,184242
82.14,09-21-2026 21:19:51:706,134257,184262
82.15,09-21-2026 21:19:51:716,134256,184239
82.16,09-21-2026 21:19:51:726,134263,184249
82.17,09-21-2026 21:19:51:736,134241,184245
82.18,09-21-2026 21:19:51:746,134263,184259
82.19,09-21-2026 21:19:51:756,134258,184259
82.2,09-21-2026 21:19:51:766,134259,184259
82.21,09-21-2026 21:19:51:776,134269,184249
82.22,09-21-2026 21:19:51:786,134267,184249
82.23,09-21-2026 21:19:51:796,134255,184240
82.24,09-21-2026 21:19:51:806,134260,184234
82.25,09-21-2026 21:19:51:816,134259,184249
82.26,09-21-2026 21:19:51:826,134269,184255
82.27,09-21-2026 21:19:51:836,134266,184251
82.28,09-21-2026 21:19:51:846,134266,184247
82.29,09-21-2026 21:19:51:856,134249,184260
82.3,09-21-2026 21:19:51:866,134259,184261
82.31,09-21-2026 21:19:51:876,134246,184262
82.32,09-21-2026 21:19:51:886,134256,184255
82.33,09-21-2026 21:19:51:896,134258,184273
82.34,09-21-2026 21:19:51:906,134284,184274
82.35,09-21-2026 21:19:51:916,134272,184290
82.36,09-21-2026 21:19:51:926,134278,184285
82.37,09-21-2026 21:19:51:936,134246,184297
82.38,09-21-2026 21:19:51:946,134260,184302
82.39,09-21-2026 21:19:51:956,134253,184302
82.4,09-21-2026 21:19:51:966,134277,184314
82.41,09-21-2026 21:19:51:976,134262,184323
82.42,09-21-2026 21:19:51:986,134276,184331
82.43,09-21-2026 21:19:51:996,134250,184329
82.44,09-21-2026 21:19:52:006,134280,184334
82.45,09-21-2026 21:19:52:016,134262,184357
82.46,09-21-2026 21:19:52:026,134285,184357
82.47,09-21-2026 21:19:52:036,134250,184357
82.48,09-21-2026 21:19:52:046,134291,184363
82.49,09-21-2026 21:19:52:056,134225,184377
82.5,09-21-2026 21:19:52:066,134284,184405
82.51,09-21-2026 21:19:52:076,134244,184396
82.52,09-21-2026 21:19:52:086,134287,184388
82.53,09-21-2026 21:19:52:096,134240,184418
82.54,09-21-2026 21:19:52:106,134299,184412
82.55,09-21-2026 21:19:52:116,134253,184436
82.56,09-21-2026 21:19:52:126,134280,184436
82.57,09-21-2026 21:19:52:136,134249,184426
82.58,09-21-2026 21:19:52:146,134296,184457
82.59,09-21-2026 21:19:52:156,134246,184449
82.6,09-21-2026 21:19:52:166,134307,184470
82.61,09-21-2026 21:19:52:176,134265,184442
82.62,09-21-2026 21:19:52:186,134314,184438
82.63,09-21-2026 21:19:52:196,134272,184432
82.64,09-21-2026 21:19:52:206,134305,184416
82.65,09-21-2026 21:19:52:216,134279,184391
82.66,09-21-2026 21:19:52:226,134289,184370
82.67,09-21-2026 21:19:52:236,134268,184374
82.68,09-21-2026 21:19:52:246,134284,184368
82.69,09-21-2026 21:19:52:256,134259,184351
82.7,09-21-2026 21:19:52:266,134291,184349
82.71,09-21-2026 21:19:52:276,134263,184330
82.72,09-21-2026 21:19:52:286,134275,184334
82.73,09-21-2026 21:19:52:296,134254,184332
82.74,09-21-2026 21:19:52:306,134286,184331
82.75,09-21-2026 21:19:52:316,134274,184315
82.76,09-21-2026 21:19:52:326,134276,184320
82.77,09-21-2026 21:19:52:336,134296,184325
82.78,09-21-2026 21:19:52:346,134275,184308
82.79,09-21-2026 21:19:52:356,134278,184317
82.8,09-21-2026 21:19:52:366,134285,184302
82.81,09-21-2026 21:19:52:376,134281,184336
82.82,09-21-2026 21:19:52:386,134275,184323
82.83,09-21-2026 21:19:52:396,134303,184348
82.84,09-21-2026 21:19:52:406,134281,184341
82.85,09-21-2026 21:19:52:416,134292,184334
82.86,09-21-2026 21:19:52:426,134273,184327
82.87,09-21-2026 21:19:52:436,134314,184340
82.88,09-21-2026 21:19:52:446,134285,184342
82.89,09-21-2026 21:19:52:456,134310,184339
82.9,09-21-2026 21:19:52:466,134283,184337
82.91,09-21-2026 21:19:52:476,134310,184350
82.92,09-21-2026 21:19:52:486,134292,184335
82.93,09-21-2026 21:19:52:496,134316,184331
82.94,09-21-2026 21:19:52:506,134287,184340
82.95,09-21-2026 21:19:52:516,134314,184341
82.96,09-21-2026 21:19:52:526,134289,184341
82.97,09-21-2026 21:19:52:536,134323,184352
82.98,09-21-2026 21:19:52:546,134301,184354
82.99,09-21-2026 21:19:52:556,134326,184347
83,09-21-2026 21:19:52:566,134290,184356
83.01,09-21-2026 21:19:52:576,134341,184360
83.02,09-21-2026 21:19:52:586,134294,184349
83.03,09-21-2026 21:19:52:596,134324,184380
83.04,09-21-2026 21:19:52:606,134288,184382
83.05,09-21-2026 21:19:52:616,134347,184396
83.06,09-21-2026 21:19:52:626,134293,184391
83.07,09-21-2026 21:19:52:636,134320,184413
83.08,09-21-2026 21:19:52:646,134297,184425
83.09,09-21-2026 21:19:52:656,134325,184417
83.1,09-21-2026 21:19:52:666,134306,184425
83.11,09-21-2026 21:19:52:676,134311,184436
83.12,09-21-2026 21:19:52:686,134304,184454
83.13,09-21-2026 21:19:52:696,134322,184427
83.14,09-21-2026 21:19:52:706,134314,184460
83.15,09-21-2026 21:19:52:716,134346,184457
83.16,09-21-2026 21:19:52:726,134310,184454
83.17,09-21-2026 21:19:52:736,134346,184471
83.18,09-21-2026 21:19:52:746,134316,184484
83.19,09-21-2026 21:19:52:756,134339,184493
83.2,09-21-2026 21:19:52:766,134319,184499
83.21,09-21-2026 21:19:52:776,134323,184504
83.22,09-21-2026 21:19:52:786,134317,184495
83.23,09-21-2026 21:19:52:796,134335,184518
83.24,09-21-2026 21:19:52:806,134325,184536
83.25,09-21-2026 21:19:52:816,134313,184528
83.26,09-21-2026 21:19:52:826,134327,184532
83.27,09-21-2026 21:19:52:836,134343,184531
83.28,09-21-2026 21:19:52:846,134335,184504
83.29,09-21-2026 21:19:52:856,134325,184508
83.3,09-21-2026 21:19:52:866,134335,184489
83.31,09-21-2026 21:19:52:876,134319,184489
83.32,09-21-2026 21:19:52:886,134311,184455
83.33,09-21-2026 21:19:52:896,134311,184440
83.34,09-21-2026 21:19:52:906,134295,184415
83.35,09-21-2026 21:19:52:916,134306,184420
83.36,09-21-2026 21:19:52:926,134301,184397
83.37,09-21-2026 21:19:52:936,134304,184412
83.38,09-21-2026 21:19:52:946,134303,184362
83.39,09-21-2026 21:19:52:956,134312,184409
83.4,09-21-2026 21:19:52:966,134294,184363
83.41,09-21-2026 21:19:52:976,134290,184405
83.42,09-21-2026 21:19:52:986,134305,184384
83.43,09-21-2026 21:19:52:996,134286,184407
83.44,09-21-2026 21:19:53:006,134291,184359
83.45,09-21-2026 21:19:53:016,134298,184399
83.46,09-21-2026 21:19:53:026,134298,184343
83.47,09-21-2026 21:19:53:036,134308,184401
83.48,09-21-2026 21:19:53:046,134312,184355
83.49,09-21-2026 21:19:53:056,134310,184424
83.5,09-21-2026 21:19:53:066,134301,184361
83.51,09-21-2026 21:19:53:076,134302,184414
83.52,09-21-2026 21:19:53:086,134288,184368
83.53,09-21-2026 21:19:53:096,134277,184419
83.54,09-21-2026 21:19:53:106,134299,184343
83.55,09-21-2026 21:19:53:116,134305,184403
83.56,09-21-2026 21:19:53:126,134291,184353
83.57,09-21-2026 21:19:53:136,134299,184398
83.58,09-21-2026 21:19:53:146,134304,184368
83.59,09-21-2026 21:19:53:156,134310,184411
83.6,09-21-2026 21:19:53:166,134302,184362
83.61,09-21-2026 21:19:53:176,134301,184417
83.62,09-21-2026 21:19:53:186,134307,184353
83.63,09-21-2026 21:19:53:196,134297,184412
83.64,09-21-2026 21:19:53:206,134313,184378
83.65,09-21-2026 21:19:53:216,134307,184440
83.66,09-21-2026 21:19:53:226,134306,184400
83.67,09-21-2026 21:19:53:236,134299,184426
83.68,09-21-2026 21:19:53:246,134314,184420
83.69,09-21-2026 21:19:53:256,134315,184440
83.7,09-21-2026 21:19:53:266,134324,184427
83.71,09-21-2026 21:19:53:276,134315,184470
83.72,09-21-2026 21:19:53:286,134316,184456
83.73,09-21-2026 21:19:53:296,134321,184479
83.74,09-21-2026 21:19:53:306,134298,184468
83.75,09-21-2026 21:19:53:316,134317,184481
83.76,09-21-2026 21:19:53:326,134331,184514
83.77,09-21-2026 21:19:53:336,134322,184514
83.78,09-21-2026 21:19:53:346,134338,184520
83.79,09-21-2026 21:19:53:356,134340,184495
83.8,09-21-2026 21:19:53:366,134322,184536
83.81,09-21-2026 21:19:53:376,134319,184548
83.82,09-21-2026 21:19:53:386,134331,184545
83.83,09-21-2026 21:19:53:396,134324,184545
83.84,09-21-2026 21:19:53:406,134334,184559
83.85,09-21-2026 21:19:53:416,134343,184563
83.86,09-21-2026 21:19:53:426,134344,184597
83.87,09-21-2026 21:19:53:436,134338,184565
83.88,09-21-2026 21:19:53:446,134336,184617
83.89,09-21-2026 21:19:53:456,134349,184592
83.9,09-21-2026 21:19:53:466,134335,184629
83.91,09-21-2026 21:19:53:476,134345,184614
83.92,09-21-2026 21:19:53:486,134356,184651
83.93,09-21-2026 21:19:53:496,134361,184650
83.94,09-21-2026 21:19:53:506,134342,184656
83.95,09-21-2026 21:19:53:516,134362,184658
83.96,09-21-2026 21:19:53:526,134355,184668
83.97,09-21-2026 21:19:53:536,134342,184644
83.98,09-21-2026 21:19:53:546,134345,184664
83.99,09-21-2026 21:19:53:556,134350,184647
84,09-21-2026 21:19:53:566,134351,184659
84.01,09-21-2026 21:19:53:576,134348,184601
84.02,09-21-2026 21:19:53:586,134349,184633
84.03,09-21-2026 21:19:53:596,134338,184556
84.04,09-21-2026 21:19:53:606,134340,184582
84.05,09-21-2026 21:19:53:616,134341,184547
84.06,09-21-2026 21:19:53:626,134331,184569
84.07,09-21-2026 21:19:53:636,134341,184543
84.08,09-21-2026 21:19:53:646,134335,184560
84.09,09-21-2026 21:19:53:656,134334,184550
84.1,09-21-2026 21:19:53:666,134328,184581
84.11,09-21-2026 21:19:53:676,134330,184521
84.12,09-21-2026 21:19:53:686,134313,184549
84.13,09-21-2026 21:19:53:696,134310,184519
84.14,09-21-2026 21:19:53:706,134334,184555
84.15,09-21-2026 21:19:53:716,134322,184527
84.16,09-21-2026 21:19:53:726,134326,184524
84.17,09-21-2026 21:19:53:736,134320,184530
84.18,09-21-2026 21:19:53:746,134325,184541
84.19,09-21-2026 21:19:53:756,134322,184527
84.2,09-21-2026 21:19:53:766,134332,184548
84.21,09-21-2026 21:19:53:776,134327,184519
84.22,09-21-2026 21:19:53:786,134315,184530
84.23,09-21-2026 21:19:53:796,134323,184531
84.24,09-21-2026 21:19:53:806,134325,184535
84.25,09-21-2026 21:19:53:816,134330,184544
84.26,09-21-2026 21:19:53:826,134324,184543
84.27,09-21-2026 21:19:53:836,134331,184531
84.28,09-21-2026 21:19:53:846,134324,184543
84.29,09-21-2026 21:19:53:856,134335,184524
84.3,09-21-2026 21:19:53:866,134331,184547
84.31,09-21-2026 21:19:53:876,134326,184528
84.32,09-21-2026 21:19:53:886,134329,184542
84.33,09-21-2026 21:19:53:896,134342,184548
84.34,09-21-2026 21:19:53:906,134336,184570
84.35,09-21-2026 21:19:53:916,134328,184567
84.36,09-21-2026 21:19:53:926,134335,184578
84.37,09-21-2026 21:19:53:936,134339,184568
84.38,09-21-2026 21:19:53:946,134349,184560
84.39,09-21-2026 21:19:53:956,134331,184574
84.4,09-21-2026 21:19:53:966,134345,184574
84.41,09-21-2026 21:19:53:976,134348,184584
84.42,09-21-2026 21:19:53:986,134345,184602
84.43,09-21-2026 21:19:53:996,134330,184601
84.44,09-21-2026 21:19:54:006,134324,184595
84.45,09-21-2026 21:19:54:016,134348,184616
84.46,09-21-2026 21:19:54:026,134349,184615
84.47,09-21-2026 21:19:54:036,134324,184625
84.48,09-21-2026 21:19:54:046,134341,184635
84.49,09-21-2026 21:19:54:056,134353,184648
84.5,09-21-2026 21:19:54:066,134346,184637
84.51,09-21-2026 21:19:54:076,134338,184662
84.52,09-21-2026 21:19:54:086,134354,184657
84.53,09-21-2026 21:19:54:096,134360,184665
84.54,09-21-2026 21:19:54:106,134350,184679
84.55,09-21-2026 21:19:54:116,134346,184691
84.56,09-21-2026 21:19:54:126,134341,184713
84.57,09-21-2026 21:19:54:136,134348,184703
84.58,09-21-2026 21:19:54:146,134351,184712
84.59,09-21-2026 21:19:54:156,134366,184730
84.6,09-21-2026 21:19:54:166,134349,184730
84.61,09-21-2026 21:19:54:176,134364,184740
84.62,09-21-2026 21:19:54:186,134356,184726
84.63,09-21-2026 21:19:54:196,134372,184755
84.64,09-21-2026 21:19:54:206,134363,184776
84.65,09-21-2026 21:19:54:216,134385,184781
84.66,09-21-2026 21:19:54:226,134358,184793
84.67,09-21-2026 21:19:54:236,134380,184789
84.68,09-21-2026 21:19:54:246,134352,184784
84.69,09-21-2026 21:19:54:256,134382,184805
84.7,09-21-2026 21:19:54:266,134363,184787
84.71,09-21-2026 21:19:54:276,134373,184779
84.72,09-21-2026 21:19:54:286,134353,184739
84.73,09-21-2026 21:19:54:296,134357,184740
84.74,09-21-2026 21:19:54:306,134327,184736
84.75,09-21-2026 21:19:54:316,134370,184731
84.76,09-21-2026 21:19:54:326,134339,184723
84.77,09-21-2026 21:19:54:336,134369,184710
84.78,09-21-2026 21:19:54:346,134332,184687
84.79,09-21-2026 21:19:54:356,134373,184703
84.8,09-21-2026 21:19:54:366,134321,184684
84.81,09-21-2026 21:19:54:376,134362,184689
84.82,09-21-2026 21:19:54:386,134305,184684
84.83,09-21-2026 21:19:54:396,134363,184683
84.84,09-21-2026 21:19:54:406,134319,184700
84.85,09-21-2026 21:19:54:416,134357,184667
84.86,09-21-2026 21:19:54:426,134327,184700
84.87,09-21-2026 21:19:54:436,134363,184681
84.88,09-21-2026 21:19:54:446,134322,184693
84.89,09-21-2026 21:19:54:456,134366,184711
84.9,09-21-2026 21:19:54:466,134319,184702
84.91,09-21-2026 21:19:54:476,134357,184725
84.92,09-21-2026 21:19:54:486,134331,184695
84.93,09-21-2026 21:19:54:496,134369,184707
84.94,09-21-2026 21:19:54:506,134342,184718
84.95,09-21-2026 21:19:54:516,134351,184711
84.96,09-21-2026 21:19:54:526,134341,184694
84.97,09-21-2026 21:19:54:536,134383,184701
84.98,09-21-2026 21:19:54:546,134346,184708
84.99,09-21-2026 21:19:54:556,134372,184724
85,09-21-2026 21:19:54:566,134353,184719
85.01,09-21-2026 21:19:54:576,134367,184739
85.02,09-21-2026 21:19:54:586,134374,184723
85.03,09-21-2026 21:19:54:596,134362,184726
85.04,09-21-2026 21:19:54:606,134375,184716
85.05,09-21-2026 21:19:54:616,134379,184736
85.06,09-21-2026 21:19:54:626,134376,184726
85.07,09-21-2026 21:19:54:636,134384,184737
85.08,09-21-2026 21:19:54:646,134392,184739
85.09,09-21-2026 21:19:54:656,134371,184772
85.1,09-21-2026 21:19:54:666,134383,184756
85.11,09-21-2026 21:19:54:676,134373,184772
85.12,09-21-2026 21:19:54:686,134394,184756
85.13,09-21-2026 21:19:54:696,134355,184775
85.14,09-21-2026 21:19:54:706,134398,184793
85.15,09-21-2026 21:19:54:716,134364,184791
85.16,09-21-2026 21:19:54:726,134410,184767
85.17,09-21-2026 21:19:54:736,134387,184798
85.18,09-21-2026 21:19:54:746,134408,184813
85.19,09-21-2026 21:19:54:756,134378,184823
85.2,09-21-2026 21:19:54:766,134418,184835
85.21,09-21-2026 21:19:54:776,134381,184833
85.22,09-21-2026 21:19:54:786,134442,184839
85.23,09-21-2026 21:19:54:796,134398,184858
85.24,09-21-2026 21:19:54:806,134434,184858
85.25,09-21-2026 21:19:54:816,134407,184866
85.26,09-21-2026 21:19:54:826,134432,184869
85.27,09-21-2026 21:19:54:836,134412,184872
85.28,09-21-2026 21:19:54:846,134447,184889
85.29,09-21-2026 21:19:54:856,134403,184910
85.3,09-21-2026 21:19:54:866,134449,184913
85.31,09-21-2026 21:19:54:876,134408,184915
85.32,09-21-2026 21:19:54:886,134432,184929
85.33,09-21-2026 21:19:54:896,134409,184946
85.34,09-21-2026 21:19:54:906,134429,184936
85.35,09-21-2026 21:19:54:916,134429,184936
85.36,09-21-2026 21:19:54:926,134437,184955
85.37,09-21-2026 21:19:54:936,134410,184950
85.38,09-21-2026 21:19:54:946,134444,184937
85.39,09-21-2026 21:19:54:956,134416,184918
85.4,09-21-2026 21:19:54:966,134421,184915
85.41,09-21-2026 21:19:54:976,134410,184894
85.42,09-21-2026 21:19:54:986,134435,184880
85.43,09-21-2026 21:19:54:996,134400,184874
85.44,09-21-2026 21:19:55:006,134426,184856
85.45,09-21-2026 21:19:55:016,134396,184848
85.46,09-21-2026 21:19:55:026,134421,184843
85.47,09-21-2026 21:19:55:036,134385,184859
85.48,09-21-2026 21:19:55:046,134387,184852
85.49,09-21-2026 21:19:55:056,134394,184850
85.5,09-21-2026 21:19:55:066,134397,184828
85.51,09-21-2026 21:19:55:076,134391,184855
85.52,09-21-2026 21:19:55:086,134405,184851
85.53,09-21-2026 21:19:55:096,134390,184839
85.54,09-21-2026 21:19:55:106,134391,184853
85.55,09-21-2026 21:19:55:116,134386,184843
85.56,09-21-2026 21:19:55:126,134379,184838
85.57,09-21-2026 21:19:55:136,134389,184833
85.58,09-21-2026 21:19:55:146,134389,184873
85.59,09-21-2026 21:19:55:156,134392,184844
85.6,09-21-2026 21:19:55:166,134379,184867
85.61,09-21-2026 21:19:55:176,134389,184858
85.62,09-21-2026 21:19:55:186,134383,184859
85.63,09-21-2026 21:19:55:196,134392,184854
85.64,09-21-2026 21:19:55:206,134386,184865
85.65,09-21-2026 21:19:55:216,134396,184856
85.66,09-21-2026 21:19:55:226,134413,184857
85.67,09-21-2026 21:19:55:236,134388,184836
85.68,09-21-2026 21:19:55:246,134399,184874
85.69,09-21-2026 21:19:55:256,134400,184818
85.7,09-21-2026 21:19:55:266,134387,184871
85.71,09-21-2026 21:19:55:276,134392,184835
85.72,09-21-2026 21:19:55:286,134375,184864
85.73,09-21-2026 21:19:55:296,134401,184834
85.74,09-21-2026 21:19:55:306,134415,184888
85.75,09-21-2026 21:19:55:316,134402,184852
85.76,09-21-2026 21:19:55:326,134396,184917
85.77,09-21-2026 21:19:55:336,134402,184827
85.78,09-21-2026 21:19:55:346,134404,184907
85.79,09-21-2026 21:19:55:356,134407,184882
85.8,09-21-2026 21:19:55:366,134393,184921
85.81,09-21-2026 21:19:55:376,134415,184874
85.82,09-21-2026 21:19:55:386,134410,184922
85.83,09-21-2026 21:19:55:396,134409,184878
85.84,09-21-2026 21:19:55:406,134383,184962
85.85,09-21-2026 21:19:55:416,134412,184858
85.86,09-21-2026 21:19:55:426,134411,184962
85.87,09-21-2026 21:19:55:436,134413,184890
85.88,09-21-2026 21:19:55:446,134405,184950
85.89,09-21-2026 21:19:55:456,134398,184918
85.9,09-21-2026 21:19:55:466,134402,185002
85.91,09-21-2026 21:19:55:476,134392,184969
85.92,09-21-2026 21:19:55:486,134420,185001
85.93,09-21-2026 21:19:55:496,134413,184949
85.94,09-21-2026 21:19:55:506,134407,184998
85.95,09-21-2026 21:19:55:516,134406,184993
85.96,09-21-2026 21:19:55:526,134405,185021
85.97,09-21-2026 21:19:55:536,134396,184992
85.98,09-21-2026 21:19:55:546,134409,185019
85.99,09-21-2026 21:19:55:556,134421,185024
86,09-21-2026 21:19:55:566,134423,185031
86.01,09-21-2026 21:19:55:576,134433,184989
86.02,09-21-2026 21:19:55:586,134416,185019
86.03,09-21-2026 21:19:55:596,134420,185011
86.04,09-21-2026 21:19:55:606,134418,184986
86.05,09-21-2026 21:19:55:616,134413,184971
86.06,09-21-2026 21:19:55:626,134401,184966
86.07,09-21-2026 21:19:55:636,134413,184946
86.08,09-21-2026 21:19:55:646,134398,184938
86.09,09-21-2026 21:19:55:656,134403,184954
86.1,09-21-2026 21:19:55:666,134417,184918
86.11,09-21-2026 21:19:55:676,134407,184936
86.12,09-21-2026 21:19:55:686,134404,184900
86.13,09-21-2026 21:19:55:696,134398,184929
86.14,09-21-2026 21:19:55:706,134394,184920
86.15,09-21-2026 21:19:55:716,134398,184929
86.16,09-21-2026 21:19:55:726,134405,184911
86.17,09-21-2026 21:19:55:736,134406,184929
86.18,09-21-2026 21:19:55:746,134396,184914
86.19,09-21-2026 21:19:55:756,134395,184927
86.2,09-21-2026 21:19:55:766,134388,184913
86.21,09-21-2026 21:19:55:776,134392,184925
86.22,09-21-2026 21:19:55:786,134400,184928
86.23,09-21-2026 21:19:55:796,134404,184929
86.24,09-21-2026 21:19:55:806,134399,184921
86.25,09-21-2026 21:19:55:816,134403,184951
86.26,09-21-2026 21:19:55:826,134410,184912
86.27,09-21-2026 21:19:55:836,134399,184939
86.28,09-21-2026 21:19:55:846,134397,184913
86.29,09-21-2026 21:19:55:856,134386,184959
86.3,09-21-2026 21:19:55:866,134406,184913
86.31,09-21-2026 21:19:55:876,134407,184946
86.32,09-21-2026 21:19:55:886,134392,184903
86.33,09-21-2026 21:19:55:896,134400,184943
86.34,09-21-2026 21:19:55:906,134389,184905
86.35,09-21-2026 21:19:55:916,134406,184953
86.36,09-21-2026 21:19:55:926,134400,184899
86.37,09-21-2026 21:19:55:936,134388,184934
86.38,09-21-2026 21:19:55:946,134407,184941
86.39,09-21-2026 21:19:55:956,134413,184961
86.4,09-21-2026 21:19:55:966,134410,184938
86.41,09-21-2026 21:19:55:976,134393,184943
86.42,09-21-2026 21:19:55:986,134404,184946
86.43,09-21-2026 21:19:55:996,134391,184963
86.44,09-21-2026 21:19:56:006,134404,184953
86.45,09-21-2026 21:19:56:016,134408,184963
86.46,09-21-2026 21:19:56:026,134408,184964
86.47,09-21-2026 21:19:56:036,134391,184981
86.48,09-21-2026 21:19:56:046,134406,184966
86.49,09-21-2026 21:19:56:056,134410,184972
86.5,09-21-2026 21:19:56:066,134410,184977
86.51,09-21-2026 21:19:56:076,134405,185001
86.52,09-21-2026 21:19:56:086,134417,184993
86.53,09-21-2026 21:19:56:096,134406,184991
86.54,09-21-2026 21:19:56:106,134422,184998
86.55,09-21-2026 21:19:56:116,134415,185024
86.56,09-21-2026 21:19:56:126,134411,185016
86.57,09-21-2026 21:19:56:136,134401,185021
86.58,09-21-2026 21:19:56:146,134427,185017
86.59,09-21-2026 21:19:56:156,134418,185045
86.6,09-21-2026 21:19:56:166,134418,185049
86.61,09-21-2026 21:19:56:176,134409,185057
86.62,09-21-2026 21:19:56:186,134428,185047
86.63,09-21-2026 21:19:56:196,134404,185037
86.64,09-21-2026 21:19:56:206,134420,185021
86.65,09-21-2026 21:19:56:216,134419,185017
86.66,09-21-2026 21:19:56:226,134408,184985
86.67,09-21-2026 21:19:56:236,134417,184973
86.68,09-21-2026 21:19:56:246,134398,184973
86.69,09-21-2026 21:19:56:256,134413,184953
86.7,09-21-2026 21:19:56:266,134405,184929
86.71,09-21-2026 21:19:56:276,134396,184930
86.72,09-21-2026 21:19:56:286,134406,184929
86.73,09-21-2026 21:19:56:296,134405,184906
86.74,09-21-2026 21:19:56:306,134410,184910
86.75,09-21-2026 21:19:56:316,134390,184917
86.76,09-21-2026 21:19:56:326,134376,184906
86.77,09-21-2026 21:19:56:336,134385,184887
86.78,09-21-2026 21:19:56:346,134387,184884
86.79,09-21-2026 21:19:56:356,134363,184890
86.8,09-21-2026 21:19:56:366,134376,184875
86.81,09-21-2026 21:19:56:376,134365,184870
86.82,09-21-2026 21:19:56:386,134381,184872
86.83,09-21-2026 21:19:56:396,134380,184883
86.84,09-21-2026 21:19:56:406,134391,184886
86.85,09-21-2026 21:19:56:416,134378,184866
86.86,09-21-2026 21:19:56:426,134374,184855
86.87,09-21-2026 21:19:56:436,134354,184871
86.88,09-21-2026 21:19:56:446,134371,184873
86.89,09-21-2026 21:19:56:456,134355,184863
86.9,09-21-2026 21:19:56:466,134384,184871
86.91,09-21-2026 21:19:56:476,134350,184872
86.92,09-21-2026 21:19:56:486,134375,184874
86.93,09-21-2026 21:19:56:496,134344,184880
86.94,09-21-2026 21:19:56:506,134370,184864
86.95,09-21-2026 21:19:56:516,134346,184868
86.96,09-21-2026 21:19:56:526,134380,184869
86.97,09-21-2026 21:19:56:536,134339,184872
86.98,09-21-2026 21:19:56:546,134377,184880
86.99,09-21-2026 21:19:56:556,134336,184854
87,09-21-2026 21:19:56:566,134369,184859
87.01,09-21-2026 21:19:56:576,134330,184885
87.02,09-21-2026 21:19:56:586,134369,184869
87.03,09-21-2026 21:19:56:596,134336,184862
87.04,09-21-2026 21:19:56:606,134375,184880
87.05,09-21-2026 21:19:56:616,134320,184898
87.06,09-21-2026 21:19:56:626,134381,184879
87.07,09-21-2026 21:19:56:636,134321,184885
87.08,09-21-2026 21:19:56:646,134367,184895
87.09,09-21-2026 21:19:56:656,134335,184880
87.1,09-21-2026 21:19:56:666,134376,184900
87.11,09-21-2026 21:19:56:676,134340,184914
87.12,09-21-2026 21:19:56:686,134380,184904
87.13,09-21-2026 21:19:56:696,134333,184932
87.14,09-21-2026 21:19:56:706,134382,184937
87.15,09-21-2026 21:19:56:716,134338,184952
87.16,09-21-2026 21:19:56:726,134389,184946
87.17,09-21-2026 21:19:56:736,134352,184936
87.18,09-21-2026 21:19:56:746,134369,184953
87.19,09-21-2026 21:19:56:756,134354,184947
87.2,09-21-2026 21:19:56:766,134377,184961
87.21,09-21-2026 21:19:56:776,134359,184970
87.22,09-21-2026 21:19:56:786,134406,184976
87.23,09-21-2026 21:19:56:796,134367,184979
87.24,09-21-2026 21:19:56:806,134403,184973
87.25,09-21-2026 21:19:56:816,134382,184991
87.26,09-21-2026 21:19:56:826,134367,184981
87.27,09-21-2026 21:19:56:836,134390,184951
87.28,09-21-2026 21:19:56:846,134388,184945
87.29,09-21-2026 21:19:56:856,134386,184927
87.3,09-21-2026 21:19:56:866,134392,184928
87.31,09-21-2026 21:19:56:876,134384,184904
87.32,09-21-2026 21:19:56:886,134389,184866
87.33,09-21-2026 21:19:56:896,134390,184856
87.34,09-21-2026 21:19:56:906,134370,184838
87.35,09-21-2026 21:19:56:916,134383,184853
87.36,09-21-2026 21:19:56:926,134369,184848
87.37,09-21-2026 21:19:56:936,134376,184836
87.38,09-21-2026 21:19:56:946,134370,184827
87.39,09-21-2026 21:19:56:956,134385,184834
87.4,09-21-2026 21:19:56:966,134361,184832
87.41,09-21-2026 21:19:56:976,134394,184823
87.42,09-21-2026 21:19:56:986,134358,184821
87.43,09-21-2026 21:19:56:996,134403,184819
87.44,09-21-2026 21:19:57:006,134348,184786
87.45,09-21-2026 21:19:57:016,134381,184793
87.46,09-21-2026 21:19:57:026,134360,184795
87.47,09-21-2026 21:19:57:036,134381,184812
87.48,09-21-2026 21:19:57:046,134347,184811
87.49,09-21-2026 21:19:57:056,134373,184795
87.5,09-21-2026 21:19:57:066,134331,184800
87.51,09-21-2026 21:19:57:076,134375,184808
87.52,09-21-2026 21:19:57:086,134351,184798
87.53,09-21-2026 21:19:57:096,134396,184795
87.54,09-21-2026 21:19:57:106,134346,184787
87.55,09-21-2026 21:19:57:116,134397,184795
87.56,09-21-2026 21:19:57:126,134353,184804
87.57,09-21-2026 21:19:57:136,134385,184792
87.58,09-21-2026 21:19:57:146,134359,184786
87.59,09-21-2026 21:19:57:156,134385,184789
87.6,09-21-2026 21:19:57:166,134342,184798
87.61,09-21-2026 21:19:57:176,134370,184769
87.62,09-21-2026 21:19:57:186,134357,184800
87.63,09-21-2026 21:19:57:196,134380,184802
87.64,09-21-2026 21:19:57:206,134348,184809
87.65,09-21-2026 21:19:57:216,134380,184821
87.66,09-21-2026 21:19:57:226,134350,184795
87.67,09-21-2026 21:19:57:236,134380,184808
87.68,09-21-2026 21:19:57:246,134358,184823
87.69,09-21-2026 21:19:57:256,134383,184812
87.7,09-21-2026 21:19:57:266,134344,184805
87.71,09-21-2026 21:19:57:276,134373,184832
87.72,09-21-2026 21:19:57:286,134341,184818
87.73,09-21-2026 21:19:57:296,134351,184828
87.74,09-21-2026 21:19:57:306,134339,184843
87.75,09-21-2026 21:19:57:316,134360,184847
87.76,09-21-2026 21:19:57:326,134356,184848
87.77,09-21-2026 21:19:57:336,134365,184858
87.78,09-21-2026 21:19:57:346,134362,184843
87.79,09-21-2026 21:19:57:356,134354,184857
87.8,09-21-2026 21:19:57:366,134365,184869
87.81,09-21-2026 21:19:57:376,134354,184855
87.82,09-21-2026 21:19:57:386,134352,184868
87.83,09-21-2026 21:19:57:396,134363,184883
87.84,09-21-2026 21:19:57:406,134357,184877
87.85,09-21-2026 21:19:57:416,134356,184897
87.86,09-21-2026 21:19:57:426,134359,184880
87.87,09-21-2026 21:19:57:436,134364,184915
87.88,09-21-2026 21:19:57:446,134373,184881
87.89,09-21-2026 21:19:57:456,134369,184894
87.9,09-21-2026 21:19:57:466,134352,184876
87.91,09-21-2026 21:19:57:476,134374,184880
87.92,09-21-2026 21:19:57:486,134358,184824
87.93,09-21-2026 21:19:57:496,134346,184848
87.94,09-21-2026 21:19:57:506,134342,184780
87.95,09-21-2026 21:19:57:516,134339,184794
87.96,09-21-2026 21:19:57:526,134339,184754
87.97,09-21-2026 21:19:57:536,134340,184772
87.98,09-21-2026 21:19:57:546,134329,184734
87.99,09-21-2026 21:19:57:556,134352,184778
88,09-21-2026 21:19:57:566,134336,184724
88.01,09-21-2026 21:19:57:576,134336,184753
88.02,09-21-2026 21:19:57:586,134332,184696
88.03,09-21-2026 21:19:57:596,134325,184771
88.04,09-21-2026 21:19:57:606,134326,184696
88.05,09-21-2026 21:19:57:616,134331,184751
88.06,09-21-2026 21:19:57:626,134324,184673
88.07,09-21-2026 21:19:57:636,134334,184732
88.08,09-21-2026 21:19:57:646,134317,184692
88.09,09-21-2026 21:19:57:656,134319,184745
88.1,09-21-2026 21:19:57:666,134330,184673
88.11,09-21-2026 21:19:57:676,134336,184735
88.12,09-21-2026 21:19:57:686,134329,184719
88.13,09-21-2026 21:19:57:696,134325,184763
88.14,09-21-2026 21:19:57:706,134330,184709
88.15,09-21-2026 21:19:57:716,134334,184749
88.16,09-21-2026 21:19:57:726,134337,184713
88.17,09-21-2026 21:19:57:736,134334,184742
88.18,09-21-2026 21:19:57:746,134349,184727
88.19,09-21-2026 21:19:57:756,134330,184756
88.2,09-21-2026 21:19:57:766,134317,184715
88.21,09-21-2026 21:19:57:776,134327,184715
88.22,09-21-2026 21:19:57:786,134326,184716
88.23,09-21-2026 21:19:57:796,134323,184751
88.24,09-21-2026 21:19:57:806,134332,184736
88.25,09-21-2026 21:19:57:816,134319,184764
88.26,09-21-2026 21:19:57:826,134325,184773
88.27,09-21-2026 21:19:57:836,134336,184747
88.28,09-21-2026 21:19:57:846,134313,184762
88.29,09-21-2026 21:19:57:856,134329,184757
88.3,09-21-2026 21:19:57:866,134327,184777
88.31,09-21-2026 21:19:57:876,134336,184760
88.32,09-21-2026 21:19:57:886,134336,184783
88.33,09-21-2026 21:19:57:896,134329,184778
88.34,09-21-2026 21:19:57:906,134332,184789
88.35,09-21-2026 21:19:57:916,134342,184778
88.36,09-21-2026 21:19:57:926,134334,184821
88.37,09-21-2026 21:19:57:936,134336,184791
88.38,09-21-2026 21:19:57:946,134334,184813
88.39,09-21-2026 21:19:57:956,134332,184793
88.4,09-21-2026 21:19:57:966,134341,184826
88.41,09-21-2026 21:19:57:976,134331,184820
88.42,09-21-2026 21:19:57:986,134328,184839
88.43,09-21-2026 21:19:57:996,134337,184837
88.44,09-21-2026 21:19:58:006,134346,184865
88.45,09-21-2026 21:19:58:016,134331,184831
88.46,09-21-2026 21:19:58:026,134347,184876
88.47,09-21-2026 21:19:58:036,134334,184848
88.48,09-21-2026 21:19:58:046,134341,184896
88.49,09-21-2026 21:19:58:056,134335,184848
88.5,09-21-2026 21:19:58:066,134356,184862
88.51,09-21-2026 21:19:58:076,134357,184849
88.52,09-21-2026 21:19:58:086,134338,184845
88.53,09-21-2026 21:19:58:096,134322,184805
88.54,09-21-2026 21:19:58:106,134335,184815
88.55,09-21-2026 21:19:58:116,134346,184755
88.56,09-21-2026 21:19:58:126,134328,184763
88.57,09-21-2026 21:19:58:136,134335,184717
88.58,09-21-2026 21:19:58:146,134315,184739
88.59,09-21-2026 21:19:58:156,134312,184731
88.6,09-21-2026 21:19:58:166,134305,184731
88.61,09-21-2026 21:19:58:176,134312,184704
88.62,09-21-2026 21:19:58:186,134315,184711
88.63,09-21-2026 21:19:58:196,134325,184706
88.64,09-21-2026 21:19:58:206,134299,184704
88.65,09-21-2026 21:19:58:216,134316,184675
88.66,09-21-2026 21:19:58:226,134302,184691
88.67,09-21-2026 21:19:58:236,134309,184675
88.68,09-21-2026 21:19:58:246,134303,184679
88.69,09-21-2026 21:19:58:256,134304,184665
88.7,09-21-2026 21:19:58:266,134317,184674
88.71,09-21-2026 21:19:58:276,134319,184664
88.72,09-21-2026 21:19:58:286,134310,184672
88.73,09-21-2026 21:19:58:296,134332,184676
88.74,09-21-2026 21:19:58:306,134298,184656
88.75,09-21-2026 21:19:58:316,134295,184670
88.76,09-21-2026 21:19:58:326,134303,184669
88.77,09-21-2026 21:19:58:336,134303,184669
88.78,09-21-2026 21:19:58:346,134310,184662
88.79,09-21-2026 21:19:58:356,134295,184651
88.8,09-21-2026 21:19:58:366,134301,184650
88.81,09-21-2026 21:19:58:376,134318,184664
88.82,09-21-2026 21:19:58:386,134294,184659
88.83,09-21-2026 21:19:58:396,134297,184651
88.84,09-21-2026 21:19:58:406,134298,184638
88.85,09-21-2026 21:19:58:416,134297,184656
88.86,09-21-2026 21:19:58:426,134293,184651
88.87,09-21-2026 21:19:58:436,134303,184644
88.88,09-21-2026 21:19:58:446,134295,184635
88.89,09-21-2026 21:19:58:456,134297,184658
88.9,09-21-2026 21:19:58:466,134305,184675
88.91,09-21-2026 21:19:58:476,134302,184669
88.92,09-21-2026 21:19:58:486,134313,184664
88.93,09-21-2026 21:19:58:496,134316,184669
88.94,09-21-2026 21:19:58:506,134315,184693
88.95,09-21-2026 21:19:58:516,134296,184688
88.96,09-21-2026 21:19:58:526,134299,184690
88.97,09-21-2026 21:19:58:536,134319,184674
88.98,09-21-2026 21:19:58:546,134307,184711
88.99,09-21-2026 21:19:58:556,134320,184704
89,09-21-2026 21:19:58:566,134321,184708
89.01,09-21-2026 21:19:58:576,134315,184711
89.02,09-21-2026 21:19:58:586,134319,184718
89.03,09-21-2026 21:19:58:596,134318,184704
89.04,09-21-2026 21:19:58:606,134302,184730
89.05,09-21-2026 21:19:58:616,134304,184731
89.06,09-21-2026 21:19:58:626,134275,184740
89.07,09-21-2026 21:19:58:636,134296,184752
89.08,09-21-2026 21:19:58:646,134299,184743
89.09,09-21-2026 21:19:58:656,134322,184757
89.1,09-21-2026 21:19:58:666,134292,184758
89.11,09-21-2026 21:19:58:676,134318,184778
89.12,09-21-2026 21:19:58:686,134300,184764
89.13,09-21-2026 21:19:58:696,134317,184740
89.14,09-21-2026 21:19:58:706,134286,184734
89.15,09-21-2026 21:19:58:716,134327,184730
89.16,09-21-2026 21:19:58:726,134300,184716
89.17,09-21-2026 21:19:58:736,134325,184698
89.18,09-21-2026 21:19:58:746,134275,184674
89.19,09-21-2026 21:19:58:756,134299,184660
89.2,09-21-2026 21:19:58:766,134287,184638
89.21,09-21-2026 21:19:58:776,134300,184628
89.22,09-21-2026 21:19:58:786,134236,184628
89.23,09-21-2026 21:19:58:796,134311,184624
89.24,09-21-2026 21:19:58:806,134247,184608
89.25,09-21-2026 21:19:58:816,134289,184598
89.26,09-21-2026 21:19:58:826,134243,184587
89.27,09-21-2026 21:19:58:836,134290,184595
89.28,09-21-2026 21:19:58:846,134244,184604
89.29,09-21-2026 21:19:58:856,134287,184584
89.3,09-21-2026 21:19:58:866,134228,184572
89.31,09-21-2026 21:19:58:876,134287,184580
89.32,09-21-2026 21:19:58:886,134239,184582
89.33,09-21-2026 21:19:58:896,134287,184611
89.34,09-21-2026 21:19:58:906,134274,184600
89.35,09-21-2026 21:19:58:916,134282,184587
89.36,09-21-2026 21:19:58:926,134279,184588
89.37,09-21-2026 21:19:58:936,134308,184593
89.38,09-21-2026 21:19:58:946,134269,184588
89.39,09-21-2026 21:19:58:956,134282,184597
89.4,09-21-2026 21:19:58:966,134264,184585
89.41,09-21-2026 21:19:58:976,134295,184585
89.42,09-21-2026 21:19:58:986,134275,184583
89.43,09-21-2026 21:19:58:996,134297,184564
89.44,09-21-2026 21:19:59:006,134293,184575
89.45,09-21-2026 21:19:59:016,134294,184583
89.46,09-21-2026 21:19:59:026,134308,184589
89.47,09-21-2026 21:19:59:036,134296,184590
89.48,09-21-2026 21:19:59:046,134308,184586
89.49,09-21-2026 21:19:59:056,134290,184584
89.5,09-21-2026 21:19:59:066,134317,184593
89.51,09-21-2026 21:19:59:076,134298,184600
89.52,09-21-2026 21:19:59:086,134300,184608
89.53,09-21-2026 21:19:59:096,134309,184588
89.54,09-21-2026 21:19:59:106,134300,184606
89.55,09-21-2026 21:19:59:116,134319,184601
89.56,09-21-2026 21:19:59:126,134304,184625
89.57,09-21-2026 21:19:59:136,134304,184619
89.58,09-21-2026 21:19:59:146,134304,184627
89.59,09-21-2026 21:19:59:156,134287,184617
89.6,09-21-2026 21:19:59:166,134326,184637
89.61,09-21-2026 21:19:59:176,134295,184644
89.62,09-21-2026 21:19:59:186,134314,184642
89.63,09-21-2026 21:19:59:196,134303,184640
89.64,09-21-2026 21:19:59:206,134330,184632
89.65,09-21-2026 21:19:59:216,134308,184642
89.66,09-21-2026 21:19:59:226,134341,184667
89.67,09-21-2026 21:19:59:236,134311,184665
89.68,09-21-2026 21:19:59:246,134327,184681
89.69,09-21-2026 21:19:59:256,134312,184681
89.7,09-21-2026 21:19:59:266,134350,184710
89.71,09-21-2026 21:19:59:276,134315,184700
89.72,09-21-2026 21:19:59:286,134352,184710
89.73,09-21-2026 21:19:59:296,134320,184717
89.74,09-21-2026 21:19:59:306,134350,184736
89.75,09-21-2026 21:19:59:316,134326,184730
89.76,09-21-2026 21:19:59:326,134342,184730
89.77,09-21-2026 21:19:59:336,134326,184717
89.78,09-21-2026 21:19:59:346,134357,184712
89.79,09-21-2026 21:19:59:356,134320,184705
89.8,09-21-2026 21:19:59:366,134332,184701
89.81,09-21-2026 21:19:59:376,134311,184657
89.82,09-21-2026 21:19:59:386,134328,184631
89.83,09-21-2026 21:19:59:396,134311,184631
89.84,09-21-2026 21:19:59:406,134314,184597
89.85,09-21-2026 21:19:59:416,134311,184607
89.86,09-21-2026 21:19:59:426,134318,184592
89.87,09-21-2026 21:19:59:436,134304,184592
89.88,09-21-2026 21:19:59:446,134316,184568
89.89,09-21-2026 21:19:59:456,134296,184567
89.9,09-21-2026 21:19:59:466,134298,184567
89.91,09-21-2026 21:19:59:476,134291,184556
89.92,09-21-2026 21:19:59:486,134293,184558
89.93,09-21-2026 21:19:59:496,134287,184556
89.94,09-21-2026 21:19:59:506,134291,184540
89.95,09-21-2026 21:19:59:516,134288,184556
89.96,09-21-2026 21:19:59:526,134287,184546
89.97,09-21-2026 21:19:59:536,134292,184525
89.98,09-21-2026 21:19:59:546,134275,184545
89.99,09-21-2026 21:19:59:556,134279,184517
90,09-21-2026 21:19:59:566,134288,184547
90.01,09-21-2026 21:19:59:576,134279,184544
90.02,09-21-2026 21:19:59:586,134282,184531
90.03,09-21-2026 21:19:59:596,134288,184522
90.04,09-21-2026 21:19:59:606,134282,184548
90.05,09-21-2026 21:19:59:616,134280,184525
90.06,09-21-2026 21:19:59:626,134274,184539
90.07,09-21-2026 21:19:59:636,134291,184523
90.08,09-21-2026 21:19:59:646,134280,184554
90.09,09-21-2026 21:19:59:656,134292,184518
90.1,09-21-2026 21:19:59:666,134292,184518
90.11,09-21-2026 21:19:59:676,134288,184542
90.12,09-21-2026 21:19:59:686,134284,184524
90.13,09-21-2026 21:19:59:696,134269,184541
90.14,09-21-2026 21:19:59:706,134285,184518
90.15,09-21-2026 21:19:59:716,134277,184539
90.16,09-21-2026 21:19:59:726,134273,184519
90.17,09-21-2026 21:19:59:736,134294,184572
90.18,09-21-2026 21:19:59:746,134279,184516
90.19,09-21-2026 21:19:59:756,134287,184554
90.2,09-21-2026 21:19:59:766,134291,184518
90.21,09-21-2026 21:19:59:776,134288,184586
90.22,09-21-2026 21:19:59:786,134298,184545
90.23,09-21-2026 21:19:59:796,134285,184589
90.24,09-21-2026 21:19:59:806,134307,184538
90.25,09-21-2026 21:19:59:816,134294,184594
90.26,09-21-2026 21:19:59:826,134310,184544
90.27,09-21-2026 21:19:59:836,134299,184617
90.28,09-21-2026 21:19:59:846,134304,184565
90.29,09-21-2026 21:19:59:856,134299,184613
90.3,09-21-2026 21:19:59:866,134296,184549
90.31,09-21-2026 21:19:59:876,134293,184637
90.32,09-21-2026 21:19:59:886,134292,184589
90.33,09-21-2026 21:19:59:896,134292,184643
90.34,09-21-2026 21:19:59:906,134302,184577
90.35,09-21-2026 21:19:59:916,134303,184659
90.36,09-21-2026 21:19:59:926,134297,184633
90.37,09-21-2026 21:19:59:936,134307,184684
90.38,09-21-2026 21:19:59:946,134312,184648
90.39,09-21-2026 21:19:59:956,134310,184689
90.4,09-21-2026 21:19:59:966,134319,184666
90.41,09-21-2026 21:19:59:976,134321,184704
90.42,09-21-2026 21:19:59:986,134317,184697
90.43,09-21-2026 21:19:59:996,134333,184717
90.44,09-21-2026 21:20:00:006,134327,184686
90.45,09-21-2026 21:20:00:016,134312,184696
90.46,09-21-2026 21:20:00:026,134335,184676
90.47,09-21-2026 21:20:00:036,134333,184668
90.48,09-21-2026 21:20:00:046,134305,184675
90.49,09-21-2026 21:20:00:056,134298,184631
90.5,09-21-2026 21:20:00:066,134302,184619
90.51,09-21-2026 21:20:00:076,134289,184617
90.52,09-21-2026 21:20:00:086,134295,184608
90.53,09-21-2026 21:20:00:096,134287,184593
90.54,09-21-2026 21:20:00:106,134299,184617
90.55,09-21-2026 21:20:00:116,134313,184583
90.56,09-21-2026 21:20:00:126,134287,184600
90.57,09-21-2026 21:20:00:136,134285,184566
90.58,09-21-2026 21:20:00:146,134305,184600
90.59,09-21-2026 21:20:00:156,134300,184581
90.6,09-21-2026 21:20:00:166,134274,184594
90.61,09-21-2026 21:20:00:176,134277,184558
90.62,09-21-2026 21:20:00:186,134285,184574
90.63,09-21-2026 21:20:00:196,134277,184551
90.64,09-21-2026 21:20:00:206,134275,184581
90.65,09-21-2026 21:20:00:216,134270,184580
90.66,09-21-2026 21:20:00:226,134280,184583
90.67,09-21-2026 21:20:00:236,134282,184572
90.68,09-21-2026 21:20:00:246,134289,184596
90.69,09-21-2026 21:20:00:256,134290,184568
90.7,09-21-2026 21:20:00:266,134299,184621
90.71,09-21-2026 21:20:00:276,134299,184580
90.72,09-21-2026 21:20:00:286,134301,184611
90.73,09-21-2026 21:20:00:296,134279,184568
90.74,09-21-2026 21:20:00:306,134287,184615
90.75,09-21-2026 21:20:00:316,134277,184564
90.76,09-21-2026 21:20:00:326,134290,184595
90.77,09-21-2026 21:20:00:336,134274,184580
90.78,09-21-2026 21:20:00:346,134284,184600
90.79,09-21-2026 21:20:00:356,134300,184563
90.8,09-21-2026 21:20:00:366,134284,184616
90.81,09-21-2026 21:20:00:376,134291,184579
90.82,09-21-2026 21:20:00:386,134278,184613
90.83,09-21-2026 21:20:00:396,134292,184573
90.84,09-21-2026 21:20:00:406,134289,184624
90.85,09-21-2026 21:20:00:416,134284,184587
90.86,09-21-2026 21:20:00:426,134298,184616
90.87,09-21-2026 21:20:00:436,134294,184595
90.88,09-21-2026 21:20:00:446,134292,184636
90.89,09-21-2026 21:20:00:456,134287,184594
90.9,09-21-2026 21:20:00:466,134299,184650
90.91,09-21-2026 21:20:00:476,134286,184632
90.92,09-21-2026 21:20:00:486,134288,184645
90.93,09-21-2026 21:20:00:496,134301,184634
90.94,09-21-2026 21:20:00:506,134308,184654
90.95,09-21-2026 21:20:00:516,134300,184660
90.96,09-21-2026 21:20:00:526,134307,184656
90.97,09-21-2026 21:20:00:536,134302,184684
90.98,09-21-2026 21:20:00:546,134318,184691
90.99,09-21-2026 21:20:00:556,134306,184677
91,09-21-2026 21:20:00:566,134308,184696
91.01,09-21-2026 21:20:00:576,134300,184701
91.02,09-21-2026 21:20:00:586,134315,184716
91.03,09-21-2026 21:20:00:596,134319,184725
91.04,09-21-2026 21:20:00:606,134319,184730
91.05,09-21-2026 21:20:00:616,134322,184730
91.06,09-21-2026 21:20:00:626,134316,184738
91.07,09-21-2026 21:20:00:636,134328,184748
91.08,09-21-2026 21:20:00:646,134313,184746
91.09,09-21-2026 21:20:00:656,134326,184721
91.1,09-21-2026 21:20:00:666,134320,184720
91.11,09-21-2026 21:20:00:676,134327,184705
91.12,09-21-2026 21:20:00:686,134314,184672
91.13,09-21-2026 21:20:00:696,134303,184668
91.14,09-21-2026 21:20:00:706,134297,184648
91.15,09-21-2026 21:20:00:716,134278,184631
91.16,09-21-2026 21:20:00:726,134284,184623
91.17,09-21-2026 21:20:00:736,134275,184621
91.18,09-21-2026 21:20:00:746,134294,184611
91.19,09-21-2026 21:20:00:756,134301,184602
91.2,09-21-2026 21:20:00:766,134272,184600
91.21,09-21-2026 21:20:00:776,134289,184588
91.22,09-21-2026 21:20:00:786,134277,184594
91.23,09-21-2026 21:20:00:796,134275,184586
91.24,09-21-2026 21:20:00:806,134283,184590
91.25,09-21-2026 21:20:00:816,134294,184583
91.26,09-21-2026 21:20:00:826,134280,184587
91.27,09-21-2026 21:20:00:836,134290,184591
91.28,09-21-2026 21:20:00:846,134264,184606
91.29,09-21-2026 21:20:00:856,134293,184618
91.3,09-21-2026 21:20:00:866,134283,184603
91.31,09-21-2026 21:20:00:876,134297,184602
91.32,09-21-2026 21:20:00:886,134268,184589
91.33,09-21-2026 21:20:00:896,134285,184591
91.34,09-21-2026 21:20:00:906,134262,184596
91.35,09-21-2026 21:20:00:916,134284,184599
91.36,09-21-2026 21:20:00:926,134269,184609
91.37,09-21-2026 21:20:00:936,134279,184574
91.38,09-21-2026 21:20:00:946,134246,184611
91.39,09-21-2026 21:20:00:956,134283,184617
91.4,09-21-2026 21:20:00:966,134266,184596
91.41,09-21-2026 21:20:00:976,134281,184576
91.42,09-21-2026 21:20:00:986,134271,184603
91.43,09-21-2026 21:20:00:996,134282,184620
91.44,09-21-2026 21:20:01:006,134258,184597
91.45,09-21-2026 21:20:01:016,134282,184613
91.46,09-21-2026 21:20:01:026,134245,184611
91.47,09-21-2026 21:20:01:036,134291,184622
91.48,09-21-2026 21:20:01:046,134238,184617
91.49,09-21-2026 21:20:01:056,134280,184628
91.5,09-21-2026 21:20:01:066,134246,184639
91.51,09-21-2026 21:20:01:076,134297,184628
91.52,09-21-2026 21:20:01:086,134245,184651
91.53,09-21-2026 21:20:01:096,134296,184641
91.54,09-21-2026 21:20:01:106,134251,184648
91.55,09-21-2026 21:20:01:116,134301,184651
91.56,09-21-2026 21:20:01:126,134262,184680
91.57,09-21-2026 21:20:01:136,134288,184690
91.58,09-21-2026 21:20:01:146,134249,184688
91.59,09-21-2026 21:20:01:156,134297,184677
91.6,09-21-2026 21:20:01:166,134265,184679
91.61,09-21-2026 21:20:01:176,134298,184691
91.62,09-21-2026 21:20:01:186,134236,184690
91.63,09-21-2026 21:20:01:196,134310,184704
91.64,09-21-2026 21:20:01:206,134285,184697
91.65,09-21-2026 21:20:01:216,134290,184710
91.66,09-21-2026 21:20:01:226,134290,184723
91.67,09-21-2026 21:20:01:236,134311,184736
91.68,09-21-2026 21:20:01:246,134277,184755
91.69,09-21-2026 21:20:01:256,134313,184755
91.7,09-21-2026 21:20:01:266,134286,184749
91.71,09-21-2026 21:20:01:276,134328,184764
91.72,09-21-2026 21:20:01:286,134301,184761
91.73,09-21-2026 21:20:01:296,134311,184751
91.74,09-21-2026 21:20:01:306,134289,184751
91.75,09-21-2026 21:20:01:316,134313,184711
91.76,09-21-2026 21:20:01:326,134311,184714
91.77,09-21-2026 21:20:01:336,134311,184673
91.78,09-21-2026 21:20:01:346,134329,184671
91.79,09-21-2026 21:20:01:356,134294,184676
91.8,09-21-2026 21:20:01:366,134305,184648
91.81,09-21-2026 21:20:01:376,134289,184647
91.82,09-21-2026 21:20:01:386,134302,184639
91.83,09-21-2026 21:20:01:396,134299,184635
91.84,09-21-2026 21:20:01:406,134304,184617
91.85,09-21-2026 21:20:01:416,134293,184633
91.86,09-21-2026 21:20:01:426,134311,184637
91.87,09-21-2026 21:20:01:436,134275,184619
91.88,09-21-2026 21:20:01:446,134296,184618
91.89,09-21-2026 21:20:01:456,134277,184607
91.9,09-21-2026 21:20:01:466,134300,184606
91.91,09-21-2026 21:20:01:476,134275,184615
91.92,09-21-2026 21:20:01:486,134295,184611
91.93,09-21-2026 21:20:01:496,134290,184600
91.94,09-21-2026 21:20:01:506,134319,184606
91.95,09-21-2026 21:20:01:516,134286,184615
91.96,09-21-2026 21:20:01:526,134312,184625
91.97,09-21-2026 21:20:01:536,134284,184623
91.98,09-21-2026 21:20:01:546,134308,184632
91.99,09-21-2026 21:20:01:556,134286,184616
92,09-21-2026 21:20:01:566,134333,184619
92.01,09-21-2026 21:20:01:576,134283,184619
92.02,09-21-2026 21:20:01:586,134332,184615
92.03,09-21-2026 21:20:01:596,134299,184615
92.04,09-21-2026 21:20:01:606,134324,184622
92.05,09-21-2026 21:20:01:616,134298,184620
92.06,09-21-2026 21:20:01:626,134318,184619
92.07,09-21-2026 21:20:01:636,134279,184602
92.08,09-21-2026 21:20:01:646,134314,184609
92.09,09-21-2026 21:20:01:656,134285,184619
92.1,09-21-2026 21:20:01:666,134315,184620
92.11,09-21-2026 21:20:01:676,134294,184644
92.12,09-21-2026 21:20:01:686,134306,184631
92.13,09-21-2026 21:20:01:696,134285,184636
92.14,09-21-2026 21:20:01:706,134311,184647
92.15,09-21-2026 21:20:01:716,134297,184670
92.16,09-21-2026 21:20:01:726,134315,184661
92.17,09-21-2026 21:20:01:736,134290,184655
92.18,09-21-2026 21:20:01:746,134309,184661
92.19,09-21-2026 21:20:01:756,134300,184684
92.2,09-21-2026 21:20:01:766,134319,184674
92.21,09-21-2026 21:20:01:776,134304,184682
92.22,09-21-2026 21:20:01:786,134310,184692
92.23,09-21-2026 21:20:01:796,134289,184696
92.24,09-21-2026 21:20:01:806,134297,184700
92.25,09-21-2026 21:20:01:816,134320,184717
92.26,09-21-2026 21:20:01:826,134308,184717
92.27,09-21-2026 21:20:01:836,134313,184743
92.28,09-21-2026 21:20:01:846,134321,184756
92.29,09-21-2026 21:20:01:856,134324,184752
92.3,09-21-2026 21:20:01:866,134323,184764
92.31,09-21-2026 21:20:01:876,134330,184743
92.32,09-21-2026 21:20:01:886,134306,184761
92.33,09-21-2026 21:20:01:896,134303,184759
92.34,09-21-2026 21:20:01:906,134315,184789
92.35,09-21-2026 21:20:01:916,134339,184780
92.36,09-21-2026 21:20:01:926,134324,184792
92.37,09-21-2026 21:20:01:936,134335,184790
92.38,09-21-2026 21:20:01:946,134330,184802
92.39,09-21-2026 21:20:01:956,134344,184773
92.4,09-21-2026 21:20:01:966,134313,184797
92.41,09-21-2026 21:20:01:976,134332,184745
92.42,09-21-2026 21:20:01:986,134327,184767
92.43,09-21-2026 21:20:01:996,134321,184725
92.44,09-21-2026 21:20:02:006,134325,184725
92.45,09-21-2026 21:20:02:016,134318,184639
92.46,09-21-2026 21:20:02:026,134303,184713
92.47,09-21-2026 21:20:02:036,134315,184649
92.48,09-21-2026 21:20:02:046,134307,184683
92.49,09-21-2026 21:20:02:056,134296,184637
92.5,09-21-2026 21:20:02:066,134291,184659
92.51,09-21-2026 21:20:02:076,134312,184609
92.52,09-21-2026 21:20:02:086,134300,184661
92.53,09-21-2026 21:20:02:096,134302,184632
92.54,09-21-2026 21:20:02:106,134307,184649
92.55,09-21-2026 21:20:02:116,134289,184593
92.56,09-21-2026 21:20:02:126,134284,184666
92.57,09-21-2026 21:20:02:136,134295,184622
92.58,09-21-2026 21:20:02:146,134301,184656
92.59,09-21-2026 21:20:02:156,134310,184591
92.6,09-21-2026 21:20:02:166,134313,184653
92.61,09-21-2026 21:20:02:176,134300,184605
92.62,09-21-2026 21:20:02:186,134286,184658
92.63,09-21-2026 21:20:02:196,134281,184598
92.64,09-21-2026 21:20:02:206,134296,184651
92.65,09-21-2026 21:20:02:216,134293,184627
92.66,09-21-2026 21:20:02:226,134305,184663
92.67,09-21-2026 21:20:02:236,134300,184615
92.68,09-21-2026 21:20:02:246,134292,184640
92.69,09-21-2026 21:20:02:256,134288,184638
92.7,09-21-2026 21:20:02:266,134298,184658
92.71,09-21-2026 21:20:02:276,134298,184645
92.72,09-21-2026 21:20:02:286,134296,184674
92.73,09-21-2026 21:20:02:296,134304,184634
92.74,09-21-2026 21:20:02:306,134311,184665
92.75,09-21-2026 21:20:02:316,134300,184650
92.76,09-21-2026 21:20:02:326,134299,184670
92.77,09-21-2026 21:20:02:336,134305,184674
92.78,09-21-2026 21:20:02:346,134321,184689
92.79,09-21-2026 21:20:02:356,134302,184684
92.8,09-21-2026 21:20:02:366,134304,184675
92.81,09-21-2026 21:20:02:376,134304,184677
92.82,09-21-2026 21:20:02:386,134306,184678
92.83,09-21-2026 21:20:02:396,134327,184711
92.84,09-21-2026 21:20:02:406,134316,184715
92.85,09-21-2026 21:20:02:416,134310,184728
92.86,09-21-2026 21:20:02:426,134303,184734
92.87,09-21-2026 21:20:02:436,134318,184751
92.88,09-21-2026 21:20:02:446,134322,184720
92.89,09-21-2026 21:20:02:456,134300,184739
92.9,09-21-2026 21:20:02:466,134298,184744
92.91,09-21-2026 21:20:02:476,134321,184788
92.92,09-21-2026 21:20:02:486,134319,184762
92.93,09-21-2026 21:20:02:496,134326,184794
92.94,09-21-2026 21:20:02:506,134320,184756
92.95,09-21-2026 21:20:02:516,134324,184793
92.96,09-21-2026 21:20:02:526,134315,184767
92.97,09-21-2026 21:20:02:536,134322,184812
92.98,09-21-2026 21:20:02:546,134338,184804
92.99,09-21-2026 21:20:02:556,134330,184816
93,09-21-2026 21:20:02:566,134319,184804
93.01,09-21-2026 21:20:02:576,134317,184854
93.02,09-21-2026 21:20:02:586,134337,184822
93.03,09-21-2026 21:20:02:596,134332,184837
93.04,09-21-2026 21:20:02:606,134339,184857
93.05,09-21-2026 21:20:02:616,134341,184887
93.06,09-21-2026 21:20:02:626,134346,184860
93.07,09-21-2026 21:20:02:636,134333,184924
93.08,09-21-2026 21:20:02:646,134347,184867
93.09,09-21-2026 21:20:02:656,134343,184909
93.1,09-21-2026 21:20:02:666,134323,184872
93.11,09-21-2026 21:20:02:676,134334,184861
93.12,09-21-2026 21:20:02:686,134332,184835
93.13,09-21-2026 21:20:02:696,134325,184845
93.14,09-21-2026 21:20:02:706,134346,184809
93.15,09-21-2026 21:20:02:716,134330,184815
93.16,09-21-2026 21:20:02:726,134333,184776
93.17,09-21-2026 21:20:02:736,134313,184804
93.18,09-21-2026 21:20:02:746,134315,184764
93.19,09-21-2026 21:20:02:756,134323,184769
93.2,09-21-2026 21:20:02:766,134314,184750
93.21,09-21-2026 21:20:02:776,134317,184774
93.22,09-21-2026 21:20:02:786,134328,184742
93.23,09-21-2026 21:20:02:796,134316,184716
93.24,09-21-2026 21:20:02:806,134323,184721
93.25,09-21-2026 21:20:02:816,134313,184745
93.26,09-21-2026 21:20:02:826,134334,184739
93.27,09-21-2026 21:20:02:836,134311,184733
93.28,09-21-2026 21:20:02:846,134303,184734
93.29,09-21-2026 21:20:02:856,134313,184712
93.3,09-21-2026 21:20:02:866,134327,184717
93.31,09-21-2026 21:20:02:876,134318,184729
93.32,09-21-2026 21:20:02:886,134334,184735
93.33,09-21-2026 21:20:02:896,134313,184743
93.34,09-21-2026 21:20:02:906,134324,184751
93.35,09-21-2026 21:20:02:916,134324,184744
93.36,09-21-2026 21:20:02:926,134317,184739
93.37,09-21-2026 21:20:02:936,134309,184754
93.38,09-21-2026 21:20:02:946,134320,184729
93.39,09-21-2026 21:20:02:956,134316,184744
93.4,09-21-2026 21:20:02:966,134323,184736
93.41,09-21-2026 21:20:02:976,134325,184744
93.42,09-21-2026 21:20:02:986,134313,184748
93.43,09-21-2026 21:20:02:996,134327,184755
93.44,09-21-2026 21:20:03:006,134305,184726
93.45,09-21-2026 21:20:03:016,134303,184745
93.46,09-21-2026 21:20:03:026,134337,184758
93.47,09-21-2026 21:20:03:036,134320,184765
93.48,09-21-2026 21:20:03:046,134323,184746
93.49,09-21-2026 21:20:03:056,134330,184749
93.5,09-21-2026 21:20:03:066,134324,184757
93.51,09-21-2026 21:20:03:076,134321,184772
93.52,09-21-2026 21:20:03:086,134320,184776
93.53,09-21-2026 21:20:03:096,134320,184783
93.54,09-21-2026 21:20:03:106,134329,184786
93.55,09-21-2026 21:20:03:116,134334,184795
93.56,09-21-2026 21:20:03:126,134322,184787
93.57,09-21-2026 21:20:03:136,134330,184814
93.58,09-21-2026 21:20:03:146,134349,184799
93.59,09-21-2026 21:20:03:156,134318,184826
93.6,09-21-2026 21:20:03:166,134348,184833
93.61,09-21-2026 21:20:03:176,134324,184837
93.62,09-21-2026 21:20:03:186,134318,184825
93.63,09-21-2026 21:20:03:196,134327,184841
93.64,09-21-2026 21:20:03:206,134338,184826
93.65,09-21-2026 21:20:03:216,134325,184856
93.66,09-21-2026 21:20:03:226,134348,184851
93.67,09-21-2026 21:20:03:236,134311,184849
93.68,09-21-2026 21:20:03:246,134337,184871
93.69,09-21-2026 21:20:03:256,134327,184874
93.7,09-21-2026 21:20:03:266,134346,184895
93.71,09-21-2026 21:20:03:276,134319,184889
93.72,09-21-2026 21:20:03:286,134351,184909
93.73,09-21-2026 21:20:03:296,134315,184911
93.74,09-21-2026 21:20:03:306,134347,184919
93.75,09-21-2026 21:20:03:316,134314,184933
93.76,09-21-2026 21:20:03:326,134348,184916
93.77,09-21-2026 21:20:03:336,134323,184943
93.78,09-21-2026 21:20:03:346,134354,184951
93.79,09-21-2026 21:20:03:356,134308,184958
93.8,09-21-2026 21:20:03:366,134374,184966
93.81,09-21-2026 21:20:03:376,134346,184954
93.82,09-21-2026 21:20:03:386,134363,184935
93.83,09-21-2026 21:20:03:396,134321,184923
93.84,09-21-2026 21:20:03:406,134351,184910
93.85,09-21-2026 21:20:03:416,134324,184882
93.86,09-21-2026 21:20:03:426,134345,184893
93.87,09-21-2026 21:20:03:436,134295,184864
93.88,09-21-2026 21:20:03:446,134354,184855
93.89,09-21-2026 21:20:03:456,134324,184841
93.9,09-21-2026 21:20:03:466,134354,184865
93.91,09-21-2026 21:20:03:476,134322,184852
93.92,09-21-2026 21:20:03:486,134347,184831
93.93,09-21-2026 21:20:03:496,134299,184829
93.94,09-21-2026 21:20:03:506,134340,184838
93.95,09-21-2026 21:20:03:516,134317,184846
93.96,09-21-2026 21:20:03:526,134333,184842
93.97,09-21-2026 21:20:03:536,134347,184818
93.98,09-21-2026 21:20:03:546,134335,184820
93.99,09-21-2026 21:20:03:556,134321,184825
94,09-21-2026 21:20:03:566,134331,184812
94.01,09-21-2026 21:20:03:576,134351,184818
94.02,09-21-2026 21:20:03:586,134338,184850
94.03,09-21-2026 21:20:03:596,134354,184840
94.04,09-21-2026 21:20:03:606,134336,184853
94.05,09-21-2026 21:20:03:616,134351,184830
94.06,09-21-2026 21:20:03:626,134326,184844
94.07,09-21-2026 21:20:03:636,134343,184832
94.08,09-21-2026 21:20:03:646,134330,184830
94.09,09-21-2026 21:20:03:656,134330,184829
94.1,09-21-2026 21:20:03:666,134326,184825
94.11,09-21-2026 21:20:03:676,134362,184835
94.12,09-21-2026 21:20:03:686,134323,184841
94.13,09-21-2026 21:20:03:696,134362,184842
94.14,09-21-2026 21:20:03:706,134332,184835
94.15,09-21-2026 21:20:03:716,134358,184845
94.16,09-21-2026 21:20:03:726,134327,184837
94.17,09-21-2026 21:20:03:736,134363,184856
94.18,09-21-2026 21:20:03:746,134338,184864
94.19,09-21-2026 21:20:03:756,134375,184887
94.2,09-21-2026 21:20:03:766,134345,184834
94.21,09-21-2026 21:20:03:776,134367,184859
94.22,09-21-2026 21:20:03:786,134336,184853
94.23,09-21-2026 21:20:03:796,134370,184855
94.24,09-21-2026 21:20:03:806,134346,184885
94.25,09-21-2026 21:20:03:816,134370,184876
94.26,09-21-2026 21:20:03:826,134343,184883
94.27,09-21-2026 21:20:03:836,134378,184888
94.28,09-21-2026 21:20:03:846,134357,184889
94.29,09-21-2026 21:20:03:856,134372,184908
94.3,09-21-2026 21:20:03:866,134357,184905
94.31,09-21-2026 21:20:03:876,134380,184903
94.32,09-21-2026 21:20:03:886,134345,184913
94.33,09-21-2026 21:20:03:896,134365,184922
94.34,09-21-2026 21:20:03:906,134361,184936
94.35,09-21-2026 21:20:03:916,134390,184945
94.36,09-21-2026 21:20:03:926,134355,184945
94.37,09-21-2026 21:20:03:936,134377,184975
94.38,09-21-2026 21:20:03:946,134370,184953
94.39,09-21-2026 21:20:03:956,134386,184978
94.4,09-21-2026 21:20:03:966,134360,184956
94.41,09-21-2026 21:20:03:976,134384,184978
94.42,09-21-2026 21:20:03:986,134362,184972
94.43,09-21-2026 21:20:03:996,134396,185001
94.44,09-21-2026 21:20:04:006,134379,185015
94.45,09-21-2026 21:20:04:016,134383,185017
94.46,09-21-2026 21:20:04:026,134373,185022
94.47,09-21-2026 21:20:04:036,134365,185032
94.48,09-21-2026 21:20:04:046,134385,185008
94.49,09-21-2026 21:20:04:056,134383,185022
94.5,09-21-2026 21:20:04:066,134369,184989
94.51,09-21-2026 21:20:04:076,134361,184992
94.52,09-21-2026 21:20:04:086,134371,184955
94.53,09-21-2026 21:20:04:096,134361,184949
94.54,09-21-2026 21:20:04:106,134359,184930
94.55,09-21-2026 21:20:04:116,134364,184914
94.56,09-21-2026 21:20:04:126,134356,184914
94.57,09-21-2026 21:20:04:136,134349,184916
94.58,09-21-2026 21:20:04:146,134367,184890
94.59,09-21-2026 21:20:04:156,134343,184882
94.6,09-21-2026 21:20:04:166,134345,184882
94.61,09-21-2026 21:20:04:176,134361,184904
94.62,09-21-2026 21:20:04:186,134346,184869
94.63,09-21-2026 21:20:04:196,134344,184904
94.64,09-21-2026 21:20:04:206,134346,184871
94.65,09-21-2026 21:20:04:216,134342,184892
94.66,09-21-2026 21:20:04:226,134357,184842
94.67,09-21-2026 21:20:04:236,134341,184877
94.68,09-21-2026 21:20:04:246,134351,184825
94.69,09-21-2026 21:20:04:256,134341,184894
94.7,09-21-2026 21:20:04:266,134349,184829
94.71,09-21-2026 21:20:04:276,134352,184896
94.72,09-21-2026 21:20:04:286,134353,184837
94.73,09-21-2026 21:20:04:296,134345,184885
94.74,09-21-2026 21:20:04:306,134347,184853
94.75,09-21-2026 21:20:04:316,134347,184893
94.76,09-21-2026 21:20:04:326,134328,184835
94.77,09-21-2026 21:20:04:336,134344,184877
94.78,09-21-2026 21:20:04:346,134346,184841
94.79,09-21-2026 21:20:04:356,134353,184882
94.8,09-21-2026 21:20:04:366,134352,184829
94.81,09-21-2026 21:20:04:376,134349,184901
94.82,09-21-2026 21:20:04:386,134356,184827
94.83,09-21-2026 21:20:04:396,134344,184910
94.84,09-21-2026 21:20:04:406,134352,184857
94.85,09-21-2026 21:20:04:416,134355,184901
94.86,09-21-2026 21:20:04:426,134336,184879
94.87,09-21-2026 21:20:04:436,134354,184895
94.88,09-21-2026 21:20:04:446,134359,184883
94.89,09-21-2026 21:20:04:456,134342,184911
94.9,09-21-2026 21:20:04:466,134347,184887
94.91,09-21-2026 21:20:04:476,134347,184926
94.92,09-21-2026 21:20:04:486,134366,184908
94.93,09-21-2026 21:20:04:496,134357,184938
94.94,09-21-2026 21:20:04:506,134377,184927
94.95,09-21-2026 21:20:04:516,134356,184923
94.96,09-21-2026 21:20:04:526,134340,184950
94.97,09-21-2026 21:20:04:536,134340,184936
94.98,09-21-2026 21:20:04:546,134348,184945
94.99,09-21-2026 21:20:04:556,134346,184961
95,09-21-2026 21:20:04:566,134351,184976
95.01,09-21-2026 21:20:04:576,134369,184980
95.02,09-21-2026 21:20:04:586,134361,185002
95.03,09-21-2026 21:20:04:596,134361,184994
95.04,09-21-2026 21:20:04:606,134353,185011
95.05,09-21-2026 21:20:04:616,134347,184983
95.06,09-21-2026 21:20:04:626,134369,185013
95.07,09-21-2026 21:20:04:636,134354,184999
95.08,09-21-2026 21:20:04:646,134348,185034
95.09,09-21-2026 21:20:04:656,134355,185025
95.1,09-21-2026 21:20:04:666,134366,185038
95.11,09-21-2026 21:20:04:676,134384,185018
95.12,09-21-2026 21:20:04:686,134369,185046
95.13,09-21-2026 21:20:04:696,134376,185025
95.14,09-21-2026 21:20:04:706,134360,185032
95.15,09-21-2026 21:20:04:716,134360,184977
95.16,09-21-2026 21:20:04:726,134370,185005
95.17,09-21-2026 21:20:04:736,134371,184953
95.18,09-21-2026 21:20:04:746,134343,184948
95.19,09-21-2026 21:20:04:756,134353,184926
95.2,09-21-2026 21:20:04:766,134347,184954
95.21,09-21-2026 21:20:04:776,134338,184909
95.22,09-21-2026 21:20:04:786,134346,184927
95.23,09-21-2026 21:20:04:796,134335,184901
95.24,09-21-2026 21:20:04:806,134345,184940
95.25,09-21-2026 21:20:04:816,134337,184890
95.26,09-21-2026 21:20:04:826,134346,184923
95.27,09-21-2026 21:20:04:836,134331,184885
95.28,09-21-2026 21:20:04:846,134342,184885
95.29,09-21-2026 21:20:04:856,134340,184871
95.3,09-21-2026 21:20:04:866,134314,184888
95.31,09-21-2026 21:20:04:876,134325,184864
95.32,09-21-2026 21:20:04:886,134340,184880
95.33,09-21-2026 21:20:04:896,134346,184865
95.34,09-21-2026 21:20:04:906,134333,184885
95.35,09-21-2026 21:20:04:916,134348,184874
95.36,09-21-2026 21:20:04:926,134326,184867
95.37,09-21-2026 21:20:04:936,134329,184849
95.38,09-21-2026 21:20:04:946,134330,184882
95.39,09-21-2026 21:20:04:956,134356,184859
95.4,09-21-2026 21:20:04:966,134348,184851
95.41,09-21-2026 21:20:04:976,134320,184869
95.42,09-21-2026 21:20:04:986,134336,184864
95.43,09-21-2026 21:20:04:996,134336,184858
95.44,09-21-2026 21:20:05:006,134336,184853
95.45,09-21-2026 21:20:05:016,134336,184858
95.46,09-21-2026 21:20:05:026,134353,184852
95.47,09-21-2026 21:20:05:036,134335,184858
95.48,09-21-2026 21:20:05:046,134330,184854
95.49,09-21-2026 21:20:05:056,134340,184869
95.5,09-21-2026 21:20:05:066,134340,184866
95.51,09-21-2026 21:20:05:076,134338,184864
95.52,09-21-2026 21:20:05:086,134332,184853
95.53,09-21-2026 21:20:05:096,134336,184881
95.54,09-21-2026 21:20:05:106,134333,184874
95.55,09-21-2026 21:20:05:116,134341,184870
95.56,09-21-2026 21:20:05:126,134321,184883
95.57,09-21-2026 21:20:05:136,134335,184889
95.58,09-21-2026 21:20:05:146,134342,184891
95.59,09-21-2026 21:20:05:156,134346,184907
95.6,09-21-2026 21:20:05:166,134343,184910
95.61,09-21-2026 21:20:05:176,134346,184913
95.62,09-21-2026 21:20:05:186,134340,184912
95.63,09-21-2026 21:20:05:196,134356,184923
95.64,09-21-2026 21:20:05:206,134349,184944
95.65,09-21-2026 21:20:05:216,134357,184942
95.66,09-21-2026 21:20:05:226,134333,184933
95.67,09-21-2026 21:20:05:236,134356,184923
95.68,09-21-2026 21:20:05:246,134345,184950
95.69,09-21-2026 21:20:05:256,134363,184947
95.7,09-21-2026 21:20:05:266,134349,184975
95.71,09-21-2026 21:20:05:276,134353,184976
95.72,09-21-2026 21:20:05:286,134344,184975
95.73,09-21-2026 21:20:05:296,134372,184978
95.74,09-21-2026 21:20:05:306,134351,184973
95.75,09-21-2026 21:20:05:316,134355,184973
95.76,09-21-2026 21:20:05:326,134350,184975
95.77,09-21-2026 21:20:05:336,134362,184942
95.78,09-21-2026 21:20:05:346,134346,184915
95.79,09-21-2026 21:20:05:356,134344,184910
95.8,09-21-2026 21:20:05:366,134326,184908
95.81,09-21-2026 21:20:05:376,134350,184886
95.82,09-21-2026 21:20:05:386,134312,184878
95.83,09-21-2026 21:20:05:396,134341,184866
95.84,09-21-2026 21:20:05:406,134306,184855
95.85,09-21-2026 21:20:05:416,134334,184837
95.86,09-21-2026 21:20:05:426,134307,184851
95.87,09-21-2026 21:20:05:436,134317,184842
95.88,09-21-2026 21:20:05:446,134305,184833
95.89,09-21-2026 21:20:05:456,134322,184840
95.9,09-21-2026 21:20:05:466,134292,184840
95.91,09-21-2026 21:20:05:476,134335,184829
95.92,09-21-2026 21:20:05:486,134298,184824
95.93,09-21-2026 21:20:05:496,134329,184806
95.94,09-21-2026 21:20:05:506,134265,184824
95.95,09-21-2026 21:20:05:516,134342,184835
95.96,09-21-2026 21:20:05:526,134288,184823
95.97,09-21-2026 21:20:05:536,134330,184828
95.98,09-21-2026 21:20:05:546,134277,184830
95.99,09-21-2026 21:20:05:556,134339,184816
96,09-21-2026 21:20:05:566,134269,184838
96.01,09-21-2026 21:20:05:576,134327,184813
96.02,09-21-2026 21:20:05:586,134301,184823
96.03,09-21-2026 21:20:05:596,134328,184820
96.04,09-21-2026 21:20:05:606,134308,184819
96.05,09-21-2026 21:20:05:616,134320,184808
96.06,09-21-2026 21:20:05:626,134302,184799
96.07,09-21-2026 21:20:05:636,134319,184833
96.08,09-21-2026 21:20:05:646,134302,184814
96.09,09-21-2026 21:20:05:656,134328,184813
96.1,09-21-2026 21:20:05:666,134310,184815
96.11,09-21-2026 21:20:05:676,134331,184814
96.12,09-21-2026 21:20:05:686,134340,184820
96.13,09-21-2026 21:20:05:696,134321,184815
96.14,09-21-2026 21:20:05:706,134335,184824
96.15,09-21-2026 21:20:05:716,134330,184824
96.16,09-21-2026 21:20:05:726,134345,184837
96.17,09-21-2026 21:20:05:736,134344,184836
96.18,09-21-2026 21:20:05:746,134329,184833
96.19,09-21-2026 21:20:05:756,134335,184848
96.2,09-21-2026 21:20:05:766,134357,184862
96.21,09-21-2026 21:20:05:776,134328,184841
96.22,09-21-2026 21:20:05:786,134346,184854
96.23,09-21-2026 21:20:05:796,134334,184856
96.24,09-21-2026 21:20:05:806,134362,184866
96.25,09-21-2026 21:20:05:816,134336,184876
96.26,09-21-2026 21:20:05:826,134370,184871
96.27,09-21-2026 21:20:05:836,134340,184864
96.28,09-21-2026 21:20:05:846,134360,184896
96.29,09-21-2026 21:20:05:856,134337,184892
96.3,09-21-2026 21:20:05:866,134380,184898
96.31,09-21-2026 21:20:05:876,134313,184910
96.32,09-21-2026 21:20:05:886,134377,184911
96.33,09-21-2026 21:20:05:896,134364,184927
96.34,09-21-2026 21:20:05:906,134396,184936
96.35,09-21-2026 21:20:05:916,134355,184940
96.36,09-21-2026 21:20:05:926,134375,184945
96.37,09-21-2026 21:20:05:936,134361,184956
96.38,09-21-2026 21:20:05:946,134411,184945
96.39,09-21-2026 21:20:05:956,134355,184950
96.4,09-21-2026 21:20:05:966,134397,184952
96.41,09-21-2026 21:20:05:976,134364,184957
96.42,09-21-2026 21:20:05:986,134418,184941
96.43,09-21-2026 21:20:05:996,134349,184925
96.44,09-21-2026 21:20:06:006,134381,184921
96.45,09-21-2026 21:20:06:016,134350,184905
96.46,09-21-2026 21:20:06:026,134364,184873
96.47,09-21-2026 21:20:06:036,134337,184871
96.48,09-21-2026 21:20:06:046,134339,184863
96.49,09-21-2026 21:20:06:056,134333,184851
96.5,09-21-2026 21:20:06:066,134355,184823
96.51,09-21-2026 21:20:06:076,134326,184823
96.52,09-21-2026 21:20:06:086,134325,184833
96.53,09-21-2026 21:20:06:096,134328,184812
96.54,09-21-2026 21:20:06:106,134337,184815
96.55,09-21-2026 21:20:06:116,134323,184786
96.56,09-21-2026 21:20:06:126,134324,184820
96.57,09-21-2026 21:20:06:136,134327,184795
96.58,09-21-2026 21:20:06:146,134317,184797
96.59,09-21-2026 21:20:06:156,134321,184777
96.6,09-21-2026 21:20:06:166,134321,184794
96.61,09-21-2026 21:20:06:176,134324,184786
96.62,09-21-2026 21:20:06:186,134326,184788
96.63,09-21-2026 21:20:06:196,134326,184790
96.64,09-21-2026 21:20:06:206,134325,184779
96.65,09-21-2026 21:20:06:216,134313,184786
96.66,09-21-2026 21:20:06:226,134322,184805
96.67,09-21-2026 21:20:06:236,134324,184801
96.68,09-21-2026 21:20:06:246,134313,184782
96.69,09-21-2026 21:20:06:256,134325,184768
96.7,09-21-2026 21:20:06:266,134315,184790
96.71,09-21-2026 21:20:06:276,134313,184765
96.72,09-21-2026 21:20:06:286,134313,184796
96.73,09-21-2026 21:20:06:296,134304,184757
96.74,09-21-2026 21:20:06:306,134310,184800
96.75,09-21-2026 21:20:06:316,134320,184772
96.76,09-21-2026 21:20:06:326,134322,184802
96.77,09-21-2026 21:20:06:336,134319,184759
96.78,09-21-2026 21:20:06:346,134321,184793
96.79,09-21-2026 21:20:06:356,134310,184746
96.8,09-21-2026 21:20:06:366,134297,184806
96.81,09-21-2026 21:20:06:376,134329,184769
96.82,09-21-2026 21:20:06:386,134320,184791
96.83,09-21-2026 21:20:06:396,134335,184761
96.84,09-21-2026 21:20:06:406,134322,184808
96.85,09-21-2026 21:20:06:416,134322,184787
96.86,09-21-2026 21:20:06:426,134322,184842
96.87,09-21-2026 21:20:06:436,134335,184788
96.88,09-21-2026 21:20:06:446,134325,184853
96.89,09-21-2026 21:20:06:456,134344,184807
96.9,09-21-2026 21:20:06:466,134325,184852
96.91,09-21-2026 21:20:06:476,134322,184792
96.92,09-21-2026 21:20:06:486,134330,184873
96.93,09-21-2026 21:20:06:496,134343,184819
96.94,09-21-2026 21:20:06:506,134340,184873
96.95,09-21-2026 21:20:06:516,134347,184846
96.96,09-21-2026 21:20:06:526,134342,184886
96.97,09-21-2026 21:20:06:536,134336,184864
96.98,09-21-2026 21:20:06:546,134342,184899
96.99,09-21-2026 21:20:06:556,134345,184879
97,09-21-2026 21:20:06:566,134340,184913
97.01,09-21-2026 21:20:06:576,134353,184904
97.02,09-21-2026 21:20:06:586,134342,184920
97.03,09-21-2026 21:20:06:596,134346,184910
97.04,09-21-2026 21:20:06:606,134338,184932
97.05,09-21-2026 21:20:06:616,134355,184920
97.06,09-21-2026 21:20:06:626,134354,184934
97.07,09-21-2026 21:20:06:636,134347,184937
97.08,09-21-2026 21:20:06:646,134351,184906
97.09,09-21-2026 21:20:06:656,134339,184900
97.1,09-21-2026 21:20:06:666,134333,184874
97.11,09-21-2026 21:20:06:676,134342,184867
97.12,09-21-2026 21:20:06:686,134337,184851
97.13,09-21-2026 21:20:06:696,134334,184857
97.14,09-21-2026 21:20:06:706,134320,184836
97.15,09-21-2026 21:20:06:716,134340,184820
97.16,09-21-2026 21:20:06:726,134313,184819
97.17,09-21-2026 21:20:06:736,134324,184834
97.18,09-21-2026 21:20:06:746,134337,184814
97.19,09-21-2026 21:20:06:756,134329,184840
97.2,09-21-2026 21:20:06:766,134315,184805
97.21,09-21-2026 21:20:06:776,134329,184803
97.22,09-21-2026 21:20:06:786,134323,184794
97.23,09-21-2026 21:20:06:796,134319,184838
97.24,09-21-2026 21:20:06:806,134321,184803
97.25,09-21-2026 21:20:06:816,134329,184811
97.26,09-21-2026 21:20:06:826,134316,184797
97.27,09-21-2026 21:20:06:836,134320,184831
97.28,09-21-2026 21:20:06:846,134316,184813
97.29,09-21-2026 21:20:06:856,134332,184847
97.3,09-21-2026 21:20:06:866,134330,184816
97.31,09-21-2026 21:20:06:876,134325,184835
97.32,09-21-2026 21:20:06:886,134331,184805
97.33,09-21-2026 21:20:06:896,134331,184818
97.34,09-21-2026 21:20:06:906,134328,184789
97.35,09-21-2026 21:20:06:916,134318,184808
97.36,09-21-2026 21:20:06:926,134325,184790
97.37,09-21-2026 21:20:06:936,134310,184814
97.38,09-21-2026 21:20:06:946,134335,184794
97.39,09-21-2026 21:20:06:956,134314,184822
97.4,09-21-2026 21:20:06:966,134333,184811
97.41,09-21-2026 21:20:06:976,134329,184814
97.42,09-21-2026 21:20:06:986,134330,184791
97.43,09-21-2026 21:20:06:996,134322,184832
97.44,09-21-2026 21:20:07:006,134326,184804
97.45,09-21-2026 21:20:07:016,134341,184829
97.46,09-21-2026 21:20:07:026,134332,184813
97.47,09-21-2026 21:20:07:036,134318,184836
97.48,09-21-2026 21:20:07:046,134325,184841
97.49,09-21-2026 21:20:07:056,134330,184838
97.5,09-21-2026 21:20:07:066,134333,184848
97.51,09-21-2026 21:20:07:076,134324,184849
97.52,09-21-2026 21:20:07:086,134333,184852
97.53,09-21-2026 21:20:07:096,134332,184858
97.54,09-21-2026 21:20:07:106,134354,184858
97.55,09-21-2026 21:20:07:116,134327,184866
97.56,09-21-2026 21:20:07:126,134346,184868
97.57,09-21-2026 21:20:07:136,134338,184886
97.58,09-21-2026 21:20:07:146,134346,184886
97.59,09-21-2026 21:20:07:156,134351,184884
97.6,09-21-2026 21:20:07:166,134332,184882
97.61,09-21-2026 21:20:07:176,134353,184893
97.62,09-21-2026 21:20:07:186,134330,184903
97.63,09-21-2026 21:20:07:196,134326,184916
97.64,09-21-2026 21:20:07:206,134344,184921
97.65,09-21-2026 21:20:07:216,134351,184923
97.66,09-21-2026 21:20:07:226,134354,184914
97.67,09-21-2026 21:20:07:236,134349,184957
97.68,09-21-2026 21:20:07:246,134348,184945
97.69,09-21-2026 21:20:07:256,134339,184951
97.7,09-21-2026 21:20:07:266,134371,184936
97.71,09-21-2026 21:20:07:276,134328,184932
97.72,09-21-2026 21:20:07:286,134360,184895
97.73,09-21-2026 21:20:07:296,134342,184914
97.74,09-21-2026 21:20:07:306,134354,184879
97.75,09-21-2026 21:20:07:316,134326,184869
97.76,09-21-2026 21:20:07:326,134332,184850
97.77,09-21-2026 21:20:07:336,134324,184842
97.78,09-21-2026 21:20:07:346,134321,184821
97.79,09-21-2026 21:20:07:356,134307,184819
97.8,09-21-2026 21:20:07:366,134327,184815
97.81,09-21-2026 21:20:07:376,134314,184801
97.82,09-21-2026 21:20:07:386,134315,184783
97.83,09-21-2026 21:20:07:396,134316,184814
97.84,09-21-2026 21:20:07:406,134313,184800
97.85,09-21-2026 21:20:07:416,134303,184787
97.86,09-21-2026 21:20:07:426,134334,184784
97.87,09-21-2026 21:20:07:436,134295,184774
97.88,09-21-2026 21:20:07:446,134309,184762
97.89,09-21-2026 21:20:07:456,134285,184770
97.9,09-21-2026 21:20:07:466,134320,184777
97.91,09-21-2026 21:20:07:476,134262,184768
97.92,09-21-2026 21:20:07:486,134316,184763
97.93,09-21-2026 21:20:07:496,134278,184767
97.94,09-21-2026 21:20:07:506,134294,184802
97.95,09-21-2026 21:20:07:516,134272,184787
97.96,09-21-2026 21:20:07:526,134315,184783
97.97,09-21-2026 21:20:07:536,134290,184797
97.98,09-21-2026 21:20:07:546,134327,184780
97.99,09-21-2026 21:20:07:556,134294,184771
98,09-21-2026 21:20:07:566,134316,184792
98.01,09-21-2026 21:20:07:576,134278,184765
98.02,09-21-2026 21:20:07:586,134307,184762
98.03,09-21-2026 21:20:07:596,134272,184757
98.04,09-21-2026 21:20:07:606,134317,184751
98.05,09-21-2026 21:20:07:616,134255,184773
98.06,09-21-2026 21:20:07:626,134301,184765
98.07,09-21-2026 21:20:07:636,134271,184753
98.08,09-21-2026 21:20:07:646,134327,184775
98.09,09-21-2026 21:20:07:656,134294,184784
98.1,09-21-2026 21:20:07:666,134308,184785
98.11,09-21-2026 21:20:07:676,134284,184797
98.12,09-21-2026 21:20:07:686,134308,184771
98.13,09-21-2026 21:20:07:696,134292,184788
98.14,09-21-2026 21:20:07:706,134313,184785
98.15,09-21-2026 21:20:07:716,134295,184796
98.16,09-21-2026 21:20:07:726,134320,184788
98.17,09-21-2026 21:20:07:736,134287,184802
98.18,09-21-2026 21:20:07:746,134317,184802
98.19,09-21-2026 21:20:07:756,134291,184787
98.2,09-21-2026 21:20:07:766,134308,184807
98.21,09-21-2026 21:20:07:776,134309,184815
98.22,09-21-2026 21:20:07:786,134331,184833
98.23,09-21-2026 21:20:07:796,134307,184829
98.24,09-21-2026 21:20:07:806,134326,184827
98.25,09-21-2026 21:20:07:816,134337,184848
98.26,09-21-2026 21:20:07:826,134326,184843
98.27,09-21-2026 21:20:07:836,134342,184845
98.28,09-21-2026 21:20:07:846,134327,184847
98.29,09-21-2026 21:20:07:856,134337,184851
98.3,09-21-2026 21:20:07:866,134318,184851
98.31,09-21-2026 21:20:07:876,134359,184873
98.32,09-21-2026 21:20:07:886,134332,184875
98.33,09-21-2026 21:20:07:896,134345,184835
98.34,09-21-2026 21:20:07:906,134315,184823
98.35,09-21-2026 21:20:07:916,134338,184811
98.36,09-21-2026 21:20:07:926,134316,184799
98.37,09-21-2026 21:20:07:936,134340,184777
98.38,09-21-2026 21:20:07:946,134306,184771
98.39,09-21-2026 21:20:07:956,134333,184745
98.4,09-21-2026 21:20:07:966,134296,184739
98.41,09-21-2026 21:20:07:976,134326,184720
98.42,09-21-2026 21:20:07:986,134318,184722
98.43,09-21-2026 21:20:07:996,134333,184715
98.44,09-21-2026 21:20:08:006,134304,184705
98.45,09-21-2026 21:20:08:016,134317,184702
98.46,09-21-2026 21:20:08:026,134298,184690
98.47,09-21-2026 21:20:08:036,134329,184686
98.48,09-21-2026 21:20:08:046,134299,184694
98.49,09-21-2026 21:20:08:056,134313,184702
98.5,09-21-2026 21:20:08:066,134297,184678
98.51,09-21-2026 21:20:08:076,134330,184678
98.52,09-21-2026 21:20:08:086,134282,184677
98.53,09-21-2026 21:20:08:096,134322,184676
98.54,09-21-2026 21:20:08:106,134294,184661
98.55,09-21-2026 21:20:08:116,134334,184668
98.56,09-21-2026 21:20:08:126,134278,184675
98.57,09-21-2026 21:20:08:136,134291,184658
98.58,09-21-2026 21:20:08:146,134269,184675
98.59,09-21-2026 21:20:08:156,134312,184665
98.6,09-21-2026 21:20:08:166,134281,184665
98.61,09-21-2026 21:20:08:176,134298,184638
98.62,09-21-2026 21:20:08:186,134282,184650
98.63,09-21-2026 21:20:08:196,134295,184647
98.64,09-21-2026 21:20:08:206,134288,184634
98.65,09-21-2026 21:20:08:216,134289,184644
98.66,09-21-2026 21:20:08:226,134289,184657
98.67,09-21-2026 21:20:08:236,134303,184651
98.68,09-21-2026 21:20:08:246,134299,184640
98.69,09-21-2026 21:20:08:256,134285,184653
98.7,09-21-2026 21:20:08:266,134285,184649
98.71,09-21-2026 21:20:08:276,134277,184669
98.72,09-21-2026 21:20:08:286,134282,184659
98.73,09-21-2026 21:20:08:296,134285,184672
98.74,09-21-2026 21:20:08:306,134280,184653
98.75,09-21-2026 21:20:08:316,134278,184668
98.76,09-21-2026 21:20:08:326,134298,184673
98.77,09-21-2026 21:20:08:336,134292,184664
98.78,09-21-2026 21:20:08:346,134292,184661
98.79,09-21-2026 21:20:08:356,134306,184678
98.8,09-21-2026 21:20:08:366,134283,184668
98.81,09-21-2026 21:20:08:376,134273,184672
98.82,09-21-2026 21:20:08:386,134288,184666
98.83,09-21-2026 21:20:08:396,134298,184698
98.84,09-21-2026 21:20:08:406,134297,184659
98.85,09-21-2026 21:20:08:416,134303,184716
98.86,09-21-2026 21:20:08:426,134291,184672
98.87,09-21-2026 21:20:08:436,134309,184714
98.88,09-21-2026 21:20:08:446,134287,184687
98.89,09-21-2026 21:20:08:456,134301,184729
98.9,09-21-2026 21:20:08:466,134302,184703
98.91,09-21-2026 21:20:08:476,134305,184740
98.92,09-21-2026 21:20:08:486,134300,184698
98.93,09-21-2026 21:20:08:496,134305,184760
98.94,09-21-2026 21:20:08:506,134313,184712
98.95,09-21-2026 21:20:08:516,134288,184742
98.96,09-21-2026 21:20:08:526,134312,184720
98.97,09-21-2026 21:20:08:536,134304,184730
98.98,09-21-2026 21:20:08:546,134299,184674
98.99,09-21-2026 21:20:08:556,134286,184710
99,09-21-2026 21:20:08:566,134300,184632
99.01,09-21-2026 21:20:08:576,134298,184684
99.02,09-21-2026 21:20:08:586,134288,184604
99.03,09-21-2026 21:20:08:596,134290,184638
99.04,09-21-2026 21:20:08:606,134293,184588
99.05,09-21-2026 21:20:08:616,134262,184610
99.06,09-21-2026 21:20:08:626,134264,184562
99.07,09-21-2026 21:20:08:636,134262,184588
99.08,09-21-2026 21:20:08:646,134263,184564
99.09,09-21-2026 21:20:08:656,134270,184592
99.1,09-21-2026 21:20:08:666,134264,184552
99.11,09-21-2026 21:20:08:676,134269,184584
99.12,09-21-2026 21:20:08:686,134278,184565
99.13,09-21-2026 21:20:08:696,134267,184576
99.14,09-21-2026 21:20:08:706,134261,184542
99.15,09-21-2026 21:20:08:716,134272,184550
99.16,09-21-2026 21:20:08:726,134265,184529
99.17,09-21-2026 21:20:08:736,134257,184554
99.18,09-21-2026 21:20:08:746,134280,184548
99.19,09-21-2026 21:20:08:756,134264,184569
99.2,09-21-2026 21:20:08:766,134260,184553
99.21,09-21-2026 21:20:08:776,134235,184569
99.22,09-21-2026 21:20:08:786,134258,184573
99.23,09-21-2026 21:20:08:796,134241,184563
99.24,09-21-2026 21:20:08:806,134248,184559
99.25,09-21-2026 21:20:08:816,134238,184540
99.26,09-21-2026 21:20:08:826,134254,184554
99.27,09-21-2026 21:20:08:836,134231,184554
99.28,09-21-2026 21:20:08:846,134252,184566
99.29,09-21-2026 21:20:08:856,134256,184542
99.3,09-21-2026 21:20:08:866,134248,184560
99.31,09-21-2026 21:20:08:876,134245,184543
99.32,09-21-2026 21:20:08:886,134260,184556
99.33,09-21-2026 21:20:08:896,134265,184553
99.34,09-21-2026 21:20:08:906,134255,184584
99.35,09-21-2026 21:20:08:916,134271,184538
99.36,09-21-2026 21:20:08:926,134247,184566
99.37,09-21-2026 21:20:08:936,134256,184551
99.38,09-21-2026 21:20:08:946,134262,184590
99.39,09-21-2026 21:20:08:956,134258,184567
99.4,09-21-2026 21:20:08:966,134267,184607
99.41,09-21-2026 21:20:08:976,134263,184592
99.42,09-21-2026 21:20:08:986,134266,184597
99.43,09-21-2026 21:20:08:996,134261,184585
99.44,09-21-2026 21:20:09:006,134257,184605
99.45,09-21-2026 21:20:09:016,134272,184591
99.46,09-21-2026 21:20:09:026,134267,184637
99.47,09-21-2026 21:20:09:036,134265,184603
99.48,09-21-2026 21:20:09:046,134269,184657
99.49,09-21-2026 21:20:09:056,134286,184618
99.5,09-21-2026 21:20:09:066,134271,184644
99.51,09-21-2026 21:20:09:076,134271,184643
99.52,09-21-2026 21:20:09:086,134269,184683
99.53,09-21-2026 21:20:09:096,134293,184654
99.54,09-21-2026 21:20:09:106,134290,184662
99.55,09-21-2026 21:20:09:116,134264,184681
99.56,09-21-2026 21:20:09:126,134293,184677
99.57,09-21-2026 21:20:09:136,134280,184666
99.58,09-21-2026 21:20:09:146,134285,184694
99.59,09-21-2026 21:20:09:156,134285,184680
99.6,09-21-2026 21:20:09:166,134296,184697
99.61,09-21-2026 21:20:09:176,134278,184652
99.62,09-21-2026 21:20:09:186,134271,184650
99.63,09-21-2026 21:20:09:196,134262,184614
99.64,09-21-2026 21:20:09:206,134273,184633
99.65,09-21-2026 21:20:09:216,134264,184592
99.66,09-21-2026 21:20:09:226,134247,184572
99.67,09-21-2026 21:20:09:236,134256,184573
99.68,09-21-2026 21:20:09:246,134265,184551
99.69,09-21-2026 21:20:09:256,134239,184554
99.7,09-21-2026 21:20:09:266,134251,184539
99.71,09-21-2026 21:20:09:276,134273,184526
99.72,09-21-2026 21:20:09:286,134248,184529
99.73,09-21-2026 21:20:09:296,134256,184544
99.74,09-21-2026 21:20:09:306,134254,184522
99.75,09-21-2026 21:20:09:316,134242,184495
99.76,09-21-2026 21:20:09:326,134229,184512
99.77,09-21-2026 21:20:09:336,134237,184503
99.78,09-21-2026 21:20:09:346,134243,184511
99.79,09-21-2026 21:20:09:356,134256,184522
99.8,09-21-2026 21:20:09:366,134224,184508
99.81,09-21-2026 21:20:09:376,134268,184490
99.82,09-21-2026 21:20:09:386,134261,184510
99.83,09-21-2026 21:20:09:396,134250,184511
99.84,09-21-2026 21:20:09:406,134251,184510
99.85,09-21-2026 21:20:09:416,134247,184517
99.86,09-21-2026 21:20:09:426,134252,184497
99.87,09-21-2026 21:20:09:436,134249,184481
99.88,09-21-2026 21:20:09:446,134241,184518
99.89,09-21-2026 21:20:09:456,134244,184492
99.9,09-21-2026 21:20:09:466,134254,184501
99.91,09-21-2026 21:20:09:476,134240,184506
99.92,09-21-2026 21:20:09:486,134244,184517
99.93,09-21-2026 21:20:09:496,134247,184504
99.94,09-21-2026 21:20:09:506,134242,184510
99.95,09-21-2026 21:20:09:516,134232,184526
99.96,09-21-2026 21:20:09:526,134228,184524
99.97,09-21-2026 21:20:09:536,134246,184511
99.98,09-21-2026 21:20:09:546,134240,184523
99.99,09-21-2026 21:20:09:556,134253,184530
100,09-21-2026 21:20:09:566,134243,184529
100.01,09-21-2026 21:20:09:576,134252,184537
100.02,09-21-2026 21:20:09:586,134239,184543
100.03,09-21-2026 21:20:09:596,134247,184553
100.04,09-21-2026 21:20:09:606,134243,184539
100.05,09-21-2026 21:20:09:616,134255,184549
100.06,09-21-2026 21:20:09:626,134236,184559
100.07,09-21-2026 21:20:09:636,134244,184569
100.08,09-21-2026 21:20:09:646,134235,184562
100.09,09-21-2026 21:20:09:656,134261,184559
100.1,09-21-2026 21:20:09:666,134217,184577
100.11,09-21-2026 21:20:09:676,134273,184580
100.12,09-21-2026 21:20:09:686,134215,184585
100.13,09-21-2026 21:20:09:696,134268,184601
100.14,09-21-2026 21:20:09:706,134228,184615
100.15,09-21-2026 21:20:09:716,134255,184610
100.16,09-21-2026 21:20:09:726,134215,184617
100.17,09-21-2026 21:20:09:736,134268,184625
100.18,09-21-2026 21:20:09:746,134229,184625
100.19,09-21-2026 21:20:09:756,134285,184636
100.2,09-21-2026 21:20:09:766,134225,184641
100.21,09-21-2026 21:20:09:776,134276,184668
100.22,09-21-2026 21:20:09:786,134247,184656
100.23,09-21-2026 21:20:09:796,134271,184663
100.24,09-21-2026 21:20:09:806,134241,184649
100.25,09-21-2026 21:20:09:816,134283,184653
100.26,09-21-2026 21:20:09:826,134214,184648
100.27,09-21-2026 21:20:09:836,134281,184624
100.28,09-21-2026 21:20:09:846,134235,184619
100.29,09-21-2026 21:20:09:856,134264,184586
100.3,09-21-2026 21:20:09:866,134234,184577
100.31,09-21-2026 21:20:09:876,134257,184578
100.32,09-21-2026 21:20:09:886,134258,184557
100.33,09-21-2026 21:20:09:896,134257,184547
100.34,09-21-2026 21:20:09:906,134221,184554
100.35,09-21-2026 21:20:09:916,134248,184559
100.36,09-21-2026 21:20:09:926,134241,184535
100.37,09-21-2026 21:20:09:936,134260,184543
100.38,09-21-2026 21:20:09:946,134247,184506
100.39,09-21-2026 21:20:09:956,134252,184526
100.4,09-21-2026 21:20:09:966,134235,184507
100.41,09-21-2026 21:20:09:976,134250,184517
100.42,09-21-2026 21:20:09:986,134256,184499
100.43,09-21-2026 21:20:09:996,134237,184522
100.44,09-21-2026 21:20:10:006,134268,184508
100.45,09-21-2026 21:20:10:016,134241,184517
100.46,09-21-2026 21:20:10:026,134271,184520
100.47,09-21-2026 21:20:10:036,134252,184516
100.48,09-21-2026 21:20:10:046,134259,184522
100.49,09-21-2026 21:20:10:056,134244,184522
100.5,09-21-2026 21:20:10:066,134278,184516
100.51,09-21-2026 21:20:10:076,134238,184508
100.52,09-21-2026 21:20:10:086,134280,184514
100.53,09-21-2026 21:20:10:096,134264,184525
100.54,09-21-2026 21:20:10:106,134280,184503
100.55,09-21-2026 21:20:10:116,134236,184513
100.56,09-21-2026 21:20:10:126,134278,184528
100.57,09-21-2026 21:20:10:136,134268,184531
100.58,09-21-2026 21:20:10:146,134274,184522
100.59,09-21-2026 21:20:10:156,134257,184506
100.6,09-21-2026 21:20:10:166,134292,184519
100.61,09-21-2026 21:20:10:176,134264,184542
100.62,09-21-2026 21:20:10:186,134290,184528
100.63,09-21-2026 21:20:10:196,134264,184524
100.64,09-21-2026 21:20:10:206,134297,184544
100.65,09-21-2026 21:20:10:216,134260,184536
100.66,09-21-2026 21:20:10:226,134288,184551
100.67,09-21-2026 21:20:10:236,134248,184552
100.68,09-21-2026 21:20:10:246,134284,184558
100.69,09-21-2026 21:20:10:256,134271,184553
100.7,09-21-2026 21:20:10:266,134273,184569
100.71,09-21-2026 21:20:10:276,134258,184558
100.72,09-21-2026 21:20:10:286,134278,184571
100.73,09-21-2026 21:20:10:296,134287,184569
100.74,09-21-2026 21:20:10:306,134315,184578
100.75,09-21-2026 21:20:10:316,134246,184592
100.76,09-21-2026 21:20:10:326,134295,184593
100.77,09-21-2026 21:20:10:336,134275,184590
100.78,09-21-2026 21:20:10:346,134301,184622
100.79,09-21-2026 21:20:10:356,134286,184612
100.8,09-21-2026 21:20:10:366,134305,184617
100.81,09-21-2026 21:20:10:376,134278,184608
100.82,09-21-2026 21:20:10:386,134298,184625
100.83,09-21-2026 21:20:10:396,134268,184630
100.84,09-21-2026 21:20:10:406,134293,184651
100.85,09-21-2026 21:20:10:416,134285,184651
100.86,09-21-2026 21:20:10:426,134298,184678
100.87,09-21-2026 21:20:10:436,134308,184650
100.88,09-21-2026 21:20:10:446,134293,184663
100.89,09-21-2026 21:20:10:456,134293,184669
100.9,09-21-2026 21:20:10:466,134287,184668
100.91,09-21-2026 21:20:10:476,134303,184652
100.92,09-21-2026 21:20:10:486,134302,184648
100.93,09-21-2026 21:20:10:496,134292,184629
100.94,09-21-2026 21:20:10:506,134272,184628
100.95,09-21-2026 21:20:10:516,134291,184603
100.96,09-21-2026 21:20:10:526,134267,184587
100.97,09-21-2026 21:20:10:536,134268,184562
100.98,09-21-2026 21:20:10:546,134287,184577
100.99,09-21-2026 21:20:10:556,134288,184529
101,09-21-2026 21:20:10:566,134288,184529
101.01,09-21-2026 21:20:10:576,134260,184555
101.02,09-21-2026 21:20:10:586,134260,184519
101.03,09-21-2026 21:20:10:596,134271,184556
101.04,09-21-2026 21:20:10:606,134262,184506
101.05,09-21-2026 21:20:10:616,134264,184529
101.06,09-21-2026 21:20:10:626,134270,184516
101.07,09-21-2026 21:20:10:636,134255,184515
101.08,09-21-2026 21:20:10:646,134272,184470
101.09,09-21-2026 21:20:10:656,134268,184531
101.1,09-21-2026 21:20:10:666,134265,184485
101.11,09-21-2026 21:20:10:676,134254,184518
101.12,09-21-2026 21:20:10:686,134262,184459
101.13,09-21-2026 21:20:10:696,134262,184511
101.14,09-21-2026 21:20:10:706,134264,184480
101.15,09-21-2026 21:20:10:716,134257,184525
101.16,09-21-2026 21:20:10:726,134249,184465
101.17,09-21-2026 21:20:10:736,134265,184505
101.18,09-21-2026 21:20:10:746,134273,184471
101.19,09-21-2026 21:20:10:756,134272,184527
101.2,09-21-2026 21:20:10:766,134256,184455
101.21,09-21-2026 21:20:10:776,134278,184512
101.22,09-21-2026 21:20:10:786,134262,184476
101.23,09-21-2026 21:20:10:796,134257,184529
101.24,09-21-2026 21:20:10:806,134261,184454
101.25,09-21-2026 21:20:10:816,134264,184525
101.26,09-21-2026 21:20:10:826,134259,184490
101.27,09-21-2026 21:20:10:836,134260,184518
101.28,09-21-2026 21:20:10:846,134269,184510
101.29,09-21-2026 21:20:10:856,134270,184539
101.3,09-21-2026 21:20:10:866,134284,184501
101.31,09-21-2026 21:20:10:876,134266,184545
101.32,09-21-2026 21:20:10:886,134281,184536
101.33,09-21-2026 21:20:10:896,134277,184536
101.34,09-21-2026 21:20:10:906,134277,184533
101.35,09-21-2026 21:20:10:916,134286,184555
101.36,09-21-2026 21:20:10:926,134279,184553
101.37,09-21-2026 21:20:10:936,134276,184555
101.38,09-21-2026 21:20:10:946,134282,184569
101.39,09-21-2026 21:20:10:956,134276,184586
101.4,09-21-2026 21:20:10:966,134285,184596
101.41,09-21-2026 21:20:10:976,134290,184608
101.42,09-21-2026 21:20:10:986,134282,184613
101.43,09-21-2026 21:20:10:996,134289,184598
101.44,09-21-2026 21:20:11:006,134293,184627
101.45,09-21-2026 21:20:11:016,134290,184620
101.46,09-21-2026 21:20:11:026,134289,184632
101.47,09-21-2026 21:20:11:036,134292,184639
101.48,09-21-2026 21:20:11:046,134300,184653
101.49,09-21-2026 21:20:11:056,134301,184641
101.5,09-21-2026 21:20:11:066,134292,184674
101.51,09-21-2026 21:20:11:076,134314,184666
101.52,09-21-2026 21:20:11:086,134313,184682
101.53,09-21-2026 21:20:11:096,134300,184665
101.54,09-21-2026 21:20:11:106,134294,184706
101.55,09-21-2026 21:20:11:116,134291,184681
101.56,09-21-2026 21:20:11:126,134303,184733
101.57,09-21-2026 21:20:11:136,134308,184691
101.58,09-21-2026 21:20:11:146,134309,184735
101.59,09-21-2026 21:20:11:156,134305,184709
101.6,09-21-2026 21:20:11:166,134315,184747
101.61,09-21-2026 21:20:11:176,134314,184726
101.62,09-21-2026 21:20:11:186,134311,184751
101.63,09-21-2026 21:20:11:196,134314,184734
101.64,09-21-2026 21:20:11:206,134315,184747
101.65,09-21-2026 21:20:11:216,134311,184712
101.66,09-21-2026 21:20:11:226,134313,184737
101.67,09-21-2026 21:20:11:236,134308,184677
101.68,09-21-2026 21:20:11:246,134308,184704
101.69,09-21-2026 21:20:11:256,134312,184649
101.7,09-21-2026 21:20:11:266,134295,184676
101.71,09-21-2026 21:20:11:276,134302,184630
101.72,09-21-2026 21:20:11:286,134301,184650
101.73,09-21-2026 21:20:11:296,134313,184632
101.74,09-21-2026 21:20:11:306,134297,184641
101.75,09-21-2026 21:20:11:316,134293,184640
101.76,09-21-2026 21:20:11:326,134308,184644
101.77,09-21-2026 21:20:11:336,134296,184602
101.78,09-21-2026 21:20:11:346,134288,184610
101.79,09-21-2026 21:20:11:356,134300,184600
101.8,09-21-2026 21:20:11:366,134296,184616
101.81,09-21-2026 21:20:11:376,134290,184591
101.82,09-21-2026 21:20:11:386,134296,184599
101.83,09-21-2026 21:20:11:396,134296,184591
101.84,09-21-2026 21:20:11:406,134286,184580
101.85,09-21-2026 21:20:11:416,134286,184605
101.86,09-21-2026 21:20:11:426,134279,184597
101.87,09-21-2026 21:20:11:436,134294,184591
101.88,09-21-2026 21:20:11:446,134315,184603
101.89,09-21-2026 21:20:11:456,134293,184606
101.9,09-21-2026 21:20:11:466,134310,184605
101.91,09-21-2026 21:20:11:476,134291,184602
101.92,09-21-2026 21:20:11:486,134300,184608
101.93,09-21-2026 21:20:11:496,134297,184591
101.94,09-21-2026 21:20:11:506,134295,184583
101.95,09-21-2026 21:20:11:516,134288,184584
101.96,09-21-2026 21:20:11:526,134315,184605
101.97,09-21-2026 21:20:11:536,134304,184600
101.98,09-21-2026 21:20:11:546,134294,184599
101.99,09-21-2026 21:20:11:556,134295,184613
102,09-21-2026 21:20:11:566,134284,184593
102.01,09-21-2026 21:20:11:576,134299,184602
102.02,09-21-2026 21:20:11:586,134292,184614
102.03,09-21-2026 21:20:11:596,134290,184618
102.04,09-21-2026 21:20:11:606,134298,184623
102.05,09-21-2026 21:20:11:616,134295,184630
102.06,09-21-2026 21:20:11:626,134317,184640
102.07,09-21-2026 21:20:11:636,134317,184644
102.08,09-21-2026 21:20:11:646,134324,184646
102.09,09-21-2026 21:20:11:656,134311,184648
102.1,09-21-2026 21:20:11:666,134300,184657
102.11,09-21-2026 21:20:11:676,134318,184669
102.12,09-21-2026 21:20:11:686,134321,184656
102.13,09-21-2026 21:20:11:696,134322,184662
102.14,09-21-2026 21:20:11:706,134304,184662
102.15,09-21-2026 21:20:11:716,134323,184688
102.16,09-21-2026 21:20:11:726,134318,184696
102.17,09-21-2026 21:20:11:736,134316,184702
102.18,09-21-2026 21:20:11:746,134306,184701
102.19,09-21-2026 21:20:11:756,134324,184717
102.2,09-21-2026 21:20:11:766,134314,184716
102.21,09-21-2026 21:20:11:776,134336,184723
102.22,09-21-2026 21:20:11:786,134314,184735
102.23,09-21-2026 21:20:11:796,134325,184744
102.24,09-21-2026 21:20:11:806,134307,184745
102.25,09-21-2026 21:20:11:816,134336,184765
102.26,09-21-2026 21:20:11:826,134334,184768
102.27,09-21-2026 21:20:11:836,134342,184766
102.28,09-21-2026 21:20:11:846,134305,184783
102.29,09-21-2026 21:20:11:856,134347,184779
102.3,09-21-2026 21:20:11:866,134315,184768
102.31,09-21-2026 21:20:11:876,134351,184806
102.32,09-21-2026 21:20:11:886,134314,184814
102.33,09-21-2026 21:20:11:896,134361,184816
102.34,09-21-2026 21:20:11:906,134318,184816
102.35,09-21-2026 21:20:11:916,134355,184850
102.36,09-21-2026 21:20:11:926,134319,184844
102.37,09-21-2026 21:20:11:936,134344,184831
102.38,09-21-2026 21:20:11:946,134315,184857
102.39,09-21-2026 21:20:11:956,134366,184870
102.4,09-21-2026 21:20:11:966,134321,184886
102.41,09-21-2026 21:20:11:976,134366,184899
102.42,09-21-2026 21:20:11:986,134304,184899
102.43,09-21-2026 21:20:11:996,134358,184902
102.44,09-21-2026 21:20:12:006,134309,184921
102.45,09-21-2026 21:20:12:016,134356,184914
102.46,09-21-2026 21:20:12:026,134334,184928
102.47,09-21-2026 21:20:12:036,134378,184946
102.48,09-21-2026 21:20:12:046,134336,184936
102.49,09-21-2026 21:20:12:056,134380,184945
102.5,09-21-2026 21:20:12:066,134347,184912
102.51,09-21-2026 21:20:12:076,134355,184910
102.52,09-21-2026 21:20:12:086,134344,184892
102.53,09-21-2026 21:20:12:096,134382,184879
102.54,09-21-2026 21:20:12:106,134325,184860
102.55,09-21-2026 21:20:12:116,134368,184869
102.56,09-21-2026 21:20:12:126,134347,184866
102.57,09-21-2026 21:20:12:136,134356,184849
102.58,09-21-2026 21:20:12:146,134323,184850
102.59,09-21-2026 21:20:12:156,134347,184839
102.6,09-21-2026 21:20:12:166,134340,184856
102.61,09-21-2026 21:20:12:176,134356,184823
102.62,09-21-2026 21:20:12:186,134357,184829
102.63,09-21-2026 21:20:12:196,134350,184818
102.64,09-21-2026 21:20:12:206,134357,184825
102.65,09-21-2026 21:20:12:216,134349,184814
102.66,09-21-2026 21:20:12:226,134350,184811
102.67,09-21-2026 21:20:12:236,134343,184796
102.68,09-21-2026 21:20:12:246,134351,184829
102.69,09-21-2026 21:20:12:256,134333,184819
102.7,09-21-2026 21:20:12:266,134360,184815
102.71,09-21-2026 21:20:12:276,134356,184829
102.72,09-21-2026 21:20:12:286,134369,184816
102.73,09-21-2026 21:20:12:296,134334,184815
102.74,09-21-2026 21:20:12:306,134372,184812
102.75,09-21-2026 21:20:12:316,134354,184821
102.76,09-21-2026 21:20:12:326,134367,184831
102.77,09-21-2026 21:20:12:336,134384,184817
102.78,09-21-2026 21:20:12:346,134366,184823
102.79,09-21-2026 21:20:12:356,134330,184815
102.8,09-21-2026 21:20:12:366,134360,184824
102.81,09-21-2026 21:20:12:376,134356,184818
102.82,09-21-2026 21:20:12:386,134385,184818
102.83,09-21-2026 21:20:12:396,134362,184836
102.84,09-21-2026 21:20:12:406,134388,184832
102.85,09-21-2026 21:20:12:416,134358,184852
102.86,09-21-2026 21:20:12:426,134371,184857
102.87,09-21-2026 21:20:12:436,134350,184855
102.88,09-21-2026 21:20:12:446,134379,184838
102.89,09-21-2026 21:20:12:456,134355,184853
102.9,09-21-2026 21:20:12:466,134385,184864
102.91,09-21-2026 21:20:12:476,134365,184868
102.92,09-21-2026 21:20:12:486,134394,184892
102.93,09-21-2026 21:20:12:496,134360,184883
102.94,09-21-2026 21:20:12:506,134371,184874
102.95,09-21-2026 21:20:12:516,134360,184895
102.96,09-21-2026 21:20:12:526,134386,184907
102.97,09-21-2026 21:20:12:536,134354,184890
102.98,09-21-2026 21:20:12:546,134387,184901
102.99,09-21-2026 21:20:12:556,134352,184899
103,09-21-2026 21:20:12:566,134394,184917
103.01,09-21-2026 21:20:12:576,134358,184923
103.02,09-21-2026 21:20:12:586,134400,184947
103.03,09-21-2026 21:20:12:596,134370,184941
103.04,09-21-2026 21:20:12:606,134393,184935
103.05,09-21-2026 21:20:12:616,134373,184966
103.06,09-21-2026 21:20:12:626,134393,184975
103.07,09-21-2026 21:20:12:636,134367,184948
103.08,09-21-2026 21:20:12:646,134364,184960
103.09,09-21-2026 21:20:12:656,134390,184979
103.1,09-21-2026 21:20:12:666,134385,184985
103.11,09-21-2026 21:20:12:676,134386,184989
103.12,09-21-2026 21:20:12:686,134386,184988
103.13,09-21-2026 21:20:12:696,134369,185000
103.14,09-21-2026 21:20:12:706,134388,185016
103.15,09-21-2026 21:20:12:716,134385,185007
103.16,09-21-2026 21:20:12:726,134401,185035
103.17,09-21-2026 21:20:12:736,134381,185019
103.18,09-21-2026 21:20:12:746,134393,185060
103.19,09-21-2026 21:20:12:756,134389,185013
103.2,09-21-2026 21:20:12:766,134391,185049
103.21,09-21-2026 21:20:12:776,134394,185038
103.22,09-21-2026 21:20:12:786,134396,185062
103.23,09-21-2026 21:20:12:796,134393,185058
103.24,09-21-2026 21:20:12:806,134396,185084
103.25,09-21-2026 21:20:12:816,134400,185074
103.26,09-21-2026 21:20:12:826,134416,185110
103.27,09-21-2026 21:20:12:836,134416,185094
103.28,09-21-2026 21:20:12:846,134410,185117
103.29,09-21-2026 21:20:12:856,134390,185085
103.3,09-21-2026 21:20:12:866,134397,185145
103.31,09-21-2026 21:20:12:876,134423,185077
103.32,09-21-2026 21:20:12:886,134419,185123
103.33,09-21-2026 21:20:12:896,134410,185086
103.34,09-21-2026 21:20:12:906,134427,185116
103.35,09-21-2026 21:20:12:916,134414,185059
103.36,09-21-2026 21:20:12:926,134414,185099
103.37,09-21-2026 21:20:12:936,134404,185033
103.38,09-21-2026 21:20:12:946,134410,185078
103.39,09-21-2026 21:20:12:956,134404,185008
103.4,09-21-2026 21:20:12:966,134397,185057
103.41,09-21-2026 21:20:12:976,134401,184985
103.42,09-21-2026 21:20:12:986,134397,185056
103.43,09-21-2026 21:20:12:996,134402,185005
103.44,09-21-2026 21:20:13:006,134399,185064
103.45,09-21-2026 21:20:13:016,134404,184984
103.46,09-21-2026 21:20:13:026,134390,185052
103.47,09-21-2026 21:20:13:036,134389,184983
103.48,09-21-2026 21:20:13:046,134387,185035
103.49,09-21-2026 21:20:13:056,134377,185014
103.5,09-21-2026 21:20:13:066,134398,185036
103.51,09-21-2026 21:20:13:076,134394,185011
103.52,09-21-2026 21:20:13:086,134398,185038
103.53,09-21-2026 21:20:13:096,134373,184995
103.54,09-21-2026 21:20:13:106,134396,185033
103.55,09-21-2026 21:20:13:116,134392,185023
103.56,09-21-2026 21:20:13:126,134386,185034
103.57,09-21-2026 21:20:13:136,134398,185020
103.58,09-21-2026 21:20:13:146,134381,185045
103.59,09-21-2026 21:20:13:156,134401,185041
103.6,09-21-2026 21:20:13:166,134392,185026
103.61,09-21-2026 21:20:13:176,134382,185032
103.62,09-21-2026 21:20:13:186,134380,185045
103.63,09-21-2026 21:20:13:196,134372,185054
103.64,09-21-2026 21:20:13:206,134391,185044
103.65,09-21-2026 21:20:13:216,134393,185054
103.66,09-21-2026 21:20:13:226,134399,185038
103.67,09-21-2026 21:20:13:236,134382,185064
103.68,09-21-2026 21:20:13:246,134388,185047
103.69,09-21-2026 21:20:13:256,134399,185086
103.7,09-21-2026 21:20:13:266,134378,185059
103.71,09-21-2026 21:20:13:276,134383,185073
103.72,09-21-2026 21:20:13:286,134383,185074
103.73,09-21-2026 21:20:13:296,134405,185100
103.74,09-21-2026 21:20:13:306,134393,185092
103.75,09-21-2026 21:20:13:316,134401,185099
103.76,09-21-2026 21:20:13:326,134397,185085
103.77,09-21-2026 21:20:13:336,134391,185106
103.78,09-21-2026 21:20:13:346,134410,185084
103.79,09-21-2026 21:20:13:356,134397,185127
103.8,09-21-2026 21:20:13:366,134407,185126
103.81,09-21-2026 21:20:13:376,134392,185143
103.82,09-21-2026 21:20:13:386,134412,185108
103.83,09-21-2026 21:20:13:396,134411,185166
103.84,09-21-2026 21:20:13:406,134398,185135
103.85,09-21-2026 21:20:13:416,134396,185168
103.86,09-21-2026 21:20:13:426,134410,185142
103.87,09-21-2026 21:20:13:436,134388,185168
103.88,09-21-2026 21:20:13:446,134399,185149
103.89,09-21-2026 21:20:13:456,134416,185194
103.9,09-21-2026 21:20:13:466,134405,185170
103.91,09-21-2026 21:20:13:476,134420,185217
103.92,09-21-2026 21:20:13:486,134412,185181
103.93,09-21-2026 21:20:13:496,134402,185221
103.94,09-21-2026 21:20:13:506,134418,185197
103.95,09-21-2026 21:20:13:516,134432,185220
103.96,09-21-2026 21:20:13:526,134428,185219
103.97,09-21-2026 21:20:13:536,134422,185229
103.98,09-21-2026 21:20:13:546,134440,185245
103.99,09-21-2026 21:20:13:556,134415,185253
104,09-21-2026 21:20:13:566,134436,185246
104.01,09-21-2026 21:20:13:576,134432,185255
104.02,09-21-2026 21:20:13:586,134425,185248
104.03,09-21-2026 21:20:13:596,134430,185284
104.04,09-21-2026 21:20:13:606,134439,185281
104.05,09-21-2026 21:20:13:616,134447,185284
104.06,09-21-2026 21:20:13:626,134436,185296
104.07,09-21-2026 21:20:13:636,134438,185295
104.08,09-21-2026 21:20:13:646,134451,185307
104.09,09-21-2026 21:20:13:656,134445,185317
104.1,09-21-2026 21:20:13:666,134423,185311
104.11,09-21-2026 21:20:13:676,134433,185327
104.12,09-21-2026 21:20:13:686,134442,185314
104.13,09-21-2026 21:20:13:696,134442,185300
104.14,09-21-2026 21:20:13:706,134436,185304
104.15,09-21-2026 21:20:13:716,134442,185285
104.16,09-21-2026 21:20:13:726,134429,185272
104.17,09-21-2026 21:20:13:736,134421,185267
104.18,09-21-2026 21:20:13:746,134438,185240
104.19,09-21-2026 21:20:13:756,134421,185242
104.2,09-21-2026 21:20:13:766,134437,185236
104.21,09-21-2026 21:20:13:776,134424,185232
104.22,09-21-2026 21:20:13:786,134422,185225
104.23,09-21-2026 21:20:13:796,134417,185212
104.24,09-21-2026 21:20:13:806,134422,185218
104.25,09-21-2026 21:20:13:816,134435,185211
104.26,09-21-2026 21:20:13:826,134406,185216
104.27,09-21-2026 21:20:13:836,134410,185210
104.28,09-21-2026 21:20:13:846,134409,185184
104.29,09-21-2026 21:20:13:856,134378,185177
104.3,09-21-2026 21:20:13:866,134398,185183
104.31,09-21-2026 21:20:13:876,134395,185160
104.32,09-21-2026 21:20:13:886,134388,185157
104.33,09-21-2026 21:20:13:896,134372,185157
104.34,09-21-2026 21:20:13:906,134397,185188
104.35,09-21-2026 21:20:13:916,134375,185180
104.36,09-21-2026 21:20:13:926,134397,185183
104.37,09-21-2026 21:20:13:936,134384,185182
104.38,09-21-2026 21:20:13:946,134376,185165
104.39,09-21-2026 21:20:13:956,134377,185169
104.4,09-21-2026 21:20:13:966,134388,185179
104.41,09-21-2026 21:20:13:976,134372,185191
104.42,09-21-2026 21:20:13:986,134374,185187
104.43,09-21-2026 21:20:13:996,134363,185158
104.44,09-21-2026 21:20:14:006,134375,185174
104.45,09-21-2026 21:20:14:016,134374,185182
104.46,09-21-2026 21:20:14:026,134403,185175
104.47,09-21-2026 21:20:14:036,134360,185177
104.48,09-21-2026 21:20:14:046,134398,185186
104.49,09-21-2026 21:20:14:056,134369,185214
104.5,09-21-2026 21:20:14:066,134392,185198
104.51,09-21-2026 21:20:14:076,134362,185199
104.52,09-21-2026 21:20:14:086,134381,185197
104.53,09-21-2026 21:20:14:096,134377,185204
104.54,09-21-2026 21:20:14:106,134403,185211
104.55,09-21-2026 21:20:14:116,134368,185208
104.56,09-21-2026 21:20:14:126,134391,185236
104.57,09-21-2026 21:20:14:136,134372,185218
104.58,09-21-2026 21:20:14:146,134402,185209
104.59,09-21-2026 21:20:14:156,134332,185252
104.6,09-21-2026 21:20:14:166,134404,185242
104.61,09-21-2026 21:20:14:176,134348,185255
104.62,09-21-2026 21:20:14:186,134388,185263
104.63,09-21-2026 21:20:14:196,134346,185256
104.64,09-21-2026 21:20:14:206,134421,185282
104.65,09-21-2026 21:20:14:216,134349,185279
104.66,09-21-2026 21:20:14:226,134398,185286
104.67,09-21-2026 21:20:14:236,134366,185308
104.68,09-21-2026 21:20:14:246,134406,185303
104.69,09-21-2026 21:20:14:256,134392,185306
104.7,09-21-2026 21:20:14:266,134410,185316
104.71,09-21-2026 21:20:14:276,134375,185305
104.72,09-21-2026 21:20:14:286,134412,185337
104.73,09-21-2026 21:20:14:296,134405,185333
104.74,09-21-2026 21:20:14:306,134411,185323
104.75,09-21-2026 21:20:14:316,134406,185353
104.76,09-21-2026 21:20:14:326,134416,185342
104.77,09-21-2026 21:20:14:336,134420,185358
104.78,09-21-2026 21:20:14:346,134432,185350
104.79,09-21-2026 21:20:14:356,134412,185367
104.8,09-21-2026 21:20:14:366,134438,185381
104.81,09-21-2026 21:20:14:376,134436,185375
104.82,09-21-2026 21:20:14:386,134442,185392
104.83,09-21-2026 21:20:14:396,134438,185387
104.84,09-21-2026 21:20:14:406,134425,185389
104.85,09-21-2026 21:20:14:416,134441,185412
104.86,09-21-2026 21:20:14:426,134439,185416
104.87,09-21-2026 21:20:14:436,134444,185431
104.88,09-21-2026 21:20:14:446,134427,185439
104.89,09-21-2026 21:20:14:456,134440,185427
104.9,09-21-2026 21:20:14:466,134434,185435
104.91,09-21-2026 21:20:14:476,134454,185411
104.92,09-21-2026 21:20:14:486,134439,185420
104.93,09-21-2026 21:20:14:496,134463,185399
104.94,09-21-2026 21:20:14:506,134435,185394
104.95,09-21-2026 21:20:14:516,134461,185387
104.96,09-21-2026 21:20:14:526,134421,185359
104.97,09-21-2026 21:20:14:536,134449,185370
104.98,09-21-2026 21:20:14:546,134419,185346
104.99,09-21-2026 21:20:14:556,134456,185351
105,09-21-2026 21:20:14:566,134411,185349
105.01,09-21-2026 21:20:14:576,134468,185338
105.02,09-21-2026 21:20:14:586,134429,185354
105.03,09-21-2026 21:20:14:596,134476,185322
105.04,09-21-2026 21:20:14:606,134418,185348
105.05,09-21-2026 21:20:14:616,134453,185349
105.06,09-21-2026 21:20:14:626,134413,185340
105.07,09-21-2026 21:20:14:636,134457,185334
105.08,09-21-2026 21:20:14:646,134427,185312
105.09,09-21-2026 21:20:14:656,134438,185331
105.1,09-21-2026 21:20:14:666,134424,185337
105.11,09-21-2026 21:20:14:676,134415,185325
105.12,09-21-2026 21:20:14:686,134416,185311
105.13,09-21-2026 21:20:14:696,134432,185324
105.14,09-21-2026 21:20:14:706,134403,185320
105.15,09-21-2026 21:20:14:716,134433,185320
105.16,09-21-2026 21:20:14:726,134412,185320
105.17,09-21-2026 21:20:14:736,134417,185337
105.18,09-21-2026 21:20:14:746,134421,185328
105.19,09-21-2026 21:20:14:756,134430,185315
105.2,09-21-2026 21:20:14:766,134407,185335
105.21,09-21-2026 21:20:14:776,134413,185328
105.22,09-21-2026 21:20:14:786,134405,185344
105.23,09-21-2026 21:20:14:796,134414,185307
105.24,09-21-2026 21:20:14:806,134401,185310
105.25,09-21-2026 21:20:14:816,134417,185327
105.26,09-21-2026 21:20:14:826,134395,185315
105.27,09-21-2026 21:20:14:836,134398,185336
105.28,09-21-2026 21:20:14:846,134392,185318
105.29,09-21-2026 21:20:14:856,134397,185345
105.3,09-21-2026 21:20:14:866,134424,185322
105.31,09-21-2026 21:20:14:876,134402,185340
105.32,09-21-2026 21:20:14:886,134400,185325
105.33,09-21-2026 21:20:14:896,134415,185333
105.34,09-21-2026 21:20:14:906,134408,185338
105.35,09-21-2026 21:20:14:916,134407,185370
105.36,09-21-2026 21:20:14:926,134401,185335
105.37,09-21-2026 21:20:14:936,134406,185364
105.38,09-21-2026 21:20:14:946,134412,185343
105.39,09-21-2026 21:20:14:956,134396,185372
105.4,09-21-2026 21:20:14:966,134406,185350
105.41,09-21-2026 21:20:14:976,134415,185373
105.42,09-21-2026 21:20:14:986,134420,185366
105.43,09-21-2026 21:20:14:996,134419,185387
105.44,09-21-2026 21:20:15:006,134404,185365
105.45,09-21-2026 21:20:15:016,134425,185400
105.46,09-21-2026 21:20:15:026,134411,185383
105.47,09-21-2026 21:20:15:036,134406,185422
105.48,09-21-2026 21:20:15:046,134423,185385
105.49,09-21-2026 21:20:15:056,134426,185441
105.5,09-21-2026 21:20:15:066,134429,185387
105.51,09-21-2026 21:20:15:076,134407,185450
105.52,09-21-2026 21:20:15:086,134420,185407
105.53,09-21-2026 21:20:15:096,134420,185444
105.54,09-21-2026 21:20:15:106,134420,185421
105.55,09-21-2026 21:20:15:116,134422,185461
105.56,09-21-2026 21:20:15:126,134403,185408
105.57,09-21-2026 21:20:15:136,134411,185477
105.58,09-21-2026 21:20:15:146,134424,185435
105.59,09-21-2026 21:20:15:156,134423,185483
105.6,09-21-2026 21:20:15:166,134432,185459
105.61,09-21-2026 21:20:15:176,134427,185505
105.62,09-21-2026 21:20:15:186,134417,185478
105.63,09-21-2026 21:20:15:196,134429,185521
105.64,09-21-2026 21:20:15:206,134421,185500
105.65,09-21-2026 21:20:15:216,134438,185534
105.66,09-21-2026 21:20:15:226,134431,185488
105.67,09-21-2026 21:20:15:236,134452,185513
105.68,09-21-2026 21:20:15:246,134441,185487
105.69,09-21-2026 21:20:15:256,134447,185488
105.7,09-21-2026 21:20:15:266,134437,185477
105.71,09-21-2026 21:20:15:276,134438,185472
105.72,09-21-2026 21:20:15:286,134426,185457
105.73,09-21-2026 21:20:15:296,134429,185423
105.74,09-21-2026 21:20:15:306,134425,185440
105.75,09-21-2026 21:20:15:316,134429,185431
105.76,09-21-2026 21:20:15:326,134417,185433
105.77,09-21-2026 21:20:15:336,134418,185410
105.78,09-21-2026 21:20:15:346,134403,185431
105.79,09-21-2026 21:20:15:356,134403,185407
105.8,09-21-2026 21:20:15:366,134403,185411
105.81,09-21-2026 21:20:15:376,134410,185386
105.82,09-21-2026 21:20:15:386,134411,185404
105.83,09-21-2026 21:20:15:396,134403,185389
105.84,09-21-2026 21:20:15:406,134396,185396
105.85,09-21-2026 21:20:15:416,134427,185374
105.86,09-21-2026 21:20:15:426,134419,185389
105.87,09-21-2026 21:20:15:436,134400,185382
105.88,09-21-2026 21:20:15:446,134416,185410
105.89,09-21-2026 21:20:15:456,134405,185365
105.9,09-21-2026 21:20:15:466,134398,185437
105.91,09-21-2026 21:20:15:476,134412,185380
105.92,09-21-2026 21:20:15:486,134413,185417
105.93,09-21-2026 21:20:15:496,134388,185389
105.94,09-21-2026 21:20:15:506,134400,185407
105.95,09-21-2026 21:20:15:516,134429,185388
105.96,09-21-2026 21:20:15:526,134382,185412
105.97,09-21-2026 21:20:15:536,134370,185379
105.98,09-21-2026 21:20:15:546,134397,185380
105.99,09-21-2026 21:20:15:556,134390,185375
106,09-21-2026 21:20:15:566,134391,185367
106.01,09-21-2026 21:20:15:576,134383,185375
106.02,09-21-2026 21:20:15:586,134392,185383
106.03,09-21-2026 21:20:15:596,134386,185354
106.04,09-21-2026 21:20:15:606,134389,185381
106.05,09-21-2026 21:20:15:616,134388,185372
106.06,09-21-2026 21:20:15:626,134375,185391
106.07,09-21-2026 21:20:15:636,134398,185378
106.08,09-21-2026 21:20:15:646,134388,185399
106.09,09-21-2026 21:20:15:656,134411,185379
106.1,09-21-2026 21:20:15:666,134389,185400
106.11,09-21-2026 21:20:15:676,134391,185385
106.12,09-21-2026 21:20:15:686,134402,185390
106.13,09-21-2026 21:20:15:696,134407,185400
106.14,09-21-2026 21:20:15:706,134400,185397
106.15,09-21-2026 21:20:15:716,134397,185396
106.16,09-21-2026 21:20:15:726,134402,185420
106.17,09-21-2026 21:20:15:736,134383,185429
106.18,09-21-2026 21:20:15:746,134392,185412
106.19,09-21-2026 21:20:15:756,134383,185432
106.2,09-21-2026 21:20:15:766,134390,185413
106.21,09-21-2026 21:20:15:776,134410,185435
106.22,09-21-2026 21:20:15:786,134407,185438
106.23,09-21-2026 21:20:15:796,134399,185479
106.24,09-21-2026 21:20:15:806,134400,185465
106.25,09-21-2026 21:20:15:816,134398,185466
106.26,09-21-2026 21:20:15:826,134401,185454
106.27,09-21-2026 21:20:15:836,134395,185474
106.28,09-21-2026 21:20:15:846,134404,185455
106.29,09-21-2026 21:20:15:856,134406,185472
106.3,09-21-2026 21:20:15:866,134412,185497
106.31,09-21-2026 21:20:15:876,134398,185491
106.32,09-21-2026 21:20:15:886,134401,185507
106.33,09-21-2026 21:20:15:896,134387,185520
106.34,09-21-2026 21:20:15:906,134407,185513
106.35,09-21-2026 21:20:15:916,134411,185509
106.36,09-21-2026 21:20:15:926,134387,185512
106.37,09-21-2026 21:20:15:936,134406,185525
106.38,09-21-2026 21:20:15:946,134402,185546
106.39,09-21-2026 21:20:15:956,134405,185548
106.4,09-21-2026 21:20:15:966,134404,185564
106.41,09-21-2026 21:20:15:976,134420,185556
106.42,09-21-2026 21:20:15:986,134405,185536
106.43,09-21-2026 21:20:15:996,134422,185552
106.44,09-21-2026 21:20:16:006,134394,185504
106.45,09-21-2026 21:20:16:016,134403,185486
106.46,09-21-2026 21:20:16:026,134374,185468
106.47,09-21-2026 21:20:16:036,134407,185444
106.48,09-21-2026 21:20:16:046,134381,185432
106.49,09-21-2026 21:20:16:056,134392,185444
106.5,09-21-2026 21:20:16:066,134382,185416
106.51,09-21-2026 21:20:16:076,134395,185403
106.52,09-21-2026 21:20:16:086,134352,185400
106.53,09-21-2026 21:20:16:096,134393,185398
106.54,09-21-2026 21:20:16:106,134366,185398
106.55,09-21-2026 21:20:16:116,134373,185378
106.56,09-21-2026 21:20:16:126,134336,185381
106.57,09-21-2026 21:20:16:136,134363,185372
106.58,09-21-2026 21:20:16:146,134360,185372
106.59,09-21-2026 21:20:16:156,134377,185370
106.6,09-21-2026 21:20:16:166,134326,185349
106.61,09-21-2026 21:20:16:176,134375,185364
106.62,09-21-2026 21:20:16:186,134330,185344
106.63,09-21-2026 21:20:16:196,134380,185359
106.64,09-21-2026 21:20:16:206,134329,185367
106.65,09-21-2026 21:20:16:216,134372,185376
106.66,09-21-2026 21:20:16:226,134320,185354
106.67,09-21-2026 21:20:16:236,134362,185364
106.68,09-21-2026 21:20:16:246,134317,185346
106.69,09-21-2026 21:20:16:256,134369,185353
106.7,09-21-2026 21:20:16:266,134324,185359
106.71,09-21-2026 21:20:16:276,134360,185355
106.72,09-21-2026 21:20:16:286,134325,185337
106.73,09-21-2026 21:20:16:296,134360,185355
106.74,09-21-2026 21:20:16:306,134336,185336
106.75,09-21-2026 21:20:16:316,134366,185341
106.76,09-21-2026 21:20:16:326,134337,185331
106.77,09-21-2026 21:20:16:336,134350,185335
106.78,09-21-2026 21:20:16:346,134320,185327
106.79,09-21-2026 21:20:16:356,134350,185334
106.8,09-21-2026 21:20:16:366,134336,185310
106.81,09-21-2026 21:20:16:376,134350,185329
106.82,09-21-2026 21:20:16:386,134324,185326
106.83,09-21-2026 21:20:16:396,134355,185354
106.84,09-21-2026 21:20:16:406,134350,185345
106.85,09-21-2026 21:20:16:416,134362,185353
106.86,09-21-2026 21:20:16:426,134379,185341
106.87,09-21-2026 21:20:16:436,134349,185337
106.88,09-21-2026 21:20:16:446,134369,185356
106.89,09-21-2026 21:20:16:456,134365,185340
106.9,09-21-2026 21:20:16:466,134350,185350
106.91,09-21-2026 21:20:16:476,134363,185357
106.92,09-21-2026 21:20:16:486,134363,185360
106.93,09-21-2026 21:20:16:496,134365,185367
106.94,09-21-2026 21:20:16:506,134370,185393
106.95,09-21-2026 21:20:16:516,134350,185377
106.96,09-21-2026 21:20:16:526,134362,185379
106.97,09-21-2026 21:20:16:536,134350,185386
106.98,09-21-2026 21:20:16:546,134375,185384
106.99,09-21-2026 21:20:16:556,134362,185398
107,09-21-2026 21:20:16:566,134374,185401
107.01,09-21-2026 21:20:16:576,134345,185377
107.02,09-21-2026 21:20:16:586,134397,185402
107.03,09-21-2026 21:20:16:596,134363,185407
107.04,09-21-2026 21:20:16:606,134379,185409
107.05,09-21-2026 21:20:16:616,134359,185424
107.06,09-21-2026 21:20:16:626,134388,185420
107.07,09-21-2026 21:20:16:636,134369,185440
107.08,09-21-2026 21:20:16:646,134386,185455
107.09,09-21-2026 21:20:16:656,134357,185461
107.1,09-21-2026 21:20:16:666,134375,185454
107.11,09-21-2026 21:20:16:676,134364,185459
107.12,09-21-2026 21:20:16:686,134390,185451
107.13,09-21-2026 21:20:16:696,134371,185477
107.14,09-21-2026 21:20:16:706,134375,185455
107.15,09-21-2026 21:20:16:716,134380,185466
107.16,09-21-2026 21:20:16:726,134393,185445
107.17,09-21-2026 21:20:16:736,134366,185436
107.18,09-21-2026 21:20:16:746,134382,185383
107.19,09-21-2026 21:20:16:756,134349,185387
107.2,09-21-2026 21:20:16:766,134375,185363
107.21,09-21-2026 21:20:16:776,134330,185349
107.22,09-21-2026 21:20:16:786,134370,185342
107.23,09-21-2026 21:20:16:796,134337,185321
107.24,09-21-2026 21:20:16:806,134358,185317
107.25,09-21-2026 21:20:16:816,134347,185303
107.26,09-21-2026 21:20:16:826,134351,185294
107.27,09-21-2026 21:20:16:836,134332,185279
107.28,09-21-2026 21:20:16:846,134334,185273
107.29,09-21-2026 21:20:16:856,134332,185271
107.3,09-21-2026 21:20:16:866,134302,185266
107.31,09-21-2026 21:20:16:876,134313,185270
107.32,09-21-2026 21:20:16:886,134319,185263
107.33,09-21-2026 21:20:16:896,134299,185244
107.34,09-21-2026 21:20:16:906,134306,185222
107.35,09-21-2026 21:20:16:916,134313,185226
107.36,09-21-2026 21:20:16:926,134316,185255
107.37,09-21-2026 21:20:16:936,134310,185235
107.38,09-21-2026 21:20:16:946,134293,185234
107.39,09-21-2026 21:20:16:956,134312,185224
107.4,09-21-2026 21:20:16:966,134309,185232
107.41,09-21-2026 21:20:16:976,134310,185220
107.42,09-21-2026 21:20:16:986,134296,185225
107.43,09-21-2026 21:20:16:996,134309,185209
107.44,09-21-2026 21:20:17:006,134297,185225
107.45,09-21-2026 21:20:17:016,134298,185206
107.46,09-21-2026 21:20:17:026,134281,185221
107.47,09-21-2026 21:20:17:036,134286,185180
107.48,09-21-2026 21:20:17:046,134303,185211
107.49,09-21-2026 21:20:17:056,134303,185176
107.5,09-21-2026 21:20:17:066,134310,185193
107.51,09-21-2026 21:20:17:076,134309,185180
107.52,09-21-2026 21:20:17:086,134304,185192
107.53,09-21-2026 21:20:17:096,134287,185170
107.54,09-21-2026 21:20:17:106,134310,185219
107.55,09-21-2026 21:20:17:116,134290,185164
107.56,09-21-2026 21:20:17:126,134306,185214
107.57,09-21-2026 21:20:17:136,134294,185160
107.58,09-21-2026 21:20:17:146,134301,185213
107.59,09-21-2026 21:20:17:156,134290,185163
107.6,09-21-2026 21:20:17:166,134307,185206
107.61,09-21-2026 21:20:17:176,134303,185168
107.62,09-21-2026 21:20:17:186,134292,185236
107.63,09-21-2026 21:20:17:196,134298,185165
107.64,09-21-2026 21:20:17:206,134297,185212
107.65,09-21-2026 21:20:17:216,134283,185165
107.66,09-21-2026 21:20:17:226,134299,185216
107.67,09-21-2026 21:20:17:236,134290,185176
107.68,09-21-2026 21:20:17:246,134295,185239
107.69,09-21-2026 21:20:17:256,134295,185197
107.7,09-21-2026 21:20:17:266,134300,185255
107.71,09-21-2026 21:20:17:276,134292,185219
107.72,09-21-2026 21:20:17:286,134291,185264
107.73,09-21-2026 21:20:17:296,134295,185229
107.74,09-21-2026 21:20:17:306,134292,185274
107.75,09-21-2026 21:20:17:316,134295,185237
107.76,09-21-2026 21:20:17:326,134302,185265
107.77,09-21-2026 21:20:17:336,134300,185264
107.78,09-21-2026 21:20:17:346,134308,185292
107.79,09-21-2026 21:20:17:356,134299,185250
107.8,09-21-2026 21:20:17:366,134301,185288
107.81,09-21-2026 21:20:17:376,134318,185287
107.82,09-21-2026 21:20:17:386,134291,185302
107.83,09-21-2026 21:20:17:396,134288,185305
107.84,09-21-2026 21:20:17:406,134304,185307
107.85,09-21-2026 21:20:17:416,134295,185297
107.86,09-21-2026 21:20:17:426,134302,185289
107.87,09-21-2026 21:20:17:436,134301,185296
107.88,09-21-2026 21:20:17:446,134282,185245
107.89,09-21-2026 21:20:17:456,134285,185256
107.9,09-21-2026 21:20:17:466,134287,185201
107.91,09-21-2026 21:20:17:476,134289,185217
107.92,09-21-2026 21:20:17:486,134293,185175
107.93,09-21-2026 21:20:17:496,134280,185175
107.94,09-21-2026 21:20:17:506,134260,185154
107.95,09-21-2026 21:20:17:516,134278,185152
107.96,09-21-2026 21:20:17:526,134272,185124
107.97,09-21-2026 21:20:17:536,134260,185131
107.98,09-21-2026 21:20:17:546,134249,185115
107.99,09-21-2026 21:20:17:556,134249,185127
108,09-21-2026 21:20:17:566,134261,185099
108.01,09-21-2026 21:20:17:576,134242,185101
108.02,09-21-2026 21:20:17:586,134267,185071
108.03,09-21-2026 21:20:17:596,134258,185107
108.04,09-21-2026 21:20:17:606,134248,185046
108.05,09-21-2026 21:20:17:616,134231,185098
108.06,09-21-2026 21:20:17:626,134249,185047
108.07,09-21-2026 21:20:17:636,134250,185083
108.08,09-21-2026 21:20:17:646,134241,185055
108.09,09-21-2026 21:20:17:656,134244,185074
108.1,09-21-2026 21:20:17:666,134230,185040
108.11,09-21-2026 21:20:17:676,134241,185090
108.12,09-21-2026 21:20:17:686,134251,185021
108.13,09-21-2026 21:20:17:696,134232,185076
108.14,09-21-2026 21:20:17:706,134232,185025
108.15,09-21-2026 21:20:17:716,134229,185056
108.16,09-21-2026 21:20:17:726,134223,185032
108.17,09-21-2026 21:20:17:736,134224,185036
108.18,09-21-2026 21:20:17:746,134225,184992
108.19,09-21-2026 21:20:17:756,134221,185017
108.2,09-21-2026 21:20:17:766,134215,184989
108.21,09-21-2026 21:20:17:776,134229,185020
108.22,09-21-2026 21:20:17:786,134225,184984
108.23,09-21-2026 21:20:17:796,134217,185007
108.24,09-21-2026 21:20:17:806,134210,185001
108.25,09-21-2026 21:20:17:816,134212,185029
108.26,09-21-2026 21:20:17:826,134230,184993
108.27,09-21-2026 21:20:17:836,134214,184997
108.28,09-21-2026 21:20:17:846,134223,184985
108.29,09-21-2026 21:20:17:856,134213,184988
108.3,09-21-2026 21:20:17:866,134216,184997
108.31,09-21-2026 21:20:17:876,134219,184998
108.32,09-21-2026 21:20:17:886,134231,185002
108.33,09-21-2026 21:20:17:896,134242,185012
108.34,09-21-2026 21:20:17:906,134218,185022
108.35,09-21-2026 21:20:17:916,134225,185009
108.36,09-21-2026 21:20:17:926,134213,185016
108.37,09-21-2026 21:20:17:936,134218,185004
108.38,09-21-2026 21:20:17:946,134208,185026
108.39,09-21-2026 21:20:17:956,134217,185029
108.4,09-21-2026 21:20:17:966,134240,185032
108.41,09-21-2026 21:20:17:976,134228,185032
108.42,09-21-2026 21:20:17:986,134206,185026
108.43,09-21-2026 21:20:17:996,134222,185022
108.44,09-21-2026 21:20:18:006,134223,185050
108.45,09-21-2026 21:20:18:016,134201,185054
108.46,09-21-2026 21:20:18:026,134212,185030
108.47,09-21-2026 21:20:18:036,134233,185044
108.48,09-21-2026 21:20:18:046,134213,185036
108.49,09-21-2026 21:20:18:056,134218,185060
108.5,09-21-2026 21:20:18:066,134218,185089
108.51,09-21-2026 21:20:18:076,134237,185065
108.52,09-21-2026 21:20:18:086,134225,185061
108.53,09-21-2026 21:20:18:096,134222,185072
108.54,09-21-2026 21:20:18:106,134231,185058
108.55,09-21-2026 21:20:18:116,134215,185054
108.56,09-21-2026 21:20:18:126,134218,185047
108.57,09-21-2026 21:20:18:136,134223,185016
108.58,09-21-2026 21:20:18:146,134213,184998
108.59,09-21-2026 21:20:18:156,134193,184966
108.6,09-21-2026 21:20:18:166,134205,184954
108.61,09-21-2026 21:20:18:176,134186,184914
108.62,09-21-2026 21:20:18:186,134199,184890
108.63,09-21-2026 21:20:18:196,134188,184901
108.64,09-21-2026 21:20:18:206,134172,184892
108.65,09-21-2026 21:20:18:216,134162,184882
108.66,09-21-2026 21:20:18:226,134183,184880
108.67,09-21-2026 21:20:18:236,134160,184876
108.68,09-21-2026 21:20:18:246,134176,184866
108.69,09-21-2026 21:20:18:256,134136,184850
108.7,09-21-2026 21:20:18:266,134193,184841
108.71,09-21-2026 21:20:18:276,134151,184834
108.72,09-21-2026 21:20:18:286,134163,184822
108.73,09-21-2026 21:20:18:296,134151,184827
108.74,09-21-2026 21:20:18:306,134172,184795
108.75,09-21-2026 21:20:18:316,134134,184784
108.76,09-21-2026 21:20:18:326,134159,184787
108.77,09-21-2026 21:20:18:336,134132,184809
108.78,09-21-2026 21:20:18:346,134170,184804
108.79,09-21-2026 21:20:18:356,134132,184797
108.8,09-21-2026 21:20:18:366,134154,184791
108.81,09-21-2026 21:20:18:376,134112,184785
108.82,09-21-2026 21:20:18:386,134170,184781
108.83,09-21-2026 21:20:18:396,134111,184768
108.84,09-21-2026 21:20:18:406,134166,184780
108.85,09-21-2026 21:20:18:416,134096,184767
108.86,09-21-2026 21:20:18:426,134134,184757
108.87,09-21-2026 21:20:18:436,134114,184761
108.88,09-21-2026 21:20:18:446,134137,184755
108.89,09-21-2026 21:20:18:456,134116,184749
108.9,09-21-2026 21:20:18:466,134164,184754
108.91,09-21-2026 21:20:18:476,134100,184746
108.92,09-21-2026 21:20:18:486,134159,184757
108.93,09-21-2026 21:20:18:496,134118,184739
108.94,09-21-2026 21:20:18:506,134154,184741
108.95,09-21-2026 21:20:18:516,134123,184745
108.96,09-21-2026 21:20:18:526,134154,184746
108.97,09-21-2026 21:20:18:536,134128,184743
108.98,09-21-2026 21:20:18:546,134152,184744
108.99,09-21-2026 21:20:18:556,134125,184753
109,09-21-2026 21:20:18:566,134162,184768
109.01,09-21-2026 21:20:18:576,134151,184766
109.02,09-21-2026 21:20:18:586,134155,184765
109.03,09-21-2026 21:20:18:596,134136,184784
109.04,09-21-2026 21:20:18:606,134152,184789
109.05,09-21-2026 21:20:18:616,134167,184768
109.06,09-21-2026 21:20:18:626,134162,184785
109.07,09-21-2026 21:20:18:636,134169,184800
109.08,09-21-2026 21:20:18:646,134166,184816
109.09,09-21-2026 21:20:18:656,134194,184812
109.1,09-21-2026 21:20:18:666,134187,184803
109.11,09-21-2026 21:20:18:676,134189,184820
109.12,09-21-2026 21:20:18:686,134171,184809
109.13,09-21-2026 21:20:18:696,134197,184811
109.14,09-21-2026 21:20:18:706,134162,184832
109.15,09-21-2026 21:20:18:716,134210,184848
109.16,09-21-2026 21:20:18:726,134172,184828
109.17,09-21-2026 21:20:18:736,134190,184862
109.18,09-21-2026 21:20:18:746,134189,184835
109.19,09-21-2026 21:20:18:756,134196,184845
109.2,09-21-2026 21:20:18:766,134180,184850
109.21,09-21-2026 21:20:18:776,134207,184860
109.22,09-21-2026 21:20:18:786,134185,184862
109.23,09-21-2026 21:20:18:796,134210,184840
109.24,09-21-2026 21:20:18:806,134189,184842
109.25,09-21-2026 21:20:18:816,134229,184824
109.26,09-21-2026 21:20:18:826,134175,184776
109.27,09-21-2026 21:20:18:836,134188,184772
109.28,09-21-2026 21:20:18:846,134158,184764
109.29,09-21-2026 21:20:18:856,134191,184728
109.3,09-21-2026 21:20:18:866,134141,184728
109.31,09-21-2026 21:20:18:876,134179,184705
109.32,09-21-2026 21:20:18:886,134144,184724
109.33,09-21-2026 21:20:18:896,134173,184673
109.34,09-21-2026 21:20:18:906,134137,184692
109.35,09-21-2026 21:20:18:916,134187,184659
109.36,09-21-2026 21:20:18:926,134136,184663
109.37,09-21-2026 21:20:18:936,134161,184650
109.38,09-21-2026 21:20:18:946,134133,184644
109.39,09-21-2026 21:20:18:956,134160,184649
109.4,09-21-2026 21:20:18:966,134128,184625
109.41,09-21-2026 21:20:18:976,134146,184620
109.42,09-21-2026 21:20:18:986,134118,184598
109.43,09-21-2026 21:20:18:996,134147,184606
109.44,09-21-2026 21:20:19:006,134128,184614
109.45,09-21-2026 21:20:19:016,134148,184608
109.46,09-21-2026 21:20:19:026,134129,184614
109.47,09-21-2026 21:20:19:036,134136,184617
109.48,09-21-2026 21:20:19:046,134129,184610
109.49,09-21-2026 21:20:19:056,134140,184601
109.5,09-21-2026 21:20:19:066,134123,184612
109.51,09-21-2026 21:20:19:076,134120,184596
109.52,09-21-2026 21:20:19:086,134125,184599
109.53,09-21-2026 21:20:19:096,134112,184582
109.54,09-21-2026 21:20:19:106,134118,184586
109.55,09-21-2026 21:20:19:116,134126,184577
109.56,09-21-2026 21:20:19:126,134118,184573
109.57,09-21-2026 21:20:19:136,134117,184586
109.58,09-21-2026 21:20:19:146,134119,184575
109.59,09-21-2026 21:20:19:156,134128,184563
109.6,09-21-2026 21:20:19:166,134111,184566
109.61,09-21-2026 21:20:19:176,134127,184570
109.62,09-21-2026 21:20:19:186,134132,184575
109.63,09-21-2026 21:20:19:196,134120,184589
109.64,09-21-2026 21:20:19:206,134115,184547
109.65,09-21-2026 21:20:19:216,134127,184599
109.66,09-21-2026 21:20:19:226,134121,184578
109.67,09-21-2026 21:20:19:236,134106,184576
109.68,09-21-2026 21:20:19:246,134126,184568
109.69,09-21-2026 21:20:19:256,134122,184581
109.7,09-21-2026 21:20:19:266,134111,184576
109.71,09-21-2026 21:20:19:276,134123,184599
109.72,09-21-2026 21:20:19:286,134133,184559
109.73,09-21-2026 21:20:19:296,134128,184608
109.74,09-21-2026 21:20:19:306,134116,184583
109.75,09-21-2026 21:20:19:316,134124,184630
109.76,09-21-2026 21:20:19:326,134120,184560
109.77,09-21-2026 21:20:19:336,134127,184622
109.78,09-21-2026 21:20:19:346,134112,184585
109.79,09-21-2026 21:20:19:356,134134,184637
109.8,09-21-2026 21:20:19:366,134140,184566
109.81,09-21-2026 21:20:19:376,134140,184640
109.82,09-21-2026 21:20:19:386,134125,184595
109.83,09-21-2026 21:20:19:396,134123,184653
109.84,09-21-2026 21:20:19:406,134148,184598
109.85,09-21-2026 21:20:19:416,134132,184657
109.86,09-21-2026 21:20:19:426,134112,184624
109.87,09-21-2026 21:20:19:436,134128,184645
109.88,09-21-2026 21:20:19:446,134144,184579
109.89,09-21-2026 21:20:19:456,134128,184638
109.9,09-21-2026 21:20:19:466,134122,184574
109.91,09-21-2026 21:20:19:476,134121,184620
109.92,09-21-2026 21:20:19:486,134120,184548
109.93,09-21-2026 21:20:19:496,134095,184588
109.94,09-21-2026 21:20:19:506,134100,184546
109.95,09-21-2026 21:20:19:516,134111,184536
109.96,09-21-2026 21:20:19:526,134097,184510
109.97,09-21-2026 21:20:19:536,134095,184518
109.98,09-21-2026 21:20:19:546,134091,184472
109.99,09-21-2026 21:20:19:556,134097,184492
110,09-21-2026 21:20:19:566,134086,184468
110.01,09-21-2026 21:20:19:576,134085,184493
110.02,09-21-2026 21:20:19:586,134081,184452
110.03,09-21-2026 21:20:19:596,134084,184455
110.04,09-21-2026 21:20:19:606,134085,184424
110.05,09-21-2026 21:20:19:616,134073,184460
110.06,09-21-2026 21:20:19:626,134082,184453
110.07,09-21-2026 21:20:19:636,134074,184442
110.08,09-21-2026 21:20:19:646,134093,184457
110.09,09-21-2026 21:20:19:656,134092,184443
110.1,09-21-2026 21:20:19:666,134082,184441
110.11,09-21-2026 21:20:19:676,134084,184448
110.12,09-21-2026 21:20:19:686,134080,184451
110.13,09-21-2026 21:20:19:696,134076,184449
110.14,09-21-2026 21:20:19:706,134080,184436
110.15,09-21-2026 21:20:19:716,134085,184419
110.16,09-21-2026 21:20:19:726,134089,184449
110.17,09-21-2026 21:20:19:736,134076,184425
110.18,09-21-2026 21:20:19:746,134091,184442
110.19,09-21-2026 21:20:19:756,134085,184424
110.2,09-21-2026 21:20:19:766,134080,184426
110.21,09-21-2026 21:20:19:776,134073,184412
110.22,09-21-2026 21:20:19:786,134063,184421
110.23,09-21-2026 21:20:19:796,134078,184398
110.24,09-21-2026 21:20:19:806,134072,184424
110.25,09-21-2026 21:20:19:816,134077,184408
110.26,09-21-2026 21:20:19:826,134071,184433
110.27,09-21-2026 21:20:19:836,134087,184418
110.28,09-21-2026 21:20:19:846,134084,184445
110.29,09-21-2026 21:20:19:856,134075,184395
110.3,09-21-2026 21:20:19:866,134083,184438
110.31,09-21-2026 21:20:19:876,134077,184433
110.32,09-21-2026 21:20:19:886,134073,184459
110.33,09-21-2026 21:20:19:896,134089,184454
110.34,09-21-2026 21:20:19:906,134082,184438
110.35,09-21-2026 21:20:19:916,134096,184431
110.36,09-21-2026 21:20:19:926,134088,184503
110.37,09-21-2026 21:20:19:936,134083,184449
110.38,09-21-2026 21:20:19:946,134097,184506
110.39,09-21-2026 21:20:19:956,134087,184452
110.4,09-21-2026 21:20:19:966,134091,184482
110.41,09-21-2026 21:20:19:976,134091,184455
110.42,09-21-2026 21:20:19:986,134099,184478
110.43,09-21-2026 21:20:19:996,134099,184463
110.44,09-21-2026 21:20:20:006,134088,184498
110.45,09-21-2026 21:20:20:016,134095,184474
110.46,09-21-2026 21:20:20:026,134100,184534
110.47,09-21-2026 21:20:20:036,134102,184517
110.48,09-21-2026 21:20:20:046,134107,184521
110.49,09-21-2026 21:20:20:056,134082,184501
110.5,09-21-2026 21:20:20:066,134116,184542
110.51,09-21-2026 21:20:20:076,134106,184510
110.52,09-21-2026 21:20:20:086,134112,184551
110.53,09-21-2026 21:20:20:096,134109,184523
110.54,09-21-2026 21:20:20:106,134112,184554
110.55,09-21-2026 21:20:20:116,134118,184528
110.56,09-21-2026 21:20:20:126,134111,184561
110.57,09-21-2026 21:20:20:136,134112,184515
110.58,09-21-2026 21:20:20:146,134114,184527
110.59,09-21-2026 21:20:20:156,134111,184502
110.6,09-21-2026 21:20:20:166,134105,184478
110.61,09-21-2026 21:20:20:176,134099,184459
110.62,09-21-2026 21:20:20:186,134110,184460
110.63,09-21-2026 21:20:20:196,134093,184440
110.64,09-21-2026 21:20:20:206,134080,184430
110.65,09-21-2026 21:20:20:216,134096,184394
110.66,09-21-2026 21:20:20:226,134093,184394
110.67,09-21-2026 21:20:20:236,134083,184377
110.68,09-21-2026 21:20:20:246,134085,184389
110.69,09-21-2026 21:20:20:256,134077,184356
110.7,09-21-2026 21:20:20:266,134077,184363
110.71,09-21-2026 21:20:20:276,134079,184350
110.72,09-21-2026 21:20:20:286,134068,184346
110.73,09-21-2026 21:20:20:296,134068,184350
110.74,09-21-2026 21:20:20:306,134083,184333
110.75,09-21-2026 21:20:20:316,134074,184303
110.76,09-21-2026 21:20:20:326,134079,184317
110.77,09-21-2026 21:20:20:336,134053,184306
110.78,09-21-2026 21:20:20:346,134070,184317
110.79,09-21-2026 21:20:20:356,134091,184313
110.8,09-21-2026 21:20:20:366,134058,184307
110.81,09-21-2026 21:20:20:376,134058,184303
110.82,09-21-2026 21:20:20:386,134068,184306
110.83,09-21-2026 21:20:20:396,134051,184305
110.84,09-21-2026 21:20:20:406,134055,184292
110.85,09-21-2026 21:20:20:416,134068,184308
110.86,09-21-2026 21:20:20:426,134065,184292
110.87,09-21-2026 21:20:20:436,134057,184283
110.88,09-21-2026 21:20:20:446,134055,184293
110.89,09-21-2026 21:20:20:456,134074,184285
110.9,09-21-2026 21:20:20:466,134072,184269
110.91,09-21-2026 21:20:20:476,134059,184267
110.92,09-21-2026 21:20:20:486,134053,184279
110.93,09-21-2026 21:20:20:496,134049,184291
110.94,09-21-2026 21:20:20:506,134071,184291
110.95,09-21-2026 21:20:20:516,134077,184287
110.96,09-21-2026 21:20:20:526,134079,184287
110.97,09-21-2026 21:20:20:536,134067,184299
110.98,09-21-2026 21:20:20:546,134061,184295
110.99,09-21-2026 21:20:20:556,134075,184296
111,09-21-2026 21:20:20:566,134066,184310
111.01,09-21-2026 21:20:20:576,134073,184314
111.02,09-21-2026 21:20:20:586,134089,184307
111.03,09-21-2026 21:20:20:596,134079,184321
111.04,09-21-2026 21:20:20:606,134082,184308
111.05,09-21-2026 21:20:20:616,134079,184326
111.06,09-21-2026 21:20:20:626,134072,184329
111.07,09-21-2026 21:20:20:636,134093,184334
111.08,09-21-2026 21:20:20:646,134076,184330
111.09,09-21-2026 21:20:20:656,134074,184335
111.1,09-21-2026 21:20:20:666,134069,184349
111.11,09-21-2026 21:20:20:676,134084,184342
111.12,09-21-2026 21:20:20:686,134072,184366
111.13,09-21-2026 21:20:20:696,134075,184355
111.14,09-21-2026 21:20:20:706,134091,184366
111.15,09-21-2026 21:20:20:716,134081,184369
111.16,09-21-2026 21:20:20:726,134083,184381
111.17,09-21-2026 21:20:20:736,134102,184389
111.18,09-21-2026 21:20:20:746,134085,184386
111.19,09-21-2026 21:20:20:756,134092,184388
111.2,09-21-2026 21:20:20:766,134085,184406
111.21,09-21-2026 21:20:20:776,134116,184407
111.22,09-21-2026 21:20:20:786,134098,184420
111.23,09-21-2026 21:20:20:796,134132,184412
111.24,09-21-2026 21:20:20:806,134075,184427
111.25,09-21-2026 21:20:20:816,134114,184421
111.26,09-21-2026 21:20:20:826,134096,184402
111.27,09-21-2026 21:20:20:836,134095,184395
111.28,09-21-2026 21:20:20:846,134089,184372
111.29,09-21-2026 21:20:20:856,134090,184340
111.3,09-21-2026 21:20:20:866,134079,184326
111.31,09-21-2026 21:20:20:876,134087,184328
111.32,09-21-2026 21:20:20:886,134053,184298
111.33,09-21-2026 21:20:20:896,134078,184303
111.34,09-21-2026 21:20:20:906,134066,184311
111.35,09-21-2026 21:20:20:916,134066,184285
111.36,09-21-2026 21:20:20:926,134053,184289
111.37,09-21-2026 21:20:20:936,134099,184288
111.38,09-21-2026 21:20:20:946,134048,184263
111.39,09-21-2026 21:20:20:956,134082,184265
111.4,09-21-2026 21:20:20:966,134042,184250
111.41,09-21-2026 21:20:20:976,134068,184251
111.42,09-21-2026 21:20:20:986,134040,184234
111.43,09-21-2026 21:20:20:996,134071,184228
111.44,09-21-2026 21:20:21:006,134049,184229
111.45,09-21-2026 21:20:21:016,134063,184232
111.46,09-21-2026 21:20:21:026,134046,184235
111.47,09-21-2026 21:20:21:036,134079,184225
111.48,09-21-2026 21:20:21:046,134023,184228
111.49,09-21-2026 21:20:21:056,134057,184223
111.5,09-21-2026 21:20:21:066,134031,184223
111.51,09-21-2026 21:20:21:076,134078,184219
111.52,09-21-2026 21:20:21:086,134037,184228
111.53,09-21-2026 21:20:21:096,134090,184228
111.54,09-21-2026 21:20:21:106,134034,184228
111.55,09-21-2026 21:20:21:116,134075,184225
111.56,09-21-2026 21:20:21:126,134041,184242
111.57,09-21-2026 21:20:21:136,134079,184219
111.58,09-21-2026 21:20:21:146,134031,184205
111.59,09-21-2026 21:20:21:156,134071,184229
111.6,09-21-2026 21:20:21:166,134060,184225
111.61,09-21-2026 21:20:21:176,134092,184222
111.62,09-21-2026 21:20:21:186,134054,184231
111.63,09-21-2026 21:20:21:196,134081,184234
111.64,09-21-2026 21:20:21:206,134055,184235
111.65,09-21-2026 21:20:21:216,134087,184250
111.66,09-21-2026 21:20:21:226,134055,184243
111.67,09-21-2026 21:20:21:236,134088,184239
111.68,09-21-2026 21:20:21:246,134075,184273
111.69,09-21-2026 21:20:21:256,134103,184274
111.7,09-21-2026 21:20:21:266,134078,184264
111.71,09-21-2026 21:20:21:276,134110,184258
111.72,09-21-2026 21:20:21:286,134063,184285
111.73,09-21-2026 21:20:21:296,134118,184286
111.74,09-21-2026 21:20:21:306,134101,184293
111.75,09-21-2026 21:20:21:316,134112,184303
111.76,09-21-2026 21:20:21:326,134113,184314
111.77,09-21-2026 21:20:21:336,134098,184308
111.78,09-21-2026 21:20:21:346,134105,184313
111.79,09-21-2026 21:20:21:356,134115,184335
111.8,09-21-2026 21:20:21:366,134128,184331
111.81,09-21-2026 21:20:21:376,134107,184340
111.82,09-21-2026 21:20:21:386,134138,184351
111.83,09-21-2026 21:20:21:396,134108,184317
111.84,09-21-2026 21:20:21:406,134138,184358
111.85,09-21-2026 21:20:21:416,134122,184362
111.86,09-21-2026 21:20:21:426,134145,184372
111.87,09-21-2026 21:20:21:436,134137,184375
111.88,09-21-2026 21:20:21:446,134160,184387
111.89,09-21-2026 21:20:21:456,134116,184409
111.9,09-21-2026 21:20:21:466,134125,184409
111.91,09-21-2026 21:20:21:476,134118,184420
111.92,09-21-2026 21:20:21:486,134146,184425
111.93,09-21-2026 21:20:21:496,134140,184417
111.94,09-21-2026 21:20:21:506,134146,184429
111.95,09-21-2026 21:20:21:516,134148,184416
111.96,09-21-2026 21:20:21:526,134162,184423
111.97,09-21-2026 21:20:21:536,134138,184410
111.98,09-21-2026 21:20:21:546,134160,184392
111.99,09-21-2026 21:20:21:556,134134,184382
112,09-21-2026 21:20:21:566,134154,184368
112.01,09-21-2026 21:20:21:576,134128,184351
112.02,09-21-2026 21:20:21:586,134145,184348
112.03,09-21-2026 21:20:21:596,134122,184341
112.04,09-21-2026 21:20:21:606,134157,184324
112.05,09-21-2026 21:20:21:616,134125,184313
112.06,09-21-2026 21:20:21:626,134151,184319
112.07,09-21-2026 21:20:21:636,134121,184322
112.08,09-21-2026 21:20:21:646,134163,184325
112.09,09-21-2026 21:20:21:656,134142,184312
112.1,09-21-2026 21:20:21:666,134157,184300
112.11,09-21-2026 21:20:21:676,134132,184318
112.12,09-21-2026 21:20:21:686,134161,184294
112.13,09-21-2026 21:20:21:696,134123,184289
112.14,09-21-2026 21:20:21:706,134128,184292
112.15,09-21-2026 21:20:21:716,134122,184293
112.16,09-21-2026 21:20:21:726,134145,184304
112.17,09-21-2026 21:20:21:736,134115,184296
112.18,09-21-2026 21:20:21:746,134150,184299
112.19,09-21-2026 21:20:21:756,134110,184307
112.2,09-21-2026 21:20:21:766,134138,184318
112.21,09-21-2026 21:20:21:776,134129,184300
112.22,09-21-2026 21:20:21:786,134122,184300
112.23,09-21-2026 21:20:21:796,134131,184330
112.24,09-21-2026 21:20:21:806,134159,184303
112.25,09-21-2026 21:20:21:816,134122,184302
112.26,09-21-2026 21:20:21:826,134139,184304
112.27,09-21-2026 21:20:21:836,134129,184281
112.28,09-21-2026 21:20:21:846,134128,184311
112.29,09-21-2026 21:20:21:856,134125,184302
112.3,09-21-2026 21:20:21:866,134145,184294
112.31,09-21-2026 21:20:21:876,134126,184314
112.32,09-21-2026 21:20:21:886,134155,184341
112.33,09-21-2026 21:20:21:896,134137,184330
112.34,09-21-2026 21:20:21:906,134136,184347
112.35,09-21-2026 21:20:21:916,134134,184350
112.36,09-21-2026 21:20:21:926,134141,184345
112.37,09-21-2026 21:20:21:936,134137,184343
112.38,09-21-2026 21:20:21:946,134131,184374
112.39,09-21-2026 21:20:21:956,134161,184361
112.4,09-21-2026 21:20:21:966,134138,184374
112.41,09-21-2026 21:20:21:976,134135,184364
112.42,09-21-2026 21:20:21:986,134164,184384
112.43,09-21-2026 21:20:21:996,134156,184399
112.44,09-21-2026 21:20:22:006,134172,184393
112.45,09-21-2026 21:20:22:016,134157,184398
112.46,09-21-2026 21:20:22:026,134155,184425
112.47,09-21-2026 21:20:22:036,134155,184417
112.48,09-21-2026 21:20:22:046,134157,184431
112.49,09-21-2026 21:20:22:056,134142,184414
112.5,09-21-2026 21:20:22:066,134142,184414
112.51,09-21-2026 21:20:22:076,134158,184448
112.52,09-21-2026 21:20:22:086,134172,184423
112.53,09-21-2026 21:20:22:096,134176,184465
112.54,09-21-2026 21:20:22:106,134175,184465
112.55,09-21-2026 21:20:22:116,134186,184494
112.56,09-21-2026 21:20:22:126,134187,184499
112.57,09-21-2026 21:20:22:136,134180,184500
112.58,09-21-2026 21:20:22:146,134195,184487
112.59,09-21-2026 21:20:22:156,134190,184517
112.6,09-21-2026 21:20:22:166,134185,184492
112.61,09-21-2026 21:20:22:176,134171,184526
112.62,09-21-2026 21:20:22:186,134184,184518
112.63,09-21-2026 21:20:22:196,134197,184545
112.64,09-21-2026 21:20:22:206,134216,184514
112.65,09-21-2026 21:20:22:216,134200,184598
112.66,09-21-2026 21:20:22:226,134199,184558
112.67,09-21-2026 21:20:22:236,134215,184578
112.68,09-21-2026 21:20:22:246,134199,184548
112.69,09-21-2026 21:20:22:256,134210,184609
112.7,09-21-2026 21:20:22:266,134193,184585
112.71,09-21-2026 21:20:22:276,134211,184624
112.72,09-21-2026 21:20:22:286,134216,184564
112.73,09-21-2026 21:20:22:296,134208,184632
112.74,09-21-2026 21:20:22:306,134216,184566
112.75,09-21-2026 21:20:22:316,134215,184580
112.76,09-21-2026 21:20:22:326,134218,184546
112.77,09-21-2026 21:20:22:336,134202,184568
112.78,09-21-2026 21:20:22:346,134216,184500
112.79,09-21-2026 21:20:22:356,134221,184564
112.8,09-21-2026 21:20:22:366,134212,184500
112.81,09-21-2026 21:20:22:376,134197,184556
112.82,09-21-2026 21:20:22:386,134194,184498
112.83,09-21-2026 21:20:22:396,134198,184554
112.84,09-21-2026 21:20:22:406,134229,184496
112.85,09-21-2026 21:20:22:416,134193,184549
112.86,09-21-2026 21:20:22:426,134205,184497
112.87,09-21-2026 21:20:22:436,134210,184548
112.88,09-21-2026 21:20:22:446,134208,184493
112.89,09-21-2026 21:20:22:456,134203,184521
112.9,09-21-2026 21:20:22:466,134194,184500
112.91,09-21-2026 21:20:22:476,134187,184507
112.92,09-21-2026 21:20:22:486,134200,184472
112.93,09-21-2026 21:20:22:496,134189,184511
112.94,09-21-2026 21:20:22:506,134192,184504
112.95,09-21-2026 21:20:22:516,134201,184546
112.96,09-21-2026 21:20:22:526,134212,184510
112.97,09-21-2026 21:20:22:536,134206,184537
112.98,09-21-2026 21:20:22:546,134208,184497
112.99,09-21-2026 21:20:22:556,134206,184537
113,09-21-2026 21:20:22:566,134213,184505
113.01,09-21-2026 21:20:22:576,134196,184547
113.02,09-21-2026 21:20:22:586,134205,184512
113.03,09-21-2026 21:20:22:596,134209,184528
113.04,09-21-2026 21:20:22:606,134218,184519
113.05,09-21-2026 21:20:22:616,134222,184548
113.06,09-21-2026 21:20:22:626,134214,184533
113.07,09-21-2026 21:20:22:636,134199,184552
113.08,09-21-2026 21:20:22:646,134210,184583
113.09,09-21-2026 21:20:22:656,134202,184557
113.1,09-21-2026 21:20:22:666,134208,184580
113.11,09-21-2026 21:20:22:676,134204,184585
113.12,09-21-2026 21:20:22:686,134213,184602
113.13,09-21-2026 21:20:22:696,134223,184588
113.14,09-21-2026 21:20:22:706,134211,184610
113.15,09-21-2026 21:20:22:716,134213,184598
113.16,09-21-2026 21:20:22:726,134216,184621
113.17,09-21-2026 21:20:22:736,134231,184600
113.18,09-21-2026 21:20:22:746,134214,184652
113.19,09-21-2026 21:20:22:756,134222,184632
113.2,09-21-2026 21:20:22:766,134227,184650
113.21,09-21-2026 21:20:22:776,134220,184632
113.22,09-21-2026 21:20:22:786,134237,184667
113.23,09-21-2026 21:20:22:796,134238,184659
113.24,09-21-2026 21:20:22:806,134231,184706
113.25,09-21-2026 21:20:22:816,134233,184672
113.26,09-21-2026 21:20:22:826,134227,184708
113.27,09-21-2026 21:20:22:836,134242,184696
113.28,09-21-2026 21:20:22:846,134243,184725
113.29,09-21-2026 21:20:22:856,134230,184715
113.3,09-21-2026 21:20:22:866,134229,184736
113.31,09-21-2026 21:20:22:876,134252,184711
113.32,09-21-2026 21:20:22:886,134251,184757
113.33,09-21-2026 21:20:22:896,134248,184716
113.34,09-21-2026 21:20:22:906,134246,184751
113.35,09-21-2026 21:20:22:916,134254,184743
113.36,09-21-2026 21:20:22:926,134258,184784
113.37,09-21-2026 21:20:22:936,134259,184758
113.38,09-21-2026 21:20:22:946,134254,184790
113.39,09-21-2026 21:20:22:956,134267,184789
113.4,09-21-2026 21:20:22:966,134264,184826
113.41,09-21-2026 21:20:22:976,134256,184802
113.42,09-21-2026 21:20:22:986,134256,184839
113.43,09-21-2026 21:20:22:996,134286,184819
113.44,09-21-2026 21:20:23:006,134281,184864
113.45,09-21-2026 21:20:23:016,134289,184828
113.46,09-21-2026 21:20:23:026,134280,184866
113.47,09-21-2026 21:20:23:036,134296,184852
113.48,09-21-2026 21:20:23:046,134276,184908
113.49,09-21-2026 21:20:23:056,134278,184873
113.5,09-21-2026 21:20:23:066,134287,184897
113.51,09-21-2026 21:20:23:076,134284,184900
113.52,09-21-2026 21:20:23:086,134286,184885
113.53,09-21-2026 21:20:23:096,134273,184859
113.54,09-21-2026 21:20:23:106,134296,184857
113.55,09-21-2026 21:20:23:116,134285,184849
113.56,09-21-2026 21:20:23:126,134281,184858
113.57,09-21-2026 21:20:23:136,134292,184819
113.58,09-21-2026 21:20:23:146,134267,184854
113.59,09-21-2026 21:20:23:156,134268,184814
113.6,09-21-2026 21:20:23:166,134273,184840
113.61,09-21-2026 21:20:23:176,134257,184818
113.62,09-21-2026 21:20:23:186,134266,184827
113.63,09-21-2026 21:20:23:196,134274,184816
113.64,09-21-2026 21:20:23:206,134260,184848
113.65,09-21-2026 21:20:23:216,134273,184815
113.66,09-21-2026 21:20:23:226,134269,184839
113.67,09-21-2026 21:20:23:236,134257,184806
113.68,09-21-2026 21:20:23:246,134283,184827
113.69,09-21-2026 21:20:23:256,134274,184792
113.7,09-21-2026 21:20:23:266,134270,184795
113.71,09-21-2026 21:20:23:276,134266,184805
113.72,09-21-2026 21:20:23:286,134273,184763
113.73,09-21-2026 21:20:23:296,134279,184788
113.74,09-21-2026 21:20:23:306,134274,184820
113.75,09-21-2026 21:20:23:316,134276,184805
113.76,09-21-2026 21:20:23:326,134280,184831
113.77,09-21-2026 21:20:23:336,134273,184804
113.78,09-21-2026 21:20:23:346,134289,184806
113.79,09-21-2026 21:20:23:356,134269,184818
113.8,09-21-2026 21:20:23:366,134292,184827
113.81,09-21-2026 21:20:23:376,134286,184817
113.82,09-21-2026 21:20:23:386,134276,184817
113.83,09-21-2026 21:20:23:396,134283,184835
113.84,09-21-2026 21:20:23:406,134269,184846
113.85,09-21-2026 21:20:23:416,134278,184847
113.86,09-21-2026 21:20:23:426,134283,184835
113.87,09-21-2026 21:20:23:436,134291,184831
113.88,09-21-2026 21:20:23:446,134275,184834
113.89,09-21-2026 21:20:23:456,134298,184857
113.9,09-21-2026 21:20:23:466,134281,184866
113.91,09-21-2026 21:20:23:476,134291,184858
113.92,09-21-2026 21:20:23:486,134290,184863
113.93,09-21-2026 21:20:23:496,134282,184872
113.94,09-21-2026 21:20:23:506,134294,184868
113.95,09-21-2026 21:20:23:516,134308,184896
113.96,09-21-2026 21:20:23:526,134286,184886
113.97,09-21-2026 21:20:23:536,134293,184903
113.98,09-21-2026 21:20:23:546,134287,184911
113.99,09-21-2026 21:20:23:556,134295,184901
114,09-21-2026 21:20:23:566,134297,184913
114.01,09-21-2026 21:20:23:576,134298,184910
114.02,09-21-2026 21:20:23:586,134308,184939
114.03,09-21-2026 21:20:23:596,134300,184928
114.04,09-21-2026 21:20:23:606,134288,184957
114.05,09-21-2026 21:20:23:616,134301,184947
114.06,09-21-2026 21:20:23:626,134306,184958
114.07,09-21-2026 21:20:23:636,134319,184968
114.08,09-21-2026 21:20:23:646,134317,184976
114.09,09-21-2026 21:20:23:656,134301,184985
114.1,09-21-2026 21:20:23:666,134301,185003
114.11,09-21-2026 21:20:23:676,134317,184982
114.12,09-21-2026 21:20:23:686,134320,185007
114.13,09-21-2026 21:20:23:696,134323,185012
114.14,09-21-2026 21:20:23:706,134327,185020
114.15,09-21-2026 21:20:23:716,134316,185029
114.16,09-21-2026 21:20:23:726,134320,185035
114.17,09-21-2026 21:20:23:736,134334,185046
114.18,09-21-2026 21:20:23:746,134320,185041
114.19,09-21-2026 21:20:23:756,134316,185069
114.2,09-21-2026 21:20:23:766,134314,185062
114.21,09-21-2026 21:20:23:776,134341,185075
114.22,09-21-2026 21:20:23:786,134311,185096
114.23,09-21-2026 21:20:23:796,134337,185070
114.24,09-21-2026 21:20:23:806,134300,185098
114.25,09-21-2026 21:20:23:816,134348,185108
114.26,09-21-2026 21:20:23:826,134322,185119
114.27,09-21-2026 21:20:23:836,134347,185135
114.28,09-21-2026 21:20:23:846,134321,185120
114.29,09-21-2026 21:20:23:856,134353,185102
114.3,09-21-2026 21:20:23:866,134320,185126
114.31,09-21-2026 21:20:23:876,134332,185099
114.32,09-21-2026 21:20:23:886,134312,185088
114.33,09-21-2026 21:20:23:896,134340,185078
114.34,09-21-2026 21:20:23:906,134314,185076
114.35,09-21-2026 21:20:23:916,134328,185059
114.36,09-21-2026 21:20:23:926,134293,185068
114.37,09-21-2026 21:20:23:936,134334,185032
114.38,09-21-2026 21:20:23:946,134294,185054
114.39,09-21-2026 21:20:23:956,134320,185048
114.4,09-21-2026 21:20:23:966,134287,185061
114.41,09-21-2026 21:20:23:976,134314,185055
114.42,09-21-2026 21:20:23:986,134290,185040
114.43,09-21-2026 21:20:23:996,134324,185060
114.44,09-21-2026 21:20:24:006,134295,185036
114.45,09-21-2026 21:20:24:016,134321,185039
114.46,09-21-2026 21:20:24:026,134274,185054
114.47,09-21-2026 21:20:24:036,134330,185030
114.48,09-21-2026 21:20:24:046,134277,185033
114.49,09-21-2026 21:20:24:056,134318,185047
114.5,09-21-2026 21:20:24:066,134304,185071
114.51,09-21-2026 21:20:24:076,134332,185064
114.52,09-21-2026 21:20:24:086,134275,185054
114.53,09-21-2026 21:20:24:096,134342,185065
114.54,09-21-2026 21:20:24:106,134299,185074
114.55,09-21-2026 21:20:24:116,134326,185070
114.56,09-21-2026 21:20:24:126,134310,185059
114.57,09-21-2026 21:20:24:136,134354,185059
114.58,09-21-2026 21:20:24:146,134310,185077
114.59,09-21-2026 21:20:24:156,134338,185066
114.6,09-21-2026 21:20:24:166,134305,185071
114.61,09-21-2026 21:20:24:176,134334,185082
114.62,09-21-2026 21:20:24:186,134317,185071
114.63,09-21-2026 21:20:24:196,134355,185095
114.64,09-21-2026 21:20:24:206,134328,185098
114.65,09-21-2026 21:20:24:216,134343,185088
114.66,09-21-2026 21:20:24:226,134328,185091
114.67,09-21-2026 21:20:24:236,134334,185097
114.68,09-21-2026 21:20:24:246,134324,185094
114.69,09-21-2026 21:20:24:256,134342,185109
114.7,09-21-2026 21:20:24:266,134328,185140
114.71,09-21-2026 21:20:24:276,134339,185125
114.72,09-21-2026 21:20:24:286,134335,185104
114.73,09-21-2026 21:20:24:296,134347,185128
114.74,09-21-2026 21:20:24:306,134362,185141
114.75,09-21-2026 21:20:24:316,134347,185126
114.76,09-21-2026 21:20:24:326,134356,185138
114.77,09-21-2026 21:20:24:336,134366,185141
114.78,09-21-2026 21:20:24:346,134370,185160
114.79,09-21-2026 21:20:24:356,134362,185166
114.8,09-21-2026 21:20:24:366,134364,185161
114.81,09-21-2026 21:20:24:376,134351,185177
114.82,09-21-2026 21:20:24:386,134370,185204
114.83,09-21-2026 21:20:24:396,134365,185189
114.84,09-21-2026 21:20:24:406,134398,185191
114.85,09-21-2026 21:20:24:416,134350,185207
114.86,09-21-2026 21:20:24:426,134408,185219
114.87,09-21-2026 21:20:24:436,134369,185204
114.88,09-21-2026 21:20:24:446,134404,185232
114.89,09-21-2026 21:20:24:456,134369,185233
114.9,09-21-2026 21:20:24:466,134394,185219
114.91,09-21-2026 21:20:24:476,134363,185245
114.92,09-21-2026 21:20:24:486,134390,185227
114.93,09-21-2026 21:20:24:496,134360,185256
114.94,09-21-2026 21:20:24:506,134406,185255
114.95,09-21-2026 21:20:24:516,134375,185270
114.96,09-21-2026 21:20:24:526,134421,185277
114.97,09-21-2026 21:20:24:536,134382,185272
114.98,09-21-2026 21:20:24:546,134404,185274
114.99,09-21-2026 21:20:24:556,134376,185305
115,09-21-2026 21:20:24:566,134421,185303
115.01,09-21-2026 21:20:24:576,134373,185300
115.02,09-21-2026 21:20:24:586,134415,185316
115.03,09-21-2026 21:20:24:596,134387,185308
115.04,09-21-2026 21:20:24:606,134400,185326
115.05,09-21-2026 21:20:24:616,134413,185353
115.06,09-21-2026 21:20:24:626,134405,185359
115.07,09-21-2026 21:20:24:636,134396,185340
115.08,09-21-2026 21:20:24:646,134424,185360
115.09,09-21-2026 21:20:24:656,134396,185360
115.1,09-21-2026 21:20:24:666,134421,185335
115.11,09-21-2026 21:20:24:676,134398,185330
115.12,09-21-2026 21:20:24:686,134412,185297
115.13,09-21-2026 21:20:24:696,134383,185302
115.14,09-21-2026 21:20:24:706,134420,185305
115.15,09-21-2026 21:20:24:716,134382,185301
115.16,09-21-2026 21:20:24:726,134414,185283
115.17,09-21-2026 21:20:24:736,134376,185276
115.18,09-21-2026 21:20:24:746,134401,185287
115.19,09-21-2026 21:20:24:756,134373,185289
115.2,09-21-2026 21:20:24:766,134404,185280
115.21,09-21-2026 21:20:24:776,134386,185283
115.22,09-21-2026 21:20:24:786,134379,185270
115.23,09-21-2026 21:20:24:796,134373,185280
115.24,09-21-2026 21:20:24:806,134391,185237
115.25,09-21-2026 21:20:24:816,134373,185276
115.26,09-21-2026 21:20:24:826,134389,185276
115.27,09-21-2026 21:20:24:836,134374,185272
115.28,09-21-2026 21:20:24:846,134376,185258
115.29,09-21-2026 21:20:24:856,134371,185240
115.3,09-21-2026 21:20:24:866,134374,185263
115.31,09-21-2026 21:20:24:876,134368,185265
115.32,09-21-2026 21:20:24:886,134390,185275
115.33,09-21-2026 21:20:24:896,134365,185257
115.34,09-21-2026 21:20:24:906,134372,185248
115.35,09-21-2026 21:20:24:916,134364,185277
115.36,09-21-2026 21:20:24:926,134377,185273
115.37,09-21-2026 21:20:24:936,134357,185271
115.38,09-21-2026 21:20:24:946,134367,185259
115.39,09-21-2026 21:20:24:956,134366,185250
115.4,09-21-2026 21:20:24:966,134383,185304
115.41,09-21-2026 21:20:24:976,134378,185282
115.42,09-21-2026 21:20:24:986,134379,185286
115.43,09-21-2026 21:20:24:996,134384,185278
115.44,09-21-2026 21:20:25:006,134383,185285
115.45,09-21-2026 21:20:25:016,134372,185272
115.46,09-21-2026 21:20:25:026,134368,185291
115.47,09-21-2026 21:20:25:036,134372,185286
115.48,09-21-2026 21:20:25:046,134388,185290
115.49,09-21-2026 21:20:25:056,134375,185278
115.5,09-21-2026 21:20:25:066,134378,185287
115.51,09-21-2026 21:20:25:076,134383,185283
115.52,09-21-2026 21:20:25:086,134377,185314
115.53,09-21-2026 21:20:25:096,134393,185307
115.54,09-21-2026 21:20:25:106,134374,185305
115.55,09-21-2026 21:20:25:116,134377,185300
115.56,09-21-2026 21:20:25:126,134377,185329
115.57,09-21-2026 21:20:25:136,134394,185311
115.58,09-21-2026 21:20:25:146,134383,185360
115.59,09-21-2026 21:20:25:156,134386,185307
115.6,09-21-2026 21:20:25:166,134380,185364
115.61,09-21-2026 21:20:25:176,134376,185318
115.62,09-21-2026 21:20:25:186,134389,185344
115.63,09-21-2026 21:20:25:196,134401,185340
115.64,09-21-2026 21:20:25:206,134402,185377
115.65,09-21-2026 21:20:25:216,134395,185309
115.66,09-21-2026 21:20:25:226,134395,185384
115.67,09-21-2026 21:20:25:236,134389,185354
115.68,09-21-2026 21:20:25:246,134393,185397
115.69,09-21-2026 21:20:25:256,134395,185369
115.7,09-21-2026 21:20:25:266,134405,185399
115.71,09-21-2026 21:20:25:276,134403,185373
115.72,09-21-2026 21:20:25:286,134393,185431
115.73,09-21-2026 21:20:25:296,134399,185381
115.74,09-21-2026 21:20:25:306,134403,185445
115.75,09-21-2026 21:20:25:316,134404,185417
115.76,09-21-2026 21:20:25:326,134409,185433
115.77,09-21-2026 21:20:25:336,134402,185405
115.78,09-21-2026 21:20:25:346,134411,185446
115.79,09-21-2026 21:20:25:356,134400,185435
115.8,09-21-2026 21:20:25:366,134397,185473
115.81,09-21-2026 21:20:25:376,134410,185420
115.82,09-21-2026 21:20:25:386,134426,185481
115.83,09-21-2026 21:20:25:396,134413,185431
115.84,09-21-2026 21:20:25:406,134408,185490
115.85,09-21-2026 21:20:25:416,134417,185447
115.86,09-21-2026 21:20:25:426,134413,185498
115.87,09-21-2026 21:20:25:436,134413,185497
115.88,09-21-2026 21:20:25:446,134405,185521
115.89,09-21-2026 21:20:25:456,134430,185498
115.9,09-21-2026 21:20:25:466,134419,185532
115.91,09-21-2026 21:20:25:476,134406,185497
115.92,09-21-2026 21:20:25:486,134417,185519
115.93,09-21-2026 21:20:25:496,134416,185480
115.94,09-21-2026 21:20:25:506,134408,185497
115.95,09-21-2026 21:20:25:516,134410,185460
115.96,09-21-2026 21:20:25:526,134403,185465
115.97,09-21-2026 21:20:25:536,134411,185430
115.98,09-21-2026 21:20:25:546,134401,185450
115.99,09-21-2026 21:20:25:556,134402,185432
116,09-21-2026 21:20:25:566,134389,185437
116.01,09-21-2026 21:20:25:576,134394,185410
116.02,09-21-2026 21:20:25:586,134389,185450
116.03,09-21-2026 21:20:25:596,134387,185434
116.04,09-21-2026 21:20:25:606,134413,185438
116.05,09-21-2026 21:20:25:616,134385,185437
116.06,09-21-2026 21:20:25:626,134399,185415
116.07,09-21-2026 21:20:25:636,134402,185419
116.08,09-21-2026 21:20:25:646,134402,185428
116.09,09-21-2026 21:20:25:656,134398,185408
116.1,09-21-2026 21:20:25:666,134394,185410
116.11,09-21-2026 21:20:25:676,134403,185426
116.12,09-21-2026 21:20:25:686,134379,185404
116.13,09-21-2026 21:20:25:696,134410,185412
116.14,09-21-2026 21:20:25:706,134386,185415
116.15,09-21-2026 21:20:25:716,134380,185419
116.16,09-21-2026 21:20:25:726,134373,185406
116.17,09-21-2026 21:20:25:736,134377,185422
116.18,09-21-2026 21:20:25:746,134390,185388
116.19,09-21-2026 21:20:25:756,134382,185421
116.2,09-21-2026 21:20:25:766,134391,185421
116.21,09-21-2026 21:20:25:776,134383,185424
116.22,09-21-2026 21:20:25:786,134391,185427
116.23,09-21-2026 21:20:25:796,134379,185436
116.24,09-21-2026 21:20:25:806,134384,185409
116.25,09-21-2026 21:20:25:816,134395,185423
116.26,09-21-2026 21:20:25:826,134396,185412
116.27,09-21-2026 21:20:25:836,134386,185418
116.28,09-21-2026 21:20:25:846,134387,185411
116.29,09-21-2026 21:20:25:856,134379,185438
116.3,09-21-2026 21:20:25:866,134386,185427
116.31,09-21-2026 21:20:25:876,134380,185423
116.32,09-21-2026 21:20:25:886,134386,185430
116.33,09-21-2026 21:20:25:896,134379,185432
116.34,09-21-2026 21:20:25:906,134375,185402
116.35,09-21-2026 21:20:25:916,134382,185454
116.36,09-21-2026 21:20:25:926,134395,185430
116.37,09-21-2026 21:20:25:936,134393,185460
116.38,09-21-2026 21:20:25:946,134391,185426
116.39,09-21-2026 21:20:25:956,134379,185472
116.4,09-21-2026 21:20:25:966,134383,185441
116.41,09-21-2026 21:20:25:976,134385,185463
116.42,09-21-2026 21:20:25:986,134382,185457
116.43,09-21-2026 21:20:25:996,134379,185466
116.44,09-21-2026 21:20:26:006,134386,185444
116.45,09-21-2026 21:20:26:016,134387,185506
116.46,09-21-2026 21:20:26:026,134392,185447
116.47,09-21-2026 21:20:26:036,134398,185490
116.48,09-21-2026 21:20:26:046,134395,185467
116.49,09-21-2026 21:20:26:056,134392,185481
116.5,09-21-2026 21:20:26:066,134393,185477
116.51,09-21-2026 21:20:26:076,134394,185508
116.52,09-21-2026 21:20:26:086,134391,185495
116.53,09-21-2026 21:20:26:096,134388,185508
116.54,09-21-2026 21:20:26:106,134370,185483
116.55,09-21-2026 21:20:26:116,134386,185515
116.56,09-21-2026 21:20:26:126,134390,185506
116.57,09-21-2026 21:20:26:136,134397,185529
116.58,09-21-2026 21:20:26:146,134386,185517
116.59,09-21-2026 21:20:26:156,134400,185555
116.6,09-21-2026 21:20:26:166,134396,185531
116.61,09-21-2026 21:20:26:176,134398,185565
116.62,09-21-2026 21:20:26:186,134395,185549
116.63,09-21-2026 21:20:26:196,134410,185565
116.64,09-21-2026 21:20:26:206,134382,185548
116.65,09-21-2026 21:20:26:216,134410,185550
116.66,09-21-2026 21:20:26:226,134396,185595
116.67,09-21-2026 21:20:26:236,134401,185576
116.68,09-21-2026 21:20:26:246,134413,185587
116.69,09-21-2026 21:20:26:256,134401,185572
116.7,09-21-2026 21:20:26:266,134412,185582
116.71,09-21-2026 21:20:26:276,134397,185553
116.72,09-21-2026 21:20:26:286,134400,185561
116.73,09-21-2026 21:20:26:296,134396,185539
116.74,09-21-2026 21:20:26:306,134388,185526
116.75,09-21-2026 21:20:26:316,134391,185521
116.76,09-21-2026 21:20:26:326,134380,185481
116.77,09-21-2026 21:20:26:336,134378,185504
116.78,09-21-2026 21:20:26:346,134381,185481
116.79,09-21-2026 21:20:26:356,134381,185478
116.8,09-21-2026 21:20:26:366,134375,185466
116.81,09-21-2026 21:20:26:376,134382,185455
116.82,09-21-2026 21:20:26:386,134362,185446
116.83,09-21-2026 21:20:26:396,134367,185450
116.84,09-21-2026 21:20:26:406,134384,185448
116.85,09-21-2026 21:20:26:416,134366,185449
116.86,09-21-2026 21:20:26:426,134386,185450
116.87,09-21-2026 21:20:26:436,134371,185438
116.88,09-21-2026 21:20:26:446,134373,185430
116.89,09-21-2026 21:20:26:456,134366,185428
116.9,09-21-2026 21:20:26:466,134355,185431
116.91,09-21-2026 21:20:26:476,134369,185434
116.92,09-21-2026 21:20:26:486,134367,185413
116.93,09-21-2026 21:20:26:496,134356,185423
116.94,09-21-2026 21:20:26:506,134380,185430
116.95,09-21-2026 21:20:26:516,134364,185440
116.96,09-21-2026 21:20:26:526,134366,185423
116.97,09-21-2026 21:20:26:536,134347,185424
116.98,09-21-2026 21:20:26:546,134352,185416
116.99,09-21-2026 21:20:26:556,134352,185401
117,09-21-2026 21:20:26:566,134355,185416
117.01,09-21-2026 21:20:26:576,134358,185386
117.02,09-21-2026 21:20:26:586,134357,185404
117.03,09-21-2026 21:20:26:596,134351,185404
117.04,09-21-2026 21:20:26:606,134352,185388
117.05,09-21-2026 21:20:26:616,134350,185385
117.06,09-21-2026 21:20:26:626,134332,185396
117.07,09-21-2026 21:20:26:636,134345,185390
117.08,09-21-2026 21:20:26:646,134354,185392
117.09,09-21-2026 21:20:26:656,134330,185412
117.1,09-21-2026 21:20:26:666,134326,185417
117.11,09-21-2026 21:20:26:676,134328,185423
117.12,09-21-2026 21:20:26:686,134354,185413
117.13,09-21-2026 21:20:26:696,134344,185409
117.14,09-21-2026 21:20:26:706,134333,185429
117.15,09-21-2026 21:20:26:716,134334,185414
117.16,09-21-2026 21:20:26:726,134363,185419
117.17,09-21-2026 21:20:26:736,134334,185412
117.18,09-21-2026 21:20:26:746,134350,185431
117.19,09-21-2026 21:20:26:756,134332,185432
117.2,09-21-2026 21:20:26:766,134362,185444
117.21,09-21-2026 21:20:26:776,134327,185435
117.22,09-21-2026 21:20:26:786,134347,185452
117.23,09-21-2026 21:20:26:796,134338,185443
117.24,09-21-2026 21:20:26:806,134347,185444
117.25,09-21-2026 21:20:26:816,134326,185442
117.26,09-21-2026 21:20:26:826,134352,185446
117.27,09-21-2026 21:20:26:836,134327,185452
117.28,09-21-2026 21:20:26:846,134339,185451
117.29,09-21-2026 21:20:26:856,134323,185464
117.3,09-21-2026 21:20:26:866,134352,185470
117.31,09-21-2026 21:20:26:876,134329,185464
117.32,09-21-2026 21:20:26:886,134349,185485
117.33,09-21-2026 21:20:26:896,134324,185492
117.34,09-21-2026 21:20:26:906,134371,185494
117.35,09-21-2026 21:20:26:916,134337,185493
117.36,09-21-2026 21:20:26:926,134370,185497
117.37,09-21-2026 21:20:26:936,134331,185510
117.38,09-21-2026 21:20:26:946,134384,185527
117.39,09-21-2026 21:20:26:956,134339,185522
117.4,09-21-2026 21:20:26:966,134368,185524
117.41,09-21-2026 21:20:26:976,134310,185537
117.42,09-21-2026 21:20:26:986,134348,185511
117.43,09-21-2026 21:20:26:996,134312,185523
117.44,09-21-2026 21:20:27:006,134353,185479
117.45,09-21-2026 21:20:27:016,134315,185469
117.46,09-21-2026 21:20:27:026,134339,185457
117.47,09-21-2026 21:20:27:036,134308,185443
117.48,09-21-2026 21:20:27:046,134333,185421
117.49,09-21-2026 21:20:27:056,134284,185413
117.5,09-21-2026 21:20:27:066,134351,185389
117.51,09-21-2026 21:20:27:076,134282,185400
117.52,09-21-2026 21:20:27:086,134342,185374
117.53,09-21-2026 21:20:27:096,134280,185380
117.54,09-21-2026 21:20:27:106,134333,185372
117.55,09-21-2026 21:20:27:116,134293,185360
117.56,09-21-2026 21:20:27:126,134320,185349
117.57,09-21-2026 21:20:27:136,134295,185373
117.58,09-21-2026 21:20:27:146,134330,185354
117.59,09-21-2026 21:20:27:156,134278,185337
117.6,09-21-2026 21:20:27:166,134300,185343
117.61,09-21-2026 21:20:27:176,134278,185326
117.62,09-21-2026 21:20:27:186,134318,185336
117.63,09-21-2026 21:20:27:196,134295,185329
117.64,09-21-2026 21:20:27:206,134314,185331
117.65,09-21-2026 21:20:27:216,134279,185325
117.66,09-21-2026 21:20:27:226,134318,185312
117.67,09-21-2026 21:20:27:236,134293,185338
117.68,09-21-2026 21:20:27:246,134295,185316
117.69,09-21-2026 21:20:27:256,134295,185311
117.7,09-21-2026 21:20:27:266,134304,185321
117.71,09-21-2026 21:20:27:276,134307,185305
117.72,09-21-2026 21:20:27:286,134310,185309
117.73,09-21-2026 21:20:27:296,134294,185296
117.74,09-21-2026 21:20:27:306,134308,185293
117.75,09-21-2026 21:20:27:316,134302,185299
117.76,09-21-2026 21:20:27:326,134305,185294
117.77,09-21-2026 21:20:27:336,134311,185303
117.78,09-21-2026 21:20:27:346,134296,185299
117.79,09-21-2026 21:20:27:356,134310,185293
117.8,09-21-2026 21:20:27:366,134291,185302
117.81,09-21-2026 21:20:27:376,134315,185299
117.82,09-21-2026 21:20:27:386,134287,185306
117.83,09-21-2026 21:20:27:396,134280,185299
117.84,09-21-2026 21:20:27:406,134288,185289
117.85,09-21-2026 21:20:27:416,134288,185309
117.86,09-21-2026 21:20:27:426,134299,185292
117.87,09-21-2026 21:20:27:436,134302,185297
117.88,09-21-2026 21:20:27:446,134279,185304
117.89,09-21-2026 21:20:27:456,134292,185292
117.9,09-21-2026 21:20:27:466,134280,185300
117.91,09-21-2026 21:20:27:476,134313,185297
117.92,09-21-2026 21:20:27:486,134281,185302
117.93,09-21-2026 21:20:27:496,134312,185320
117.94,09-21-2026 21:20:27:506,134287,185305
117.95,09-21-2026 21:20:27:516,134295,185298
117.96,09-21-2026 21:20:27:526,134293,185324
117.97,09-21-2026 21:20:27:536,134307,185321
117.98,09-21-2026 21:20:27:546,134286,185334
117.99,09-21-2026 21:20:27:556,134308,185345
118,09-21-2026 21:20:27:566,134276,185336
118.01,09-21-2026 21:20:27:576,134319,185324
118.02,09-21-2026 21:20:27:586,134293,185348
118.03,09-21-2026 21:20:27:596,134318,185335
118.04,09-21-2026 21:20:27:606,134274,185344
118.05,09-21-2026 21:20:27:616,134323,185338
118.06,09-21-2026 21:20:27:626,134290,185356
118.07,09-21-2026 21:20:27:636,134326,185365
118.08,09-21-2026 21:20:27:646,134309,185366
118.09,09-21-2026 21:20:27:656,134317,185341
118.1,09-21-2026 21:20:27:666,134271,185332
118.11,09-21-2026 21:20:27:676,134320,185317
118.12,09-21-2026 21:20:27:686,134275,185287
118.13,09-21-2026 21:20:27:696,134313,185267
118.14,09-21-2026 21:20:27:706,134279,185265
118.15,09-21-2026 21:20:27:716,134289,185241
118.16,09-21-2026 21:20:27:726,134253,185225
118.17,09-21-2026 21:20:27:736,134285,185215
118.18,09-21-2026 21:20:27:746,134250,185191
118.19,09-21-2026 21:20:27:756,134262,185187
118.2,09-21-2026 21:20:27:766,134259,185169
118.21,09-21-2026 21:20:27:776,134240,185184
118.22,09-21-2026 21:20:27:786,134231,185157
118.23,09-21-2026 21:20:27:796,134260,185156
118.24,09-21-2026 21:20:27:806,134231,185136
118.25,09-21-2026 21:20:27:816,134252,185141
118.26,09-21-2026 21:20:27:826,134219,185119
118.27,09-21-2026 21:20:27:836,134235,185140
118.28,09-21-2026 21:20:27:846,134219,185111
118.29,09-21-2026 21:20:27:856,134226,185104
118.3,09-21-2026 21:20:27:866,134221,185093
118.31,09-21-2026 21:20:27:876,134239,185090
118.32,09-21-2026 21:20:27:886,134218,185074
118.33,09-21-2026 21:20:27:896,134218,185081
118.34,09-21-2026 21:20:27:906,134199,185085
118.35,09-21-2026 21:20:27:916,134215,185091
118.36,09-21-2026 21:20:27:926,134194,185074
118.37,09-21-2026 21:20:27:936,134215,185083
118.38,09-21-2026 21:20:27:946,134217,185068
118.39,09-21-2026 21:20:27:956,134195,185065
118.4,09-21-2026 21:20:27:966,134194,185049
118.41,09-21-2026 21:20:27:976,134191,185053
118.42,09-21-2026 21:20:27:986,134191,185029
118.43,09-21-2026 21:20:27:996,134202,185035
118.44,09-21-2026 21:20:28:006,134194,185029
118.45,09-21-2026 21:20:28:016,134195,185045
118.46,09-21-2026 21:20:28:026,134187,185040
118.47,09-21-2026 21:20:28:036,134197,185029
118.48,09-21-2026 21:20:28:046,134189,185014
118.49,09-21-2026 21:20:28:056,134187,185025
118.5,09-21-2026 21:20:28:066,134181,185024
118.51,09-21-2026 21:20:28:076,134174,185019
118.52,09-21-2026 21:20:28:086,134180,184996
118.53,09-21-2026 21:20:28:096,134192,185027
118.54,09-21-2026 21:20:28:106,134183,185020
118.55,09-21-2026 21:20:28:116,134187,185022
118.56,09-21-2026 21:20:28:126,134188,185004
118.57,09-21-2026 21:20:28:136,134168,185040
118.58,09-21-2026 21:20:28:146,134172,185013
118.59,09-21-2026 21:20:28:156,134188,185028
118.6,09-21-2026 21:20:28:166,134184,185031
118.61,09-21-2026 21:20:28:176,134191,185037
118.62,09-21-2026 21:20:28:186,134186,185029
118.63,09-21-2026 21:20:28:196,134183,185053
118.64,09-21-2026 21:20:28:206,134183,185011
118.65,09-21-2026 21:20:28:216,134178,185063
118.66,09-21-2026 21:20:28:226,134178,185041
118.67,09-21-2026 21:20:28:236,134193,185072
118.68,09-21-2026 21:20:28:246,134184,185027
118.69,09-21-2026 21:20:28:256,134181,185079
118.7,09-21-2026 21:20:28:266,134173,185031
118.71,09-21-2026 21:20:28:276,134202,185075
118.72,09-21-2026 21:20:28:286,134172,185033
118.73,09-21-2026 21:20:28:296,134192,185069
118.74,09-21-2026 21:20:28:306,134175,185021
118.75,09-21-2026 21:20:28:316,134187,185045
118.76,09-21-2026 21:20:28:326,134174,184989
118.77,09-21-2026 21:20:28:336,134170,185005
118.78,09-21-2026 21:20:28:346,134169,184929
118.79,09-21-2026 21:20:28:356,134155,184989
118.8,09-21-2026 21:20:28:366,134126,184889
118.81,09-21-2026 21:20:28:376,134155,184939
118.82,09-21-2026 21:20:28:386,134152,184863
118.83,09-21-2026 21:20:28:396,134150,184911
118.84,09-21-2026 21:20:28:406,134144,184843
118.85,09-21-2026 21:20:28:416,134151,184899
118.86,09-21-2026 21:20:28:426,134135,184821
118.87,09-21-2026 21:20:28:436,134124,184881
118.88,09-21-2026 21:20:28:446,134140,184799
118.89,09-21-2026 21:20:28:456,134111,184837
118.9,09-21-2026 21:20:28:466,134128,184799
118.91,09-21-2026 21:20:28:476,134125,184811
118.92,09-21-2026 21:20:28:486,134115,184754
118.93,09-21-2026 21:20:28:496,134120,184812
118.94,09-21-2026 21:20:28:506,134099,184749
118.95,09-21-2026 21:20:28:516,134102,184799
118.96,09-21-2026 21:20:28:526,134093,184748
118.97,09-21-2026 21:20:28:536,134113,184787
118.98,09-21-2026 21:20:28:546,134098,184759
118.99,09-21-2026 21:20:28:556,134093,184791
119,09-21-2026 21:20:28:566,134108,184749
119.01,09-21-2026 21:20:28:576,134093,184773
119.02,09-21-2026 21:20:28:586,134108,184710
119.03,09-21-2026 21:20:28:596,134098,184765
119.04,09-21-2026 21:20:28:606,134094,184722
119.05,09-21-2026 21:20:28:616,134103,184756
119.06,09-21-2026 21:20:28:626,134089,184747
119.07,09-21-2026 21:20:28:636,134090,184746
119.08,09-21-2026 21:20:28:646,134083,184725
119.09,09-21-2026 21:20:28:656,134078,184750
119.1,09-21-2026 21:20:28:666,134084,184723
119.11,09-21-2026 21:20:28:676,134076,184730
119.12,09-21-2026 21:20:28:686,134082,184728
119.13,09-21-2026 21:20:28:696,134084,184730
119.14,09-21-2026 21:20:28:706,134080,184751
119.15,09-21-2026 21:20:28:716,134088,184734
119.16,09-21-2026 21:20:28:726,134087,184753
119.17,09-21-2026 21:20:28:736,134064,184748
119.18,09-21-2026 21:20:28:746,134086,184745
119.19,09-21-2026 21:20:28:756,134084,184751
119.2,09-21-2026 21:20:28:766,134084,184762
119.21,09-21-2026 21:20:28:776,134088,184771
119.22,09-21-2026 21:20:28:786,134094,184771
119.23,09-21-2026 21:20:28:796,134077,184756
119.24,09-21-2026 21:20:28:806,134094,184779
119.25,09-21-2026 21:20:28:816,134090,184781
119.26,09-21-2026 21:20:28:826,134078,184804
119.27,09-21-2026 21:20:28:836,134071,184783
119.28,09-21-2026 21:20:28:846,134075,184795
119.29,09-21-2026 21:20:28:856,134080,184778
119.3,09-21-2026 21:20:28:866,134086,184812
119.31,09-21-2026 21:20:28:876,134079,184790
119.32,09-21-2026 21:20:28:886,134098,184815
119.33,09-21-2026 21:20:28:896,134092,184811
119.34,09-21-2026 21:20:28:906,134089,184845
119.35,09-21-2026 21:20:28:916,134080,184820
119.36,09-21-2026 21:20:28:926,134090,184853
119.37,09-21-2026 21:20:28:936,134099,184831
119.38,09-21-2026 21:20:28:946,134091,184851
119.39,09-21-2026 21:20:28:956,134094,184847
119.4,09-21-2026 21:20:28:966,134100,184859
119.41,09-21-2026 21:20:28:976,134099,184853
119.42,09-21-2026 21:20:28:986,134105,184875
119.43,09-21-2026 21:20:28:996,134096,184821
119.44,09-21-2026 21:20:29:006,134088,184845
119.45,09-21-2026 21:20:29:016,134102,184791
119.46,09-21-2026 21:20:29:026,134085,184797
119.47,09-21-2026 21:20:29:036,134086,184731
119.48,09-21-2026 21:20:29:046,134073,184787
119.49,09-21-2026 21:20:29:056,134065,184715
119.5,09-21-2026 21:20:29:066,134074,184721
119.51,09-21-2026 21:20:29:076,134063,184674
119.52,09-21-2026 21:20:29:086,134059,184700
119.53,09-21-2026 21:20:29:096,134045,184664
119.54,09-21-2026 21:20:29:106,134048,184671
119.55,09-21-2026 21:20:29:116,134048,184638
119.56,09-21-2026 21:20:29:126,134049,184661
119.57,09-21-2026 21:20:29:136,134041,184629
119.58,09-21-2026 21:20:29:146,134037,184638
119.59,09-21-2026 21:20:29:156,134020,184594
119.6,09-21-2026 21:20:29:166,134029,184639
119.61,09-21-2026 21:20:29:176,134024,184577
119.62,09-21-2026 21:20:29:186,134018,184608
119.63,09-21-2026 21:20:29:196,134025,184560
119.64,09-21-2026 21:20:29:206,134045,184590
119.65,09-21-2026 21:20:29:216,134024,184567
119.66,09-21-2026 21:20:29:226,134039,184585
119.67,09-21-2026 21:20:29:236,134011,184554
119.68,09-21-2026 21:20:29:246,134018,184553
119.69,09-21-2026 21:20:29:256,134006,184547
119.7,09-21-2026 21:20:29:266,134018,184561
119.71,09-21-2026 21:20:29:276,134010,184531
119.72,09-21-2026 21:20:29:286,133995,184558
119.73,09-21-2026 21:20:29:296,134012,184522
119.74,09-21-2026 21:20:29:306,134023,184530
119.75,09-21-2026 21:20:29:316,134011,184501
119.76,09-21-2026 21:20:29:326,134007,184537
119.77,09-21-2026 21:20:29:336,134012,184524
119.78,09-21-2026 21:20:29:346,134011,184520
119.79,09-21-2026 21:20:29:356,134011,184533
119.8,09-21-2026 21:20:29:366,134007,184516
119.81,09-21-2026 21:20:29:376,134007,184512
119.82,09-21-2026 21:20:29:386,134004,184536
119.83,09-21-2026 21:20:29:396,134001,184518
119.84,09-21-2026 21:20:29:406,134007,184527
119.85,09-21-2026 21:20:29:416,134009,184524
119.86,09-21-2026 21:20:29:426,134006,184526
119.87,09-21-2026 21:20:29:436,134000,184525
119.88,09-21-2026 21:20:29:446,134003,184542
119.89,09-21-2026 21:20:29:456,134002,184546
119.9,09-21-2026 21:20:29:466,134015,184559
119.91,09-21-2026 21:20:29:476,134018,184555
119.92,09-21-2026 21:20:29:486,134014,184570
119.93,09-21-2026 21:20:29:496,134000,184564
119.94,09-21-2026 21:20:29:506,134016,184557
119.95,09-21-2026 21:20:29:516,134012,184591
119.96,09-21-2026 21:20:29:526,134018,184576
119.97,09-21-2026 21:20:29:536,134025,184598
119.98,09-21-2026 21:20:29:546,134016,184592
119.99,09-21-2026 21:20:29:556,134013,184611
120,09-21-2026 21:20:29:566,134016,184608
120.01,09-21-2026 21:20:29:576,134017,184613
120.02,09-21-2026 21:20:29:586,134028,184630
120.03,09-21-2026 21:20:29:596,134044,184632
120.04,09-21-2026 21:20:29:606,134032,184646
120.05,09-21-2026 21:20:29:616,134037,184654
120.06,09-21-2026 21:20:29:626,134041,184665
120.07,09-21-2026 21:20:29:636,134020,184659
120.08,09-21-2026 21:20:29:646,134045,184658
120.09,09-21-2026 21:20:29:656,134038,184670
120.1,09-21-2026 21:20:29:666,134031,184677
120.11,09-21-2026 21:20:29:676,134042,184685
120.12,09-21-2026 21:20:29:686,134040,184706
120.13,09-21-2026 21:20:29:696,134064,184714
120.14,09-21-2026 21:20:29:706,134044,184710
120.15,09-21-2026 21:20:29:716,134052,184705
120.16,09-21-2026 21:20:29:726,134052,184683
120.17,09-21-2026 21:20:29:736,134044,184700
120.18,09-21-2026 21:20:29:746,134042,184678
120.19,09-21-2026 21:20:29:756,134038,184657
120.2,09-21-2026 21:20:29:766,134055,184645
120.21,09-21-2026 21:20:29:776,134020,184605
120.22,09-21-2026 21:20:29:786,134008,184590
120.23,09-21-2026 21:20:29:796,134005,184570
120.24,09-21-2026 21:20:29:806,134001,184581
120.25,09-21-2026 21:20:29:816,134013,184566
120.26,09-21-2026 21:20:29:826,133993,184546
120.27,09-21-2026 21:20:29:836,134006,184531
120.28,09-21-2026 21:20:29:846,133978,184537
120.29,09-21-2026 21:20:29:856,133985,184509
120.3,09-21-2026 21:20:29:866,133971,184526
120.31,09-21-2026 21:20:29:876,133993,184519
120.32,09-21-2026 21:20:29:886,133964,184514
120.33,09-21-2026 21:20:29:896,133993,184491
120.34,09-21-2026 21:20:29:906,133966,184499
120.35,09-21-2026 21:20:29:916,133985,184499
120.36,09-21-2026 21:20:29:926,133979,184472
120.37,09-21-2026 21:20:29:936,133990,184493
120.38,09-21-2026 21:20:29:946,133955,184478
120.39,09-21-2026 21:20:29:956,133989,184470
120.4,09-21-2026 21:20:29:966,133957,184477
120.41,09-21-2026 21:20:29:976,133982,184479
120.42,09-21-2026 21:20:29:986,133961,184480
120.43,09-21-2026 21:20:29:996,133971,184476
120.44,09-21-2026 21:20:30:006,133946,184448
120.45,09-21-2026 21:20:30:016,133990,184465
120.46,09-21-2026 21:20:30:026,133933,184467
120.47,09-21-2026 21:20:30:036,133959,184443
120.48,09-21-2026 21:20:30:046,133940,184450
120.49,09-21-2026 21:20:30:056,133979,184461
120.5,09-21-2026 21:20:30:066,133934,184452
120.51,09-21-2026 21:20:30:076,133959,184463
120.52,09-21-2026 21:20:30:086,133940,184446
120.53,09-21-2026 21:20:30:096,133982,184459
120.54,09-21-2026 21:20:30:106,133937,184470
120.55,09-21-2026 21:20:30:116,133970,184476
120.56,09-21-2026 21:20:30:126,133948,184472
120.57,09-21-2026 21:20:30:136,133981,184475
120.58,09-21-2026 21:20:30:146,133936,184469
120.59,09-21-2026 21:20:30:156,133967,184475
120.6,09-21-2026 21:20:30:166,133916,184493
120.61,09-21-2026 21:20:30:176,133990,184487
120.62,09-21-2026 21:20:30:186,133927,184502
120.63,09-21-2026 21:20:30:196,133980,184496
120.64,09-21-2026 21:20:30:206,133945,184505
120.65,09-21-2026 21:20:30:216,133991,184512
120.66,09-21-2026 21:20:30:226,133954,184530
120.67,09-21-2026 21:20:30:236,133980,184519
120.68,09-21-2026 21:20:30:246,133923,184523
120.69,09-21-2026 21:20:30:256,133984,184534
120.7,09-21-2026 21:20:30:266,133956,184528
120.71,09-21-2026 21:20:30:276,133979,184533
120.72,09-21-2026 21:20:30:286,133962,184568
120.73,09-21-2026 21:20:30:296,134007,184549
120.74,09-21-2026 21:20:30:306,133974,184567
120.75,09-21-2026 21:20:30:316,134001,184582
120.76,09-21-2026 21:20:30:326,133961,184579
120.77,09-21-2026 21:20:30:336,133995,184571
120.78,09-21-2026 21:20:30:346,133971,184596
120.79,09-21-2026 21:20:30:356,134013,184597
120.8,09-21-2026 21:20:30:366,133983,184597
120.81,09-21-2026 21:20:30:376,133979,184598
120.82,09-21-2026 21:20:30:386,134002,184624
120.83,09-21-2026 21:20:30:396,134014,184642
120.84,09-21-2026 21:20:30:406,134000,184647
120.85,09-21-2026 21:20:30:416,134001,184639
120.86,09-21-2026 21:20:30:426,134017,184625
120.87,09-21-2026 21:20:30:436,134013,184617
120.88,09-21-2026 21:20:30:446,134020,184605
120.89,09-21-2026 21:20:30:456,134009,184584
120.9,09-21-2026 21:20:30:466,134015,184559
120.91,09-21-2026 21:20:30:476,133986,184550
120.92,09-21-2026 21:20:30:486,134006,184518
120.93,09-21-2026 21:20:30:496,133979,184504
120.94,09-21-2026 21:20:30:506,133994,184497
120.95,09-21-2026 21:20:30:516,133982,184502
120.96,09-21-2026 21:20:30:526,133984,184495
120.97,09-21-2026 21:20:30:536,133978,184500
120.98,09-21-2026 21:20:30:546,133969,184474
120.99,09-21-2026 21:20:30:556,133967,184484
121,09-21-2026 21:20:30:566,133976,184474
121.01,09-21-2026 21:20:30:576,133962,184475
121.02,09-21-2026 21:20:30:586,133988,184450
121.03,09-21-2026 21:20:30:596,133968,184464
121.04,09-21-2026 21:20:30:606,133976,184460
121.05,09-21-2026 21:20:30:616,133958,184441
121.06,09-21-2026 21:20:30:626,133974,184463
121.07,09-21-2026 21:20:30:636,133958,184442
121.08,09-21-2026 21:20:30:646,133984,184454
121.09,09-21-2026 21:20:30:656,133969,184450
121.1,09-21-2026 21:20:30:666,133996,184465
121.11,09-21-2026 21:20:30:676,133953,184447
121.12,09-21-2026 21:20:30:686,133982,184434
121.13,09-21-2026 21:20:30:696,133947,184444
121.14,09-21-2026 21:20:30:706,133966,184445
121.15,09-21-2026 21:20:30:716,133959,184449
121.16,09-21-2026 21:20:30:726,133992,184444
121.17,09-21-2026 21:20:30:736,133966,184440
121.18,09-21-2026 21:20:30:746,133984,184460
121.19,09-21-2026 21:20:30:756,133964,184454
121.2,09-21-2026 21:20:30:766,133996,184451
121.21,09-21-2026 21:20:30:776,133949,184463
121.22,09-21-2026 21:20:30:786,133981,184461
121.23,09-21-2026 21:20:30:796,133956,184442
121.24,09-21-2026 21:20:30:806,134014,184452
121.25,09-21-2026 21:20:30:816,133956,184451
121.26,09-21-2026 21:20:30:826,133994,184464
121.27,09-21-2026 21:20:30:836,133954,184467
121.28,09-21-2026 21:20:30:846,133993,184470
121.29,09-21-2026 21:20:30:856,133959,184486
121.3,09-21-2026 21:20:30:866,134004,184487
121.31,09-21-2026 21:20:30:876,133958,184502
121.32,09-21-2026 21:20:30:886,134024,184501
121.33,09-21-2026 21:20:30:896,133971,184513
121.34,09-21-2026 21:20:30:906,133983,184520
121.35,09-21-2026 21:20:30:916,133965,184527
121.36,09-21-2026 21:20:30:926,133983,184520
121.37,09-21-2026 21:20:30:936,133976,184528
121.38,09-21-2026 21:20:30:946,133985,184541
121.39,09-21-2026 21:20:30:956,133971,184533
121.4,09-21-2026 21:20:30:966,134013,184538
121.41,09-21-2026 21:20:30:976,133974,184570
121.42,09-21-2026 21:20:30:986,133993,184553
121.43,09-21-2026 21:20:30:996,133977,184573
121.44,09-21-2026 21:20:31:006,133996,184577
121.45,09-21-2026 21:20:31:016,133976,184576
121.46,09-21-2026 21:20:31:026,133998,184616
121.47,09-21-2026 21:20:31:036,133991,184609
121.48,09-21-2026 21:20:31:046,134011,184613
121.49,09-21-2026 21:20:31:056,133992,184622
121.5,09-21-2026 21:20:31:066,134013,184643
121.51,09-21-2026 21:20:31:076,133993,184647
121.52,09-21-2026 21:20:31:086,133988,184639
121.53,09-21-2026 21:20:31:096,134011,184647
121.54,09-21-2026 21:20:31:106,133987,184650
121.55,09-21-2026 21:20:31:116,134000,184602
121.56,09-21-2026 21:20:31:126,133997,184590
121.57,09-21-2026 21:20:31:136,133997,184557
121.58,09-21-2026 21:20:31:146,133994,184569
121.59,09-21-2026 21:20:31:156,133988,184562
121.6,09-21-2026 21:20:31:166,133974,184539
121.61,09-21-2026 21:20:31:176,133973,184526
121.62,09-21-2026 21:20:31:186,133978,184519
121.63,09-21-2026 21:20:31:196,133965,184521
121.64,09-21-2026 21:20:31:206,133955,184520
121.65,09-21-2026 21:20:31:216,133958,184500
121.66,09-21-2026 21:20:31:226,133956,184514
121.67,09-21-2026 21:20:31:236,133968,184482
121.68,09-21-2026 21:20:31:246,133975,184494
121.69,09-21-2026 21:20:31:256,133959,184483
121.7,09-21-2026 21:20:31:266,133972,184490
121.71,09-21-2026 21:20:31:276,133969,184463
121.72,09-21-2026 21:20:31:286,133976,184478
121.73,09-21-2026 21:20:31:296,133952,184437
121.74,09-21-2026 21:20:31:306,133959,184482
121.75,09-21-2026 21:20:31:316,133949,184464
121.76,09-21-2026 21:20:31:326,133958,184502
121.77,09-21-2026 21:20:31:336,133973,184470
121.78,09-21-2026 21:20:31:346,133964,184512
121.79,09-21-2026 21:20:31:356,133955,184479
121.8,09-21-2026 21:20:31:366,133969,184500
121.81,09-21-2026 21:20:31:376,133961,184466
121.82,09-21-2026 21:20:31:386,133957,184502
121.83,09-21-2026 21:20:31:396,133959,184465
121.84,09-21-2026 21:20:31:406,133959,184503
121.85,09-21-2026 21:20:31:416,133968,184459
121.86,09-21-2026 21:20:31:426,133967,184496
121.87,09-21-2026 21:20:31:436,133963,184475
121.88,09-21-2026 21:20:31:446,133958,184506
121.89,09-21-2026 21:20:31:456,133963,184448
121.9,09-21-2026 21:20:31:466,133967,184516
121.91,09-21-2026 21:20:31:476,133953,184450
121.92,09-21-2026 21:20:31:486,133953,184524
121.93,09-21-2026 21:20:31:496,133976,184472
121.94,09-21-2026 21:20:31:506,133973,184530
121.95,09-21-2026 21:20:31:516,133973,184492
121.96,09-21-2026 21:20:31:526,133967,184558
121.97,09-21-2026 21:20:31:536,133965,184510
121.98,09-21-2026 21:20:31:546,133976,184556
121.99,09-21-2026 21:20:31:556,133966,184508
122,09-21-2026 21:20:31:566,133972,184557
122.01,09-21-2026 21:20:31:576,133978,184535
122.02,09-21-2026 21:20:31:586,133992,184589
122.03,09-21-2026 21:20:31:596,133983,184556
122.04,09-21-2026 21:20:31:606,133987,184585
122.05,09-21-2026 21:20:31:616,133989,184528
122.06,09-21-2026 21:20:31:626,133981,184606
122.07,09-21-2026 21:20:31:636,134000,184571
122.08,09-21-2026 21:20:31:646,134006,184629
122.09,09-21-2026 21:20:31:656,133988,184570
122.1,09-21-2026 21:20:31:666,133979,184646
122.11,09-21-2026 21:20:31:676,133993,184625
122.12,09-21-2026 21:20:31:686,133984,184655
122.13,09-21-2026 21:20:31:696,133999,184633
122.14,09-21-2026 21:20:31:706,133997,184671
122.15,09-21-2026 21:20:31:716,133993,184665
122.16,09-21-2026 21:20:31:726,134009,184709
122.17,09-21-2026 21:20:31:736,133994,184690
122.18,09-21-2026 21:20:31:746,134019,184724
122.19,09-21-2026 21:20:31:756,134004,184695
122.2,09-21-2026 21:20:31:766,134011,184713
122.21,09-21-2026 21:20:31:776,134021,184696
122.22,09-21-2026 21:20:31:786,133980,184704
122.23,09-21-2026 21:20:31:796,134016,184663
122.24,09-21-2026 21:20:31:806,134002,184660
122.25,09-21-2026 21:20:31:816,134012,184639
122.26,09-21-2026 21:20:31:826,133985,184650
122.27,09-21-2026 21:20:31:836,133989,184660
122.28,09-21-2026 21:20:31:846,133994,184618
122.29,09-21-2026 21:20:31:856,133980,184621
122.3,09-21-2026 21:20:31:866,133975,184621
122.31,09-21-2026 21:20:31:876,133985,184631
122.32,09-21-2026 21:20:31:886,133988,184605
122.33,09-21-2026 21:20:31:896,133986,184621
122.34,09-21-2026 21:20:31:906,133997,184604
122.35,09-21-2026 21:20:31:916,133998,184616
122.36,09-21-2026 21:20:31:926,133988,184581
122.37,09-21-2026 21:20:31:936,133989,184605
122.38,09-21-2026 21:20:31:946,133991,184600
122.39,09-21-2026 21:20:31:956,133993,184606
122.4,09-21-2026 21:20:31:966,133986,184592
122.41,09-21-2026 21:20:31:976,133964,184620
122.42,09-21-2026 21:20:31:986,133977,184602
122.43,09-21-2026 21:20:31:996,133988,184611
122.44,09-21-2026 21:20:32:006,133976,184592
122.45,09-21-2026 21:20:32:016,133983,184621
122.46,09-21-2026 21:20:32:026,133980,184606
122.47,09-21-2026 21:20:32:036,133989,184629
122.48,09-21-2026 21:20:32:046,133989,184623
122.49,09-21-2026 21:20:32:056,133975,184626
122.5,09-21-2026 21:20:32:066,133984,184599
122.51,09-21-2026 21:20:32:076,134005,184617
122.52,09-21-2026 21:20:32:086,133984,184612
122.53,09-21-2026 21:20:32:096,133986,184637
122.54,09-21-2026 21:20:32:106,133995,184610
122.55,09-21-2026 21:20:32:116,133990,184629
122.56,09-21-2026 21:20:32:126,133985,184618
122.57,09-21-2026 21:20:32:136,134000,184650
122.58,09-21-2026 21:20:32:146,133971,184644
122.59,09-21-2026 21:20:32:156,134003,184670
122.6,09-21-2026 21:20:32:166,133996,184653
122.61,09-21-2026 21:20:32:176,134004,184672
122.62,09-21-2026 21:20:32:186,133994,184656
122.63,09-21-2026 21:20:32:196,134008,184697
122.64,09-21-2026 21:20:32:206,134009,184660
122.65,09-21-2026 21:20:32:216,133993,184709
122.66,09-21-2026 21:20:32:226,134023,184680
122.67,09-21-2026 21:20:32:236,134005,184705
122.68,09-21-2026 21:20:32:246,134017,184688
122.69,09-21-2026 21:20:32:256,133998,184740
122.7,09-21-2026 21:20:32:266,134016,184717
122.71,09-21-2026 21:20:32:276,134014,184726
122.72,09-21-2026 21:20:32:286,134025,184724
122.73,09-21-2026 21:20:32:296,134004,184729
122.74,09-21-2026 21:20:32:306,134026,184735
122.75,09-21-2026 21:20:32:316,134015,184766
122.76,09-21-2026 21:20:32:326,134023,184756
122.77,09-21-2026 21:20:32:336,134025,184800
122.78,09-21-2026 21:20:32:346,134035,184761
122.79,09-21-2026 21:20:32:356,134028,184802
122.8,09-21-2026 21:20:32:366,134024,184799
122.81,09-21-2026 21:20:32:376,134039,184822
122.82,09-21-2026 21:20:32:386,134041,184825
122.83,09-21-2026 21:20:32:396,134046,184850
122.84,09-21-2026 21:20:32:406,134051,184837
122.85,09-21-2026 21:20:32:416,134046,184881
122.86,09-21-2026 21:20:32:426,134059,184843
122.87,09-21-2026 21:20:32:436,134052,184857
122.88,09-21-2026 21:20:32:446,134067,184867
122.89,09-21-2026 21:20:32:456,134056,184880
122.9,09-21-2026 21:20:32:466,134054,184878
122.91,09-21-2026 21:20:32:476,134060,184880
122.92,09-21-2026 21:20:32:486,134057,184853
122.93,09-21-2026 21:20:32:496,134042,184865
122.94,09-21-2026 21:20:32:506,134062,184842
122.95,09-21-2026 21:20:32:516,134040,184816
122.96,09-21-2026 21:20:32:526,134037,184814
122.97,09-21-2026 21:20:32:536,134049,184811
122.98,09-21-2026 21:20:32:546,134049,184805
122.99,09-21-2026 21:20:32:556,134040,184799
123,09-21-2026 21:20:32:566,134034,184791
123.01,09-21-2026 21:20:32:576,134035,184791
123.02,09-21-2026 21:20:32:586,134031,184775
123.03,09-21-2026 21:20:32:596,134028,184800
123.04,09-21-2026 21:20:32:606,134047,184787
123.05,09-21-2026 21:20:32:616,134034,184771
123.06,09-21-2026 21:20:32:626,134042,184782
123.07,09-21-2026 21:20:32:636,134026,184781
123.08,09-21-2026 21:20:32:646,134027,184773
123.09,09-21-2026 21:20:32:656,134028,184755
123.1,09-21-2026 21:20:32:666,134036,184773
123.11,09-21-2026 21:20:32:676,134032,184758
123.12,09-21-2026 21:20:32:686,134045,184776
123.13,09-21-2026 21:20:32:696,134038,184783
123.14,09-21-2026 21:20:32:706,134036,184778
123.15,09-21-2026 21:20:32:716,134037,184777
123.16,09-21-2026 21:20:32:726,134039,184783
123.17,09-21-2026 21:20:32:736,134034,184776
123.18,09-21-2026 21:20:32:746,134031,184791
123.19,09-21-2026 21:20:32:756,134040,184772
123.2,09-21-2026 21:20:32:766,134022,184780
123.21,09-21-2026 21:20:32:776,134038,184799
123.22,09-21-2026 21:20:32:786,134050,184805
123.23,09-21-2026 21:20:32:796,134035,184800
123.24,09-21-2026 21:20:32:806,134039,184811
123.25,09-21-2026 21:20:32:816,134041,184799
123.26,09-21-2026 21:20:32:826,134047,184811
123.27,09-21-2026 21:20:32:836,134047,184821
123.28,09-21-2026 21:20:32:846,134048,184825
123.29,09-21-2026 21:20:32:856,134031,184823
123.3,09-21-2026 21:20:32:866,134034,184828
123.31,09-21-2026 21:20:32:876,134022,184842
123.32,09-21-2026 21:20:32:886,134054,184842
123.33,09-21-2026 21:20:32:896,134038,184848
123.34,09-21-2026 21:20:32:906,134048,184865
123.35,09-21-2026 21:20:32:916,134035,184878
123.36,09-21-2026 21:20:32:926,134058,184869
123.37,09-21-2026 21:20:32:936,134054,184883
123.38,09-21-2026 21:20:32:946,134077,184897
123.39,09-21-2026 21:20:32:956,134044,184905
123.4,09-21-2026 21:20:32:966,134060,184894
123.41,09-21-2026 21:20:32:976,134047,184923
123.42,09-21-2026 21:20:32:986,134065,184919
123.43,09-21-2026 21:20:32:996,134055,184941
123.44,09-21-2026 21:20:33:006,134067,184905
123.45,09-21-2026 21:20:33:016,134046,184935
123.46,09-21-2026 21:20:33:026,134069,184942
123.47,09-21-2026 21:20:33:036,134057,184966
123.48,09-21-2026 21:20:33:046,134087,184950
123.49,09-21-2026 21:20:33:056,134055,184948
123.5,09-21-2026 21:20:33:066,134071,184981
123.51,09-21-2026 21:20:33:076,134050,184986
123.52,09-21-2026 21:20:33:086,134109,185007
123.53,09-21-2026 21:20:33:096,134062,185006
123.54,09-21-2026 21:20:33:106,134093,185011
123.55,09-21-2026 21:20:33:116,134062,185041
123.56,09-21-2026 21:20:33:126,134089,185045
123.57,09-21-2026 21:20:33:136,134049,185047
123.58,09-21-2026 21:20:33:146,134115,185030
123.59,09-21-2026 21:20:33:156,134055,185038
123.6,09-21-2026 21:20:33:166,134106,185025
123.61,09-21-2026 21:20:33:176,134061,185032
123.62,09-21-2026 21:20:33:186,134087,185024
123.63,09-21-2026 21:20:33:196,134065,185006
123.64,09-21-2026 21:20:33:206,134103,184998
123.65,09-21-2026 21:20:33:216,134024,184991
123.66,09-21-2026 21:20:33:226,134103,184989
123.67,09-21-2026 21:20:33:236,134043,184988
123.68,09-21-2026 21:20:33:246,134088,184982
123.69,09-21-2026 21:20:33:256,134051,184974
123.7,09-21-2026 21:20:33:266,134084,184964
123.71,09-21-2026 21:20:33:276,134065,184966
123.72,09-21-2026 21:20:33:286,134094,184958
123.73,09-21-2026 21:20:33:296,134041,184963
123.74,09-21-2026 21:20:33:306,134090,184968
123.75,09-21-2026 21:20:33:316,134068,184955
123.76,09-21-2026 21:20:33:326,134076,184956
123.77,09-21-2026 21:20:33:336,134063,184953
123.78,09-21-2026 21:20:33:346,134090,184964
123.79,09-21-2026 21:20:33:356,134083,184951
123.8,09-21-2026 21:20:33:366,134094,184965
123.81,09-21-2026 21:20:33:376,134039,184971
123.82,09-21-2026 21:20:33:386,134082,184966
123.83,09-21-2026 21:20:33:396,134070,184966
123.84,09-21-2026 21:20:33:406,134087,184992
123.85,09-21-2026 21:20:33:416,134079,184981
123.86,09-21-2026 21:20:33:426,134092,184973
123.87,09-21-2026 21:20:33:436,134078,184973
123.88,09-21-2026 21:20:33:446,134100,184984
123.89,09-21-2026 21:20:33:456,134073,184996
123.9,09-21-2026 21:20:33:466,134075,184998
123.91,09-21-2026 21:20:33:476,134107,185007
123.92,09-21-2026 21:20:33:486,134106,184994
123.93,09-21-2026 21:20:33:496,134091,184991
123.94,09-21-2026 21:20:33:506,134089,185012
123.95,09-21-2026 21:20:33:516,134110,185015
123.96,09-21-2026 21:20:33:526,134108,185014
123.97,09-21-2026 21:20:33:536,134106,185022
123.98,09-21-2026 21:20:33:546,134113,185024
123.99,09-21-2026 21:20:33:556,134116,185018
124,09-21-2026 21:20:33:566,134105,185031
124.01,09-21-2026 21:20:33:576,134123,185032
124.02,09-21-2026 21:20:33:586,134096,185052
124.03,09-21-2026 21:20:33:596,134129,185064
124.04,09-21-2026 21:20:33:606,134112,185070
124.05,09-21-2026 21:20:33:616,134137,185072
124.06,09-21-2026 21:20:33:626,134114,185074
124.07,09-21-2026 21:20:33:636,134112,185068
124.08,09-21-2026 21:20:33:646,134128,185085
124.09,09-21-2026 21:20:33:656,134134,185096
124.1,09-21-2026 21:20:33:666,134118,185115
124.11,09-21-2026 21:20:33:676,134127,185100
124.12,09-21-2026 21:20:33:686,134131,185112
124.13,09-21-2026 21:20:33:696,134157,185123
124.14,09-21-2026 21:20:33:706,134136,185108
124.15,09-21-2026 21:20:33:716,134153,185126
124.16,09-21-2026 21:20:33:726,134142,185150
124.17,09-21-2026 21:20:33:736,134138,185154
124.18,09-21-2026 21:20:33:746,134120,185148
124.19,09-21-2026 21:20:33:756,134149,185171
124.2,09-21-2026 21:20:33:766,134131,185165
124.21,09-21-2026 21:20:33:776,134166,185183
124.22,09-21-2026 21:20:33:786,134145,185183
124.23,09-21-2026 21:20:33:796,134174,185182
124.24,09-21-2026 21:20:33:806,134155,185196
124.25,09-21-2026 21:20:33:816,134181,185197
124.26,09-21-2026 21:20:33:826,134121,185179
124.27,09-21-2026 21:20:33:836,134180,185180
124.28,09-21-2026 21:20:33:846,134150,185152
124.29,09-21-2026 21:20:33:856,134166,185140
124.3,09-21-2026 21:20:33:866,134141,185140
124.31,09-21-2026 21:20:33:876,134163,185132
124.32,09-21-2026 21:20:33:886,134128,185137
124.33,09-21-2026 21:20:33:896,134159,185112
124.34,09-21-2026 21:20:33:906,134138,185113
124.35,09-21-2026 21:20:33:916,134152,185104
124.36,09-21-2026 21:20:33:926,134137,185116
124.37,09-21-2026 21:20:33:936,134146,185097
124.38,09-21-2026 21:20:33:946,134131,185114
124.39,09-21-2026 21:20:33:956,134130,185102
124.4,09-21-2026 21:20:33:966,134141,185126
124.41,09-21-2026 21:20:33:976,134164,185095
124.42,09-21-2026 21:20:33:986,134134,185111
124.43,09-21-2026 21:20:33:996,134155,185098
124.44,09-21-2026 21:20:34:006,134142,185085
124.45,09-21-2026 21:20:34:016,134149,185111
124.46,09-21-2026 21:20:34:026,134127,185087
124.47,09-21-2026 21:20:34:036,134143,185114
124.48,09-21-2026 21:20:34:046,134126,185112
124.49,09-21-2026 21:20:34:056,134149,185115
124.5,09-21-2026 21:20:34:066,134141,185117
124.51,09-21-2026 21:20:34:076,134135,185124
124.52,09-21-2026 21:20:34:086,134130,185138
124.53,09-21-2026 21:20:34:096,134156,185134
124.54,09-21-2026 21:20:34:106,134133,185125
124.55,09-21-2026 21:20:34:116,134132,185140
124.56,09-21-2026 21:20:34:126,134143,185135
124.57,09-21-2026 21:20:34:136,134131,185144
124.58,09-21-2026 21:20:34:146,134143,185126
124.59,09-21-2026 21:20:34:156,134136,185129
124.6,09-21-2026 21:20:34:166,134140,185115
124.61,09-21-2026 21:20:34:176,134144,185156
124.62,09-21-2026 21:20:34:186,134118,185139
124.63,09-21-2026 21:20:34:196,134139,185142
124.64,09-21-2026 21:20:34:206,134154,185148
124.65,09-21-2026 21:20:34:216,134155,185167
124.66,09-21-2026 21:20:34:226,134160,185158
124.67,09-21-2026 21:20:34:236,134148,185174
124.68,09-21-2026 21:20:34:246,134157,185163
124.69,09-21-2026 21:20:34:256,134157,185191
124.7,09-21-2026 21:20:34:266,134145,185170
124.71,09-21-2026 21:20:34:276,134150,185197
124.72,09-21-2026 21:20:34:286,134157,185175
124.73,09-21-2026 21:20:34:296,134157,185200
124.74,09-21-2026 21:20:34:306,134177,185181
124.75,09-21-2026 21:20:34:316,134153,185234
124.76,09-21-2026 21:20:34:326,134172,185209
124.77,09-21-2026 21:20:34:336,134164,185230
124.78,09-21-2026 21:20:34:346,134162,185204
124.79,09-21-2026 21:20:34:356,134165,185238
124.8,09-21-2026 21:20:34:366,134166,185211
124.81,09-21-2026 21:20:34:376,134173,185265
124.82,09-21-2026 21:20:34:386,134176,185232
124.83,09-21-2026 21:20:34:396,134183,185268
124.84,09-21-2026 21:20:34:406,134173,185235
124.85,09-21-2026 21:20:34:416,134208,185287
124.86,09-21-2026 21:20:34:426,134183,185257
124.87,09-21-2026 21:20:34:436,134175,185290
124.88,09-21-2026 21:20:34:446,134183,185261
124.89,09-21-2026 21:20:34:456,134176,185313
124.9,09-21-2026 21:20:34:466,134183,185276
124.91,09-21-2026 21:20:34:476,134177,185340
124.92,09-21-2026 21:20:34:486,134184,185281
124.93,09-21-2026 21:20:34:496,134188,185341
124.94,09-21-2026 21:20:34:506,134184,185303
124.95,09-21-2026 21:20:34:516,134170,185367
124.96,09-21-2026 21:20:34:526,134195,185320
124.97,09-21-2026 21:20:34:536,134219,185390
124.98,09-21-2026 21:20:34:546,134200,185353
124.99,09-21-2026 21:20:34:556,134211,185379
125,09-21-2026 21:20:34:566,134197,185325
125.01,09-21-2026 21:20:34:576,134200,185394
125.02,09-21-2026 21:20:34:586,134205,185338
125.03,09-21-2026 21:20:34:596,134189,185362
125.04,09-21-2026 21:20:34:606,134192,185316
125.05,09-21-2026 21:20:34:616,134189,185348
125.06,09-21-2026 21:20:34:626,134190,185296
125.07,09-21-2026 21:20:34:636,134193,185314
125.08,09-21-2026 21:20:34:646,134206,185252
125.09,09-21-2026 21:20:34:656,134194,185314
125.1,09-21-2026 21:20:34:666,134184,185236
125.11,09-21-2026 21:20:34:676,134187,185317
125.12,09-21-2026 21:20:34:686,134185,185230
125.13,09-21-2026 21:20:34:696,134198,185303
125.14,09-21-2026 21:20:34:706,134178,185257
125.15,09-21-2026 21:20:34:716,134178,185289
125.16,09-21-2026 21:20:34:726,134180,185239
125.17,09-21-2026 21:20:34:736,134179,185286
125.18,09-21-2026 21:20:34:746,134200,185247
125.19,09-21-2026 21:20:34:756,134177,185277
125.2,09-21-2026 21:20:34:766,134185,185229
125.21,09-21-2026 21:20:34:776,134192,185267
125.22,09-21-2026 21:20:34:786,134181,185232
125.23,09-21-2026 21:20:34:796,134184,185265
125.24,09-21-2026 21:20:34:806,134192,185238
125.25,09-21-2026 21:20:34:816,134167,185282
125.26,09-21-2026 21:20:34:826,134176,185239
125.27,09-21-2026 21:20:34:836,134182,185278
125.28,09-21-2026 21:20:34:846,134185,185260
125.29,09-21-2026 21:20:34:856,134174,185279
125.3,09-21-2026 21:20:34:866,134188,185284
125.31,09-21-2026 21:20:34:876,134179,185277
125.32,09-21-2026 21:20:34:886,134187,185291
125.33,09-21-2026 21:20:34:896,134173,185276
125.34,09-21-2026 21:20:34:906,134179,185290
125.35,09-21-2026 21:20:34:916,134186,185272
125.36,09-21-2026 21:20:34:926,134178,185296
125.37,09-21-2026 21:20:34:936,134181,185296
125.38,09-21-2026 21:20:34:946,134187,185299
125.39,09-21-2026 21:20:34:956,134184,185293
125.4,09-21-2026 21:20:34:966,134181,185319
125.41,09-21-2026 21:20:34:976,134189,185298
125.42,09-21-2026 21:20:34:986,134181,185304
125.43,09-21-2026 21:20:34:996,134184,185291
125.44,09-21-2026 21:20:35:006,134194,185335
125.45,09-21-2026 21:20:35:016,134205,185312
125.46,09-21-2026 21:20:35:026,134178,185336
125.47,09-21-2026 21:20:35:036,134172,185303
125.48,09-21-2026 21:20:35:046,134198,185354
125.49,09-21-2026 21:20:35:056,134204,185325
125.5,09-21-2026 21:20:35:066,134197,185355
125.51,09-21-2026 21:20:35:076,134187,185335
125.52,09-21-2026 21:20:35:086,134205,185342
125.53,09-21-2026 21:20:35:096,134205,185333
125.54,09-21-2026 21:20:35:106,134195,185360
125.55,09-21-2026 21:20:35:116,134184,185338
125.56,09-21-2026 21:20:35:126,134203,185393
125.57,09-21-2026 21:20:35:136,134193,185352
125.58,09-21-2026 21:20:35:146,134211,185396
125.59,09-21-2026 21:20:35:156,134201,185369
125.6,09-21-2026 21:20:35:166,134189,185426
125.61,09-21-2026 21:20:35:176,134213,185378
125.62,09-21-2026 21:20:35:186,134209,185421
125.63,09-21-2026 21:20:35:196,134213,185387
125.64,09-21-2026 21:20:35:206,134220,185444
125.65,09-21-2026 21:20:35:216,134201,185410
125.66,09-21-2026 21:20:35:226,134199,185452
125.67,09-21-2026 21:20:35:236,134219,185411
125.68,09-21-2026 21:20:35:246,134222,185455
125.69,09-21-2026 21:20:35:256,134217,185431
125.7,09-21-2026 21:20:35:266,134216,185467
125.71,09-21-2026 21:20:35:276,134206,185431
125.72,09-21-2026 21:20:35:286,134210,185487
125.73,09-21-2026 21:20:35:296,134231,185468
125.74,09-21-2026 21:20:35:306,134226,185511
125.75,09-21-2026 21:20:35:316,134232,185469
125.76,09-21-2026 21:20:35:326,134221,185514
125.77,09-21-2026 21:20:35:336,134216,185498
125.78,09-21-2026 21:20:35:346,134237,185514
125.79,09-21-2026 21:20:35:356,134220,185513
125.8,09-21-2026 21:20:35:366,134230,185527
125.81,09-21-2026 21:20:35:376,134228,185506
125.82,09-21-2026 21:20:35:386,134241,185535
125.83,09-21-2026 21:20:35:396,134229,185513
125.84,09-21-2026 21:20:35:406,134239,185542
125.85,09-21-2026 21:20:35:416,134243,185496
125.86,09-21-2026 21:20:35:426,134225,185511
125.87,09-21-2026 21:20:35:436,134227,185484
125.88,09-21-2026 21:20:35:446,134225,185495
125.89,09-21-2026 21:20:35:456,134211,185444
125.9,09-21-2026 21:20:35:466,134207,185475
125.91,09-21-2026 21:20:35:476,134217,185446
125.92,09-21-2026 21:20:35:486,134221,185430
125.93,09-21-2026 21:20:35:496,134219,185425
125.94,09-21-2026 21:20:35:506,134216,185411
125.95,09-21-2026 21:20:35:516,134214,185403
125.96,09-21-2026 21:20:35:526,134207,185408
125.97,09-21-2026 21:20:35:536,134207,185393
125.98,09-21-2026 21:20:35:546,134222,185413
125.99,09-21-2026 21:20:35:556,134207,185382
126,09-21-2026 21:20:35:566,134199,185389
126.01,09-21-2026 21:20:35:576,134215,185385
126.02,09-21-2026 21:20:35:586,134206,185389
126.03,09-21-2026 21:20:35:596,134201,185390
126.04,09-21-2026 21:20:35:606,134210,185393
126.05,09-21-2026 21:20:35:616,134204,185387
126.06,09-21-2026 21:20:35:626,134209,185394
126.07,09-21-2026 21:20:35:636,134206,185376
126.08,09-21-2026 21:20:35:646,134207,185384
126.09,09-21-2026 21:20:35:656,134199,185374
126.1,09-21-2026 21:20:35:666,134203,185367
126.11,09-21-2026 21:20:35:676,134215,185372
126.12,09-21-2026 21:20:35:686,134198,185372
126.13,09-21-2026 21:20:35:696,134201,185388
126.14,09-21-2026 21:20:35:706,134199,185373
126.15,09-21-2026 21:20:35:716,134198,185376
126.16,09-21-2026 21:20:35:726,134192,185360
126.17,09-21-2026 21:20:35:736,134189,185372
126.18,09-21-2026 21:20:35:746,134188,185353
126.19,09-21-2026 21:20:35:756,134211,185373
126.2,09-21-2026 21:20:35:766,134204,185367
126.21,09-21-2026 21:20:35:776,134198,185369
126.22,09-21-2026 21:20:35:786,134200,185384
126.23,09-21-2026 21:20:35:796,134210,185379
126.24,09-21-2026 21:20:35:806,134214,185386
126.25,09-21-2026 21:20:35:816,134203,185385
126.26,09-21-2026 21:20:35:826,134197,185405
126.27,09-21-2026 21:20:35:836,134211,185391
126.28,09-21-2026 21:20:35:846,134201,185404
126.29,09-21-2026 21:20:35:856,134209,185386
126.3,09-21-2026 21:20:35:866,134201,185398
126.31,09-21-2026 21:20:35:876,134188,185394
126.32,09-21-2026 21:20:35:886,134180,185416
126.33,09-21-2026 21:20:35:896,134197,185396
126.34,09-21-2026 21:20:35:906,134198,185432
126.35,09-21-2026 21:20:35:916,134196,185412
126.36,09-21-2026 21:20:35:926,134188,185444
126.37,09-21-2026 21:20:35:936,134200,185421
126.38,09-21-2026 21:20:35:946,134195,185436
126.39,09-21-2026 21:20:35:956,134205,185426
126.4,09-21-2026 21:20:35:966,134180,185446
126.41,09-21-2026 21:20:35:976,134212,185454
126.42,09-21-2026 21:20:35:986,134192,185454
126.43,09-21-2026 21:20:35:996,134211,185442
126.44,09-21-2026 21:20:36:006,134196,185471
126.45,09-21-2026 21:20:36:016,134210,185460
126.46,09-21-2026 21:20:36:026,134195,185472
126.47,09-21-2026 21:20:36:036,134214,185457
126.48,09-21-2026 21:20:36:046,134193,185475
126.49,09-21-2026 21:20:36:056,134220,185494
126.5,09-21-2026 21:20:36:066,134200,185494
126.51,09-21-2026 21:20:36:076,134219,185503
126.52,09-21-2026 21:20:36:086,134193,185512
126.53,09-21-2026 21:20:36:096,134229,185504
126.54,09-21-2026 21:20:36:106,134188,185502
126.55,09-21-2026 21:20:36:116,134212,185511
126.56,09-21-2026 21:20:36:126,134183,185517
126.57,09-21-2026 21:20:36:136,134222,185526
126.58,09-21-2026 21:20:36:146,134191,185534
126.59,09-21-2026 21:20:36:156,134222,185536
126.6,09-21-2026 21:20:36:166,134179,185554
126.61,09-21-2026 21:20:36:176,134224,185546
126.62,09-21-2026 21:20:36:186,134173,185565
126.63,09-21-2026 21:20:36:196,134232,185550
126.64,09-21-2026 21:20:36:206,134188,185511
126.65,09-21-2026 21:20:36:216,134217,185522
126.66,09-21-2026 21:20:36:226,134180,185503
126.67,09-21-2026 21:20:36:236,134222,185492
126.68,09-21-2026 21:20:36:246,134166,185483
126.69,09-21-2026 21:20:36:256,134209,185476
126.7,09-21-2026 21:20:36:266,134172,185462
126.71,09-21-2026 21:20:36:276,134202,185450
126.72,09-21-2026 21:20:36:286,134138,185428
126.73,09-21-2026 21:20:36:296,134190,185423
126.74,09-21-2026 21:20:36:306,134140,185435
126.75,09-21-2026 21:20:36:316,134189,185447
126.76,09-21-2026 21:20:36:326,134148,185412
126.77,09-21-2026 21:20:36:336,134193,185415
126.78,09-21-2026 21:20:36:346,134156,185407
126.79,09-21-2026 21:20:36:356,134189,185405
126.8,09-21-2026 21:20:36:366,134147,185422
126.81,09-21-2026 21:20:36:376,134184,185399
126.82,09-21-2026 21:20:36:386,134163,185392
126.83,09-21-2026 21:20:36:396,134181,185389
126.84,09-21-2026 21:20:36:406,134148,185397
126.85,09-21-2026 21:20:36:416,134186,185405
126.86,09-21-2026 21:20:36:426,134152,185376
126.87,09-21-2026 21:20:36:436,134187,185398
126.88,09-21-2026 21:20:36:446,134154,185399
126.89,09-21-2026 21:20:36:456,134188,185393
126.9,09-21-2026 21:20:36:466,134148,185386
126.91,09-21-2026 21:20:36:476,134194,185388
126.92,09-21-2026 21:20:36:486,134157,185380
126.93,09-21-2026 21:20:36:496,134179,185386
126.94,09-21-2026 21:20:36:506,134150,185373
126.95,09-21-2026 21:20:36:516,134191,185365
126.96,09-21-2026 21:20:36:526,134151,185377
126.97,09-21-2026 21:20:36:536,134188,185376
126.98,09-21-2026 21:20:36:546,134170,185374
126.99,09-21-2026 21:20:36:556,134185,185353
127,09-21-2026 21:20:36:566,134201,185377
127.01,09-21-2026 21:20:36:576,134168,185371
127.02,09-21-2026 21:20:36:586,134190,185380
127.03,09-21-2026 21:20:36:596,134166,185367
127.04,09-21-2026 21:20:36:606,134204,185378
127.05,09-21-2026 21:20:36:616,134190,185364
127.06,09-21-2026 21:20:36:626,134179,185398
127.07,09-21-2026 21:20:36:636,134185,185373
127.08,09-21-2026 21:20:36:646,134199,185378
127.09,09-21-2026 21:20:36:656,134180,185392
127.1,09-21-2026 21:20:36:666,134200,185392
127.11,09-21-2026 21:20:36:676,134188,185387
127.12,09-21-2026 21:20:36:686,134196,185411
127.13,09-21-2026 21:20:36:696,134181,185392
127.14,09-21-2026 21:20:36:706,134174,185397
127.15,09-21-2026 21:20:36:716,134182,185415
127.16,09-21-2026 21:20:36:726,134196,185403
127.17,09-21-2026 21:20:36:736,134183,185410
127.18,09-21-2026 21:20:36:746,134181,185405
127.19,09-21-2026 21:20:36:756,134196,185423
127.2,09-21-2026 21:20:36:766,134207,185408
127.21,09-21-2026 21:20:36:776,134182,185427
127.22,09-21-2026 21:20:36:786,134212,185422
127.23,09-21-2026 21:20:36:796,134181,185423
127.24,09-21-2026 21:20:36:806,134216,185429
127.25,09-21-2026 21:20:36:816,134183,185438
127.26,09-21-2026 21:20:36:826,134219,185446
127.27,09-21-2026 21:20:36:836,134191,185449
127.28,09-21-2026 21:20:36:846,134201,185449
127.29,09-21-2026 21:20:36:856,134181,185467
127.3,09-21-2026 21:20:36:866,134218,185483
127.31,09-21-2026 21:20:36:876,134167,185488
127.32,09-21-2026 21:20:36:886,134229,185470
127.33,09-21-2026 21:20:36:896,134195,185483
127.34,09-21-2026 21:20:36:906,134235,185472
127.35,09-21-2026 21:20:36:916,134169,185485
127.36,09-21-2026 21:20:36:926,134223,185490
127.37,09-21-2026 21:20:36:936,134183,185483
127.38,09-21-2026 21:20:36:946,134225,185467
127.39,09-21-2026 21:20:36:956,134184,185430
127.4,09-21-2026 21:20:36:966,134222,185431
127.41,09-21-2026 21:20:36:976,134185,185426
127.42,09-21-2026 21:20:36:986,134191,185405
127.43,09-21-2026 21:20:36:996,134165,185386
127.44,09-21-2026 21:20:37:006,134187,185397
127.45,09-21-2026 21:20:37:016,134167,185357
127.46,09-21-2026 21:20:37:026,134175,185348
127.47,09-21-2026 21:20:37:036,134158,185348
127.48,09-21-2026 21:20:37:046,134186,185340
127.49,09-21-2026 21:20:37:056,134168,185337
127.5,09-21-2026 21:20:37:066,134174,185339
127.51,09-21-2026 21:20:37:076,134155,185330
127.52,09-21-2026 21:20:37:086,134177,185306
127.53,09-21-2026 21:20:37:096,134152,185295
127.54,09-21-2026 21:20:37:106,134146,185309
127.55,09-21-2026 21:20:37:116,134146,185300
127.56,09-21-2026 21:20:37:126,134160,185303
127.57,09-21-2026 21:20:37:136,134126,185274
127.58,09-21-2026 21:20:37:146,134141,185308
127.59,09-21-2026 21:20:37:156,134128,185301
127.6,09-21-2026 21:20:37:166,134145,185315
127.61,09-21-2026 21:20:37:176,134164,185294
127.62,09-21-2026 21:20:37:186,134153,185298
127.63,09-21-2026 21:20:37:196,134126,185296
127.64,09-21-2026 21:20:37:206,134128,185288
127.65,09-21-2026 21:20:37:216,134127,185271
127.66,09-21-2026 21:20:37:226,134119,185268
127.67,09-21-2026 21:20:37:236,134131,185281
127.68,09-21-2026 21:20:37:246,134130,185261
127.69,09-21-2026 21:20:37:256,134131,185242
127.7,09-21-2026 21:20:37:266,134131,185242
127.71,09-21-2026 21:20:37:276,134135,185270
127.72,09-21-2026 21:20:37:286,134125,185246
127.73,09-21-2026 21:20:37:296,134119,185256
127.74,09-21-2026 21:20:37:306,134113,185231
127.75,09-21-2026 21:20:37:316,134126,185266
127.76,09-21-2026 21:20:37:326,134126,185241
127.77,09-21-2026 21:20:37:336,134125,185252
127.78,09-21-2026 21:20:37:346,134122,185253
127.79,09-21-2026 21:20:37:356,134118,185271
127.8,09-21-2026 21:20:37:366,134135,185245
127.81,09-21-2026 21:20:37:376,134129,185282
127.82,09-21-2026 21:20:37:386,134128,185253
127.83,09-21-2026 21:20:37:396,134121,185268
127.84,09-21-2026 21:20:37:406,134126,185255
127.85,09-21-2026 21:20:37:416,134130,185292
127.86,09-21-2026 21:20:37:426,134120,185244
127.87,09-21-2026 21:20:37:436,134120,185285
127.88,09-21-2026 21:20:37:446,134141,185248
127.89,09-21-2026 21:20:37:456,134132,185291
127.9,09-21-2026 21:20:37:466,134129,185259
127.91,09-21-2026 21:20:37:476,134123,185298
127.92,09-21-2026 21:20:37:486,134123,185273
127.93,09-21-2026 21:20:37:496,134131,185305
127.94,09-21-2026 21:20:37:506,134136,185259
127.95,09-21-2026 21:20:37:516,134139,185320
127.96,09-21-2026 21:20:37:526,134139,185283
127.97,09-21-2026 21:20:37:536,134131,185308
127.98,09-21-2026 21:20:37:546,134135,185272
127.99,09-21-2026 21:20:37:556,134142,185343
128,09-21-2026 21:20:37:566,134153,185287
128.01,09-21-2026 21:20:37:576,134124,185349
128.02,09-21-2026 21:20:37:586,134150,185274
128.03,09-21-2026 21:20:37:596,134144,185352
128.04,09-21-2026 21:20:37:606,134141,185290
128.05,09-21-2026 21:20:37:616,134142,185346
128.06,09-21-2026 21:20:37:626,134139,185300
128.07,09-21-2026 21:20:37:636,134137,185377
128.08,09-21-2026 21:20:37:646,134137,185326
128.09,09-21-2026 21:20:37:656,134141,185372
128.1,09-21-2026 21:20:37:666,134126,185325
128.11,09-21-2026 21:20:37:676,134136,185353
128.12,09-21-2026 21:20:37:686,134128,185307
128.13,09-21-2026 21:20:37:696,134102,185317
128.14,09-21-2026 21:20:37:706,134121,185281
128.15,09-21-2026 21:20:37:716,134128,185291
128.16,09-21-2026 21:20:37:726,134117,185243
128.17,09-21-2026 21:20:37:736,134121,185263
128.18,09-21-2026 21:20:37:746,134109,185215
128.19,09-21-2026 21:20:37:756,134110,185225
128.2,09-21-2026 21:20:37:766,134116,185183
128.21,09-21-2026 21:20:37:776,134088,185205
128.22,09-21-2026 21:20:37:786,134097,185182
128.23,09-21-2026 21:20:37:796,134103,185222
128.24,09-21-2026 21:20:37:806,134100,185178
128.25,09-21-2026 21:20:37:816,134089,185184
128.26,09-21-2026 21:20:37:826,134095,185168
128.27,09-21-2026 21:20:37:836,134096,185167
128.28,09-21-2026 21:20:37:846,134085,185173
128.29,09-21-2026 21:20:37:856,134084,185168
128.3,09-21-2026 21:20:37:866,134094,185173
128.31,09-21-2026 21:20:37:876,134082,185166
128.32,09-21-2026 21:20:37:886,134082,185164
128.33,09-21-2026 21:20:37:896,134094,185177
128.34,09-21-2026 21:20:37:906,134067,185160
128.35,09-21-2026 21:20:37:916,134085,185150
128.36,09-21-2026 21:20:37:926,134061,185133
128.37,09-21-2026 21:20:37:936,134076,185123
128.38,09-21-2026 21:20:37:946,134068,185147
128.39,09-21-2026 21:20:37:956,134063,185128
128.4,09-21-2026 21:20:37:966,134063,185140
128.41,09-21-2026 21:20:37:976,134073,185113
128.42,09-21-2026 21:20:37:986,134066,185129
128.43,09-21-2026 21:20:37:996,134060,185130
128.44,09-21-2026 21:20:38:006,134057,185139
128.45,09-21-2026 21:20:38:016,134077,185117
128.46,09-21-2026 21:20:38:026,134059,185133
128.47,09-21-2026 21:20:38:036,134069,185112
128.48,09-21-2026 21:20:38:046,134067,185138
128.49,09-21-2026 21:20:38:056,134063,185101
128.5,09-21-2026 21:20:38:066,134069,185155
128.51,09-21-2026 21:20:38:076,134084,185130
128.52,09-21-2026 21:20:38:086,134058,185143
128.53,09-21-2026 21:20:38:096,134047,185118
128.54,09-21-2026 21:20:38:106,134068,185157
128.55,09-21-2026 21:20:38:116,134052,185136
128.56,09-21-2026 21:20:38:126,134070,185168
128.57,09-21-2026 21:20:38:136,134065,185137
128.58,09-21-2026 21:20:38:146,134070,185168
128.59,09-21-2026 21:20:38:156,134059,185137
128.6,09-21-2026 21:20:38:166,134064,185174
128.61,09-21-2026 21:20:38:176,134063,185168
128.62,09-21-2026 21:20:38:186,134070,185191
128.63,09-21-2026 21:20:38:196,134068,185162
128.64,09-21-2026 21:20:38:206,134061,185194
128.65,09-21-2026 21:20:38:216,134068,185166
128.66,09-21-2026 21:20:38:226,134069,185207
128.67,09-21-2026 21:20:38:236,134073,185162
128.68,09-21-2026 21:20:38:246,134062,185206
128.69,09-21-2026 21:20:38:256,134072,185192
128.7,09-21-2026 21:20:38:266,134077,185239
128.71,09-21-2026 21:20:38:276,134070,185202
128.72,09-21-2026 21:20:38:286,134074,185231
128.73,09-21-2026 21:20:38:296,134063,185191
128.74,09-21-2026 21:20:38:306,134065,185249
128.75,09-21-2026 21:20:38:316,134075,185219
128.76,09-21-2026 21:20:38:326,134080,185242
128.77,09-21-2026 21:20:38:336,134066,185247
128.78,09-21-2026 21:20:38:346,134068,185255
128.79,09-21-2026 21:20:38:356,134069,185255
128.8,09-21-2026 21:20:38:366,134090,185284
128.81,09-21-2026 21:20:38:376,134072,185258
128.82,09-21-2026 21:20:38:386,134085,185284
128.83,09-21-2026 21:20:38:396,134072,185259
128.84,09-21-2026 21:20:38:406,134071,185291
128.85,09-21-2026 21:20:38:416,134084,185256
128.86,09-21-2026 21:20:38:426,134082,185266
128.87,09-21-2026 21:20:38:436,134074,185217
128.88,09-21-2026 21:20:38:446,134064,185229
128.89,09-21-2026 21:20:38:456,134057,185185
128.9,09-21-2026 21:20:38:466,134067,185168
128.91,09-21-2026 21:20:38:476,134046,185163
128.92,09-21-2026 21:20:38:486,134063,185151
128.93,09-21-2026 21:20:38:496,134049,185145
128.94,09-21-2026 21:20:38:506,134044,185124
128.95,09-21-2026 21:20:38:516,134057,185132
128.96,09-21-2026 21:20:38:526,134039,185123
128.97,09-21-2026 21:20:38:536,134041,185117
128.98,09-21-2026 21:20:38:546,134040,185104
128.99,09-21-2026 21:20:38:556,134048,185096
129,09-21-2026 21:20:38:566,134036,185100
129.01,09-21-2026 21:20:38:576,134026,185095
129.02,09-21-2026 21:20:38:586,134042,185080
129.03,09-21-2026 21:20:38:596,134027,185071
129.04,09-21-2026 21:20:38:606,134023,185062
129.05,09-21-2026 21:20:38:616,134002,185048
129.06,09-21-2026 21:20:38:626,134026,185072
129.07,09-21-2026 21:20:38:636,134036,185063
129.08,09-21-2026 21:20:38:646,134015,185083
129.09,09-21-2026 21:20:38:656,134019,185055
129.1,09-21-2026 21:20:38:666,134017,185066
129.11,09-21-2026 21:20:38:676,134012,185055
129.12,09-21-2026 21:20:38:686,134022,185055
129.13,09-21-2026 21:20:38:696,134034,185063
129.14,09-21-2026 21:20:38:706,134015,185037
129.15,09-21-2026 21:20:38:716,134012,185043
129.16,09-21-2026 21:20:38:726,134008,185037
129.17,09-21-2026 21:20:38:736,134006,185035
129.18,09-21-2026 21:20:38:746,134014,185056
129.19,09-21-2026 21:20:38:756,134011,185050
129.2,09-21-2026 21:20:38:766,134003,185033
129.21,09-21-2026 21:20:38:776,134006,185029
129.22,09-21-2026 21:20:38:786,134002,185045
129.23,09-21-2026 21:20:38:796,133997,185046
129.24,09-21-2026 21:20:38:806,134013,185047
129.25,09-21-2026 21:20:38:816,134014,185049
129.26,09-21-2026 21:20:38:826,134021,185054
129.27,09-21-2026 21:20:38:836,134004,185045
129.28,09-21-2026 21:20:38:846,134014,185052
129.29,09-21-2026 21:20:38:856,134015,185061
129.3,09-21-2026 21:20:38:866,134008,185055
129.31,09-21-2026 21:20:38:876,134002,185078
129.32,09-21-2026 21:20:38:886,134012,185075
129.33,09-21-2026 21:20:38:896,134029,185070
129.34,09-21-2026 21:20:38:906,134014,185090
129.35,09-21-2026 21:20:38:916,134003,185096
129.36,09-21-2026 21:20:38:926,133998,185093
129.37,09-21-2026 21:20:38:936,134021,185114
129.38,09-21-2026 21:20:38:946,134011,185108
129.39,09-21-2026 21:20:38:956,134021,185092
129.4,09-21-2026 21:20:38:966,134018,185098
129.41,09-21-2026 21:20:38:976,134015,185115
129.42,09-21-2026 21:20:38:986,134003,185115
129.43,09-21-2026 21:20:38:996,134020,185140
129.44,09-21-2026 21:20:39:006,134024,185125
129.45,09-21-2026 21:20:39:016,134022,185149
129.46,09-21-2026 21:20:39:026,134021,185149
129.47,09-21-2026 21:20:39:036,134024,185159
129.48,09-21-2026 21:20:39:046,134004,185146
129.49,09-21-2026 21:20:39:056,134025,185177
129.5,09-21-2026 21:20:39:066,134035,185186
129.51,09-21-2026 21:20:39:076,134030,185174
129.52,09-21-2026 21:20:39:086,134012,185185
129.53,09-21-2026 21:20:39:096,134027,185203
129.54,09-21-2026 21:20:39:106,133995,185202
129.55,09-21-2026 21:20:39:116,134047,185191
129.56,09-21-2026 21:20:39:126,134010,185193
129.57,09-21-2026 21:20:39:136,134034,185175
129.58,09-21-2026 21:20:39:146,133994,185172
129.59,09-21-2026 21:20:39:156,134016,185146
129.6,09-21-2026 21:20:39:166,134000,185145
129.61,09-21-2026 21:20:39:176,134018,185129
129.62,09-21-2026 21:20:39:186,133986,185099
129.63,09-21-2026 21:20:39:196,134010,185087
129.64,09-21-2026 21:20:39:206,133974,185084
129.65,09-21-2026 21:20:39:216,134011,185072
129.66,09-21-2026 21:20:39:226,133966,185062
129.67,09-21-2026 21:20:39:236,134005,185078
129.68,09-21-2026 21:20:39:246,133970,185076
129.69,09-21-2026 21:20:39:256,133983,185054
129.7,09-21-2026 21:20:39:266,133969,185051
129.71,09-21-2026 21:20:39:276,134000,185049
129.72,09-21-2026 21:20:39:286,133938,185039
129.73,09-21-2026 21:20:39:296,133994,185031
129.74,09-21-2026 21:20:39:306,133949,185021
129.75,09-21-2026 21:20:39:316,133982,185042
129.76,09-21-2026 21:20:39:326,133955,185024
129.77,09-21-2026 21:20:39:336,133987,185021
129.78,09-21-2026 21:20:39:346,133953,185047
129.79,09-21-2026 21:20:39:356,133983,185038
129.8,09-21-2026 21:20:39:366,133947,185014
129.81,09-21-2026 21:20:39:376,134003,185026
129.82,09-21-2026 21:20:39:386,133947,185049
129.83,09-21-2026 21:20:39:396,133997,185038
129.84,09-21-2026 21:20:39:406,133955,185024
129.85,09-21-2026 21:20:39:416,133985,185020
129.86,09-21-2026 21:20:39:426,133951,185022
129.87,09-21-2026 21:20:39:436,133989,185009
129.88,09-21-2026 21:20:39:446,133955,185022
129.89,09-21-2026 21:20:39:456,133983,185027
129.9,09-21-2026 21:20:39:466,133957,185015
129.91,09-21-2026 21:20:39:476,134001,185022
129.92,09-21-2026 21:20:39:486,133962,185000
129.93,09-21-2026 21:20:39:496,133992,185020
129.94,09-21-2026 21:20:39:506,133961,185037
129.95,09-21-2026 21:20:39:516,133980,185023
129.96,09-21-2026 21:20:39:526,133969,185032
129.97,09-21-2026 21:20:39:536,133986,185014
129.98,09-21-2026 21:20:39:546,133975,185060
129.99,09-21-2026 21:20:39:556,133996,185050
130,09-21-2026 21:20:39:566,134004,185067
130.01,09-21-2026 21:20:39:576,133974,185062
130.02,09-21-2026 21:20:39:586,133988,185047
130.03,09-21-2026 21:20:39:596,133981,185049
130.04,09-21-2026 21:20:39:606,133994,185051
130.05,09-21-2026 21:20:39:616,133975,185069
130.06,09-21-2026 21:20:39:626,134017,185081
130.07,09-21-2026 21:20:39:636,133992,185105
130.08,09-21-2026 21:20:39:646,133993,185075
130.09,09-21-2026 21:20:39:656,133997,185101
130.1,09-21-2026 21:20:39:666,134000,185100
130.11,09-21-2026 21:20:39:676,133997,185097
130.12,09-21-2026 21:20:39:686,133998,185101
130.13,09-21-2026 21:20:39:696,133989,185114
130.14,09-21-2026 21:20:39:706,134006,185122
130.15,09-21-2026 21:20:39:716,134004,185131
130.16,09-21-2026 21:20:39:726,134018,185127
130.17,09-21-2026 21:20:39:736,133995,185115
130.18,09-21-2026 21:20:39:746,134004,185136
130.19,09-21-2026 21:20:39:756,134007,185157
130.2,09-21-2026 21:20:39:766,134022,185156
130.21,09-21-2026 21:20:39:776,133999,185167
130.22,09-21-2026 21:20:39:786,134037,185177
130.23,09-21-2026 21:20:39:796,134006,185182
130.24,09-21-2026 21:20:39:806,134032,185160
130.25,09-21-2026 21:20:39:816,134005,185169
130.26,09-21-2026 21:20:39:826,134039,185145
130.27,09-21-2026 21:20:39:836,134001,185126
130.28,09-21-2026 21:20:39:846,134019,185112
130.29,09-21-2026 21:20:39:856,133984,185101
130.3,09-21-2026 21:20:39:866,134028,185081
130.31,09-21-2026 21:20:39:876,133966,185067
130.32,09-21-2026 21:20:39:886,134008,185063
130.33,09-21-2026 21:20:39:896,133977,185054
130.34,09-21-2026 21:20:39:906,133998,185045
130.35,09-21-2026 21:20:39:916,133969,185036
130.36,09-21-2026 21:20:39:926,133995,185037
130.37,09-21-2026 21:20:39:936,133981,185052
130.38,09-21-2026 21:20:39:946,133999,185036
130.39,09-21-2026 21:20:39:956,133985,185010
130.4,09-21-2026 21:20:39:966,134006,185029
130.41,09-21-2026 21:20:39:976,133966,185016
130.42,09-21-2026 21:20:39:986,133988,185031
130.43,09-21-2026 21:20:39:996,133961,185021
130.44,09-21-2026 21:20:40:006,134005,185010
130.45,09-21-2026 21:20:40:016,133956,185012
130.46,09-21-2026 21:20:40:026,133978,185013
130.47,09-21-2026 21:20:40:036,133972,185008
130.48,09-21-2026 21:20:40:046,133981,184998
130.49,09-21-2026 21:20:40:056,133968,185002
130.5,09-21-2026 21:20:40:066,133978,185009
130.51,09-21-2026 21:20:40:076,133966,184994
130.52,09-21-2026 21:20:40:086,133977,184977
130.53,09-21-2026 21:20:40:096,133953,185017
130.54,09-21-2026 21:20:40:106,133983,184989
130.55,09-21-2026 21:20:40:116,133957,185000
130.56,09-21-2026 21:20:40:126,133975,184990
130.57,09-21-2026 21:20:40:136,133962,184990
130.58,09-21-2026 21:20:40:146,133990,185002
130.59,09-21-2026 21:20:40:156,133956,185004
130.6,09-21-2026 21:20:40:166,133961,185001
130.61,09-21-2026 21:20:40:176,133961,185002
130.62,09-21-2026 21:20:40:186,133977,184990
130.63,09-21-2026 21:20:40:196,133959,185021
130.64,09-21-2026 21:20:40:206,133976,185009
130.65,09-21-2026 21:20:40:216,133962,185020
130.66,09-21-2026 21:20:40:226,133965,185019
130.67,09-21-2026 21:20:40:236,133976,185013
130.68,09-21-2026 21:20:40:246,133962,185024
130.69,09-21-2026 21:20:40:256,133967,185033
130.7,09-21-2026 21:20:40:266,133967,185041
130.71,09-21-2026 21:20:40:276,133971,185020
130.72,09-21-2026 21:20:40:286,133955,185049
130.73,09-21-2026 21:20:40:296,133973,185032
130.74,09-21-2026 21:20:40:306,133963,185047
130.75,09-21-2026 21:20:40:316,133971,185038
130.76,09-21-2026 21:20:40:326,133983,185035
130.77,09-21-2026 21:20:40:336,133969,185045
130.78,09-21-2026 21:20:40:346,133981,185078
130.79,09-21-2026 21:20:40:356,133971,185070
130.8,09-21-2026 21:20:40:366,133971,185055
130.81,09-21-2026 21:20:40:376,133971,185090
130.82,09-21-2026 21:20:40:386,133978,185087
130.83,09-21-2026 21:20:40:396,133963,185072
130.84,09-21-2026 21:20:40:406,133989,185112
130.85,09-21-2026 21:20:40:416,133975,185092
130.86,09-21-2026 21:20:40:426,133986,185123
130.87,09-21-2026 21:20:40:436,133997,185109
130.88,09-21-2026 21:20:40:446,133976,185133
130.89,09-21-2026 21:20:40:456,133982,185110
130.9,09-21-2026 21:20:40:466,133994,185150
130.91,09-21-2026 21:20:40:476,133973,185094
130.92,09-21-2026 21:20:40:486,133981,185108
130.93,09-21-2026 21:20:40:496,133977,185056
130.94,09-21-2026 21:20:40:506,133974,185082
130.95,09-21-2026 21:20:40:516,133984,185036
130.96,09-21-2026 21:20:40:526,133961,185036
130.97,09-21-2026 21:20:40:536,133952,185008
130.98,09-21-2026 21:20:40:546,133980,185026
130.99,09-21-2026 21:20:40:556,133975,184970
131,09-21-2026 21:20:40:566,133947,185002
131.01,09-21-2026 21:20:40:576,133964,184932
131.02,09-21-2026 21:20:40:586,133943,184978
131.03,09-21-2026 21:20:40:596,133949,184939
131.04,09-21-2026 21:20:40:606,133956,184982
131.05,09-21-2026 21:20:40:616,133940,184923
131.06,09-21-2026 21:20:40:626,133946,184958
131.07,09-21-2026 21:20:40:636,133949,184909
131.08,09-21-2026 21:20:40:646,133943,184952
131.09,09-21-2026 21:20:40:656,133950,184892
131.1,09-21-2026 21:20:40:666,133938,184948
131.11,09-21-2026 21:20:40:676,133950,184892
131.12,09-21-2026 21:20:40:686,133929,184962
131.13,09-21-2026 21:20:40:696,133921,184910
131.14,09-21-2026 21:20:40:706,133936,184966
131.15,09-21-2026 21:20:40:716,133945,184906
131.16,09-21-2026 21:20:40:726,133936,184947
131.17,09-21-2026 21:20:40:736,133940,184888
131.18,09-21-2026 21:20:40:746,133931,184958
131.19,09-21-2026 21:20:40:756,133945,184891
131.2,09-21-2026 21:20:40:766,133946,184948
131.21,09-21-2026 21:20:40:776,133940,184881
131.22,09-21-2026 21:20:40:786,133941,184933
131.23,09-21-2026 21:20:40:796,133935,184880
131.24,09-21-2026 21:20:40:806,133919,184955
131.25,09-21-2026 21:20:40:816,133947,184868
131.26,09-21-2026 21:20:40:826,133936,184954
131.27,09-21-2026 21:20:40:836,133931,184893
131.28,09-21-2026 21:20:40:846,133932,184947
131.29,09-21-2026 21:20:40:856,133934,184913
131.3,09-21-2026 21:20:40:866,133947,184946
131.31,09-21-2026 21:20:40:876,133948,184936
131.32,09-21-2026 21:20:40:886,133939,184967
131.33,09-21-2026 21:20:40:896,133941,184935
131.34,09-21-2026 21:20:40:906,133935,184978
131.35,09-21-2026 21:20:40:916,133929,184953
131.36,09-21-2026 21:20:40:926,133953,184984
131.37,09-21-2026 21:20:40:936,133937,184942
131.38,09-21-2026 21:20:40:946,133958,184985
131.39,09-21-2026 21:20:40:956,133950,184973
131.4,09-21-2026 21:20:40:966,133942,185010
131.41,09-21-2026 21:20:40:976,133952,184980
131.42,09-21-2026 21:20:40:986,133948,185013
131.43,09-21-2026 21:20:40:996,133952,184981
131.44,09-21-2026 21:20:41:006,133943,185017
131.45,09-21-2026 21:20:41:016,133969,185027
131.46,09-21-2026 21:20:41:026,133959,185048
131.47,09-21-2026 21:20:41:036,133962,185048
131.48,09-21-2026 21:20:41:046,133951,185062
131.49,09-21-2026 21:20:41:056,133970,185079
131.5,09-21-2026 21:20:41:066,133957,185071
131.51,09-21-2026 21:20:41:076,133967,185092
131.52,09-21-2026 21:20:41:086,133959,185074
131.53,09-21-2026 21:20:41:096,133971,185106
131.54,09-21-2026 21:20:41:106,133968,185085
131.55,09-21-2026 21:20:41:116,133971,185098
131.56,09-21-2026 21:20:41:126,133984,185093
131.57,09-21-2026 21:20:41:136,133983,185107
131.58,09-21-2026 21:20:41:146,133964,185076
131.59,09-21-2026 21:20:41:156,133950,185091
131.6,09-21-2026 21:20:41:166,133975,185027
131.61,09-21-2026 21:20:41:176,133963,185055
131.62,09-21-2026 21:20:41:186,133964,185018
131.63,09-21-2026 21:20:41:196,133951,185009
131.64,09-21-2026 21:20:41:206,133947,184989
131.65,09-21-2026 21:20:41:216,133948,184999
131.66,09-21-2026 21:20:41:226,133949,184963
131.67,09-21-2026 21:20:41:236,133948,184996
131.68,09-21-2026 21:20:41:246,133956,184953
131.69,09-21-2026 21:20:41:256,133937,184962
131.7,09-21-2026 21:20:41:266,133937,184946
131.71,09-21-2026 21:20:41:276,133942,184971
131.72,09-21-2026 21:20:41:286,133946,184946
131.73,09-21-2026 21:20:41:296,133928,184984
131.74,09-21-2026 21:20:41:306,133928,184929
131.75,09-21-2026 21:20:41:316,133940,184970
131.76,09-21-2026 21:20:41:326,133946,184923
131.77,09-21-2026 21:20:41:336,133928,184966
131.78,09-21-2026 21:20:41:346,133928,184927
131.79,09-21-2026 21:20:41:356,133931,184949
131.8,09-21-2026 21:20:41:366,133948,184937
131.81,09-21-2026 21:20:41:376,133931,184989
131.82,09-21-2026 21:20:41:386,133925,184935
131.83,09-21-2026 21:20:41:396,133947,184969
131.84,09-21-2026 21:20:41:406,133930,184928
131.85,09-21-2026 21:20:41:416,133929,184972
131.86,09-21-2026 21:20:41:426,133923,184944
131.87,09-21-2026 21:20:41:436,133943,184966
131.88,09-21-2026 21:20:41:446,133947,184915
131.89,09-21-2026 21:20:41:456,133944,184964
131.9,09-21-2026 21:20:41:466,133935,184924
131.91,09-21-2026 21:20:41:476,133938,184947
131.92,09-21-2026 21:20:41:486,133924,184915
131.93,09-21-2026 21:20:41:496,133934,184945
131.94,09-21-2026 21:20:41:506,133932,184936
131.95,09-21-2026 21:20:41:516,133936,184950
131.96,09-21-2026 21:20:41:526,133929,184942
131.97,09-21-2026 21:20:41:536,133925,184973
131.98,09-21-2026 21:20:41:546,133938,184943
131.99,09-21-2026 21:20:41:556,133944,184967
132,09-21-2026 21:20:41:566,133940,184960
132.01,09-21-2026 21:20:41:576,133965,184993
132.02,09-21-2026 21:20:41:586,133936,184974
132.03,09-21-2026 21:20:41:596,133948,185000
132.04,09-21-2026 21:20:41:606,133965,184979
132.05,09-21-2026 21:20:41:616,133955,185013
132.06,09-21-2026 21:20:41:626,133953,185008
132.07,09-21-2026 21:20:41:636,133960,185035
132.08,09-21-2026 21:20:41:646,133971,185020
132.09,09-21-2026 21:20:41:656,133956,185018
132.1,09-21-2026 21:20:41:666,133968,185043
132.11,09-21-2026 21:20:41:676,133955,185020
132.12,09-21-2026 21:20:41:686,133958,185041
132.13,09-21-2026 21:20:41:696,133978,185034
132.14,09-21-2026 21:20:41:706,133972,185051
132.15,09-21-2026 21:20:41:716,133975,185070
132.16,09-21-2026 21:20:41:726,133982,185052
132.17,09-21-2026 21:20:41:736,133975,185071
132.18,09-21-2026 21:20:41:746,133971,185076
132.19,09-21-2026 21:20:41:756,133987,185086
132.2,09-21-2026 21:20:41:766,133975,185088
132.21,09-21-2026 21:20:41:776,133981,185092
132.22,09-21-2026 21:20:41:786,133991,185077
132.23,09-21-2026 21:20:41:796,133979,185078
132.24,09-21-2026 21:20:41:806,133988,185073
132.25,09-21-2026 21:20:41:816,133961,185047
132.26,09-21-2026 21:20:41:826,133954,185033
132.27,09-21-2026 21:20:41:836,133975,185019
132.28,09-21-2026 21:20:41:846,133953,185019
132.29,09-21-2026 21:20:41:856,133965,185001
132.3,09-21-2026 21:20:41:866,133961,184986
132.31,09-21-2026 21:20:41:876,133960,184987
132.32,09-21-2026 21:20:41:886,133952,184979
132.33,09-21-2026 21:20:41:896,133948,184971
132.34,09-21-2026 21:20:41:906,133960,184961
132.35,09-21-2026 21:20:41:916,133942,184943
132.36,09-21-2026 21:20:41:926,133950,184953
132.37,09-21-2026 21:20:41:936,133956,184955
132.38,09-21-2026 21:20:41:946,133946,184950
132.39,09-21-2026 21:20:41:956,133932,184949
132.4,09-21-2026 21:20:41:966,133950,184930
132.41,09-21-2026 21:20:41:976,133940,184948
132.42,09-21-2026 21:20:41:986,133939,184931
132.43,09-21-2026 21:20:41:996,133927,184932
132.44,09-21-2026 21:20:42:006,133944,184946
132.45,09-21-2026 21:20:42:016,133930,184954
132.46,09-21-2026 21:20:42:026,133939,184957
132.47,09-21-2026 21:20:42:036,133934,184961
132.48,09-21-2026 21:20:42:046,133938,184957
132.49,09-21-2026 21:20:42:056,133938,184937
132.5,09-21-2026 21:20:42:066,133947,184964
132.51,09-21-2026 21:20:42:076,133918,184927
132.52,09-21-2026 21:20:42:086,133949,184955
132.53,09-21-2026 21:20:42:096,133931,184944
132.54,09-21-2026 21:20:42:106,133949,184935
132.55,09-21-2026 21:20:42:116,133923,184930
132.56,09-21-2026 21:20:42:126,133946,184944
132.57,09-21-2026 21:20:42:136,133918,184949
132.58,09-21-2026 21:20:42:146,133950,184944
132.59,09-21-2026 21:20:42:156,133917,184957
132.6,09-21-2026 21:20:42:166,133961,184948
132.61,09-21-2026 21:20:42:176,133931,184946
132.62,09-21-2026 21:20:42:186,133968,184983
132.63,09-21-2026 21:20:42:196,133920,184962
132.64,09-21-2026 21:20:42:206,133961,184988
132.65,09-21-2026 21:20:42:216,133925,184972
132.66,09-21-2026 21:20:42:226,133953,184983
132.67,09-21-2026 21:20:42:236,133935,184986
132.68,09-21-2026 21:20:42:246,133958,184999
132.69,09-21-2026 21:20:42:256,133919,185013
132.7,09-21-2026 21:20:42:266,133969,184993
132.71,09-21-2026 21:20:42:276,133927,185025
132.72,09-21-2026 21:20:42:286,133974,185017
132.73,09-21-2026 21:20:42:296,133926,185022
132.74,09-21-2026 21:20:42:306,133962,185032
132.75,09-21-2026 21:20:42:316,133942,185032
132.76,09-21-2026 21:20:42:326,133967,185034
132.77,09-21-2026 21:20:42:336,133922,185048
132.78,09-21-2026 21:20:42:346,133961,185049
132.79,09-21-2026 21:20:42:356,133923,185056
132.8,09-21-2026 21:20:42:366,133968,185066
132.81,09-21-2026 21:20:42:376,133920,185082
132.82,09-21-2026 21:20:42:386,133964,185086
132.83,09-21-2026 21:20:42:396,133938,185092
132.84,09-21-2026 21:20:42:406,133988,185097
132.85,09-21-2026 21:20:42:416,133925,185103
132.86,09-21-2026 21:20:42:426,133994,185099
132.87,09-21-2026 21:20:42:436,133940,185112
132.88,09-21-2026 21:20:42:446,133980,185113
132.89,09-21-2026 21:20:42:456,133937,185130
132.9,09-21-2026 21:20:42:466,133982,185103
132.91,09-21-2026 21:20:42:476,133954,185096
132.92,09-21-2026 21:20:42:486,133993,185078
132.93,09-21-2026 21:20:42:496,133925,185069
132.94,09-21-2026 21:20:42:506,133995,185036
132.95,09-21-2026 21:20:42:516,133912,185049
132.96,09-21-2026 21:20:42:526,133961,185031
132.97,09-21-2026 21:20:42:536,133933,185021
132.98,09-21-2026 21:20:42:546,133969,185009
132.99,09-21-2026 21:20:42:556,133951,185004
133,09-21-2026 21:20:42:566,133949,184996
133.01,09-21-2026 21:20:42:576,133924,185002
133.02,09-21-2026 21:20:42:586,133963,184992
133.03,09-21-2026 21:20:42:596,133935,184995
133.04,09-21-2026 21:20:42:606,133954,184989
133.05,09-21-2026 21:20:42:616,133936,184997
133.06,09-21-2026 21:20:42:626,133964,184984
133.07,09-21-2026 21:20:42:636,133956,184973
133.08,09-21-2026 21:20:42:646,133944,184987
133.09,09-21-2026 21:20:42:656,133923,184976
133.1,09-21-2026 21:20:42:666,133955,184971
133.11,09-21-2026 21:20:42:676,133925,184984
133.12,09-21-2026 21:20:42:686,133964,184982
133.13,09-21-2026 21:20:42:696,133947,184987
133.14,09-21-2026 21:20:42:706,133964,185008
133.15,09-21-2026 21:20:42:716,133967,184992
133.16,09-21-2026 21:20:42:726,133949,184991
133.17,09-21-2026 21:20:42:736,133962,184999
133.18,09-21-2026 21:20:42:746,133959,184985
133.19,09-21-2026 21:20:42:756,133969,184999
133.2,09-21-2026 21:20:42:766,133951,184984
133.21,09-21-2026 21:20:42:776,133978,184995
133.22,09-21-2026 21:20:42:786,133982,184993
133.23,09-21-2026 21:20:42:796,133989,184985
133.24,09-21-2026 21:20:42:806,133967,184994
133.25,09-21-2026 21:20:42:816,133983,184998
133.26,09-21-2026 21:20:42:826,133973,184989
133.27,09-21-2026 21:20:42:836,134000,185007
133.28,09-21-2026 21:20:42:846,133963,185004
133.29,09-21-2026 21:20:42:856,133990,185005
133.3,09-21-2026 21:20:42:866,133968,185015
133.31,09-21-2026 21:20:42:876,133981,185018
133.32,09-21-2026 21:20:42:886,133976,185024
133.33,09-21-2026 21:20:42:896,133998,185045
133.34,09-21-2026 21:20:42:906,133980,185015
133.35,09-21-2026 21:20:42:916,133994,185042
133.36,09-21-2026 21:20:42:926,133989,185038
133.37,09-21-2026 21:20:42:936,134013,185076
133.38,09-21-2026 21:20:42:946,133986,185044
133.39,09-21-2026 21:20:42:956,134024,185075
133.4,09-21-2026 21:20:42:966,133982,185070
133.41,09-21-2026 21:20:42:976,134024,185097
133.42,09-21-2026 21:20:42:986,133985,185086
133.43,09-21-2026 21:20:42:996,134034,185096
133.44,09-21-2026 21:20:43:006,134005,185112
133.45,09-21-2026 21:20:43:016,134043,185122
133.46,09-21-2026 21:20:43:026,134002,185106
133.47,09-21-2026 21:20:43:036,134046,185122
133.48,09-21-2026 21:20:43:046,134012,185121
133.49,09-21-2026 21:20:43:056,134057,185174
133.5,09-21-2026 21:20:43:066,134006,185132
133.51,09-21-2026 21:20:43:076,134048,185160
133.52,09-21-2026 21:20:43:086,134018,185173
133.53,09-21-2026 21:20:43:096,134052,185186
133.54,09-21-2026 21:20:43:106,134011,185198
133.55,09-21-2026 21:20:43:116,134041,185169
133.56,09-21-2026 21:20:43:126,134024,185204
133.57,09-21-2026 21:20:43:136,134038,185211
133.58,09-21-2026 21:20:43:146,134027,185229
133.59,09-21-2026 21:20:43:156,134053,185230
133.6,09-21-2026 21:20:43:166,134040,185241
133.61,09-21-2026 21:20:43:176,134041,185212
133.62,09-21-2026 21:20:43:186,134032,185235
133.63,09-21-2026 21:20:43:196,134035,185234
133.64,09-21-2026 21:20:43:206,134029,185215
133.65,09-21-2026 21:20:43:216,134045,185216
133.66,09-21-2026 21:20:43:226,134029,185196
133.67,09-21-2026 21:20:43:236,134031,185176
133.68,09-21-2026 21:20:43:246,134032,185187
133.69,09-21-2026 21:20:43:256,134054,185171
133.7,09-21-2026 21:20:43:266,134031,185151
133.71,09-21-2026 21:20:43:276,134032,185137
133.72,09-21-2026 21:20:43:286,134005,185138
133.73,09-21-2026 21:20:43:296,134011,185134
133.74,09-21-2026 21:20:43:306,134024,185104
133.75,09-21-2026 21:20:43:316,134010,185134
133.76,09-21-2026 21:20:43:326,134004,185119
133.77,09-21-2026 21:20:43:336,134018,185123
133.78,09-21-2026 21:20:43:346,134006,185136
133.79,09-21-2026 21:20:43:356,133998,185117
133.8,09-21-2026 21:20:43:366,134005,185090
133.81,09-21-2026 21:20:43:376,134007,185105
133.82,09-21-2026 21:20:43:386,134005,185073
133.83,09-21-2026 21:20:43:396,134007,185106
133.84,09-21-2026 21:20:43:406,133997,185082
133.85,09-21-2026 21:20:43:416,134007,185124
133.86,09-21-2026 21:20:43:426,134006,185091
133.87,09-21-2026 21:20:43:436,134016,185132
133.88,09-21-2026 21:20:43:446,134014,185104
133.89,09-21-2026 21:20:43:456,134026,185127
133.9,09-21-2026 21:20:43:466,134007,185089
133.91,09-21-2026 21:20:43:476,134006,185118
133.92,09-21-2026 21:20:43:486,134014,185105
133.93,09-21-2026 21:20:43:496,134016,185131
133.94,09-21-2026 21:20:43:506,134025,185095
133.95,09-21-2026 21:20:43:516,134022,185131
133.96,09-21-2026 21:20:43:526,133990,185107
133.97,09-21-2026 21:20:43:536,134008,185122
133.98,09-21-2026 21:20:43:546,134021,185100
133.99,09-21-2026 21:20:43:556,134017,185118
134,09-21-2026 21:20:43:566,134019,185119
134.01,09-21-2026 21:20:43:576,134019,185127
134.02,09-21-2026 21:20:43:586,134024,185105
134.03,09-21-2026 21:20:43:596,134023,185158
134.04,09-21-2026 21:20:43:606,134011,185112
134.05,09-21-2026 21:20:43:616,134024,185154
134.06,09-21-2026 21:20:43:626,134028,185115
134.07,09-21-2026 21:20:43:636,134029,185165
134.08,09-21-2026 21:20:43:646,134024,185120
134.09,09-21-2026 21:20:43:656,134025,185171
134.1,09-21-2026 21:20:43:666,134035,185129
134.11,09-21-2026 21:20:43:676,134034,185179
134.12,09-21-2026 21:20:43:686,134033,185164
134.13,09-21-2026 21:20:43:696,134017,185201
134.14,09-21-2026 21:20:43:706,134017,185152
134.15,09-21-2026 21:20:43:716,134035,185211
134.16,09-21-2026 21:20:43:726,134017,185184
134.17,09-21-2026 21:20:43:736,134032,185232
134.18,09-21-2026 21:20:43:746,134057,185180
134.19,09-21-2026 21:20:43:756,134047,185250
134.2,09-21-2026 21:20:43:766,134045,185201
134.21,09-21-2026 21:20:43:776,134050,185260
134.22,09-21-2026 21:20:43:786,134044,185212
134.23,09-21-2026 21:20:43:796,134048,185273
134.24,09-21-2026 21:20:43:806,134050,185260
134.25,09-21-2026 21:20:43:816,134059,185301
134.26,09-21-2026 21:20:43:826,134059,185292
134.27,09-21-2026 21:20:43:836,134033,185301
134.28,09-21-2026 21:20:43:846,134061,185270
134.29,09-21-2026 21:20:43:856,134060,185320
134.3,09-21-2026 21:20:43:866,134049,185308
134.31,09-21-2026 21:20:43:876,134070,185346
134.32,09-21-2026 21:20:43:886,134060,185347
134.33,09-21-2026 21:20:43:896,134079,185363
134.34,09-21-2026 21:20:43:906,134091,185362
134.35,09-21-2026 21:20:43:916,134087,185384
134.36,09-21-2026 21:20:43:926,134061,185372
134.37,09-21-2026 21:20:43:936,134076,185404
134.38,09-21-2026 21:20:43:946,134062,185389
134.39,09-21-2026 21:20:43:956,134080,185405
134.4,09-21-2026 21:20:43:966,134095,185401
134.41,09-21-2026 21:20:43:976,134095,185382
134.42,09-21-2026 21:20:43:986,134084,185386
134.43,09-21-2026 21:20:43:996,134088,185350
134.44,09-21-2026 21:20:44:006,134071,185371
134.45,09-21-2026 21:20:44:016,134072,185334
134.46,09-21-2026 21:20:44:026,134073,185344
134.47,09-21-2026 21:20:44:036,134075,185323
134.48,09-21-2026 21:20:44:046,134066,185317
134.49,09-21-2026 21:20:44:056,134076,185301
134.5,09-21-2026 21:20:44:066,134066,185347
134.51,09-21-2026 21:20:44:076,134073,185315
134.52,09-21-2026 21:20:44:086,134060,185312
134.53,09-21-2026 21:20:44:096,134054,185302
134.54,09-21-2026 21:20:44:106,134058,185324
134.55,09-21-2026 21:20:44:116,134056,185311
134.56,09-21-2026 21:20:44:126,134066,185325
134.57,09-21-2026 21:20:44:136,134052,185283
134.58,09-21-2026 21:20:44:146,134060,185308
134.59,09-21-2026 21:20:44:156,134065,185289
134.6,09-21-2026 21:20:44:166,134062,185316
134.61,09-21-2026 21:20:44:176,134065,185307
134.62,09-21-2026 21:20:44:186,134072,185342
134.63,09-21-2026 21:20:44:196,134074,185300
134.64,09-21-2026 21:20:44:206,134056,185333
134.65,09-21-2026 21:20:44:216,134065,185307
134.66,09-21-2026 21:20:44:226,134056,185314
134.67,09-21-2026 21:20:44:236,134068,185325
134.68,09-21-2026 21:20:44:246,134068,185330
134.69,09-21-2026 21:20:44:256,134067,185303
134.7,09-21-2026 21:20:44:266,134052,185347
134.71,09-21-2026 21:20:44:276,134063,185307
134.72,09-21-2026 21:20:44:286,134069,185368
134.73,09-21-2026 21:20:44:296,134068,185325
134.74,09-21-2026 21:20:44:306,134076,185360
134.75,09-21-2026 21:20:44:316,134067,185313
134.76,09-21-2026 21:20:44:326,134058,185364
134.77,09-21-2026 21:20:44:336,134071,185337
134.78,09-21-2026 21:20:44:346,134100,185372
134.79,09-21-2026 21:20:44:356,134080,185321
134.8,09-21-2026 21:20:44:366,134080,185372
134.81,09-21-2026 21:20:44:376,134091,185353
134.82,09-21-2026 21:20:44:386,134082,185359
134.83,09-21-2026 21:20:44:396,134069,185357
134.84,09-21-2026 21:20:44:406,134064,185378
134.85,09-21-2026 21:20:44:416,134087,185369
134.86,09-21-2026 21:20:44:426,134086,185395
134.87,09-21-2026 21:20:44:436,134092,185375
134.88,09-21-2026 21:20:44:446,134087,185412
134.89,09-21-2026 21:20:44:456,134089,185390
134.9,09-21-2026 21:20:44:466,134096,185434
134.91,09-21-2026 21:20:44:476,134086,185415
134.92,09-21-2026 21:20:44:486,134094,185425
134.93,09-21-2026 21:20:44:496,134099,185423
134.94,09-21-2026 21:20:44:506,134104,185450
134.95,09-21-2026 21:20:44:516,134095,185444
134.96,09-21-2026 21:20:44:526,134097,185443
134.97,09-21-2026 21:20:44:536,134117,185455
134.98,09-21-2026 21:20:44:546,134104,185462
134.99,09-21-2026 21:20:44:556,134117,185472
135,09-21-2026 21:20:44:566,134110,185491
135.01,09-21-2026 21:20:44:576,134106,185478
135.02,09-21-2026 21:20:44:586,134095,185489
135.03,09-21-2026 21:20:44:596,134103,185501
135.04,09-21-2026 21:20:44:606,134122,185492
135.05,09-21-2026 21:20:44:616,134121,185514
135.06,09-21-2026 21:20:44:626,134130,185512
135.07,09-21-2026 21:20:44:636,134131,185520
135.08,09-21-2026 21:20:44:646,134121,185539
135.09,09-21-2026 21:20:44:656,134121,185542
135.1,09-21-2026 21:20:44:666,134133,185552
135.11,09-21-2026 21:20:44:676,134131,185538
135.12,09-21-2026 21:20:44:686,134111,185571
135.13,09-21-2026 21:20:44:696,134129,185570
135.14,09-21-2026 21:20:44:706,134121,185578
135.15,09-21-2026 21:20:44:716,134127,185582
135.16,09-21-2026 21:20:44:726,134148,185585
135.17,09-21-2026 21:20:44:736,134136,185580
135.18,09-21-2026 21:20:44:746,134123,185576
135.19,09-21-2026 21:20:44:756,134126,185575
135.2,09-21-2026 21:20:44:766,134129,185575
135.21,09-21-2026 21:20:44:776,134122,185539
135.22,09-21-2026 21:20:44:786,134109,185517
135.23,09-21-2026 21:20:44:796,134119,185525
135.24,09-21-2026 21:20:44:806,134110,185529
135.25,09-21-2026 21:20:44:816,134119,185516
135.26,09-21-2026 21:20:44:826,134135,185508
135.27,09-21-2026 21:20:44:836,134125,185525
135.28,09-21-2026 21:20:44:846,134117,185515
135.29,09-21-2026 21:20:44:856,134116,185519
135.3,09-21-2026 21:20:44:866,134116,185509
135.31,09-21-2026 21:20:44:876,134100,185504
135.32,09-21-2026 21:20:44:886,134111,185494
135.33,09-21-2026 21:20:44:896,134104,185493
135.34,09-21-2026 21:20:44:906,134115,185487
135.35,09-21-2026 21:20:44:916,134118,185490
135.36,09-21-2026 21:20:44:926,134108,185494
135.37,09-21-2026 21:20:44:936,134117,185499
135.38,09-21-2026 21:20:44:946,134107,185501
135.39,09-21-2026 21:20:44:956,134121,185504
135.4,09-21-2026 21:20:44:966,134107,185508
135.41,09-21-2026 21:20:44:976,134125,185513
135.42,09-21-2026 21:20:44:986,134121,185509
135.43,09-21-2026 21:20:44:996,134114,185513
135.44,09-21-2026 21:20:45:006,134123,185506
135.45,09-21-2026 21:20:45:016,134127,185526
135.46,09-21-2026 21:20:45:026,134108,185505
135.47,09-21-2026 21:20:45:036,134109,185499
135.48,09-21-2026 21:20:45:046,134100,185519
135.49,09-21-2026 21:20:45:056,134112,185516
135.5,09-21-2026 21:20:45:066,134104,185514
135.51,09-21-2026 21:20:45:076,134125,185512
135.52,09-21-2026 21:20:45:086,134110,185507
135.53,09-21-2026 21:20:45:096,134123,185518
135.54,09-21-2026 21:20:45:106,134104,185524
135.55,09-21-2026 21:20:45:116,134135,185520
135.56,09-21-2026 21:20:45:126,134114,185541
135.57,09-21-2026 21:20:45:136,134136,185548
135.58,09-21-2026 21:20:45:146,134100,185542
135.59,09-21-2026 21:20:45:156,134128,185545
135.6,09-21-2026 21:20:45:166,134106,185555
135.61,09-21-2026 21:20:45:176,134141,185550
135.62,09-21-2026 21:20:45:186,134120,185570
135.63,09-21-2026 21:20:45:196,134146,185577
135.64,09-21-2026 21:20:45:206,134108,185577
135.65,09-21-2026 21:20:45:216,134136,185563
135.66,09-21-2026 21:20:45:226,134113,185591
135.67,09-21-2026 21:20:45:236,134130,185594
135.68,09-21-2026 21:20:45:246,134095,185595
135.69,09-21-2026 21:20:45:256,134142,185596
135.7,09-21-2026 21:20:45:266,134109,185614
135.71,09-21-2026 21:20:45:276,134146,185634
135.72,09-21-2026 21:20:45:286,134101,185625
135.73,09-21-2026 21:20:45:296,134144,185648
135.74,09-21-2026 21:20:45:306,134105,185652
135.75,09-21-2026 21:20:45:316,134163,185655
135.76,09-21-2026 21:20:45:326,134101,185629
135.77,09-21-2026 21:20:45:336,134162,185654
135.78,09-21-2026 21:20:45:346,134117,185663
135.79,09-21-2026 21:20:45:356,134161,185661
135.8,09-21-2026 21:20:45:366,134110,185675
135.81,09-21-2026 21:20:45:376,134170,185675
135.82,09-21-2026 21:20:45:386,134111,185680
135.83,09-21-2026 21:20:45:396,134151,185694
135.84,09-21-2026 21:20:45:406,134113,185694
135.85,09-21-2026 21:20:45:416,134159,185704
135.86,09-21-2026 21:20:45:426,134132,185712
135.87,09-21-2026 21:20:45:436,134164,185714
135.88,09-21-2026 21:20:45:446,134149,185721
135.89,09-21-2026 21:20:45:456,134163,185695
135.9,09-21-2026 21:20:45:466,134116,185693
135.91,09-21-2026 21:20:45:476,134145,185687
135.92,09-21-2026 21:20:45:486,134137,185687
135.93,09-21-2026 21:20:45:496,134149,185665
135.94,09-21-2026 21:20:45:506,134137,185660
135.95,09-21-2026 21:20:45:516,134163,185628
135.96,09-21-2026 21:20:45:526,134135,185629
135.97,09-21-2026 21:20:45:536,134150,185606
135.98,09-21-2026 21:20:45:546,134117,185611
135.99,09-21-2026 21:20:45:556,134146,185608
136,09-21-2026 21:20:45:566,134112,185623
136.01,09-21-2026 21:20:45:576,134146,185612
136.02,09-21-2026 21:20:45:586,134107,185596
136.03,09-21-2026 21:20:45:596,134131,185604
136.04,09-21-2026 21:20:45:606,134134,185611
136.05,09-21-2026 21:20:45:616,134133,185594
136.06,09-21-2026 21:20:45:626,134137,185588
136.07,09-21-2026 21:20:45:636,134146,185580
136.08,09-21-2026 21:20:45:646,134142,185580
136.09,09-21-2026 21:20:45:656,134134,185586
136.1,09-21-2026 21:20:45:666,134156,185600
136.11,09-21-2026 21:20:45:676,134126,185608
136.12,09-21-2026 21:20:45:686,134145,185593
136.13,09-21-2026 21:20:45:696,134128,185599
136.14,09-21-2026 21:20:45:706,134139,185594
136.15,09-21-2026 21:20:45:716,134144,185610
136.16,09-21-2026 21:20:45:726,134157,185617
136.17,09-21-2026 21:20:45:736,134147,185615
136.18,09-21-2026 21:20:45:746,134146,185600
136.19,09-21-2026 21:20:45:756,134136,185599
136.2,09-21-2026 21:20:45:766,134166,185603
136.21,09-21-2026 21:20:45:776,134138,185603
136.22,09-21-2026 21:20:45:786,134164,185608
136.23,09-21-2026 21:20:45:796,134150,185612
136.24,09-21-2026 21:20:45:806,134155,185612
136.25,09-21-2026 21:20:45:816,134149,185624
136.26,09-21-2026 21:20:45:826,134165,185627
136.27,09-21-2026 21:20:45:836,134144,185620
136.28,09-21-2026 21:20:45:846,134160,185621
136.29,09-21-2026 21:20:45:856,134144,185624
136.3,09-21-2026 21:20:45:866,134174,185638
136.31,09-21-2026 21:20:45:876,134147,185649
136.32,09-21-2026 21:20:45:886,134173,185637
136.33,09-21-2026 21:20:45:896,134139,185650
136.34,09-21-2026 21:20:45:906,134179,185653
136.35,09-21-2026 21:20:45:916,134154,185661
136.36,09-21-2026 21:20:45:926,134180,185652
136.37,09-21-2026 21:20:45:936,134151,185665
136.38,09-21-2026 21:20:45:946,134188,185676
136.39,09-21-2026 21:20:45:956,134135,185674
136.4,09-21-2026 21:20:45:966,134184,185674
136.41,09-21-2026 21:20:45:976,134173,185684
136.42,09-21-2026 21:20:45:986,134206,185697
136.43,09-21-2026 21:20:45:996,134166,185717
136.44,09-21-2026 21:20:46:006,134191,185708
136.45,09-21-2026 21:20:46:016,134165,185714
136.46,09-21-2026 21:20:46:026,134206,185705
136.47,09-21-2026 21:20:46:036,134167,185733
136.48,09-21-2026 21:20:46:046,134190,185723
136.49,09-21-2026 21:20:46:056,134158,185752
136.5,09-21-2026 21:20:46:066,134201,185758
136.51,09-21-2026 21:20:46:076,134173,185765
136.52,09-21-2026 21:20:46:086,134199,185765
136.53,09-21-2026 21:20:46:096,134170,185762
136.54,09-21-2026 21:20:46:106,134187,185784
136.55,09-21-2026 21:20:46:116,134185,185773
136.56,09-21-2026 21:20:46:126,134196,185789
136.57,09-21-2026 21:20:46:136,134180,185792
136.58,09-21-2026 21:20:46:146,134198,185772
136.59,09-21-2026 21:20:46:156,134165,185753
136.6,09-21-2026 21:20:46:166,134190,185739
136.61,09-21-2026 21:20:46:176,134169,185710
136.62,09-21-2026 21:20:46:186,134184,185723
136.63,09-21-2026 21:20:46:196,134180,185701
136.64,09-21-2026 21:20:46:206,134174,185708
136.65,09-21-2026 21:20:46:216,134172,185717
136.66,09-21-2026 21:20:46:226,134169,185712
136.67,09-21-2026 21:20:46:236,134157,185695
136.68,09-21-2026 21:20:46:246,134176,185697
136.69,09-21-2026 21:20:46:256,134172,185691
136.7,09-21-2026 21:20:46:266,134178,185679
136.71,09-21-2026 21:20:46:276,134152,185693
136.72,09-21-2026 21:20:46:286,134147,185686
136.73,09-21-2026 21:20:46:296,134159,185700
136.74,09-21-2026 21:20:46:306,134145,185679
136.75,09-21-2026 21:20:46:316,134149,185688
136.76,09-21-2026 21:20:46:326,134156,185688
136.77,09-21-2026 21:20:46:336,134148,185691
136.78,09-21-2026 21:20:46:346,134149,185691
136.79,09-21-2026 21:20:46:356,134143,185682
136.8,09-21-2026 21:20:46:366,134162,185702
136.81,09-21-2026 21:20:46:376,134158,185704
136.82,09-21-2026 21:20:46:386,134142,185673
136.83,09-21-2026 21:20:46:396,134133,185694
136.84,09-21-2026 21:20:46:406,134134,185694
136.85,09-21-2026 21:20:46:416,134147,185696
136.86,09-21-2026 21:20:46:426,134143,185705
136.87,09-21-2026 21:20:46:436,134156,185682
136.88,09-21-2026 21:20:46:446,134142,185688
136.89,09-21-2026 21:20:46:456,134156,185683
136.9,09-21-2026 21:20:46:466,134150,185689
136.91,09-21-2026 21:20:46:476,134146,185689
136.92,09-21-2026 21:20:46:486,134145,185695
136.93,09-21-2026 21:20:46:496,134137,185662
136.94,09-21-2026 21:20:46:506,134141,185711
136.95,09-21-2026 21:20:46:516,134162,185687
136.96,09-21-2026 21:20:46:526,134132,185702
136.97,09-21-2026 21:20:46:536,134130,185670
136.98,09-21-2026 21:20:46:546,134142,185701
136.99,09-21-2026 21:20:46:556,134144,185691
137,09-21-2026 21:20:46:566,134152,185730
137.01,09-21-2026 21:20:46:576,134147,185697
137.02,09-21-2026 21:20:46:586,134134,185748
137.03,09-21-2026 21:20:46:596,134146,185698
137.04,09-21-2026 21:20:46:606,134132,185748
137.05,09-21-2026 21:20:46:616,134168,185719
137.06,09-21-2026 21:20:46:626,134156,185758
137.07,09-21-2026 21:20:46:636,134157,185726
137.08,09-21-2026 21:20:46:646,134159,185755
137.09,09-21-2026 21:20:46:656,134169,185725
137.1,09-21-2026 21:20:46:666,134153,185791
137.11,09-21-2026 21:20:46:676,134149,185743
137.12,09-21-2026 21:20:46:686,134153,185814
137.13,09-21-2026 21:20:46:696,134157,185753
137.14,09-21-2026 21:20:46:706,134163,185798
137.15,09-21-2026 21:20:46:716,134159,185768
137.16,09-21-2026 21:20:46:726,134171,185812
137.17,09-21-2026 21:20:46:736,134176,185773
137.18,09-21-2026 21:20:46:746,134162,185814
137.19,09-21-2026 21:20:46:756,134172,185723
137.2,09-21-2026 21:20:46:766,134161,185807
137.21,09-21-2026 21:20:46:776,134170,185742
137.22,09-21-2026 21:20:46:786,134139,185762
137.23,09-21-2026 21:20:46:796,134155,185702
137.24,09-21-2026 21:20:46:806,134140,185758
137.25,09-21-2026 21:20:46:816,134155,185654
137.26,09-21-2026 21:20:46:826,134150,185730
137.27,09-21-2026 21:20:46:836,134147,185664
137.28,09-21-2026 21:20:46:846,134142,185712
137.29,09-21-2026 21:20:46:856,134131,185624
137.3,09-21-2026 21:20:46:866,134146,185694
137.31,09-21-2026 21:20:46:876,134124,185625
137.32,09-21-2026 21:20:46:886,134133,185693
137.33,09-21-2026 21:20:46:896,134141,185646
137.34,09-21-2026 21:20:46:906,134136,185682
137.35,09-21-2026 21:20:46:916,134122,185634
137.36,09-21-2026 21:20:46:926,134143,185660
137.37,09-21-2026 21:20:46:936,134140,185634
137.38,09-21-2026 21:20:46:946,134131,185680
137.39,09-21-2026 21:20:46:956,134140,185653
137.4,09-21-2026 21:20:46:966,134135,185671
137.41,09-21-2026 21:20:46:976,134125,185639
137.42,09-21-2026 21:20:46:986,134129,185659
137.43,09-21-2026 21:20:46:996,134135,185640
137.44,09-21-2026 21:20:47:006,134155,185677
137.45,09-21-2026 21:20:47:016,134132,185637
137.46,09-21-2026 21:20:47:026,134141,185673
137.47,09-21-2026 21:20:47:036,134124,185656
137.48,09-21-2026 21:20:47:046,134142,185690
137.49,09-21-2026 21:20:47:056,134132,185642
137.5,09-21-2026 21:20:47:066,134119,185656
137.51,09-21-2026 21:20:47:076,134118,185661
137.52,09-21-2026 21:20:47:086,134140,185634
137.53,09-21-2026 21:20:47:096,134119,185665
137.54,09-21-2026 21:20:47:106,134120,185650
137.55,09-21-2026 21:20:47:116,134118,185671
137.56,09-21-2026 21:20:47:126,134137,185658
137.57,09-21-2026 21:20:47:136,134129,185678
137.58,09-21-2026 21:20:47:146,134125,185662
137.59,09-21-2026 21:20:47:156,134130,185669
137.6,09-21-2026 21:20:47:166,134142,185670
137.61,09-21-2026 21:20:47:176,134145,185690
137.62,09-21-2026 21:20:47:186,134129,185672
137.63,09-21-2026 21:20:47:196,134130,185676
137.64,09-21-2026 21:20:47:206,134121,185673
137.65,09-21-2026 21:20:47:216,134128,185680
137.66,09-21-2026 21:20:47:226,134122,185659
137.67,09-21-2026 21:20:47:236,134115,185691
137.68,09-21-2026 21:20:47:246,134116,185679
137.69,09-21-2026 21:20:47:256,134134,185702
137.7,09-21-2026 21:20:47:266,134127,185692
137.71,09-21-2026 21:20:47:276,134113,185709
137.72,09-21-2026 21:20:47:286,134115,185688
137.73,09-21-2026 21:20:47:296,134132,185732
137.74,09-21-2026 21:20:47:306,134138,185701
137.75,09-21-2026 21:20:47:316,134135,185729
137.76,09-21-2026 21:20:47:326,134128,185713
137.77,09-21-2026 21:20:47:336,134136,185725
137.78,09-21-2026 21:20:47:346,134145,185714
137.79,09-21-2026 21:20:47:356,134118,185740
137.8,09-21-2026 21:20:47:366,134146,185687
137.81,09-21-2026 21:20:47:376,134119,185711
137.82,09-21-2026 21:20:47:386,134117,185673
137.83,09-21-2026 21:20:47:396,134123,185681
137.84,09-21-2026 21:20:47:406,134128,185633
137.85,09-21-2026 21:20:47:416,134136,185647
137.86,09-21-2026 21:20:47:426,134131,185599
137.87,09-21-2026 21:20:47:436,134093,185619
137.88,09-21-2026 21:20:47:446,134098,185605
137.89,09-21-2026 21:20:47:456,134108,185625
137.9,09-21-2026 21:20:47:466,134100,185573
137.91,09-21-2026 21:20:47:476,134118,185614
137.92,09-21-2026 21:20:47:486,134091,185575
137.93,09-21-2026 21:20:47:496,134102,185592
137.94,09-21-2026 21:20:47:506,134096,185537
137.95,09-21-2026 21:20:47:516,134096,185577
137.96,09-21-2026 21:20:47:526,134075,185543
137.97,09-21-2026 21:20:47:536,134083,185568
137.98,09-21-2026 21:20:47:546,134088,185522
137.99,09-21-2026 21:20:47:556,134074,185567
138,09-21-2026 21:20:47:566,134075,185528
138.01,09-21-2026 21:20:47:576,134077,185540
138.02,09-21-2026 21:20:47:586,134092,185520
138.03,09-21-2026 21:20:47:596,134078,185533
138.04,09-21-2026 21:20:47:606,134099,185520
138.05,09-21-2026 21:20:47:616,134091,185525
138.06,09-21-2026 21:20:47:626,134080,185515
138.07,09-21-2026 21:20:47:636,134075,185529
138.08,09-21-2026 21:20:47:646,134083,185524
138.09,09-21-2026 21:20:47:656,134082,185529
138.1,09-21-2026 21:20:47:666,134085,185486
138.11,09-21-2026 21:20:47:676,134089,185503
138.12,09-21-2026 21:20:47:686,134069,185485
138.13,09-21-2026 21:20:47:696,134071,185516
138.14,09-21-2026 21:20:47:706,134083,185496
138.15,09-21-2026 21:20:47:716,134081,185516
138.16,09-21-2026 21:20:47:726,134082,185494
138.17,09-21-2026 21:20:47:736,134075,185478
138.18,09-21-2026 21:20:47:746,134090,185485
138.19,09-21-2026 21:20:47:756,134083,185494
138.2,09-21-2026 21:20:47:766,134064,185481
138.21,09-21-2026 21:20:47:776,134060,185477
138.22,09-21-2026 21:20:47:786,134076,185475
138.23,09-21-2026 21:20:47:796,134073,185491
138.24,09-21-2026 21:20:47:806,134062,185497
138.25,09-21-2026 21:20:47:816,134077,185485
138.26,09-21-2026 21:20:47:826,134072,185497
138.27,09-21-2026 21:20:47:836,134083,185505
138.28,09-21-2026 21:20:47:846,134083,185507
138.29,09-21-2026 21:20:47:856,134082,185505
138.3,09-21-2026 21:20:47:866,134067,185515
138.31,09-21-2026 21:20:47:876,134092,185522
138.32,09-21-2026 21:20:47:886,134076,185533
138.33,09-21-2026 21:20:47:896,134087,185520
138.34,09-21-2026 21:20:47:906,134077,185513
138.35,09-21-2026 21:20:47:916,134068,185529
138.36,09-21-2026 21:20:47:926,134090,185536
138.37,09-21-2026 21:20:47:936,134081,185542
138.38,09-21-2026 21:20:47:946,134079,185531
138.39,09-21-2026 21:20:47:956,134070,185527
138.4,09-21-2026 21:20:47:966,134064,185521
138.41,09-21-2026 21:20:47:976,134077,185520
138.42,09-21-2026 21:20:47:986,134075,185488
138.43,09-21-2026 21:20:47:996,134085,185500
138.44,09-21-2026 21:20:48:006,134073,185470
138.45,09-21-2026 21:20:48:016,134033,185451
138.46,09-21-2026 21:20:48:026,134067,185423
138.47,09-21-2026 21:20:48:036,134044,185431
138.48,09-21-2026 21:20:48:046,134064,185416
138.49,09-21-2026 21:20:48:056,134072,185405
138.5,09-21-2026 21:20:48:066,134063,185395
138.51,09-21-2026 21:20:48:076,134046,185382
138.52,09-21-2026 21:20:48:086,134050,185381
138.53,09-21-2026 21:20:48:096,134053,185379
138.54,09-21-2026 21:20:48:106,134040,185365
138.55,09-21-2026 21:20:48:116,134029,185362
138.56,09-21-2026 21:20:48:126,134023,185332
138.57,09-21-2026 21:20:48:136,134022,185329
138.58,09-21-2026 21:20:48:146,134043,185336
138.59,09-21-2026 21:20:48:156,134015,185336
138.6,09-21-2026 21:20:48:166,134010,185314
138.61,09-21-2026 21:20:48:176,134028,185321
138.62,09-21-2026 21:20:48:186,134021,185322
138.63,09-21-2026 21:20:48:196,134018,185322
138.64,09-21-2026 21:20:48:206,134034,185308
138.65,09-21-2026 21:20:48:216,134006,185310
138.66,09-21-2026 21:20:48:226,134023,185313
138.67,09-21-2026 21:20:48:236,134017,185300
138.68,09-21-2026 21:20:48:246,134012,185307
138.69,09-21-2026 21:20:48:256,134012,185278
138.7,09-21-2026 21:20:48:266,133998,185304
138.71,09-21-2026 21:20:48:276,134005,185288
138.72,09-21-2026 21:20:48:286,134018,185303
138.73,09-21-2026 21:20:48:296,133986,185293
138.74,09-21-2026 21:20:48:306,134023,185295
138.75,09-21-2026 21:20:48:316,134000,185296
138.76,09-21-2026 21:20:48:326,134012,185301
138.77,09-21-2026 21:20:48:336,133978,185280
138.78,09-21-2026 21:20:48:346,134024,185292
138.79,09-21-2026 21:20:48:356,133997,185282
138.8,09-21-2026 21:20:48:366,134014,185294
138.81,09-21-2026 21:20:48:376,134003,185297
138.82,09-21-2026 21:20:48:386,134010,185305
138.83,09-21-2026 21:20:48:396,133993,185302
138.84,09-21-2026 21:20:48:406,134005,185309
138.85,09-21-2026 21:20:48:416,133980,185301
138.86,09-21-2026 21:20:48:426,134012,185302
138.87,09-21-2026 21:20:48:436,133982,185306
138.88,09-21-2026 21:20:48:446,134031,185301
138.89,09-21-2026 21:20:48:456,133973,185321
138.9,09-21-2026 21:20:48:466,134001,185310
138.91,09-21-2026 21:20:48:476,133963,185326
138.92,09-21-2026 21:20:48:486,134026,185318
138.93,09-21-2026 21:20:48:496,133966,185312
138.94,09-21-2026 21:20:48:506,134038,185343
138.95,09-21-2026 21:20:48:516,133973,185325
138.96,09-21-2026 21:20:48:526,134024,185354
138.97,09-21-2026 21:20:48:536,133975,185344
138.98,09-21-2026 21:20:48:546,134028,185342
138.99,09-21-2026 21:20:48:556,133967,185326
139,09-21-2026 21:20:48:566,134020,185360
139.01,09-21-2026 21:20:48:576,133960,185341
139.02,09-21-2026 21:20:48:586,134004,185361
139.03,09-21-2026 21:20:48:596,133968,185366
139.04,09-21-2026 21:20:48:606,134008,185335
139.05,09-21-2026 21:20:48:616,133982,185330
139.06,09-21-2026 21:20:48:626,134022,185301
139.07,09-21-2026 21:20:48:636,133976,185298
139.08,09-21-2026 21:20:48:646,134000,185274
139.09,09-21-2026 21:20:48:656,133962,185277
139.1,09-21-2026 21:20:48:666,133988,185264
139.11,09-21-2026 21:20:48:676,133964,185231
139.12,09-21-2026 21:20:48:686,133994,185229
139.13,09-21-2026 21:20:48:696,133963,185220
139.14,09-21-2026 21:20:48:706,133991,185206
139.15,09-21-2026 21:20:48:716,133963,185208
139.16,09-21-2026 21:20:48:726,133980,185196
139.17,09-21-2026 21:20:48:736,133951,185189
139.18,09-21-2026 21:20:48:746,133985,185187
139.19,09-21-2026 21:20:48:756,133954,185193
139.2,09-21-2026 21:20:48:766,133962,185180
139.21,09-21-2026 21:20:48:776,133964,185173
139.22,09-21-2026 21:20:48:786,133977,185168
139.23,09-21-2026 21:20:48:796,133947,185160
139.24,09-21-2026 21:20:48:806,133980,185185
139.25,09-21-2026 21:20:48:816,133977,185177
139.26,09-21-2026 21:20:48:826,133969,185183
139.27,09-21-2026 21:20:48:836,133972,185184
139.28,09-21-2026 21:20:48:846,133975,185169
139.29,09-21-2026 21:20:48:856,133985,185156
139.3,09-21-2026 21:20:48:866,133956,185173
139.31,09-21-2026 21:20:48:876,133987,185151
139.32,09-21-2026 21:20:48:886,133956,185159
139.33,09-21-2026 21:20:48:896,133976,185158
139.34,09-21-2026 21:20:48:906,133963,185151
139.35,09-21-2026 21:20:48:916,133981,185141
139.36,09-21-2026 21:20:48:926,133970,185136
139.37,09-21-2026 21:20:48:936,133975,185144
139.38,09-21-2026 21:20:48:946,133972,185141
139.39,09-21-2026 21:20:48:956,133972,185130
139.4,09-21-2026 21:20:48:966,133960,185147
139.41,09-21-2026 21:20:48:976,133979,185156
139.42,09-21-2026 21:20:48:986,133960,185172
139.43,09-21-2026 21:20:48:996,133990,185147
139.44,09-21-2026 21:20:49:006,133961,185150
139.45,09-21-2026 21:20:49:016,133981,185180
139.46,09-21-2026 21:20:49:026,133973,185165
139.47,09-21-2026 21:20:49:036,133996,185149
139.48,09-21-2026 21:20:49:046,133963,185165
139.49,09-21-2026 21:20:49:056,134011,185154
139.5,09-21-2026 21:20:49:066,133967,185169
139.51,09-21-2026 21:20:49:076,133999,185165
139.52,09-21-2026 21:20:49:086,133965,185185
139.53,09-21-2026 21:20:49:096,134009,185180
139.54,09-21-2026 21:20:49:106,133982,185198
139.55,09-21-2026 21:20:49:116,134021,185204
139.56,09-21-2026 21:20:49:126,133976,185197
139.57,09-21-2026 21:20:49:136,134024,185196
139.58,09-21-2026 21:20:49:146,133984,185225
139.59,09-21-2026 21:20:49:156,134022,185238
139.6,09-21-2026 21:20:49:166,133999,185234
139.61,09-21-2026 21:20:49:176,134008,185237
139.62,09-21-2026 21:20:49:186,133996,185241
139.63,09-21-2026 21:20:49:196,134025,185234
139.64,09-21-2026 21:20:49:206,133981,185239
139.65,09-21-2026 21:20:49:216,134021,185237
139.66,09-21-2026 21:20:49:226,133979,185230
139.67,09-21-2026 21:20:49:236,134020,185227
139.68,09-21-2026 21:20:49:246,133980,185201
139.69,09-21-2026 21:20:49:256,134026,185199
139.7,09-21-2026 21:20:49:266,133975,185172
139.71,09-21-2026 21:20:49:276,133981,185153
139.72,09-21-2026 21:20:49:286,133980,185122
139.73,09-21-2026 21:20:49:296,133968,185138
139.74,09-21-2026 21:20:49:306,133961,185123
139.75,09-21-2026 21:20:49:316,133981,185109
139.76,09-21-2026 21:20:49:326,133944,185096
139.77,09-21-2026 21:20:49:336,133971,185084
139.78,09-21-2026 21:20:49:346,133951,185077
139.79,09-21-2026 21:20:49:356,133940,185090
139.8,09-21-2026 21:20:49:366,133953,185064
139.81,09-21-2026 21:20:49:376,133971,185049
139.82,09-21-2026 21:20:49:386,133934,185026
139.83,09-21-2026 21:20:49:396,133946,185026
139.84,09-21-2026 21:20:49:406,133934,185022
139.85,09-21-2026 21:20:49:416,133952,185052
139.86,09-21-2026 21:20:49:426,133927,185032
139.87,09-21-2026 21:20:49:436,133929,185033
139.88,09-21-2026 21:20:49:446,133918,185005
139.89,09-21-2026 21:20:49:456,133921,185016
139.9,09-21-2026 21:20:49:466,133932,185013
139.91,09-21-2026 21:20:49:476,133925,185021
139.92,09-21-2026 21:20:49:486,133934,184995
139.93,09-21-2026 21:20:49:496,133921,185008
139.94,09-21-2026 21:20:49:506,133918,185003
139.95,09-21-2026 21:20:49:516,133930,185019
139.96,09-21-2026 21:20:49:526,133921,184986
139.97,09-21-2026 21:20:49:536,133927,185022
139.98,09-21-2026 21:20:49:546,133934,185011
139.99,09-21-2026 21:20:49:556,133926,185005
140,09-21-2026 21:20:49:566,133941,185005
140.01,09-21-2026 21:20:49:576,133933,185024
140.02,09-21-2026 21:20:49:586,133931,185002
140.03,09-21-2026 21:20:49:596,133922,185032
140.04,09-21-2026 21:20:49:606,133920,185007
140.05,09-21-2026 21:20:49:616,133922,185020
140.06,09-21-2026 21:20:49:626,133928,185003
140.07,09-21-2026 21:20:49:636,133914,185031
140.08,09-21-2026 21:20:49:646,133932,185005
140.09,09-21-2026 21:20:49:656,133935,185024
140.1,09-21-2026 21:20:49:666,133919,185012
140.11,09-21-2026 21:20:49:676,133924,185023
140.12,09-21-2026 21:20:49:686,133919,185021
140.13,09-21-2026 21:20:49:696,133936,185032
140.14,09-21-2026 21:20:49:706,133936,185017
140.15,09-21-2026 21:20:49:716,133933,185040
140.16,09-21-2026 21:20:49:726,133922,185016
140.17,09-21-2026 21:20:49:736,133932,185074
140.18,09-21-2026 21:20:49:746,133933,185016
140.19,09-21-2026 21:20:49:756,133920,185064
140.2,09-21-2026 21:20:49:766,133945,185046
140.21,09-21-2026 21:20:49:776,133944,185086
140.22,09-21-2026 21:20:49:786,133945,185053
140.23,09-21-2026 21:20:49:796,133947,185104
140.24,09-21-2026 21:20:49:806,133944,185072
140.25,09-21-2026 21:20:49:816,133947,185121
140.26,09-21-2026 21:20:49:826,133942,185086
140.27,09-21-2026 21:20:49:836,133944,185107
140.28,09-21-2026 21:20:49:846,133947,185076
140.29,09-21-2026 21:20:49:856,133949,185125
140.3,09-21-2026 21:20:49:866,133935,185051
140.31,09-21-2026 21:20:49:876,133942,185087
140.32,09-21-2026 21:20:49:886,133935,185041
140.33,09-21-2026 21:20:49:896,133943,185077
140.34,09-21-2026 21:20:49:906,133939,185001
140.35,09-21-2026 21:20:49:916,133931,185055
140.36,09-21-2026 21:20:49:926,133937,184983
140.37,09-21-2026 21:20:49:936,133925,185011
140.38,09-21-2026 21:20:49:946,133923,184957
140.39,09-21-2026 21:20:49:956,133922,184979
140.4,09-21-2026 21:20:49:966,133919,184933
140.41,09-21-2026 21:20:49:976,133910,185000
140.42,09-21-2026 21:20:49:986,133910,184952
140.43,09-21-2026 21:20:49:996,133918,184971
140.44,09-21-2026 21:20:50:006,133946,184926
140.45,09-21-2026 21:20:50:016,133910,184982
140.46,09-21-2026 21:20:50:026,133918,184915
140.47,09-21-2026 21:20:50:036,133903,184941
140.48,09-21-2026 21:20:50:046,133908,184918
140.49,09-21-2026 21:20:50:056,133924,184946
140.5,09-21-2026 21:20:50:066,133903,184915
140.51,09-21-2026 21:20:50:076,133908,184941
140.52,09-21-2026 21:20:50:086,133920,184889
140.53,09-21-2026 21:20:50:096,133905,184931
140.54,09-21-2026 21:20:50:106,133905,184911
140.55,09-21-2026 21:20:50:116,133893,184934
140.56,09-21-2026 21:20:50:126,133907,184908
140.57,09-21-2026 21:20:50:136,133898,184937
140.58,09-21-2026 21:20:50:146,133907,184925
140.59,09-21-2026 21:20:50:156,133903,184924
140.6,09-21-2026 21:20:50:166,133918,184907
140.61,09-21-2026 21:20:50:176,133900,184924
140.62,09-21-2026 21:20:50:186,133901,184918
140.63,09-21-2026 21:20:50:196,133899,184937
140.64,09-21-2026 21:20:50:206,133897,184941
140.65,09-21-2026 21:20:50:216,133895,184935
140.66,09-21-2026 21:20:50:226,133912,184932
140.67,09-21-2026 21:20:50:236,133925,184952
140.68,09-21-2026 21:20:50:246,133918,184954
140.69,09-21-2026 21:20:50:256,133912,184943
140.7,09-21-2026 21:20:50:266,133933,184960
140.71,09-21-2026 21:20:50:276,133923,184966
140.72,09-21-2026 21:20:50:286,133918,184981
140.73,09-21-2026 21:20:50:296,133921,184964
140.74,09-21-2026 21:20:50:306,133914,184984
140.75,09-21-2026 21:20:50:316,133916,184974
140.76,09-21-2026 21:20:50:326,133913,184985
140.77,09-21-2026 21:20:50:336,133920,184998
140.78,09-21-2026 21:20:50:346,133918,185015
140.79,09-21-2026 21:20:50:356,133911,185007
140.8,09-21-2026 21:20:50:366,133923,185004
140.81,09-21-2026 21:20:50:376,133933,184997
140.82,09-21-2026 21:20:50:386,133914,185022
140.83,09-21-2026 21:20:50:396,133902,185011
140.84,09-21-2026 21:20:50:406,133936,185052
140.85,09-21-2026 21:20:50:416,133924,185015
140.86,09-21-2026 21:20:50:426,133928,185059
140.87,09-21-2026 21:20:50:436,133938,185043
140.88,09-21-2026 21:20:50:446,133934,185065
140.89,09-21-2026 21:20:50:456,133942,185071
140.9,09-21-2026 21:20:50:466,133950,185099
140.91,09-21-2026 21:20:50:476,133959,185072
140.92,09-21-2026 21:20:50:486,133957,185091
140.93,09-21-2026 21:20:50:496,133934,185079
140.94,09-21-2026 21:20:50:506,133952,185109
140.95,09-21-2026 21:20:50:516,133962,185106
140.96,09-21-2026 21:20:50:526,133959,185137
140.97,09-21-2026 21:20:50:536,133958,185098
140.98,09-21-2026 21:20:50:546,133958,185140
140.99,09-21-2026 21:20:50:556,133948,185110
141,09-21-2026 21:20:50:566,133934,185143
141.01,09-21-2026 21:20:50:576,133979,185139
141.02,09-21-2026 21:20:50:586,133969,185177
141.03,09-21-2026 21:20:50:596,133966,185153
141.04,09-21-2026 21:20:50:606,133959,185167
141.05,09-21-2026 21:20:50:616,133964,185171
141.06,09-21-2026 21:20:50:626,133968,185193
141.07,09-21-2026 21:20:50:636,133964,185142
141.08,09-21-2026 21:20:50:646,133949,185151
141.09,09-21-2026 21:20:50:656,133958,185111
141.1,09-21-2026 21:20:50:666,133954,185158
141.11,09-21-2026 21:20:50:676,133949,185077
141.12,09-21-2026 21:20:50:686,133951,185098
141.13,09-21-2026 21:20:50:696,133943,185065
141.14,09-21-2026 21:20:50:706,133934,185059
141.15,09-21-2026 21:20:50:716,133939,185048
141.16,09-21-2026 21:20:50:726,133929,185055
141.17,09-21-2026 21:20:50:736,133951,185036
141.18,09-21-2026 21:20:50:746,133930,185054
141.19,09-21-2026 21:20:50:756,133934,185034
141.2,09-21-2026 21:20:50:766,133916,185042
141.21,09-21-2026 21:20:50:776,133922,185017
141.22,09-21-2026 21:20:50:786,133937,185019
141.23,09-21-2026 21:20:50:796,133920,185035
141.24,09-21-2026 21:20:50:806,133938,185034
141.25,09-21-2026 21:20:50:816,133909,184997
141.26,09-21-2026 21:20:50:826,133928,185004
141.27,09-21-2026 21:20:50:836,133917,184984
141.28,09-21-2026 21:20:50:846,133930,185006
141.29,09-21-2026 21:20:50:856,133927,184991
141.3,09-21-2026 21:20:50:866,133929,185015
141.31,09-21-2026 21:20:50:876,133936,185001
141.32,09-21-2026 21:20:50:886,133924,185000
141.33,09-21-2026 21:20:50:896,133915,184988
141.34,09-21-2026 21:20:50:906,133921,184990
141.35,09-21-2026 21:20:50:916,133922,184989
141.36,09-21-2026 21:20:50:926,133935,184984
141.37,09-21-2026 21:20:50:936,133923,184998
141.38,09-21-2026 21:20:50:946,133931,184999
141.39,09-21-2026 21:20:50:956,133926,185014
141.4,09-21-2026 21:20:50:966,133931,184992
141.41,09-21-2026 21:20:50:976,133923,184994
141.42,09-21-2026 21:20:50:986,133942,184999
141.43,09-21-2026 21:20:50:996,133911,185014
141.44,09-21-2026 21:20:51:006,133923,185008
141.45,09-21-2026 21:20:51:016,133931,185007
141.46,09-21-2026 21:20:51:026,133918,185039
141.47,09-21-2026 21:20:51:036,133920,185003
141.48,09-21-2026 21:20:51:046,133908,185023
141.49,09-21-2026 21:20:51:056,133921,185043
141.5,09-21-2026 21:20:51:066,133948,185018
141.51,09-21-2026 21:20:51:076,133939,185038
141.52,09-21-2026 21:20:51:086,133951,185036
141.53,09-21-2026 21:20:51:096,133932,185033
141.54,09-21-2026 21:20:51:106,133936,185046
141.55,09-21-2026 21:20:51:116,133924,185064
141.56,09-21-2026 21:20:51:126,133937,185063
141.57,09-21-2026 21:20:51:136,133925,185070
141.58,09-21-2026 21:20:51:146,133926,185078
141.59,09-21-2026 21:20:51:156,133948,185085
141.6,09-21-2026 21:20:51:166,133952,185109
141.61,09-21-2026 21:20:51:176,133938,185076
141.62,09-21-2026 21:20:51:186,133946,185117
141.63,09-21-2026 21:20:51:196,133949,185105
141.64,09-21-2026 21:20:51:206,133958,185115
141.65,09-21-2026 21:20:51:216,133968,185121
141.66,09-21-2026 21:20:51:226,133955,185124
141.67,09-21-2026 21:20:51:236,133949,185130
141.68,09-21-2026 21:20:51:246,133959,185140
141.69,09-21-2026 21:20:51:256,133958,185172
141.7,09-21-2026 21:20:51:266,133967,185164
141.71,09-21-2026 21:20:51:276,133946,185165
141.72,09-21-2026 21:20:51:286,133953,185189
141.73,09-21-2026 21:20:51:296,133961,185172
141.74,09-21-2026 21:20:51:306,133964,185168
141.75,09-21-2026 21:20:51:316,133965,185195
141.76,09-21-2026 21:20:51:326,133975,185200
141.77,09-21-2026 21:20:51:336,133990,185190
141.78,09-21-2026 21:20:51:346,133966,185215
141.79,09-21-2026 21:20:51:356,133980,185201
141.8,09-21-2026 21:20:51:366,133966,185173
141.81,09-21-2026 21:20:51:376,133968,185167
141.82,09-21-2026 21:20:51:386,133948,185148
141.83,09-21-2026 21:20:51:396,133965,185150
141.84,09-21-2026 21:20:51:406,133947,185148
141.85,09-21-2026 21:20:51:416,133963,185126
141.86,09-21-2026 21:20:51:426,133946,185130
141.87,09-21-2026 21:20:51:436,133962,185102
141.88,09-21-2026 21:20:51:446,133940,185131
141.89,09-21-2026 21:20:51:456,133949,185125
141.9,09-21-2026 21:20:51:466,133930,185104
141.91,09-21-2026 21:20:51:476,133952,185120
141.92,09-21-2026 21:20:51:486,133944,185106
141.93,09-21-2026 21:20:51:496,133961,185137
141.94,09-21-2026 21:20:51:506,133927,185071
141.95,09-21-2026 21:20:51:516,133958,185092
141.96,09-21-2026 21:20:51:526,133919,185100
141.97,09-21-2026 21:20:51:536,133946,185135
141.98,09-21-2026 21:20:51:546,133913,185098
141.99,09-21-2026 21:20:51:556,133956,185112
142,09-21-2026 21:20:51:566,133935,185118
142.01,09-21-2026 21:20:51:576,133948,185128
142.02,09-21-2026 21:20:51:586,133930,185117
142.03,09-21-2026 21:20:51:596,133972,185120
142.04,09-21-2026 21:20:51:606,133932,185113
142.05,09-21-2026 21:20:51:616,133965,185111
142.06,09-21-2026 21:20:51:626,133919,185115
142.07,09-21-2026 21:20:51:636,133956,185125
142.08,09-21-2026 21:20:51:646,133918,185123
142.09,09-21-2026 21:20:51:656,133966,185120
142.1,09-21-2026 21:20:51:666,133907,185127
142.11,09-21-2026 21:20:51:676,133948,185128
142.12,09-21-2026 21:20:51:686,133922,185135
142.13,09-21-2026 21:20:51:696,133953,185136
142.14,09-21-2026 21:20:51:706,133909,185155
142.15,09-21-2026 21:20:51:716,133965,185148
142.16,09-21-2026 21:20:51:726,133917,185158
142.17,09-21-2026 21:20:51:736,133964,185173
142.18,09-21-2026 21:20:51:746,133905,185169
142.19,09-21-2026 21:20:51:756,133958,185174
142.2,09-21-2026 21:20:51:766,133936,185147
142.21,09-21-2026 21:20:51:776,133956,185171
142.22,09-21-2026 21:20:51:786,133918,185155
142.23,09-21-2026 21:20:51:796,133958,185176
142.24,09-21-2026 21:20:51:806,133923,185164
142.25,09-21-2026 21:20:51:816,133981,185194
142.26,09-21-2026 21:20:51:826,133944,185185
142.27,09-21-2026 21:20:51:836,133965,185183
142.28,09-21-2026 21:20:51:846,133961,185221
142.29,09-21-2026 21:20:51:856,133973,185202
142.3,09-21-2026 21:20:51:866,133963,185209
142.31,09-21-2026 21:20:51:876,133971,185224
142.32,09-21-2026 21:20:51:886,133963,185223
142.33,09-21-2026 21:20:51:896,133988,185239
142.34,09-21-2026 21:20:51:906,133978,185243
142.35,09-21-2026 21:20:51:916,133982,185244
142.36,09-21-2026 21:20:51:926,133961,185249
142.37,09-21-2026 21:20:51:936,133989,185268
142.38,09-21-2026 21:20:51:946,133979,185263
142.39,09-21-2026 21:20:51:956,133984,185282
142.4,09-21-2026 21:20:51:966,134005,185285
142.41,09-21-2026 21:20:51:976,133996,185286
142.42,09-21-2026 21:20:51:986,133992,185303
142.43,09-21-2026 21:20:51:996,134002,185312
142.44,09-21-2026 21:20:52:006,133998,185297
142.45,09-21-2026 21:20:52:016,133989,185288
142.46,09-21-2026 21:20:52:026,134018,185287
142.47,09-21-2026 21:20:52:036,133981,185280
142.48,09-21-2026 21:20:52:046,134009,185287
142.49,09-21-2026 21:20:52:056,133981,185262
142.5,09-21-2026 21:20:52:066,134012,185269
142.51,09-21-2026 21:20:52:076,133985,185246
142.52,09-21-2026 21:20:52:086,134010,185233
142.53,09-21-2026 21:20:52:096,133974,185240
142.54,09-21-2026 21:20:52:106,134009,185220
142.55,09-21-2026 21:20:52:116,133983,185230
142.56,09-21-2026 21:20:52:126,134005,185237
142.57,09-21-2026 21:20:52:136,134002,185227
142.58,09-21-2026 21:20:52:146,134019,185223
142.59,09-21-2026 21:20:52:156,133985,185229
142.6,09-21-2026 21:20:52:166,134019,185221
142.61,09-21-2026 21:20:52:176,133991,185229
142.62,09-21-2026 21:20:52:186,134020,185224
142.63,09-21-2026 21:20:52:196,134004,185213
142.64,09-21-2026 21:20:52:206,134006,185239
142.65,09-21-2026 21:20:52:216,133966,185219
142.66,09-21-2026 21:20:52:226,133996,185206
142.67,09-21-2026 21:20:52:236,133984,185238
142.68,09-21-2026 21:20:52:246,134002,185231
142.69,09-21-2026 21:20:52:256,133986,185231
142.7,09-21-2026 21:20:52:266,134011,185239
142.71,09-21-2026 21:20:52:276,133982,185234
142.72,09-21-2026 21:20:52:286,133985,185245
142.73,09-21-2026 21:20:52:296,133989,185231
142.74,09-21-2026 21:20:52:306,134001,185226
142.75,09-21-2026 21:20:52:316,133985,185244
142.76,09-21-2026 21:20:52:326,134001,185225
142.77,09-21-2026 21:20:52:336,133990,185234
142.78,09-21-2026 21:20:52:346,134022,185241
142.79,09-21-2026 21:20:52:356,133983,185257
142.8,09-21-2026 21:20:52:366,134005,185246
142.81,09-21-2026 21:20:52:376,133993,185253
142.82,09-21-2026 21:20:52:386,134001,185264
142.83,09-21-2026 21:20:52:396,133994,185252
142.84,09-21-2026 21:20:52:406,133996,185265
142.85,09-21-2026 21:20:52:416,133994,185282
142.86,09-21-2026 21:20:52:426,134005,185274
142.87,09-21-2026 21:20:52:436,133993,185277
142.88,09-21-2026 21:20:52:446,133995,185270
142.89,09-21-2026 21:20:52:456,134000,185278
142.9,09-21-2026 21:20:52:466,133989,185306
142.91,09-21-2026 21:20:52:476,133998,185287
142.92,09-21-2026 21:20:52:486,134000,185297
142.93,09-21-2026 21:20:52:496,133992,185284
142.94,09-21-2026 21:20:52:506,133987,185316
142.95,09-21-2026 21:20:52:516,134012,185297
142.96,09-21-2026 21:20:52:526,134031,185335
142.97,09-21-2026 21:20:52:536,134026,185304
142.98,09-21-2026 21:20:52:546,134015,185348
142.99,09-21-2026 21:20:52:556,134019,185315
143,09-21-2026 21:20:52:566,134019,185315
143.01,09-21-2026 21:20:52:576,134022,185367
143.02,09-21-2026 21:20:52:586,134016,185323
143.03,09-21-2026 21:20:52:596,134017,185378
143.04,09-21-2026 21:20:52:606,134021,185340
143.05,09-21-2026 21:20:52:616,134024,185390
143.06,09-21-2026 21:20:52:626,134020,185324
143.07,09-21-2026 21:20:52:636,134015,185414
143.08,09-21-2026 21:20:52:646,134013,185366
143.09,09-21-2026 21:20:52:656,134034,185410
143.1,09-21-2026 21:20:52:666,134035,185379
143.11,09-21-2026 21:20:52:676,134025,185424
143.12,09-21-2026 21:20:52:686,134039,185397
143.13,09-21-2026 21:20:52:696,134030,185447
143.14,09-21-2026 21:20:52:706,134039,185410
143.15,09-21-2026 21:20:52:716,134054,185469
143.16,09-21-2026 21:20:52:726,134049,185445
143.17,09-21-2026 21:20:52:736,134048,185465
143.18,09-21-2026 21:20:52:746,134037,185401
143.19,09-21-2026 21:20:52:756,134047,185444
143.2,09-21-2026 21:20:52:766,134027,185381
143.21,09-21-2026 21:20:52:776,134021,185418
143.22,09-21-2026 21:20:52:786,134027,185354
143.23,09-21-2026 21:20:52:796,134019,185401
143.24,09-21-2026 21:20:52:806,134040,185343
143.25,09-21-2026 21:20:52:816,134022,185389
143.26,09-21-2026 21:20:52:826,134018,185334
143.27,09-21-2026 21:20:52:836,134024,185376
143.28,09-21-2026 21:20:52:846,134031,185367
143.29,09-21-2026 21:20:52:856,134015,185386
143.3,09-21-2026 21:20:52:866,134023,185360
143.31,09-21-2026 21:20:52:876,134021,185387
143.32,09-21-2026 21:20:52:886,134014,185350
143.33,09-21-2026 21:20:52:896,134020,185378
143.34,09-21-2026 21:20:52:906,134027,185352
143.35,09-21-2026 21:20:52:916,134029,185371
143.36,09-21-2026 21:20:52:926,134035,185345
143.37,09-21-2026 21:20:52:936,134019,185372
143.38,09-21-2026 21:20:52:946,134019,185354
143.39,09-21-2026 21:20:52:956,134034,185400
143.4,09-21-2026 21:20:52:966,134017,185385
143.41,09-21-2026 21:20:52:976,134034,185397
143.42,09-21-2026 21:20:52:986,134029,185409
143.43,09-21-2026 21:20:52:996,134028,185399
143.44,09-21-2026 21:20:53:006,134024,185412
143.45,09-21-2026 21:20:53:016,134025,185402
143.46,09-21-2026 21:20:53:026,134023,185422
143.47,09-21-2026 21:20:53:036,134033,185395
143.48,09-21-2026 21:20:53:046,134022,185418
143.49,09-21-2026 21:20:53:056,134028,185394
143.5,09-21-2026 21:20:53:066,134013,185416
143.51,09-21-2026 21:20:53:076,134027,185416
143.52,09-21-2026 21:20:53:086,134035,185431
143.53,09-21-2026 21:20:53:096,134021,185421
143.54,09-21-2026 21:20:53:106,134023,185436
143.55,09-21-2026 21:20:53:116,134039,185440
143.56,09-21-2026 21:20:53:126,134036,185453
143.57,09-21-2026 21:20:53:136,134038,185437
143.58,09-21-2026 21:20:53:146,134040,185475
143.59,09-21-2026 21:20:53:156,134044,185443
143.6,09-21-2026 21:20:53:166,134026,185479
143.61,09-21-2026 21:20:53:176,134033,185454
143.62,09-21-2026 21:20:53:186,134040,185482
143.63,09-21-2026 21:20:53:196,134044,185460
143.64,09-21-2026 21:20:53:206,134036,185494
143.65,09-21-2026 21:20:53:216,134047,185481
143.66,09-21-2026 21:20:53:226,134060,185533
143.67,09-21-2026 21:20:53:236,134039,185495
143.68,09-21-2026 21:20:53:246,134029,185562
143.69,09-21-2026 21:20:53:256,134049,185524
143.7,09-21-2026 21:20:53:266,134041,185574
143.71,09-21-2026 21:20:53:276,134056,185536
143.72,09-21-2026 21:20:53:286,134044,185560
143.73,09-21-2026 21:20:53:296,134069,185558
143.74,09-21-2026 21:20:53:306,134061,185572
143.75,09-21-2026 21:20:53:316,134063,185540
143.76,09-21-2026 21:20:53:326,134057,185557
143.77,09-21-2026 21:20:53:336,134064,185572
143.78,09-21-2026 21:20:53:346,134077,185602
143.79,09-21-2026 21:20:53:356,134075,185598
143.8,09-21-2026 21:20:53:366,134062,185615
143.81,09-21-2026 21:20:53:376,134082,185598
143.82,09-21-2026 21:20:53:386,134087,185640
143.83,09-21-2026 21:20:53:396,134079,185630
143.84,09-21-2026 21:20:53:406,134050,185657
143.85,09-21-2026 21:20:53:416,134082,185653
143.86,09-21-2026 21:20:53:426,134076,185651
143.87,09-21-2026 21:20:53:436,134100,185653
143.88,09-21-2026 21:20:53:446,134085,185682
143.89,09-21-2026 21:20:53:456,134091,185693
143.9,09-21-2026 21:20:53:466,134106,185710
143.91,09-21-2026 21:20:53:476,134109,185695
143.92,09-21-2026 21:20:53:486,134099,185681
143.93,09-21-2026 21:20:53:496,134109,185689
143.94,09-21-2026 21:20:53:506,134100,185683
143.95,09-21-2026 21:20:53:516,134099,185643
143.96,09-21-2026 21:20:53:526,134063,185627
143.97,09-21-2026 21:20:53:536,134076,185591
143.98,09-21-2026 21:20:53:546,134057,185589
143.99,09-21-2026 21:20:53:556,134026,185547
144,09-21-2026 21:20:53:566,134020,185547
144.01,09-21-2026 21:20:53:576,134012,185534
144.02,09-21-2026 21:20:53:586,134001,185518
144.03,09-21-2026 21:20:53:596,134000,185472
144.04,09-21-2026 21:20:53:606,134005,185436
144.05,09-21-2026 21:20:53:616,133970,185424
144.06,09-21-2026 21:20:53:626,133956,185420
144.07,09-21-2026 21:20:53:636,133929,185410
144.08,09-21-2026 21:20:53:646,133937,185398
144.09,09-21-2026 21:20:53:656,133908,185346
144.1,09-21-2026 21:20:53:666,133908,185338
144.11,09-21-2026 21:20:53:676,133891,185340
144.12,09-21-2026 21:20:53:686,133875,185306
144.13,09-21-2026 21:20:53:696,133865,185292
144.14,09-21-2026 21:20:53:706,133853,185262
144.15,09-21-2026 21:20:53:716,133837,185238
144.16,09-21-2026 21:20:53:726,133811,185224
144.17,09-21-2026 21:20:53:736,133811,185218
144.18,09-21-2026 21:20:53:746,133797,185188
144.19,09-21-2026 21:20:53:756,133787,185176
144.2,09-21-2026 21:20:53:766,133749,185142
144.21,09-21-2026 21:20:53:776,133755,185127
144.22,09-21-2026 21:20:53:786,133729,185113
144.23,09-21-2026 21:20:53:796,133729,185077
144.24,09-21-2026 21:20:53:806,133699,185067
144.25,09-21-2026 21:20:53:816,133709,185067
144.26,09-21-2026 21:20:53:826,133687,185047
144.27,09-21-2026 21:20:53:836,133695,185031
144.28,09-21-2026 21:20:53:846,133661,185003
144.29,09-21-2026 21:20:53:856,133675,185013
144.3,09-21-2026 21:20:53:866,133623,184989
144.31,09-21-2026 21:20:53:876,133670,184988
144.32,09-21-2026 21:20:53:886,133629,184976
144.33,09-21-2026 21:20:53:896,133670,184990
144.34,09-21-2026 21:20:53:906,133620,184992
144.35,09-21-2026 21:20:53:916,133663,185002
144.36,09-21-2026 21:20:53:926,133649,185018
144.37,09-21-2026 21:20:53:936,133668,185007
144.38,09-21-2026 21:20:53:946,133648,185007
144.39,09-21-2026 21:20:53:956,133682,185007
144.4,09-21-2026 21:20:53:966,133641,185020
144.41,09-21-2026 21:20:53:976,133687,185042
144.42,09-21-2026 21:20:53:986,133659,185059
144.43,09-21-2026 21:20:53:996,133702,185035
144.44,09-21-2026 21:20:54:006,133651,185048
144.45,09-21-2026 21:20:54:016,133703,185057
144.46,09-21-2026 21:20:54:026,133659,185064
144.47,09-21-2026 21:20:54:036,133712,185079
144.48,09-21-2026 21:20:54:046,133675,185103
144.49,09-21-2026 21:20:54:056,133733,185107
144.5,09-21-2026 21:20:54:066,133692,185129
144.51,09-21-2026 21:20:54:076,133740,185157
144.52,09-21-2026 21:20:54:086,133747,185163
144.53,09-21-2026 21:20:54:096,133752,185187
144.54,09-21-2026 21:20:54:106,133741,185193
144.55,09-21-2026 21:20:54:116,133780,185207
144.56,09-21-2026 21:20:54:126,133763,185215
144.57,09-21-2026 21:20:54:136,133797,185245
144.58,09-21-2026 21:20:54:146,133792,185291
144.59,09-21-2026 21:20:54:156,133850,185329
144.6,09-21-2026 21:20:54:166,133845,185349
144.61,09-21-2026 21:20:54:176,133885,185390
144.62,09-21-2026 21:20:54:186,133868,185417
144.63,09-21-2026 21:20:54:196,133898,185416
144.64,09-21-2026 21:20:54:206,133910,185423
144.65,09-21-2026 21:20:54:216,133925,185422
144.66,09-21-2026 21:20:54:226,133914,185392
144.67,09-21-2026 21:20:54:236,133935,185412
144.68,09-21-2026 21:20:54:246,133937,185427
144.69,09-21-2026 21:20:54:256,133928,185418
144.7,09-21-2026 21:20:54:266,133965,185438
144.71,09-21-2026 21:20:54:276,133954,185446
144.72,09-21-2026 21:20:54:286,133977,185451
144.73,09-21-2026 21:20:54:296,133973,185456
144.74,09-21-2026 21:20:54:306,133984,185448
144.75,09-21-2026 21:20:54:316,133959,185457
144.76,09-21-2026 21:20:54:326,133978,185455
144.77,09-21-2026 21:20:54:336,133970,185454
144.78,09-21-2026 21:20:54:346,133985,185467
144.79,09-21-2026 21:20:54:356,133960,185456
144.8,09-21-2026 21:20:54:366,133989,185475
144.81,09-21-2026 21:20:54:376,133958,185447
144.82,09-21-2026 21:20:54:386,133989,185473
144.83,09-21-2026 21:20:54:396,133934,185472
144.84,09-21-2026 21:20:54:406,133983,185483
144.85,09-21-2026 21:20:54:416,133959,185448
144.86,09-21-2026 21:20:54:426,133978,185471
144.87,09-21-2026 21:20:54:436,133951,185461
144.88,09-21-2026 21:20:54:446,133975,185447
144.89,09-21-2026 21:20:54:456,133946,185470
144.9,09-21-2026 21:20:54:466,133993,185468
144.91,09-21-2026 21:20:54:476,133952,185455
144.92,09-21-2026 21:20:54:486,133962,185445
144.93,09-21-2026 21:20:54:496,133936,185444
144.94,09-21-2026 21:20:54:506,133985,185444
144.95,09-21-2026 21:20:54:516,133942,185436
144.96,09-21-2026 21:20:54:526,133974,185457
144.97,09-21-2026 21:20:54:536,133923,185443
144.98,09-21-2026 21:20:54:546,133933,185438
144.99,09-21-2026 21:20:54:556,133912,185444
145,09-21-2026 21:20:54:566,133921,185423
145.01,09-21-2026 21:20:54:576,133906,185426
145.02,09-21-2026 21:20:54:586,133948,185400
145.03,09-21-2026 21:20:54:596,133900,185398
145.04,09-21-2026 21:20:54:606,133910,185398
145.05,09-21-2026 21:20:54:616,133874,185372
145.06,09-21-2026 21:20:54:626,133892,185352
145.07,09-21-2026 21:20:54:636,133852,185346
145.08,09-21-2026 21:20:54:646,133856,185318
145.09,09-21-2026 21:20:54:656,133820,185306
145.1,09-21-2026 21:20:54:666,133820,185292
145.11,09-21-2026 21:20:54:676,133794,185297
145.12,09-21-2026 21:20:54:686,133808,185286
145.13,09-21-2026 21:20:54:696,133798,185265
145.14,09-21-2026 21:20:54:706,133781,185260
145.15,09-21-2026 21:20:54:716,133778,185273
145.16,09-21-2026 21:20:54:726,133779,185270
145.17,09-21-2026 21:20:54:736,133776,185275
145.18,09-21-2026 21:20:54:746,133773,185276
145.19,09-21-2026 21:20:54:756,133760,185258
145.2,09-21-2026 21:20:54:766,133753,185271
145.21,09-21-2026 21:20:54:776,133769,185283
145.22,09-21-2026 21:20:54:786,133770,185272
145.23,09-21-2026 21:20:54:796,133770,185282
145.24,09-21-2026 21:20:54:806,133791,185288
145.25,09-21-2026 21:20:54:816,133790,185287
145.26,09-21-2026 21:20:54:826,133801,185328
145.27,09-21-2026 21:20:54:836,133788,185280
145.28,09-21-2026 21:20:54:846,133803,185326
145.29,09-21-2026 21:20:54:856,133817,185279
145.3,09-21-2026 21:20:54:866,133796,185291
145.31,09-21-2026 21:20:54:876,133809,185251
145.32,09-21-2026 21:20:54:886,133816,185290
145.33,09-21-2026 21:20:54:896,133815,185224
145.34,09-21-2026 21:20:54:906,133812,185258
145.35,09-21-2026 21:20:54:916,133826,185229
145.36,09-21-2026 21:20:54:926,133810,185265
145.37,09-21-2026 21:20:54:936,133806,185209
145.38,09-21-2026 21:20:54:946,133824,185242
145.39,09-21-2026 21:20:54:956,133812,185186
145.4,09-21-2026 21:20:54:966,133791,185231
145.41,09-21-2026 21:20:54:976,133790,185170
145.42,09-21-2026 21:20:54:986,133761,185186
145.43,09-21-2026 21:20:54:996,133779,185139
145.44,09-21-2026 21:20:55:006,133769,185166
145.45,09-21-2026 21:20:55:016,133764,185130
145.46,09-21-2026 21:20:55:026,133761,185173
145.47,09-21-2026 21:20:55:036,133746,185085
145.48,09-21-2026 21:20:55:046,133743,185139
145.49,09-21-2026 21:20:55:056,133733,185073
145.5,09-21-2026 21:20:55:066,133743,185122
145.51,09-21-2026 21:20:55:076,133736,185072
145.52,09-21-2026 21:20:55:086,133729,185144
145.53,09-21-2026 21:20:55:096,133739,185056
145.54,09-21-2026 21:20:55:106,133742,185134
145.55,09-21-2026 21:20:55:116,133738,185094
145.56,09-21-2026 21:20:55:126,133761,185146
145.57,09-21-2026 21:20:55:136,133755,185118
145.58,09-21-2026 21:20:55:146,133755,185164
145.59,09-21-2026 21:20:55:156,133776,185132
145.6,09-21-2026 21:20:55:166,133787,185184
145.61,09-21-2026 21:20:55:176,133803,185190
145.62,09-21-2026 21:20:55:186,133814,185242
145.63,09-21-2026 21:20:55:196,133830,185238
145.64,09-21-2026 21:20:55:206,133844,185280
145.65,09-21-2026 21:20:55:216,133857,185292
145.66,09-21-2026 21:20:55:226,133870,185316
145.67,09-21-2026 21:20:55:236,133874,185330
145.68,09-21-2026 21:20:55:246,133893,185348
145.69,09-21-2026 21:20:55:256,133887,185360
145.7,09-21-2026 21:20:55:266,133876,185360
145.71,09-21-2026 21:20:55:276,133880,185350
145.72,09-21-2026 21:20:55:286,133884,185344
145.73,09-21-2026 21:20:55:296,133875,185360
145.74,09-21-2026 21:20:55:306,133862,185363
145.75,09-21-2026 21:20:55:316,133871,185364
145.76,09-21-2026 21:20:55:326,133885,185353
145.77,09-21-2026 21:20:55:336,133878,185384
145.78,09-21-2026 21:20:55:346,133857,185385
145.79,09-21-2026 21:20:55:356,133875,185393
145.8,09-21-2026 21:20:55:366,133865,185373
145.81,09-21-2026 21:20:55:376,133876,185422
145.82,09-21-2026 21:20:55:386,133913,185408
145.83,09-21-2026 21:20:55:396,133888,185452
145.84,09-21-2026 21:20:55:406,133895,185415
145.85,09-21-2026 21:20:55:416,133881,185441
145.86,09-21-2026 21:20:55:426,133882,185449
145.87,09-21-2026 21:20:55:436,133890,185450
145.88,09-21-2026 21:20:55:446,133882,185453
145.89,09-21-2026 21:20:55:456,133893,185470
145.9,09-21-2026 21:20:55:466,133897,185439
145.91,09-21-2026 21:20:55:476,133908,185473
145.92,09-21-2026 21:20:55:486,133892,185446
145.93,09-21-2026 21:20:55:496,133881,185445
145.94,09-21-2026 21:20:55:506,133872,185404
145.95,09-21-2026 21:20:55:516,133886,185413
145.96,09-21-2026 21:20:55:526,133876,185377
145.97,09-21-2026 21:20:55:536,133871,185398
145.98,09-21-2026 21:20:55:546,133869,185349
145.99,09-21-2026 21:20:55:556,133874,185393
146,09-21-2026 21:20:55:566,133877,185350
146.01,09-21-2026 21:20:55:576,133857,185352
146.02,09-21-2026 21:20:55:586,133864,185318
146.03,09-21-2026 21:20:55:596,133843,185330
146.04,09-21-2026 21:20:55:606,133856,185292
146.05,09-21-2026 21:20:55:616,133832,185312
146.06,09-21-2026 21:20:55:626,133829,185264
146.07,09-21-2026 21:20:55:636,133813,185256
146.08,09-21-2026 21:20:55:646,133814,185222
146.09,09-21-2026 21:20:55:656,133804,185222
146.1,09-21-2026 21:20:55:666,133792,185198
146.11,09-21-2026 21:20:55:676,133779,185196
146.12,09-21-2026 21:20:55:686,133771,185172
146.13,09-21-2026 21:20:55:696,133750,185184
146.14,09-21-2026 21:20:55:706,133745,185155
146.15,09-21-2026 21:20:55:716,133749,185156
146.16,09-21-2026 21:20:55:726,133729,185129
146.17,09-21-2026 21:20:55:736,133736,185101
146.18,09-21-2026 21:20:55:746,133722,185098
146.19,09-21-2026 21:20:55:756,133711,185087
146.2,09-21-2026 21:20:55:766,133726,185081
146.21,09-21-2026 21:20:55:776,133702,185086
146.22,09-21-2026 21:20:55:786,133695,185066
146.23,09-21-2026 21:20:55:796,133714,185082
146.24,09-21-2026 21:20:55:806,133721,185075
146.25,09-21-2026 21:20:55:816,133721,185092
146.26,09-21-2026 21:20:55:826,133713,185075
146.27,09-21-2026 21:20:55:836,133716,185077
146.28,09-21-2026 21:20:55:846,133722,185083
146.29,09-21-2026 21:20:55:856,133730,185078
146.3,09-21-2026 21:20:55:866,133725,185112
146.31,09-21-2026 21:20:55:876,133740,185120
146.32,09-21-2026 21:20:55:886,133748,185123
146.33,09-21-2026 21:20:55:896,133756,185132
146.34,09-21-2026 21:20:55:906,133761,185146
146.35,09-21-2026 21:20:55:916,133775,185153
146.36,09-21-2026 21:20:55:926,133779,185169
146.37,09-21-2026 21:20:55:936,133768,185185
146.38,09-21-2026 21:20:55:946,133790,185185
146.39,09-21-2026 21:20:55:956,133778,185184
146.4,09-21-2026 21:20:55:966,133788,185186
146.41,09-21-2026 21:20:55:976,133776,185202
146.42,09-21-2026 21:20:55:986,133787,185193
146.43,09-21-2026 21:20:55:996,133771,185193
146.44,09-21-2026 21:20:56:006,133793,185206
146.45,09-21-2026 21:20:56:016,133775,185202
146.46,09-21-2026 21:20:56:026,133793,185221
146.47,09-21-2026 21:20:56:036,133773,185195
146.48,09-21-2026 21:20:56:046,133764,185229
146.49,09-21-2026 21:20:56:056,133761,185208
146.5,09-21-2026 21:20:56:066,133766,185212
146.51,09-21-2026 21:20:56:076,133776,185203
146.52,09-21-2026 21:20:56:086,133796,185198
146.53,09-21-2026 21:20:56:096,133769,185202
146.54,09-21-2026 21:20:56:106,133778,185184
146.55,09-21-2026 21:20:56:116,133771,185152
146.56,09-21-2026 21:20:56:126,133757,185134
146.57,09-21-2026 21:20:56:136,133751,185136
146.58,09-21-2026 21:20:56:146,133751,185108
146.59,09-21-2026 21:20:56:156,133723,185093
146.6,09-21-2026 21:20:56:166,133755,185083
146.61,09-21-2026 21:20:56:176,133719,185080
146.62,09-21-2026 21:20:56:186,133742,185074
146.63,09-21-2026 21:20:56:196,133726,185077
146.64,09-21-2026 21:20:56:206,133780,185061
146.65,09-21-2026 21:20:56:216,133740,185090
146.66,09-21-2026 21:20:56:226,133778,185105
146.67,09-21-2026 21:20:56:236,133762,185128
146.68,09-21-2026 21:20:56:246,133799,185136
146.69,09-21-2026 21:20:56:256,133782,185129
146.7,09-21-2026 21:20:56:266,133809,185147
146.71,09-21-2026 21:20:56:276,133781,185148
146.72,09-21-2026 21:20:56:286,133807,185139
146.73,09-21-2026 21:20:56:296,133765,185116
146.74,09-21-2026 21:20:56:306,133778,185102
146.75,09-21-2026 21:20:56:316,133751,185091
146.76,09-21-2026 21:20:56:326,133775,185084
146.77,09-21-2026 21:20:56:336,133722,185072
146.78,09-21-2026 21:20:56:346,133763,185070
146.79,09-21-2026 21:20:56:356,133697,185047
146.8,09-21-2026 21:20:56:366,133735,185042
146.81,09-21-2026 21:20:56:376,133717,185030
146.82,09-21-2026 21:20:56:386,133728,185017
146.83,09-21-2026 21:20:56:396,133696,185002
146.84,09-21-2026 21:20:56:406,133734,185035
146.85,09-21-2026 21:20:56:416,133701,185033
146.86,09-21-2026 21:20:56:426,133742,185019
146.87,09-21-2026 21:20:56:436,133707,185025
146.88,09-21-2026 21:20:56:446,133741,185037
146.89,09-21-2026 21:20:56:456,133701,185026
146.9,09-21-2026 21:20:56:466,133732,185058
146.91,09-21-2026 21:20:56:476,133725,185029
146.92,09-21-2026 21:20:56:486,133733,185034
146.93,09-21-2026 21:20:56:496,133726,185052
146.94,09-21-2026 21:20:56:506,133761,185057
146.95,09-21-2026 21:20:56:516,133727,185065
146.96,09-21-2026 21:20:56:526,133730,185079
146.97,09-21-2026 21:20:56:536,133745,185077
146.98,09-21-2026 21:20:56:546,133755,185080
146.99,09-21-2026 21:20:56:556,133771,185088
147,09-21-2026 21:20:56:566,133739,185105
147.01,09-21-2026 21:20:56:576,133765,185096
147.02,09-21-2026 21:20:56:586,133764,185084
147.03,09-21-2026 21:20:56:596,133762,185098
147.04,09-21-2026 21:20:56:606,133745,185097
147.05,09-21-2026 21:20:56:616,133756,185117
147.06,09-21-2026 21:20:56:626,133747,185109
147.07,09-21-2026 21:20:56:636,133780,185112
147.08,09-21-2026 21:20:56:646,133763,185132
147.09,09-21-2026 21:20:56:656,133788,185134
147.1,09-21-2026 21:20:56:666,133779,185148
147.11,09-21-2026 21:20:56:676,133773,185144
147.12,09-21-2026 21:20:56:686,133754,185137
147.13,09-21-2026 21:20:56:696,133789,185160
147.14,09-21-2026 21:20:56:706,133751,185150
147.15,09-21-2026 21:20:56:716,133785,185153
147.16,09-21-2026 21:20:56:726,133760,185155
147.17,09-21-2026 21:20:56:736,133790,185147
147.18,09-21-2026 21:20:56:746,133776,185144
147.19,09-21-2026 21:20:56:756,133787,185113
147.2,09-21-2026 21:20:56:766,133764,185087
147.21,09-21-2026 21:20:56:776,133778,185058
147.22,09-21-2026 21:20:56:786,133740,185030
147.23,09-21-2026 21:20:56:796,133763,185016
147.24,09-21-2026 21:20:56:806,133718,184998
147.25,09-21-2026 21:20:56:816,133745,184982
147.26,09-21-2026 21:20:56:826,133700,184962
147.27,09-21-2026 21:20:56:836,133709,184932
147.28,09-21-2026 21:20:56:846,133677,184912
147.29,09-21-2026 21:20:56:856,133700,184874
147.3,09-21-2026 21:20:56:866,133653,184854
147.31,09-21-2026 21:20:56:876,133668,184814
147.32,09-21-2026 21:20:56:886,133636,184821
147.33,09-21-2026 21:20:56:896,133643,184792
147.34,09-21-2026 21:20:56:906,133609,184777
147.35,09-21-2026 21:20:56:916,133608,184763
147.36,09-21-2026 21:20:56:926,133572,184764
147.37,09-21-2026 21:20:56:936,133602,184755
147.38,09-21-2026 21:20:56:946,133590,184728
147.39,09-21-2026 21:20:56:956,133594,184730
147.4,09-21-2026 21:20:56:966,133589,184722
147.41,09-21-2026 21:20:56:976,133591,184724
147.42,09-21-2026 21:20:56:986,133564,184713
147.43,09-21-2026 21:20:56:996,133572,184710
147.44,09-21-2026 21:20:57:006,133557,184668
147.45,09-21-2026 21:20:57:016,133574,184669
147.46,09-21-2026 21:20:57:026,133549,184673
147.47,09-21-2026 21:20:57:036,133558,184673
147.48,09-21-2026 21:20:57:046,133543,184663
147.49,09-21-2026 21:20:57:056,133536,184649
147.5,09-21-2026 21:20:57:066,133556,184660
147.51,09-21-2026 21:20:57:076,133543,184646
147.52,09-21-2026 21:20:57:086,133552,184631
147.53,09-21-2026 21:20:57:096,133532,184638
147.54,09-21-2026 21:20:57:106,133547,184602
147.55,09-21-2026 21:20:57:116,133551,184644
147.56,09-21-2026 21:20:57:126,133547,184623
147.57,09-21-2026 21:20:57:136,133538,184641
147.58,09-21-2026 21:20:57:146,133537,184625
147.59,09-21-2026 21:20:57:156,133533,184626
147.6,09-21-2026 21:20:57:166,133529,184623
147.61,09-21-2026 21:20:57:176,133538,184648
147.62,09-21-2026 21:20:57:186,133531,184627
147.63,09-21-2026 21:20:57:196,133538,184636
147.64,09-21-2026 21:20:57:206,133550,184618
147.65,09-21-2026 21:20:57:216,133525,184642
147.66,09-21-2026 21:20:57:226,133531,184610
147.67,09-21-2026 21:20:57:236,133532,184639
147.68,09-21-2026 21:20:57:246,133534,184610
147.69,09-21-2026 21:20:57:256,133533,184656
147.7,09-21-2026 21:20:57:266,133533,184591
147.71,09-21-2026 21:20:57:276,133522,184641
147.72,09-21-2026 21:20:57:286,133537,184598
147.73,09-21-2026 21:20:57:296,133533,184657
147.74,09-21-2026 21:20:57:306,133535,184600
147.75,09-21-2026 21:20:57:316,133523,184639
147.76,09-21-2026 21:20:57:326,133548,184606
147.77,09-21-2026 21:20:57:336,133532,184664
147.78,09-21-2026 21:20:57:346,133527,184610
147.79,09-21-2026 21:20:57:356,133521,184664
147.8,09-21-2026 21:20:57:366,133546,184626
147.81,09-21-2026 21:20:57:376,133526,184669
147.82,09-21-2026 21:20:57:386,133531,184602
147.83,09-21-2026 21:20:57:396,133521,184671
147.84,09-21-2026 21:20:57:406,133537,184613
147.85,09-21-2026 21:20:57:416,133530,184663
147.86,09-21-2026 21:20:57:426,133522,184604
147.87,09-21-2026 21:20:57:436,133521,184660
147.88,09-21-2026 21:20:57:446,133538,184587
147.89,09-21-2026 21:20:57:456,133550,184644
147.9,09-21-2026 21:20:57:466,133533,184593
147.91,09-21-2026 21:20:57:476,133514,184620
147.92,09-21-2026 21:20:57:486,133560,184616
147.93,09-21-2026 21:20:57:496,133571,184652
147.94,09-21-2026 21:20:57:506,133576,184613
147.95,09-21-2026 21:20:57:516,133588,184663
147.96,09-21-2026 21:20:57:526,133588,184612
147.97,09-21-2026 21:20:57:536,133563,184647
147.98,09-21-2026 21:20:57:546,133575,184617
147.99,09-21-2026 21:20:57:556,133585,184654
148,09-21-2026 21:20:57:566,133580,184622
148.01,09-21-2026 21:20:57:576,133606,184642
148.02,09-21-2026 21:20:57:586,133584,184615
148.03,09-21-2026 21:20:57:596,133596,184642
148.04,09-21-2026 21:20:57:606,133595,184642
148.05,09-21-2026 21:20:57:616,133586,184645
148.06,09-21-2026 21:20:57:626,133598,184648
148.07,09-21-2026 21:20:57:636,133611,184648
148.08,09-21-2026 21:20:57:646,133599,184664
148.09,09-21-2026 21:20:57:656,133606,184661
148.1,09-21-2026 21:20:57:666,133611,184682
148.11,09-21-2026 21:20:57:676,133614,184665
148.12,09-21-2026 21:20:57:686,133606,184683
148.13,09-21-2026 21:20:57:696,133612,184666
148.14,09-21-2026 21:20:57:706,133631,184670
148.15,09-21-2026 21:20:57:716,133611,184664
148.16,09-21-2026 21:20:57:726,133608,184706
148.17,09-21-2026 21:20:57:736,133620,184668
148.18,09-21-2026 21:20:57:746,133621,184687
148.19,09-21-2026 21:20:57:756,133618,184662
148.2,09-21-2026 21:20:57:766,133636,184706
148.21,09-21-2026 21:20:57:776,133628,184664
148.22,09-21-2026 21:20:57:786,133636,184716
148.23,09-21-2026 21:20:57:796,133632,184670
148.24,09-21-2026 21:20:57:806,133646,184719
148.25,09-21-2026 21:20:57:816,133619,184698
148.26,09-21-2026 21:20:57:826,133631,184728
148.27,09-21-2026 21:20:57:836,133638,184678
148.28,09-21-2026 21:20:57:846,133637,184737
148.29,09-21-2026 21:20:57:856,133642,184715
148.3,09-21-2026 21:20:57:866,133645,184745
148.31,09-21-2026 21:20:57:876,133637,184741
148.32,09-21-2026 21:20:57:886,133636,184768
148.33,09-21-2026 21:20:57:896,133641,184741
148.34,09-21-2026 21:20:57:906,133643,184769
148.35,09-21-2026 21:20:57:916,133654,184761
148.36,09-21-2026 21:20:57:926,133627,184788
148.37,09-21-2026 21:20:57:936,133628,184762
148.38,09-21-2026 21:20:57:946,133648,184794
148.39,09-21-2026 21:20:57:956,133652,184778
148.4,09-21-2026 21:20:57:966,133649,184790
148.41,09-21-2026 21:20:57:976,133653,184780
148.42,09-21-2026 21:20:57:986,133647,184789
148.43,09-21-2026 21:20:57:996,133644,184807
148.44,09-21-2026 21:20:58:006,133653,184807
148.45,09-21-2026 21:20:58:016,133662,184804
148.46,09-21-2026 21:20:58:026,133659,184852
148.47,09-21-2026 21:20:58:036,133671,184822
148.48,09-21-2026 21:20:58:046,133665,184866
148.49,09-21-2026 21:20:58:056,133655,184825
148.5,09-21-2026 21:20:58:066,133663,184856
148.51,09-21-2026 21:20:58:076,133686,184866
148.52,09-21-2026 21:20:58:086,133681,184883
148.53,09-21-2026 21:20:58:096,133683,184872
148.54,09-21-2026 21:20:58:106,133670,184895
148.55,09-21-2026 21:20:58:116,133675,184876
148.56,09-21-2026 21:20:58:126,133671,184899
148.57,09-21-2026 21:20:58:136,133672,184898
148.58,09-21-2026 21:20:58:146,133661,184903
148.59,09-21-2026 21:20:58:156,133670,184892
148.6,09-21-2026 21:20:58:166,133671,184869
148.61,09-21-2026 21:20:58:176,133649,184835
148.62,09-21-2026 21:20:58:186,133630,184805
148.63,09-21-2026 21:20:58:196,133613,184763
148.64,09-21-2026 21:20:58:206,133595,184721
148.65,09-21-2026 21:20:58:216,133576,184700
148.66,09-21-2026 21:20:58:226,133553,184661
148.67,09-21-2026 21:20:58:236,133552,184622
148.68,09-21-2026 21:20:58:246,133542,184619
148.69,09-21-2026 21:20:58:256,133534,184598
148.7,09-21-2026 21:20:58:266,133534,184571
148.71,09-21-2026 21:20:58:276,133516,184546
148.72,09-21-2026 21:20:58:286,133509,184541
148.73,09-21-2026 21:20:58:296,133510,184505
148.74,09-21-2026 21:20:58:306,133487,184507
148.75,09-21-2026 21:20:58:316,133499,184497
148.76,09-21-2026 21:20:58:326,133488,184499
148.77,09-21-2026 21:20:58:336,133466,184472
148.78,09-21-2026 21:20:58:346,133477,184467
148.79,09-21-2026 21:20:58:356,133480,184479
148.8,09-21-2026 21:20:58:366,133480,184447
148.81,09-21-2026 21:20:58:376,133458,184457
148.82,09-21-2026 21:20:58:386,133462,184442
148.83,09-21-2026 21:20:58:396,133454,184425
148.84,09-21-2026 21:20:58:406,133446,184432
148.85,09-21-2026 21:20:58:416,133433,184415
148.86,09-21-2026 21:20:58:426,133426,184387
148.87,09-21-2026 21:20:58:436,133431,184380
148.88,09-21-2026 21:20:58:446,133413,184371
148.89,09-21-2026 21:20:58:456,133418,184361
148.9,09-21-2026 21:20:58:466,133408,184348
148.91,09-21-2026 21:20:58:476,133410,184317
148.92,09-21-2026 21:20:58:486,133383,184305
148.93,09-21-2026 21:20:58:496,133398,184305
148.94,09-21-2026 21:20:58:506,133384,184300
148.95,09-21-2026 21:20:58:516,133370,184290
148.96,09-21-2026 21:20:58:526,133365,184276
148.97,09-21-2026 21:20:58:536,133382,184281
148.98,09-21-2026 21:20:58:546,133350,184284
148.99,09-21-2026 21:20:58:556,133385,184289
149,09-21-2026 21:20:58:566,133365,184297
149.01,09-21-2026 21:20:58:576,133392,184294
149.02,09-21-2026 21:20:58:586,133355,184316
149.03,09-21-2026 21:20:58:596,133411,184322
149.04,09-21-2026 21:20:58:606,133363,184323
149.05,09-21-2026 21:20:58:616,133403,184325
149.06,09-21-2026 21:20:58:626,133380,184326
149.07,09-21-2026 21:20:58:636,133409,184361
149.08,09-21-2026 21:20:58:646,133417,184374
149.09,09-21-2026 21:20:58:656,133450,184375
149.1,09-21-2026 21:20:58:666,133403,184394
149.11,09-21-2026 21:20:58:676,133494,184435
149.12,09-21-2026 21:20:58:686,133461,184467
149.13,09-21-2026 21:20:58:696,133507,184495
149.14,09-21-2026 21:20:58:706,133471,184507
149.15,09-21-2026 21:20:58:716,133531,184535
149.16,09-21-2026 21:20:58:726,133511,184547
149.17,09-21-2026 21:20:58:736,133550,184559
149.18,09-21-2026 21:20:58:746,133498,184583
149.19,09-21-2026 21:20:58:756,133576,184607
149.2,09-21-2026 21:20:58:766,133525,184631
149.21,09-21-2026 21:20:58:776,133564,184636
149.22,09-21-2026 21:20:58:786,133539,184642
149.23,09-21-2026 21:20:58:796,133583,184673
149.24,09-21-2026 21:20:58:806,133569,184678
149.25,09-21-2026 21:20:58:816,133594,184706
149.26,09-21-2026 21:20:58:826,133579,184695
149.27,09-21-2026 21:20:58:836,133602,184720
149.28,09-21-2026 21:20:58:846,133588,184729
149.29,09-21-2026 21:20:58:856,133610,184740
149.3,09-21-2026 21:20:58:866,133590,184759
149.31,09-21-2026 21:20:58:876,133626,184739
149.32,09-21-2026 21:20:58:886,133598,184732
149.33,09-21-2026 21:20:58:896,133625,184709
149.34,09-21-2026 21:20:58:906,133577,184712
149.35,09-21-2026 21:20:58:916,133619,184712
149.36,09-21-2026 21:20:58:926,133638,184688
149.37,09-21-2026 21:20:58:936,133596,184691
149.38,09-21-2026 21:20:58:946,133620,184688
149.39,09-21-2026 21:20:58:956,133609,184659
149.4,09-21-2026 21:20:58:966,133607,184674
149.41,09-21-2026 21:20:58:976,133603,184661
149.42,09-21-2026 21:20:58:986,133627,184666
149.43,09-21-2026 21:20:58:996,133613,184643
149.44,09-21-2026 21:20:59:006,133628,184672
149.45,09-21-2026 21:20:59:016,133620,184668
149.46,09-21-2026 21:20:59:026,133635,184632
149.47,09-21-2026 21:20:59:036,133596,184643
149.48,09-21-2026 21:20:59:046,133619,184656
149.49,09-21-2026 21:20:59:056,133585,184634
149.5,09-21-2026 21:20:59:066,133622,184657
149.51,09-21-2026 21:20:59:076,133607,184643
149.52,09-21-2026 21:20:59:086,133633,184660
149.53,09-21-2026 21:20:59:096,133611,184674
149.54,09-21-2026 21:20:59:106,133635,184665
149.55,09-21-2026 21:20:59:116,133607,184649
149.56,09-21-2026 21:20:59:126,133619,184638
149.57,09-21-2026 21:20:59:136,133602,184642
149.58,09-21-2026 21:20:59:146,133626,184630
149.59,09-21-2026 21:20:59:156,133581,184608
149.6,09-21-2026 21:20:59:166,133613,184579
149.61,09-21-2026 21:20:59:176,133551,184556
149.62,09-21-2026 21:20:59:186,133567,184543
149.63,09-21-2026 21:20:59:196,133541,184529
149.64,09-21-2026 21:20:59:206,133539,184510
149.65,09-21-2026 21:20:59:216,133513,184505
149.66,09-21-2026 21:20:59:226,133539,184498
149.67,09-21-2026 21:20:59:236,133507,184468
149.68,09-21-2026 21:20:59:246,133507,184478
149.69,09-21-2026 21:20:59:256,133479,184480
149.7,09-21-2026 21:20:59:266,133512,184455
149.71,09-21-2026 21:20:59:276,133480,184453
149.72,09-21-2026 21:20:59:286,133497,184448
149.73,09-21-2026 21:20:59:296,133470,184452
149.74,09-21-2026 21:20:59:306,133479,184442
149.75,09-21-2026 21:20:59:316,133448,184449
149.76,09-21-2026 21:20:59:326,133480,184449
149.77,09-21-2026 21:20:59:336,133447,184435
149.78,09-21-2026 21:20:59:346,133481,184432
149.79,09-21-2026 21:20:59:356,133434,184419
149.8,09-21-2026 21:20:59:366,133464,184437
149.81,09-21-2026 21:20:59:376,133447,184430
149.82,09-21-2026 21:20:59:386,133472,184431
149.83,09-21-2026 21:20:59:396,133447,184405
149.84,09-21-2026 21:20:59:406,133429,184420
149.85,09-21-2026 21:20:59:416,133457,184426
149.86,09-21-2026 21:20:59:426,133431,184434
149.87,09-21-2026 21:20:59:436,133425,184408
149.88,09-21-2026 21:20:59:446,133438,184420
149.89,09-21-2026 21:20:59:456,133428,184404
149.9,09-21-2026 21:20:59:466,133431,184408
149.91,09-21-2026 21:20:59:476,133435,184418
149.92,09-21-2026 21:20:59:486,133435,184432
149.93,09-21-2026 21:20:59:496,133431,184401
149.94,09-21-2026 21:20:59:506,133418,184408
149.95,09-21-2026 21:20:59:516,133419,184412
149.96,09-21-2026 21:20:59:526,133406,184415
149.97,09-21-2026 21:20:59:536,133419,184402
149.98,09-21-2026 21:20:59:546,133414,184410
149.99,09-21-2026 21:20:59:556,133417,184391
150,09-21-2026 21:20:59:566,133418,184430
150.01,09-21-2026 21:20:59:576,133393,184402
150.02,09-21-2026 21:20:59:586,133395,184421
150.03,09-21-2026 21:20:59:596,133415,184384
150.04,09-21-2026 21:20:59:606,133415,184436
150.05,09-21-2026 21:20:59:616,133401,184422
150.06,09-21-2026 21:20:59:626,133422,184440
150.07,09-21-2026 21:20:59:636,133424,184383
150.08,09-21-2026 21:20:59:646,133421,184433
150.09,09-21-2026 21:20:59:656,133419,184394
150.1,09-21-2026 21:20:59:666,133408,184406
150.11,09-21-2026 21:20:59:676,133416,184345
150.12,09-21-2026 21:20:59:686,133427,184388
150.13,09-21-2026 21:20:59:696,133415,184354
150.14,09-21-2026 21:20:59:706,133450,184402
150.15,09-21-2026 21:20:59:716,133441,184348
150.16,09-21-2026 21:20:59:726,133451,184400
150.17,09-21-2026 21:20:59:736,133445,184355
150.18,09-21-2026 21:20:59:746,133470,184417
150.19,09-21-2026 21:20:59:756,133464,184379
150.2,09-21-2026 21:20:59:766,133471,184427
150.21,09-21-2026 21:20:59:776,133484,184394
150.22,09-21-2026 21:20:59:786,133489,184456
150.23,09-21-2026 21:20:59:796,133488,184412
150.24,09-21-2026 21:20:59:806,133501,184490
150.25,09-21-2026 21:20:59:816,133512,184454
150.26,09-21-2026 21:20:59:826,133523,184498
150.27,09-21-2026 21:20:59:836,133524,184484
150.28,09-21-2026 21:20:59:846,133548,184520
150.29,09-21-2026 21:20:59:856,133535,184500
150.3,09-21-2026 21:20:59:866,133544,184544
150.31,09-21-2026 21:20:59:876,133555,184527
150.32,09-21-2026 21:20:59:886,133547,184567
150.33,09-21-2026 21:20:59:896,133560,184546
150.34,09-21-2026 21:20:59:906,133572,184571
150.35,09-21-2026 21:20:59:916,133563,184548
150.36,09-21-2026 21:20:59:926,133572,184577
150.37,09-21-2026 21:20:59:936,133576,184592
150.38,09-21-2026 21:20:59:946,133593,184589
150.39,09-21-2026 21:20:59:956,133589,184601
150.4,09-21-2026 21:20:59:966,133585,184617
150.41,09-21-2026 21:20:59:976,133603,184630
150.42,09-21-2026 21:20:59:986,133605,184628
150.43,09-21-2026 21:20:59:996,133602,184641
150.44,09-21-2026 21:21:00:006,133586,184634
150.45,09-21-2026 21:21:00:016,133614,184676
150.46,09-21-2026 21:21:00:026,133594,184664
150.47,09-21-2026 21:21:00:036,133598,184688
150.48,09-21-2026 21:21:00:046,133615,184668
150.49,09-21-2026 21:21:00:056,133618,184712
150.5,09-21-2026 21:21:00:066,133627,184700
150.51,09-21-2026 21:21:00:076,133620,184723
150.52,09-21-2026 21:21:00:086,133620,184730
150.53,09-21-2026 21:21:00:096,133612,184743
150.54,09-21-2026 21:21:00:106,133620,184730
150.55,09-21-2026 21:21:00:116,133612,184746
150.56,09-21-2026 21:21:00:126,133623,184738
150.57,09-21-2026 21:21:00:136,133626,184764
150.58,09-21-2026 21:21:00:146,133631,184760
150.59,09-21-2026 21:21:00:156,133647,184799
150.6,09-21-2026 21:21:00:166,133635,184765
150.61,09-21-2026 21:21:00:176,133640,184807
150.62,09-21-2026 21:21:00:186,133654,184798
150.63,09-21-2026 21:21:00:196,133642,184844
150.64,09-21-2026 21:21:00:206,133662,184830
150.65,09-21-2026 21:21:00:216,133658,184848
150.66,09-21-2026 21:21:00:226,133671,184844
150.67,09-21-2026 21:21:00:236,133648,184873
150.68,09-21-2026 21:21:00:246,133653,184840
150.69,09-21-2026 21:21:00:256,133659,184882
150.7,09-21-2026 21:21:00:266,133681,184870
150.71,09-21-2026 21:21:00:276,133665,184899
150.72,09-21-2026 21:21:00:286,133695,184882
150.73,09-21-2026 21:21:00:296,133684,184906
150.74,09-21-2026 21:21:00:306,133667,184900
150.75,09-21-2026 21:21:00:316,133685,184927
150.76,09-21-2026 21:21:00:326,133667,184928
150.77,09-21-2026 21:21:00:336,133704,184948
150.78,09-21-2026 21:21:00:346,133681,184941
150.79,09-21-2026 21:21:00:356,133686,184947
150.8,09-21-2026 21:21:00:366,133683,184943
150.81,09-21-2026 21:21:00:376,133663,184961
150.82,09-21-2026 21:21:00:386,133662,184898
150.83,09-21-2026 21:21:00:396,133654,184898
150.84,09-21-2026 21:21:00:406,133635,184838
150.85,09-21-2026 21:21:00:416,133616,184808
150.86,09-21-2026 21:21:00:426,133604,184796
150.87,09-21-2026 21:21:00:436,133603,184766
150.88,09-21-2026 21:21:00:446,133600,184757
150.89,09-21-2026 21:21:00:456,133596,184721
150.9,09-21-2026 21:21:00:466,133575,184706
150.91,09-21-2026 21:21:00:476,133556,184680
150.92,09-21-2026 21:21:00:486,133526,184674
150.93,09-21-2026 21:21:00:496,133546,184654
150.94,09-21-2026 21:21:00:506,133511,184626
150.95,09-21-2026 21:21:00:516,133504,184606
150.96,09-21-2026 21:21:00:526,133512,184592
150.97,09-21-2026 21:21:00:536,133500,184582
150.98,09-21-2026 21:21:00:546,133506,184548
150.99,09-21-2026 21:21:00:556,133493,184548
151,09-21-2026 21:21:00:566,133489,184540
151.01,09-21-2026 21:21:00:576,133474,184510
151.02,09-21-2026 21:21:00:586,133463,184528
151.03,09-21-2026 21:21:00:596,133460,184507
151.04,09-21-2026 21:21:00:606,133468,184508
151.05,09-21-2026 21:21:00:616,133437,184482
151.06,09-21-2026 21:21:00:626,133450,184477
151.07,09-21-2026 21:21:00:636,133453,184470
151.08,09-21-2026 21:21:00:646,133425,184447
151.09,09-21-2026 21:21:00:656,133435,184463
151.1,09-21-2026 21:21:00:666,133434,184456
151.11,09-21-2026 21:21:00:676,133425,184454
151.12,09-21-2026 21:21:00:686,133432,184441
151.13,09-21-2026 21:21:00:696,133411,184437
151.14,09-21-2026 21:21:00:706,133419,184449
151.15,09-21-2026 21:21:00:716,133414,184407
151.16,09-21-2026 21:21:00:726,133410,184431
151.17,09-21-2026 21:21:00:736,133420,184433
151.18,09-21-2026 21:21:00:746,133411,184422
151.19,09-21-2026 21:21:00:756,133403,184415
151.2,09-21-2026 21:21:00:766,133415,184418
151.21,09-21-2026 21:21:00:776,133410,184414
151.22,09-21-2026 21:21:00:786,133406,184422
151.23,09-21-2026 21:21:00:796,133392,184417
151.24,09-21-2026 21:21:00:806,133425,184410
151.25,09-21-2026 21:21:00:816,133388,184415
151.26,09-21-2026 21:21:00:826,133403,184412
151.27,09-21-2026 21:21:00:836,133391,184425
151.28,09-21-2026 21:21:00:846,133418,184434
151.29,09-21-2026 21:21:00:856,133402,184417
151.3,09-21-2026 21:21:00:866,133424,184422
151.31,09-21-2026 21:21:00:876,133375,184439
151.32,09-21-2026 21:21:00:886,133405,184429
151.33,09-21-2026 21:21:00:896,133384,184428
151.34,09-21-2026 21:21:00:906,133419,184431
151.35,09-21-2026 21:21:00:916,133374,184423
151.36,09-21-2026 21:21:00:926,133418,184441
151.37,09-21-2026 21:21:00:936,133384,184447
151.38,09-21-2026 21:21:00:946,133422,184459
151.39,09-21-2026 21:21:00:956,133387,184481
151.4,09-21-2026 21:21:00:966,133450,184507
151.41,09-21-2026 21:21:00:976,133451,184560
151.42,09-21-2026 21:21:00:986,133513,184608
151.43,09-21-2026 21:21:00:996,133487,184659
151.44,09-21-2026 21:21:01:006,133559,184692
151.45,09-21-2026 21:21:01:016,133543,184734
151.46,09-21-2026 21:21:01:026,133607,184758
151.47,09-21-2026 21:21:01:036,133575,184794
151.48,09-21-2026 21:21:01:046,133627,184806
151.49,09-21-2026 21:21:01:056,133593,184824
151.5,09-21-2026 21:21:01:066,133639,184836
151.51,09-21-2026 21:21:01:076,133589,184836
151.52,09-21-2026 21:21:01:086,133641,184836
151.53,09-21-2026 21:21:01:096,133632,184835
151.54,09-21-2026 21:21:01:106,133656,184839
151.55,09-21-2026 21:21:01:116,133621,184825
151.56,09-21-2026 21:21:01:126,133663,184800
151.57,09-21-2026 21:21:01:136,133603,184800
151.58,09-21-2026 21:21:01:146,133645,184792
151.59,09-21-2026 21:21:01:156,133618,184807
151.6,09-21-2026 21:21:01:166,133644,184799
151.61,09-21-2026 21:21:01:176,133648,184796
151.62,09-21-2026 21:21:01:186,133648,184815
151.63,09-21-2026 21:21:01:196,133640,184820
151.64,09-21-2026 21:21:01:206,133656,184820
151.65,09-21-2026 21:21:01:216,133662,184803
151.66,09-21-2026 21:21:01:226,133653,184814
151.67,09-21-2026 21:21:01:236,133667,184824
151.68,09-21-2026 21:21:01:246,133664,184804
151.69,09-21-2026 21:21:01:256,133675,184812
151.7,09-21-2026 21:21:01:266,133657,184796
151.71,09-21-2026 21:21:01:276,133665,184815
151.72,09-21-2026 21:21:01:286,133649,184822
151.73,09-21-2026 21:21:01:296,133689,184838
151.74,09-21-2026 21:21:01:306,133673,184835
151.75,09-21-2026 21:21:01:316,133688,184812
151.76,09-21-2026 21:21:01:326,133673,184850
151.77,09-21-2026 21:21:01:336,133683,184854
151.78,09-21-2026 21:21:01:346,133676,184843
151.79,09-21-2026 21:21:01:356,133678,184831
151.8,09-21-2026 21:21:01:366,133663,184837
151.81,09-21-2026 21:21:01:376,133671,184828
151.82,09-21-2026 21:21:01:386,133654,184840
151.83,09-21-2026 21:21:01:396,133700,184820
151.84,09-21-2026 21:21:01:406,133656,184862
151.85,09-21-2026 21:21:01:416,133691,184850
151.86,09-21-2026 21:21:01:426,133656,184822
151.87,09-21-2026 21:21:01:436,133667,184823
151.88,09-21-2026 21:21:01:446,133644,184832
151.89,09-21-2026 21:21:01:456,133671,184820
151.9,09-21-2026 21:21:01:466,133629,184809
151.91,09-21-2026 21:21:01:476,133649,184812
151.92,09-21-2026 21:21:01:486,133622,184793
151.93,09-21-2026 21:21:01:496,133639,184760
151.94,09-21-2026 21:21:01:506,133594,184753
151.95,09-21-2026 21:21:01:516,133606,184760
151.96,09-21-2026 21:21:01:526,133574,184740
151.97,09-21-2026 21:21:01:536,133584,184721
151.98,09-21-2026 21:21:01:546,133552,184726
151.99,09-21-2026 21:21:01:556,133567,184713
152,09-21-2026 21:21:01:566,133543,184716
152.01,09-21-2026 21:21:01:576,133555,184669
152.02,09-21-2026 21:21:01:586,133514,184655
152.03,09-21-2026 21:21:01:596,133536,184663
152.04,09-21-2026 21:21:01:606,133507,184655
152.05,09-21-2026 21:21:01:616,133509,184638
152.06,09-21-2026 21:21:01:626,133487,184627
152.07,09-21-2026 21:21:01:636,133505,184630
152.08,09-21-2026 21:21:01:646,133467,184612
152.09,09-21-2026 21:21:01:656,133499,184605
152.1,09-21-2026 21:21:01:666,133460,184602
152.11,09-21-2026 21:21:01:676,133468,184619
152.12,09-21-2026 21:21:01:686,133466,184592
152.13,09-21-2026 21:21:01:696,133453,184602
152.14,09-21-2026 21:21:01:706,133448,184582
152.15,09-21-2026 21:21:01:716,133458,184583
152.16,09-21-2026 21:21:01:726,133440,184588
152.17,09-21-2026 21:21:01:736,133441,184605
152.18,09-21-2026 21:21:01:746,133438,184578
152.19,09-21-2026 21:21:01:756,133435,184577
152.2,09-21-2026 21:21:01:766,133436,184572
152.21,09-21-2026 21:21:01:776,133437,184587
152.22,09-21-2026 21:21:01:786,133422,184555
152.23,09-21-2026 21:21:01:796,133441,184555
152.24,09-21-2026 21:21:01:806,133443,184527
152.25,09-21-2026 21:21:01:816,133434,184535
152.26,09-21-2026 21:21:01:826,133417,184483
152.27,09-21-2026 21:21:01:836,133401,184485
152.28,09-21-2026 21:21:01:846,133399,184449
152.29,09-21-2026 21:21:01:856,133403,184461
152.3,09-21-2026 21:21:01:866,133412,184433
152.31,09-21-2026 21:21:01:876,133394,184447
152.32,09-21-2026 21:21:01:886,133379,184398
152.33,09-21-2026 21:21:01:896,133399,184408
152.34,09-21-2026 21:21:01:906,133377,184358
152.35,09-21-2026 21:21:01:916,133382,184393
152.36,09-21-2026 21:21:01:926,133398,184380
152.37,09-21-2026 21:21:01:936,133394,184379
152.38,09-21-2026 21:21:01:946,133387,184339
152.39,09-21-2026 21:21:01:956,133380,184387
152.4,09-21-2026 21:21:01:966,133380,184331
152.41,09-21-2026 21:21:01:976,133387,184375
152.42,09-21-2026 21:21:01:986,133366,184306
152.43,09-21-2026 21:21:01:996,133381,184367
152.44,09-21-2026 21:21:02:006,133374,184299
152.45,09-21-2026 21:21:02:016,133374,184352
152.46,09-21-2026 21:21:02:026,133379,184281
152.47,09-21-2026 21:21:02:036,133368,184347
152.48,09-21-2026 21:21:02:046,133362,184294
152.49,09-21-2026 21:21:02:056,133372,184332
152.5,09-21-2026 21:21:02:066,133362,184287
152.51,09-21-2026 21:21:02:076,133381,184324
152.52,09-21-2026 21:21:02:086,133365,184272
152.53,09-21-2026 21:21:02:096,133363,184316
152.54,09-21-2026 21:21:02:106,133373,184272
152.55,09-21-2026 21:21:02:116,133361,184330
152.56,09-21-2026 21:21:02:126,133365,184320
152.57,09-21-2026 21:21:02:136,133377,184358
152.58,09-21-2026 21:21:02:146,133391,184358
152.59,09-21-2026 21:21:02:156,133432,184420
152.6,09-21-2026 21:21:02:166,133437,184424
152.61,09-21-2026 21:21:02:176,133466,184466
152.62,09-21-2026 21:21:02:186,133467,184450
152.63,09-21-2026 21:21:02:196,133498,184514
152.64,09-21-2026 21:21:02:206,133495,184498
152.65,09-21-2026 21:21:02:216,133509,184548
152.66,09-21-2026 21:21:02:226,133532,184542
152.67,09-21-2026 21:21:02:236,133527,184586
152.68,09-21-2026 21:21:02:246,133543,184610
152.69,09-21-2026 21:21:02:256,133545,184648
152.7,09-21-2026 21:21:02:266,133563,184662
152.71,09-21-2026 21:21:02:276,133568,184666
152.72,09-21-2026 21:21:02:286,133588,184718
152.73,09-21-2026 21:21:02:296,133580,184716
152.74,09-21-2026 21:21:02:306,133612,184740
152.75,09-21-2026 21:21:02:316,133601,184752
152.76,09-21-2026 21:21:02:326,133628,184788
152.77,09-21-2026 21:21:02:336,133628,184766
152.78,09-21-2026 21:21:02:346,133625,184820
152.79,09-21-2026 21:21:02:356,133647,184812
152.8,09-21-2026 21:21:02:366,133642,184844
152.81,09-21-2026 21:21:02:376,133655,184830
152.82,09-21-2026 21:21:02:386,133647,184872
152.83,09-21-2026 21:21:02:396,133679,184866
152.84,09-21-2026 21:21:02:406,133661,184890
152.85,09-21-2026 21:21:02:416,133662,184892
152.86,09-21-2026 21:21:02:426,133658,184924
152.87,09-21-2026 21:21:02:436,133665,184916
152.88,09-21-2026 21:21:02:446,133670,184954
152.89,09-21-2026 21:21:02:456,133684,184930
152.9,09-21-2026 21:21:02:466,133673,184974
152.91,09-21-2026 21:21:02:476,133677,184948
152.92,09-21-2026 21:21:02:486,133686,184986
152.93,09-21-2026 21:21:02:496,133701,184974
152.94,09-21-2026 21:21:02:506,133688,185020
152.95,09-21-2026 21:21:02:516,133687,184978
152.96,09-21-2026 21:21:02:526,133699,185022
152.97,09-21-2026 21:21:02:536,133688,184983
152.98,09-21-2026 21:21:02:546,133707,184991
152.99,09-21-2026 21:21:02:556,133715,184962
153,09-21-2026 21:21:02:566,133710,185002
153.01,09-21-2026 21:21:02:576,133686,184936
153.02,09-21-2026 21:21:02:586,133695,184989
153.03,09-21-2026 21:21:02:596,133692,184942
153.04,09-21-2026 21:21:02:606,133695,184991
153.05,09-21-2026 21:21:02:616,133695,184931
153.06,09-21-2026 21:21:02:626,133707,184950
153.07,09-21-2026 21:21:02:636,133695,184917
153.08,09-21-2026 21:21:02:646,133676,184928
153.09,09-21-2026 21:21:02:656,133686,184915
153.1,09-21-2026 21:21:02:666,133685,184937
153.11,09-21-2026 21:21:02:676,133691,184928
153.12,09-21-2026 21:21:02:686,133692,184935
153.13,09-21-2026 21:21:02:696,133710,184924
153.14,09-21-2026 21:21:02:706,133695,184928
153.15,09-21-2026 21:21:02:716,133689,184913
153.16,09-21-2026 21:21:02:726,133689,184957
153.17,09-21-2026 21:21:02:736,133701,184914
153.18,09-21-2026 21:21:02:746,133697,184940
153.19,09-21-2026 21:21:02:756,133694,184926
153.2,09-21-2026 21:21:02:766,133689,184946
153.21,09-21-2026 21:21:02:776,133707,184920
153.22,09-21-2026 21:21:02:786,133683,184920
153.23,09-21-2026 21:21:02:796,133694,184935
153.24,09-21-2026 21:21:02:806,133687,184909
153.25,09-21-2026 21:21:02:816,133689,184906
153.26,09-21-2026 21:21:02:826,133687,184931
153.27,09-21-2026 21:21:02:836,133713,184915
153.28,09-21-2026 21:21:02:846,133700,184946
153.29,09-21-2026 21:21:02:856,133699,184926
153.3,09-21-2026 21:21:02:866,133708,184924
153.31,09-21-2026 21:21:02:876,133685,184948
153.32,09-21-2026 21:21:02:886,133704,184942
153.33,09-21-2026 21:21:02:896,133684,184943
153.34,09-21-2026 21:21:02:906,133698,184936
153.35,09-21-2026 21:21:02:916,133700,184944
153.36,09-21-2026 21:21:02:926,133699,184975
153.37,09-21-2026 21:21:02:936,133701,184970
153.38,09-21-2026 21:21:02:946,133703,184959
153.39,09-21-2026 21:21:02:956,133699,184983
153.4,09-21-2026 21:21:02:966,133720,184985
153.41,09-21-2026 21:21:02:976,133686,184992
153.42,09-21-2026 21:21:02:986,133698,184974
153.43,09-21-2026 21:21:02:996,133716,185001
153.44,09-21-2026 21:21:03:006,133711,185001
153.45,09-21-2026 21:21:03:016,133731,185014
153.46,09-21-2026 21:21:03:026,133719,185010
153.47,09-21-2026 21:21:03:036,133722,185016
153.48,09-21-2026 21:21:03:046,133720,185028
153.49,09-21-2026 21:21:03:056,133723,185031
153.5,09-21-2026 21:21:03:066,133725,185062
153.51,09-21-2026 21:21:03:076,133725,185040
153.52,09-21-2026 21:21:03:086,133722,185071
153.53,09-21-2026 21:21:03:096,133728,185054
153.54,09-21-2026 21:21:03:106,133738,185068
153.55,09-21-2026 21:21:03:116,133719,185086
153.56,09-21-2026 21:21:03:126,133721,185077
153.57,09-21-2026 21:21:03:136,133742,185092
153.58,09-21-2026 21:21:03:146,133725,185108
153.59,09-21-2026 21:21:03:156,133743,185103
153.6,09-21-2026 21:21:03:166,133732,185111
153.61,09-21-2026 21:21:03:176,133735,185113
153.62,09-21-2026 21:21:03:186,133743,185136
153.63,09-21-2026 21:21:03:196,133774,185115
153.64,09-21-2026 21:21:03:206,133747,185116
153.65,09-21-2026 21:21:03:216,133749,185106
153.66,09-21-2026 21:21:03:226,133744,185106
153.67,09-21-2026 21:21:03:236,133763,185097
153.68,09-21-2026 21:21:03:246,133738,185076
153.69,09-21-2026 21:21:03:256,133746,185054
153.7,09-21-2026 21:21:03:266,133730,185054
153.71,09-21-2026 21:21:03:276,133746,185046
153.72,09-21-2026 21:21:03:286,133732,185050
153.73,09-21-2026 21:21:03:296,133751,185025
153.74,09-21-2026 21:21:03:306,133712,185031
153.75,09-21-2026 21:21:03:316,133722,185024
153.76,09-21-2026 21:21:03:326,133724,185008
153.77,09-21-2026 21:21:03:336,133730,185032
153.78,09-21-2026 21:21:03:346,133703,185023
153.79,09-21-2026 21:21:03:356,133736,185029
153.8,09-21-2026 21:21:03:366,133723,185036
153.81,09-21-2026 21:21:03:376,133728,185030
153.82,09-21-2026 21:21:03:386,133717,185030
153.83,09-21-2026 21:21:03:396,133741,185026
153.84,09-21-2026 21:21:03:406,133718,185022
153.85,09-21-2026 21:21:03:416,133730,185033
153.86,09-21-2026 21:21:03:426,133715,185015
153.87,09-21-2026 21:21:03:436,133750,185023
153.88,09-21-2026 21:21:03:446,133718,185034
153.89,09-21-2026 21:21:03:456,133740,185022
153.9,09-21-2026 21:21:03:466,133721,185033
153.91,09-21-2026 21:21:03:476,133744,185034
153.92,09-21-2026 21:21:03:486,133702,185020
153.93,09-21-2026 21:21:03:496,133744,185035
153.94,09-21-2026 21:21:03:506,133713,185037
153.95,09-21-2026 21:21:03:516,133739,185012
153.96,09-21-2026 21:21:03:526,133700,185027
153.97,09-21-2026 21:21:03:536,133741,185015
153.98,09-21-2026 21:21:03:546,133691,185020
153.99,09-21-2026 21:21:03:556,133734,185024
154,09-21-2026 21:21:03:566,133705,185038
154.01,09-21-2026 21:21:03:576,133757,185049
154.02,09-21-2026 21:21:03:586,133706,185055
154.03,09-21-2026 21:21:03:596,133756,185056
154.04,09-21-2026 21:21:03:606,133702,185047
154.05,09-21-2026 21:21:03:616,133743,185053
154.06,09-21-2026 21:21:03:626,133708,185046
154.07,09-21-2026 21:21:03:636,133746,185057
154.08,09-21-2026 21:21:03:646,133693,185067
154.09,09-21-2026 21:21:03:656,133763,185079
154.1,09-21-2026 21:21:03:666,133701,185081
154.11,09-21-2026 21:21:03:676,133747,185096
154.12,09-21-2026 21:21:03:686,133710,185107
154.13,09-21-2026 21:21:03:696,133769,185101
154.14,09-21-2026 21:21:03:706,133722,185094
154.15,09-21-2026 21:21:03:716,133761,185096
154.16,09-21-2026 21:21:03:726,133724,185103
154.17,09-21-2026 21:21:03:736,133761,185121
154.18,09-21-2026 21:21:03:746,133734,185107
154.19,09-21-2026 21:21:03:756,133764,185119
154.2,09-21-2026 21:21:03:766,133745,185133
154.21,09-21-2026 21:21:03:776,133762,185126
154.22,09-21-2026 21:21:03:786,133727,185137
154.23,09-21-2026 21:21:03:796,133769,185139
154.24,09-21-2026 21:21:03:806,133735,185141
154.25,09-21-2026 21:21:03:816,133767,185143
154.26,09-21-2026 21:21:03:826,133756,185158
154.27,09-21-2026 21:21:03:836,133781,185184
154.28,09-21-2026 21:21:03:846,133780,185189
154.29,09-21-2026 21:21:03:856,133776,185175
154.3,09-21-2026 21:21:03:866,133782,185193
154.31,09-21-2026 21:21:03:876,133776,185190
154.32,09-21-2026 21:21:03:886,133779,185212
154.33,09-21-2026 21:21:03:896,133775,185188
154.34,09-21-2026 21:21:03:906,133773,185185
154.35,09-21-2026 21:21:03:916,133776,185167
154.36,09-21-2026 21:21:03:926,133785,185182
154.37,09-21-2026 21:21:03:936,133774,185148
154.38,09-21-2026 21:21:03:946,133799,185128
154.39,09-21-2026 21:21:03:956,133774,185109
154.4,09-21-2026 21:21:03:966,133754,185125
154.41,09-21-2026 21:21:03:976,133762,185103
154.42,09-21-2026 21:21:03:986,133782,185105
154.43,09-21-2026 21:21:03:996,133753,185081
154.44,09-21-2026 21:21:04:006,133779,185089
154.45,09-21-2026 21:21:04:016,133747,185094
154.46,09-21-2026 21:21:04:026,133784,185080
154.47,09-21-2026 21:21:04:036,133763,185081
154.48,09-21-2026 21:21:04:046,133788,185076
154.49,09-21-2026 21:21:04:056,133742,185059
154.5,09-21-2026 21:21:04:066,133778,185064
154.51,09-21-2026 21:21:04:076,133750,185055
154.52,09-21-2026 21:21:04:086,133772,185046
154.53,09-21-2026 21:21:04:096,133743,185058
154.54,09-21-2026 21:21:04:106,133785,185056
154.55,09-21-2026 21:21:04:116,133746,185057
154.56,09-21-2026 21:21:04:126,133788,185047
154.57,09-21-2026 21:21:04:136,133754,185056
154.58,09-21-2026 21:21:04:146,133796,185048
154.59,09-21-2026 21:21:04:156,133738,185038
154.6,09-21-2026 21:21:04:166,133792,185058
154.61,09-21-2026 21:21:04:176,133745,185044
154.62,09-21-2026 21:21:04:186,133791,185061
154.63,09-21-2026 21:21:04:196,133743,185045
154.64,09-21-2026 21:21:04:206,133759,185035
154.65,09-21-2026 21:21:04:216,133750,185039
154.66,09-21-2026 21:21:04:226,133757,185057
154.67,09-21-2026 21:21:04:236,133735,185035
154.68,09-21-2026 21:21:04:246,133770,185041
154.69,09-21-2026 21:21:04:256,133751,185054
154.7,09-21-2026 21:21:04:266,133769,185040
154.71,09-21-2026 21:21:04:276,133745,185050
154.72,09-21-2026 21:21:04:286,133757,185057
154.73,09-21-2026 21:21:04:296,133748,185046
154.74,09-21-2026 21:21:04:306,133758,185053
154.75,09-21-2026 21:21:04:316,133775,185049
154.76,09-21-2026 21:21:04:326,133749,185054
154.77,09-21-2026 21:21:04:336,133754,185052
154.78,09-21-2026 21:21:04:346,133740,185066
154.79,09-21-2026 21:21:04:356,133757,185051
154.8,09-21-2026 21:21:04:366,133748,185076
154.81,09-21-2026 21:21:04:376,133749,185069
154.82,09-21-2026 21:21:04:386,133763,185081
154.83,09-21-2026 21:21:04:396,133752,185088
154.84,09-21-2026 21:21:04:406,133751,185085
154.85,09-21-2026 21:21:04:416,133761,185094
154.86,09-21-2026 21:21:04:426,133755,185104
154.87,09-21-2026 21:21:04:436,133754,185088
154.88,09-21-2026 21:21:04:446,133771,185126
154.89,09-21-2026 21:21:04:456,133763,185104
154.9,09-21-2026 21:21:04:466,133763,185104
