PseudoTimeSec,PseudoTimestamp,R,IR
0.01,09-22-2026 21:33:36:450,150266,173635
0.02,09-22-2026 21:33:36:460,150242,173616
0.03,09-22-2026 21:33:36:470,150228,173634
0.04,09-22-2026 21:33:36:480,150235,173630
0.05,09-22-2026 21:33:36:490,150229,173622
0.06,09-22-2026 21:33:36:500,150219,173637
0.07,09-22-2026 21:33:36:510,150233,173607
0.08,09-22-2026 21:33:36:520,150252,173632
0.09,09-22-2026 21:33:36:530,150223,173617
0.1,09-22-2026 21:33:36:540,150217,173635
0.11,09-22-2026 21:33:36:550,150224,173652
0.12,09-22-2026 21:33:36:560,150238,173629
0.13,09-22-2026 21:33:36:570,150231,173624
0.14,09-22-2026 21:33:36:580,150249,173631
0.15,09-22-2026 21:33:36:590,150226,173616
0.16,09-22-2026 21:33:36:600,150215,173621
0.17,09-22-2026 21:33:36:610,150228,173607
0.18,09-22-2026 21:33:36:620,150242,173620
0.19,09-22-2026 21:33:36:630,150227,173609
0.2,09-22-2026 21:33:36:640,150234,173623
0.21,09-22-2026 21:33:36:650,150229,173607
0.22,09-22-2026 21:33:36:660,150292,173607
0.23,09-22-2026 21:33:36:670,150230,173607
0.24,09-22-2026 21:33:36:680,150270,173607
0.25,09-22-2026 21:33:36:690,150228,173607
0.26,09-22-2026 21:33:36:700,150250,173607
0.27,09-22-2026 21:33:36:710,150227,173607
0.28,09-22-2026 21:33:36:720,150240,173607
0.29,09-22-2026 21:33:36:730,150224,173607
0.3,09-22-2026 21:33:36:740,150242,173607
0.31,09-22-2026 21:33:36:750,150266,173625
0.32,09-22-2026 21:33:36:760,150242,173648
0.33,09-22-2026 21:33:36:770,150228,173634
0.34,09-22-2026 21:33:36:780,150235,173618
0.35,09-22-2026 21:33:36:790,150229,173645
0.36,09-22-2026 21:33:36:800,150219,173641
0.37,09-22-2026 21:33:36:810,150233,173619
0.38,09-22-2026 21:33:36:820,150252,173638
0.39,09-22-2026 21:33:36:830,150223,173622
0.4,09-22-2026 21:33:36:840,150217,173623
0.41,09-22-2026 21:33:36:850,150224,173635
0.42,09-22-2026 21:33:36:860,150238,173616
0.43,09-22-2026 21:33:36:870,150231,173634
0.44,09-22-2026 21:33:36:880,150249,173630
0.45,09-22-2026 21:33:36:890,150226,173622
0.46,09-22-2026 21:33:36:900,150215,173637
0.47,09-22-2026 21:33:36:910,150228,173607
0.48,09-22-2026 21:33:36:920,150242,173632
0.49,09-22-2026 21:33:36:930,150227,173617
0.5,09-22-2026 21:33:36:940,150234,173635
0.51,09-22-2026 21:33:36:950,150229,173652
0.52,09-22-2026 21:33:36:960,150292,173629
0.53,09-22-2026 21:33:36:970,150230,173624
0.54,09-22-2026 21:33:36:980,150270,173631
0.55,09-22-2026 21:33:36:990,150228,173616
0.56,09-22-2026 21:33:37:000,150250,173621
0.57,09-22-2026 21:33:37:010,150227,173607
0.58,09-22-2026 21:33:37:020,150240,173620
0.59,09-22-2026 21:33:37:030,150224,173609
0.6,09-22-2026 21:33:37:040,150242,173623
0.61,09-22-2026 21:33:37:050,150266,173607
0.62,09-22-2026 21:33:37:060,150242,173607
0.63,09-22-2026 21:33:37:070,150228,173607
0.64,09-22-2026 21:33:37:080,150235,173607
0.65,09-22-2026 21:33:37:090,150229,173607
0.66,09-22-2026 21:33:37:100,150219,173607
0.67,09-22-2026 21:33:37:110,150233,173607
0.68,09-22-2026 21:33:37:120,150252,173607
0.69,09-22-2026 21:33:37:130,150223,173607
0.7,09-22-2026 21:33:37:140,150217,173607
0.71,09-22-2026 21:33:37:150,150224,173625
0.72,09-22-2026 21:33:37:160,150238,173648
0.73,09-22-2026 21:33:37:170,150231,173634
0.74,09-22-2026 21:33:37:180,150249,173618
0.75,09-22-2026 21:33:37:190,150226,173645
0.76,09-22-2026 21:33:37:200,150215,173641
0.77,09-22-2026 21:33:37:210,150228,173619
0.78,09-22-2026 21:33:37:220,150242,173638
0.79,09-22-2026 21:33:37:230,150227,173622
0.8,09-22-2026 21:33:37:240,150234,173623
0.81,09-22-2026 21:33:37:250,150229,173635
0.82,09-22-2026 21:33:37:260,150292,173616
0.83,09-22-2026 21:33:37:270,150230,173634
0.84,09-22-2026 21:33:37:280,150270,173630
0.85,09-22-2026 21:33:37:290,150228,173622
0.86,09-22-2026 21:33:37:300,150250,173637
0.87,09-22-2026 21:33:37:310,150227,173607
0.88,09-22-2026 21:33:37:320,150240,173632
0.89,09-22-2026 21:33:37:330,150224,173617
0.9,09-22-2026 21:33:37:340,150242,173635
0.91,09-22-2026 21:33:37:350,150266,173652
0.92,09-22-2026 21:33:37:360,150242,173629
0.93,09-22-2026 21:33:37:370,150228,173624
0.94,09-22-2026 21:33:37:380,150235,173631
0.95,09-22-2026 21:33:37:390,150229,173616
0.96,09-22-2026 21:33:37:400,150219,173621
0.97,09-22-2026 21:33:37:410,150233,173607
0.98,09-22-2026 21:33:37:420,150252,173620
0.99,09-22-2026 21:33:37:430,150223,173609
1,09-22-2026 21:33:37:440,150217,173623
1.01,09-22-2026 21:33:37:450,150224,173607
1.02,09-22-2026 21:33:37:460,150238,173607
1.03,09-22-2026 21:33:37:470,150231,173607
1.04,09-22-2026 21:33:37:480,150249,173607
1.05,09-22-2026 21:33:37:490,150226,173607
1.06,09-22-2026 21:33:37:500,150215,173607
1.07,09-22-2026 21:33:37:510,150228,173607
1.08,09-22-2026 21:33:37:520,150242,173607
1.09,09-22-2026 21:33:37:530,150227,173607
1.1,09-22-2026 21:33:37:540,150234,173607
1.11,09-22-2026 21:33:37:550,150230,173625
1.12,09-22-2026 21:33:37:560,150239,173648
1.13,09-22-2026 21:33:37:570,150243,173634
1.14,09-22-2026 21:33:37:580,150250,173618
1.15,09-22-2026 21:33:37:590,150256,173645
1.16,09-22-2026 21:33:37:600,150251,173641
1.17,09-22-2026 21:33:37:610,150259,173619
1.18,09-22-2026 21:33:37:620,150236,173638
1.19,09-22-2026 21:33:37:630,150250,173622
1.2,09-22-2026 21:33:37:640,150254,173623
1.21,09-22-2026 21:33:37:650,150249,173635
1.22,09-22-2026 21:33:37:660,150238,173616
1.23,09-22-2026 21:33:37:670,150244,173634
1.24,09-22-2026 21:33:37:680,150247,173630
1.25,09-22-2026 21:33:37:690,150260,173622
1.26,09-22-2026 21:33:37:700,150254,173637
1.27,09-22-2026 21:33:37:710,150261,173607
1.28,09-22-2026 21:33:37:720,150241,173632
1.29,09-22-2026 21:33:37:730,150237,173617
1.3,09-22-2026 21:33:37:740,150238,173635
1.31,09-22-2026 21:33:37:750,150241,173652
1.32,09-22-2026 21:33:37:760,150252,173629
1.33,09-22-2026 21:33:37:770,150229,173624
1.34,09-22-2026 21:33:37:780,150232,173631
1.35,09-22-2026 21:33:37:790,150230,173616
1.36,09-22-2026 21:33:37:800,150235,173621
1.37,09-22-2026 21:33:37:810,150234,173607
1.38,09-22-2026 21:33:37:820,150220,173620
1.39,09-22-2026 21:33:37:830,150246,173609
1.4,09-22-2026 21:33:37:840,150247,173623
1.41,09-22-2026 21:33:37:850,150241,173600
1.42,09-22-2026 21:33:37:860,150225,173626
1.43,09-22-2026 21:33:37:870,150227,173600
1.44,09-22-2026 21:33:37:880,150232,173623
1.45,09-22-2026 21:33:37:890,150231,173588
1.46,09-22-2026 21:33:37:900,150220,173631
1.47,09-22-2026 21:33:37:910,150225,173591
1.48,09-22-2026 21:33:37:920,150227,173646
1.49,09-22-2026 21:33:37:930,150228,173606
1.5,09-22-2026 21:33:37:940,150232,173643
1.51,09-22-2026 21:33:37:950,150236,173582
1.52,09-22-2026 21:33:37:960,150228,173647
1.53,09-22-2026 21:33:37:970,150229,173592
1.54,09-22-2026 21:33:37:980,150244,173634
1.55,09-22-2026 21:33:37:990,150229,173586
1.56,09-22-2026 21:33:38:000,150237,173635
1.57,09-22-2026 21:33:38:010,150233,173575
1.58,09-22-2026 21:33:38:020,150231,173629
1.59,09-22-2026 21:33:38:030,150237,173610
1.6,09-22-2026 21:33:38:040,150245,173635
1.61,09-22-2026 21:33:38:050,150237,173602
1.62,09-22-2026 21:33:38:060,150239,173628
1.63,09-22-2026 21:33:38:070,150236,173596
1.64,09-22-2026 21:33:38:080,150226,173627
1.65,09-22-2026 21:33:38:090,150236,173617
1.66,09-22-2026 21:33:38:100,150249,173636
1.67,09-22-2026 21:33:38:110,150256,173604
1.68,09-22-2026 21:33:38:120,150247,173624
1.69,09-22-2026 21:33:38:130,150232,173619
1.7,09-22-2026 21:33:38:140,150247,173631
1.71,09-22-2026 21:33:38:150,150244,173639
1.72,09-22-2026 21:33:38:160,150241,173621
1.73,09-22-2026 21:33:38:170,150255,173644
1.74,09-22-2026 21:33:38:180,150246,173633
1.75,09-22-2026 21:33:38:190,150242,173656
1.76,09-22-2026 21:33:38:200,150263,173616
1.77,09-22-2026 21:33:38:210,150248,173641
1.78,09-22-2026 21:33:38:220,150272,173632
1.79,09-22-2026 21:33:38:230,150262,173647
1.8,09-22-2026 21:33:38:240,150268,173627
1.81,09-22-2026 21:33:38:250,150244,173662
1.82,09-22-2026 21:33:38:260,150273,173656
1.83,09-22-2026 21:33:38:270,150271,173659
1.84,09-22-2026 21:33:38:280,150271,173638
1.85,09-22-2026 21:33:38:290,150262,173668
1.86,09-22-2026 21:33:38:300,150265,173649
1.87,09-22-2026 21:33:38:310,150271,173653
1.88,09-22-2026 21:33:38:320,150263,173640
1.89,09-22-2026 21:33:38:330,150255,173661
1.9,09-22-2026 21:33:38:340,150275,173662
1.91,09-22-2026 21:33:38:350,150263,173682
1.92,09-22-2026 21:33:38:360,150261,173647
1.93,09-22-2026 21:33:38:370,150273,173667
1.94,09-22-2026 21:33:38:380,150266,173658
1.95,09-22-2026 21:33:38:390,150267,173681
1.96,09-22-2026 21:33:38:400,150275,173645
1.97,09-22-2026 21:33:38:410,150277,173677
1.98,09-22-2026 21:33:38:420,150291,173654
1.99,09-22-2026 21:33:38:430,150260,173666
2,09-22-2026 21:33:38:440,150269,173653
2.01,09-22-2026 21:33:38:450,150257,173656
2.02,09-22-2026 21:33:38:460,150255,173648
2.03,09-22-2026 21:33:38:470,150261,173654
2.04,09-22-2026 21:33:38:480,150274,173654
2.05,09-22-2026 21:33:38:490,150266,173650
2.06,09-22-2026 21:33:38:500,150271,173655
2.07,09-22-2026 21:33:38:510,150280,173658
2.08,09-22-2026 21:33:38:520,150267,173642
2.09,09-22-2026 21:33:38:530,150255,173627
2.1,09-22-2026 21:33:38:540,150266,173645
2.11,09-22-2026 21:33:38:550,150241,173651
2.12,09-22-2026 21:33:38:560,150270,173620
2.13,09-22-2026 21:33:38:570,150243,173639
2.14,09-22-2026 21:33:38:580,150285,173652
2.15,09-22-2026 21:33:38:590,150251,173644
2.16,09-22-2026 21:33:38:600,150266,173653
2.17,09-22-2026 21:33:38:610,150248,173648
2.18,09-22-2026 21:33:38:620,150269,173659
2.19,09-22-2026 21:33:38:630,150241,173646
2.2,09-22-2026 21:33:38:640,150264,173640
2.21,09-22-2026 21:33:38:650,150229,173648
2.22,09-22-2026 21:33:38:660,150258,173641
2.23,09-22-2026 21:33:38:670,150240,173627
2.24,09-22-2026 21:33:38:680,150269,173639
2.25,09-22-2026 21:33:38:690,150212,173639
2.26,09-22-2026 21:33:38:700,150255,173641
2.27,09-22-2026 21:33:38:710,150207,173653
2.28,09-22-2026 21:33:38:720,150242,173633
2.29,09-22-2026 21:33:38:730,150195,173646
2.3,09-22-2026 21:33:38:740,150254,173648
2.31,09-22-2026 21:33:38:750,150194,173648
2.32,09-22-2026 21:33:38:760,150229,173636
2.33,09-22-2026 21:33:38:770,150222,173630
2.34,09-22-2026 21:33:38:780,150265,173651
2.35,09-22-2026 21:33:38:790,150198,173635
2.36,09-22-2026 21:33:38:800,150216,173644
2.37,09-22-2026 21:33:38:810,150210,173637
2.38,09-22-2026 21:33:38:820,150270,173652
2.39,09-22-2026 21:33:38:830,150218,173626
2.4,09-22-2026 21:33:38:840,150244,173638
2.41,09-22-2026 21:33:38:850,150189,173627
2.42,09-22-2026 21:33:38:860,150262,173634
2.43,09-22-2026 21:33:38:870,150210,173646
2.44,09-22-2026 21:33:38:880,150244,173631
2.45,09-22-2026 21:33:38:890,150232,173639
2.46,09-22-2026 21:33:38:900,150240,173648
2.47,09-22-2026 21:33:38:910,150220,173623
2.48,09-22-2026 21:33:38:920,150243,173649
2.49,09-22-2026 21:33:38:930,150247,173623
2.5,09-22-2026 21:33:38:940,150253,173634
2.51,09-22-2026 21:33:38:950,150237,173637
2.52,09-22-2026 21:33:38:960,150256,173628
2.53,09-22-2026 21:33:38:970,150235,173624
2.54,09-22-2026 21:33:38:980,150259,173629
2.55,09-22-2026 21:33:38:990,150256,173632
2.56,09-22-2026 21:33:39:000,150280,173618
2.57,09-22-2026 21:33:39:010,150275,173641
2.58,09-22-2026 21:33:39:020,150264,173615
2.59,09-22-2026 21:33:39:030,150273,173631
2.6,09-22-2026 21:33:39:040,150261,173621
2.61,09-22-2026 21:33:39:050,150269,173620
2.62,09-22-2026 21:33:39:060,150265,173611
2.63,09-22-2026 21:33:39:070,150273,173617
2.64,09-22-2026 21:33:39:080,150251,173605
2.65,09-22-2026 21:33:39:090,150275,173627
2.66,09-22-2026 21:33:39:100,150269,173613
2.67,09-22-2026 21:33:39:110,150279,173621
2.68,09-22-2026 21:33:39:120,150274,173633
2.69,09-22-2026 21:33:39:130,150287,173610
2.7,09-22-2026 21:33:39:140,150269,173623
2.71,09-22-2026 21:33:39:150,150277,173610
2.72,09-22-2026 21:33:39:160,150261,173627
2.73,09-22-2026 21:33:39:170,150315,173621
2.74,09-22-2026 21:33:39:180,150263,173609
2.75,09-22-2026 21:33:39:190,150312,173614
2.76,09-22-2026 21:33:39:200,150273,173624
2.77,09-22-2026 21:33:39:210,150313,173610
2.78,09-22-2026 21:33:39:220,150272,173616
2.79,09-22-2026 21:33:39:230,150281,173614
2.8,09-22-2026 21:33:39:240,150278,173622
2.81,09-22-2026 21:33:39:250,150311,173622
2.82,09-22-2026 21:33:39:260,150277,173617
2.83,09-22-2026 21:33:39:270,150310,173637
2.84,09-22-2026 21:33:39:280,150279,173652
2.85,09-22-2026 21:33:39:290,150313,173621
2.86,09-22-2026 21:33:39:300,150280,173612
2.87,09-22-2026 21:33:39:310,150299,173627
2.88,09-22-2026 21:33:39:320,150285,173630
2.89,09-22-2026 21:33:39:330,150306,173639
2.9,09-22-2026 21:33:39:340,150281,173633
2.91,09-22-2026 21:33:39:350,150297,173615
2.92,09-22-2026 21:33:39:360,150278,173627
2.93,09-22-2026 21:33:39:370,150297,173613
2.94,09-22-2026 21:33:39:380,150283,173629
2.95,09-22-2026 21:33:39:390,150299,173624
2.96,09-22-2026 21:33:39:400,150282,173627
2.97,09-22-2026 21:33:39:410,150287,173617
2.98,09-22-2026 21:33:39:420,150284,173618
2.99,09-22-2026 21:33:39:430,150303,173626
3,09-22-2026 21:33:39:440,150294,173628
3.01,09-22-2026 21:33:39:450,150294,173627
3.02,09-22-2026 21:33:39:460,150291,173637
3.03,09-22-2026 21:33:39:470,150302,173631
3.04,09-22-2026 21:33:39:480,150280,173627
3.05,09-22-2026 21:33:39:490,150287,173637
3.06,09-22-2026 21:33:39:500,150298,173622
3.07,09-22-2026 21:33:39:510,150271,173641
3.08,09-22-2026 21:33:39:520,150283,173616
3.09,09-22-2026 21:33:39:530,150269,173627
3.1,09-22-2026 21:33:39:540,150279,173631
3.11,09-22-2026 21:33:39:550,150265,173604
3.12,09-22-2026 21:33:39:560,150272,173616
3.13,09-22-2026 21:33:39:570,150271,173624
3.14,09-22-2026 21:33:39:580,150264,173628
3.15,09-22-2026 21:33:39:590,150257,173618
3.16,09-22-2026 21:33:39:600,150261,173631
3.17,09-22-2026 21:33:39:610,150269,173614
3.18,09-22-2026 21:33:39:620,150262,173625
3.19,09-22-2026 21:33:39:630,150266,173623
3.2,09-22-2026 21:33:39:640,150272,173631
3.21,09-22-2026 21:33:39:650,150253,173623
3.22,09-22-2026 21:33:39:660,150260,173630
3.23,09-22-2026 21:33:39:670,150273,173634
3.24,09-22-2026 21:33:39:680,150266,173639
3.25,09-22-2026 21:33:39:690,150276,173609
3.26,09-22-2026 21:33:39:700,150272,173625
3.27,09-22-2026 21:33:39:710,150275,173620
3.28,09-22-2026 21:33:39:720,150267,173635
3.29,09-22-2026 21:33:39:730,150270,173635
3.3,09-22-2026 21:33:39:740,150253,173625
3.31,09-22-2026 21:33:39:750,150277,173621
3.32,09-22-2026 21:33:39:760,150272,173625
3.33,09-22-2026 21:33:39:770,150296,173619
3.34,09-22-2026 21:33:39:780,150283,173636
3.35,09-22-2026 21:33:39:790,150263,173642
3.36,09-22-2026 21:33:39:800,150290,173620
3.37,09-22-2026 21:33:39:810,150288,173633
3.38,09-22-2026 21:33:39:820,150285,173635
3.39,09-22-2026 21:33:39:830,150297,173640
3.4,09-22-2026 21:33:39:840,150287,173610
3.41,09-22-2026 21:33:39:850,150273,173607
3.42,09-22-2026 21:33:39:860,150277,173595
3.43,09-22-2026 21:33:39:870,150290,173625
3.44,09-22-2026 21:33:39:880,150291,173606
3.45,09-22-2026 21:33:39:890,150307,173644
3.46,09-22-2026 21:33:39:900,150292,173610
3.47,09-22-2026 21:33:39:910,150306,173615
3.48,09-22-2026 21:33:39:920,150291,173621
3.49,09-22-2026 21:33:39:930,150309,173633
3.5,09-22-2026 21:33:39:940,150295,173604
3.51,09-22-2026 21:33:39:950,150291,173620
3.52,09-22-2026 21:33:39:960,150298,173604
3.53,09-22-2026 21:33:39:970,150294,173641
3.54,09-22-2026 21:33:39:980,150298,173586
3.55,09-22-2026 21:33:39:990,150313,173625
3.56,09-22-2026 21:33:40:000,150304,173605
3.57,09-22-2026 21:33:40:010,150288,173631
3.58,09-22-2026 21:33:40:020,150304,173603
3.59,09-22-2026 21:33:40:030,150291,173634
3.6,09-22-2026 21:33:40:040,150294,173602
3.61,09-22-2026 21:33:40:050,150284,173641
3.62,09-22-2026 21:33:40:060,150294,173594
3.63,09-22-2026 21:33:40:070,150306,173634
3.64,09-22-2026 21:33:40:080,150295,173590
3.65,09-22-2026 21:33:40:090,150307,173620
3.66,09-22-2026 21:33:40:100,150303,173585
3.67,09-22-2026 21:33:40:110,150299,173621
3.68,09-22-2026 21:33:40:120,150285,173577
3.69,09-22-2026 21:33:40:130,150301,173646
3.7,09-22-2026 21:33:40:140,150306,173578
3.71,09-22-2026 21:33:40:150,150309,173657
3.72,09-22-2026 21:33:40:160,150311,173593
3.73,09-22-2026 21:33:40:170,150306,173643
3.74,09-22-2026 21:33:40:180,150315,173576
3.75,09-22-2026 21:33:40:190,150312,173656
3.76,09-22-2026 21:33:40:200,150318,173602
3.77,09-22-2026 21:33:40:210,150310,173655
3.78,09-22-2026 21:33:40:220,150317,173591
3.79,09-22-2026 21:33:40:230,150325,173636
3.8,09-22-2026 21:33:40:240,150316,173592
3.81,09-22-2026 21:33:40:250,150323,173662
3.82,09-22-2026 21:33:40:260,150334,173597
3.83,09-22-2026 21:33:40:270,150319,173652
3.84,09-22-2026 21:33:40:280,150315,173614
3.85,09-22-2026 21:33:40:290,150316,173655
3.86,09-22-2026 21:33:40:300,150338,173610
3.87,09-22-2026 21:33:40:310,150321,173628
3.88,09-22-2026 21:33:40:320,150324,173595
3.89,09-22-2026 21:33:40:330,150310,173639
3.9,09-22-2026 21:33:40:340,150320,173594
3.91,09-22-2026 21:33:40:350,150328,173633
3.92,09-22-2026 21:33:40:360,150320,173600
3.93,09-22-2026 21:33:40:370,150315,173628
3.94,09-22-2026 21:33:40:380,150324,173603
3.95,09-22-2026 21:33:40:390,150319,173650
3.96,09-22-2026 21:33:40:400,150314,173605
3.97,09-22-2026 21:33:40:410,150305,173629
3.98,09-22-2026 21:33:40:420,150306,173637
3.99,09-22-2026 21:33:40:430,150293,173636
4,09-22-2026 21:33:40:440,150296,173644
4.01,09-22-2026 21:33:40:450,150310,173648
4.02,09-22-2026 21:33:40:460,150312,173655
4.03,09-22-2026 21:33:40:470,150323,173633
4.04,09-22-2026 21:33:40:480,150312,173644
4.05,09-22-2026 21:33:40:490,150306,173644
4.06,09-22-2026 21:33:40:500,150305,173654
4.07,09-22-2026 21:33:40:510,150292,173651
4.08,09-22-2026 21:33:40:520,150300,173673
4.09,09-22-2026 21:33:40:530,150293,173654
4.1,09-22-2026 21:33:40:540,150295,173656
4.11,09-22-2026 21:33:40:550,150304,173638
4.12,09-22-2026 21:33:40:560,150302,173673
4.13,09-22-2026 21:33:40:570,150293,173657
4.14,09-22-2026 21:33:40:580,150303,173685
4.15,09-22-2026 21:33:40:590,150294,173652
4.16,09-22-2026 21:33:40:600,150291,173678
4.17,09-22-2026 21:33:40:610,150281,173658
4.18,09-22-2026 21:33:40:620,150305,173674
4.19,09-22-2026 21:33:40:630,150290,173655
4.2,09-22-2026 21:33:40:640,150291,173664
4.21,09-22-2026 21:33:40:650,150306,173646
4.22,09-22-2026 21:33:40:660,150300,173686
4.23,09-22-2026 21:33:40:670,150313,173645
4.24,09-22-2026 21:33:40:680,150302,173686
4.25,09-22-2026 21:33:40:690,150299,173649
4.26,09-22-2026 21:33:40:700,150305,173684
4.27,09-22-2026 21:33:40:710,150310,173643
4.28,09-22-2026 21:33:40:720,150300,173676
4.29,09-22-2026 21:33:40:730,150308,173646
4.3,09-22-2026 21:33:40:740,150318,173702
4.31,09-22-2026 21:33:40:750,150315,173640
4.32,09-22-2026 21:33:40:760,150308,173660
4.33,09-22-2026 21:33:40:770,150311,173639
4.34,09-22-2026 21:33:40:780,150317,173657
4.35,09-22-2026 21:33:40:790,150315,173636
4.36,09-22-2026 21:33:40:800,150327,173677
4.37,09-22-2026 21:33:40:810,150312,173649
4.38,09-22-2026 21:33:40:820,150317,173679
4.39,09-22-2026 21:33:40:830,150317,173636
4.4,09-22-2026 21:33:40:840,150325,173667
4.41,09-22-2026 21:33:40:850,150328,173642
4.42,09-22-2026 21:33:40:860,150335,173673
4.43,09-22-2026 21:33:40:870,150326,173650
4.44,09-22-2026 21:33:40:880,150313,173664
4.45,09-22-2026 21:33:40:890,150334,173649
4.46,09-22-2026 21:33:40:900,150315,173652
4.47,09-22-2026 21:33:40:910,150337,173634
4.48,09-22-2026 21:33:40:920,150311,173647
4.49,09-22-2026 21:33:40:930,150333,173644
4.5,09-22-2026 21:33:40:940,150307,173645
4.51,09-22-2026 21:33:40:950,150329,173661
4.52,09-22-2026 21:33:40:960,150313,173648
4.53,09-22-2026 21:33:40:970,150341,173643
4.54,09-22-2026 21:33:40:980,150316,173644
4.55,09-22-2026 21:33:40:990,150323,173648
4.56,09-22-2026 21:33:41:000,150312,173635
4.57,09-22-2026 21:33:41:010,150333,173656
4.58,09-22-2026 21:33:41:020,150312,173629
4.59,09-22-2026 21:33:41:030,150335,173640
4.6,09-22-2026 21:33:41:040,150326,173632
4.61,09-22-2026 21:33:41:050,150328,173625
4.62,09-22-2026 21:33:41:060,150324,173649
4.63,09-22-2026 21:33:41:070,150337,173628
4.64,09-22-2026 21:33:41:080,150287,173635
4.65,09-22-2026 21:33:41:090,150337,173648
4.66,09-22-2026 21:33:41:100,150304,173666
4.67,09-22-2026 21:33:41:110,150336,173646
4.68,09-22-2026 21:33:41:120,150293,173649
4.69,09-22-2026 21:33:41:130,150344,173640
4.7,09-22-2026 21:33:41:140,150299,173652
4.71,09-22-2026 21:33:41:150,150331,173650
4.72,09-22-2026 21:33:41:160,150282,173662
4.73,09-22-2026 21:33:41:170,150327,173642
4.74,09-22-2026 21:33:41:180,150290,173650
4.75,09-22-2026 21:33:41:190,150319,173648
4.76,09-22-2026 21:33:41:200,150284,173638
4.77,09-22-2026 21:33:41:210,150349,173634
4.78,09-22-2026 21:33:41:220,150277,173611
4.79,09-22-2026 21:33:41:230,150331,173647
4.8,09-22-2026 21:33:41:240,150271,173651
4.81,09-22-2026 21:33:41:250,150334,173659
4.82,09-22-2026 21:33:41:260,150293,173660
4.83,09-22-2026 21:33:41:270,150342,173638
4.84,09-22-2026 21:33:41:280,150283,173638
4.85,09-22-2026 21:33:41:290,150325,173633
4.86,09-22-2026 21:33:41:300,150299,173644
4.87,09-22-2026 21:33:41:310,150339,173659
4.88,09-22-2026 21:33:41:320,150286,173622
4.89,09-22-2026 21:33:41:330,150312,173650
4.9,09-22-2026 21:33:41:340,150290,173651
4.91,09-22-2026 21:33:41:350,150316,173635
4.92,09-22-2026 21:33:41:360,150289,173646
4.93,09-22-2026 21:33:41:370,150316,173642
4.94,09-22-2026 21:33:41:380,150302,173647
4.95,09-22-2026 21:33:41:390,150318,173654
4.96,09-22-2026 21:33:41:400,150279,173637
4.97,09-22-2026 21:33:41:410,150314,173662
4.98,09-22-2026 21:33:41:420,150322,173647
4.99,09-22-2026 21:33:41:430,150302,173639
5,09-22-2026 21:33:41:440,150331,173648
5.01,09-22-2026 21:33:41:450,150306,173635
5.02,09-22-2026 21:33:41:460,150324,173646
5.03,09-22-2026 21:33:41:470,150312,173635
5.04,09-22-2026 21:33:41:480,150320,173642
5.05,09-22-2026 21:33:41:490,150305,173639
5.06,09-22-2026 21:33:41:500,150332,173642
5.07,09-22-2026 21:33:41:510,150305,173625
5.08,09-22-2026 21:33:41:520,150345,173639
5.09,09-22-2026 21:33:41:530,150299,173640
5.1,09-22-2026 21:33:41:540,150324,173627
5.11,09-22-2026 21:33:41:550,150309,173658
5.12,09-22-2026 21:33:41:560,150341,173639
5.13,09-22-2026 21:33:41:570,150296,173635
5.14,09-22-2026 21:33:41:580,150325,173631
5.15,09-22-2026 21:33:41:590,150307,173636
5.16,09-22-2026 21:33:41:600,150335,173642
5.17,09-22-2026 21:33:41:610,150312,173621
5.18,09-22-2026 21:33:41:620,150353,173633
5.19,09-22-2026 21:33:41:630,150317,173625
5.2,09-22-2026 21:33:41:640,150342,173629
5.21,09-22-2026 21:33:41:650,150317,173639
5.22,09-22-2026 21:33:41:660,150344,173622
5.23,09-22-2026 21:33:41:670,150307,173604
5.24,09-22-2026 21:33:41:680,150341,173629
5.25,09-22-2026 21:33:41:690,150305,173619
5.26,09-22-2026 21:33:41:700,150354,173619
5.27,09-22-2026 21:33:41:710,150319,173629
5.28,09-22-2026 21:33:41:720,150365,173631
5.29,09-22-2026 21:33:41:730,150327,173622
5.3,09-22-2026 21:33:41:740,150357,173625
5.31,09-22-2026 21:33:41:750,150331,173636
5.32,09-22-2026 21:33:41:760,150367,173648
5.33,09-22-2026 21:33:41:770,150312,173644
5.34,09-22-2026 21:33:41:780,150340,173636
5.35,09-22-2026 21:33:41:790,150301,173621
5.36,09-22-2026 21:33:41:800,150336,173619
5.37,09-22-2026 21:33:41:810,150331,173643
5.38,09-22-2026 21:33:41:820,150352,173648
5.39,09-22-2026 21:33:41:830,150326,173645
5.4,09-22-2026 21:33:41:840,150350,173623
5.41,09-22-2026 21:33:41:850,150325,173624
5.42,09-22-2026 21:33:41:860,150352,173638
5.43,09-22-2026 21:33:41:870,150348,173617
5.44,09-22-2026 21:33:41:880,150344,173620
5.45,09-22-2026 21:33:41:890,150317,173616
5.46,09-22-2026 21:33:41:900,150328,173631
5.47,09-22-2026 21:33:41:910,150332,173625
5.48,09-22-2026 21:33:41:920,150317,173614
5.49,09-22-2026 21:33:41:930,150333,173624
5.5,09-22-2026 21:33:41:940,150325,173637
5.51,09-22-2026 21:33:41:950,150346,173624
5.52,09-22-2026 21:33:41:960,150341,173610
5.53,09-22-2026 21:33:41:970,150338,173611
5.54,09-22-2026 21:33:41:980,150340,173620
5.55,09-22-2026 21:33:41:990,150334,173617
5.56,09-22-2026 21:33:42:000,150339,173624
5.57,09-22-2026 21:33:42:010,150334,173611
5.58,09-22-2026 21:33:42:020,150338,173623
5.59,09-22-2026 21:33:42:030,150345,173616
5.6,09-22-2026 21:33:42:040,150345,173616
5.61,09-22-2026 21:33:42:050,150345,173625
5.62,09-22-2026 21:33:42:060,150324,173624
5.63,09-22-2026 21:33:42:070,150354,173616
5.64,09-22-2026 21:33:42:080,150339,173625
5.65,09-22-2026 21:33:42:090,150354,173623
5.66,09-22-2026 21:33:42:100,150352,173626
5.67,09-22-2026 21:33:42:110,150333,173626
5.68,09-22-2026 21:33:42:120,150339,173618
5.69,09-22-2026 21:33:42:130,150345,173649
5.7,09-22-2026 21:33:42:140,150329,173625
5.71,09-22-2026 21:33:42:150,150341,173608
5.72,09-22-2026 21:33:42:160,150319,173612
5.73,09-22-2026 21:33:42:170,150320,173619
5.74,09-22-2026 21:33:42:180,150308,173629
5.75,09-22-2026 21:33:42:190,150320,173645
5.76,09-22-2026 21:33:42:200,150315,173634
5.77,09-22-2026 21:33:42:210,150324,173618
5.78,09-22-2026 21:33:42:220,150313,173634
5.79,09-22-2026 21:33:42:230,150328,173610
5.8,09-22-2026 21:33:42:240,150331,173613
5.81,09-22-2026 21:33:42:250,150311,173616
5.82,09-22-2026 21:33:42:260,150313,173626
5.83,09-22-2026 21:33:42:270,150308,173623
5.84,09-22-2026 21:33:42:280,150313,173624
5.85,09-22-2026 21:33:42:290,150320,173624
5.86,09-22-2026 21:33:42:300,150290,173623
5.87,09-22-2026 21:33:42:310,150306,173616
5.88,09-22-2026 21:33:42:320,150317,173623
5.89,09-22-2026 21:33:42:330,150317,173624
5.9,09-22-2026 21:33:42:340,150312,173624
5.91,09-22-2026 21:33:42:350,150312,173646
5.92,09-22-2026 21:33:42:360,150313,173607
5.93,09-22-2026 21:33:42:370,150321,173615
5.94,09-22-2026 21:33:42:380,150313,173599
5.95,09-22-2026 21:33:42:390,150321,173635
5.96,09-22-2026 21:33:42:400,150320,173604
5.97,09-22-2026 21:33:42:410,150320,173634
5.98,09-22-2026 21:33:42:420,150319,173590
5.99,09-22-2026 21:33:42:430,150328,173619
6,09-22-2026 21:33:42:440,150320,173603
6.01,09-22-2026 21:33:42:450,150329,173617
6.02,09-22-2026 21:33:42:460,150314,173590
6.03,09-22-2026 21:33:42:470,150333,173612
6.04,09-22-2026 21:33:42:480,150305,173600
6.05,09-22-2026 21:33:42:490,150325,173611
6.06,09-22-2026 21:33:42:500,150305,173570
6.07,09-22-2026 21:33:42:510,150331,173608
6.08,09-22-2026 21:33:42:520,150331,173564
6.09,09-22-2026 21:33:42:530,150327,173620
6.1,09-22-2026 21:33:42:540,150325,173577
6.11,09-22-2026 21:33:42:550,150318,173625
6.12,09-22-2026 21:33:42:560,150327,173591
6.13,09-22-2026 21:33:42:570,150341,173619
6.14,09-22-2026 21:33:42:580,150334,173561
6.15,09-22-2026 21:33:42:590,150326,173620
6.16,09-22-2026 21:33:42:600,150346,173560
6.17,09-22-2026 21:33:42:610,150340,173635
6.18,09-22-2026 21:33:42:620,150336,173576
6.19,09-22-2026 21:33:42:630,150337,173630
6.2,09-22-2026 21:33:42:640,150329,173582
6.21,09-22-2026 21:33:42:650,150330,173603
6.22,09-22-2026 21:33:42:660,150333,173597
6.23,09-22-2026 21:33:42:670,150347,173607
6.24,09-22-2026 21:33:42:680,150350,173576
6.25,09-22-2026 21:33:42:690,150352,173600
6.26,09-22-2026 21:33:42:700,150342,173582
6.27,09-22-2026 21:33:42:710,150347,173626
6.28,09-22-2026 21:33:42:720,150343,173600
6.29,09-22-2026 21:33:42:730,150326,173624
6.3,09-22-2026 21:33:42:740,150339,173589
6.31,09-22-2026 21:33:42:750,150334,173626
6.32,09-22-2026 21:33:42:760,150349,173590
6.33,09-22-2026 21:33:42:770,150337,173639
6.34,09-22-2026 21:33:42:780,150337,173619
6.35,09-22-2026 21:33:42:790,150329,173635
6.36,09-22-2026 21:33:42:800,150363,173635
6.37,09-22-2026 21:33:42:810,150329,173637
6.38,09-22-2026 21:33:42:820,150329,173623
6.39,09-22-2026 21:33:42:830,150338,173627
6.4,09-22-2026 21:33:42:840,150344,173637
6.41,09-22-2026 21:33:42:850,150334,173637
6.42,09-22-2026 21:33:42:860,150355,173647
6.43,09-22-2026 21:33:42:870,150336,173640
6.44,09-22-2026 21:33:42:880,150332,173635
6.45,09-22-2026 21:33:42:890,150343,173618
6.46,09-22-2026 21:33:42:900,150343,173649
6.47,09-22-2026 21:33:42:910,150349,173626
6.48,09-22-2026 21:33:42:920,150346,173626
6.49,09-22-2026 21:33:42:930,150350,173629
6.5,09-22-2026 21:33:42:940,150366,173629
6.51,09-22-2026 21:33:42:950,150363,173622
6.52,09-22-2026 21:33:42:960,150346,173650
6.53,09-22-2026 21:33:42:970,150362,173631
6.54,09-22-2026 21:33:42:980,150352,173645
6.55,09-22-2026 21:33:42:990,150350,173625
6.56,09-22-2026 21:33:43:000,150348,173651
6.57,09-22-2026 21:33:43:010,150348,173617
6.58,09-22-2026 21:33:43:020,150368,173667
6.59,09-22-2026 21:33:43:030,150355,173624
6.6,09-22-2026 21:33:43:040,150326,173672
6.61,09-22-2026 21:33:43:050,150339,173641
6.62,09-22-2026 21:33:43:060,150340,173654
6.63,09-22-2026 21:33:43:070,150336,173613
6.64,09-22-2026 21:33:43:080,150352,173678
6.65,09-22-2026 21:33:43:090,150319,173629
6.66,09-22-2026 21:33:43:100,150326,173671
6.67,09-22-2026 21:33:43:110,150331,173626
6.68,09-22-2026 21:33:43:120,150329,173670
6.69,09-22-2026 21:33:43:130,150334,173621
6.7,09-22-2026 21:33:43:140,150327,173650
6.71,09-22-2026 21:33:43:150,150327,173640
6.72,09-22-2026 21:33:43:160,150337,173639
6.73,09-22-2026 21:33:43:170,150317,173631
6.74,09-22-2026 21:33:43:180,150312,173670
6.75,09-22-2026 21:33:43:190,150329,173632
6.76,09-22-2026 21:33:43:200,150328,173635
6.77,09-22-2026 21:33:43:210,150335,173646
6.78,09-22-2026 21:33:43:220,150318,173647
6.79,09-22-2026 21:33:43:230,150308,173629
6.8,09-22-2026 21:33:43:240,150337,173636
6.81,09-22-2026 21:33:43:250,150327,173633
6.82,09-22-2026 21:33:43:260,150324,173619
6.83,09-22-2026 21:33:43:270,150332,173615
6.84,09-22-2026 21:33:43:280,150323,173625
6.85,09-22-2026 21:33:43:290,150332,173644
6.86,09-22-2026 21:33:43:300,150325,173629
6.87,09-22-2026 21:33:43:310,150324,173619
6.88,09-22-2026 21:33:43:320,150323,173632
6.89,09-22-2026 21:33:43:330,150310,173597
6.9,09-22-2026 21:33:43:340,150310,173610
6.91,09-22-2026 21:33:43:350,150332,173624
6.92,09-22-2026 21:33:43:360,150308,173619
6.93,09-22-2026 21:33:43:370,150331,173618
6.94,09-22-2026 21:33:43:380,150309,173618
6.95,09-22-2026 21:33:43:390,150345,173621
6.96,09-22-2026 21:33:43:400,150303,173619
6.97,09-22-2026 21:33:43:410,150320,173628
6.98,09-22-2026 21:33:43:420,150323,173609
6.99,09-22-2026 21:33:43:430,150330,173614
7,09-22-2026 21:33:43:440,150315,173621
7.01,09-22-2026 21:33:43:450,150331,173612
7.02,09-22-2026 21:33:43:460,150306,173614
7.03,09-22-2026 21:33:43:470,150340,173636
7.04,09-22-2026 21:33:43:480,150314,173597
7.05,09-22-2026 21:33:43:490,150329,173609
7.06,09-22-2026 21:33:43:500,150304,173603
7.07,09-22-2026 21:33:43:510,150351,173609
7.08,09-22-2026 21:33:43:520,150304,173611
7.09,09-22-2026 21:33:43:530,150343,173598
7.1,09-22-2026 21:33:43:540,150314,173618
7.11,09-22-2026 21:33:43:550,150321,173611
7.12,09-22-2026 21:33:43:560,150307,173597
7.13,09-22-2026 21:33:43:570,150361,173593
7.14,09-22-2026 21:33:43:580,150303,173612
7.15,09-22-2026 21:33:43:590,150343,173605
7.16,09-22-2026 21:33:43:600,150316,173612
7.17,09-22-2026 21:33:43:610,150351,173608
7.18,09-22-2026 21:33:43:620,150309,173603
7.19,09-22-2026 21:33:43:630,150349,173605
7.2,09-22-2026 21:33:43:640,150329,173623
7.21,09-22-2026 21:33:43:650,150349,173607
7.22,09-22-2026 21:33:43:660,150301,173626
7.23,09-22-2026 21:33:43:670,150353,173601
7.24,09-22-2026 21:33:43:680,150310,173622
7.25,09-22-2026 21:33:43:690,150349,173609
7.26,09-22-2026 21:33:43:700,150326,173600
7.27,09-22-2026 21:33:43:710,150359,173614
7.28,09-22-2026 21:33:43:720,150330,173603
7.29,09-22-2026 21:33:43:730,150342,173613
7.3,09-22-2026 21:33:43:740,150325,173602
7.31,09-22-2026 21:33:43:750,150354,173617
7.32,09-22-2026 21:33:43:760,150340,173621
7.33,09-22-2026 21:33:43:770,150341,173621
7.34,09-22-2026 21:33:43:780,150317,173608
7.35,09-22-2026 21:33:43:790,150356,173630
7.36,09-22-2026 21:33:43:800,150352,173615
7.37,09-22-2026 21:33:43:810,150369,173608
7.38,09-22-2026 21:33:43:820,150351,173595
7.39,09-22-2026 21:33:43:830,150370,173614
7.4,09-22-2026 21:33:43:840,150362,173604
7.41,09-22-2026 21:33:43:850,150364,173627
7.42,09-22-2026 21:33:43:860,150361,173618
7.43,09-22-2026 21:33:43:870,150353,173622
7.44,09-22-2026 21:33:43:880,150369,173622
7.45,09-22-2026 21:33:43:890,150348,173609
7.46,09-22-2026 21:33:43:900,150383,173611
7.47,09-22-2026 21:33:43:910,150371,173618
7.48,09-22-2026 21:33:43:920,150391,173629
7.49,09-22-2026 21:33:43:930,150362,173611
7.5,09-22-2026 21:33:43:940,150371,173612
7.51,09-22-2026 21:33:43:950,150360,173636
7.52,09-22-2026 21:33:43:960,150385,173619
7.53,09-22-2026 21:33:43:970,150357,173619
7.54,09-22-2026 21:33:43:980,150384,173638
7.55,09-22-2026 21:33:43:990,150370,173624
7.56,09-22-2026 21:33:44:000,150394,173627
7.57,09-22-2026 21:33:44:010,150351,173615
7.58,09-22-2026 21:33:44:020,150396,173621
7.59,09-22-2026 21:33:44:030,150361,173618
7.6,09-22-2026 21:33:44:040,150377,173617
7.61,09-22-2026 21:33:44:050,150365,173626
7.62,09-22-2026 21:33:44:060,150375,173627
7.63,09-22-2026 21:33:44:070,150348,173641
7.64,09-22-2026 21:33:44:080,150377,173612
7.65,09-22-2026 21:33:44:090,150348,173627
7.66,09-22-2026 21:33:44:100,150365,173622
7.67,09-22-2026 21:33:44:110,150354,173622
7.68,09-22-2026 21:33:44:120,150372,173616
7.69,09-22-2026 21:33:44:130,150330,173617
7.7,09-22-2026 21:33:44:140,150392,173613
7.71,09-22-2026 21:33:44:150,150343,173596
7.72,09-22-2026 21:33:44:160,150361,173606
7.73,09-22-2026 21:33:44:170,150348,173623
7.74,09-22-2026 21:33:44:180,150356,173618
7.75,09-22-2026 21:33:44:190,150337,173617
7.76,09-22-2026 21:33:44:200,150366,173620
7.77,09-22-2026 21:33:44:210,150327,173625
7.78,09-22-2026 21:33:44:220,150354,173613
7.79,09-22-2026 21:33:44:230,150336,173620
7.8,09-22-2026 21:33:44:240,150342,173594
7.81,09-22-2026 21:33:44:250,150327,173611
7.82,09-22-2026 21:33:44:260,150346,173614
7.83,09-22-2026 21:33:44:270,150339,173622
7.84,09-22-2026 21:33:44:280,150369,173599
7.85,09-22-2026 21:33:44:290,150343,173622
7.86,09-22-2026 21:33:44:300,150371,173621
7.87,09-22-2026 21:33:44:310,150336,173606
7.88,09-22-2026 21:33:44:320,150356,173619
7.89,09-22-2026 21:33:44:330,150343,173618
7.9,09-22-2026 21:33:44:340,150355,173605
7.91,09-22-2026 21:33:44:350,150330,173610
7.92,09-22-2026 21:33:44:360,150329,173617
7.93,09-22-2026 21:33:44:370,150333,173633
7.94,09-22-2026 21:33:44:380,150346,173609
7.95,09-22-2026 21:33:44:390,150341,173600
7.96,09-22-2026 21:33:44:400,150347,173613
7.97,09-22-2026 21:33:44:410,150363,173614
7.98,09-22-2026 21:33:44:420,150348,173614
7.99,09-22-2026 21:33:44:430,150346,173608
8,09-22-2026 21:33:44:440,150368,173603
8.01,09-22-2026 21:33:44:450,150359,173606
8.02,09-22-2026 21:33:44:460,150363,173599
8.03,09-22-2026 21:33:44:470,150371,173599
8.04,09-22-2026 21:33:44:480,150360,173611
8.05,09-22-2026 21:33:44:490,150346,173601
8.06,09-22-2026 21:33:44:500,150362,173601
8.07,09-22-2026 21:33:44:510,150353,173616
8.08,09-22-2026 21:33:44:520,150347,173600
8.09,09-22-2026 21:33:44:530,150357,173611
8.1,09-22-2026 21:33:44:540,150351,173615
8.11,09-22-2026 21:33:44:550,150350,173616
8.12,09-22-2026 21:33:44:560,150346,173605
8.13,09-22-2026 21:33:44:570,150347,173611
8.14,09-22-2026 21:33:44:580,150351,173610
8.15,09-22-2026 21:33:44:590,150351,173603
8.16,09-22-2026 21:33:44:600,150353,173599
8.17,09-22-2026 21:33:44:610,150385,173632
8.18,09-22-2026 21:33:44:620,150375,173613
8.19,09-22-2026 21:33:44:630,150374,173598
8.2,09-22-2026 21:33:44:640,150380,173612
8.21,09-22-2026 21:33:44:650,150375,173605
8.22,09-22-2026 21:33:44:660,150372,173622
8.23,09-22-2026 21:33:44:670,150376,173604
8.24,09-22-2026 21:33:44:680,150370,173608
8.25,09-22-2026 21:33:44:690,150350,173625
8.26,09-22-2026 21:33:44:700,150372,173616
8.27,09-22-2026 21:33:44:710,150390,173597
8.28,09-22-2026 21:33:44:720,150376,173632
8.29,09-22-2026 21:33:44:730,150381,173612
8.3,09-22-2026 21:33:44:740,150389,173619
8.31,09-22-2026 21:33:44:750,150396,173607
8.32,09-22-2026 21:33:44:760,150384,173624
8.33,09-22-2026 21:33:44:770,150368,173609
8.34,09-22-2026 21:33:44:780,150371,173623
8.35,09-22-2026 21:33:44:790,150389,173616
8.36,09-22-2026 21:33:44:800,150395,173622
8.37,09-22-2026 21:33:44:810,150390,173597
8.38,09-22-2026 21:33:44:820,150380,173621
8.39,09-22-2026 21:33:44:830,150391,173578
8.4,09-22-2026 21:33:44:840,150397,173631
8.41,09-22-2026 21:33:44:850,150392,173606
8.42,09-22-2026 21:33:44:860,150394,173610
8.43,09-22-2026 21:33:44:870,150398,173590
8.44,09-22-2026 21:33:44:880,150407,173611
8.45,09-22-2026 21:33:44:890,150392,173616
8.46,09-22-2026 21:33:44:900,150382,173625
8.47,09-22-2026 21:33:44:910,150397,173577
8.48,09-22-2026 21:33:44:920,150392,173629
8.49,09-22-2026 21:33:44:930,150394,173589
8.5,09-22-2026 21:33:44:940,150390,173602
8.51,09-22-2026 21:33:44:950,150379,173581
8.52,09-22-2026 21:33:44:960,150380,173611
8.53,09-22-2026 21:33:44:970,150405,173589
8.54,09-22-2026 21:33:44:980,150386,173620
8.55,09-22-2026 21:33:44:990,150384,173588
8.56,09-22-2026 21:33:45:000,150377,173631
8.57,09-22-2026 21:33:45:010,150387,173576
8.58,09-22-2026 21:33:45:020,150397,173610
8.59,09-22-2026 21:33:45:030,150384,173551
8.6,09-22-2026 21:33:45:040,150388,173634
8.61,09-22-2026 21:33:45:050,150382,173563
8.62,09-22-2026 21:33:45:060,150374,173623
8.63,09-22-2026 21:33:45:070,150389,173572
8.64,09-22-2026 21:33:45:080,150379,173623
8.65,09-22-2026 21:33:45:090,150385,173566
8.66,09-22-2026 21:33:45:100,150373,173614
8.67,09-22-2026 21:33:45:110,150363,173575
8.68,09-22-2026 21:33:45:120,150391,173638
8.69,09-22-2026 21:33:45:130,150400,173588
8.7,09-22-2026 21:33:45:140,150385,173659
8.71,09-22-2026 21:33:45:150,150396,173599
8.72,09-22-2026 21:33:45:160,150371,173622
8.73,09-22-2026 21:33:45:170,150376,173608
8.74,09-22-2026 21:33:45:180,150383,173637
8.75,09-22-2026 21:33:45:190,150396,173590
8.76,09-22-2026 21:33:45:200,150407,173629
8.77,09-22-2026 21:33:45:210,150438,173621
8.78,09-22-2026 21:33:45:220,150416,173626
8.79,09-22-2026 21:33:45:230,150423,173609
8.8,09-22-2026 21:33:45:240,150411,173632
8.81,09-22-2026 21:33:45:250,150420,173599
8.82,09-22-2026 21:33:45:260,150446,173623
8.83,09-22-2026 21:33:45:270,150434,173595
8.84,09-22-2026 21:33:45:280,150426,173626
8.85,09-22-2026 21:33:45:290,150448,173631
8.86,09-22-2026 21:33:45:300,150450,173611
8.87,09-22-2026 21:33:45:310,150460,173619
8.88,09-22-2026 21:33:45:320,150453,173640
8.89,09-22-2026 21:33:45:330,150431,173645
8.9,09-22-2026 21:33:45:340,150458,173628
8.91,09-22-2026 21:33:45:350,150446,173638
8.92,09-22-2026 21:33:45:360,150461,173626
8.93,09-22-2026 21:33:45:370,150453,173650
8.94,09-22-2026 21:33:45:380,150456,173627
8.95,09-22-2026 21:33:45:390,150457,173645
8.96,09-22-2026 21:33:45:400,150451,173628
8.97,09-22-2026 21:33:45:410,150413,173644
8.98,09-22-2026 21:33:45:420,150476,173634
8.99,09-22-2026 21:33:45:430,150507,173636
9,09-22-2026 21:33:45:440,150498,173585
9.01,09-22-2026 21:33:45:450,150505,173646
9.02,09-22-2026 21:33:45:460,150497,173680
9.03,09-22-2026 21:33:45:470,150497,173736
9.04,09-22-2026 21:33:45:480,150541,173794
9.05,09-22-2026 21:33:45:490,150547,173822
9.06,09-22-2026 21:33:45:500,150573,173790
9.07,09-22-2026 21:33:45:510,150627,173820
9.08,09-22-2026 21:33:45:520,150637,173768
9.09,09-22-2026 21:33:45:530,150679,173810
9.1,09-22-2026 21:33:45:540,150729,173756
9.11,09-22-2026 21:33:45:550,150767,173789
9.12,09-22-2026 21:33:45:560,150796,173760
9.13,09-22-2026 21:33:45:570,150795,173787
9.14,09-22-2026 21:33:45:580,150798,173793
9.15,09-22-2026 21:33:45:590,150805,173843
9.16,09-22-2026 21:33:45:600,150812,173830
9.17,09-22-2026 21:33:45:610,150841,173874
9.18,09-22-2026 21:33:45:620,150821,173826
9.19,09-22-2026 21:33:45:630,150828,173853
9.2,09-22-2026 21:33:45:640,150838,173833
9.21,09-22-2026 21:33:45:650,150827,173871
9.22,09-22-2026 21:33:45:660,150843,173831
9.23,09-22-2026 21:33:45:670,150860,173855
9.24,09-22-2026 21:33:45:680,150861,173829
9.25,09-22-2026 21:33:45:690,150853,173827
9.26,09-22-2026 21:33:45:700,150865,173827
9.27,09-22-2026 21:33:45:710,150850,173983
9.28,09-22-2026 21:33:45:720,150845,174021
9.29,09-22-2026 21:33:45:730,150859,174063
9.3,09-22-2026 21:33:45:740,150875,174045
9.31,09-22-2026 21:33:45:750,150864,174042
9.32,09-22-2026 21:33:45:760,150884,174082
9.33,09-22-2026 21:33:45:770,150870,174110
9.34,09-22-2026 21:33:45:780,150879,174178
9.35,09-22-2026 21:33:45:790,150869,174168
9.36,09-22-2026 21:33:45:800,150886,174182
9.37,09-22-2026 21:33:45:810,150868,174156
9.38,09-22-2026 21:33:45:820,150911,174144
9.39,09-22-2026 21:33:45:830,150881,174194
9.4,09-22-2026 21:33:45:840,150886,174228
9.41,09-22-2026 21:33:45:850,150819,174247
9.42,09-22-2026 21:33:45:860,150885,174228
9.43,09-22-2026 21:33:45:870,150843,174242
9.44,09-22-2026 21:33:45:880,150871,174232
9.45,09-22-2026 21:33:45:890,150847,174258
9.46,09-22-2026 21:33:45:900,150909,174223
9.47,09-22-2026 21:33:45:910,150817,174238
9.48,09-22-2026 21:33:45:920,150785,174213
9.49,09-22-2026 21:33:45:930,150699,174207
9.5,09-22-2026 21:33:45:940,150727,174195
9.51,09-22-2026 21:33:45:950,150652,174206
9.52,09-22-2026 21:33:45:960,150669,174170
9.53,09-22-2026 21:33:45:970,150609,174180
9.54,09-22-2026 21:33:45:980,150658,174178
9.55,09-22-2026 21:33:45:990,150599,174171
9.56,09-22-2026 21:33:46:000,150641,174163
9.57,09-22-2026 21:33:46:010,150594,174158
9.58,09-22-2026 21:33:46:020,150618,174137
9.59,09-22-2026 21:33:46:030,150596,174125
9.6,09-22-2026 21:33:46:040,150633,174121
9.61,09-22-2026 21:33:46:050,150621,174115
9.62,09-22-2026 21:33:46:060,150674,174115
9.63,09-22-2026 21:33:46:070,150633,174120
9.64,09-22-2026 21:33:46:080,150596,174101
9.65,09-22-2026 21:33:46:090,150579,174098
9.66,09-22-2026 21:33:46:100,150594,174106
9.67,09-22-2026 21:33:46:110,150589,174067
9.68,09-22-2026 21:33:46:120,150615,174073
9.69,09-22-2026 21:33:46:130,150657,174054
9.7,09-22-2026 21:33:46:140,150653,174078
9.71,09-22-2026 21:33:46:150,150658,174060
9.72,09-22-2026 21:33:46:160,150622,174060
9.73,09-22-2026 21:33:46:170,150642,174044
9.74,09-22-2026 21:33:46:180,150608,174031
9.75,09-22-2026 21:33:46:190,150618,174008
9.76,09-22-2026 21:33:46:200,150642,174011
9.77,09-22-2026 21:33:46:210,150712,174033
9.78,09-22-2026 21:33:46:220,150694,174033
9.79,09-22-2026 21:33:46:230,150754,174036
9.8,09-22-2026 21:33:46:240,150766,174077
9.81,09-22-2026 21:33:46:250,150876,174096
9.82,09-22-2026 21:33:46:260,150946,174088
9.83,09-22-2026 21:33:46:270,151006,174118
9.84,09-22-2026 21:33:46:280,150990,174091
9.85,09-22-2026 21:33:46:290,151032,174066
9.86,09-22-2026 21:33:46:300,151004,174061
9.87,09-22-2026 21:33:46:310,151040,174015
9.88,09-22-2026 21:33:46:320,150998,174016
9.89,09-22-2026 21:33:46:330,151036,174009
9.9,09-22-2026 21:33:46:340,150990,174030
9.91,09-22-2026 21:33:46:350,150984,174020
9.92,09-22-2026 21:33:46:360,150954,174020
9.93,09-22-2026 21:33:46:370,150982,174004
9.94,09-22-2026 21:33:46:380,150900,173986
9.95,09-22-2026 21:33:46:390,150952,174016
9.96,09-22-2026 21:33:46:400,150876,174006
9.97,09-22-2026 21:33:46:410,150878,174002
9.98,09-22-2026 21:33:46:420,150850,174027
9.99,09-22-2026 21:33:46:430,150830,174061
10,09-22-2026 21:33:46:440,150800,174063
10.01,09-22-2026 21:33:46:450,150772,174084
10.02,09-22-2026 21:33:46:460,150772,174078
10.03,09-22-2026 21:33:46:470,150779,174084
10.04,09-22-2026 21:33:46:480,150758,174088
10.05,09-22-2026 21:33:46:490,150723,174076
10.06,09-22-2026 21:33:46:500,150723,174096
10.07,09-22-2026 21:33:46:510,150721,174088
10.08,09-22-2026 21:33:46:520,150710,174066
10.09,09-22-2026 21:33:46:530,150730,174050
10.1,09-22-2026 21:33:46:540,150689,173968
10.11,09-22-2026 21:33:46:550,150684,173843
10.12,09-22-2026 21:33:46:560,150680,173703
10.13,09-22-2026 21:33:46:570,150676,173463
10.14,09-22-2026 21:33:46:580,150644,173268
10.15,09-22-2026 21:33:46:590,150622,173293
10.16,09-22-2026 21:33:46:600,150560,173338
10.17,09-22-2026 21:33:46:610,150558,173408
10.18,09-22-2026 21:33:46:620,150558,173488
10.19,09-22-2026 21:33:46:630,150580,173513
10.2,09-22-2026 21:33:46:640,150550,173463
10.21,09-22-2026 21:33:46:650,150524,173401
10.22,09-22-2026 21:33:46:660,150525,173329
10.23,09-22-2026 21:33:46:670,150533,173305
10.24,09-22-2026 21:33:46:680,150522,173331
10.25,09-22-2026 21:33:46:690,150508,173315
10.26,09-22-2026 21:33:46:700,150522,173341
10.27,09-22-2026 21:33:46:710,150534,173303
10.28,09-22-2026 21:33:46:720,150515,173275
10.29,09-22-2026 21:33:46:730,150542,173219
10.3,09-22-2026 21:33:46:740,150541,173175
10.31,09-22-2026 21:33:46:750,150555,173152
10.32,09-22-2026 21:33:46:760,150568,173153
10.33,09-22-2026 21:33:46:770,150559,173159
10.34,09-22-2026 21:33:46:780,150569,173160
10.35,09-22-2026 21:33:46:790,150559,173164
10.36,09-22-2026 21:33:46:800,150579,173155
10.37,09-22-2026 21:33:46:810,150577,173178
10.38,09-22-2026 21:33:46:820,150579,173173
10.39,09-22-2026 21:33:46:830,150593,173188
10.4,09-22-2026 21:33:46:840,150592,173170
10.41,09-22-2026 21:33:46:850,150602,173192
10.42,09-22-2026 21:33:46:860,150607,173216
10.43,09-22-2026 21:33:46:870,150614,173210
10.44,09-22-2026 21:33:46:880,150620,173232
10.45,09-22-2026 21:33:46:890,150626,173334
10.46,09-22-2026 21:33:46:900,150631,173316
10.47,09-22-2026 21:33:46:910,150611,173342
10.48,09-22-2026 21:33:46:920,150627,173316
10.49,09-22-2026 21:33:46:930,150591,173320
10.5,09-22-2026 21:33:46:940,150597,173288
10.51,09-22-2026 21:33:46:950,150614,173352
10.52,09-22-2026 21:33:46:960,150602,173327
10.53,09-22-2026 21:33:46:970,150621,173375
10.54,09-22-2026 21:33:46:980,150612,173321
10.55,09-22-2026 21:33:46:990,150624,173365
10.56,09-22-2026 21:33:47:000,150600,173323
10.57,09-22-2026 21:33:47:010,150585,173356
10.58,09-22-2026 21:33:47:020,150573,173293
10.59,09-22-2026 21:33:47:030,150561,173341
10.6,09-22-2026 21:33:47:040,150589,173296
10.61,09-22-2026 21:33:47:050,150612,173321
10.62,09-22-2026 21:33:47:060,150625,173266
10.63,09-22-2026 21:33:47:070,150648,173322
10.64,09-22-2026 21:33:47:080,150647,173258
10.65,09-22-2026 21:33:47:090,150641,173299
10.66,09-22-2026 21:33:47:100,150596,173261
10.67,09-22-2026 21:33:47:110,150612,173305
10.68,09-22-2026 21:33:47:120,150599,173294
10.69,09-22-2026 21:33:47:130,150606,173296
10.7,09-22-2026 21:33:47:140,150553,173289
10.71,09-22-2026 21:33:47:150,150543,173287
10.72,09-22-2026 21:33:47:160,150511,173278
10.73,09-22-2026 21:33:47:170,150475,173279
10.74,09-22-2026 21:33:47:180,150493,173262
10.75,09-22-2026 21:33:47:190,150489,173293
10.76,09-22-2026 21:33:47:200,150495,173259
10.77,09-22-2026 21:33:47:210,150491,173268
10.78,09-22-2026 21:33:47:220,150413,173282
10.79,09-22-2026 21:33:47:230,150433,173290
10.8,09-22-2026 21:33:47:240,150441,173280
10.81,09-22-2026 21:33:47:250,150457,173267
10.82,09-22-2026 21:33:47:260,150431,173265
10.83,09-22-2026 21:33:47:270,150460,173257
10.84,09-22-2026 21:33:47:280,150432,173269
10.85,09-22-2026 21:33:47:290,150449,173269
10.86,09-22-2026 21:33:47:300,150432,173276
10.87,09-22-2026 21:33:47:310,150427,173280
10.88,09-22-2026 21:33:47:320,150422,173302
10.89,09-22-2026 21:33:47:330,150448,173271
10.9,09-22-2026 21:33:47:340,150426,173313
10.91,09-22-2026 21:33:47:350,150409,173253
10.92,09-22-2026 21:33:47:360,150403,173241
10.93,09-22-2026 21:33:47:370,150395,173161
10.94,09-22-2026 21:33:47:380,150391,173159
10.95,09-22-2026 21:33:47:390,150373,173139
10.96,09-22-2026 21:33:47:400,150345,173153
10.97,09-22-2026 21:33:47:410,150299,173121
10.98,09-22-2026 21:33:47:420,150249,173121
10.99,09-22-2026 21:33:47:430,150203,173041
11,09-22-2026 21:33:47:440,150233,173059
11.01,09-22-2026 21:33:47:450,150224,172994
11.02,09-22-2026 21:33:47:460,150242,172982
11.03,09-22-2026 21:33:47:470,150225,172862
11.04,09-22-2026 21:33:47:480,150216,172862
11.05,09-22-2026 21:33:47:490,150258,172830
11.06,09-22-2026 21:33:47:500,150283,172842
11.07,09-22-2026 21:33:47:510,150293,172830
11.08,09-22-2026 21:33:47:520,150313,172850
11.09,09-22-2026 21:33:47:530,150296,172814
11.1,09-22-2026 21:33:47:540,150306,172840
11.11,09-22-2026 21:33:47:550,150294,172816
11.12,09-22-2026 21:33:47:560,150299,172809
11.13,09-22-2026 21:33:47:570,150303,172750
11.14,09-22-2026 21:33:47:580,150284,172762
11.15,09-22-2026 21:33:47:590,150302,172754
11.16,09-22-2026 21:33:47:600,150306,172742
11.17,09-22-2026 21:33:47:610,150310,172770
11.18,09-22-2026 21:33:47:620,150302,172770
11.19,09-22-2026 21:33:47:630,150317,172753
11.2,09-22-2026 21:33:47:640,150299,172695
11.21,09-22-2026 21:33:47:650,150316,172742
11.22,09-22-2026 21:33:47:660,150297,172716
11.23,09-22-2026 21:33:47:670,150327,172722
11.24,09-22-2026 21:33:47:680,150289,172728
11.25,09-22-2026 21:33:47:690,150318,172738
11.26,09-22-2026 21:33:47:700,150295,172696
11.27,09-22-2026 21:33:47:710,150317,172680
11.28,09-22-2026 21:33:47:720,150296,172730
11.29,09-22-2026 21:33:47:730,150331,172826
11.3,09-22-2026 21:33:47:740,150280,172922
11.31,09-22-2026 21:33:47:750,150337,173028
11.32,09-22-2026 21:33:47:760,150298,173006
11.33,09-22-2026 21:33:47:770,150331,173030
11.34,09-22-2026 21:33:47:780,150287,173038
11.35,09-22-2026 21:33:47:790,150337,173064
11.36,09-22-2026 21:33:47:800,150303,173144
11.37,09-22-2026 21:33:47:810,150332,173104
11.38,09-22-2026 21:33:47:820,150314,173132
11.39,09-22-2026 21:33:47:830,150342,173108
11.4,09-22-2026 21:33:47:840,150304,173114
11.41,09-22-2026 21:33:47:850,150339,173119
11.42,09-22-2026 21:33:47:860,150311,173114
11.43,09-22-2026 21:33:47:870,150343,173101
11.44,09-22-2026 21:33:47:880,150316,173102
11.45,09-22-2026 21:33:47:890,150342,173113
11.46,09-22-2026 21:33:47:900,150306,173107
11.47,09-22-2026 21:33:47:910,150329,173114
11.48,09-22-2026 21:33:47:920,150338,173115
11.49,09-22-2026 21:33:47:930,150337,173131
11.5,09-22-2026 21:33:47:940,150352,173137
11.51,09-22-2026 21:33:47:950,150334,173150
11.52,09-22-2026 21:33:47:960,150362,173141
11.53,09-22-2026 21:33:47:970,150340,173148
11.54,09-22-2026 21:33:47:980,150368,173133
11.55,09-22-2026 21:33:47:990,150338,173140
11.56,09-22-2026 21:33:48:000,150358,173133
11.57,09-22-2026 21:33:48:010,150341,173150
11.58,09-22-2026 21:33:48:020,150353,173146
11.59,09-22-2026 21:33:48:030,150348,173157
11.6,09-22-2026 21:33:48:040,150361,173144
11.61,09-22-2026 21:33:48:050,150349,173133
11.62,09-22-2026 21:33:48:060,150373,173135
11.63,09-22-2026 21:33:48:070,150347,173142
11.64,09-22-2026 21:33:48:080,150360,173138
11.65,09-22-2026 21:33:48:090,150342,173148
11.66,09-22-2026 21:33:48:100,150375,173151
11.67,09-22-2026 21:33:48:110,150360,173133
11.68,09-22-2026 21:33:48:120,150377,173142
11.69,09-22-2026 21:33:48:130,150347,173149
11.7,09-22-2026 21:33:48:140,150398,173159
11.71,09-22-2026 21:33:48:150,150361,173147
11.72,09-22-2026 21:33:48:160,150399,173153
11.73,09-22-2026 21:33:48:170,150361,173151
11.74,09-22-2026 21:33:48:180,150377,173146
11.75,09-22-2026 21:33:48:190,150347,173157
11.76,09-22-2026 21:33:48:200,150376,173131
11.77,09-22-2026 21:33:48:210,150358,173140
11.78,09-22-2026 21:33:48:220,150378,173138
11.79,09-22-2026 21:33:48:230,150330,173129
11.8,09-22-2026 21:33:48:240,150358,173137
11.81,09-22-2026 21:33:48:250,150340,173144
11.82,09-22-2026 21:33:48:260,150367,173143
11.83,09-22-2026 21:33:48:270,150345,173160
11.84,09-22-2026 21:33:48:280,150360,173151
11.85,09-22-2026 21:33:48:290,150357,173141
11.86,09-22-2026 21:33:48:300,150360,173138
11.87,09-22-2026 21:33:48:310,150346,173143
11.88,09-22-2026 21:33:48:320,150350,173145
11.89,09-22-2026 21:33:48:330,150318,173145
11.9,09-22-2026 21:33:48:340,150352,173135
11.91,09-22-2026 21:33:48:350,150350,173135
11.92,09-22-2026 21:33:48:360,150336,173150
11.93,09-22-2026 21:33:48:370,150345,173148
11.94,09-22-2026 21:33:48:380,150349,173146
11.95,09-22-2026 21:33:48:390,150326,173130
11.96,09-22-2026 21:33:48:400,150356,173135
11.97,09-22-2026 21:33:48:410,150340,173144
11.98,09-22-2026 21:33:48:420,150341,173134
11.99,09-22-2026 21:33:48:430,150340,173133
12,09-22-2026 21:33:48:440,150352,173141
12.01,09-22-2026 21:33:48:450,150348,173136
12.02,09-22-2026 21:33:48:460,150344,173161
12.03,09-22-2026 21:33:48:470,150365,173148
12.04,09-22-2026 21:33:48:480,150364,173129
12.05,09-22-2026 21:33:48:490,150353,173139
12.06,09-22-2026 21:33:48:500,150356,173129
12.07,09-22-2026 21:33:48:510,150361,173139
12.08,09-22-2026 21:33:48:520,150362,173121
12.09,09-22-2026 21:33:48:530,150349,173127
12.1,09-22-2026 21:33:48:540,150362,173124
12.11,09-22-2026 21:33:48:550,150340,173110
12.12,09-22-2026 21:33:48:560,150341,173116
12.13,09-22-2026 21:33:48:570,150336,173156
12.14,09-22-2026 21:33:48:580,150323,173119
12.15,09-22-2026 21:33:48:590,150333,173117
12.16,09-22-2026 21:33:48:600,150323,173103
12.17,09-22-2026 21:33:48:610,150313,173122
12.18,09-22-2026 21:33:48:620,150312,173094
12.19,09-22-2026 21:33:48:630,150334,173075
12.2,09-22-2026 21:33:48:640,150337,173135
12.21,09-22-2026 21:33:48:650,150329,173093
12.22,09-22-2026 21:33:48:660,150325,173089
12.23,09-22-2026 21:33:48:670,150320,173089
12.24,09-22-2026 21:33:48:680,150325,173092
12.25,09-22-2026 21:33:48:690,150341,173076
12.26,09-22-2026 21:33:48:700,150339,173090
12.27,09-22-2026 21:33:48:710,150330,173077
12.28,09-22-2026 21:33:48:720,150335,173073
12.29,09-22-2026 21:33:48:730,150329,173077
12.3,09-22-2026 21:33:48:740,150327,173096
12.31,09-22-2026 21:33:48:750,150336,173060
12.32,09-22-2026 21:33:48:760,150327,173081
12.33,09-22-2026 21:33:48:770,150327,173056
12.34,09-22-2026 21:33:48:780,150326,173124
12.35,09-22-2026 21:33:48:790,150318,173073
12.36,09-22-2026 21:33:48:800,150329,173086
12.37,09-22-2026 21:33:48:810,150327,173066
12.38,09-22-2026 21:33:48:820,150347,173099
12.39,09-22-2026 21:33:48:830,150335,173056
12.4,09-22-2026 21:33:48:840,150322,173104
12.41,09-22-2026 21:33:48:850,150335,173058
12.42,09-22-2026 21:33:48:860,150346,173098
12.43,09-22-2026 21:33:48:870,150339,173041
12.44,09-22-2026 21:33:48:880,150336,173100
12.45,09-22-2026 21:33:48:890,150331,173047
12.46,09-22-2026 21:33:48:900,150330,173094
12.47,09-22-2026 21:33:48:910,150329,173005
12.48,09-22-2026 21:33:48:920,150340,173094
12.49,09-22-2026 21:33:48:930,150342,173032
12.5,09-22-2026 21:33:48:940,150334,173081
12.51,09-22-2026 21:33:48:950,150340,173061
12.52,09-22-2026 21:33:48:960,150358,173108
12.53,09-22-2026 21:33:48:970,150345,173085
12.54,09-22-2026 21:33:48:980,150326,173101
12.55,09-22-2026 21:33:48:990,150350,173074
12.56,09-22-2026 21:33:49:000,150339,173088
12.57,09-22-2026 21:33:49:010,150337,173076
12.58,09-22-2026 21:33:49:020,150346,173091
12.59,09-22-2026 21:33:49:030,150353,173101
12.6,09-22-2026 21:33:49:040,150365,173085
12.61,09-22-2026 21:33:49:050,150339,173096
12.62,09-22-2026 21:33:49:060,150365,173104
12.63,09-22-2026 21:33:49:070,150355,173096
12.64,09-22-2026 21:33:49:080,150353,173090
12.65,09-22-2026 21:33:49:090,150354,173091
12.66,09-22-2026 21:33:49:100,150344,173069
12.67,09-22-2026 21:33:49:110,150356,173102
12.68,09-22-2026 21:33:49:120,150365,173097
12.69,09-22-2026 21:33:49:130,150374,173114
12.7,09-22-2026 21:33:49:140,150356,173079
12.71,09-22-2026 21:33:49:150,150371,173113
12.72,09-22-2026 21:33:49:160,150372,173085
12.73,09-22-2026 21:33:49:170,150375,173120
12.74,09-22-2026 21:33:49:180,150370,173084
12.75,09-22-2026 21:33:49:190,150363,173127
12.76,09-22-2026 21:33:49:200,150372,173085
12.77,09-22-2026 21:33:49:210,150363,173122
12.78,09-22-2026 21:33:49:220,150374,173081
12.79,09-22-2026 21:33:49:230,150356,173122
12.8,09-22-2026 21:33:49:240,150382,173113
12.81,09-22-2026 21:33:49:250,150357,173129
12.82,09-22-2026 21:33:49:260,150375,173081
12.83,09-22-2026 21:33:49:270,150358,173141
12.84,09-22-2026 21:33:49:280,150366,173102
12.85,09-22-2026 21:33:49:290,150353,173112
12.86,09-22-2026 21:33:49:300,150368,173089
12.87,09-22-2026 21:33:49:310,150356,173124
12.88,09-22-2026 21:33:49:320,150370,173090
12.89,09-22-2026 21:33:49:330,150369,173108
12.9,09-22-2026 21:33:49:340,150372,173073
12.91,09-22-2026 21:33:49:350,150374,173118
12.92,09-22-2026 21:33:49:360,150366,173073
12.93,09-22-2026 21:33:49:370,150361,173109
12.94,09-22-2026 21:33:49:380,150375,173093
12.95,09-22-2026 21:33:49:390,150366,173100
12.96,09-22-2026 21:33:49:400,150353,173080
12.97,09-22-2026 21:33:49:410,150329,173091
12.98,09-22-2026 21:33:49:420,150367,173073
12.99,09-22-2026 21:33:49:430,150332,173090
13,09-22-2026 21:33:49:440,150336,173100
13.01,09-22-2026 21:33:49:450,150322,173106
13.02,09-22-2026 21:33:49:460,150367,173079
13.03,09-22-2026 21:33:49:470,150321,173089
13.04,09-22-2026 21:33:49:480,150362,173096
13.05,09-22-2026 21:33:49:490,150317,173099
13.06,09-22-2026 21:33:49:500,150363,173093
13.07,09-22-2026 21:33:49:510,150295,173099
13.08,09-22-2026 21:33:49:520,150364,173099
13.09,09-22-2026 21:33:49:530,150317,173103
13.1,09-22-2026 21:33:49:540,150343,173093
13.11,09-22-2026 21:33:49:550,150294,173104
13.12,09-22-2026 21:33:49:560,150344,173105
13.13,09-22-2026 21:33:49:570,150278,173099
13.14,09-22-2026 21:33:49:580,150359,173100
13.15,09-22-2026 21:33:49:590,150299,173068
13.16,09-22-2026 21:33:49:600,150354,173095
13.17,09-22-2026 21:33:49:610,150277,173101
13.18,09-22-2026 21:33:49:620,150361,173097
13.19,09-22-2026 21:33:49:630,150323,173081
13.2,09-22-2026 21:33:49:640,150367,173089
13.21,09-22-2026 21:33:49:650,150325,173097
13.22,09-22-2026 21:33:49:660,150371,173083
13.23,09-22-2026 21:33:49:670,150321,173104
13.24,09-22-2026 21:33:49:680,150346,173096
13.25,09-22-2026 21:33:49:690,150335,173082
13.26,09-22-2026 21:33:49:700,150346,173096
13.27,09-22-2026 21:33:49:710,150336,173081
13.28,09-22-2026 21:33:49:720,150365,173077
13.29,09-22-2026 21:33:49:730,150353,173087
13.3,09-22-2026 21:33:49:740,150359,173075
13.31,09-22-2026 21:33:49:750,150366,173100
13.32,09-22-2026 21:33:49:760,150348,173100
13.33,09-22-2026 21:33:49:770,150366,173091
13.34,09-22-2026 21:33:49:780,150352,173077
13.35,09-22-2026 21:33:49:790,150384,173089
13.36,09-22-2026 21:33:49:800,150360,173092
13.37,09-22-2026 21:33:49:810,150393,173090
13.38,09-22-2026 21:33:49:820,150352,173092
13.39,09-22-2026 21:33:49:830,150400,173101
13.4,09-22-2026 21:33:49:840,150362,173093
13.41,09-22-2026 21:33:49:850,150378,173091
13.42,09-22-2026 21:33:49:860,150374,173101
13.43,09-22-2026 21:33:49:870,150406,173082
13.44,09-22-2026 21:33:49:880,150377,173098
13.45,09-22-2026 21:33:49:890,150407,173098
13.46,09-22-2026 21:33:49:900,150377,173098
13.47,09-22-2026 21:33:49:910,150411,173082
13.48,09-22-2026 21:33:49:920,150367,173080
13.49,09-22-2026 21:33:49:930,150402,173107
13.5,09-22-2026 21:33:49:940,150368,173093
13.51,09-22-2026 21:33:49:950,150406,173088
13.52,09-22-2026 21:33:49:960,150395,173090
13.53,09-22-2026 21:33:49:970,150427,173097
13.54,09-22-2026 21:33:49:980,150374,173097
13.55,09-22-2026 21:33:49:990,150412,173094
13.56,09-22-2026 21:33:50:000,150365,173087
13.57,09-22-2026 21:33:50:010,150381,173100
13.58,09-22-2026 21:33:50:020,150380,173099
13.59,09-22-2026 21:33:50:030,150393,173094
13.6,09-22-2026 21:33:50:040,150352,173108
13.61,09-22-2026 21:33:50:050,150403,173086
13.62,09-22-2026 21:33:50:060,150368,173085
13.63,09-22-2026 21:33:50:070,150396,173093
13.64,09-22-2026 21:33:50:080,150390,173081
13.65,09-22-2026 21:33:50:090,150392,173097
13.66,09-22-2026 21:33:50:100,150381,173103
13.67,09-22-2026 21:33:50:110,150376,173105
13.68,09-22-2026 21:33:50:120,150383,173089
13.69,09-22-2026 21:33:50:130,150382,173111
13.7,09-22-2026 21:33:50:140,150378,173098
13.71,09-22-2026 21:33:50:150,150379,173084
13.72,09-22-2026 21:33:50:160,150394,173098
13.73,09-22-2026 21:33:50:170,150394,173096
13.74,09-22-2026 21:33:50:180,150379,173092
13.75,09-22-2026 21:33:50:190,150400,173103
13.76,09-22-2026 21:33:50:200,150386,173092
13.77,09-22-2026 21:33:50:210,150392,173081
13.78,09-22-2026 21:33:50:220,150389,173082
13.79,09-22-2026 21:33:50:230,150363,173085
13.8,09-22-2026 21:33:50:240,150379,173100
13.81,09-22-2026 21:33:50:250,150379,173091
13.82,09-22-2026 21:33:50:260,150396,173103
13.83,09-22-2026 21:33:50:270,150388,173089
13.84,09-22-2026 21:33:50:280,150393,173100
13.85,09-22-2026 21:33:50:290,150397,173076
13.86,09-22-2026 21:33:50:300,150385,173095
13.87,09-22-2026 21:33:50:310,150374,173081
13.88,09-22-2026 21:33:50:320,150382,173101
13.89,09-22-2026 21:33:50:330,150384,173079
13.9,09-22-2026 21:33:50:340,150376,173076
13.91,09-22-2026 21:33:50:350,150380,173102
13.92,09-22-2026 21:33:50:360,150382,173081
13.93,09-22-2026 21:33:50:370,150369,173085
13.94,09-22-2026 21:33:50:380,150375,173092
13.95,09-22-2026 21:33:50:390,150363,173101
13.96,09-22-2026 21:33:50:400,150373,173083
13.97,09-22-2026 21:33:50:410,150371,173091
13.98,09-22-2026 21:33:50:420,150374,173100
13.99,09-22-2026 21:33:50:430,150370,173094
14,09-22-2026 21:33:50:440,150379,173094
14.01,09-22-2026 21:33:50:450,150374,173080
14.02,09-22-2026 21:33:50:460,150369,173077
14.03,09-22-2026 21:33:50:470,150364,173109
14.04,09-22-2026 21:33:50:480,150356,173098
14.05,09-22-2026 21:33:50:490,150357,173091
14.06,09-22-2026 21:33:50:500,150370,173084
14.07,09-22-2026 21:33:50:510,150361,173097
14.08,09-22-2026 21:33:50:520,150366,173077
14.09,09-22-2026 21:33:50:530,150361,173098
14.1,09-22-2026 21:33:50:540,150372,173072
14.11,09-22-2026 21:33:50:550,150356,173083
14.12,09-22-2026 21:33:50:560,150379,173074
14.13,09-22-2026 21:33:50:570,150360,173096
14.14,09-22-2026 21:33:50:580,150390,173072
14.15,09-22-2026 21:33:50:590,150365,173102
14.16,09-22-2026 21:33:50:600,150372,173060
14.17,09-22-2026 21:33:50:610,150361,173097
14.18,09-22-2026 21:33:50:620,150366,173036
14.19,09-22-2026 21:33:50:630,150370,173089
14.2,09-22-2026 21:33:50:640,150373,173069
14.21,09-22-2026 21:33:50:650,150352,173096
14.22,09-22-2026 21:33:50:660,150368,173058
14.23,09-22-2026 21:33:50:670,150354,173084
14.24,09-22-2026 21:33:50:680,150372,173035
14.25,09-22-2026 21:33:50:690,150365,173116
14.26,09-22-2026 21:33:50:700,150366,173015
14.27,09-22-2026 21:33:50:710,150368,173089
14.28,09-22-2026 21:33:50:720,150374,173039
14.29,09-22-2026 21:33:50:730,150357,173095
14.3,09-22-2026 21:33:50:740,150369,173064
14.31,09-22-2026 21:33:50:750,150371,173098
14.32,09-22-2026 21:33:50:760,150381,173062
14.33,09-22-2026 21:33:50:770,150357,173092
14.34,09-22-2026 21:33:50:780,150379,173056
14.35,09-22-2026 21:33:50:790,150362,173097
14.36,09-22-2026 21:33:50:800,150376,173057
14.37,09-22-2026 21:33:50:810,150379,173104
14.38,09-22-2026 21:33:50:820,150374,173065
14.39,09-22-2026 21:33:50:830,150386,173081
14.4,09-22-2026 21:33:50:840,150394,173084
14.41,09-22-2026 21:33:50:850,150380,173089
14.42,09-22-2026 21:33:50:860,150387,173096
14.43,09-22-2026 21:33:50:870,150375,173104
14.44,09-22-2026 21:33:50:880,150382,173090
14.45,09-22-2026 21:33:50:890,150381,173101
14.46,09-22-2026 21:33:50:900,150376,173113
14.47,09-22-2026 21:33:50:910,150373,173091
14.48,09-22-2026 21:33:50:920,150380,173114
14.49,09-22-2026 21:33:50:930,150398,173081
14.5,09-22-2026 21:33:50:940,150378,173102
14.51,09-22-2026 21:33:50:950,150384,173088
14.52,09-22-2026 21:33:50:960,150369,173110
14.53,09-22-2026 21:33:50:970,150380,173099
14.54,09-22-2026 21:33:50:980,150380,173110
14.55,09-22-2026 21:33:50:990,150378,173077
14.56,09-22-2026 21:33:51:000,150393,173118
14.57,09-22-2026 21:33:51:010,150389,173069
14.58,09-22-2026 21:33:51:020,150392,173122
14.59,09-22-2026 21:33:51:030,150402,173092
14.6,09-22-2026 21:33:51:040,150399,173116
14.61,09-22-2026 21:33:51:050,150371,173093
14.62,09-22-2026 21:33:51:060,150391,173117
14.63,09-22-2026 21:33:51:070,150405,173089
14.64,09-22-2026 21:33:51:080,150376,173122
14.65,09-22-2026 21:33:51:090,150391,173091
14.66,09-22-2026 21:33:51:100,150403,173117
14.67,09-22-2026 21:33:51:110,150389,173085
14.68,09-22-2026 21:33:51:120,150403,173132
14.69,09-22-2026 21:33:51:130,150386,173083
14.7,09-22-2026 21:33:51:140,150369,173106
14.71,09-22-2026 21:33:51:150,150403,173106
14.72,09-22-2026 21:33:51:160,150410,173117
14.73,09-22-2026 21:33:51:170,150393,173086
14.74,09-22-2026 21:33:51:180,150393,173108
14.75,09-22-2026 21:33:51:190,150386,173084
14.76,09-22-2026 21:33:51:200,150394,173109
14.77,09-22-2026 21:33:51:210,150408,173086
14.78,09-22-2026 21:33:51:220,150391,173101
14.79,09-22-2026 21:33:51:230,150364,173101
14.8,09-22-2026 21:33:51:240,150371,173106
14.81,09-22-2026 21:33:51:250,150387,173098
14.82,09-22-2026 21:33:51:260,150379,173096
14.83,09-22-2026 21:33:51:270,150423,173086
14.84,09-22-2026 21:33:51:280,150384,173099
14.85,09-22-2026 21:33:51:290,150388,173072
14.86,09-22-2026 21:33:51:300,150377,173081
14.87,09-22-2026 21:33:51:310,150399,173082
14.88,09-22-2026 21:33:51:320,150362,173064
14.89,09-22-2026 21:33:51:330,150385,173090
14.9,09-22-2026 21:33:51:340,150349,173084
14.91,09-22-2026 21:33:51:350,150395,173082
14.92,09-22-2026 21:33:51:360,150349,173084
14.93,09-22-2026 21:33:51:370,150388,173093
14.94,09-22-2026 21:33:51:380,150335,173108
14.95,09-22-2026 21:33:51:390,150381,173072
14.96,09-22-2026 21:33:51:400,150349,173094
14.97,09-22-2026 21:33:51:410,150391,173091
14.98,09-22-2026 21:33:51:420,150334,173067
14.99,09-22-2026 21:33:51:430,150379,173092
15,09-22-2026 21:33:51:440,150330,173089
15.01,09-22-2026 21:33:51:450,150375,173074
15.02,09-22-2026 21:33:51:460,150343,173110
15.03,09-22-2026 21:33:51:470,150384,173092
15.04,09-22-2026 21:33:51:480,150328,173088
15.05,09-22-2026 21:33:51:490,150375,173090
15.06,09-22-2026 21:33:51:500,150343,173089
15.07,09-22-2026 21:33:51:510,150377,173086
15.08,09-22-2026 21:33:51:520,150355,173089
15.09,09-22-2026 21:33:51:530,150398,173083
15.1,09-22-2026 21:33:51:540,150350,173090
15.11,09-22-2026 21:33:51:550,150387,173088
15.12,09-22-2026 21:33:51:560,150366,173094
15.13,09-22-2026 21:33:51:570,150388,173093
15.14,09-22-2026 21:33:51:580,150369,173096
15.15,09-22-2026 21:33:51:590,150394,173111
15.16,09-22-2026 21:33:51:600,150396,173094
15.17,09-22-2026 21:33:51:610,150380,173089
15.18,09-22-2026 21:33:51:620,150390,173098
15.19,09-22-2026 21:33:51:630,150400,173094
15.2,09-22-2026 21:33:51:640,150407,173108
15.21,09-22-2026 21:33:51:650,150409,173081
15.22,09-22-2026 21:33:51:660,150407,173100
15.23,09-22-2026 21:33:51:670,150401,173082
15.24,09-22-2026 21:33:51:680,150409,173093
15.25,09-22-2026 21:33:51:690,150405,173092
15.26,09-22-2026 21:33:51:700,150426,173075
15.27,09-22-2026 21:33:51:710,150398,173093
15.28,09-22-2026 21:33:51:720,150435,173102
15.29,09-22-2026 21:33:51:730,150407,173099
15.3,09-22-2026 21:33:51:740,150423,173092
15.31,09-22-2026 21:33:51:750,150421,173096
15.32,09-22-2026 21:33:51:760,150439,173090
15.33,09-22-2026 21:33:51:770,150408,173092
15.34,09-22-2026 21:33:51:780,150423,173080
15.35,09-22-2026 21:33:51:790,150389,173110
15.36,09-22-2026 21:33:51:800,150453,173100
15.37,09-22-2026 21:33:51:810,150419,173093
15.38,09-22-2026 21:33:51:820,150451,173096
15.39,09-22-2026 21:33:51:830,150421,173082
15.4,09-22-2026 21:33:51:840,150455,173098
15.41,09-22-2026 21:33:51:850,150426,173088
15.42,09-22-2026 21:33:51:860,150452,173089
15.43,09-22-2026 21:33:51:870,150412,173091
15.44,09-22-2026 21:33:51:880,150430,173089
15.45,09-22-2026 21:33:51:890,150438,173091
15.46,09-22-2026 21:33:51:900,150449,173111
15.47,09-22-2026 21:33:51:910,150430,173071
15.48,09-22-2026 21:33:51:920,150461,173105
15.49,09-22-2026 21:33:51:930,150444,173088
15.5,09-22-2026 21:33:51:940,150445,173099
15.51,09-22-2026 21:33:51:950,150429,173110
15.52,09-22-2026 21:33:51:960,150452,173097
15.53,09-22-2026 21:33:51:970,150423,173088
15.54,09-22-2026 21:33:51:980,150443,173107
15.55,09-22-2026 21:33:51:990,150435,173105
15.56,09-22-2026 21:33:52:000,150436,173112
15.57,09-22-2026 21:33:52:010,150422,173109
15.58,09-22-2026 21:33:52:020,150429,173092
15.59,09-22-2026 21:33:52:030,150426,173084
15.6,09-22-2026 21:33:52:040,150441,173102
15.61,09-22-2026 21:33:52:050,150418,173089
15.62,09-22-2026 21:33:52:060,150442,173100
15.63,09-22-2026 21:33:52:070,150441,173112
15.64,09-22-2026 21:33:52:080,150437,173100
15.65,09-22-2026 21:33:52:090,150438,173095
15.66,09-22-2026 21:33:52:100,150432,173099
15.67,09-22-2026 21:33:52:110,150449,173115
15.68,09-22-2026 21:33:52:120,150439,173111
15.69,09-22-2026 21:33:52:130,150440,173094
15.7,09-22-2026 21:33:52:140,150440,173096
15.71,09-22-2026 21:33:52:150,150437,173111
15.72,09-22-2026 21:33:52:160,150439,173107
15.73,09-22-2026 21:33:52:170,150426,173110
15.74,09-22-2026 21:33:52:180,150434,173105
15.75,09-22-2026 21:33:52:190,150438,173098
15.76,09-22-2026 21:33:52:200,150436,173096
15.77,09-22-2026 21:33:52:210,150424,173102
15.78,09-22-2026 21:33:52:220,150425,173093
15.79,09-22-2026 21:33:52:230,150424,173106
15.8,09-22-2026 21:33:52:240,150437,173117
15.81,09-22-2026 21:33:52:250,150406,173112
15.82,09-22-2026 21:33:52:260,150425,173115
15.83,09-22-2026 21:33:52:270,150421,173097
15.84,09-22-2026 21:33:52:280,150413,173109
15.85,09-22-2026 21:33:52:290,150432,173105
15.86,09-22-2026 21:33:52:300,150421,173098
15.87,09-22-2026 21:33:52:310,150400,173092
15.88,09-22-2026 21:33:52:320,150405,173094
15.89,09-22-2026 21:33:52:330,150396,173091
15.9,09-22-2026 21:33:52:340,150402,173103
15.91,09-22-2026 21:33:52:350,150417,173078
15.92,09-22-2026 21:33:52:360,150430,173097
15.93,09-22-2026 21:33:52:370,150416,173083
15.94,09-22-2026 21:33:52:380,150408,173100
15.95,09-22-2026 21:33:52:390,150416,173093
15.96,09-22-2026 21:33:52:400,150419,173101
15.97,09-22-2026 21:33:52:410,150407,173094
15.98,09-22-2026 21:33:52:420,150409,173107
15.99,09-22-2026 21:33:52:430,150413,173077
16,09-22-2026 21:33:52:440,150419,173077
16.01,09-22-2026 21:33:52:450,150414,173108
16.02,09-22-2026 21:33:52:460,150425,173076
16.03,09-22-2026 21:33:52:470,150411,173090
16.04,09-22-2026 21:33:52:480,150404,173063
16.05,09-22-2026 21:33:52:490,150409,173082
16.06,09-22-2026 21:33:52:500,150423,173071
16.07,09-22-2026 21:33:52:510,150406,173098
16.08,09-22-2026 21:33:52:520,150414,173064
16.09,09-22-2026 21:33:52:530,150414,173103
16.1,09-22-2026 21:33:52:540,150418,173075
16.11,09-22-2026 21:33:52:550,150409,173100
16.12,09-22-2026 21:33:52:560,150413,173065
16.13,09-22-2026 21:33:52:570,150423,173093
16.14,09-22-2026 21:33:52:580,150407,173050
16.15,09-22-2026 21:33:52:590,150418,173090
16.16,09-22-2026 21:33:52:600,150420,173040
16.17,09-22-2026 21:33:52:610,150426,173100
16.18,09-22-2026 21:33:52:620,150409,173027
16.19,09-22-2026 21:33:52:630,150416,173095
16.2,09-22-2026 21:33:52:640,150416,173028
16.21,09-22-2026 21:33:52:650,150426,173087
16.22,09-22-2026 21:33:52:660,150438,173069
16.23,09-22-2026 21:33:52:670,150428,173084
16.24,09-22-2026 21:33:52:680,150427,173058
16.25,09-22-2026 21:33:52:690,150442,173097
16.26,09-22-2026 21:33:52:700,150440,173065
16.27,09-22-2026 21:33:52:710,150439,173095
16.28,09-22-2026 21:33:52:720,150445,173079
16.29,09-22-2026 21:33:52:730,150442,173087
16.3,09-22-2026 21:33:52:740,150435,173070
16.31,09-22-2026 21:33:52:750,150430,173098
16.32,09-22-2026 21:33:52:760,150429,173100
16.33,09-22-2026 21:33:52:770,150449,173121
16.34,09-22-2026 21:33:52:780,150419,173100
16.35,09-22-2026 21:33:52:790,150440,173086
16.36,09-22-2026 21:33:52:800,150424,173121
16.37,09-22-2026 21:33:52:810,150437,173089
16.38,09-22-2026 21:33:52:820,150433,173117
16.39,09-22-2026 21:33:52:830,150436,173086
16.4,09-22-2026 21:33:52:840,150420,173113
16.41,09-22-2026 21:33:52:850,150425,173097
16.42,09-22-2026 21:33:52:860,150429,173110
16.43,09-22-2026 21:33:52:870,150429,173089
16.44,09-22-2026 21:33:52:880,150440,173095
16.45,09-22-2026 21:33:52:890,150438,173089
16.46,09-22-2026 21:33:52:900,150435,173119
16.47,09-22-2026 21:33:52:910,150431,173091
16.48,09-22-2026 21:33:52:920,150436,173130
16.49,09-22-2026 21:33:52:930,150447,173092
16.5,09-22-2026 21:33:52:940,150438,173118
16.51,09-22-2026 21:33:52:950,150447,173085
16.52,09-22-2026 21:33:52:960,150438,173125
16.53,09-22-2026 21:33:52:970,150432,173103
16.54,09-22-2026 21:33:52:980,150440,173127
16.55,09-22-2026 21:33:52:990,150440,173096
16.56,09-22-2026 21:33:53:000,150442,173140
16.57,09-22-2026 21:33:53:010,150444,173098
16.58,09-22-2026 21:33:53:020,150454,173111
16.59,09-22-2026 21:33:53:030,150452,173104
16.6,09-22-2026 21:33:53:040,150454,173106
16.61,09-22-2026 21:33:53:050,150451,173108
16.62,09-22-2026 21:33:53:060,150434,173109
16.63,09-22-2026 21:33:53:070,150438,173094
16.64,09-22-2026 21:33:53:080,150448,173123
16.65,09-22-2026 21:33:53:090,150458,173102
16.66,09-22-2026 21:33:53:100,150455,173116
16.67,09-22-2026 21:33:53:110,150440,173102
16.68,09-22-2026 21:33:53:120,150436,173115
16.69,09-22-2026 21:33:53:130,150452,173091
16.7,09-22-2026 21:33:53:140,150445,173076
16.71,09-22-2026 21:33:53:150,150432,173087
16.72,09-22-2026 21:33:53:160,150429,173106
16.73,09-22-2026 21:33:53:170,150436,173078
16.74,09-22-2026 21:33:53:180,150419,173100
16.75,09-22-2026 21:33:53:190,150427,173087
16.76,09-22-2026 21:33:53:200,150408,173091
16.77,09-22-2026 21:33:53:210,150428,173084
16.78,09-22-2026 21:33:53:220,150413,173090
16.79,09-22-2026 21:33:53:230,150431,173085
16.8,09-22-2026 21:33:53:240,150391,173095
16.81,09-22-2026 21:33:53:250,150413,173100
16.82,09-22-2026 21:33:53:260,150383,173093
16.83,09-22-2026 21:33:53:270,150417,173077
16.84,09-22-2026 21:33:53:280,150371,173107
16.85,09-22-2026 21:33:53:290,150417,173107
16.86,09-22-2026 21:33:53:300,150373,173091
16.87,09-22-2026 21:33:53:310,150415,173104
16.88,09-22-2026 21:33:53:320,150363,173104
16.89,09-22-2026 21:33:53:330,150422,173099
16.9,09-22-2026 21:33:53:340,150367,173101
16.91,09-22-2026 21:33:53:350,150418,173114
16.92,09-22-2026 21:33:53:360,150366,173088
16.93,09-22-2026 21:33:53:370,150420,173093
16.94,09-22-2026 21:33:53:380,150365,173103
16.95,09-22-2026 21:33:53:390,150416,173100
16.96,09-22-2026 21:33:53:400,150384,173097
16.97,09-22-2026 21:33:53:410,150407,173094
16.98,09-22-2026 21:33:53:420,150399,173109
16.99,09-22-2026 21:33:53:430,150433,173101
17,09-22-2026 21:33:53:440,150408,173085
17.01,09-22-2026 21:33:53:450,150426,173096
17.02,09-22-2026 21:33:53:460,150415,173094
17.03,09-22-2026 21:33:53:470,150414,173089
17.04,09-22-2026 21:33:53:480,150406,173077
17.05,09-22-2026 21:33:53:490,150425,173088
17.06,09-22-2026 21:33:53:500,150422,173096
17.07,09-22-2026 21:33:53:510,150433,173088
17.08,09-22-2026 21:33:53:520,150438,173089
17.09,09-22-2026 21:33:53:530,150448,173086
17.1,09-22-2026 21:33:53:540,150431,173082
17.11,09-22-2026 21:33:53:550,150425,173096
17.12,09-22-2026 21:33:53:560,150437,173089
17.13,09-22-2026 21:33:53:570,150445,173077
17.14,09-22-2026 21:33:53:580,150433,173100
17.15,09-22-2026 21:33:53:590,150429,173083
17.16,09-22-2026 21:33:53:600,150452,173083
17.17,09-22-2026 21:33:53:610,150429,173092
17.18,09-22-2026 21:33:53:620,150464,173110
17.19,09-22-2026 21:33:53:630,150439,173095
17.2,09-22-2026 21:33:53:640,150450,173091
17.21,09-22-2026 21:33:53:650,150425,173093
17.22,09-22-2026 21:33:53:660,150455,173083
17.23,09-22-2026 21:33:53:670,150415,173086
17.24,09-22-2026 21:33:53:680,150472,173090
17.25,09-22-2026 21:33:53:690,150446,173087
17.26,09-22-2026 21:33:53:700,150461,173097
17.27,09-22-2026 21:33:53:710,150413,173085
17.28,09-22-2026 21:33:53:720,150467,173099
17.29,09-22-2026 21:33:53:730,150424,173083
17.3,09-22-2026 21:33:53:740,150478,173088
17.31,09-22-2026 21:33:53:750,150435,173099
17.32,09-22-2026 21:33:53:760,150482,173105
17.33,09-22-2026 21:33:53:770,150441,173091
17.34,09-22-2026 21:33:53:780,150484,173086
17.35,09-22-2026 21:33:53:790,150456,173091
17.36,09-22-2026 21:33:53:800,150451,173085
17.37,09-22-2026 21:33:53:810,150441,173086
17.38,09-22-2026 21:33:53:820,150470,173110
17.39,09-22-2026 21:33:53:830,150440,173105
17.4,09-22-2026 21:33:53:840,150463,173105
17.41,09-22-2026 21:33:53:850,150460,173079
17.42,09-22-2026 21:33:53:860,150467,173081
17.43,09-22-2026 21:33:53:870,150448,173095
17.44,09-22-2026 21:33:53:880,150468,173107
17.45,09-22-2026 21:33:53:890,150440,173085
17.46,09-22-2026 21:33:53:900,150456,173080
17.47,09-22-2026 21:33:53:910,150443,173096
17.48,09-22-2026 21:33:53:920,150455,173085
17.49,09-22-2026 21:33:53:930,150437,173090
17.5,09-22-2026 21:33:53:940,150450,173090
17.51,09-22-2026 21:33:53:950,150457,173105
17.52,09-22-2026 21:33:53:960,150452,173094
17.53,09-22-2026 21:33:53:970,150439,173081
17.54,09-22-2026 21:33:53:980,150444,173086
17.55,09-22-2026 21:33:53:990,150451,173082
17.56,09-22-2026 21:33:54:000,150452,173080
17.57,09-22-2026 21:33:54:010,150430,173096
17.58,09-22-2026 21:33:54:020,150442,173096
17.59,09-22-2026 21:33:54:030,150448,173099
17.6,09-22-2026 21:33:54:040,150467,173095
17.61,09-22-2026 21:33:54:050,150448,173075
17.62,09-22-2026 21:33:54:060,150440,173102
17.63,09-22-2026 21:33:54:070,150442,173077
17.64,09-22-2026 21:33:54:080,150454,173099
17.65,09-22-2026 21:33:54:090,150453,173095
17.66,09-22-2026 21:33:54:100,150453,173091
17.67,09-22-2026 21:33:54:110,150455,173080
17.68,09-22-2026 21:33:54:120,150462,173081
17.69,09-22-2026 21:33:54:130,150447,173081
17.7,09-22-2026 21:33:54:140,150448,173097
17.71,09-22-2026 21:33:54:150,150448,173076
17.72,09-22-2026 21:33:54:160,150443,173080
17.73,09-22-2026 21:33:54:170,150443,173100
17.74,09-22-2026 21:33:54:180,150455,173101
17.75,09-22-2026 21:33:54:190,150450,173105
17.76,09-22-2026 21:33:54:200,150439,173100
17.77,09-22-2026 21:33:54:210,150436,173095
17.78,09-22-2026 21:33:54:220,150418,173092
17.79,09-22-2026 21:33:54:230,150420,173086
17.8,09-22-2026 21:33:54:240,150424,173098
17.81,09-22-2026 21:33:54:250,150432,173086
17.82,09-22-2026 21:33:54:260,150424,173110
17.83,09-22-2026 21:33:54:270,150441,173082
17.84,09-22-2026 21:33:54:280,150429,173089
17.85,09-22-2026 21:33:54:290,150428,173076
17.86,09-22-2026 21:33:54:300,150421,173092
17.87,09-22-2026 21:33:54:310,150418,173070
17.88,09-22-2026 21:33:54:320,150428,173095
17.89,09-22-2026 21:33:54:330,150430,173091
17.9,09-22-2026 21:33:54:340,150445,173078
17.91,09-22-2026 21:33:54:350,150410,173067
17.92,09-22-2026 21:33:54:360,150416,173077
17.93,09-22-2026 21:33:54:370,150412,173052
17.94,09-22-2026 21:33:54:380,150405,173094
17.95,09-22-2026 21:33:54:390,150423,173065
17.96,09-22-2026 21:33:54:400,150433,173088
17.97,09-22-2026 21:33:54:410,150439,173050
17.98,09-22-2026 21:33:54:420,150425,173088
17.99,09-22-2026 21:33:54:430,150419,173060
18,09-22-2026 21:33:54:440,150413,173081
18.01,09-22-2026 21:33:54:450,150420,173060
18.02,09-22-2026 21:33:54:460,150425,173089
18.03,09-22-2026 21:33:54:470,150423,173052
18.04,09-22-2026 21:33:54:480,150438,173103
18.05,09-22-2026 21:33:54:490,150429,173054
18.06,09-22-2026 21:33:54:500,150425,173117
18.07,09-22-2026 21:33:54:510,150436,173041
18.08,09-22-2026 21:33:54:520,150434,173094
18.09,09-22-2026 21:33:54:530,150431,173019
18.1,09-22-2026 21:33:54:540,150432,173104
18.11,09-22-2026 21:33:54:550,150424,173028
18.12,09-22-2026 21:33:54:560,150440,173088
18.13,09-22-2026 21:33:54:570,150428,173067
18.14,09-22-2026 21:33:54:580,150433,173090
18.15,09-22-2026 21:33:54:590,150414,173061
18.16,09-22-2026 21:33:54:600,150429,173084
18.17,09-22-2026 21:33:54:610,150429,173063
18.18,09-22-2026 21:33:54:620,150446,173099
18.19,09-22-2026 21:33:54:630,150412,173084
18.2,09-22-2026 21:33:54:640,150438,173103
18.21,09-22-2026 21:33:54:650,150444,173094
18.22,09-22-2026 21:33:54:660,150436,173121
18.23,09-22-2026 21:33:54:670,150441,173098
18.24,09-22-2026 21:33:54:680,150452,173107
18.25,09-22-2026 21:33:54:690,150446,173104
18.26,09-22-2026 21:33:54:700,150448,173092
18.27,09-22-2026 21:33:54:710,150456,173113
18.28,09-22-2026 21:33:54:720,150457,173087
18.29,09-22-2026 21:33:54:730,150462,173094
18.3,09-22-2026 21:33:54:740,150438,173089
18.31,09-22-2026 21:33:54:750,150464,173093
18.32,09-22-2026 21:33:54:760,150464,173081
18.33,09-22-2026 21:33:54:770,150460,173099
18.34,09-22-2026 21:33:54:780,150455,173081
18.35,09-22-2026 21:33:54:790,150474,173085
18.36,09-22-2026 21:33:54:800,150473,173095
18.37,09-22-2026 21:33:54:810,150475,173125
18.38,09-22-2026 21:33:54:820,150475,173110
18.39,09-22-2026 21:33:54:830,150472,173121
18.4,09-22-2026 21:33:54:840,150470,173097
18.41,09-22-2026 21:33:54:850,150460,173125
18.42,09-22-2026 21:33:54:860,150462,173095
18.43,09-22-2026 21:33:54:870,150469,173126
18.44,09-22-2026 21:33:54:880,150490,173089
18.45,09-22-2026 21:33:54:890,150466,173143
18.46,09-22-2026 21:33:54:900,150469,173093
18.47,09-22-2026 21:33:54:910,150477,173114
18.48,09-22-2026 21:33:54:920,150486,173090
18.49,09-22-2026 21:33:54:930,150484,173120
18.5,09-22-2026 21:33:54:940,150490,173089
18.51,09-22-2026 21:33:54:950,150474,173113
18.52,09-22-2026 21:33:54:960,150487,173092
18.53,09-22-2026 21:33:54:970,150473,173105
18.54,09-22-2026 21:33:54:980,150498,173093
18.55,09-22-2026 21:33:54:990,150465,173096
18.56,09-22-2026 21:33:55:000,150486,173103
18.57,09-22-2026 21:33:55:010,150490,173119
18.58,09-22-2026 21:33:55:020,150502,173083
18.59,09-22-2026 21:33:55:030,150500,173114
18.6,09-22-2026 21:33:55:040,150510,173095
18.61,09-22-2026 21:33:55:050,150498,173089
18.62,09-22-2026 21:33:55:060,150495,173087
18.63,09-22-2026 21:33:55:070,150457,173090
18.64,09-22-2026 21:33:55:080,150499,173094
18.65,09-22-2026 21:33:55:090,150490,173104
18.66,09-22-2026 21:33:55:100,150520,173105
18.67,09-22-2026 21:33:55:110,150479,173125
18.68,09-22-2026 21:33:55:120,150495,173119
18.69,09-22-2026 21:33:55:130,150463,173131
18.7,09-22-2026 21:33:55:140,150468,173116
18.71,09-22-2026 21:33:55:150,150424,173132
18.72,09-22-2026 21:33:55:160,150477,173107
18.73,09-22-2026 21:33:55:170,150449,173122
18.74,09-22-2026 21:33:55:180,150470,173136
18.75,09-22-2026 21:33:55:190,150411,173125
18.76,09-22-2026 21:33:55:200,150470,173112
18.77,09-22-2026 21:33:55:210,150430,173115
18.78,09-22-2026 21:33:55:220,150459,173138
18.79,09-22-2026 21:33:55:230,150417,173122
18.8,09-22-2026 21:33:55:240,150451,173123
18.81,09-22-2026 21:33:55:250,150418,173128
18.82,09-22-2026 21:33:55:260,150478,173146
18.83,09-22-2026 21:33:55:270,150434,173136
18.84,09-22-2026 21:33:55:280,150477,173123
18.85,09-22-2026 21:33:55:290,150449,173124
18.86,09-22-2026 21:33:55:300,150461,173148
18.87,09-22-2026 21:33:55:310,150461,173124
18.88,09-22-2026 21:33:55:320,150466,173157
18.89,09-22-2026 21:33:55:330,150449,173165
18.9,09-22-2026 21:33:55:340,150439,173180
18.91,09-22-2026 21:33:55:350,150434,173172
18.92,09-22-2026 21:33:55:360,150453,173174
18.93,09-22-2026 21:33:55:370,150466,173167
18.94,09-22-2026 21:33:55:380,150494,173156
18.95,09-22-2026 21:33:55:390,150483,173124
18.96,09-22-2026 21:33:55:400,150500,173107
18.97,09-22-2026 21:33:55:410,150491,173085
18.98,09-22-2026 21:33:55:420,150498,173118
18.99,09-22-2026 21:33:55:430,150520,173121
19,09-22-2026 21:33:55:440,150503,173105
19.01,09-22-2026 21:33:55:450,150517,173079
19.02,09-22-2026 21:33:55:460,150473,173095
19.03,09-22-2026 21:33:55:470,150512,173083
19.04,09-22-2026 21:33:55:480,150476,173082
19.05,09-22-2026 21:33:55:490,150519,173069
19.06,09-22-2026 21:33:55:500,150498,173076
19.07,09-22-2026 21:33:55:510,150503,173113
19.08,09-22-2026 21:33:55:520,150461,173107
19.09,09-22-2026 21:33:55:530,150511,173069
19.1,09-22-2026 21:33:55:540,150474,173029
19.11,09-22-2026 21:33:55:550,150507,173008
19.12,09-22-2026 21:33:55:560,150484,173025
19.13,09-22-2026 21:33:55:570,150513,173034
19.14,09-22-2026 21:33:55:580,150474,173063
19.15,09-22-2026 21:33:55:590,150495,173059
19.16,09-22-2026 21:33:55:600,150484,173039
19.17,09-22-2026 21:33:55:610,150518,173006
19.18,09-22-2026 21:33:55:620,150482,173012
19.19,09-22-2026 21:33:55:630,150519,173003
19.2,09-22-2026 21:33:55:640,150478,172969
19.21,09-22-2026 21:33:55:650,150491,172953
19.22,09-22-2026 21:33:55:660,150485,172954
19.23,09-22-2026 21:33:55:670,150523,172989
19.24,09-22-2026 21:33:55:680,150487,172993
19.25,09-22-2026 21:33:55:690,150496,172994
19.26,09-22-2026 21:33:55:700,150490,173008
19.27,09-22-2026 21:33:55:710,150493,173004
19.28,09-22-2026 21:33:55:720,150461,173001
19.29,09-22-2026 21:33:55:730,150478,172992
19.3,09-22-2026 21:33:55:740,150485,172989
19.31,09-22-2026 21:33:55:750,150497,172987
19.32,09-22-2026 21:33:55:760,150494,172963
19.33,09-22-2026 21:33:55:770,150507,172966
19.34,09-22-2026 21:33:55:780,150494,172942
19.35,09-22-2026 21:33:55:790,150479,172947
19.36,09-22-2026 21:33:55:800,150485,172931
19.37,09-22-2026 21:33:55:810,150488,172904
19.38,09-22-2026 21:33:55:820,150500,172885
19.39,09-22-2026 21:33:55:830,150495,172921
19.4,09-22-2026 21:33:55:840,150487,172909
19.41,09-22-2026 21:33:55:850,150485,172903
19.42,09-22-2026 21:33:55:860,150486,172920
19.43,09-22-2026 21:33:55:870,150496,172918
19.44,09-22-2026 21:33:55:880,150502,172930
19.45,09-22-2026 21:33:55:890,150496,172927
19.46,09-22-2026 21:33:55:900,150490,172931
19.47,09-22-2026 21:33:55:910,150512,172931
19.48,09-22-2026 21:33:55:920,150502,172894
19.49,09-22-2026 21:33:55:930,150499,172880
19.5,09-22-2026 21:33:55:940,150508,172872
19.51,09-22-2026 21:33:55:950,150506,172876
19.52,09-22-2026 21:33:55:960,150502,172865
19.53,09-22-2026 21:33:55:970,150506,172879
19.54,09-22-2026 21:33:55:980,150505,172865
19.55,09-22-2026 21:33:55:990,150506,172863
19.56,09-22-2026 21:33:56:000,150491,172857
19.57,09-22-2026 21:33:56:010,150492,172854
19.58,09-22-2026 21:33:56:020,150492,172852
19.59,09-22-2026 21:33:56:030,150490,172873
19.6,09-22-2026 21:33:56:040,150494,172866
19.61,09-22-2026 21:33:56:050,150502,172874
19.62,09-22-2026 21:33:56:060,150498,172896
19.63,09-22-2026 21:33:56:070,150500,172878
19.64,09-22-2026 21:33:56:080,150496,172887
19.65,09-22-2026 21:33:56:090,150497,172898
19.66,09-22-2026 21:33:56:100,150482,172885
19.67,09-22-2026 21:33:56:110,150499,172873
19.68,09-22-2026 21:33:56:120,150479,172873
19.69,09-22-2026 21:33:56:130,150492,172897
19.7,09-22-2026 21:33:56:140,150497,172893
19.71,09-22-2026 21:33:56:150,150488,172893
19.72,09-22-2026 21:33:56:160,150492,172882
19.73,09-22-2026 21:33:56:170,150472,172891
19.74,09-22-2026 21:33:56:180,150490,172886
19.75,09-22-2026 21:33:56:190,150473,172919
19.76,09-22-2026 21:33:56:200,150491,172900
19.77,09-22-2026 21:33:56:210,150468,172919
19.78,09-22-2026 21:33:56:220,150481,172878
19.79,09-22-2026 21:33:56:230,150463,172897
19.8,09-22-2026 21:33:56:240,150463,172877
19.81,09-22-2026 21:33:56:250,150479,172913
19.82,09-22-2026 21:33:56:260,150464,172870
19.83,09-22-2026 21:33:56:270,150459,172896
19.84,09-22-2026 21:33:56:280,150472,172864
19.85,09-22-2026 21:33:56:290,150466,172909
19.86,09-22-2026 21:33:56:300,150469,172854
19.87,09-22-2026 21:33:56:310,150460,172889
19.88,09-22-2026 21:33:56:320,150450,172848
19.89,09-22-2026 21:33:56:330,150451,172878
19.9,09-22-2026 21:33:56:340,150475,172853
19.91,09-22-2026 21:33:56:350,150460,172881
19.92,09-22-2026 21:33:56:360,150473,172839
19.93,09-22-2026 21:33:56:370,150471,172905
19.94,09-22-2026 21:33:56:380,150466,172831
19.95,09-22-2026 21:33:56:390,150456,172862
19.96,09-22-2026 21:33:56:400,150479,172809
19.97,09-22-2026 21:33:56:410,150473,172878
19.98,09-22-2026 21:33:56:420,150482,172836
19.99,09-22-2026 21:33:56:430,150479,172882
20,09-22-2026 21:33:56:440,150459,172853
20.01,09-22-2026 21:33:56:450,150459,172883
20.02,09-22-2026 21:33:56:460,150483,172845
20.03,09-22-2026 21:33:56:470,150463,172898
20.04,09-22-2026 21:33:56:480,150471,172877
20.05,09-22-2026 21:33:56:490,150473,172908
20.06,09-22-2026 21:33:56:500,150477,172877
20.07,09-22-2026 21:33:56:510,150462,172908
20.08,09-22-2026 21:33:56:520,150459,172876
20.09,09-22-2026 21:33:56:530,150489,172885
20.1,09-22-2026 21:33:56:540,150480,172892
20.11,09-22-2026 21:33:56:550,150474,172875
20.12,09-22-2026 21:33:56:560,150475,172920
20.13,09-22-2026 21:33:56:570,150493,172887
20.14,09-22-2026 21:33:56:580,150495,172901
20.15,09-22-2026 21:33:56:590,150492,172892
20.16,09-22-2026 21:33:56:600,150492,172912
20.17,09-22-2026 21:33:56:610,150505,172890
20.18,09-22-2026 21:33:56:620,150494,172909
20.19,09-22-2026 21:33:56:630,150496,172889
20.2,09-22-2026 21:33:56:640,150491,172919
20.21,09-22-2026 21:33:56:650,150509,172893
20.22,09-22-2026 21:33:56:660,150510,172907
20.23,09-22-2026 21:33:56:670,150514,172906
20.24,09-22-2026 21:33:56:680,150526,172922
20.25,09-22-2026 21:33:56:690,150535,172900
20.26,09-22-2026 21:33:56:700,150532,172922
20.27,09-22-2026 21:33:56:710,150547,172882
20.28,09-22-2026 21:33:56:720,150552,172910
20.29,09-22-2026 21:33:56:730,150541,172913
20.3,09-22-2026 21:33:56:740,150539,172929
20.31,09-22-2026 21:33:56:750,150547,172887
20.32,09-22-2026 21:33:56:760,150563,172938
20.33,09-22-2026 21:33:56:770,150547,172886
20.34,09-22-2026 21:33:56:780,150531,172937
20.35,09-22-2026 21:33:56:790,150559,172889
20.36,09-22-2026 21:33:56:800,150540,172947
20.37,09-22-2026 21:33:56:810,150548,172895
20.38,09-22-2026 21:33:56:820,150550,172920
20.39,09-22-2026 21:33:56:830,150530,172904
20.4,09-22-2026 21:33:56:840,150540,172941
20.41,09-22-2026 21:33:56:850,150524,172915
20.42,09-22-2026 21:33:56:860,150541,172920
20.43,09-22-2026 21:33:56:870,150537,172913
20.44,09-22-2026 21:33:56:880,150520,172932
20.45,09-22-2026 21:33:56:890,150540,172918
20.46,09-22-2026 21:33:56:900,150520,172941
20.47,09-22-2026 21:33:56:910,150531,172895
20.48,09-22-2026 21:33:56:920,150527,172912
20.49,09-22-2026 21:33:56:930,150532,172911
20.5,09-22-2026 21:33:56:940,150515,172909
20.51,09-22-2026 21:33:56:950,150519,172903
20.52,09-22-2026 21:33:56:960,150513,172917
20.53,09-22-2026 21:33:56:970,150530,172920
20.54,09-22-2026 21:33:56:980,150506,172907
20.55,09-22-2026 21:33:56:990,150538,172924
20.56,09-22-2026 21:33:57:000,150498,172932
20.57,09-22-2026 21:33:57:010,150522,172924
20.58,09-22-2026 21:33:57:020,150493,172958
20.59,09-22-2026 21:33:57:030,150514,172946
20.6,09-22-2026 21:33:57:040,150479,172917
20.61,09-22-2026 21:33:57:050,150521,172920
20.62,09-22-2026 21:33:57:060,150486,172913
20.63,09-22-2026 21:33:57:070,150526,172930
20.64,09-22-2026 21:33:57:080,150471,172948
20.65,09-22-2026 21:33:57:090,150523,172927
20.66,09-22-2026 21:33:57:100,150445,172946
20.67,09-22-2026 21:33:57:110,150502,172939
20.68,09-22-2026 21:33:57:120,150438,172916
20.69,09-22-2026 21:33:57:130,150505,172896
20.7,09-22-2026 21:33:57:140,150457,172906
20.71,09-22-2026 21:33:57:150,150541,172905
20.72,09-22-2026 21:33:57:160,150493,172910
20.73,09-22-2026 21:33:57:170,150535,172921
20.74,09-22-2026 21:33:57:180,150500,172915
20.75,09-22-2026 21:33:57:190,150548,172909
20.76,09-22-2026 21:33:57:200,150544,172891
20.77,09-22-2026 21:33:57:210,150548,172923
20.78,09-22-2026 21:33:57:220,150527,172910
20.79,09-22-2026 21:33:57:230,150558,172910
20.8,09-22-2026 21:33:57:240,150519,172899
20.81,09-22-2026 21:33:57:250,150530,172917
20.82,09-22-2026 21:33:57:260,150513,172911
20.83,09-22-2026 21:33:57:270,150553,172915
20.84,09-22-2026 21:33:57:280,150530,172908
20.85,09-22-2026 21:33:57:290,150526,172912
20.86,09-22-2026 21:33:57:300,150560,172909
20.87,09-22-2026 21:33:57:310,150533,172905
20.88,09-22-2026 21:33:57:320,150546,172884
20.89,09-22-2026 21:33:57:330,150544,172904
20.9,09-22-2026 21:33:57:340,150552,172893
20.91,09-22-2026 21:33:57:350,150529,172900
20.92,09-22-2026 21:33:57:360,150566,172892
20.93,09-22-2026 21:33:57:370,150528,172914
20.94,09-22-2026 21:33:57:380,150561,172884
20.95,09-22-2026 21:33:57:390,150548,172872
20.96,09-22-2026 21:33:57:400,150557,172862
20.97,09-22-2026 21:33:57:410,150538,172878
20.98,09-22-2026 21:33:57:420,150568,172870
20.99,09-22-2026 21:33:57:430,150537,172948
21,09-22-2026 21:33:57:440,150561,173038
21.01,09-22-2026 21:33:57:450,150530,173034
21.02,09-22-2026 21:33:57:460,150573,173021
21.03,09-22-2026 21:33:57:470,150546,173030
21.04,09-22-2026 21:33:57:480,150573,173068
21.05,09-22-2026 21:33:57:490,150554,173040
21.06,09-22-2026 21:33:57:500,150588,173070
21.07,09-22-2026 21:33:57:510,150550,173072
21.08,09-22-2026 21:33:57:520,150587,173077
21.09,09-22-2026 21:33:57:530,150556,173065
21.1,09-22-2026 21:33:57:540,150568,173062
21.11,09-22-2026 21:33:57:550,150549,173065
21.12,09-22-2026 21:33:57:560,150566,173072
21.13,09-22-2026 21:33:57:570,150554,173084
21.14,09-22-2026 21:33:57:580,150586,173077
21.15,09-22-2026 21:33:57:590,150555,173071
21.16,09-22-2026 21:33:57:600,150597,173071
21.17,09-22-2026 21:33:57:610,150557,173072
21.18,09-22-2026 21:33:57:620,150573,173077
21.19,09-22-2026 21:33:57:630,150560,173072
21.2,09-22-2026 21:33:57:640,150575,173061
21.21,09-22-2026 21:33:57:650,150568,173060
21.22,09-22-2026 21:33:57:660,150576,173065
21.23,09-22-2026 21:33:57:670,150577,173068
21.24,09-22-2026 21:33:57:680,150568,173067
21.25,09-22-2026 21:33:57:690,150564,173072
21.26,09-22-2026 21:33:57:700,150559,173061
21.27,09-22-2026 21:33:57:710,150573,173079
21.28,09-22-2026 21:33:57:720,150576,173067
21.29,09-22-2026 21:33:57:730,150583,173063
21.3,09-22-2026 21:33:57:740,150574,173057
21.31,09-22-2026 21:33:57:750,150575,173059
21.32,09-22-2026 21:33:57:760,150555,173065
21.33,09-22-2026 21:33:57:770,150581,173053
21.34,09-22-2026 21:33:57:780,150567,173087
21.35,09-22-2026 21:33:57:790,150574,173077
21.36,09-22-2026 21:33:57:800,150579,173079
21.37,09-22-2026 21:33:57:810,150588,173058
21.38,09-22-2026 21:33:57:820,150573,173080
21.39,09-22-2026 21:33:57:830,150583,173076
21.4,09-22-2026 21:33:57:840,150594,173064
21.41,09-22-2026 21:33:57:850,150583,173060
21.42,09-22-2026 21:33:57:860,150546,173060
21.43,09-22-2026 21:33:57:870,150576,173075
21.44,09-22-2026 21:33:57:880,150585,173087
21.45,09-22-2026 21:33:57:890,150569,173062
21.46,09-22-2026 21:33:57:900,150592,173063
21.47,09-22-2026 21:33:57:910,150578,173082
21.48,09-22-2026 21:33:57:920,150571,173059
21.49,09-22-2026 21:33:57:930,150593,173083
21.5,09-22-2026 21:33:57:940,150583,173078
21.51,09-22-2026 21:33:57:950,150587,173067
21.52,09-22-2026 21:33:57:960,150585,173074
21.53,09-22-2026 21:33:57:970,150579,173083
21.54,09-22-2026 21:33:57:980,150582,173105
21.55,09-22-2026 21:33:57:990,150592,173078
21.56,09-22-2026 21:33:58:000,150587,173089
21.57,09-22-2026 21:33:58:010,150575,173061
21.58,09-22-2026 21:33:58:020,150580,173063
21.59,09-22-2026 21:33:58:030,150600,173085
21.6,09-22-2026 21:33:58:040,150591,173082
21.61,09-22-2026 21:33:58:050,150585,173059
21.62,09-22-2026 21:33:58:060,150586,173068
21.63,09-22-2026 21:33:58:070,150588,173076
21.64,09-22-2026 21:33:58:080,150583,173088
21.65,09-22-2026 21:33:58:090,150585,173059
21.66,09-22-2026 21:33:58:100,150578,173058
21.67,09-22-2026 21:33:58:110,150573,173071
21.68,09-22-2026 21:33:58:120,150588,173078
21.69,09-22-2026 21:33:58:130,150579,173061
21.7,09-22-2026 21:33:58:140,150568,173087
21.71,09-22-2026 21:33:58:150,150562,173059
21.72,09-22-2026 21:33:58:160,150569,173086
21.73,09-22-2026 21:33:58:170,150568,173051
21.74,09-22-2026 21:33:58:180,150575,173080
21.75,09-22-2026 21:33:58:190,150570,173046
21.76,09-22-2026 21:33:58:200,150569,173085
21.77,09-22-2026 21:33:58:210,150572,173025
21.78,09-22-2026 21:33:58:220,150572,173074
21.79,09-22-2026 21:33:58:230,150576,173038
21.8,09-22-2026 21:33:58:240,150573,173087
21.81,09-22-2026 21:33:58:250,150556,173041
21.82,09-22-2026 21:33:58:260,150551,173081
21.83,09-22-2026 21:33:58:270,150554,173029
21.84,09-22-2026 21:33:58:280,150554,173089
21.85,09-22-2026 21:33:58:290,150565,173036
21.86,09-22-2026 21:33:58:300,150550,173098
21.87,09-22-2026 21:33:58:310,150547,173053
21.88,09-22-2026 21:33:58:320,150551,173092
21.89,09-22-2026 21:33:58:330,150559,173064
21.9,09-22-2026 21:33:58:340,150557,173087
21.91,09-22-2026 21:33:58:350,150574,173066
21.92,09-22-2026 21:33:58:360,150558,173072
21.93,09-22-2026 21:33:58:370,150562,173027
21.94,09-22-2026 21:33:58:380,150564,173088
21.95,09-22-2026 21:33:58:390,150575,173036
21.96,09-22-2026 21:33:58:400,150556,173073
21.97,09-22-2026 21:33:58:410,150569,173060
21.98,09-22-2026 21:33:58:420,150568,173071
21.99,09-22-2026 21:33:58:430,150558,173079
22,09-22-2026 21:33:58:440,150571,173076
22.01,09-22-2026 21:33:58:450,150578,173097
22.02,09-22-2026 21:33:58:460,150572,173083
22.03,09-22-2026 21:33:58:470,150581,173099
22.04,09-22-2026 21:33:58:480,150566,173069
22.05,09-22-2026 21:33:58:490,150578,173099
22.06,09-22-2026 21:33:58:500,150571,173074
22.07,09-22-2026 21:33:58:510,150568,173091
22.08,09-22-2026 21:33:58:520,150579,173086
22.09,09-22-2026 21:33:58:530,150582,173097
22.1,09-22-2026 21:33:58:540,150581,173102
22.11,09-22-2026 21:33:58:550,150580,173097
22.12,09-22-2026 21:33:58:560,150579,173069
22.13,09-22-2026 21:33:58:570,150589,173092
22.14,09-22-2026 21:33:58:580,150579,173088
22.15,09-22-2026 21:33:58:590,150599,173105
22.16,09-22-2026 21:33:58:600,150591,173089
22.17,09-22-2026 21:33:58:610,150577,173101
22.18,09-22-2026 21:33:58:620,150572,173082
22.19,09-22-2026 21:33:58:630,150579,173098
22.2,09-22-2026 21:33:58:640,150577,173074
22.21,09-22-2026 21:33:58:650,150583,173120
22.22,09-22-2026 21:33:58:660,150589,173084
22.23,09-22-2026 21:33:58:670,150582,173110
22.24,09-22-2026 21:33:58:680,150578,173089
22.25,09-22-2026 21:33:58:690,150608,173119
22.26,09-22-2026 21:33:58:700,150593,173093
22.27,09-22-2026 21:33:58:710,150587,173094
22.28,09-22-2026 21:33:58:720,150590,173087
22.29,09-22-2026 21:33:58:730,150585,173083
22.3,09-22-2026 21:33:58:740,150594,173093
22.31,09-22-2026 21:33:58:750,150592,173116
22.32,09-22-2026 21:33:58:760,150602,173068
22.33,09-22-2026 21:33:58:770,150593,173099
22.34,09-22-2026 21:33:58:780,150598,173082
22.35,09-22-2026 21:33:58:790,150580,173063
22.36,09-22-2026 21:33:58:800,150615,173102
22.37,09-22-2026 21:33:58:810,150581,173077
22.38,09-22-2026 21:33:58:820,150586,173055
22.39,09-22-2026 21:33:58:830,150580,173078
22.4,09-22-2026 21:33:58:840,150621,173089
22.41,09-22-2026 21:33:58:850,150569,173080
22.42,09-22-2026 21:33:58:860,150603,173083
22.43,09-22-2026 21:33:58:870,150567,173085
22.44,09-22-2026 21:33:58:880,150614,173065
22.45,09-22-2026 21:33:58:890,150567,173106
22.46,09-22-2026 21:33:58:900,150609,173098
22.47,09-22-2026 21:33:58:910,150574,173094
22.48,09-22-2026 21:33:58:920,150609,173084
22.49,09-22-2026 21:33:58:930,150596,173081
22.5,09-22-2026 21:33:58:940,150590,173090
22.51,09-22-2026 21:33:58:950,150567,173088
22.52,09-22-2026 21:33:58:960,150612,173079
22.53,09-22-2026 21:33:58:970,150566,173095
22.54,09-22-2026 21:33:58:980,150611,173082
22.55,09-22-2026 21:33:58:990,150568,173097
22.56,09-22-2026 21:33:59:000,150605,173103
22.57,09-22-2026 21:33:59:010,150563,173096
22.58,09-22-2026 21:33:59:020,150598,173080
22.59,09-22-2026 21:33:59:030,150542,173088
22.6,09-22-2026 21:33:59:040,150595,173092
22.61,09-22-2026 21:33:59:050,150577,173115
22.62,09-22-2026 21:33:59:060,150603,173087
22.63,09-22-2026 21:33:59:070,150572,173093
22.64,09-22-2026 21:33:59:080,150607,173079
22.65,09-22-2026 21:33:59:090,150567,173091
22.66,09-22-2026 21:33:59:100,150602,173088
22.67,09-22-2026 21:33:59:110,150578,173094
22.68,09-22-2026 21:33:59:120,150608,173079
22.69,09-22-2026 21:33:59:130,150597,173074
22.7,09-22-2026 21:33:59:140,150612,173071
22.71,09-22-2026 21:33:59:150,150623,173081
22.72,09-22-2026 21:33:59:160,150613,173081
22.73,09-22-2026 21:33:59:170,150620,173078
22.74,09-22-2026 21:33:59:180,150617,173081
22.75,09-22-2026 21:33:59:190,150618,173082
22.76,09-22-2026 21:33:59:200,150629,173081
22.77,09-22-2026 21:33:59:210,150620,173090
22.78,09-22-2026 21:33:59:220,150609,173094
22.79,09-22-2026 21:33:59:230,150624,173079
22.8,09-22-2026 21:33:59:240,150599,173080
22.81,09-22-2026 21:33:59:250,150615,173078
22.82,09-22-2026 21:33:59:260,150595,173072
22.83,09-22-2026 21:33:59:270,150623,173082
22.84,09-22-2026 21:33:59:280,150594,173071
22.85,09-22-2026 21:33:59:290,150612,173072
22.86,09-22-2026 21:33:59:300,150598,173079
22.87,09-22-2026 21:33:59:310,150605,173075
22.88,09-22-2026 21:33:59:320,150618,173076
22.89,09-22-2026 21:33:59:330,150614,173083
22.9,09-22-2026 21:33:59:340,150605,173078
22.91,09-22-2026 21:33:59:350,150636,173070
22.92,09-22-2026 21:33:59:360,150595,173099
22.93,09-22-2026 21:33:59:370,150637,173076
22.94,09-22-2026 21:33:59:380,150609,173073
22.95,09-22-2026 21:33:59:390,150633,173062
22.96,09-22-2026 21:33:59:400,150587,173072
22.97,09-22-2026 21:33:59:410,150627,173085
22.98,09-22-2026 21:33:59:420,150589,173086
22.99,09-22-2026 21:33:59:430,150602,173079
23,09-22-2026 21:33:59:440,150606,173095
23.01,09-22-2026 21:33:59:450,150615,173086
23.02,09-22-2026 21:33:59:460,150605,173069
23.03,09-22-2026 21:33:59:470,150609,173086
23.04,09-22-2026 21:33:59:480,150618,173080
23.05,09-22-2026 21:33:59:490,150607,173081
23.06,09-22-2026 21:33:59:500,150606,173076
23.07,09-22-2026 21:33:59:510,150615,173079
23.08,09-22-2026 21:33:59:520,150598,173084
23.09,09-22-2026 21:33:59:530,150609,173088
23.1,09-22-2026 21:33:59:540,150595,173086
23.11,09-22-2026 21:33:59:550,150596,173071
23.12,09-22-2026 21:33:59:560,150601,173072
23.13,09-22-2026 21:33:59:570,150596,173075
23.14,09-22-2026 21:33:59:580,150577,173085
23.15,09-22-2026 21:33:59:590,150593,173079
23.16,09-22-2026 21:33:59:600,150598,173082
23.17,09-22-2026 21:33:59:610,150602,173074
23.18,09-22-2026 21:33:59:620,150601,173072
23.19,09-22-2026 21:33:59:630,150593,173079
23.2,09-22-2026 21:33:59:640,150608,173083
23.21,09-22-2026 21:33:59:650,150610,173067
23.22,09-22-2026 21:33:59:660,150571,173084
23.23,09-22-2026 21:33:59:670,150603,173094
23.24,09-22-2026 21:33:59:680,150603,173090
23.25,09-22-2026 21:33:59:690,150613,173084
23.26,09-22-2026 21:33:59:700,150612,173074
23.27,09-22-2026 21:33:59:710,150610,173071
23.28,09-22-2026 21:33:59:720,150609,173080
23.29,09-22-2026 21:33:59:730,150605,173063
23.3,09-22-2026 21:33:59:740,150621,173073
23.31,09-22-2026 21:33:59:750,150607,173080
23.32,09-22-2026 21:33:59:760,150604,173063
23.33,09-22-2026 21:33:59:770,150583,173070
23.34,09-22-2026 21:33:59:780,150601,173072
23.35,09-22-2026 21:33:59:790,150610,173089
23.36,09-22-2026 21:33:59:800,150614,173097
23.37,09-22-2026 21:33:59:810,150604,173086
23.38,09-22-2026 21:33:59:820,150611,173077
23.39,09-22-2026 21:33:59:830,150615,173078
23.4,09-22-2026 21:33:59:840,150621,173069
23.41,09-22-2026 21:33:59:850,150616,173095
23.42,09-22-2026 21:33:59:860,150605,173089
23.43,09-22-2026 21:33:59:870,150603,173104
23.44,09-22-2026 21:33:59:880,150604,173074
23.45,09-22-2026 21:33:59:890,150611,173078
23.46,09-22-2026 21:33:59:900,150617,173066
23.47,09-22-2026 21:33:59:910,150635,173067
23.48,09-22-2026 21:33:59:920,150630,173074
23.49,09-22-2026 21:33:59:930,150627,173086
23.5,09-22-2026 21:33:59:940,150622,173078
23.51,09-22-2026 21:33:59:950,150618,173082
23.52,09-22-2026 21:33:59:960,150626,173058
23.53,09-22-2026 21:33:59:970,150615,173080
23.54,09-22-2026 21:33:59:980,150594,173047
23.55,09-22-2026 21:33:59:990,150615,173075
23.56,09-22-2026 21:34:00:000,150625,173047
23.57,09-22-2026 21:34:00:010,150623,173088
23.58,09-22-2026 21:34:00:020,150627,173043
23.59,09-22-2026 21:34:00:030,150623,173082
23.6,09-22-2026 21:34:00:040,150615,173034
23.61,09-22-2026 21:34:00:050,150617,173084
23.62,09-22-2026 21:34:00:060,150609,173049
23.63,09-22-2026 21:34:00:070,150625,173078
23.64,09-22-2026 21:34:00:080,150630,173022
23.65,09-22-2026 21:34:00:090,150605,173093
23.66,09-22-2026 21:34:00:100,150619,173042
23.67,09-22-2026 21:34:00:110,150627,173074
23.68,09-22-2026 21:34:00:120,150629,172996
23.69,09-22-2026 21:34:00:130,150618,173075
23.7,09-22-2026 21:34:00:140,150627,173020
23.71,09-22-2026 21:34:00:150,150625,173101
23.72,09-22-2026 21:34:00:160,150625,173042
23.73,09-22-2026 21:34:00:170,150615,173082
23.74,09-22-2026 21:34:00:180,150616,173048
23.75,09-22-2026 21:34:00:190,150617,173100
23.76,09-22-2026 21:34:00:200,150617,173061
23.77,09-22-2026 21:34:00:210,150618,173071
23.78,09-22-2026 21:34:00:220,150601,173064
23.79,09-22-2026 21:34:00:230,150607,173081
23.8,09-22-2026 21:34:00:240,150597,173072
23.81,09-22-2026 21:34:00:250,150598,173089
23.82,09-22-2026 21:34:00:260,150594,173082
23.83,09-22-2026 21:34:00:270,150611,173067
23.84,09-22-2026 21:34:00:280,150616,173106
23.85,09-22-2026 21:34:00:290,150616,173086
23.86,09-22-2026 21:34:00:300,150613,173102
23.87,09-22-2026 21:34:00:310,150610,173082
23.88,09-22-2026 21:34:00:320,150605,173114
23.89,09-22-2026 21:34:00:330,150609,173099
23.9,09-22-2026 21:34:00:340,150608,173108
23.91,09-22-2026 21:34:00:350,150597,173089
23.92,09-22-2026 21:34:00:360,150605,173105
23.93,09-22-2026 21:34:00:370,150598,173074
23.94,09-22-2026 21:34:00:380,150588,173108
23.95,09-22-2026 21:34:00:390,150587,173093
23.96,09-22-2026 21:34:00:400,150603,173114
23.97,09-22-2026 21:34:00:410,150603,173080
23.98,09-22-2026 21:34:00:420,150592,173090
23.99,09-22-2026 21:34:00:430,150601,173098
24,09-22-2026 21:34:00:440,150605,173122
24.01,09-22-2026 21:34:00:450,150593,173086
24.02,09-22-2026 21:34:00:460,150589,173116
24.03,09-22-2026 21:34:00:470,150603,173085
24.04,09-22-2026 21:34:00:480,150600,173114
24.05,09-22-2026 21:34:00:490,150602,173082
24.06,09-22-2026 21:34:00:500,150590,173115
24.07,09-22-2026 21:34:00:510,150586,173080
24.08,09-22-2026 21:34:00:520,150594,173111
24.09,09-22-2026 21:34:00:530,150590,173084
24.1,09-22-2026 21:34:00:540,150585,173084
24.11,09-22-2026 21:34:00:550,150595,173084
24.12,09-22-2026 21:34:00:560,150604,173099
24.13,09-22-2026 21:34:00:570,150607,173070
24.14,09-22-2026 21:34:00:580,150587,173106
24.15,09-22-2026 21:34:00:590,150605,173087
24.16,09-22-2026 21:34:00:600,150603,173117
24.17,09-22-2026 21:34:00:610,150613,173083
24.18,09-22-2026 21:34:00:620,150594,173109
24.19,09-22-2026 21:34:00:630,150612,173088
24.2,09-22-2026 21:34:00:640,150598,173084
24.21,09-22-2026 21:34:00:650,150628,173080
24.22,09-22-2026 21:34:00:660,150580,173093
24.23,09-22-2026 21:34:00:670,150609,173085
24.24,09-22-2026 21:34:00:680,150597,173085
24.25,09-22-2026 21:34:00:690,150622,173060
24.26,09-22-2026 21:34:00:700,150590,173081
24.27,09-22-2026 21:34:00:710,150618,173085
24.28,09-22-2026 21:34:00:720,150607,173075
24.29,09-22-2026 21:34:00:730,150609,173075
24.3,09-22-2026 21:34:00:740,150582,173103
24.31,09-22-2026 21:34:00:750,150629,173084
24.32,09-22-2026 21:34:00:760,150595,173082
24.33,09-22-2026 21:34:00:770,150625,173086
24.34,09-22-2026 21:34:00:780,150597,173065
24.35,09-22-2026 21:34:00:790,150640,173088
24.36,09-22-2026 21:34:00:800,150590,173102
24.37,09-22-2026 21:34:00:810,150629,173093
24.38,09-22-2026 21:34:00:820,150586,173078
24.39,09-22-2026 21:34:00:830,150640,173078
24.4,09-22-2026 21:34:00:840,150584,173105
24.41,09-22-2026 21:34:00:850,150618,173076
24.42,09-22-2026 21:34:00:860,150573,173096
24.43,09-22-2026 21:34:00:870,150617,173077
24.44,09-22-2026 21:34:00:880,150607,173086
24.45,09-22-2026 21:34:00:890,150651,173066
24.46,09-22-2026 21:34:00:900,150619,173078
24.47,09-22-2026 21:34:00:910,150655,173092
24.48,09-22-2026 21:34:00:920,150627,173094
24.49,09-22-2026 21:34:00:930,150647,173096
24.5,09-22-2026 21:34:00:940,150633,173086
24.51,09-22-2026 21:34:00:950,150636,173093
24.52,09-22-2026 21:34:00:960,150611,173090
24.53,09-22-2026 21:34:00:970,150642,173078
24.54,09-22-2026 21:34:00:980,150634,173099
24.55,09-22-2026 21:34:00:990,150651,173083
24.56,09-22-2026 21:34:01:000,150660,173100
24.57,09-22-2026 21:34:01:010,150645,173087
24.58,09-22-2026 21:34:01:020,150649,173092
24.59,09-22-2026 21:34:01:030,150644,173109
24.6,09-22-2026 21:34:01:040,150666,173092
24.61,09-22-2026 21:34:01:050,150652,173103
24.62,09-22-2026 21:34:01:060,150659,173099
24.63,09-22-2026 21:34:01:070,150658,173102
24.64,09-22-2026 21:34:01:080,150675,173064
24.65,09-22-2026 21:34:01:090,150645,173090
24.66,09-22-2026 21:34:01:100,150662,173098
24.67,09-22-2026 21:34:01:110,150658,173093
24.68,09-22-2026 21:34:01:120,150665,173104
24.69,09-22-2026 21:34:01:130,150652,173096
24.7,09-22-2026 21:34:01:140,150676,173101
24.71,09-22-2026 21:34:01:150,150662,173091
24.72,09-22-2026 21:34:01:160,150667,173109
24.73,09-22-2026 21:34:01:170,150632,173099
24.74,09-22-2026 21:34:01:180,150654,173113
24.75,09-22-2026 21:34:01:190,150629,173120
24.76,09-22-2026 21:34:01:200,150674,173100
24.77,09-22-2026 21:34:01:210,150624,173101
24.78,09-22-2026 21:34:01:220,150660,173104
24.79,09-22-2026 21:34:01:230,150635,173096
24.8,09-22-2026 21:34:01:240,150650,173104
24.81,09-22-2026 21:34:01:250,150638,173116
24.82,09-22-2026 21:34:01:260,150667,173084
24.83,09-22-2026 21:34:01:270,150627,173103
24.84,09-22-2026 21:34:01:280,150648,173096
24.85,09-22-2026 21:34:01:290,150638,173103
24.86,09-22-2026 21:34:01:300,150639,173085
24.87,09-22-2026 21:34:01:310,150623,173124
24.88,09-22-2026 21:34:01:320,150621,173107
24.89,09-22-2026 21:34:01:330,150610,173096
24.9,09-22-2026 21:34:01:340,150629,173080
24.91,09-22-2026 21:34:01:350,150621,173081
24.92,09-22-2026 21:34:01:360,150624,173111
24.93,09-22-2026 21:34:01:370,150614,173083
24.94,09-22-2026 21:34:01:380,150607,173104
24.95,09-22-2026 21:34:01:390,150611,173089
24.96,09-22-2026 21:34:01:400,150623,173091
24.97,09-22-2026 21:34:01:410,150619,173090
24.98,09-22-2026 21:34:01:420,150613,173101
24.99,09-22-2026 21:34:01:430,150619,173092
25,09-22-2026 21:34:01:440,150619,173089
25.01,09-22-2026 21:34:01:450,150621,173091
25.02,09-22-2026 21:34:01:460,150612,173106
25.03,09-22-2026 21:34:01:470,150613,173076
25.04,09-22-2026 21:34:01:480,150616,173092
25.05,09-22-2026 21:34:01:490,150619,173098
25.06,09-22-2026 21:34:01:500,150607,173093
25.07,09-22-2026 21:34:01:510,150606,173103
25.08,09-22-2026 21:34:01:520,150619,173091
25.09,09-22-2026 21:34:01:530,150589,173096
25.1,09-22-2026 21:34:01:540,150600,173077
25.11,09-22-2026 21:34:01:550,150598,173087
25.12,09-22-2026 21:34:01:560,150604,173096
25.13,09-22-2026 21:34:01:570,150600,173104
25.14,09-22-2026 21:34:01:580,150599,173093
25.15,09-22-2026 21:34:01:590,150589,173072
25.16,09-22-2026 21:34:01:600,150610,173087
25.17,09-22-2026 21:34:01:610,150594,173088
25.18,09-22-2026 21:34:01:620,150606,173086
25.19,09-22-2026 21:34:01:630,150605,173087
25.2,09-22-2026 21:34:01:640,150624,173082
25.21,09-22-2026 21:34:01:650,150599,173097
25.22,09-22-2026 21:34:01:660,150601,173098
25.23,09-22-2026 21:34:01:670,150611,173095
25.24,09-22-2026 21:34:01:680,150597,173084
25.25,09-22-2026 21:34:01:690,150603,173088
25.26,09-22-2026 21:34:01:700,150588,173074
25.27,09-22-2026 21:34:01:710,150604,173088
25.28,09-22-2026 21:34:01:720,150601,173109
25.29,09-22-2026 21:34:01:730,150610,173097
25.3,09-22-2026 21:34:01:740,150611,173097
25.31,09-22-2026 21:34:01:750,150607,173104
25.32,09-22-2026 21:34:01:760,150613,173089
25.33,09-22-2026 21:34:01:770,150598,173110
25.34,09-22-2026 21:34:01:780,150622,173083
25.35,09-22-2026 21:34:01:790,150620,173112
25.36,09-22-2026 21:34:01:800,150621,173075
25.37,09-22-2026 21:34:01:810,150626,173104
25.38,09-22-2026 21:34:01:820,150624,173075
25.39,09-22-2026 21:34:01:830,150624,173082
25.4,09-22-2026 21:34:01:840,150623,173065
25.41,09-22-2026 21:34:01:850,150618,173096
25.42,09-22-2026 21:34:01:860,150617,173069
25.43,09-22-2026 21:34:01:870,150607,173072
25.44,09-22-2026 21:34:01:880,150607,173061
25.45,09-22-2026 21:34:01:890,150618,173095
25.46,09-22-2026 21:34:01:900,150621,173046
25.47,09-22-2026 21:34:01:910,150635,173087
25.48,09-22-2026 21:34:01:920,150617,173060
25.49,09-22-2026 21:34:01:930,150632,173081
25.5,09-22-2026 21:34:01:940,150620,173052
25.51,09-22-2026 21:34:01:950,150617,173089
25.52,09-22-2026 21:34:01:960,150624,173036
25.53,09-22-2026 21:34:01:970,150616,173073
25.54,09-22-2026 21:34:01:980,150624,173032
25.55,09-22-2026 21:34:01:990,150634,173078
25.56,09-22-2026 21:34:02:000,150648,173024
25.57,09-22-2026 21:34:02:010,150648,173091
25.58,09-22-2026 21:34:02:020,150637,173017
25.59,09-22-2026 21:34:02:030,150636,173080
25.6,09-22-2026 21:34:02:040,150638,173058
25.61,09-22-2026 21:34:02:050,150632,173084
25.62,09-22-2026 21:34:02:060,150633,173070
25.63,09-22-2026 21:34:02:070,150634,173091
25.64,09-22-2026 21:34:02:080,150641,173072
25.65,09-22-2026 21:34:02:090,150654,173104
25.66,09-22-2026 21:34:02:100,150655,173081
25.67,09-22-2026 21:34:02:110,150656,173108
25.68,09-22-2026 21:34:02:120,150627,173093
25.69,09-22-2026 21:34:02:130,150612,173095
25.7,09-22-2026 21:34:02:140,150614,173078
25.71,09-22-2026 21:34:02:150,150598,173100
25.72,09-22-2026 21:34:02:160,150582,173096
25.73,09-22-2026 21:34:02:170,150603,173090
25.74,09-22-2026 21:34:02:180,150624,173079
25.75,09-22-2026 21:34:02:190,150616,173089
25.76,09-22-2026 21:34:02:200,150597,173103
25.77,09-22-2026 21:34:02:210,150612,173089
25.78,09-22-2026 21:34:02:220,150603,173115
25.79,09-22-2026 21:34:02:230,150626,173106
25.8,09-22-2026 21:34:02:240,150609,173112
25.81,09-22-2026 21:34:02:250,150612,173091
25.82,09-22-2026 21:34:02:260,150586,173123
25.83,09-22-2026 21:34:02:270,150572,173116
25.84,09-22-2026 21:34:02:280,150570,173121
25.85,09-22-2026 21:34:02:290,150578,173099
25.86,09-22-2026 21:34:02:300,150600,173127
25.87,09-22-2026 21:34:02:310,150606,173095
25.88,09-22-2026 21:34:02:320,150587,173128
25.89,09-22-2026 21:34:02:330,150616,173107
25.9,09-22-2026 21:34:02:340,150626,173154
25.91,09-22-2026 21:34:02:350,150629,173104
25.92,09-22-2026 21:34:02:360,150624,173139
25.93,09-22-2026 21:34:02:370,150631,173103
25.94,09-22-2026 21:34:02:380,150635,173143
25.95,09-22-2026 21:34:02:390,150626,173108
25.96,09-22-2026 21:34:02:400,150631,173142
25.97,09-22-2026 21:34:02:410,150628,173103
25.98,09-22-2026 21:34:02:420,150601,173123
25.99,09-22-2026 21:34:02:430,150611,173098
26,09-22-2026 21:34:02:440,150619,173102
26.01,09-22-2026 21:34:02:450,150613,173083
26.02,09-22-2026 21:34:02:460,150606,173065
26.03,09-22-2026 21:34:02:470,150630,173079
26.04,09-22-2026 21:34:02:480,150616,173108
26.05,09-22-2026 21:34:02:490,150646,173085
26.06,09-22-2026 21:34:02:500,150617,173112
26.07,09-22-2026 21:34:02:510,150624,173090
26.08,09-22-2026 21:34:02:520,150608,173092
26.09,09-22-2026 21:34:02:530,150635,173103
26.1,09-22-2026 21:34:02:540,150618,173102
26.11,09-22-2026 21:34:02:550,150617,173085
26.12,09-22-2026 21:34:02:560,150610,173070
26.13,09-22-2026 21:34:02:570,150626,173063
26.14,09-22-2026 21:34:02:580,150616,173068
26.15,09-22-2026 21:34:02:590,150611,173058
26.16,09-22-2026 21:34:02:600,150592,173106
26.17,09-22-2026 21:34:02:610,150644,173126
26.18,09-22-2026 21:34:02:620,150593,173110
26.19,09-22-2026 21:34:02:630,150615,173111
26.2,09-22-2026 21:34:02:640,150664,173160
26.21,09-22-2026 21:34:02:650,150795,173150
26.22,09-22-2026 21:34:02:660,150785,173152
26.23,09-22-2026 21:34:02:670,150842,173141
26.24,09-22-2026 21:34:02:680,150836,173144
26.25,09-22-2026 21:34:02:690,150868,173153
26.26,09-22-2026 21:34:02:700,150834,173130
26.27,09-22-2026 21:34:02:710,150866,173127
26.28,09-22-2026 21:34:02:720,150842,173102
26.29,09-22-2026 21:34:02:730,150891,173126
26.3,09-22-2026 21:34:02:740,150839,173132
26.31,09-22-2026 21:34:02:750,150898,173139
26.32,09-22-2026 21:34:02:760,150851,173144
26.33,09-22-2026 21:34:02:770,150890,173134
26.34,09-22-2026 21:34:02:780,150875,173137
26.35,09-22-2026 21:34:02:790,150900,173120
26.36,09-22-2026 21:34:02:800,150876,173133
26.37,09-22-2026 21:34:02:810,150904,173129
26.38,09-22-2026 21:34:02:820,150886,173128
26.39,09-22-2026 21:34:02:830,150904,173126
26.4,09-22-2026 21:34:02:840,150885,173125
26.41,09-22-2026 21:34:02:850,150892,173132
26.42,09-22-2026 21:34:02:860,150903,173093
26.43,09-22-2026 21:34:02:870,150912,173120
26.44,09-22-2026 21:34:02:880,150909,173138
26.45,09-22-2026 21:34:02:890,150889,173117
26.46,09-22-2026 21:34:02:900,150923,173096
26.47,09-22-2026 21:34:02:910,150910,173069
26.48,09-22-2026 21:34:02:920,150903,172991
26.49,09-22-2026 21:34:02:930,150898,172913
26.5,09-22-2026 21:34:02:940,150931,173177
26.51,09-22-2026 21:34:02:950,150906,173338
26.52,09-22-2026 21:34:02:960,150921,173372
26.53,09-22-2026 21:34:02:970,150908,173446
26.54,09-22-2026 21:34:02:980,150921,173538
26.55,09-22-2026 21:34:02:990,150889,173516
26.56,09-22-2026 21:34:03:000,150913,173502
26.57,09-22-2026 21:34:03:010,150889,173470
26.58,09-22-2026 21:34:03:020,150915,173472
26.59,09-22-2026 21:34:03:030,150890,173502
26.6,09-22-2026 21:34:03:040,150893,173538
26.61,09-22-2026 21:34:03:050,150872,173516
26.62,09-22-2026 21:34:03:060,150906,173509
26.63,09-22-2026 21:34:03:070,150877,173509
26.64,09-22-2026 21:34:03:080,150911,173503
26.65,09-22-2026 21:34:03:090,150878,173512
26.66,09-22-2026 21:34:03:100,150898,173508
26.67,09-22-2026 21:34:03:110,150877,173514
26.68,09-22-2026 21:34:03:120,150897,173489
26.69,09-22-2026 21:34:03:130,150865,173501
26.7,09-22-2026 21:34:03:140,150886,173510
26.71,09-22-2026 21:34:03:150,150852,173511
26.72,09-22-2026 21:34:03:160,150873,173510
26.73,09-22-2026 21:34:03:170,150853,173507
26.74,09-22-2026 21:34:03:180,150866,173500
26.75,09-22-2026 21:34:03:190,150854,173511
26.76,09-22-2026 21:34:03:200,150858,173520
26.77,09-22-2026 21:34:03:210,150855,173514
26.78,09-22-2026 21:34:03:220,150849,173527
26.79,09-22-2026 21:34:03:230,150856,173542
26.8,09-22-2026 21:34:03:240,150853,173547
26.81,09-22-2026 21:34:03:250,150857,173560
26.82,09-22-2026 21:34:03:260,150860,173571
26.83,09-22-2026 21:34:03:270,150843,173566
26.84,09-22-2026 21:34:03:280,150857,173562
26.85,09-22-2026 21:34:03:290,150832,173580
26.86,09-22-2026 21:34:03:300,150843,173566
26.87,09-22-2026 21:34:03:310,150859,173566
26.88,09-22-2026 21:34:03:320,150843,173566
26.89,09-22-2026 21:34:03:330,150857,173554
26.9,09-22-2026 21:34:03:340,150844,173569
26.91,09-22-2026 21:34:03:350,150860,173574
26.92,09-22-2026 21:34:03:360,150843,173588
26.93,09-22-2026 21:34:03:370,150849,173591
26.94,09-22-2026 21:34:03:380,150860,173589
26.95,09-22-2026 21:34:03:390,150861,173593
26.96,09-22-2026 21:34:03:400,150849,173593
26.97,09-22-2026 21:34:03:410,150790,173576
26.98,09-22-2026 21:34:03:420,150811,173589
26.99,09-22-2026 21:34:03:430,150807,173574
27,09-22-2026 21:34:03:440,150812,173581
27.01,09-22-2026 21:34:03:450,150813,173570
27.02,09-22-2026 21:34:03:460,150821,173557
27.03,09-22-2026 21:34:03:470,150824,173544
27.04,09-22-2026 21:34:03:480,150826,173528
27.05,09-22-2026 21:34:03:490,150840,173531
27.06,09-22-2026 21:34:03:500,150825,173520
27.07,09-22-2026 21:34:03:510,150839,173521
27.08,09-22-2026 21:34:03:520,150852,173537
27.09,09-22-2026 21:34:03:530,150846,173522
27.1,09-22-2026 21:34:03:540,150816,173515
27.11,09-22-2026 21:34:03:550,150820,173502
27.12,09-22-2026 21:34:03:560,150817,173503
27.13,09-22-2026 21:34:03:570,150818,173478
27.14,09-22-2026 21:34:03:580,150830,173518
27.15,09-22-2026 21:34:03:590,150820,173475
27.16,09-22-2026 21:34:03:600,150799,173482
27.17,09-22-2026 21:34:03:610,150793,173496
27.18,09-22-2026 21:34:03:620,150793,173489
27.19,09-22-2026 21:34:03:630,150789,173483
27.2,09-22-2026 21:34:03:640,150775,173490
27.21,09-22-2026 21:34:03:650,150783,173464
27.22,09-22-2026 21:34:03:660,150797,173468
27.23,09-22-2026 21:34:03:670,150819,173442
27.24,09-22-2026 21:34:03:680,150786,173454
27.25,09-22-2026 21:34:03:690,150789,173442
27.26,09-22-2026 21:34:03:700,150779,173550
27.27,09-22-2026 21:34:03:710,150766,173590
27.28,09-22-2026 21:34:03:720,150770,173634
27.29,09-22-2026 21:34:03:730,150785,173582
27.3,09-22-2026 21:34:03:740,150763,173604
27.31,09-22-2026 21:34:03:750,150752,173594
27.32,09-22-2026 21:34:03:760,150734,173688
27.33,09-22-2026 21:34:03:770,150745,173636
27.34,09-22-2026 21:34:03:780,150755,173690
27.35,09-22-2026 21:34:03:790,150727,173670
27.36,09-22-2026 21:34:03:800,150709,173708
27.37,09-22-2026 21:34:03:810,150719,173650
27.38,09-22-2026 21:34:03:820,150715,173742
27.39,09-22-2026 21:34:03:830,150729,173680
27.4,09-22-2026 21:34:03:840,150723,173752
27.41,09-22-2026 21:34:03:850,150733,173684
27.42,09-22-2026 21:34:03:860,150717,173721
27.43,09-22-2026 21:34:03:870,150699,173672
27.44,09-22-2026 21:34:03:880,150697,173700
27.45,09-22-2026 21:34:03:890,150720,173676
27.46,09-22-2026 21:34:03:900,150710,173686
27.47,09-22-2026 21:34:03:910,150707,173685
27.48,09-22-2026 21:34:03:920,150724,173706
27.49,09-22-2026 21:34:03:930,150694,173668
27.5,09-22-2026 21:34:03:940,150697,173702
27.51,09-22-2026 21:34:03:950,150693,173702
27.52,09-22-2026 21:34:03:960,150680,173717
27.53,09-22-2026 21:34:03:970,150684,173732
27.54,09-22-2026 21:34:03:980,150661,173725
27.55,09-22-2026 21:34:03:990,150685,173737
27.56,09-22-2026 21:34:04:000,150683,173725
27.57,09-22-2026 21:34:04:010,150669,173722
27.58,09-22-2026 21:34:04:020,150684,173705
27.59,09-22-2026 21:34:04:030,150665,173716
27.6,09-22-2026 21:34:04:040,150668,173695
27.61,09-22-2026 21:34:04:050,150676,173723
27.62,09-22-2026 21:34:04:060,150673,173714
27.63,09-22-2026 21:34:04:070,150678,173724
27.64,09-22-2026 21:34:04:080,150668,173708
27.65,09-22-2026 21:34:04:090,150646,173725
27.66,09-22-2026 21:34:04:100,150674,173707
27.67,09-22-2026 21:34:04:110,150664,173722
27.68,09-22-2026 21:34:04:120,150671,173670
27.69,09-22-2026 21:34:04:130,150660,173702
27.7,09-22-2026 21:34:04:140,150667,173656
27.71,09-22-2026 21:34:04:150,150664,173674
27.72,09-22-2026 21:34:04:160,150649,173633
27.73,09-22-2026 21:34:04:170,150626,173670
27.74,09-22-2026 21:34:04:180,150639,173651
27.75,09-22-2026 21:34:04:190,150649,173653
27.76,09-22-2026 21:34:04:200,150647,173619
27.77,09-22-2026 21:34:04:210,150646,173693
27.78,09-22-2026 21:34:04:220,150643,173634
27.79,09-22-2026 21:34:04:230,150628,173664
27.8,09-22-2026 21:34:04:240,150647,173642
27.81,09-22-2026 21:34:04:250,150612,173654
27.82,09-22-2026 21:34:04:260,150615,173651
27.83,09-22-2026 21:34:04:270,150590,173656
27.84,09-22-2026 21:34:04:280,150593,173637
27.85,09-22-2026 21:34:04:290,150581,173660
27.86,09-22-2026 21:34:04:300,150558,173637
27.87,09-22-2026 21:34:04:310,150541,173646
27.88,09-22-2026 21:34:04:320,150558,173644
27.89,09-22-2026 21:34:04:330,150522,173631
27.9,09-22-2026 21:34:04:340,150522,173650
27.91,09-22-2026 21:34:04:350,150489,173628
27.92,09-22-2026 21:34:04:360,150503,173646
27.93,09-22-2026 21:34:04:370,150482,173632
27.94,09-22-2026 21:34:04:380,150517,173634
27.95,09-22-2026 21:34:04:390,150462,173657
27.96,09-22-2026 21:34:04:400,150489,173642
27.97,09-22-2026 21:34:04:410,150469,173637
27.98,09-22-2026 21:34:04:420,150501,173637
27.99,09-22-2026 21:34:04:430,150467,173631
28,09-22-2026 21:34:04:440,150501,173648
28.01,09-22-2026 21:34:04:450,150441,173642
28.02,09-22-2026 21:34:04:460,150472,173643
28.03,09-22-2026 21:34:04:470,150417,173626
28.04,09-22-2026 21:34:04:480,150450,173646
28.05,09-22-2026 21:34:04:490,150396,173633
28.06,09-22-2026 21:34:04:500,150460,173616
28.07,09-22-2026 21:34:04:510,150406,173625
28.08,09-22-2026 21:34:04:520,150448,173605
28.09,09-22-2026 21:34:04:530,150412,173598
28.1,09-22-2026 21:34:04:540,150463,173594
28.11,09-22-2026 21:34:04:550,150437,173586
28.12,09-22-2026 21:34:04:560,150458,173582
28.13,09-22-2026 21:34:04:570,150434,173536
28.14,09-22-2026 21:34:04:580,150475,173506
28.15,09-22-2026 21:34:04:590,150461,173474
28.16,09-22-2026 21:34:04:600,150480,173438
28.17,09-22-2026 21:34:04:610,150486,173408
28.18,09-22-2026 21:34:04:620,150530,173392
28.19,09-22-2026 21:34:04:630,150477,173354
28.2,09-22-2026 21:34:04:640,150528,173334
28.21,09-22-2026 21:34:04:650,150528,173313
28.22,09-22-2026 21:34:04:660,150514,173286
28.23,09-22-2026 21:34:04:670,150543,173270
28.24,09-22-2026 21:34:04:680,150518,173269
28.25,09-22-2026 21:34:04:690,150523,173274
28.26,09-22-2026 21:34:04:700,150526,173268
28.27,09-22-2026 21:34:04:710,150539,173262
28.28,09-22-2026 21:34:04:720,150534,173270
28.29,09-22-2026 21:34:04:730,150567,173266
28.3,09-22-2026 21:34:04:740,150527,173274
28.31,09-22-2026 21:34:04:750,150566,173257
28.32,09-22-2026 21:34:04:760,150560,173288
28.33,09-22-2026 21:34:04:770,150571,173271
28.34,09-22-2026 21:34:04:780,150554,173247
28.35,09-22-2026 21:34:04:790,150602,173244
28.36,09-22-2026 21:34:04:800,150522,173256
28.37,09-22-2026 21:34:04:810,150587,173242
28.38,09-22-2026 21:34:04:820,150527,173226
28.39,09-22-2026 21:34:04:830,150560,173232
28.4,09-22-2026 21:34:04:840,150543,173216
28.41,09-22-2026 21:34:04:850,150583,173231
28.42,09-22-2026 21:34:04:860,150533,173210
28.43,09-22-2026 21:34:04:870,150576,173215
28.44,09-22-2026 21:34:04:880,150517,173229
28.45,09-22-2026 21:34:04:890,150577,173231
28.46,09-22-2026 21:34:04:900,150527,173222
28.47,09-22-2026 21:34:04:910,150555,173228
28.48,09-22-2026 21:34:04:920,150519,173238
28.49,09-22-2026 21:34:04:930,150541,173228
28.5,09-22-2026 21:34:04:940,150535,173228
28.51,09-22-2026 21:34:04:950,150557,173222
28.52,09-22-2026 21:34:04:960,150524,173241
28.53,09-22-2026 21:34:04:970,150556,173234
28.54,09-22-2026 21:34:04:980,150538,173253
28.55,09-22-2026 21:34:04:990,150561,173250
28.56,09-22-2026 21:34:05:000,150522,173249
28.57,09-22-2026 21:34:05:010,150552,173242
28.58,09-22-2026 21:34:05:020,150523,173258
28.59,09-22-2026 21:34:05:030,150537,173272
28.6,09-22-2026 21:34:05:040,150532,173274
28.61,09-22-2026 21:34:05:050,150526,173294
28.62,09-22-2026 21:34:05:060,150530,173280
28.63,09-22-2026 21:34:05:070,150547,173276
28.64,09-22-2026 21:34:05:080,150526,173280
28.65,09-22-2026 21:34:05:090,150545,173291
28.66,09-22-2026 21:34:05:100,150526,173306
28.67,09-22-2026 21:34:05:110,150542,173315
28.68,09-22-2026 21:34:05:120,150536,173285
28.69,09-22-2026 21:34:05:130,150520,173300
28.7,09-22-2026 21:34:05:140,150516,173271
28.71,09-22-2026 21:34:05:150,150537,173305
28.72,09-22-2026 21:34:05:160,150520,173302
28.73,09-22-2026 21:34:05:170,150513,173300
28.74,09-22-2026 21:34:05:180,150523,173284
28.75,09-22-2026 21:34:05:190,150516,173297
28.76,09-22-2026 21:34:05:200,150514,173286
28.77,09-22-2026 21:34:05:210,150512,173293
28.78,09-22-2026 21:34:05:220,150535,173299
28.79,09-22-2026 21:34:05:230,150528,173297
28.8,09-22-2026 21:34:05:240,150538,173307
28.81,09-22-2026 21:34:05:250,150531,173295
28.82,09-22-2026 21:34:05:260,150536,173311
28.83,09-22-2026 21:34:05:270,150511,173305
28.84,09-22-2026 21:34:05:280,150529,173299
28.85,09-22-2026 21:34:05:290,150519,173299
28.86,09-22-2026 21:34:05:300,150526,173303
28.87,09-22-2026 21:34:05:310,150516,173305
28.88,09-22-2026 21:34:05:320,150518,173294
28.89,09-22-2026 21:34:05:330,150535,173312
28.9,09-22-2026 21:34:05:340,150536,173312
28.91,09-22-2026 21:34:05:350,150520,173282
28.92,09-22-2026 21:34:05:360,150540,173302
28.93,09-22-2026 21:34:05:370,150539,173303
28.94,09-22-2026 21:34:05:380,150551,173292
28.95,09-22-2026 21:34:05:390,150538,173299
28.96,09-22-2026 21:34:05:400,150550,173297
28.97,09-22-2026 21:34:05:410,150534,173294
28.98,09-22-2026 21:34:05:420,150557,173261
28.99,09-22-2026 21:34:05:430,150540,173286
29,09-22-2026 21:34:05:440,150543,173258
29.01,09-22-2026 21:34:05:450,150555,173298
29.02,09-22-2026 21:34:05:460,150535,173267
29.03,09-22-2026 21:34:05:470,150535,173292
29.04,09-22-2026 21:34:05:480,150548,173279
29.05,09-22-2026 21:34:05:490,150567,173290
29.06,09-22-2026 21:34:05:500,150564,173244
29.07,09-22-2026 21:34:05:510,150558,173285
29.08,09-22-2026 21:34:05:520,150562,173275
29.09,09-22-2026 21:34:05:530,150545,173275
29.1,09-22-2026 21:34:05:540,150562,173248
29.11,09-22-2026 21:34:05:550,150565,173273
29.12,09-22-2026 21:34:05:560,150564,173242
29.13,09-22-2026 21:34:05:570,150551,173272
29.14,09-22-2026 21:34:05:580,150594,173221
29.15,09-22-2026 21:34:05:590,150566,173274
29.16,09-22-2026 21:34:05:600,150585,173220
29.17,09-22-2026 21:34:05:610,150596,173266
29.18,09-22-2026 21:34:05:620,150581,173209
29.19,09-22-2026 21:34:05:630,150588,173285
29.2,09-22-2026 21:34:05:640,150584,173225
29.21,09-22-2026 21:34:05:650,150575,173265
29.22,09-22-2026 21:34:05:660,150589,173224
29.23,09-22-2026 21:34:05:670,150603,173285
29.24,09-22-2026 21:34:05:680,150578,173257
29.25,09-22-2026 21:34:05:690,150594,173299
29.26,09-22-2026 21:34:05:700,150591,173275
29.27,09-22-2026 21:34:05:710,150596,173291
29.28,09-22-2026 21:34:05:720,150576,173278
29.29,09-22-2026 21:34:05:730,150561,173292
29.3,09-22-2026 21:34:05:740,150579,173278
29.31,09-22-2026 21:34:05:750,150576,173271
29.32,09-22-2026 21:34:05:760,150548,173251
29.33,09-22-2026 21:34:05:770,150574,173283
29.34,09-22-2026 21:34:05:780,150552,173289
29.35,09-22-2026 21:34:05:790,150560,173310
29.36,09-22-2026 21:34:05:800,150572,173306
29.37,09-22-2026 21:34:05:810,150584,173301
29.38,09-22-2026 21:34:05:820,150573,173334
29.39,09-22-2026 21:34:05:830,150562,173313
29.4,09-22-2026 21:34:05:840,150569,173325
29.41,09-22-2026 21:34:05:850,150591,173313
29.42,09-22-2026 21:34:05:860,150587,173354
29.43,09-22-2026 21:34:05:870,150564,173342
29.44,09-22-2026 21:34:05:880,150564,173359
29.45,09-22-2026 21:34:05:890,150570,173343
29.46,09-22-2026 21:34:05:900,150553,173386
29.47,09-22-2026 21:34:05:910,150578,173339
29.48,09-22-2026 21:34:05:920,150582,173368
29.49,09-22-2026 21:34:05:930,150575,173335
29.5,09-22-2026 21:34:05:940,150572,173388
29.51,09-22-2026 21:34:05:950,150583,173350
29.52,09-22-2026 21:34:05:960,150587,173371
29.53,09-22-2026 21:34:05:970,150591,173366
29.54,09-22-2026 21:34:05:980,150575,173377
29.55,09-22-2026 21:34:05:990,150589,173352
29.56,09-22-2026 21:34:06:000,150591,173386
29.57,09-22-2026 21:34:06:010,150590,173357
29.58,09-22-2026 21:34:06:020,150571,173369
29.59,09-22-2026 21:34:06:030,150587,173350
29.6,09-22-2026 21:34:06:040,150578,173369
29.61,09-22-2026 21:34:06:050,150591,173341
29.62,09-22-2026 21:34:06:060,150578,173363
29.63,09-22-2026 21:34:06:070,150583,173348
29.64,09-22-2026 21:34:06:080,150581,173377
29.65,09-22-2026 21:34:06:090,150584,173341
29.66,09-22-2026 21:34:06:100,150577,173376
29.67,09-22-2026 21:34:06:110,150593,173361
29.68,09-22-2026 21:34:06:120,150582,173359
29.69,09-22-2026 21:34:06:130,150582,173334
29.7,09-22-2026 21:34:06:140,150569,173379
29.71,09-22-2026 21:34:06:150,150589,173361
29.72,09-22-2026 21:34:06:160,150581,173349
29.73,09-22-2026 21:34:06:170,150583,173339
29.74,09-22-2026 21:34:06:180,150561,173362
29.75,09-22-2026 21:34:06:190,150593,173336
29.76,09-22-2026 21:34:06:200,150570,173356
29.77,09-22-2026 21:34:06:210,150581,173357
29.78,09-22-2026 21:34:06:220,150578,173355
29.79,09-22-2026 21:34:06:230,150581,173358
29.8,09-22-2026 21:34:06:240,150571,173371
29.81,09-22-2026 21:34:06:250,150585,173371
29.82,09-22-2026 21:34:06:260,150553,173378
29.83,09-22-2026 21:34:06:270,150590,173367
29.84,09-22-2026 21:34:06:280,150563,173356
29.85,09-22-2026 21:34:06:290,150602,173362
29.86,09-22-2026 21:34:06:300,150571,173382
29.87,09-22-2026 21:34:06:310,150591,173369
29.88,09-22-2026 21:34:06:320,150568,173351
29.89,09-22-2026 21:34:06:330,150600,173365
29.9,09-22-2026 21:34:06:340,150561,173354
29.91,09-22-2026 21:34:06:350,150600,173372
29.92,09-22-2026 21:34:06:360,150549,173369
29.93,09-22-2026 21:34:06:370,150599,173345
29.94,09-22-2026 21:34:06:380,150577,173363
29.95,09-22-2026 21:34:06:390,150605,173349
29.96,09-22-2026 21:34:06:400,150528,173361
29.97,09-22-2026 21:34:06:410,150579,173373
29.98,09-22-2026 21:34:06:420,150587,173339
29.99,09-22-2026 21:34:06:430,150608,173365
30,09-22-2026 21:34:06:440,150588,173358
30.01,09-22-2026 21:34:06:450,150603,173361
30.02,09-22-2026 21:34:06:460,150606,173347
30.03,09-22-2026 21:34:06:470,150610,173345
30.04,09-22-2026 21:34:06:480,150587,173369
30.05,09-22-2026 21:34:06:490,150599,173359
30.06,09-22-2026 21:34:06:500,150595,173364
30.07,09-22-2026 21:34:06:510,150628,173352
30.08,09-22-2026 21:34:06:520,150613,173356
30.09,09-22-2026 21:34:06:530,150619,173354
30.1,09-22-2026 21:34:06:540,150630,173362
30.11,09-22-2026 21:34:06:550,150627,173350
30.12,09-22-2026 21:34:06:560,150631,173361
30.13,09-22-2026 21:34:06:570,150632,173352
30.14,09-22-2026 21:34:06:580,150637,173359
30.15,09-22-2026 21:34:06:590,150634,173360
30.16,09-22-2026 21:34:06:600,150650,173372
30.17,09-22-2026 21:34:06:610,150635,173349
30.18,09-22-2026 21:34:06:620,150658,173359
30.19,09-22-2026 21:34:06:630,150642,173362
30.2,09-22-2026 21:34:06:640,150632,173352
30.21,09-22-2026 21:34:06:650,150643,173343
30.22,09-22-2026 21:34:06:660,150677,173359
30.23,09-22-2026 21:34:06:670,150655,173363
30.24,09-22-2026 21:34:06:680,150665,173362
30.25,09-22-2026 21:34:06:690,150641,173369
30.26,09-22-2026 21:34:06:700,150655,173346
30.27,09-22-2026 21:34:06:710,150649,173347
30.28,09-22-2026 21:34:06:720,150690,173354
30.29,09-22-2026 21:34:06:730,150651,173355
30.3,09-22-2026 21:34:06:740,150685,173356
30.31,09-22-2026 21:34:06:750,150649,173342
30.32,09-22-2026 21:34:06:760,150689,173361
30.33,09-22-2026 21:34:06:770,150651,173355
30.34,09-22-2026 21:34:06:780,150680,173347
30.35,09-22-2026 21:34:06:790,150622,173358
30.36,09-22-2026 21:34:06:800,150674,173361
30.37,09-22-2026 21:34:06:810,150624,173368
30.38,09-22-2026 21:34:06:820,150662,173369
30.39,09-22-2026 21:34:06:830,150651,173379
30.4,09-22-2026 21:34:06:840,150660,173376
30.41,09-22-2026 21:34:06:850,150633,173376
30.42,09-22-2026 21:34:06:860,150642,173360
30.43,09-22-2026 21:34:06:870,150614,173367
30.44,09-22-2026 21:34:06:880,150654,173385
30.45,09-22-2026 21:34:06:890,150621,173393
30.46,09-22-2026 21:34:06:900,150609,173373
30.47,09-22-2026 21:34:06:910,150599,173399
30.48,09-22-2026 21:34:06:920,150625,173359
30.49,09-22-2026 21:34:06:930,150598,173380
30.5,09-22-2026 21:34:06:940,150600,173373
30.51,09-22-2026 21:34:06:950,150591,173392
30.52,09-22-2026 21:34:06:960,150586,173381
30.53,09-22-2026 21:34:06:970,150619,173372
30.54,09-22-2026 21:34:06:980,150595,173382
30.55,09-22-2026 21:34:06:990,150592,173365
30.56,09-22-2026 21:34:07:000,150602,173348
30.57,09-22-2026 21:34:07:010,150597,173384
30.58,09-22-2026 21:34:07:020,150589,173388
30.59,09-22-2026 21:34:07:030,150594,173382
30.6,09-22-2026 21:34:07:040,150589,173364
30.61,09-22-2026 21:34:07:050,150586,173374
30.62,09-22-2026 21:34:07:060,150580,173371
30.63,09-22-2026 21:34:07:070,150593,173391
30.64,09-22-2026 21:34:07:080,150576,173374
30.65,09-22-2026 21:34:07:090,150598,173385
30.66,09-22-2026 21:34:07:100,150597,173380
30.67,09-22-2026 21:34:07:110,150587,173401
30.68,09-22-2026 21:34:07:120,150609,173385
30.69,09-22-2026 21:34:07:130,150586,173379
30.7,09-22-2026 21:34:07:140,150577,173389
30.71,09-22-2026 21:34:07:150,150593,173385
30.72,09-22-2026 21:34:07:160,150584,173388
30.73,09-22-2026 21:34:07:170,150605,173378
30.74,09-22-2026 21:34:07:180,150606,173383
30.75,09-22-2026 21:34:07:190,150600,173378
30.76,09-22-2026 21:34:07:200,150606,173379
30.77,09-22-2026 21:34:07:210,150589,173368
30.78,09-22-2026 21:34:07:220,150612,173360
30.79,09-22-2026 21:34:07:230,150601,173354
30.8,09-22-2026 21:34:07:240,150610,173365
30.81,09-22-2026 21:34:07:250,150608,173365
30.82,09-22-2026 21:34:07:260,150609,173384
30.83,09-22-2026 21:34:07:270,150613,173364
30.84,09-22-2026 21:34:07:280,150613,173379
30.85,09-22-2026 21:34:07:290,150599,173366
30.86,09-22-2026 21:34:07:300,150613,173372
30.87,09-22-2026 21:34:07:310,150614,173365
30.88,09-22-2026 21:34:07:320,150635,173391
30.89,09-22-2026 21:34:07:330,150617,173353
30.9,09-22-2026 21:34:07:340,150604,173399
30.91,09-22-2026 21:34:07:350,150607,173346
30.92,09-22-2026 21:34:07:360,150616,173393
30.93,09-22-2026 21:34:07:370,150616,173334
30.94,09-22-2026 21:34:07:380,150611,173389
30.95,09-22-2026 21:34:07:390,150624,173356
30.96,09-22-2026 21:34:07:400,150620,173371
30.97,09-22-2026 21:34:07:410,150627,173341
30.98,09-22-2026 21:34:07:420,150617,173380
30.99,09-22-2026 21:34:07:430,150624,173340
31,09-22-2026 21:34:07:440,150627,173382
31.01,09-22-2026 21:34:07:450,150622,173324
31.02,09-22-2026 21:34:07:460,150610,173396
31.03,09-22-2026 21:34:07:470,150621,173343
31.04,09-22-2026 21:34:07:480,150627,173377
31.05,09-22-2026 21:34:07:490,150623,173334
31.06,09-22-2026 21:34:07:500,150624,173396
31.07,09-22-2026 21:34:07:510,150617,173328
31.08,09-22-2026 21:34:07:520,150621,173381
31.09,09-22-2026 21:34:07:530,150620,173333
31.1,09-22-2026 21:34:07:540,150639,173378
31.11,09-22-2026 21:34:07:550,150625,173351
31.12,09-22-2026 21:34:07:560,150631,173380
31.13,09-22-2026 21:34:07:570,150639,173339
31.14,09-22-2026 21:34:07:580,150629,173371
31.15,09-22-2026 21:34:07:590,150644,173360
31.16,09-22-2026 21:34:07:600,150645,173392
31.17,09-22-2026 21:34:07:610,150644,173352
31.18,09-22-2026 21:34:07:620,150643,173375
31.19,09-22-2026 21:34:07:630,150637,173351
31.2,09-22-2026 21:34:07:640,150651,173353
31.21,09-22-2026 21:34:07:650,150644,173376
31.22,09-22-2026 21:34:07:660,150645,173361
31.23,09-22-2026 21:34:07:670,150629,173386
31.24,09-22-2026 21:34:07:680,150645,173376
31.25,09-22-2026 21:34:07:690,150648,173382
31.26,09-22-2026 21:34:07:700,150651,173362
31.27,09-22-2026 21:34:07:710,150650,173395
31.28,09-22-2026 21:34:07:720,150642,173353
31.29,09-22-2026 21:34:07:730,150668,173397
31.3,09-22-2026 21:34:07:740,150652,173358
31.31,09-22-2026 21:34:07:750,150657,173385
31.32,09-22-2026 21:34:07:760,150637,173345
31.33,09-22-2026 21:34:07:770,150666,173396
31.34,09-22-2026 21:34:07:780,150662,173368
31.35,09-22-2026 21:34:07:790,150654,173376
31.36,09-22-2026 21:34:07:800,150635,173377
31.37,09-22-2026 21:34:07:810,150645,173401
31.38,09-22-2026 21:34:07:820,150647,173367
31.39,09-22-2026 21:34:07:830,150642,173395
31.4,09-22-2026 21:34:07:840,150662,173384
31.41,09-22-2026 21:34:07:850,150650,173401
31.42,09-22-2026 21:34:07:860,150650,173379
31.43,09-22-2026 21:34:07:870,150653,173407
31.44,09-22-2026 21:34:07:880,150663,173393
31.45,09-22-2026 21:34:07:890,150660,173428
31.46,09-22-2026 21:34:07:900,150635,173388
31.47,09-22-2026 21:34:07:910,150630,173440
31.48,09-22-2026 21:34:07:920,150633,173377
31.49,09-22-2026 21:34:07:930,150656,173397
31.5,09-22-2026 21:34:07:940,150654,173378
31.51,09-22-2026 21:34:07:950,150644,173410
31.52,09-22-2026 21:34:07:960,150650,173389
31.53,09-22-2026 21:34:07:970,150625,173404
31.54,09-22-2026 21:34:07:980,150630,173375
31.55,09-22-2026 21:34:07:990,150631,173408
31.56,09-22-2026 21:34:08:000,150634,173388
31.57,09-22-2026 21:34:08:010,150637,173420
31.58,09-22-2026 21:34:08:020,150634,173402
31.59,09-22-2026 21:34:08:030,150619,173389
31.6,09-22-2026 21:34:08:040,150636,173395
31.61,09-22-2026 21:34:08:050,150603,173413
31.62,09-22-2026 21:34:08:060,150621,173393
31.63,09-22-2026 21:34:08:070,150599,173412
31.64,09-22-2026 21:34:08:080,150628,173399
31.65,09-22-2026 21:34:08:090,150604,173394
31.66,09-22-2026 21:34:08:100,150638,173382
31.67,09-22-2026 21:34:08:110,150603,173393
31.68,09-22-2026 21:34:08:120,150630,173397
31.69,09-22-2026 21:34:08:130,150607,173412
31.7,09-22-2026 21:34:08:140,150642,173409
31.71,09-22-2026 21:34:08:150,150609,173410
31.72,09-22-2026 21:34:08:160,150623,173404
31.73,09-22-2026 21:34:08:170,150601,173403
31.74,09-22-2026 21:34:08:180,150635,173404
31.75,09-22-2026 21:34:08:190,150592,173417
31.76,09-22-2026 21:34:08:200,150637,173399
31.77,09-22-2026 21:34:08:210,150596,173403
31.78,09-22-2026 21:34:08:220,150629,173424
31.79,09-22-2026 21:34:08:230,150597,173394
31.8,09-22-2026 21:34:08:240,150650,173409
31.81,09-22-2026 21:34:08:250,150583,173401
31.82,09-22-2026 21:34:08:260,150615,173409
31.83,09-22-2026 21:34:08:270,150586,173413
31.84,09-22-2026 21:34:08:280,150638,173412
31.85,09-22-2026 21:34:08:290,150597,173391
31.86,09-22-2026 21:34:08:300,150634,173412
31.87,09-22-2026 21:34:08:310,150601,173398
31.88,09-22-2026 21:34:08:320,150632,173404
31.89,09-22-2026 21:34:08:330,150595,173409
31.9,09-22-2026 21:34:08:340,150647,173404
31.91,09-22-2026 21:34:08:350,150613,173388
31.92,09-22-2026 21:34:08:360,150624,173394
31.93,09-22-2026 21:34:08:370,150623,173391
31.94,09-22-2026 21:34:08:380,150632,173396
31.95,09-22-2026 21:34:08:390,150648,173404
31.96,09-22-2026 21:34:08:400,150649,173405
31.97,09-22-2026 21:34:08:410,150650,173387
31.98,09-22-2026 21:34:08:420,150638,173392
31.99,09-22-2026 21:34:08:430,150668,173403
32,09-22-2026 21:34:08:440,150631,173385
32.01,09-22-2026 21:34:08:450,150658,173391
32.02,09-22-2026 21:34:08:460,150647,173395
32.03,09-22-2026 21:34:08:470,150674,173390
32.04,09-22-2026 21:34:08:480,150654,173395
32.05,09-22-2026 21:34:08:490,150682,173385
32.06,09-22-2026 21:34:08:500,150653,173395
32.07,09-22-2026 21:34:08:510,150678,173399
32.08,09-22-2026 21:34:08:520,150669,173397
32.09,09-22-2026 21:34:08:530,150659,173386
32.1,09-22-2026 21:34:08:540,150660,173398
32.11,09-22-2026 21:34:08:550,150680,173397
32.12,09-22-2026 21:34:08:560,150664,173399
32.13,09-22-2026 21:34:08:570,150690,173401
32.14,09-22-2026 21:34:08:580,150664,173406
32.15,09-22-2026 21:34:08:590,150695,173396
32.16,09-22-2026 21:34:08:600,150657,173389
32.17,09-22-2026 21:34:08:610,150695,173395
32.18,09-22-2026 21:34:08:620,150662,173392
32.19,09-22-2026 21:34:08:630,150708,173390
32.2,09-22-2026 21:34:08:640,150648,173393
32.21,09-22-2026 21:34:08:650,150706,173375
32.22,09-22-2026 21:34:08:660,150658,173383
32.23,09-22-2026 21:34:08:670,150718,173396
32.24,09-22-2026 21:34:08:680,150674,173398
32.25,09-22-2026 21:34:08:690,150704,173406
32.26,09-22-2026 21:34:08:700,150667,173405
32.27,09-22-2026 21:34:08:710,150708,173401
32.28,09-22-2026 21:34:08:720,150668,173399
32.29,09-22-2026 21:34:08:730,150682,173400
32.3,09-22-2026 21:34:08:740,150664,173401
32.31,09-22-2026 21:34:08:750,150686,173394
32.32,09-22-2026 21:34:08:760,150651,173384
32.33,09-22-2026 21:34:08:770,150690,173405
32.34,09-22-2026 21:34:08:780,150679,173386
32.35,09-22-2026 21:34:08:790,150681,173387
32.36,09-22-2026 21:34:08:800,150676,173399
32.37,09-22-2026 21:34:08:810,150683,173395
32.38,09-22-2026 21:34:08:820,150680,173388
32.39,09-22-2026 21:34:08:830,150682,173396
32.4,09-22-2026 21:34:08:840,150665,173385
32.41,09-22-2026 21:34:08:850,150692,173407
32.42,09-22-2026 21:34:08:860,150662,173396
32.43,09-22-2026 21:34:08:870,150664,173393
32.44,09-22-2026 21:34:08:880,150663,173416
32.45,09-22-2026 21:34:08:890,150682,173410
32.46,09-22-2026 21:34:08:900,150665,173390
32.47,09-22-2026 21:34:08:910,150670,173401
32.48,09-22-2026 21:34:08:920,150674,173398
32.49,09-22-2026 21:34:08:930,150666,173394
32.5,09-22-2026 21:34:08:940,150674,173389
32.51,09-22-2026 21:34:08:950,150678,173419
32.52,09-22-2026 21:34:08:960,150688,173394
32.53,09-22-2026 21:34:08:970,150679,173392
32.54,09-22-2026 21:34:08:980,150679,173399
32.55,09-22-2026 21:34:08:990,150665,173386
32.56,09-22-2026 21:34:09:000,150667,173395
32.57,09-22-2026 21:34:09:010,150662,173404
32.58,09-22-2026 21:34:09:020,150674,173399
32.59,09-22-2026 21:34:09:030,150671,173405
32.6,09-22-2026 21:34:09:040,150653,173403
32.61,09-22-2026 21:34:09:050,150670,173397
32.62,09-22-2026 21:34:09:060,150674,173390
32.63,09-22-2026 21:34:09:070,150658,173398
32.64,09-22-2026 21:34:09:080,150663,173414
32.65,09-22-2026 21:34:09:090,150664,173391
32.66,09-22-2026 21:34:09:100,150647,173406
32.67,09-22-2026 21:34:09:110,150651,173387
32.68,09-22-2026 21:34:09:120,150674,173392
32.69,09-22-2026 21:34:09:130,150666,173404
32.7,09-22-2026 21:34:09:140,150662,173392
32.71,09-22-2026 21:34:09:150,150663,173409
32.72,09-22-2026 21:34:09:160,150671,173397
32.73,09-22-2026 21:34:09:170,150655,173396
32.74,09-22-2026 21:34:09:180,150666,173386
32.75,09-22-2026 21:34:09:190,150667,173407
32.76,09-22-2026 21:34:09:200,150647,173373
32.77,09-22-2026 21:34:09:210,150657,173394
32.78,09-22-2026 21:34:09:220,150656,173388
32.79,09-22-2026 21:34:09:230,150657,173401
32.8,09-22-2026 21:34:09:240,150649,173372
32.81,09-22-2026 21:34:09:250,150651,173403
32.82,09-22-2026 21:34:09:260,150664,173375
32.83,09-22-2026 21:34:09:270,150665,173409
32.84,09-22-2026 21:34:09:280,150669,173373
32.85,09-22-2026 21:34:09:290,150663,173408
32.86,09-22-2026 21:34:09:300,150660,173381
32.87,09-22-2026 21:34:09:310,150656,173401
32.88,09-22-2026 21:34:09:320,150672,173369
32.89,09-22-2026 21:34:09:330,150681,173399
32.9,09-22-2026 21:34:09:340,150668,173356
32.91,09-22-2026 21:34:09:350,150659,173415
32.92,09-22-2026 21:34:09:360,150662,173359
32.93,09-22-2026 21:34:09:370,150672,173407
32.94,09-22-2026 21:34:09:380,150663,173360
32.95,09-22-2026 21:34:09:390,150663,173415
32.96,09-22-2026 21:34:09:400,150660,173369
32.97,09-22-2026 21:34:09:410,150660,173420
32.98,09-22-2026 21:34:09:420,150659,173353
32.99,09-22-2026 21:34:09:430,150659,173406
33,09-22-2026 21:34:09:440,150646,173364
33.01,09-22-2026 21:34:09:450,150670,173392
33.02,09-22-2026 21:34:09:460,150666,173371
33.03,09-22-2026 21:34:09:470,150664,173402
33.04,09-22-2026 21:34:09:480,150670,173363
33.05,09-22-2026 21:34:09:490,150657,173413
33.06,09-22-2026 21:34:09:500,150665,173388
33.07,09-22-2026 21:34:09:510,150677,173401
33.08,09-22-2026 21:34:09:520,150658,173395
33.09,09-22-2026 21:34:09:530,150683,173407
33.1,09-22-2026 21:34:09:540,150693,173418
33.11,09-22-2026 21:34:09:550,150660,173400
33.12,09-22-2026 21:34:09:560,150670,173400
33.13,09-22-2026 21:34:09:570,150663,173410
33.14,09-22-2026 21:34:09:580,150650,173413
33.15,09-22-2026 21:34:09:590,150649,173400
33.16,09-22-2026 21:34:09:600,150659,173406
33.17,09-22-2026 21:34:09:610,150686,173406
33.18,09-22-2026 21:34:09:620,150675,173424
33.19,09-22-2026 21:34:09:630,150666,173400
33.2,09-22-2026 21:34:09:640,150647,173426
33.21,09-22-2026 21:34:09:650,150674,173412
33.22,09-22-2026 21:34:09:660,150662,173446
33.23,09-22-2026 21:34:09:670,150662,173413
33.24,09-22-2026 21:34:09:680,150665,173424
33.25,09-22-2026 21:34:09:690,150672,173412
33.26,09-22-2026 21:34:09:700,150688,173451
33.27,09-22-2026 21:34:09:710,150669,173408
33.28,09-22-2026 21:34:09:720,150663,173432
33.29,09-22-2026 21:34:09:730,150656,173415
33.3,09-22-2026 21:34:09:740,150669,173441
33.31,09-22-2026 21:34:09:750,150668,173401
33.32,09-22-2026 21:34:09:760,150670,173431
33.33,09-22-2026 21:34:09:770,150680,173406
33.34,09-22-2026 21:34:09:780,150698,173436
33.35,09-22-2026 21:34:09:790,150689,173404
33.36,09-22-2026 21:34:09:800,150678,173423
33.37,09-22-2026 21:34:09:810,150682,173402
33.38,09-22-2026 21:34:09:820,150672,173432
33.39,09-22-2026 21:34:09:830,150676,173398
33.4,09-22-2026 21:34:09:840,150680,173404
33.41,09-22-2026 21:34:09:850,150685,173391
33.42,09-22-2026 21:34:09:860,150674,173407
33.43,09-22-2026 21:34:09:870,150688,173398
33.44,09-22-2026 21:34:09:880,150677,173392
33.45,09-22-2026 21:34:09:890,150686,173359
33.46,09-22-2026 21:34:09:900,150688,173415
33.47,09-22-2026 21:34:09:910,150703,173388
33.48,09-22-2026 21:34:09:920,150677,173404
33.49,09-22-2026 21:34:09:930,150691,173395
33.5,09-22-2026 21:34:09:940,150695,173383
33.51,09-22-2026 21:34:09:950,150705,173411
33.52,09-22-2026 21:34:09:960,150704,173377
33.53,09-22-2026 21:34:09:970,150695,173389
33.54,09-22-2026 21:34:09:980,150667,173381
33.55,09-22-2026 21:34:09:990,150678,173419
33.56,09-22-2026 21:34:10:000,150676,173405
33.57,09-22-2026 21:34:10:010,150689,173388
33.58,09-22-2026 21:34:10:020,150663,173399
33.59,09-22-2026 21:34:10:030,150696,173383
33.6,09-22-2026 21:34:10:040,150657,173410
33.61,09-22-2026 21:34:10:050,150697,173365
33.62,09-22-2026 21:34:10:060,150667,173408
33.63,09-22-2026 21:34:10:070,150706,173406
33.64,09-22-2026 21:34:10:080,150677,173415
33.65,09-22-2026 21:34:10:090,150692,173416
33.66,09-22-2026 21:34:10:100,150666,173401
33.67,09-22-2026 21:34:10:110,150687,173396
33.68,09-22-2026 21:34:10:120,150648,173398
33.69,09-22-2026 21:34:10:130,150688,173398
33.7,09-22-2026 21:34:10:140,150658,173405
33.71,09-22-2026 21:34:10:150,150691,173410
33.72,09-22-2026 21:34:10:160,150644,173409
33.73,09-22-2026 21:34:10:170,150674,173416
33.74,09-22-2026 21:34:10:180,150643,173417
33.75,09-22-2026 21:34:10:190,150681,173431
33.76,09-22-2026 21:34:10:200,150644,173435
33.77,09-22-2026 21:34:10:210,150676,173427
33.78,09-22-2026 21:34:10:220,150656,173450
33.79,09-22-2026 21:34:10:230,150660,173437
33.8,09-22-2026 21:34:10:240,150626,173427
33.81,09-22-2026 21:34:10:250,150683,173448
33.82,09-22-2026 21:34:10:260,150634,173455
33.83,09-22-2026 21:34:10:270,150668,173454
33.84,09-22-2026 21:34:10:280,150639,173435
33.85,09-22-2026 21:34:10:290,150678,173423
33.86,09-22-2026 21:34:10:300,150650,173434
33.87,09-22-2026 21:34:10:310,150679,173440
33.88,09-22-2026 21:34:10:320,150650,173434
33.89,09-22-2026 21:34:10:330,150679,173435
33.9,09-22-2026 21:34:10:340,150682,173430
33.91,09-22-2026 21:34:10:350,150687,173429
33.92,09-22-2026 21:34:10:360,150672,173433
33.93,09-22-2026 21:34:10:370,150676,173451
33.94,09-22-2026 21:34:10:380,150684,173427
33.95,09-22-2026 21:34:10:390,150679,173454
33.96,09-22-2026 21:34:10:400,150688,173450
33.97,09-22-2026 21:34:10:410,150664,173447
33.98,09-22-2026 21:34:10:420,150669,173458
33.99,09-22-2026 21:34:10:430,150689,173442
34,09-22-2026 21:34:10:440,150703,173440
34.01,09-22-2026 21:34:10:450,150685,173434
34.02,09-22-2026 21:34:10:460,150706,173429
34.03,09-22-2026 21:34:10:470,150689,173433
34.04,09-22-2026 21:34:10:480,150712,173429
34.05,09-22-2026 21:34:10:490,150688,173439
34.06,09-22-2026 21:34:10:500,150703,173428
34.07,09-22-2026 21:34:10:510,150696,173445
34.08,09-22-2026 21:34:10:520,150696,173428
34.09,09-22-2026 21:34:10:530,150680,173426
34.1,09-22-2026 21:34:10:540,150713,173408
34.11,09-22-2026 21:34:10:550,150689,173414
34.12,09-22-2026 21:34:10:560,150716,173406
34.13,09-22-2026 21:34:10:570,150691,173428
34.14,09-22-2026 21:34:10:580,150712,173414
34.15,09-22-2026 21:34:10:590,150686,173418
34.16,09-22-2026 21:34:10:600,150717,173419
34.17,09-22-2026 21:34:10:610,150701,173426
34.18,09-22-2026 21:34:10:620,150726,173430
34.19,09-22-2026 21:34:10:630,150698,173428
34.2,09-22-2026 21:34:10:640,150727,173420
34.21,09-22-2026 21:34:10:650,150695,173420
34.22,09-22-2026 21:34:10:660,150710,173413
34.23,09-22-2026 21:34:10:670,150692,173424
34.24,09-22-2026 21:34:10:680,150720,173425
34.25,09-22-2026 21:34:10:690,150689,173439
34.26,09-22-2026 21:34:10:700,150726,173408
34.27,09-22-2026 21:34:10:710,150704,173412
34.28,09-22-2026 21:34:10:720,150738,173423
34.29,09-22-2026 21:34:10:730,150714,173421
34.3,09-22-2026 21:34:10:740,150745,173430
34.31,09-22-2026 21:34:10:750,150727,173443
34.32,09-22-2026 21:34:10:760,150753,173444
34.33,09-22-2026 21:34:10:770,150748,173438
34.34,09-22-2026 21:34:10:780,150765,173440
34.35,09-22-2026 21:34:10:790,150736,173427
34.36,09-22-2026 21:34:10:800,150766,173437
34.37,09-22-2026 21:34:10:810,150733,173440
34.38,09-22-2026 21:34:10:820,150749,173435
34.39,09-22-2026 21:34:10:830,150748,173447
34.4,09-22-2026 21:34:10:840,150786,173424
34.41,09-22-2026 21:34:10:850,150750,173421
34.42,09-22-2026 21:34:10:860,150744,173455
34.43,09-22-2026 21:34:10:870,150749,173419
34.44,09-22-2026 21:34:10:880,150726,173434
34.45,09-22-2026 21:34:10:890,150752,173447
34.46,09-22-2026 21:34:10:900,150741,173424
34.47,09-22-2026 21:34:10:910,150733,173434
34.48,09-22-2026 21:34:10:920,150740,173417
34.49,09-22-2026 21:34:10:930,150738,173438
34.5,09-22-2026 21:34:10:940,150730,173460
34.51,09-22-2026 21:34:10:950,150721,173440
34.52,09-22-2026 21:34:10:960,150718,173439
34.53,09-22-2026 21:34:10:970,150717,173444
34.54,09-22-2026 21:34:10:980,150731,173448
34.55,09-22-2026 21:34:10:990,150723,173436
34.56,09-22-2026 21:34:11:000,150716,173448
34.57,09-22-2026 21:34:11:010,150709,173445
34.58,09-22-2026 21:34:11:020,150726,173455
34.59,09-22-2026 21:34:11:030,150706,173447
34.6,09-22-2026 21:34:11:040,150706,173462
34.61,09-22-2026 21:34:11:050,150703,173445
34.62,09-22-2026 21:34:11:060,150708,173480
34.63,09-22-2026 21:34:11:070,150725,173498
34.64,09-22-2026 21:34:11:080,150726,173514
34.65,09-22-2026 21:34:11:090,150721,173491
34.66,09-22-2026 21:34:11:100,150718,173473
34.67,09-22-2026 21:34:11:110,150722,173479
34.68,09-22-2026 21:34:11:120,150737,173483
34.69,09-22-2026 21:34:11:130,150730,173475
34.7,09-22-2026 21:34:11:140,150705,173472
34.71,09-22-2026 21:34:11:150,150713,173480
34.72,09-22-2026 21:34:11:160,150731,173481
34.73,09-22-2026 21:34:11:170,150724,173464
34.74,09-22-2026 21:34:11:180,150730,173473
34.75,09-22-2026 21:34:11:190,150728,173478
34.76,09-22-2026 21:34:11:200,150720,173492
34.77,09-22-2026 21:34:11:210,150720,173474
34.78,09-22-2026 21:34:11:220,150741,173467
34.79,09-22-2026 21:34:11:230,150704,173473
34.8,09-22-2026 21:34:11:240,150732,173464
34.81,09-22-2026 21:34:11:250,150736,173454
34.82,09-22-2026 21:34:11:260,150727,173464
34.83,09-22-2026 21:34:11:270,150725,173456
34.84,09-22-2026 21:34:11:280,150716,173466
34.85,09-22-2026 21:34:11:290,150728,173453
34.86,09-22-2026 21:34:11:300,150722,173456
34.87,09-22-2026 21:34:11:310,150708,173461
34.88,09-22-2026 21:34:11:320,150730,173490
34.89,09-22-2026 21:34:11:330,150722,173427
34.9,09-22-2026 21:34:11:340,150738,173427
34.91,09-22-2026 21:34:11:350,150715,173477
34.92,09-22-2026 21:34:11:360,150727,173436
34.93,09-22-2026 21:34:11:370,150704,173487
34.94,09-22-2026 21:34:11:380,150722,173451
34.95,09-22-2026 21:34:11:390,150734,173468
34.96,09-22-2026 21:34:11:400,150719,173444
34.97,09-22-2026 21:34:11:410,150740,173477
34.98,09-22-2026 21:34:11:420,150730,173433
34.99,09-22-2026 21:34:11:430,150719,173456
35,09-22-2026 21:34:11:440,150730,173453
35.01,09-22-2026 21:34:11:450,150731,173467
35.02,09-22-2026 21:34:11:460,150727,173454
35.03,09-22-2026 21:34:11:470,150722,173469
35.04,09-22-2026 21:34:11:480,150720,173435
35.05,09-22-2026 21:34:11:490,150708,173484
35.06,09-22-2026 21:34:11:500,150716,173424
35.07,09-22-2026 21:34:11:510,150712,173480
35.08,09-22-2026 21:34:11:520,150711,173416
35.09,09-22-2026 21:34:11:530,150721,173491
35.1,09-22-2026 21:34:11:540,150732,173418
35.11,09-22-2026 21:34:11:550,150735,173481
35.12,09-22-2026 21:34:11:560,150730,173433
35.13,09-22-2026 21:34:11:570,150708,173492
35.14,09-22-2026 21:34:11:580,150725,173409
35.15,09-22-2026 21:34:11:590,150729,173496
35.16,09-22-2026 21:34:11:600,150721,173429
35.17,09-22-2026 21:34:11:610,150727,173483
35.18,09-22-2026 21:34:11:620,150727,173410
35.19,09-22-2026 21:34:11:630,150739,173483
35.2,09-22-2026 21:34:11:640,150711,173434
35.21,09-22-2026 21:34:11:650,150738,173477
35.22,09-22-2026 21:34:11:660,150760,173429
35.23,09-22-2026 21:34:11:670,150735,173469
35.24,09-22-2026 21:34:11:680,150735,173431
35.25,09-22-2026 21:34:11:690,150739,173474
35.26,09-22-2026 21:34:11:700,150736,173453
35.27,09-22-2026 21:34:11:710,150745,173486
35.28,09-22-2026 21:34:11:720,150736,173453
35.29,09-22-2026 21:34:11:730,150730,173483
35.3,09-22-2026 21:34:11:740,150741,173459
35.31,09-22-2026 21:34:11:750,150756,173488
35.32,09-22-2026 21:34:11:760,150741,173469
35.33,09-22-2026 21:34:11:770,150749,173492
35.34,09-22-2026 21:34:11:780,150758,173454
35.35,09-22-2026 21:34:11:790,150748,173481
35.36,09-22-2026 21:34:11:800,150759,173478
35.37,09-22-2026 21:34:11:810,150744,173450
35.38,09-22-2026 21:34:11:820,150747,173477
35.39,09-22-2026 21:34:11:830,150753,173478
35.4,09-22-2026 21:34:11:840,150726,173480
35.41,09-22-2026 21:34:11:850,150739,173479
35.42,09-22-2026 21:34:11:860,150749,173484
35.43,09-22-2026 21:34:11:870,150726,173476
35.44,09-22-2026 21:34:11:880,150724,173486
35.45,09-22-2026 21:34:11:890,150723,173482
35.46,09-22-2026 21:34:11:900,150745,173484
35.47,09-22-2026 21:34:11:910,150722,173470
35.48,09-22-2026 21:34:11:920,150732,173502
35.49,09-22-2026 21:34:11:930,150714,173464
35.5,09-22-2026 21:34:11:940,150728,173483
35.51,09-22-2026 21:34:11:950,150705,173472
35.52,09-22-2026 21:34:11:960,150715,173501
35.53,09-22-2026 21:34:11:970,150730,173491
35.54,09-22-2026 21:34:11:980,150718,173502
35.55,09-22-2026 21:34:11:990,150744,173493
35.56,09-22-2026 21:34:12:000,150717,173496
35.57,09-22-2026 21:34:12:010,150701,173473
35.58,09-22-2026 21:34:12:020,150708,173511
35.59,09-22-2026 21:34:12:030,150716,173477
35.6,09-22-2026 21:34:12:040,150713,173502
35.61,09-22-2026 21:34:12:050,150714,173483
35.62,09-22-2026 21:34:12:060,150712,173516
35.63,09-22-2026 21:34:12:070,150717,173475
35.64,09-22-2026 21:34:12:080,150716,173503
35.65,09-22-2026 21:34:12:090,150714,173477
35.66,09-22-2026 21:34:12:100,150710,173524
35.67,09-22-2026 21:34:12:110,150727,173474
35.68,09-22-2026 21:34:12:120,150711,173495
35.69,09-22-2026 21:34:12:130,150714,173474
35.7,09-22-2026 21:34:12:140,150710,173511
35.71,09-22-2026 21:34:12:150,150714,173482
35.72,09-22-2026 21:34:12:160,150703,173502
35.73,09-22-2026 21:34:12:170,150717,173460
35.74,09-22-2026 21:34:12:180,150709,173509
35.75,09-22-2026 21:34:12:190,150729,173484
35.76,09-22-2026 21:34:12:200,150701,173505
35.77,09-22-2026 21:34:12:210,150710,173474
35.78,09-22-2026 21:34:12:220,150725,173485
35.79,09-22-2026 21:34:12:230,150704,173469
35.8,09-22-2026 21:34:12:240,150709,173499
35.81,09-22-2026 21:34:12:250,150730,173478
35.82,09-22-2026 21:34:12:260,150728,173512
35.83,09-22-2026 21:34:12:270,150725,173463
35.84,09-22-2026 21:34:12:280,150720,173452
35.85,09-22-2026 21:34:12:290,150719,173465
35.86,09-22-2026 21:34:12:300,150694,173463
35.87,09-22-2026 21:34:12:310,150718,173464
35.88,09-22-2026 21:34:12:320,150720,173466
35.89,09-22-2026 21:34:12:330,150720,173485
35.9,09-22-2026 21:34:12:340,150719,173477
35.91,09-22-2026 21:34:12:350,150719,173456
35.92,09-22-2026 21:34:12:360,150707,173445
35.93,09-22-2026 21:34:12:370,150723,173459
35.94,09-22-2026 21:34:12:380,150715,173476
35.95,09-22-2026 21:34:12:390,150726,173460
35.96,09-22-2026 21:34:12:400,150718,173477
35.97,09-22-2026 21:34:12:410,150719,173469
35.98,09-22-2026 21:34:12:420,150721,173458
35.99,09-22-2026 21:34:12:430,150729,173476
36,09-22-2026 21:34:12:440,150713,173487
36.01,09-22-2026 21:34:12:450,150717,173471
36.02,09-22-2026 21:34:12:460,150713,173482
36.03,09-22-2026 21:34:12:470,150710,173469
36.04,09-22-2026 21:34:12:480,150695,173470
36.05,09-22-2026 21:34:12:490,150725,173476
36.06,09-22-2026 21:34:12:500,150695,173460
36.07,09-22-2026 21:34:12:510,150722,173475
36.08,09-22-2026 21:34:12:520,150698,173459
36.09,09-22-2026 21:34:12:530,150737,173465
36.1,09-22-2026 21:34:12:540,150685,173475
36.11,09-22-2026 21:34:12:550,150732,173462
36.12,09-22-2026 21:34:12:560,150687,173467
36.13,09-22-2026 21:34:12:570,150737,173464
36.14,09-22-2026 21:34:12:580,150686,173482
36.15,09-22-2026 21:34:12:590,150732,173470
36.16,09-22-2026 21:34:12:600,150690,173464
36.17,09-22-2026 21:34:12:610,150742,173477
36.18,09-22-2026 21:34:12:620,150693,173474
36.19,09-22-2026 21:34:12:630,150732,173489
36.2,09-22-2026 21:34:12:640,150690,173466
36.21,09-22-2026 21:34:12:650,150741,173459
36.22,09-22-2026 21:34:12:660,150700,173469
36.23,09-22-2026 21:34:12:670,150737,173471
36.24,09-22-2026 21:34:12:680,150685,173465
36.25,09-22-2026 21:34:12:690,150737,173484
36.26,09-22-2026 21:34:12:700,150685,173475
36.27,09-22-2026 21:34:12:710,150713,173470
36.28,09-22-2026 21:34:12:720,150695,173468
36.29,09-22-2026 21:34:12:730,150724,173453
36.3,09-22-2026 21:34:12:740,150695,173476
36.31,09-22-2026 21:34:12:750,150740,173474
36.32,09-22-2026 21:34:12:760,150694,173463
36.33,09-22-2026 21:34:12:770,150713,173440
36.34,09-22-2026 21:34:12:780,150686,173451
36.35,09-22-2026 21:34:12:790,150716,173450
36.36,09-22-2026 21:34:12:800,150673,173465
36.37,09-22-2026 21:34:12:810,150711,173458
36.38,09-22-2026 21:34:12:820,150686,173482
36.39,09-22-2026 21:34:12:830,150710,173482
36.4,09-22-2026 21:34:12:840,150722,173472
36.41,09-22-2026 21:34:12:850,150719,173480
36.42,09-22-2026 21:34:12:860,150718,173471
36.43,09-22-2026 21:34:12:870,150706,173471
36.44,09-22-2026 21:34:12:880,150732,173470
36.45,09-22-2026 21:34:12:890,150703,173464
36.46,09-22-2026 21:34:12:900,150713,173470
36.47,09-22-2026 21:34:12:910,150701,173463
36.48,09-22-2026 21:34:12:920,150721,173475
36.49,09-22-2026 21:34:12:930,150716,173467
36.5,09-22-2026 21:34:12:940,150723,173471
36.51,09-22-2026 21:34:12:950,150722,173474
36.52,09-22-2026 21:34:12:960,150726,173474
36.53,09-22-2026 21:34:12:970,150706,173497
36.54,09-22-2026 21:34:12:980,150713,173476
36.55,09-22-2026 21:34:12:990,150706,173463
36.56,09-22-2026 21:34:13:000,150731,173477
36.57,09-22-2026 21:34:13:010,150706,173479
36.58,09-22-2026 21:34:13:020,150720,173471
36.59,09-22-2026 21:34:13:030,150712,173472
36.6,09-22-2026 21:34:13:040,150722,173482
36.61,09-22-2026 21:34:13:050,150698,173466
36.62,09-22-2026 21:34:13:060,150732,173477
36.63,09-22-2026 21:34:13:070,150704,173485
36.64,09-22-2026 21:34:13:080,150733,173475
36.65,09-22-2026 21:34:13:090,150704,173492
36.66,09-22-2026 21:34:13:100,150725,173467
36.67,09-22-2026 21:34:13:110,150719,173479
36.68,09-22-2026 21:34:13:120,150754,173462
36.69,09-22-2026 21:34:13:130,150711,173477
36.7,09-22-2026 21:34:13:140,150759,173455
36.71,09-22-2026 21:34:13:150,150718,173490
36.72,09-22-2026 21:34:13:160,150748,173479
36.73,09-22-2026 21:34:13:170,150710,173467
36.74,09-22-2026 21:34:13:180,150745,173466
36.75,09-22-2026 21:34:13:190,150726,173467
36.76,09-22-2026 21:34:13:200,150763,173464
36.77,09-22-2026 21:34:13:210,150723,173477
36.78,09-22-2026 21:34:13:220,150750,173483
36.79,09-22-2026 21:34:13:230,150719,173475
36.8,09-22-2026 21:34:13:240,150726,173458
36.81,09-22-2026 21:34:13:250,150705,173460
36.82,09-22-2026 21:34:13:260,150746,173475
36.83,09-22-2026 21:34:13:270,150721,173479
36.84,09-22-2026 21:34:13:280,150722,173464
36.85,09-22-2026 21:34:13:290,150718,173492
36.86,09-22-2026 21:34:13:300,150735,173476
36.87,09-22-2026 21:34:13:310,150721,173464
36.88,09-22-2026 21:34:13:320,150755,173448
36.89,09-22-2026 21:34:13:330,150738,173460
36.9,09-22-2026 21:34:13:340,150751,173465
36.91,09-22-2026 21:34:13:350,150742,173447
36.92,09-22-2026 21:34:13:360,150733,173461
36.93,09-22-2026 21:34:13:370,150742,173449
36.94,09-22-2026 21:34:13:380,150745,173471
36.95,09-22-2026 21:34:13:390,150735,173457
36.96,09-22-2026 21:34:13:400,150734,173459
36.97,09-22-2026 21:34:13:410,150745,173445
36.98,09-22-2026 21:34:13:420,150733,173464
36.99,09-22-2026 21:34:13:430,150730,173439
37,09-22-2026 21:34:13:440,150750,173471
37.01,09-22-2026 21:34:13:450,150738,173475
37.02,09-22-2026 21:34:13:460,150751,173481
37.03,09-22-2026 21:34:13:470,150767,173466
37.04,09-22-2026 21:34:13:480,150754,173454
37.05,09-22-2026 21:34:13:490,150750,173449
37.06,09-22-2026 21:34:13:500,150754,173461
37.07,09-22-2026 21:34:13:510,150750,173463
37.08,09-22-2026 21:34:13:520,150744,173473
37.09,09-22-2026 21:34:13:530,150748,173475
37.1,09-22-2026 21:34:13:540,150740,173468
37.11,09-22-2026 21:34:13:550,150744,173462
37.12,09-22-2026 21:34:13:560,150722,173461
37.13,09-22-2026 21:34:13:570,150737,173480
37.14,09-22-2026 21:34:13:580,150725,173467
37.15,09-22-2026 21:34:13:590,150713,173452
37.16,09-22-2026 21:34:13:600,150735,173461
37.17,09-22-2026 21:34:13:610,150731,173466
37.18,09-22-2026 21:34:13:620,150733,173484
37.19,09-22-2026 21:34:13:630,150718,173458
37.2,09-22-2026 21:34:13:640,150722,173465
37.21,09-22-2026 21:34:13:650,150724,173457
37.22,09-22-2026 21:34:13:660,150747,173478
37.23,09-22-2026 21:34:13:670,150735,173478
37.24,09-22-2026 21:34:13:680,150728,173473
37.25,09-22-2026 21:34:13:690,150736,173478
37.26,09-22-2026 21:34:13:700,150744,173470
37.27,09-22-2026 21:34:13:710,150732,173484
37.28,09-22-2026 21:34:13:720,150756,173490
37.29,09-22-2026 21:34:13:730,150731,173460
37.3,09-22-2026 21:34:13:740,150724,173467
37.31,09-22-2026 21:34:13:750,150735,173474
37.32,09-22-2026 21:34:13:760,150726,173487
37.33,09-22-2026 21:34:13:770,150740,173460
37.34,09-22-2026 21:34:13:780,150738,173474
37.35,09-22-2026 21:34:13:790,150741,173469
37.36,09-22-2026 21:34:13:800,150734,173480
37.37,09-22-2026 21:34:13:810,150754,173462
37.38,09-22-2026 21:34:13:820,150761,173499
37.39,09-22-2026 21:34:13:830,150749,173456
37.4,09-22-2026 21:34:13:840,150750,173486
37.41,09-22-2026 21:34:13:850,150741,173441
37.42,09-22-2026 21:34:13:860,150756,173472
37.43,09-22-2026 21:34:13:870,150741,173443
37.44,09-22-2026 21:34:13:880,150755,173471
37.45,09-22-2026 21:34:13:890,150735,173456
37.46,09-22-2026 21:34:13:900,150761,173474
37.47,09-22-2026 21:34:13:910,150733,173439
37.48,09-22-2026 21:34:13:920,150753,173482
37.49,09-22-2026 21:34:13:930,150747,173436
37.5,09-22-2026 21:34:13:940,150755,173495
37.51,09-22-2026 21:34:13:950,150747,173459
37.52,09-22-2026 21:34:13:960,150746,173480
37.53,09-22-2026 21:34:13:970,150750,173454
37.54,09-22-2026 21:34:13:980,150759,173502
37.55,09-22-2026 21:34:13:990,150764,173438
37.56,09-22-2026 21:34:14:000,150763,173484
37.57,09-22-2026 21:34:14:010,150756,173478
37.58,09-22-2026 21:34:14:020,150751,173503
37.59,09-22-2026 21:34:14:030,150764,173469
37.6,09-22-2026 21:34:14:040,150757,173508
37.61,09-22-2026 21:34:14:050,150762,173469
37.62,09-22-2026 21:34:14:060,150754,173495
37.63,09-22-2026 21:34:14:070,150749,173452
37.64,09-22-2026 21:34:14:080,150762,173508
37.65,09-22-2026 21:34:14:090,150735,173464
37.66,09-22-2026 21:34:14:100,150764,173503
37.67,09-22-2026 21:34:14:110,150767,173457
37.68,09-22-2026 21:34:14:120,150753,173518
37.69,09-22-2026 21:34:14:130,150765,173461
37.7,09-22-2026 21:34:14:140,150773,173495
37.71,09-22-2026 21:34:14:150,150761,173466
37.72,09-22-2026 21:34:14:160,150781,173510
37.73,09-22-2026 21:34:14:170,150762,173476
37.74,09-22-2026 21:34:14:180,150758,173506
37.75,09-22-2026 21:34:14:190,150766,173475
37.76,09-22-2026 21:34:14:200,150766,173516
37.77,09-22-2026 21:34:14:210,150756,173477
37.78,09-22-2026 21:34:14:220,150764,173495
37.79,09-22-2026 21:34:14:230,150759,173474
37.8,09-22-2026 21:34:14:240,150759,173496
37.81,09-22-2026 21:34:14:250,150764,173465
37.82,09-22-2026 21:34:14:260,150779,173510
37.83,09-22-2026 21:34:14:270,150780,173503
37.84,09-22-2026 21:34:14:280,150779,173498
37.85,09-22-2026 21:34:14:290,150766,173518
37.86,09-22-2026 21:34:14:300,150763,173500
37.87,09-22-2026 21:34:14:310,150773,173506
37.88,09-22-2026 21:34:14:320,150772,173500
37.89,09-22-2026 21:34:14:330,150781,173513
37.9,09-22-2026 21:34:14:340,150779,173513
37.91,09-22-2026 21:34:14:350,150771,173536
37.92,09-22-2026 21:34:14:360,150770,173519
37.93,09-22-2026 21:34:14:370,150785,173518
37.94,09-22-2026 21:34:14:380,150803,173502
37.95,09-22-2026 21:34:14:390,150787,173533
37.96,09-22-2026 21:34:14:400,150781,173522
37.97,09-22-2026 21:34:14:410,150770,173542
37.98,09-22-2026 21:34:14:420,150764,173517
37.99,09-22-2026 21:34:14:430,150784,173545
38,09-22-2026 21:34:14:440,150777,173512
38.01,09-22-2026 21:34:14:450,150791,173520
38.02,09-22-2026 21:34:14:460,150783,173518
38.03,09-22-2026 21:34:14:470,150773,173544
38.04,09-22-2026 21:34:14:480,150783,173508
38.05,09-22-2026 21:34:14:490,150788,173546
38.06,09-22-2026 21:34:14:500,150784,173525
38.07,09-22-2026 21:34:14:510,150784,173554
38.08,09-22-2026 21:34:14:520,150788,173508
38.09,09-22-2026 21:34:14:530,150795,173546
38.1,09-22-2026 21:34:14:540,150807,173504
38.11,09-22-2026 21:34:14:550,150781,173551
38.12,09-22-2026 21:34:14:560,150785,173512
38.13,09-22-2026 21:34:14:570,150775,173557
38.14,09-22-2026 21:34:14:580,150765,173518
38.15,09-22-2026 21:34:14:590,150776,173533
38.16,09-22-2026 21:34:14:600,150775,173500
38.17,09-22-2026 21:34:14:610,150768,173531
38.18,09-22-2026 21:34:14:620,150763,173494
38.19,09-22-2026 21:34:14:630,150769,173533
38.2,09-22-2026 21:34:14:640,150761,173518
38.21,09-22-2026 21:34:14:650,150767,173522
38.22,09-22-2026 21:34:14:660,150769,173505
38.23,09-22-2026 21:34:14:670,150764,173525
38.24,09-22-2026 21:34:14:680,150761,173501
38.25,09-22-2026 21:34:14:690,150760,173535
38.26,09-22-2026 21:34:14:700,150761,173510
38.27,09-22-2026 21:34:14:710,150746,173516
38.28,09-22-2026 21:34:14:720,150745,173510
38.29,09-22-2026 21:34:14:730,150740,173513
38.3,09-22-2026 21:34:14:740,150749,173518
38.31,09-22-2026 21:34:14:750,150741,173504
38.32,09-22-2026 21:34:14:760,150752,173502
38.33,09-22-2026 21:34:14:770,150739,173529
38.34,09-22-2026 21:34:14:780,150759,173507
38.35,09-22-2026 21:34:14:790,150718,173516
38.36,09-22-2026 21:34:14:800,150751,173502
38.37,09-22-2026 21:34:14:810,150721,173551
38.38,09-22-2026 21:34:14:820,150756,173526
38.39,09-22-2026 21:34:14:830,150714,173523
38.4,09-22-2026 21:34:14:840,150752,173510
38.41,09-22-2026 21:34:14:850,150728,173522
38.42,09-22-2026 21:34:14:860,150755,173512
38.43,09-22-2026 21:34:14:870,150721,173502
38.44,09-22-2026 21:34:14:880,150750,173495
38.45,09-22-2026 21:34:14:890,150716,173507
38.46,09-22-2026 21:34:14:900,150737,173510
38.47,09-22-2026 21:34:14:910,150703,173517
38.48,09-22-2026 21:34:14:920,150741,173523
38.49,09-22-2026 21:34:14:930,150714,173509
38.5,09-22-2026 21:34:14:940,150752,173505
38.51,09-22-2026 21:34:14:950,150715,173515
38.52,09-22-2026 21:34:14:960,150739,173521
38.53,09-22-2026 21:34:14:970,150698,173502
38.54,09-22-2026 21:34:14:980,150764,173502
38.55,09-22-2026 21:34:14:990,150729,173494
38.56,09-22-2026 21:34:15:000,150776,173493
38.57,09-22-2026 21:34:15:010,150729,173504
38.58,09-22-2026 21:34:15:020,150770,173519
38.59,09-22-2026 21:34:15:030,150735,173508
38.6,09-22-2026 21:34:15:040,150752,173494
38.61,09-22-2026 21:34:15:050,150726,173503
38.62,09-22-2026 21:34:15:060,150758,173516
38.63,09-22-2026 21:34:15:070,150734,173517
38.64,09-22-2026 21:34:15:080,150765,173509
38.65,09-22-2026 21:34:15:090,150735,173503
38.66,09-22-2026 21:34:15:100,150754,173513
38.67,09-22-2026 21:34:15:110,150768,173507
38.68,09-22-2026 21:34:15:120,150767,173489
38.69,09-22-2026 21:34:15:130,150762,173494
38.7,09-22-2026 21:34:15:140,150760,173510
38.71,09-22-2026 21:34:15:150,150781,173519
38.72,09-22-2026 21:34:15:160,150760,173504
38.73,09-22-2026 21:34:15:170,150783,173502
38.74,09-22-2026 21:34:15:180,150761,173494
38.75,09-22-2026 21:34:15:190,150787,173501
38.76,09-22-2026 21:34:15:200,150766,173510
38.77,09-22-2026 21:34:15:210,150774,173506
38.78,09-22-2026 21:34:15:220,150778,173507
38.79,09-22-2026 21:34:15:230,150802,173484
38.8,09-22-2026 21:34:15:240,150778,173512
38.81,09-22-2026 21:34:15:250,150799,173503
38.82,09-22-2026 21:34:15:260,150760,173512
38.83,09-22-2026 21:34:15:270,150783,173492
38.84,09-22-2026 21:34:15:280,150778,173504
38.85,09-22-2026 21:34:15:290,150793,173507
38.86,09-22-2026 21:34:15:300,150787,173522
38.87,09-22-2026 21:34:15:310,150804,173504
38.88,09-22-2026 21:34:15:320,150783,173509
38.89,09-22-2026 21:34:15:330,150801,173508
38.9,09-22-2026 21:34:15:340,150768,173511
38.91,09-22-2026 21:34:15:350,150800,173505
38.92,09-22-2026 21:34:15:360,150770,173489
38.93,09-22-2026 21:34:15:370,150815,173497
38.94,09-22-2026 21:34:15:380,150780,173500
38.95,09-22-2026 21:34:15:390,150820,173486
38.96,09-22-2026 21:34:15:400,150780,173514
38.97,09-22-2026 21:34:15:410,150812,173506
38.98,09-22-2026 21:34:15:420,150799,173507
38.99,09-22-2026 21:34:15:430,150790,173509
39,09-22-2026 21:34:15:440,150778,173503
39.01,09-22-2026 21:34:15:450,150798,173500
39.02,09-22-2026 21:34:15:460,150765,173504
39.03,09-22-2026 21:34:15:470,150776,173496
39.04,09-22-2026 21:34:15:480,150756,173500
39.05,09-22-2026 21:34:15:490,150786,173494
39.06,09-22-2026 21:34:15:500,150768,173509
39.07,09-22-2026 21:34:15:510,150758,173500
39.08,09-22-2026 21:34:15:520,150754,173508
39.09,09-22-2026 21:34:15:530,150741,173505
39.1,09-22-2026 21:34:15:540,150749,173502
39.11,09-22-2026 21:34:15:550,150755,173509
39.12,09-22-2026 21:34:15:560,150759,173490
39.13,09-22-2026 21:34:15:570,150747,173509
39.14,09-22-2026 21:34:15:580,150755,173517
39.15,09-22-2026 21:34:15:590,150755,173503
39.16,09-22-2026 21:34:15:600,150765,173498
39.17,09-22-2026 21:34:15:610,150779,173506
39.18,09-22-2026 21:34:15:620,150809,173506
39.19,09-22-2026 21:34:15:630,150851,173513
39.2,09-22-2026 21:34:15:640,150885,173499
39.21,09-22-2026 21:34:15:650,150886,173495
39.22,09-22-2026 21:34:15:660,150880,173503
39.23,09-22-2026 21:34:15:670,150868,173497
39.24,09-22-2026 21:34:15:680,150875,173490
39.25,09-22-2026 21:34:15:690,150859,173498
39.26,09-22-2026 21:34:15:700,150856,173489
39.27,09-22-2026 21:34:15:710,150877,173506
39.28,09-22-2026 21:34:15:720,150845,173498
39.29,09-22-2026 21:34:15:730,150852,173505
39.3,09-22-2026 21:34:15:740,150858,173506
39.31,09-22-2026 21:34:15:750,150853,173503
39.32,09-22-2026 21:34:15:760,150853,173499
39.33,09-22-2026 21:34:15:770,150842,173506
39.34,09-22-2026 21:34:15:780,150854,173497
39.35,09-22-2026 21:34:15:790,150858,173506
39.36,09-22-2026 21:34:15:800,150851,173485
39.37,09-22-2026 21:34:15:810,150856,173497
39.38,09-22-2026 21:34:15:820,150862,173474
39.39,09-22-2026 21:34:15:830,150857,173469
39.4,09-22-2026 21:34:15:840,150875,173473
39.41,09-22-2026 21:34:15:850,150862,173472
39.42,09-22-2026 21:34:15:860,150861,173483
39.43,09-22-2026 21:34:15:870,150880,173487
39.44,09-22-2026 21:34:15:880,150858,173474
39.45,09-22-2026 21:34:15:890,150872,173477
39.46,09-22-2026 21:34:15:900,150871,173477
39.47,09-22-2026 21:34:15:910,150870,173466
39.48,09-22-2026 21:34:15:920,150880,173481
39.49,09-22-2026 21:34:15:930,150869,173462
39.5,09-22-2026 21:34:15:940,150874,173439
39.51,09-22-2026 21:34:15:950,150888,173441
39.52,09-22-2026 21:34:15:960,150880,173430
39.53,09-22-2026 21:34:15:970,150871,173432
39.54,09-22-2026 21:34:15:980,150898,173402
39.55,09-22-2026 21:34:15:990,150881,173452
39.56,09-22-2026 21:34:16:000,150893,173395
39.57,09-22-2026 21:34:16:010,150894,173461
39.58,09-22-2026 21:34:16:020,150897,173397
39.59,09-22-2026 21:34:16:030,150887,173457
39.6,09-22-2026 21:34:16:040,150880,173408
39.61,09-22-2026 21:34:16:050,150903,173450
39.62,09-22-2026 21:34:16:060,150902,173400
39.63,09-22-2026 21:34:16:070,150887,173442
39.64,09-22-2026 21:34:16:080,150883,173401
39.65,09-22-2026 21:34:16:090,150895,173425
39.66,09-22-2026 21:34:16:100,150888,173375
39.67,09-22-2026 21:34:16:110,150905,173449
39.68,09-22-2026 21:34:16:120,150914,173375
39.69,09-22-2026 21:34:16:130,150893,173438
39.7,09-22-2026 21:34:16:140,150902,173395
39.71,09-22-2026 21:34:16:150,150911,173429
39.72,09-22-2026 21:34:16:160,150916,173389
39.73,09-22-2026 21:34:16:170,150892,173455
39.74,09-22-2026 21:34:16:180,150911,173418
39.75,09-22-2026 21:34:16:190,150899,173443
39.76,09-22-2026 21:34:16:200,150873,173415
39.77,09-22-2026 21:34:16:210,150913,173456
39.78,09-22-2026 21:34:16:220,150921,173417
39.79,09-22-2026 21:34:16:230,150916,173452
39.8,09-22-2026 21:34:16:240,150910,173391
39.81,09-22-2026 21:34:16:250,150906,173455
39.82,09-22-2026 21:34:16:260,150905,173414
39.83,09-22-2026 21:34:16:270,150907,173450
39.84,09-22-2026 21:34:16:280,150912,173458
39.85,09-22-2026 21:34:16:290,150921,173451
39.86,09-22-2026 21:34:16:300,150902,173464
39.87,09-22-2026 21:34:16:310,150905,173459
39.88,09-22-2026 21:34:16:320,150901,173457
39.89,09-22-2026 21:34:16:330,150895,173448
39.9,09-22-2026 21:34:16:340,150913,173462
39.91,09-22-2026 21:34:16:350,150941,173459
39.92,09-22-2026 21:34:16:360,150922,173455
39.93,09-22-2026 21:34:16:370,150918,173458
39.94,09-22-2026 21:34:16:380,150918,173478
39.95,09-22-2026 21:34:16:390,150923,173450
39.96,09-22-2026 21:34:16:400,150901,173494
39.97,09-22-2026 21:34:16:410,150916,173462
39.98,09-22-2026 21:34:16:420,150905,173474
39.99,09-22-2026 21:34:16:430,150905,173474
40,09-22-2026 21:34:16:440,150897,173490
40.01,09-22-2026 21:34:16:450,150906,173456
40.02,09-22-2026 21:34:16:460,150897,173468
40.03,09-22-2026 21:34:16:470,150884,173455
40.04,09-22-2026 21:34:16:480,150894,173492
40.05,09-22-2026 21:34:16:490,150880,173471
40.06,09-22-2026 21:34:16:500,150878,173496
40.07,09-22-2026 21:34:16:510,150871,173473
40.08,09-22-2026 21:34:16:520,150893,173502
40.09,09-22-2026 21:34:16:530,150893,173473
40.1,09-22-2026 21:34:16:540,150875,173505
40.11,09-22-2026 21:34:16:550,150880,173470
40.12,09-22-2026 21:34:16:560,150883,173502
40.13,09-22-2026 21:34:16:570,150883,173467
40.14,09-22-2026 21:34:16:580,150881,173500
40.15,09-22-2026 21:34:16:590,150865,173458
40.16,09-22-2026 21:34:16:600,150874,173495
40.17,09-22-2026 21:34:16:610,150884,173475
40.18,09-22-2026 21:34:16:620,150883,173499
40.19,09-22-2026 21:34:16:630,150874,173467
40.2,09-22-2026 21:34:16:640,150870,173504
40.21,09-22-2026 21:34:16:650,150872,173465
40.22,09-22-2026 21:34:16:660,150860,173483
40.23,09-22-2026 21:34:16:670,150892,173444
40.24,09-22-2026 21:34:16:680,150870,173472
40.25,09-22-2026 21:34:16:690,150901,173444
40.26,09-22-2026 21:34:16:700,150882,173456
40.27,09-22-2026 21:34:16:710,150891,173473
40.28,09-22-2026 21:34:16:720,150886,173478
40.29,09-22-2026 21:34:16:730,150908,173451
40.3,09-22-2026 21:34:16:740,150883,173465
40.31,09-22-2026 21:34:16:750,150912,173435
40.32,09-22-2026 21:34:16:760,150862,173456
40.33,09-22-2026 21:34:16:770,150905,173447
40.34,09-22-2026 21:34:16:780,150885,173443
40.35,09-22-2026 21:34:16:790,150900,173447
40.36,09-22-2026 21:34:16:800,150860,173470
40.37,09-22-2026 21:34:16:810,150914,173453
40.38,09-22-2026 21:34:16:820,150863,173452
40.39,09-22-2026 21:34:16:830,150888,173448
40.4,09-22-2026 21:34:16:840,150866,173449
40.41,09-22-2026 21:34:16:850,150895,173453
40.42,09-22-2026 21:34:16:860,150854,173452
40.43,09-22-2026 21:34:16:870,150886,173457
40.44,09-22-2026 21:34:16:880,150865,173447
40.45,09-22-2026 21:34:16:890,150895,173470
40.46,09-22-2026 21:34:16:900,150871,173464
40.47,09-22-2026 21:34:16:910,150902,173459
40.48,09-22-2026 21:34:16:920,150874,173459
40.49,09-22-2026 21:34:16:930,150909,173439
40.5,09-22-2026 21:34:16:940,150871,173450
40.51,09-22-2026 21:34:16:950,150906,173443
40.52,09-22-2026 21:34:16:960,150850,173444
40.53,09-22-2026 21:34:16:970,150904,173464
40.54,09-22-2026 21:34:16:980,150869,173458
40.55,09-22-2026 21:34:16:990,150891,173448
40.56,09-22-2026 21:34:17:000,150863,173464
40.57,09-22-2026 21:34:17:010,150890,173461
40.58,09-22-2026 21:34:17:020,150861,173459
40.59,09-22-2026 21:34:17:030,150880,173450
40.6,09-22-2026 21:34:17:040,150875,173453
40.61,09-22-2026 21:34:17:050,150910,173457
40.62,09-22-2026 21:34:17:060,150888,173452
40.63,09-22-2026 21:34:17:070,150896,173455
40.64,09-22-2026 21:34:17:080,150914,173454
40.65,09-22-2026 21:34:17:090,150889,173464
40.66,09-22-2026 21:34:17:100,150917,173457
40.67,09-22-2026 21:34:17:110,150901,173465
40.68,09-22-2026 21:34:17:120,150925,173446
40.69,09-22-2026 21:34:17:130,150911,173471
40.7,09-22-2026 21:34:17:140,150941,173460
40.71,09-22-2026 21:34:17:150,150908,173459
40.72,09-22-2026 21:34:17:160,150935,173450
40.73,09-22-2026 21:34:17:170,150910,173475
40.74,09-22-2026 21:34:17:180,150935,173458
40.75,09-22-2026 21:34:17:190,150931,173471
40.76,09-22-2026 21:34:17:200,150946,173447
40.77,09-22-2026 21:34:17:210,150912,173466
40.78,09-22-2026 21:34:17:220,150937,173463
40.79,09-22-2026 21:34:17:230,150914,173461
40.8,09-22-2026 21:34:17:240,150930,173465
40.81,09-22-2026 21:34:17:250,150901,173467
40.82,09-22-2026 21:34:17:260,150925,173453
40.83,09-22-2026 21:34:17:270,150889,173480
40.84,09-22-2026 21:34:17:280,150938,173467
40.85,09-22-2026 21:34:17:290,150900,173465
40.86,09-22-2026 21:34:17:300,150912,173454
40.87,09-22-2026 21:34:17:310,150879,173465
40.88,09-22-2026 21:34:17:320,150940,173465
40.89,09-22-2026 21:34:17:330,150896,173461
40.9,09-22-2026 21:34:17:340,150927,173471
40.91,09-22-2026 21:34:17:350,150907,173447
40.92,09-22-2026 21:34:17:360,150931,173460
40.93,09-22-2026 21:34:17:370,150911,173450
40.94,09-22-2026 21:34:17:380,150955,173456
40.95,09-22-2026 21:34:17:390,150951,173462
40.96,09-22-2026 21:34:17:400,150979,173458
40.97,09-22-2026 21:34:17:410,150983,173473
40.98,09-22-2026 21:34:17:420,151013,173494
40.99,09-22-2026 21:34:17:430,151021,173473
41,09-22-2026 21:34:17:440,151037,173482
41.01,09-22-2026 21:34:17:450,151041,173484
41.02,09-22-2026 21:34:17:460,151036,173470
41.03,09-22-2026 21:34:17:470,151035,173470
41.04,09-22-2026 21:34:17:480,151042,173476
41.05,09-22-2026 21:34:17:490,151047,173484
41.06,09-22-2026 21:34:17:500,151040,173474
41.07,09-22-2026 21:34:17:510,151037,173486
41.08,09-22-2026 21:34:17:520,151058,173497
41.09,09-22-2026 21:34:17:530,151041,173501
41.1,09-22-2026 21:34:17:540,151049,173487
41.11,09-22-2026 21:34:17:550,151039,173485
41.12,09-22-2026 21:34:17:560,151071,173498
41.13,09-22-2026 21:34:17:570,151070,173471
41.14,09-22-2026 21:34:17:580,151057,173477
41.15,09-22-2026 21:34:17:590,151048,173503
41.16,09-22-2026 21:34:17:600,151075,173492
41.17,09-22-2026 21:34:17:610,151059,173482
41.18,09-22-2026 21:34:17:620,151071,173476
41.19,09-22-2026 21:34:17:630,151052,173471
41.2,09-22-2026 21:34:17:640,151034,173478
41.21,09-22-2026 21:34:17:650,151044,173466
41.22,09-22-2026 21:34:17:660,151054,173476
41.23,09-22-2026 21:34:17:670,151027,173436
41.24,09-22-2026 21:34:17:680,151030,173426
41.25,09-22-2026 21:34:17:690,151040,173388
41.26,09-22-2026 21:34:17:700,151056,173344
41.27,09-22-2026 21:34:17:710,151034,173398
41.28,09-22-2026 21:34:17:720,151031,173390
41.29,09-22-2026 21:34:17:730,151043,173376
41.3,09-22-2026 21:34:17:740,151040,173370
41.31,09-22-2026 21:34:17:750,151057,173390
41.32,09-22-2026 21:34:17:760,151027,173411
41.33,09-22-2026 21:34:17:770,151032,173388
41.34,09-22-2026 21:34:17:780,151035,173418
41.35,09-22-2026 21:34:17:790,151047,173404
41.36,09-22-2026 21:34:17:800,151037,173420
41.37,09-22-2026 21:34:17:810,151027,173415
41.38,09-22-2026 21:34:17:820,151050,173426
41.39,09-22-2026 21:34:17:830,151055,173436
41.4,09-22-2026 21:34:17:840,151049,173457
41.41,09-22-2026 21:34:17:850,151068,173445
41.42,09-22-2026 21:34:17:860,151052,173476
41.43,09-22-2026 21:34:17:870,151052,173455
41.44,09-22-2026 21:34:17:880,151051,173458
41.45,09-22-2026 21:34:17:890,151062,173455
41.46,09-22-2026 21:34:17:900,151060,173482
41.47,09-22-2026 21:34:17:910,151073,173437
41.48,09-22-2026 21:34:17:920,151062,173471
41.49,09-22-2026 21:34:17:930,151046,173438
41.5,09-22-2026 21:34:17:940,151071,173471
41.51,09-22-2026 21:34:17:950,151045,173451
41.52,09-22-2026 21:34:17:960,151060,173469
41.53,09-22-2026 21:34:17:970,151073,173446
41.54,09-22-2026 21:34:17:980,151079,173474
41.55,09-22-2026 21:34:17:990,151087,173438
41.56,09-22-2026 21:34:18:000,151082,173478
41.57,09-22-2026 21:34:18:010,151065,173449
41.58,09-22-2026 21:34:18:020,151061,173477
41.59,09-22-2026 21:34:18:030,151067,173433
41.6,09-22-2026 21:34:18:040,151062,173471
41.61,09-22-2026 21:34:18:050,151073,173432
41.62,09-22-2026 21:34:18:060,151078,173496
41.63,09-22-2026 21:34:18:070,151079,173449
41.64,09-22-2026 21:34:18:080,151077,173486
41.65,09-22-2026 21:34:18:090,151077,173436
41.66,09-22-2026 21:34:18:100,151097,173486
41.67,09-22-2026 21:34:18:110,151087,173458
41.68,09-22-2026 21:34:18:120,151082,173506
41.69,09-22-2026 21:34:18:130,151086,173504
41.7,09-22-2026 21:34:18:140,151081,173515
41.71,09-22-2026 21:34:18:150,151078,173491
41.72,09-22-2026 21:34:18:160,151085,173506
41.73,09-22-2026 21:34:18:170,151073,173502
41.74,09-22-2026 21:34:18:180,151079,173523
41.75,09-22-2026 21:34:18:190,151068,173500
41.76,09-22-2026 21:34:18:200,151076,173526
41.77,09-22-2026 21:34:18:210,151080,173513
41.78,09-22-2026 21:34:18:220,151090,173517
41.79,09-22-2026 21:34:18:230,151080,173522
41.8,09-22-2026 21:34:18:240,151076,173547
41.81,09-22-2026 21:34:18:250,151085,173544
41.82,09-22-2026 21:34:18:260,151082,173523
41.83,09-22-2026 21:34:18:270,151078,173576
41.84,09-22-2026 21:34:18:280,151091,173557
41.85,09-22-2026 21:34:18:290,151086,173581
41.86,09-22-2026 21:34:18:300,151087,173554
41.87,09-22-2026 21:34:18:310,151059,173562
41.88,09-22-2026 21:34:18:320,151085,173549
41.89,09-22-2026 21:34:18:330,151063,173562
41.9,09-22-2026 21:34:18:340,151057,173556
41.91,09-22-2026 21:34:18:350,151075,173570
41.92,09-22-2026 21:34:18:360,151066,173547
41.93,09-22-2026 21:34:18:370,151076,173591
41.94,09-22-2026 21:34:18:380,151062,173558
41.95,09-22-2026 21:34:18:390,151075,173604
41.96,09-22-2026 21:34:18:400,151056,173577
41.97,09-22-2026 21:34:18:410,151060,173603
41.98,09-22-2026 21:34:18:420,151078,173555
41.99,09-22-2026 21:34:18:430,151062,173621
42,09-22-2026 21:34:18:440,151059,173589
42.01,09-22-2026 21:34:18:450,151064,173600
42.02,09-22-2026 21:34:18:460,151054,173596
42.03,09-22-2026 21:34:18:470,151051,173617
42.04,09-22-2026 21:34:18:480,151059,173589
42.05,09-22-2026 21:34:18:490,151054,173628
42.06,09-22-2026 21:34:18:500,151064,173609
42.07,09-22-2026 21:34:18:510,151056,173617
42.08,09-22-2026 21:34:18:520,151052,173609
42.09,09-22-2026 21:34:18:530,151047,173631
42.1,09-22-2026 21:34:18:540,151040,173613
42.11,09-22-2026 21:34:18:550,151051,173646
42.12,09-22-2026 21:34:18:560,151045,173623
42.13,09-22-2026 21:34:18:570,151044,173642
42.14,09-22-2026 21:34:18:580,151069,173617
42.15,09-22-2026 21:34:18:590,151054,173621
42.16,09-22-2026 21:34:18:600,151051,173615
42.17,09-22-2026 21:34:18:610,151041,173635
42.18,09-22-2026 21:34:18:620,151061,173610
42.19,09-22-2026 21:34:18:630,151044,173627
42.2,09-22-2026 21:34:18:640,151060,173616
42.21,09-22-2026 21:34:18:650,151062,173647
42.22,09-22-2026 21:34:18:660,151061,173622
42.23,09-22-2026 21:34:18:670,151045,173629
42.24,09-22-2026 21:34:18:680,151060,173612
42.25,09-22-2026 21:34:18:690,151048,173621
42.26,09-22-2026 21:34:18:700,151075,173637
42.27,09-22-2026 21:34:18:710,151052,173601
42.28,09-22-2026 21:34:18:720,151072,173618
42.29,09-22-2026 21:34:18:730,151039,173606
42.3,09-22-2026 21:34:18:740,151078,173619
42.31,09-22-2026 21:34:18:750,151051,173604
42.32,09-22-2026 21:34:18:760,151084,173598
42.33,09-22-2026 21:34:18:770,151043,173612
42.34,09-22-2026 21:34:18:780,151067,173596
42.35,09-22-2026 21:34:18:790,151040,173603
42.36,09-22-2026 21:34:18:800,151099,173599
42.37,09-22-2026 21:34:18:810,151033,173615
42.38,09-22-2026 21:34:18:820,151064,173611
42.39,09-22-2026 21:34:18:830,151023,173603
42.4,09-22-2026 21:34:18:840,151078,173613
42.41,09-22-2026 21:34:18:850,151046,173609
42.42,09-22-2026 21:34:18:860,151084,173614
42.43,09-22-2026 21:34:18:870,151044,173611
42.44,09-22-2026 21:34:18:880,151063,173636
42.45,09-22-2026 21:34:18:890,151026,173645
42.46,09-22-2026 21:34:18:900,151063,173634
42.47,09-22-2026 21:34:18:910,151025,173636
42.48,09-22-2026 21:34:18:920,151064,173623
42.49,09-22-2026 21:34:18:930,151014,173617
42.5,09-22-2026 21:34:18:940,151076,173635
42.51,09-22-2026 21:34:18:950,151064,173649
42.52,09-22-2026 21:34:18:960,151070,173641
42.53,09-22-2026 21:34:18:970,151051,173634
42.54,09-22-2026 21:34:18:980,151065,173641
42.55,09-22-2026 21:34:18:990,151065,173649
42.56,09-22-2026 21:34:19:000,151087,173630
42.57,09-22-2026 21:34:19:010,151075,173640
42.58,09-22-2026 21:34:19:020,151093,173649
42.59,09-22-2026 21:34:19:030,151057,173627
42.6,09-22-2026 21:34:19:040,151089,173634
42.61,09-22-2026 21:34:19:050,151064,173636
42.62,09-22-2026 21:34:19:060,151075,173631
42.63,09-22-2026 21:34:19:070,151106,173644
42.64,09-22-2026 21:34:19:080,151094,173642
42.65,09-22-2026 21:34:19:090,151104,173640
42.66,09-22-2026 21:34:19:100,151094,173661
42.67,09-22-2026 21:34:19:110,151112,173667
42.68,09-22-2026 21:34:19:120,151076,173655
42.69,09-22-2026 21:34:19:130,151114,173626
42.7,09-22-2026 21:34:19:140,151098,173652
42.71,09-22-2026 21:34:19:150,151096,173630
42.72,09-22-2026 21:34:19:160,151086,173639
42.73,09-22-2026 21:34:19:170,151120,173639
42.74,09-22-2026 21:34:19:180,151113,173642
42.75,09-22-2026 21:34:19:190,151110,173636
42.76,09-22-2026 21:34:19:200,151116,173640
42.77,09-22-2026 21:34:19:210,151120,173646
42.78,09-22-2026 21:34:19:220,151095,173637
42.79,09-22-2026 21:34:19:230,151130,173652
42.8,09-22-2026 21:34:19:240,151090,173637
42.81,09-22-2026 21:34:19:250,151114,173642
42.82,09-22-2026 21:34:19:260,151107,173651
42.83,09-22-2026 21:34:19:270,151111,173640
42.84,09-22-2026 21:34:19:280,151081,173658
42.85,09-22-2026 21:34:19:290,151116,173630
42.86,09-22-2026 21:34:19:300,151092,173648
42.87,09-22-2026 21:34:19:310,151105,173636
42.88,09-22-2026 21:34:19:320,151083,173648
42.89,09-22-2026 21:34:19:330,151098,173651
42.9,09-22-2026 21:34:19:340,151074,173636
42.91,09-22-2026 21:34:19:350,151120,173647
42.92,09-22-2026 21:34:19:360,151081,173632
42.93,09-22-2026 21:34:19:370,151102,173645
42.94,09-22-2026 21:34:19:380,151069,173645
42.95,09-22-2026 21:34:19:390,151087,173644
42.96,09-22-2026 21:34:19:400,151066,173650
42.97,09-22-2026 21:34:19:410,151102,173639
42.98,09-22-2026 21:34:19:420,151064,173659
42.99,09-22-2026 21:34:19:430,151079,173656
43,09-22-2026 21:34:19:440,151071,173676
43.01,09-22-2026 21:34:19:450,151085,173638
43.02,09-22-2026 21:34:19:460,151077,173641
43.03,09-22-2026 21:34:19:470,151065,173667
43.04,09-22-2026 21:34:19:480,151070,173659
43.05,09-22-2026 21:34:19:490,151086,173639
43.06,09-22-2026 21:34:19:500,151053,173654
43.07,09-22-2026 21:34:19:510,151065,173652
43.08,09-22-2026 21:34:19:520,151086,173651
43.09,09-22-2026 21:34:19:530,151070,173653
43.1,09-22-2026 21:34:19:540,151060,173645
43.11,09-22-2026 21:34:19:550,151076,173644
43.12,09-22-2026 21:34:19:560,151049,173636
43.13,09-22-2026 21:34:19:570,151064,173645
43.14,09-22-2026 21:34:19:580,151065,173630
43.15,09-22-2026 21:34:19:590,151080,173630
43.16,09-22-2026 21:34:19:600,151075,173624
43.17,09-22-2026 21:34:19:610,151078,173651
43.18,09-22-2026 21:34:19:620,151057,173626
43.19,09-22-2026 21:34:19:630,151075,173644
43.2,09-22-2026 21:34:19:640,151068,173634
43.21,09-22-2026 21:34:19:650,151091,173632
43.22,09-22-2026 21:34:19:660,151080,173645
43.23,09-22-2026 21:34:19:670,151081,173641
43.24,09-22-2026 21:34:19:680,151082,173626
43.25,09-22-2026 21:34:19:690,151071,173663
43.26,09-22-2026 21:34:19:700,151083,173640
43.27,09-22-2026 21:34:19:710,151083,173634
43.28,09-22-2026 21:34:19:720,151079,173634
43.29,09-22-2026 21:34:19:730,151087,173634
43.3,09-22-2026 21:34:19:740,151075,173632
43.31,09-22-2026 21:34:19:750,151081,173632
43.32,09-22-2026 21:34:19:760,151076,173645
43.33,09-22-2026 21:34:19:770,151087,173641
43.34,09-22-2026 21:34:19:780,151076,173635
43.35,09-22-2026 21:34:19:790,151081,173639
43.36,09-22-2026 21:34:19:800,151087,173639
43.37,09-22-2026 21:34:19:810,151083,173636
43.38,09-22-2026 21:34:19:820,151085,173617
43.39,09-22-2026 21:34:19:830,151079,173620
43.4,09-22-2026 21:34:19:840,151091,173611
43.41,09-22-2026 21:34:19:850,151078,173624
43.42,09-22-2026 21:34:19:860,151089,173613
43.43,09-22-2026 21:34:19:870,151085,173638
43.44,09-22-2026 21:34:19:880,151072,173607
43.45,09-22-2026 21:34:19:890,151093,173639
43.46,09-22-2026 21:34:19:900,151083,173607
43.47,09-22-2026 21:34:19:910,151078,173639
43.48,09-22-2026 21:34:19:920,151086,173611
43.49,09-22-2026 21:34:19:930,151098,173639
43.5,09-22-2026 21:34:19:940,151081,173613
43.51,09-22-2026 21:34:19:950,151072,173641
43.52,09-22-2026 21:34:19:960,151089,173617
43.53,09-22-2026 21:34:19:970,151085,173645
43.54,09-22-2026 21:34:19:980,151084,173611
43.55,09-22-2026 21:34:19:990,151090,173635
43.56,09-22-2026 21:34:20:000,151098,173610
43.57,09-22-2026 21:34:20:010,151080,173629
43.58,09-22-2026 21:34:20:020,151083,173599
43.59,09-22-2026 21:34:20:030,151101,173632
43.6,09-22-2026 21:34:20:040,151086,173587
43.61,09-22-2026 21:34:20:050,151088,173635
43.62,09-22-2026 21:34:20:060,151081,173580
43.63,09-22-2026 21:34:20:070,151103,173629
43.64,09-22-2026 21:34:20:080,151104,173593
43.65,09-22-2026 21:34:20:090,151085,173640
43.66,09-22-2026 21:34:20:100,151087,173596
43.67,09-22-2026 21:34:20:110,151106,173646
43.68,09-22-2026 21:34:20:120,151095,173602
43.69,09-22-2026 21:34:20:130,151102,173655
43.7,09-22-2026 21:34:20:140,151104,173585
43.71,09-22-2026 21:34:20:150,151107,173631
43.72,09-22-2026 21:34:20:160,151107,173613
43.73,09-22-2026 21:34:20:170,151104,173649
43.74,09-22-2026 21:34:20:180,151102,173606
43.75,09-22-2026 21:34:20:190,151106,173639
43.76,09-22-2026 21:34:20:200,151107,173623
43.77,09-22-2026 21:34:20:210,151112,173640
43.78,09-22-2026 21:34:20:220,151091,173613
43.79,09-22-2026 21:34:20:230,151110,173652
43.8,09-22-2026 21:34:20:240,151123,173631
43.81,09-22-2026 21:34:20:250,151110,173661
43.82,09-22-2026 21:34:20:260,151103,173646
43.83,09-22-2026 21:34:20:270,151107,173647
43.84,09-22-2026 21:34:20:280,151106,173644
43.85,09-22-2026 21:34:20:290,151116,173652
43.86,09-22-2026 21:34:20:300,151105,173644
43.87,09-22-2026 21:34:20:310,151109,173644
43.88,09-22-2026 21:34:20:320,151098,173651
43.89,09-22-2026 21:34:20:330,151094,173639
43.9,09-22-2026 21:34:20:340,151092,173647
43.91,09-22-2026 21:34:20:350,151098,173631
43.92,09-22-2026 21:34:20:360,151104,173650
43.93,09-22-2026 21:34:20:370,151087,173642
43.94,09-22-2026 21:34:20:380,151095,173651
43.95,09-22-2026 21:34:20:390,151098,173636
43.96,09-22-2026 21:34:20:400,151092,173672
43.97,09-22-2026 21:34:20:410,151087,173633
43.98,09-22-2026 21:34:20:420,151091,173689
43.99,09-22-2026 21:34:20:430,151087,173649
44,09-22-2026 21:34:20:440,151086,173669
44.01,09-22-2026 21:34:20:450,151094,173652
44.02,09-22-2026 21:34:20:460,151076,173706
44.03,09-22-2026 21:34:20:470,151080,173659
44.04,09-22-2026 21:34:20:480,151098,173687
44.05,09-22-2026 21:34:20:490,151108,173655
44.06,09-22-2026 21:34:20:500,151090,173683
44.07,09-22-2026 21:34:20:510,151094,173648
44.08,09-22-2026 21:34:20:520,151098,173688
44.09,09-22-2026 21:34:20:530,151080,173651
44.1,09-22-2026 21:34:20:540,151089,173700
44.11,09-22-2026 21:34:20:550,151084,173658
44.12,09-22-2026 21:34:20:560,151083,173684
44.13,09-22-2026 21:34:20:570,151100,173649
44.14,09-22-2026 21:34:20:580,151096,173670
44.15,09-22-2026 21:34:20:590,151093,173648
44.16,09-22-2026 21:34:20:600,151078,173658
44.17,09-22-2026 21:34:20:610,151108,173632
44.18,09-22-2026 21:34:20:620,151085,173673
44.19,09-22-2026 21:34:20:630,151088,173648
44.2,09-22-2026 21:34:20:640,151088,173646
44.21,09-22-2026 21:34:20:650,151090,173645
44.22,09-22-2026 21:34:20:660,151059,173656
44.23,09-22-2026 21:34:20:670,151105,173643
44.24,09-22-2026 21:34:20:680,151073,173654
44.25,09-22-2026 21:34:20:690,151093,173631
44.26,09-22-2026 21:34:20:700,151051,173640
44.27,09-22-2026 21:34:20:710,151091,173652
44.28,09-22-2026 21:34:20:720,151065,173657
44.29,09-22-2026 21:34:20:730,151102,173644
44.3,09-22-2026 21:34:20:740,151081,173661
44.31,09-22-2026 21:34:20:750,151105,173644
44.32,09-22-2026 21:34:20:760,151068,173631
44.33,09-22-2026 21:34:20:770,151103,173652
44.34,09-22-2026 21:34:20:780,151060,173651
44.35,09-22-2026 21:34:20:790,151110,173646
44.36,09-22-2026 21:34:20:800,151050,173642
44.37,09-22-2026 21:34:20:810,151098,173648
44.38,09-22-2026 21:34:20:820,151063,173653
44.39,09-22-2026 21:34:20:830,151104,173657
44.4,09-22-2026 21:34:20:840,151081,173665
44.41,09-22-2026 21:34:20:850,151109,173633
44.42,09-22-2026 21:34:20:860,151056,173665
44.43,09-22-2026 21:34:20:870,151095,173637
44.44,09-22-2026 21:34:20:880,151051,173664
44.45,09-22-2026 21:34:20:890,151108,173651
44.46,09-22-2026 21:34:20:900,151070,173662
44.47,09-22-2026 21:34:20:910,151103,173650
44.48,09-22-2026 21:34:20:920,151086,173655
44.49,09-22-2026 21:34:20:930,151097,173645
44.5,09-22-2026 21:34:20:940,151086,173650
44.51,09-22-2026 21:34:20:950,151114,173653
44.52,09-22-2026 21:34:20:960,151092,173659
44.53,09-22-2026 21:34:20:970,151100,173649
44.54,09-22-2026 21:34:20:980,151100,173634
44.55,09-22-2026 21:34:20:990,151117,173651
44.56,09-22-2026 21:34:21:000,151098,173635
44.57,09-22-2026 21:34:21:010,151115,173634
44.58,09-22-2026 21:34:21:020,151119,173655
44.59,09-22-2026 21:34:21:030,151125,173641
44.6,09-22-2026 21:34:21:040,151118,173642
44.61,09-22-2026 21:34:21:050,151124,173649
44.62,09-22-2026 21:34:21:060,151137,173651
44.63,09-22-2026 21:34:21:070,151131,173654
44.64,09-22-2026 21:34:21:080,151127,173645
44.65,09-22-2026 21:34:21:090,151125,173635
44.66,09-22-2026 21:34:21:100,151133,173663
44.67,09-22-2026 21:34:21:110,151126,173635
44.68,09-22-2026 21:34:21:120,151156,173622
44.69,09-22-2026 21:34:21:130,151137,173649
44.7,09-22-2026 21:34:21:140,151139,173641
44.71,09-22-2026 21:34:21:150,151129,173638
44.72,09-22-2026 21:34:21:160,151152,173641
44.73,09-22-2026 21:34:21:170,151120,173640
44.74,09-22-2026 21:34:21:180,151154,173641
44.75,09-22-2026 21:34:21:190,151120,173652
44.76,09-22-2026 21:34:21:200,151153,173645
44.77,09-22-2026 21:34:21:210,151120,173627
44.78,09-22-2026 21:34:21:220,151133,173663
44.79,09-22-2026 21:34:21:230,151097,173653
44.8,09-22-2026 21:34:21:240,151136,173646
44.81,09-22-2026 21:34:21:250,151099,173655
44.82,09-22-2026 21:34:21:260,151138,173647
44.83,09-22-2026 21:34:21:270,151097,173651
44.84,09-22-2026 21:34:21:280,151139,173648
44.85,09-22-2026 21:34:21:290,151098,173647
44.86,09-22-2026 21:34:21:300,151108,173653
44.87,09-22-2026 21:34:21:310,151098,173668
44.88,09-22-2026 21:34:21:320,151120,173662
44.89,09-22-2026 21:34:21:330,151085,173660
44.9,09-22-2026 21:34:21:340,151109,173650
44.91,09-22-2026 21:34:21:350,151099,173637
44.92,09-22-2026 21:34:21:360,151098,173647
44.93,09-22-2026 21:34:21:370,151092,173643
44.94,09-22-2026 21:34:21:380,151104,173648
44.95,09-22-2026 21:34:21:390,151089,173668
44.96,09-22-2026 21:34:21:400,151082,173652
44.97,09-22-2026 21:34:21:410,151089,173647
44.98,09-22-2026 21:34:21:420,151099,173647
44.99,09-22-2026 21:34:21:430,151093,173663
45,09-22-2026 21:34:21:440,151099,173651
45.01,09-22-2026 21:34:21:450,151104,173655
45.02,09-22-2026 21:34:21:460,151096,173646
45.03,09-22-2026 21:34:21:470,151089,173641
45.04,09-22-2026 21:34:21:480,151110,173635
45.05,09-22-2026 21:34:21:490,151097,173636
45.06,09-22-2026 21:34:21:500,151093,173656
45.07,09-22-2026 21:34:21:510,151086,173655
45.08,09-22-2026 21:34:21:520,151102,173636
45.09,09-22-2026 21:34:21:530,151105,173629
45.1,09-22-2026 21:34:21:540,151105,173646
45.11,09-22-2026 21:34:21:550,151114,173652
45.12,09-22-2026 21:34:21:560,151088,173635
45.13,09-22-2026 21:34:21:570,151099,173640
45.14,09-22-2026 21:34:21:580,151093,173648
45.15,09-22-2026 21:34:21:590,151096,173646
45.16,09-22-2026 21:34:21:600,151110,173634
45.17,09-22-2026 21:34:21:610,151094,173639
45.18,09-22-2026 21:34:21:620,151105,173652
45.19,09-22-2026 21:34:21:630,151102,173661
45.2,09-22-2026 21:34:21:640,151113,173646
45.21,09-22-2026 21:34:21:650,151104,173645
45.22,09-22-2026 21:34:21:660,151099,173649
45.23,09-22-2026 21:34:21:670,151106,173632
45.24,09-22-2026 21:34:21:680,151099,173647
45.25,09-22-2026 21:34:21:690,151108,173636
45.26,09-22-2026 21:34:21:700,151106,173627
45.27,09-22-2026 21:34:21:710,151101,173624
45.28,09-22-2026 21:34:21:720,151124,173634
45.29,09-22-2026 21:34:21:730,151106,173639
45.3,09-22-2026 21:34:21:740,151130,173648
45.31,09-22-2026 21:34:21:750,151122,173622
45.32,09-22-2026 21:34:21:760,151121,173649
45.33,09-22-2026 21:34:21:770,151115,173625
45.34,09-22-2026 21:34:21:780,151105,173643
45.35,09-22-2026 21:34:21:790,151118,173614
45.36,09-22-2026 21:34:21:800,151100,173629
45.37,09-22-2026 21:34:21:810,151126,173617
45.38,09-22-2026 21:34:21:820,151126,173631
45.39,09-22-2026 21:34:21:830,151117,173609
45.4,09-22-2026 21:34:21:840,151118,173609
45.41,09-22-2026 21:34:21:850,151106,173642
45.42,09-22-2026 21:34:21:860,151123,173618
45.43,09-22-2026 21:34:21:870,151130,173660
45.44,09-22-2026 21:34:21:880,151131,173625
45.45,09-22-2026 21:34:21:890,151125,173649
45.46,09-22-2026 21:34:21:900,151120,173632
45.47,09-22-2026 21:34:21:910,151118,173655
45.48,09-22-2026 21:34:21:920,151135,173615
45.49,09-22-2026 21:34:21:930,151129,173659
45.5,09-22-2026 21:34:21:940,151121,173605
45.51,09-22-2026 21:34:21:950,151131,173659
45.52,09-22-2026 21:34:21:960,151138,173606
45.53,09-22-2026 21:34:21:970,151127,173647
45.54,09-22-2026 21:34:21:980,151112,173614
45.55,09-22-2026 21:34:21:990,151138,173663
45.56,09-22-2026 21:34:22:000,151130,173608
45.57,09-22-2026 21:34:22:010,151125,173653
45.58,09-22-2026 21:34:22:020,151131,173612
45.59,09-22-2026 21:34:22:030,151122,173643
45.6,09-22-2026 21:34:22:040,151131,173615
45.61,09-22-2026 21:34:22:050,151147,173634
45.62,09-22-2026 21:34:22:060,151137,173645
45.63,09-22-2026 21:34:22:070,151140,173648
45.64,09-22-2026 21:34:22:080,151139,173610
45.65,09-22-2026 21:34:22:090,151137,173637
45.66,09-22-2026 21:34:22:100,151134,173617
45.67,09-22-2026 21:34:22:110,151124,173660
45.68,09-22-2026 21:34:22:120,151136,173628
45.69,09-22-2026 21:34:22:130,151141,173650
45.7,09-22-2026 21:34:22:140,151129,173626
45.71,09-22-2026 21:34:22:150,151130,173661
45.72,09-22-2026 21:34:22:160,151133,173646
45.73,09-22-2026 21:34:22:170,151134,173660
45.74,09-22-2026 21:34:22:180,151137,173660
45.75,09-22-2026 21:34:22:190,151145,173655
45.76,09-22-2026 21:34:22:200,151132,173662
45.77,09-22-2026 21:34:22:210,151136,173654
45.78,09-22-2026 21:34:22:220,151112,173668
45.79,09-22-2026 21:34:22:230,151117,173642
45.8,09-22-2026 21:34:22:240,151112,173662
45.81,09-22-2026 21:34:22:250,151106,173628
45.82,09-22-2026 21:34:22:260,151093,173669
45.83,09-22-2026 21:34:22:270,151114,173659
45.84,09-22-2026 21:34:22:280,151113,173660
45.85,09-22-2026 21:34:22:290,151104,173644
45.86,09-22-2026 21:34:22:300,151118,173652
45.87,09-22-2026 21:34:22:310,151094,173652
45.88,09-22-2026 21:34:22:320,151098,173665
45.89,09-22-2026 21:34:22:330,151109,173652
45.9,09-22-2026 21:34:22:340,151082,173676
45.91,09-22-2026 21:34:22:350,151107,173666
45.92,09-22-2026 21:34:22:360,151086,173667
45.93,09-22-2026 21:34:22:370,151089,173664
45.94,09-22-2026 21:34:22:380,151100,173692
45.95,09-22-2026 21:34:22:390,151101,173661
45.96,09-22-2026 21:34:22:400,151079,173706
45.97,09-22-2026 21:34:22:410,151103,173644
45.98,09-22-2026 21:34:22:420,151107,173714
45.99,09-22-2026 21:34:22:430,151113,173640
46,09-22-2026 21:34:22:440,151117,173676
46.01,09-22-2026 21:34:22:450,151112,173657
46.02,09-22-2026 21:34:22:460,151118,173671
46.03,09-22-2026 21:34:22:470,151111,173655
46.04,09-22-2026 21:34:22:480,151114,173673
46.05,09-22-2026 21:34:22:490,151126,173654
46.06,09-22-2026 21:34:22:500,151116,173667
46.07,09-22-2026 21:34:22:510,151091,173650
46.08,09-22-2026 21:34:22:520,151099,173674
46.09,09-22-2026 21:34:22:530,151118,173664
46.1,09-22-2026 21:34:22:540,151120,173666
46.11,09-22-2026 21:34:22:550,151116,173643
46.12,09-22-2026 21:34:22:560,151113,173661
46.13,09-22-2026 21:34:22:570,151142,173652
46.14,09-22-2026 21:34:22:580,151105,173641
46.15,09-22-2026 21:34:22:590,151118,173652
46.16,09-22-2026 21:34:22:600,151116,173645
46.17,09-22-2026 21:34:22:610,151115,173652
46.18,09-22-2026 21:34:22:620,151109,173662
46.19,09-22-2026 21:34:22:630,151113,173638
46.2,09-22-2026 21:34:22:640,151103,173622
46.21,09-22-2026 21:34:22:650,151120,173660
46.22,09-22-2026 21:34:22:660,151102,173655
46.23,09-22-2026 21:34:22:670,151131,173643
46.24,09-22-2026 21:34:22:680,151114,173665
46.25,09-22-2026 21:34:22:690,151118,173649
46.26,09-22-2026 21:34:22:700,151105,173652
46.27,09-22-2026 21:34:22:710,151118,173651
46.28,09-22-2026 21:34:22:720,151098,173641
46.29,09-22-2026 21:34:22:730,151144,173645
46.3,09-22-2026 21:34:22:740,151089,173651
46.31,09-22-2026 21:34:22:750,151132,173655
46.32,09-22-2026 21:34:22:760,151086,173658
46.33,09-22-2026 21:34:22:770,151157,173650
46.34,09-22-2026 21:34:22:780,151080,173654
46.35,09-22-2026 21:34:22:790,151129,173640
46.36,09-22-2026 21:34:22:800,151093,173653
46.37,09-22-2026 21:34:22:810,151132,173654
46.38,09-22-2026 21:34:22:820,151076,173649
46.39,09-22-2026 21:34:22:830,151159,173652
46.4,09-22-2026 21:34:22:840,151101,173648
46.41,09-22-2026 21:34:22:850,151144,173641
46.42,09-22-2026 21:34:22:860,151080,173645
46.43,09-22-2026 21:34:22:870,151130,173653
46.44,09-22-2026 21:34:22:880,151116,173652
46.45,09-22-2026 21:34:22:890,151142,173645
46.46,09-22-2026 21:34:22:900,151109,173653
46.47,09-22-2026 21:34:22:910,151123,173643
46.48,09-22-2026 21:34:22:920,151105,173648
46.49,09-22-2026 21:34:22:930,151139,173640
46.5,09-22-2026 21:34:22:940,151120,173641
46.51,09-22-2026 21:34:22:950,151141,173671
46.52,09-22-2026 21:34:22:960,151120,173662
46.53,09-22-2026 21:34:22:970,151154,173631
46.54,09-22-2026 21:34:22:980,151122,173644
46.55,09-22-2026 21:34:22:990,151144,173646
46.56,09-22-2026 21:34:23:000,151143,173638
46.57,09-22-2026 21:34:23:010,151156,173649
46.58,09-22-2026 21:34:23:020,151149,173642
46.59,09-22-2026 21:34:23:030,151138,173662
46.6,09-22-2026 21:34:23:040,151143,173648
46.61,09-22-2026 21:34:23:050,151141,173662
46.62,09-22-2026 21:34:23:060,151180,173654
46.63,09-22-2026 21:34:23:070,151149,173663
46.64,09-22-2026 21:34:23:080,151151,173651
46.65,09-22-2026 21:34:23:090,151150,173639
46.66,09-22-2026 21:34:23:100,151160,173658
46.67,09-22-2026 21:34:23:110,151147,173659
46.68,09-22-2026 21:34:23:120,151168,173636
46.69,09-22-2026 21:34:23:130,151147,173677
46.7,09-22-2026 21:34:23:140,151157,173669
46.71,09-22-2026 21:34:23:150,151145,173647
46.72,09-22-2026 21:34:23:160,151157,173637
46.73,09-22-2026 21:34:23:170,151139,173662
46.74,09-22-2026 21:34:23:180,151159,173659
46.75,09-22-2026 21:34:23:190,151123,173662
46.76,09-22-2026 21:34:23:200,151155,173671
46.77,09-22-2026 21:34:23:210,151120,173654
46.78,09-22-2026 21:34:23:220,151174,173636
46.79,09-22-2026 21:34:23:230,151133,173654
46.8,09-22-2026 21:34:23:240,151162,173654
46.81,09-22-2026 21:34:23:250,151133,173639
46.82,09-22-2026 21:34:23:260,151153,173642
46.83,09-22-2026 21:34:23:270,151138,173660
46.84,09-22-2026 21:34:23:280,151138,173664
46.85,09-22-2026 21:34:23:290,151125,173663
46.86,09-22-2026 21:34:23:300,151132,173645
46.87,09-22-2026 21:34:23:310,151109,173665
46.88,09-22-2026 21:34:23:320,151151,173648
46.89,09-22-2026 21:34:23:330,151117,173657
46.9,09-22-2026 21:34:23:340,151128,173638
46.91,09-22-2026 21:34:23:350,151114,173662
46.92,09-22-2026 21:34:23:360,151133,173655
46.93,09-22-2026 21:34:23:370,151119,173631
46.94,09-22-2026 21:34:23:380,151135,173638
46.95,09-22-2026 21:34:23:390,151123,173650
46.96,09-22-2026 21:34:23:400,151154,173656
46.97,09-22-2026 21:34:23:410,151125,173644
46.98,09-22-2026 21:34:23:420,151136,173650
46.99,09-22-2026 21:34:23:430,151136,173642
47,09-22-2026 21:34:23:440,151130,173677
47.01,09-22-2026 21:34:23:450,151119,173653
47.02,09-22-2026 21:34:23:460,151139,173645
47.03,09-22-2026 21:34:23:470,151124,173652
47.04,09-22-2026 21:34:23:480,151136,173656
47.05,09-22-2026 21:34:23:490,151146,173648
47.06,09-22-2026 21:34:23:500,151126,173654
47.07,09-22-2026 21:34:23:510,151121,173651
47.08,09-22-2026 21:34:23:520,151129,173655
47.09,09-22-2026 21:34:23:530,151152,173655
47.1,09-22-2026 21:34:23:540,151132,173640
47.11,09-22-2026 21:34:23:550,151119,173636
47.12,09-22-2026 21:34:23:560,151120,173643
47.13,09-22-2026 21:34:23:570,151127,173649
47.14,09-22-2026 21:34:23:580,151131,173631
47.15,09-22-2026 21:34:23:590,151135,173646
47.16,09-22-2026 21:34:23:600,151136,173647
47.17,09-22-2026 21:34:23:610,151127,173638
47.18,09-22-2026 21:34:23:620,151131,173645
47.19,09-22-2026 21:34:23:630,151133,173653
47.2,09-22-2026 21:34:23:640,151129,173639
47.21,09-22-2026 21:34:23:650,151131,173631
47.22,09-22-2026 21:34:23:660,151137,173646
47.23,09-22-2026 21:34:23:670,151137,173662
47.24,09-22-2026 21:34:23:680,151139,173637
47.25,09-22-2026 21:34:23:690,151128,173647
47.26,09-22-2026 21:34:23:700,151140,173660
47.27,09-22-2026 21:34:23:710,151140,173657
47.28,09-22-2026 21:34:23:720,151156,173655
47.29,09-22-2026 21:34:23:730,151141,173652
47.3,09-22-2026 21:34:23:740,151133,173643
47.31,09-22-2026 21:34:23:750,151137,173640
47.32,09-22-2026 21:34:23:760,151142,173641
47.33,09-22-2026 21:34:23:770,151142,173621
47.34,09-22-2026 21:34:23:780,151142,173668
47.35,09-22-2026 21:34:23:790,151154,173639
47.36,09-22-2026 21:34:23:800,151146,173655
47.37,09-22-2026 21:34:23:810,151115,173633
47.38,09-22-2026 21:34:23:820,151146,173643
47.39,09-22-2026 21:34:23:830,151146,173621
47.4,09-22-2026 21:34:23:840,151140,173644
47.41,09-22-2026 21:34:23:850,151144,173619
47.42,09-22-2026 21:34:23:860,151122,173650
47.43,09-22-2026 21:34:23:870,151147,173622
47.44,09-22-2026 21:34:23:880,151137,173635
47.45,09-22-2026 21:34:23:890,151141,173613
47.46,09-22-2026 21:34:23:900,151140,173654
47.47,09-22-2026 21:34:23:910,151140,173619
47.48,09-22-2026 21:34:23:920,151135,173640
47.49,09-22-2026 21:34:23:930,151158,173611
47.5,09-22-2026 21:34:23:940,151141,173661
47.51,09-22-2026 21:34:23:950,151157,173606
47.52,09-22-2026 21:34:23:960,151150,173648
47.53,09-22-2026 21:34:23:970,151158,173601
47.54,09-22-2026 21:34:23:980,151144,173638
47.55,09-22-2026 21:34:23:990,151155,173577
47.56,09-22-2026 21:34:24:000,151139,173658
47.57,09-22-2026 21:34:24:010,151137,173573
47.58,09-22-2026 21:34:24:020,151138,173643
47.59,09-22-2026 21:34:24:030,151131,173587
47.6,09-22-2026 21:34:24:040,151120,173638
47.61,09-22-2026 21:34:24:050,151136,173603
47.62,09-22-2026 21:34:24:060,151114,173641
47.63,09-22-2026 21:34:24:070,151121,173588
47.64,09-22-2026 21:34:24:080,151120,173626
47.65,09-22-2026 21:34:24:090,151139,173609
47.66,09-22-2026 21:34:24:100,151120,173656
47.67,09-22-2026 21:34:24:110,151124,173606
47.68,09-22-2026 21:34:24:120,151117,173649
47.69,09-22-2026 21:34:24:130,151129,173625
47.7,09-22-2026 21:34:24:140,151099,173642
47.71,09-22-2026 21:34:24:150,151118,173623
47.72,09-22-2026 21:34:24:160,151110,173639
47.73,09-22-2026 21:34:24:170,151116,173615
47.74,09-22-2026 21:34:24:180,151107,173656
47.75,09-22-2026 21:34:24:190,151098,173647
47.76,09-22-2026 21:34:24:200,151099,173650
47.77,09-22-2026 21:34:24:210,151098,173645
47.78,09-22-2026 21:34:24:220,151099,173648
47.79,09-22-2026 21:34:24:230,151123,173658
47.8,09-22-2026 21:34:24:240,151100,173649
47.81,09-22-2026 21:34:24:250,151105,173658
47.82,09-22-2026 21:34:24:260,151127,173643
47.83,09-22-2026 21:34:24:270,151108,173664
47.84,09-22-2026 21:34:24:280,151098,173655
47.85,09-22-2026 21:34:24:290,151116,173669
47.86,09-22-2026 21:34:24:300,151106,173643
47.87,09-22-2026 21:34:24:310,151107,173677
47.88,09-22-2026 21:34:24:320,151108,173636
47.89,09-22-2026 21:34:24:330,151114,173650
47.9,09-22-2026 21:34:24:340,151116,173620
47.91,09-22-2026 21:34:24:350,151111,173664
47.92,09-22-2026 21:34:24:360,151119,173637
47.93,09-22-2026 21:34:24:370,151112,173665
47.94,09-22-2026 21:34:24:380,151102,173642
47.95,09-22-2026 21:34:24:390,151125,173678
47.96,09-22-2026 21:34:24:400,151107,173642
47.97,09-22-2026 21:34:24:410,151124,173669
47.98,09-22-2026 21:34:24:420,151124,173657
47.99,09-22-2026 21:34:24:430,151125,173669
48,09-22-2026 21:34:24:440,151111,173604
48.01,09-22-2026 21:34:24:450,151114,173651
48.02,09-22-2026 21:34:24:460,151129,173633
48.03,09-22-2026 21:34:24:470,151133,173653
48.04,09-22-2026 21:34:24:480,151122,173638
48.05,09-22-2026 21:34:24:490,151116,173649
48.06,09-22-2026 21:34:24:500,151127,173622
48.07,09-22-2026 21:34:24:510,151131,173644
48.08,09-22-2026 21:34:24:520,151127,173631
48.09,09-22-2026 21:34:24:530,151110,173636
48.1,09-22-2026 21:34:24:540,151128,173603
48.11,09-22-2026 21:34:24:550,151118,173647
48.12,09-22-2026 21:34:24:560,151124,173628
48.13,09-22-2026 21:34:24:570,151132,173645
48.14,09-22-2026 21:34:24:580,151142,173625
48.15,09-22-2026 21:34:24:590,151118,173625
48.16,09-22-2026 21:34:24:600,151126,173622
48.17,09-22-2026 21:34:24:610,151128,173617
48.18,09-22-2026 21:34:24:620,151131,173609
48.19,09-22-2026 21:34:24:630,151116,173645
48.2,09-22-2026 21:34:24:640,151132,173619
48.21,09-22-2026 21:34:24:650,151096,173630
48.22,09-22-2026 21:34:24:660,151122,173619
48.23,09-22-2026 21:34:24:670,151122,173618
48.24,09-22-2026 21:34:24:680,151127,173642
48.25,09-22-2026 21:34:24:690,151088,173615
48.26,09-22-2026 21:34:24:700,151130,173617
48.27,09-22-2026 21:34:24:710,151100,173639
48.28,09-22-2026 21:34:24:720,151122,173616
48.29,09-22-2026 21:34:24:730,151096,173616
48.3,09-22-2026 21:34:24:740,151143,173619
48.31,09-22-2026 21:34:24:750,151103,173630
48.32,09-22-2026 21:34:24:760,151128,173621
48.33,09-22-2026 21:34:24:770,151111,173632
48.34,09-22-2026 21:34:24:780,151139,173639
48.35,09-22-2026 21:34:24:790,151099,173618
48.36,09-22-2026 21:34:24:800,151146,173636
48.37,09-22-2026 21:34:24:810,151075,173620
48.38,09-22-2026 21:34:24:820,151135,173633
48.39,09-22-2026 21:34:24:830,151108,173643
48.4,09-22-2026 21:34:24:840,151160,173617
48.41,09-22-2026 21:34:24:850,151111,173639
48.42,09-22-2026 21:34:24:860,151138,173643
48.43,09-22-2026 21:34:24:870,151105,173644
48.44,09-22-2026 21:34:24:880,151148,173630
48.45,09-22-2026 21:34:24:890,151122,173620
48.46,09-22-2026 21:34:24:900,151140,173621
48.47,09-22-2026 21:34:24:910,151119,173629
48.48,09-22-2026 21:34:24:920,151145,173618
48.49,09-22-2026 21:34:24:930,151130,173625
48.5,09-22-2026 21:34:24:940,151142,173649
48.51,09-22-2026 21:34:24:950,151136,173653
48.52,09-22-2026 21:34:24:960,151156,173656
48.53,09-22-2026 21:34:24:970,151112,173626
48.54,09-22-2026 21:34:24:980,151141,173629
48.55,09-22-2026 21:34:24:990,151119,173637
48.56,09-22-2026 21:34:25:000,151142,173636
48.57,09-22-2026 21:34:25:010,151143,173645
48.58,09-22-2026 21:34:25:020,151134,173654
48.59,09-22-2026 21:34:25:030,151142,173643
48.6,09-22-2026 21:34:25:040,151122,173645
48.61,09-22-2026 21:34:25:050,151144,173653
48.62,09-22-2026 21:34:25:060,151128,173630
48.63,09-22-2026 21:34:25:070,151143,173649
48.64,09-22-2026 21:34:25:080,151123,173637
48.65,09-22-2026 21:34:25:090,151149,173632
48.66,09-22-2026 21:34:25:100,151132,173625
48.67,09-22-2026 21:34:25:110,151140,173637
48.68,09-22-2026 21:34:25:120,151120,173640
48.69,09-22-2026 21:34:25:130,151144,173629
48.7,09-22-2026 21:34:25:140,151121,173631
48.71,09-22-2026 21:34:25:150,151130,173657
48.72,09-22-2026 21:34:25:160,151112,173662
48.73,09-22-2026 21:34:25:170,151136,173646
48.74,09-22-2026 21:34:25:180,151112,173635
48.75,09-22-2026 21:34:25:190,151143,173657
48.76,09-22-2026 21:34:25:200,151118,173652
48.77,09-22-2026 21:34:25:210,151145,173643
48.78,09-22-2026 21:34:25:220,151123,173647
48.79,09-22-2026 21:34:25:230,151147,173632
48.8,09-22-2026 21:34:25:240,151110,173633
48.81,09-22-2026 21:34:25:250,151129,173654
48.82,09-22-2026 21:34:25:260,151113,173640
48.83,09-22-2026 21:34:25:270,151148,173649
48.84,09-22-2026 21:34:25:280,151119,173623
48.85,09-22-2026 21:34:25:290,151160,173644
48.86,09-22-2026 21:34:25:300,151121,173622
48.87,09-22-2026 21:34:25:310,151153,173639
48.88,09-22-2026 21:34:25:320,151105,173621
48.89,09-22-2026 21:34:25:330,151137,173642
48.9,09-22-2026 21:34:25:340,151116,173644
48.91,09-22-2026 21:34:25:350,151143,173636
48.92,09-22-2026 21:34:25:360,151123,173637
48.93,09-22-2026 21:34:25:370,151134,173628
48.94,09-22-2026 21:34:25:380,151127,173617
48.95,09-22-2026 21:34:25:390,151144,173633
48.96,09-22-2026 21:34:25:400,151137,173643
48.97,09-22-2026 21:34:25:410,151140,173647
48.98,09-22-2026 21:34:25:420,151128,173644
48.99,09-22-2026 21:34:25:430,151118,173643
49,09-22-2026 21:34:25:440,151117,173649
49.01,09-22-2026 21:34:25:450,151108,173644
49.02,09-22-2026 21:34:25:460,151135,173623
49.03,09-22-2026 21:34:25:470,151130,173640
49.04,09-22-2026 21:34:25:480,151136,173625
49.05,09-22-2026 21:34:25:490,151130,173611
49.06,09-22-2026 21:34:25:500,151129,173615
49.07,09-22-2026 21:34:25:510,151128,173615
49.08,09-22-2026 21:34:25:520,151149,173637
49.09,09-22-2026 21:34:25:530,151150,173612
49.1,09-22-2026 21:34:25:540,151135,173633
49.11,09-22-2026 21:34:25:550,151136,173623
49.12,09-22-2026 21:34:25:560,151138,173622
49.13,09-22-2026 21:34:25:570,151140,173626
49.14,09-22-2026 21:34:25:580,151134,173621
49.15,09-22-2026 21:34:25:590,151142,173630
49.16,09-22-2026 21:34:25:600,151127,173631
49.17,09-22-2026 21:34:25:610,151147,173618
49.18,09-22-2026 21:34:25:620,151143,173627
49.19,09-22-2026 21:34:25:630,151155,173629
49.2,09-22-2026 21:34:25:640,151133,173636
49.21,09-22-2026 21:34:25:650,151162,173640
49.22,09-22-2026 21:34:25:660,151155,173621
49.23,09-22-2026 21:34:25:670,151166,173637
49.24,09-22-2026 21:34:25:680,151155,173635
49.25,09-22-2026 21:34:25:690,151148,173618
49.26,09-22-2026 21:34:25:700,151167,173640
49.27,09-22-2026 21:34:25:710,151164,173616
49.28,09-22-2026 21:34:25:720,151156,173630
49.29,09-22-2026 21:34:25:730,151162,173645
49.3,09-22-2026 21:34:25:740,151149,173636
49.31,09-22-2026 21:34:25:750,151152,173637
49.32,09-22-2026 21:34:25:760,151159,173620
49.33,09-22-2026 21:34:25:770,151153,173630
49.34,09-22-2026 21:34:25:780,151143,173616
49.35,09-22-2026 21:34:25:790,151161,173642
49.36,09-22-2026 21:34:25:800,151136,173642
49.37,09-22-2026 21:34:25:810,151150,173626
49.38,09-22-2026 21:34:25:820,151140,173628
49.39,09-22-2026 21:34:25:830,151127,173641
49.4,09-22-2026 21:34:25:840,151144,173621
49.41,09-22-2026 21:34:25:850,151125,173641
49.42,09-22-2026 21:34:25:860,151119,173626
49.43,09-22-2026 21:34:25:870,151112,173635
49.44,09-22-2026 21:34:25:880,151098,173625
49.45,09-22-2026 21:34:25:890,151098,173624
49.46,09-22-2026 21:34:25:900,151083,173619
49.47,09-22-2026 21:34:25:910,151082,173631
49.48,09-22-2026 21:34:25:920,151080,173602
49.49,09-22-2026 21:34:25:930,151095,173639
49.5,09-22-2026 21:34:25:940,151110,173598
49.51,09-22-2026 21:34:25:950,151092,173635
49.52,09-22-2026 21:34:25:960,151085,173588
49.53,09-22-2026 21:34:25:970,151090,173653
49.54,09-22-2026 21:34:25:980,151092,173589
49.55,09-22-2026 21:34:25:990,151090,173638
49.56,09-22-2026 21:34:26:000,151084,173598
49.57,09-22-2026 21:34:26:010,151074,173622
49.58,09-22-2026 21:34:26:020,151087,173575
49.59,09-22-2026 21:34:26:030,151090,173636
49.6,09-22-2026 21:34:26:040,151109,173566
49.61,09-22-2026 21:34:26:050,151088,173623
49.62,09-22-2026 21:34:26:060,151080,173602
49.63,09-22-2026 21:34:26:070,151101,173627
49.64,09-22-2026 21:34:26:080,151109,173555
49.65,09-22-2026 21:34:26:090,151094,173638
49.66,09-22-2026 21:34:26:100,151154,173598
49.67,09-22-2026 21:34:26:110,151133,173629
49.68,09-22-2026 21:34:26:120,151160,173605
49.69,09-22-2026 21:34:26:130,151171,173628
49.7,09-22-2026 21:34:26:140,151187,173599
49.71,09-22-2026 21:34:26:150,151217,173614
49.72,09-22-2026 21:34:26:160,151222,173614
49.73,09-22-2026 21:34:26:170,151228,173604
49.74,09-22-2026 21:34:26:180,151227,173591
49.75,09-22-2026 21:34:26:190,151227,173613
49.76,09-22-2026 21:34:26:200,151241,173590
49.77,09-22-2026 21:34:26:210,151232,173581
49.78,09-22-2026 21:34:26:220,151231,173622
49.79,09-22-2026 21:34:26:230,151235,173610
49.8,09-22-2026 21:34:26:240,151223,173633
49.81,09-22-2026 21:34:26:250,151223,173626
49.82,09-22-2026 21:34:26:260,151205,173631
49.83,09-22-2026 21:34:26:270,151211,173617
49.84,09-22-2026 21:34:26:280,151213,173625
49.85,09-22-2026 21:34:26:290,151211,173602
49.86,09-22-2026 21:34:26:300,151220,173649
49.87,09-22-2026 21:34:26:310,151201,173617
49.88,09-22-2026 21:34:26:320,151220,173650
49.89,09-22-2026 21:34:26:330,151224,173642
49.9,09-22-2026 21:34:26:340,151208,173642
49.91,09-22-2026 21:34:26:350,151203,173640
49.92,09-22-2026 21:34:26:360,151227,173663
49.93,09-22-2026 21:34:26:370,151219,173667
49.94,09-22-2026 21:34:26:380,151238,173692
49.95,09-22-2026 21:34:26:390,151220,173662
49.96,09-22-2026 21:34:26:400,151227,173712
49.97,09-22-2026 21:34:26:410,151228,173664
49.98,09-22-2026 21:34:26:420,151229,173726
49.99,09-22-2026 21:34:26:430,151223,173693
50,09-22-2026 21:34:26:440,151211,173688
50.01,09-22-2026 21:34:26:450,151202,173655
50.02,09-22-2026 21:34:26:460,151231,173667
50.03,09-22-2026 21:34:26:470,151223,173631
50.04,09-22-2026 21:34:26:480,151210,173645
50.05,09-22-2026 21:34:26:490,151210,173621
50.06,09-22-2026 21:34:26:500,151186,173607
50.07,09-22-2026 21:34:26:510,151209,173573
50.08,09-22-2026 21:34:26:520,151181,173597
50.09,09-22-2026 21:34:26:530,151194,173571
50.1,09-22-2026 21:34:26:540,151187,173529
50.11,09-22-2026 21:34:26:550,151176,173503
50.12,09-22-2026 21:34:26:560,151184,173509
50.13,09-22-2026 21:34:26:570,151176,173516
50.14,09-22-2026 21:34:26:580,151177,173529
50.15,09-22-2026 21:34:26:590,151161,173504
50.16,09-22-2026 21:34:26:600,151173,173508
50.17,09-22-2026 21:34:26:610,151189,173512
50.18,09-22-2026 21:34:26:620,151161,173504
50.19,09-22-2026 21:34:26:630,151167,173500
50.2,09-22-2026 21:34:26:640,151138,173514
50.21,09-22-2026 21:34:26:650,151166,173515
50.22,09-22-2026 21:34:26:660,151159,173519
50.23,09-22-2026 21:34:26:670,151157,173517
50.24,09-22-2026 21:34:26:680,151158,173520
50.25,09-22-2026 21:34:26:690,151172,173520
50.26,09-22-2026 21:34:26:700,151169,173516
50.27,09-22-2026 21:34:26:710,151184,173514
50.28,09-22-2026 21:34:26:720,151166,173529
50.29,09-22-2026 21:34:26:730,151182,173512
50.3,09-22-2026 21:34:26:740,151151,173515
50.31,09-22-2026 21:34:26:750,151168,173514
50.32,09-22-2026 21:34:26:760,151157,173491
50.33,09-22-2026 21:34:26:770,151182,173507
50.34,09-22-2026 21:34:26:780,151139,173510
50.35,09-22-2026 21:34:26:790,151173,173520
50.36,09-22-2026 21:34:26:800,151154,173507
50.37,09-22-2026 21:34:26:810,151183,173492
50.38,09-22-2026 21:34:26:820,151128,173510
50.39,09-22-2026 21:34:26:830,151187,173501
50.4,09-22-2026 21:34:26:840,151150,173482
50.41,09-22-2026 21:34:26:850,151169,173508
50.42,09-22-2026 21:34:26:860,151145,173486
50.43,09-22-2026 21:34:26:870,151169,173479
50.44,09-22-2026 21:34:26:880,151137,173508
50.45,09-22-2026 21:34:26:890,151168,173525
50.46,09-22-2026 21:34:26:900,151124,173522
50.47,09-22-2026 21:34:26:910,151162,173512
50.48,09-22-2026 21:34:26:920,151144,173503
50.49,09-22-2026 21:34:26:930,151169,173509
50.5,09-22-2026 21:34:26:940,151157,173505
50.51,09-22-2026 21:34:26:950,151175,173512
50.52,09-22-2026 21:34:26:960,151148,173522
50.53,09-22-2026 21:34:26:970,151178,173511
50.54,09-22-2026 21:34:26:980,151148,173518
50.55,09-22-2026 21:34:26:990,151154,173509
50.56,09-22-2026 21:34:27:000,151143,173520
50.57,09-22-2026 21:34:27:010,151183,173519
50.58,09-22-2026 21:34:27:020,151164,173516
50.59,09-22-2026 21:34:27:030,151189,173529
50.6,09-22-2026 21:34:27:040,151183,173529
50.61,09-22-2026 21:34:27:050,151173,173529
50.62,09-22-2026 21:34:27:060,151186,173515
50.63,09-22-2026 21:34:27:070,151183,173520
50.64,09-22-2026 21:34:27:080,151182,173534
50.65,09-22-2026 21:34:27:090,151164,173523
50.66,09-22-2026 21:34:27:100,151202,173534
50.67,09-22-2026 21:34:27:110,151168,173529
50.68,09-22-2026 21:34:27:120,151192,173539
50.69,09-22-2026 21:34:27:130,151170,173531
50.7,09-22-2026 21:34:27:140,151219,173542
50.71,09-22-2026 21:34:27:150,151178,173523
50.72,09-22-2026 21:34:27:160,151197,173532
50.73,09-22-2026 21:34:27:170,151210,173512
50.74,09-22-2026 21:34:27:180,151211,173521
50.75,09-22-2026 21:34:27:190,151179,173523
50.76,09-22-2026 21:34:27:200,151205,173514
50.77,09-22-2026 21:34:27:210,151179,173525
50.78,09-22-2026 21:34:27:220,151213,173520
50.79,09-22-2026 21:34:27:230,151195,173529
50.8,09-22-2026 21:34:27:240,151202,173527
50.81,09-22-2026 21:34:27:250,151163,173507
50.82,09-22-2026 21:34:27:260,151223,173516
50.83,09-22-2026 21:34:27:270,151178,173530
50.84,09-22-2026 21:34:27:280,151209,173544
50.85,09-22-2026 21:34:27:290,151190,173514
50.86,09-22-2026 21:34:27:300,151211,173525
50.87,09-22-2026 21:34:27:310,151173,173541
50.88,09-22-2026 21:34:27:320,151207,173535
50.89,09-22-2026 21:34:27:330,151187,173525
50.9,09-22-2026 21:34:27:340,151199,173529
50.91,09-22-2026 21:34:27:350,151185,173527
50.92,09-22-2026 21:34:27:360,151180,173546
50.93,09-22-2026 21:34:27:370,151181,173537
50.94,09-22-2026 21:34:27:380,151201,173527
50.95,09-22-2026 21:34:27:390,151171,173538
50.96,09-22-2026 21:34:27:400,151196,173527
50.97,09-22-2026 21:34:27:410,151167,173521
50.98,09-22-2026 21:34:27:420,151193,173515
50.99,09-22-2026 21:34:27:430,151178,173543
51,09-22-2026 21:34:27:440,151189,173538
51.01,09-22-2026 21:34:27:450,151165,173540
51.02,09-22-2026 21:34:27:460,151155,173532
51.03,09-22-2026 21:34:27:470,151163,173538
51.04,09-22-2026 21:34:27:480,151177,173537
51.05,09-22-2026 21:34:27:490,151168,173530
51.06,09-22-2026 21:34:27:500,151165,173540
51.07,09-22-2026 21:34:27:510,151160,173530
51.08,09-22-2026 21:34:27:520,151157,173542
51.09,09-22-2026 21:34:27:530,151158,173524
51.1,09-22-2026 21:34:27:540,151163,173524
51.11,09-22-2026 21:34:27:550,151148,173529
51.12,09-22-2026 21:34:27:560,151172,173515
51.13,09-22-2026 21:34:27:570,151172,173535
51.14,09-22-2026 21:34:27:580,151170,173535
51.15,09-22-2026 21:34:27:590,151156,173543
51.16,09-22-2026 21:34:27:600,151179,173530
51.17,09-22-2026 21:34:27:610,151188,173531
51.18,09-22-2026 21:34:27:620,151188,173530
51.19,09-22-2026 21:34:27:630,151170,173530
51.2,09-22-2026 21:34:27:640,151167,173529
51.21,09-22-2026 21:34:27:650,151143,173523
51.22,09-22-2026 21:34:27:660,151195,173517
51.23,09-22-2026 21:34:27:670,151155,173518
51.24,09-22-2026 21:34:27:680,151133,173535
51.25,09-22-2026 21:34:27:690,151105,173522
51.26,09-22-2026 21:34:27:700,151051,173521
51.27,09-22-2026 21:34:27:710,151063,173538
51.28,09-22-2026 21:34:27:720,151049,173535
51.29,09-22-2026 21:34:27:730,150991,173533
51.3,09-22-2026 21:34:27:740,150941,173529
51.31,09-22-2026 21:34:27:750,150953,173513
51.32,09-22-2026 21:34:27:760,150971,173527
51.33,09-22-2026 21:34:27:770,150969,173521
51.34,09-22-2026 21:34:27:780,150972,173527
51.35,09-22-2026 21:34:27:790,150941,173511
51.36,09-22-2026 21:34:27:800,150920,173528
51.37,09-22-2026 21:34:27:810,150953,173515
51.38,09-22-2026 21:34:27:820,150925,173532
51.39,09-22-2026 21:34:27:830,150919,173534
51.4,09-22-2026 21:34:27:840,150910,173511
51.41,09-22-2026 21:34:27:850,150913,173504
51.42,09-22-2026 21:34:27:860,150924,173516
51.43,09-22-2026 21:34:27:870,150919,173502
51.44,09-22-2026 21:34:27:880,150920,173527
51.45,09-22-2026 21:34:27:890,150914,173506
51.46,09-22-2026 21:34:27:900,150899,173528
51.47,09-22-2026 21:34:27:910,150912,173495
51.48,09-22-2026 21:34:27:920,150922,173520
51.49,09-22-2026 21:34:27:930,150921,173499
51.5,09-22-2026 21:34:27:940,150921,173525
51.51,09-22-2026 21:34:27:950,150905,173500
51.52,09-22-2026 21:34:27:960,150920,173534
51.53,09-22-2026 21:34:27:970,150904,173456
51.54,09-22-2026 21:34:27:980,150920,173502
51.55,09-22-2026 21:34:27:990,150911,173418
51.56,09-22-2026 21:34:28:000,150922,173442
51.57,09-22-2026 21:34:28:010,150922,173394
51.58,09-22-2026 21:34:28:020,150923,173432
51.59,09-22-2026 21:34:28:030,150898,173360
51.6,09-22-2026 21:34:28:040,150909,173366
51.61,09-22-2026 21:34:28:050,150881,173306
51.62,09-22-2026 21:34:28:060,150902,173350
51.63,09-22-2026 21:34:28:070,150888,173297
51.64,09-22-2026 21:34:28:080,150907,173343
51.65,09-22-2026 21:34:28:090,150892,173282
51.66,09-22-2026 21:34:28:100,150889,173316
51.67,09-22-2026 21:34:28:110,150872,173253
51.68,09-22-2026 21:34:28:120,150839,173300
51.69,09-22-2026 21:34:28:130,150807,173270
51.7,09-22-2026 21:34:28:140,150817,173282
51.71,09-22-2026 21:34:28:150,150812,173251
51.72,09-22-2026 21:34:28:160,150806,173276
51.73,09-22-2026 21:34:28:170,150791,173257
51.74,09-22-2026 21:34:28:180,150779,173275
51.75,09-22-2026 21:34:28:190,150773,173244
51.76,09-22-2026 21:34:28:200,150761,173297
51.77,09-22-2026 21:34:28:210,150756,173276
51.78,09-22-2026 21:34:28:220,150758,173294
51.79,09-22-2026 21:34:28:230,150755,173277
51.8,09-22-2026 21:34:28:240,150757,173287
51.81,09-22-2026 21:34:28:250,150763,173306
51.82,09-22-2026 21:34:28:260,150763,173298
51.83,09-22-2026 21:34:28:270,150753,173299
51.84,09-22-2026 21:34:28:280,150758,173292
51.85,09-22-2026 21:34:28:290,150769,173305
51.86,09-22-2026 21:34:28:300,150757,173304
51.87,09-22-2026 21:34:28:310,150766,173309
51.88,09-22-2026 21:34:28:320,150755,173298
51.89,09-22-2026 21:34:28:330,150783,173304
51.9,09-22-2026 21:34:28:340,150748,173295
51.91,09-22-2026 21:34:28:350,150757,173302
51.92,09-22-2026 21:34:28:360,150770,173290
51.93,09-22-2026 21:34:28:370,150773,173288
51.94,09-22-2026 21:34:28:380,150769,173269
51.95,09-22-2026 21:34:28:390,150755,173273
51.96,09-22-2026 21:34:28:400,150783,173268
51.97,09-22-2026 21:34:28:410,150774,173291
51.98,09-22-2026 21:34:28:420,150764,173267
51.99,09-22-2026 21:34:28:430,150776,173252
52,09-22-2026 21:34:28:440,150770,173231
52.01,09-22-2026 21:34:28:450,150764,173231
52.02,09-22-2026 21:34:28:460,150772,173174
52.03,09-22-2026 21:34:28:470,150760,173223
52.04,09-22-2026 21:34:28:480,150780,173183
52.05,09-22-2026 21:34:28:490,150768,173219
52.06,09-22-2026 21:34:28:500,150778,173175
52.07,09-22-2026 21:34:28:510,150780,173217
52.08,09-22-2026 21:34:28:520,150774,173166
52.09,09-22-2026 21:34:28:530,150771,173211
52.1,09-22-2026 21:34:28:540,150785,173160
52.11,09-22-2026 21:34:28:550,150771,173216
52.12,09-22-2026 21:34:28:560,150760,173177
52.13,09-22-2026 21:34:28:570,150755,173180
52.14,09-22-2026 21:34:28:580,150731,173173
52.15,09-22-2026 21:34:28:590,150743,173203
52.16,09-22-2026 21:34:28:600,150738,173150
52.17,09-22-2026 21:34:28:610,150738,173180
52.18,09-22-2026 21:34:28:620,150750,173161
52.19,09-22-2026 21:34:28:630,150755,173187
52.2,09-22-2026 21:34:28:640,150729,173171
52.21,09-22-2026 21:34:28:650,150731,173187
52.22,09-22-2026 21:34:28:660,150735,173167
52.23,09-22-2026 21:34:28:670,150714,173182
52.24,09-22-2026 21:34:28:680,150734,173155
52.25,09-22-2026 21:34:28:690,150709,173165
52.26,09-22-2026 21:34:28:700,150742,173161
52.27,09-22-2026 21:34:28:710,150724,173174
52.28,09-22-2026 21:34:28:720,150738,173166
52.29,09-22-2026 21:34:28:730,150735,173158
52.3,09-22-2026 21:34:28:740,150734,173167
52.31,09-22-2026 21:34:28:750,150716,173151
52.32,09-22-2026 21:34:28:760,150724,173161
52.33,09-22-2026 21:34:28:770,150704,173159
52.34,09-22-2026 21:34:28:780,150710,173159
52.35,09-22-2026 21:34:28:790,150707,173155
52.36,09-22-2026 21:34:28:800,150713,173161
52.37,09-22-2026 21:34:28:810,150691,173162
52.38,09-22-2026 21:34:28:820,150738,173161
52.39,09-22-2026 21:34:28:830,150702,173170
52.4,09-22-2026 21:34:28:840,150716,173160
52.41,09-22-2026 21:34:28:850,150671,173155
52.42,09-22-2026 21:34:28:860,150729,173140
52.43,09-22-2026 21:34:28:870,150678,173142
52.44,09-22-2026 21:34:28:880,150722,173129
52.45,09-22-2026 21:34:28:890,150674,173103
52.46,09-22-2026 21:34:28:900,150718,173130
52.47,09-22-2026 21:34:28:910,150693,173128
52.48,09-22-2026 21:34:28:920,150721,173127
52.49,09-22-2026 21:34:28:930,150673,173136
52.5,09-22-2026 21:34:28:940,150738,173125
52.51,09-22-2026 21:34:28:950,150690,173135
52.52,09-22-2026 21:34:28:960,150729,173115
52.53,09-22-2026 21:34:28:970,150695,173128
52.54,09-22-2026 21:34:28:980,150728,173116
52.55,09-22-2026 21:34:28:990,150676,173119
52.56,09-22-2026 21:34:29:000,150732,173131
52.57,09-22-2026 21:34:29:010,150699,173132
52.58,09-22-2026 21:34:29:020,150741,173123
52.59,09-22-2026 21:34:29:030,150703,173126
52.6,09-22-2026 21:34:29:040,150743,173132
52.61,09-22-2026 21:34:29:050,150720,173129
52.62,09-22-2026 21:34:29:060,150739,173139
52.63,09-22-2026 21:34:29:070,150719,173122
52.64,09-22-2026 21:34:29:080,150732,173129
52.65,09-22-2026 21:34:29:090,150716,173136
52.66,09-22-2026 21:34:29:100,150737,173129
52.67,09-22-2026 21:34:29:110,150750,173129
52.68,09-22-2026 21:34:29:120,150744,173139
52.69,09-22-2026 21:34:29:130,150758,173137
52.7,09-22-2026 21:34:29:140,150749,173137
52.71,09-22-2026 21:34:29:150,150755,173129
52.72,09-22-2026 21:34:29:160,150751,173128
52.73,09-22-2026 21:34:29:170,150772,173130
52.74,09-22-2026 21:34:29:180,150760,173148
52.75,09-22-2026 21:34:29:190,150763,173131
52.76,09-22-2026 21:34:29:200,150776,173142
52.77,09-22-2026 21:34:29:210,150779,173141
52.78,09-22-2026 21:34:29:220,150750,173132
52.79,09-22-2026 21:34:29:230,150784,173138
52.8,09-22-2026 21:34:29:240,150727,173139
52.81,09-22-2026 21:34:29:250,150761,173138
52.82,09-22-2026 21:34:29:260,150737,173140
52.83,09-22-2026 21:34:29:270,150771,173136
52.84,09-22-2026 21:34:29:280,150747,173132
52.85,09-22-2026 21:34:29:290,150768,173125
52.86,09-22-2026 21:34:29:300,150734,173131
52.87,09-22-2026 21:34:29:310,150765,173156
52.88,09-22-2026 21:34:29:320,150736,173150
52.89,09-22-2026 21:34:29:330,150748,173154
52.9,09-22-2026 21:34:29:340,150696,173144
52.91,09-22-2026 21:34:29:350,150728,173136
52.92,09-22-2026 21:34:29:360,150670,173126
52.93,09-22-2026 21:34:29:370,150710,173146
52.94,09-22-2026 21:34:29:380,150646,173135
52.95,09-22-2026 21:34:29:390,150676,173149
52.96,09-22-2026 21:34:29:400,150649,173149
52.97,09-22-2026 21:34:29:410,150701,173146
52.98,09-22-2026 21:34:29:420,150650,173152
52.99,09-22-2026 21:34:29:430,150647,173138
53,09-22-2026 21:34:29:440,150624,173135
53.01,09-22-2026 21:34:29:450,150652,173149
53.02,09-22-2026 21:34:29:460,150624,173166
53.03,09-22-2026 21:34:29:470,150646,173166
53.04,09-22-2026 21:34:29:480,150619,173178
53.05,09-22-2026 21:34:29:490,150626,173201
53.06,09-22-2026 21:34:29:500,150598,173199
53.07,09-22-2026 21:34:29:510,150615,173165
53.08,09-22-2026 21:34:29:520,150587,173161
53.09,09-22-2026 21:34:29:530,150606,173177
53.1,09-22-2026 21:34:29:540,150592,173190
53.11,09-22-2026 21:34:29:550,150578,173189
53.12,09-22-2026 21:34:29:560,150598,173195
53.13,09-22-2026 21:34:29:570,150599,173193
53.14,09-22-2026 21:34:29:580,150617,173200
53.15,09-22-2026 21:34:29:590,150592,173195
53.16,09-22-2026 21:34:29:600,150589,173195
53.17,09-22-2026 21:34:29:610,150593,173185
53.18,09-22-2026 21:34:29:620,150567,173180
53.19,09-22-2026 21:34:29:630,150584,173147
53.2,09-22-2026 21:34:29:640,150594,173144
53.21,09-22-2026 21:34:29:650,150584,173153
53.22,09-22-2026 21:34:29:660,150566,173151
53.23,09-22-2026 21:34:29:670,150571,173147
53.24,09-22-2026 21:34:29:680,150577,173131
53.25,09-22-2026 21:34:29:690,150567,173128
53.26,09-22-2026 21:34:29:700,150580,173128
53.27,09-22-2026 21:34:29:710,150569,173119
53.28,09-22-2026 21:34:29:720,150567,173108
53.29,09-22-2026 21:34:29:730,150558,173118
53.3,09-22-2026 21:34:29:740,150568,173105
53.31,09-22-2026 21:34:29:750,150564,173105
53.32,09-22-2026 21:34:29:760,150569,173100
53.33,09-22-2026 21:34:29:770,150560,173106
53.34,09-22-2026 21:34:29:780,150563,173079
53.35,09-22-2026 21:34:29:790,150556,173099
53.36,09-22-2026 21:34:29:800,150566,173097
53.37,09-22-2026 21:34:29:810,150575,173085
53.38,09-22-2026 21:34:29:820,150565,173106
53.39,09-22-2026 21:34:29:830,150568,173119
53.4,09-22-2026 21:34:29:840,150553,173102
53.41,09-22-2026 21:34:29:850,150546,173101
53.42,09-22-2026 21:34:29:860,150552,173100
53.43,09-22-2026 21:34:29:870,150571,173129
53.44,09-22-2026 21:34:29:880,150562,173106
53.45,09-22-2026 21:34:29:890,150563,173115
53.46,09-22-2026 21:34:29:900,150558,173098
53.47,09-22-2026 21:34:29:910,150563,173094
53.48,09-22-2026 21:34:29:920,150590,173102
53.49,09-22-2026 21:34:29:930,150567,173119
53.5,09-22-2026 21:34:29:940,150578,173086
53.51,09-22-2026 21:34:29:950,150599,173109
53.52,09-22-2026 21:34:29:960,150583,173080
53.53,09-22-2026 21:34:29:970,150592,173097
53.54,09-22-2026 21:34:29:980,150581,173056
53.55,09-22-2026 21:34:29:990,150590,173089
53.56,09-22-2026 21:34:30:000,150592,173074
53.57,09-22-2026 21:34:30:010,150589,173089
53.58,09-22-2026 21:34:30:020,150582,173037
53.59,09-22-2026 21:34:30:030,150602,173053
53.6,09-22-2026 21:34:30:040,150590,173034
53.61,09-22-2026 21:34:30:050,150590,173070
53.62,09-22-2026 21:34:30:060,150592,173042
53.63,09-22-2026 21:34:30:070,150589,173066
53.64,09-22-2026 21:34:30:080,150603,173013
53.65,09-22-2026 21:34:30:090,150603,173092
53.66,09-22-2026 21:34:30:100,150604,173013
53.67,09-22-2026 21:34:30:110,150600,173075
53.68,09-22-2026 21:34:30:120,150596,173020
53.69,09-22-2026 21:34:30:130,150593,173078
53.7,09-22-2026 21:34:30:140,150613,173013
53.71,09-22-2026 21:34:30:150,150595,173057
53.72,09-22-2026 21:34:30:160,150600,172994
53.73,09-22-2026 21:34:30:170,150602,173061
53.74,09-22-2026 21:34:30:180,150605,173027
53.75,09-22-2026 21:34:30:190,150594,173059
53.76,09-22-2026 21:34:30:200,150596,173019
53.77,09-22-2026 21:34:30:210,150600,173063
53.78,09-22-2026 21:34:30:220,150605,173025
53.79,09-22-2026 21:34:30:230,150600,173051
53.8,09-22-2026 21:34:30:240,150593,173047
53.81,09-22-2026 21:34:30:250,150603,173090
53.82,09-22-2026 21:34:30:260,150612,173030
53.83,09-22-2026 21:34:30:270,150605,173072
53.84,09-22-2026 21:34:30:280,150593,173046
53.85,09-22-2026 21:34:30:290,150619,173052
53.86,09-22-2026 21:34:30:300,150594,173048
53.87,09-22-2026 21:34:30:310,150601,173068
53.88,09-22-2026 21:34:30:320,150606,173031
53.89,09-22-2026 21:34:30:330,150595,173064
53.9,09-22-2026 21:34:30:340,150599,173057
53.91,09-22-2026 21:34:30:350,150570,173074
53.92,09-22-2026 21:34:30:360,150601,173093
53.93,09-22-2026 21:34:30:370,150569,173069
53.94,09-22-2026 21:34:30:380,150574,173070
53.95,09-22-2026 21:34:30:390,150572,173054
53.96,09-22-2026 21:34:30:400,150564,173081
53.97,09-22-2026 21:34:30:410,150570,173082
53.98,09-22-2026 21:34:30:420,150568,173100
53.99,09-22-2026 21:34:30:430,150569,173060
54,09-22-2026 21:34:30:440,150549,173080
54.01,09-22-2026 21:34:30:450,150588,173067
54.02,09-22-2026 21:34:30:460,150584,173097
54.03,09-22-2026 21:34:30:470,150561,173080
54.04,09-22-2026 21:34:30:480,150560,173119
54.05,09-22-2026 21:34:30:490,150541,173059
54.06,09-22-2026 21:34:30:500,150540,173084
54.07,09-22-2026 21:34:30:510,150531,173078
54.08,09-22-2026 21:34:30:520,150552,173089
54.09,09-22-2026 21:34:30:530,150539,173069
54.1,09-22-2026 21:34:30:540,150556,173086
54.11,09-22-2026 21:34:30:550,150548,173087
54.12,09-22-2026 21:34:30:560,150573,173102
54.13,09-22-2026 21:34:30:570,150551,173069
54.14,09-22-2026 21:34:30:580,150568,173092
54.15,09-22-2026 21:34:30:590,150560,173063
54.16,09-22-2026 21:34:30:600,150559,173087
54.17,09-22-2026 21:34:30:610,150579,173066
54.18,09-22-2026 21:34:30:620,150560,173094
54.19,09-22-2026 21:34:30:630,150574,173041
54.2,09-22-2026 21:34:30:640,150564,173060
54.21,09-22-2026 21:34:30:650,150563,173074
54.22,09-22-2026 21:34:30:660,150578,173070
54.23,09-22-2026 21:34:30:670,150588,173049
54.24,09-22-2026 21:34:30:680,150590,173085
54.25,09-22-2026 21:34:30:690,150583,173047
54.26,09-22-2026 21:34:30:700,150571,173069
54.27,09-22-2026 21:34:30:710,150596,173038
54.28,09-22-2026 21:34:30:720,150578,173081
54.29,09-22-2026 21:34:30:730,150578,173037
54.3,09-22-2026 21:34:30:740,150563,173084
54.31,09-22-2026 21:34:30:750,150581,173057
54.32,09-22-2026 21:34:30:760,150582,173053
54.33,09-22-2026 21:34:30:770,150576,173058
54.34,09-22-2026 21:34:30:780,150566,173046
54.35,09-22-2026 21:34:30:790,150597,173029
54.36,09-22-2026 21:34:30:800,150578,173027
54.37,09-22-2026 21:34:30:810,150577,173030
54.38,09-22-2026 21:34:30:820,150579,173042
54.39,09-22-2026 21:34:30:830,150601,173029
54.4,09-22-2026 21:34:30:840,150577,173027
54.41,09-22-2026 21:34:30:850,150605,173050
54.42,09-22-2026 21:34:30:860,150585,173038
54.43,09-22-2026 21:34:30:870,150603,173031
54.44,09-22-2026 21:34:30:880,150568,173049
54.45,09-22-2026 21:34:30:890,150581,173030
54.46,09-22-2026 21:34:30:900,150557,173056
54.47,09-22-2026 21:34:30:910,150597,173029
54.48,09-22-2026 21:34:30:920,150580,173039
54.49,09-22-2026 21:34:30:930,150610,173055
54.5,09-22-2026 21:34:30:940,150552,173046
54.51,09-22-2026 21:34:30:950,150587,173048
54.52,09-22-2026 21:34:30:960,150566,173043
54.53,09-22-2026 21:34:30:970,150592,173050
54.54,09-22-2026 21:34:30:980,150550,173047
54.55,09-22-2026 21:34:30:990,150604,173055
54.56,09-22-2026 21:34:31:000,150553,173038
54.57,09-22-2026 21:34:31:010,150594,173057
54.58,09-22-2026 21:34:31:020,150566,173041
54.59,09-22-2026 21:34:31:030,150608,173036
54.6,09-22-2026 21:34:31:040,150573,173054
54.61,09-22-2026 21:34:31:050,150603,173047
54.62,09-22-2026 21:34:31:060,150564,173048
54.63,09-22-2026 21:34:31:070,150617,173040
54.64,09-22-2026 21:34:31:080,150582,173046
54.65,09-22-2026 21:34:31:090,150597,173055
54.66,09-22-2026 21:34:31:100,150607,173072
54.67,09-22-2026 21:34:31:110,150617,173049
54.68,09-22-2026 21:34:31:120,150586,173053
54.69,09-22-2026 21:34:31:130,150623,173060
54.7,09-22-2026 21:34:31:140,150591,173059
54.71,09-22-2026 21:34:31:150,150632,173057
54.72,09-22-2026 21:34:31:160,150609,173059
54.73,09-22-2026 21:34:31:170,150610,173036
54.74,09-22-2026 21:34:31:180,150620,173059
54.75,09-22-2026 21:34:31:190,150614,173055
54.76,09-22-2026 21:34:31:200,150618,173056
54.77,09-22-2026 21:34:31:210,150593,173050
54.78,09-22-2026 21:34:31:220,150599,173047
54.79,09-22-2026 21:34:31:230,150592,173056
54.8,09-22-2026 21:34:31:240,150595,173046
54.81,09-22-2026 21:34:31:250,150590,173053
54.82,09-22-2026 21:34:31:260,150616,173046
54.83,09-22-2026 21:34:31:270,150587,173035
54.84,09-22-2026 21:34:31:280,150589,173037
54.85,09-22-2026 21:34:31:290,150591,173037
54.86,09-22-2026 21:34:31:300,150605,173046
54.87,09-22-2026 21:34:31:310,150582,173028
54.88,09-22-2026 21:34:31:320,150578,173043
54.89,09-22-2026 21:34:31:330,150573,173037
54.9,09-22-2026 21:34:31:340,150591,173036
54.91,09-22-2026 21:34:31:350,150585,173059
54.92,09-22-2026 21:34:31:360,150586,173049
54.93,09-22-2026 21:34:31:370,150584,173055
54.94,09-22-2026 21:34:31:380,150614,173058
54.95,09-22-2026 21:34:31:390,150572,173048
54.96,09-22-2026 21:34:31:400,150641,173035
54.97,09-22-2026 21:34:31:410,150565,173052
54.98,09-22-2026 21:34:31:420,150618,173058
54.99,09-22-2026 21:34:31:430,150594,173048
55,09-22-2026 21:34:31:440,150611,173056
55.01,09-22-2026 21:34:31:450,150588,173046
55.02,09-22-2026 21:34:31:460,150607,173047
55.03,09-22-2026 21:34:31:470,150568,173038
55.04,09-22-2026 21:34:31:480,150589,173055
55.05,09-22-2026 21:34:31:490,150592,173050
55.06,09-22-2026 21:34:31:500,150607,173045
55.07,09-22-2026 21:34:31:510,150579,173044
55.08,09-22-2026 21:34:31:520,150598,173042
55.09,09-22-2026 21:34:31:530,150597,173041
55.1,09-22-2026 21:34:31:540,150563,173062
55.11,09-22-2026 21:34:31:550,150579,173019
55.12,09-22-2026 21:34:31:560,150588,173021
55.13,09-22-2026 21:34:31:570,150582,173032
55.14,09-22-2026 21:34:31:580,150587,173061
55.15,09-22-2026 21:34:31:590,150578,173023
55.16,09-22-2026 21:34:31:600,150596,173033
55.17,09-22-2026 21:34:31:610,150589,173027
55.18,09-22-2026 21:34:31:620,150583,173039
55.19,09-22-2026 21:34:31:630,150587,173029
55.2,09-22-2026 21:34:31:640,150592,173034
55.21,09-22-2026 21:34:31:650,150592,173039
55.22,09-22-2026 21:34:31:660,150604,173036
55.23,09-22-2026 21:34:31:670,150574,173034
55.24,09-22-2026 21:34:31:680,150597,173027
55.25,09-22-2026 21:34:31:690,150603,173027
55.26,09-22-2026 21:34:31:700,150583,173041
55.27,09-22-2026 21:34:31:710,150588,173056
55.28,09-22-2026 21:34:31:720,150613,173026
55.29,09-22-2026 21:34:31:730,150592,173014
55.3,09-22-2026 21:34:31:740,150592,173024
55.31,09-22-2026 21:34:31:750,150596,173049
55.32,09-22-2026 21:34:31:760,150590,173048
55.33,09-22-2026 21:34:31:770,150599,173048
55.34,09-22-2026 21:34:31:780,150596,173026
55.35,09-22-2026 21:34:31:790,150590,173041
55.36,09-22-2026 21:34:31:800,150587,173040
55.37,09-22-2026 21:34:31:810,150593,173056
55.38,09-22-2026 21:34:31:820,150595,173026
55.39,09-22-2026 21:34:31:830,150602,173033
55.4,09-22-2026 21:34:31:840,150602,173032
55.41,09-22-2026 21:34:31:850,150612,173030
55.42,09-22-2026 21:34:31:860,150593,173031
55.43,09-22-2026 21:34:31:870,150603,173022
55.44,09-22-2026 21:34:31:880,150601,173039
55.45,09-22-2026 21:34:31:890,150617,173005
55.46,09-22-2026 21:34:31:900,150617,173032
55.47,09-22-2026 21:34:31:910,150620,173043
55.48,09-22-2026 21:34:31:920,150609,173027
55.49,09-22-2026 21:34:31:930,150613,173024
55.5,09-22-2026 21:34:31:940,150609,173030
55.51,09-22-2026 21:34:31:950,150622,173035
55.52,09-22-2026 21:34:31:960,150609,173031
55.53,09-22-2026 21:34:31:970,150636,173023
55.54,09-22-2026 21:34:31:980,150620,173039
55.55,09-22-2026 21:34:31:990,150625,173016
55.56,09-22-2026 21:34:32:000,150618,173039
55.57,09-22-2026 21:34:32:010,150628,173010
55.58,09-22-2026 21:34:32:020,150623,173030
55.59,09-22-2026 21:34:32:030,150616,172996
55.6,09-22-2026 21:34:32:040,150632,172996
55.61,09-22-2026 21:34:32:050,150630,173039
55.62,09-22-2026 21:34:32:060,150614,173008
55.63,09-22-2026 21:34:32:070,150612,173032
55.64,09-22-2026 21:34:32:080,150627,172986
55.65,09-22-2026 21:34:32:090,150620,173041
55.66,09-22-2026 21:34:32:100,150612,172994
55.67,09-22-2026 21:34:32:110,150611,173034
55.68,09-22-2026 21:34:32:120,150609,173002
55.69,09-22-2026 21:34:32:130,150603,173034
55.7,09-22-2026 21:34:32:140,150617,172990
55.71,09-22-2026 21:34:32:150,150588,173036
55.72,09-22-2026 21:34:32:160,150618,172977
55.73,09-22-2026 21:34:32:170,150602,173046
55.74,09-22-2026 21:34:32:180,150586,172988
55.75,09-22-2026 21:34:32:190,150607,173051
55.76,09-22-2026 21:34:32:200,150616,172988
55.77,09-22-2026 21:34:32:210,150607,173047
55.78,09-22-2026 21:34:32:220,150592,173000
55.79,09-22-2026 21:34:32:230,150591,173051
55.8,09-22-2026 21:34:32:240,150586,172974
55.81,09-22-2026 21:34:32:250,150597,173058
55.82,09-22-2026 21:34:32:260,150599,173010
55.83,09-22-2026 21:34:32:270,150613,173050
55.84,09-22-2026 21:34:32:280,150597,173024
55.85,09-22-2026 21:34:32:290,150578,173041
55.86,09-22-2026 21:34:32:300,150606,173037
55.87,09-22-2026 21:34:32:310,150590,173039
55.88,09-22-2026 21:34:32:320,150590,172989
55.89,09-22-2026 21:34:32:330,150593,173054
55.9,09-22-2026 21:34:32:340,150595,173018
55.91,09-22-2026 21:34:32:350,150583,173043
55.92,09-22-2026 21:34:32:360,150586,173027
55.93,09-22-2026 21:34:32:370,150584,173050
55.94,09-22-2026 21:34:32:380,150598,173031
55.95,09-22-2026 21:34:32:390,150597,173042
55.96,09-22-2026 21:34:32:400,150596,173060
55.97,09-22-2026 21:34:32:410,150596,173048
55.98,09-22-2026 21:34:32:420,150590,173052
55.99,09-22-2026 21:34:32:430,150589,173042
56,09-22-2026 21:34:32:440,150589,173061
56.01,09-22-2026 21:34:32:450,150587,173050
56.02,09-22-2026 21:34:32:460,150587,173060
56.03,09-22-2026 21:34:32:470,150588,173038
56.04,09-22-2026 21:34:32:480,150581,173056
56.05,09-22-2026 21:34:32:490,150590,173029
56.06,09-22-2026 21:34:32:500,150582,173055
56.07,09-22-2026 21:34:32:510,150602,173034
56.08,09-22-2026 21:34:32:520,150596,173067
56.09,09-22-2026 21:34:32:530,150600,173045
56.1,09-22-2026 21:34:32:540,150600,173067
56.11,09-22-2026 21:34:32:550,150609,173062
56.12,09-22-2026 21:34:32:560,150581,173077
56.13,09-22-2026 21:34:32:570,150611,173051
56.14,09-22-2026 21:34:32:580,150613,173079
56.15,09-22-2026 21:34:32:590,150607,173057
56.16,09-22-2026 21:34:32:600,150584,173091
56.17,09-22-2026 21:34:32:610,150603,173041
56.18,09-22-2026 21:34:32:620,150593,173063
56.19,09-22-2026 21:34:32:630,150601,173066
56.2,09-22-2026 21:34:32:640,150610,173089
56.21,09-22-2026 21:34:32:650,150605,173036
56.22,09-22-2026 21:34:32:660,150607,173088
56.23,09-22-2026 21:34:32:670,150612,173026
56.24,09-22-2026 21:34:32:680,150616,173078
56.25,09-22-2026 21:34:32:690,150602,173060
56.26,09-22-2026 21:34:32:700,150606,173048
56.27,09-22-2026 21:34:32:710,150616,173051
56.28,09-22-2026 21:34:32:720,150614,173051
56.29,09-22-2026 21:34:32:730,150612,173036
56.3,09-22-2026 21:34:32:740,150620,173069
56.31,09-22-2026 21:34:32:750,150616,173033
56.32,09-22-2026 21:34:32:760,150605,173064
56.33,09-22-2026 21:34:32:770,150615,173063
56.34,09-22-2026 21:34:32:780,150623,173056
56.35,09-22-2026 21:34:32:790,150610,173047
56.36,09-22-2026 21:34:32:800,150611,173044
56.37,09-22-2026 21:34:32:810,150617,173044
56.38,09-22-2026 21:34:32:820,150601,173048
56.39,09-22-2026 21:34:32:830,150607,173040
56.4,09-22-2026 21:34:32:840,150609,173047
56.41,09-22-2026 21:34:32:850,150609,173046
56.42,09-22-2026 21:34:32:860,150590,173052
56.43,09-22-2026 21:34:32:870,150628,173039
56.44,09-22-2026 21:34:32:880,150600,173054
56.45,09-22-2026 21:34:32:890,150637,173054
56.46,09-22-2026 21:34:32:900,150591,173049
56.47,09-22-2026 21:34:32:910,150623,173057
56.48,09-22-2026 21:34:32:920,150610,173050
56.49,09-22-2026 21:34:32:930,150623,173042
56.5,09-22-2026 21:34:32:940,150593,173052
56.51,09-22-2026 21:34:32:950,150628,173059
56.52,09-22-2026 21:34:32:960,150595,173065
56.53,09-22-2026 21:34:32:970,150630,173046
56.54,09-22-2026 21:34:32:980,150572,173041
56.55,09-22-2026 21:34:32:990,150626,173047
56.56,09-22-2026 21:34:33:000,150577,173047
56.57,09-22-2026 21:34:33:010,150630,173058
56.58,09-22-2026 21:34:33:020,150548,173064
56.59,09-22-2026 21:34:33:030,150614,173041
56.6,09-22-2026 21:34:33:040,150563,173070
56.61,09-22-2026 21:34:33:050,150618,173053
56.62,09-22-2026 21:34:33:060,150542,173053
56.63,09-22-2026 21:34:33:070,150613,173048
56.64,09-22-2026 21:34:33:080,150560,173069
56.65,09-22-2026 21:34:33:090,150627,173059
56.66,09-22-2026 21:34:33:100,150590,173052
56.67,09-22-2026 21:34:33:110,150611,173073
56.68,09-22-2026 21:34:33:120,150588,173055
56.69,09-22-2026 21:34:33:130,150600,173048
56.7,09-22-2026 21:34:33:140,150578,173071
56.71,09-22-2026 21:34:33:150,150600,173057
56.72,09-22-2026 21:34:33:160,150588,173062
56.73,09-22-2026 21:34:33:170,150607,173049
56.74,09-22-2026 21:34:33:180,150587,173074
56.75,09-22-2026 21:34:33:190,150603,173051
56.76,09-22-2026 21:34:33:200,150599,173068
56.77,09-22-2026 21:34:33:210,150592,173060
56.78,09-22-2026 21:34:33:220,150613,173068
56.79,09-22-2026 21:34:33:230,150610,173075
56.8,09-22-2026 21:34:33:240,150626,173091
56.81,09-22-2026 21:34:33:250,150600,173042
56.82,09-22-2026 21:34:33:260,150625,173067
56.83,09-22-2026 21:34:33:270,150604,173074
56.84,09-22-2026 21:34:33:280,150617,173046
56.85,09-22-2026 21:34:33:290,150597,173069
56.86,09-22-2026 21:34:33:300,150618,173047
56.87,09-22-2026 21:34:33:310,150601,173065
56.88,09-22-2026 21:34:33:320,150631,173076
56.89,09-22-2026 21:34:33:330,150613,173046
56.9,09-22-2026 21:34:33:340,150639,173059
56.91,09-22-2026 21:34:33:350,150621,173062
56.92,09-22-2026 21:34:33:360,150647,173061
56.93,09-22-2026 21:34:33:370,150616,173060
56.94,09-22-2026 21:34:33:380,150652,173059
56.95,09-22-2026 21:34:33:390,150598,173057
56.96,09-22-2026 21:34:33:400,150628,173066
56.97,09-22-2026 21:34:33:410,150612,173035
56.98,09-22-2026 21:34:33:420,150646,173065
56.99,09-22-2026 21:34:33:430,150606,173051
57,09-22-2026 21:34:33:440,150640,173047
57.01,09-22-2026 21:34:33:450,150625,173065
57.02,09-22-2026 21:34:33:460,150663,173051
57.03,09-22-2026 21:34:33:470,150608,173052
57.04,09-22-2026 21:34:33:480,150650,173049
57.05,09-22-2026 21:34:33:490,150618,173064
57.06,09-22-2026 21:34:33:500,150630,173041
57.07,09-22-2026 21:34:33:510,150618,173039
57.08,09-22-2026 21:34:33:520,150636,173041
57.09,09-22-2026 21:34:33:530,150612,173068
57.1,09-22-2026 21:34:33:540,150650,173044
57.11,09-22-2026 21:34:33:550,150611,173071
57.12,09-22-2026 21:34:33:560,150648,173052
57.13,09-22-2026 21:34:33:570,150618,173053
57.14,09-22-2026 21:34:33:580,150624,173071
57.15,09-22-2026 21:34:33:590,150626,173054
57.16,09-22-2026 21:34:33:600,150636,173037
57.17,09-22-2026 21:34:33:610,150632,173045
57.18,09-22-2026 21:34:33:620,150619,173066
57.19,09-22-2026 21:34:33:630,150624,173058
57.2,09-22-2026 21:34:33:640,150629,173054
57.21,09-22-2026 21:34:33:650,150619,173050
57.22,09-22-2026 21:34:33:660,150647,173046
57.23,09-22-2026 21:34:33:670,150630,173063
57.24,09-22-2026 21:34:33:680,150625,173054
57.25,09-22-2026 21:34:33:690,150646,173050
57.26,09-22-2026 21:34:33:700,150632,173044
57.27,09-22-2026 21:34:33:710,150640,173059
57.28,09-22-2026 21:34:33:720,150645,173054
57.29,09-22-2026 21:34:33:730,150638,173054
57.3,09-22-2026 21:34:33:740,150648,173068
57.31,09-22-2026 21:34:33:750,150630,173047
57.32,09-22-2026 21:34:33:760,150637,173076
57.33,09-22-2026 21:34:33:770,150633,173040
57.34,09-22-2026 21:34:33:780,150637,173057
57.35,09-22-2026 21:34:33:790,150643,173058
57.36,09-22-2026 21:34:33:800,150643,173044
57.37,09-22-2026 21:34:33:810,150651,173067
57.38,09-22-2026 21:34:33:820,150633,173051
57.39,09-22-2026 21:34:33:830,150645,173047
57.4,09-22-2026 21:34:33:840,150642,173054
57.41,09-22-2026 21:34:33:850,150638,173060
57.42,09-22-2026 21:34:33:860,150630,173055
57.43,09-22-2026 21:34:33:870,150634,173051
57.44,09-22-2026 21:34:33:880,150619,173043
57.45,09-22-2026 21:34:33:890,150613,173064
57.46,09-22-2026 21:34:33:900,150623,173039
57.47,09-22-2026 21:34:33:910,150622,173065
57.48,09-22-2026 21:34:33:920,150614,173056
57.49,09-22-2026 21:34:33:930,150615,173047
57.5,09-22-2026 21:34:33:940,150618,173052
57.51,09-22-2026 21:34:33:950,150617,173051
57.52,09-22-2026 21:34:33:960,150593,173049
57.53,09-22-2026 21:34:33:970,150622,173051
57.54,09-22-2026 21:34:33:980,150604,173058
57.55,09-22-2026 21:34:33:990,150605,173072
57.56,09-22-2026 21:34:34:000,150617,173065
57.57,09-22-2026 21:34:34:010,150607,173068
57.58,09-22-2026 21:34:34:020,150605,173074
57.59,09-22-2026 21:34:34:030,150593,173046
57.6,09-22-2026 21:34:34:040,150607,173076
57.61,09-22-2026 21:34:34:050,150604,173039
57.62,09-22-2026 21:34:34:060,150602,173062
57.63,09-22-2026 21:34:34:070,150612,173057
57.64,09-22-2026 21:34:34:080,150612,173054
57.65,09-22-2026 21:34:34:090,150600,173036
57.66,09-22-2026 21:34:34:100,150619,173072
57.67,09-22-2026 21:34:34:110,150605,173040
57.68,09-22-2026 21:34:34:120,150602,173062
57.69,09-22-2026 21:34:34:130,150602,173034
57.7,09-22-2026 21:34:34:140,150591,173067
57.71,09-22-2026 21:34:34:150,150605,173061
57.72,09-22-2026 21:34:34:160,150604,173065
57.73,09-22-2026 21:34:34:170,150615,173014
57.74,09-22-2026 21:34:34:180,150608,173062
57.75,09-22-2026 21:34:34:190,150603,173027
57.76,09-22-2026 21:34:34:200,150595,173048
57.77,09-22-2026 21:34:34:210,150621,173011
57.78,09-22-2026 21:34:34:220,150636,173047
57.79,09-22-2026 21:34:34:230,150615,173006
57.8,09-22-2026 21:34:34:240,150608,173056
57.81,09-22-2026 21:34:34:250,150597,172977
57.82,09-22-2026 21:34:34:260,150614,173067
57.83,09-22-2026 21:34:34:270,150621,172994
57.84,09-22-2026 21:34:34:280,150632,173058
57.85,09-22-2026 21:34:34:290,150621,172998
57.86,09-22-2026 21:34:34:300,150605,173066
57.87,09-22-2026 21:34:34:310,150627,173032
57.88,09-22-2026 21:34:34:320,150627,173067
57.89,09-22-2026 21:34:34:330,150639,173026
57.9,09-22-2026 21:34:34:340,150613,173053
57.91,09-22-2026 21:34:34:350,150625,173056
57.92,09-22-2026 21:34:34:360,150627,173073
57.93,09-22-2026 21:34:34:370,150627,173046
57.94,09-22-2026 21:34:34:380,150635,173077
57.95,09-22-2026 21:34:34:390,150628,173034
57.96,09-22-2026 21:34:34:400,150635,173078
57.97,09-22-2026 21:34:34:410,150645,173059
57.98,09-22-2026 21:34:34:420,150637,173073
57.99,09-22-2026 21:34:34:430,150642,173084
58,09-22-2026 21:34:34:440,150637,173062
58.01,09-22-2026 21:34:34:450,150629,173078
58.02,09-22-2026 21:34:34:460,150637,173082
58.03,09-22-2026 21:34:34:470,150633,173067
58.04,09-22-2026 21:34:34:480,150650,173064
58.05,09-22-2026 21:34:34:490,150637,173076
58.06,09-22-2026 21:34:34:500,150646,173068
58.07,09-22-2026 21:34:34:510,150639,173081
58.08,09-22-2026 21:34:34:520,150637,173070
58.09,09-22-2026 21:34:34:530,150656,173089
58.1,09-22-2026 21:34:34:540,150655,173082
58.11,09-22-2026 21:34:34:550,150644,173081
58.12,09-22-2026 21:34:34:560,150657,173065
58.13,09-22-2026 21:34:34:570,150650,173102
58.14,09-22-2026 21:34:34:580,150662,173082
58.15,09-22-2026 21:34:34:590,150654,173104
58.16,09-22-2026 21:34:34:600,150654,173072
58.17,09-22-2026 21:34:34:610,150653,173103
58.18,09-22-2026 21:34:34:620,150644,173075
58.19,09-22-2026 21:34:34:630,150648,173093
58.2,09-22-2026 21:34:34:640,150659,173067
58.21,09-22-2026 21:34:34:650,150660,173126
58.22,09-22-2026 21:34:34:660,150676,173070
58.23,09-22-2026 21:34:34:670,150659,173123
58.24,09-22-2026 21:34:34:680,150658,173081
58.25,09-22-2026 21:34:34:690,150652,173107
58.26,09-22-2026 21:34:34:700,150648,173081
58.27,09-22-2026 21:34:34:710,150654,173091
58.28,09-22-2026 21:34:34:720,150661,173076
58.29,09-22-2026 21:34:34:730,150672,173081
58.3,09-22-2026 21:34:34:740,150660,173057
58.31,09-22-2026 21:34:34:750,150641,173080
58.32,09-22-2026 21:34:34:760,150663,173079
58.33,09-22-2026 21:34:34:770,150660,173083
58.34,09-22-2026 21:34:34:780,150648,173071
58.35,09-22-2026 21:34:34:790,150648,173088
58.36,09-22-2026 21:34:34:800,150643,173092
58.37,09-22-2026 21:34:34:810,150653,173094
58.38,09-22-2026 21:34:34:820,150648,173074
58.39,09-22-2026 21:34:34:830,150640,173089
58.4,09-22-2026 21:34:34:840,150633,173086
58.41,09-22-2026 21:34:34:850,150624,173080
58.42,09-22-2026 21:34:34:860,150633,173076
58.43,09-22-2026 21:34:34:870,150616,173091
58.44,09-22-2026 21:34:34:880,150620,173081
58.45,09-22-2026 21:34:34:890,150620,173073
58.46,09-22-2026 21:34:34:900,150622,173090
58.47,09-22-2026 21:34:34:910,150588,173077
58.48,09-22-2026 21:34:34:920,150620,173085
58.49,09-22-2026 21:34:34:930,150585,173095
58.5,09-22-2026 21:34:34:940,150645,173103
58.51,09-22-2026 21:34:34:950,150614,173088
58.52,09-22-2026 21:34:34:960,150613,173093
58.53,09-22-2026 21:34:34:970,150588,173088
58.54,09-22-2026 21:34:34:980,150611,173095
58.55,09-22-2026 21:34:34:990,150584,173083
58.56,09-22-2026 21:34:35:000,150623,173089
58.57,09-22-2026 21:34:35:010,150575,173080
58.58,09-22-2026 21:34:35:020,150618,173084
58.59,09-22-2026 21:34:35:030,150582,173088
58.6,09-22-2026 21:34:35:040,150621,173096
58.61,09-22-2026 21:34:35:050,150583,173092
58.62,09-22-2026 21:34:35:060,150613,173084
58.63,09-22-2026 21:34:35:070,150548,173085
58.64,09-22-2026 21:34:35:080,150618,173088
58.65,09-22-2026 21:34:35:090,150576,173075
58.66,09-22-2026 21:34:35:100,150622,173074
58.67,09-22-2026 21:34:35:110,150585,173084
58.68,09-22-2026 21:34:35:120,150622,173074
58.69,09-22-2026 21:34:35:130,150599,173081
58.7,09-22-2026 21:34:35:140,150628,173083
58.71,09-22-2026 21:34:35:150,150590,173067
58.72,09-22-2026 21:34:35:160,150629,173070
58.73,09-22-2026 21:34:35:170,150602,173073
58.74,09-22-2026 21:34:35:180,150634,173069
58.75,09-22-2026 21:34:35:190,150600,173084
58.76,09-22-2026 21:34:35:200,150615,173079
58.77,09-22-2026 21:34:35:210,150606,173077
58.78,09-22-2026 21:34:35:220,150614,173085
58.79,09-22-2026 21:34:35:230,150601,173097
58.8,09-22-2026 21:34:35:240,150644,173089
58.81,09-22-2026 21:34:35:250,150626,173081
58.82,09-22-2026 21:34:35:260,150643,173085
58.83,09-22-2026 21:34:35:270,150637,173071
58.84,09-22-2026 21:34:35:280,150635,173068
58.85,09-22-2026 21:34:35:290,150649,173080
58.86,09-22-2026 21:34:35:300,150631,173082
58.87,09-22-2026 21:34:35:310,150649,173088
58.88,09-22-2026 21:34:35:320,150627,173087
58.89,09-22-2026 21:34:35:330,150645,173088
58.9,09-22-2026 21:34:35:340,150649,173082
58.91,09-22-2026 21:34:35:350,150653,173084
58.92,09-22-2026 21:34:35:360,150642,173079
58.93,09-22-2026 21:34:35:370,150655,173078
58.94,09-22-2026 21:34:35:380,150641,173079
58.95,09-22-2026 21:34:35:390,150664,173079
58.96,09-22-2026 21:34:35:400,150640,173082
58.97,09-22-2026 21:34:35:410,150660,173077
58.98,09-22-2026 21:34:35:420,150623,173078
58.99,09-22-2026 21:34:35:430,150677,173069
59,09-22-2026 21:34:35:440,150631,173091
59.01,09-22-2026 21:34:35:450,150662,173079
59.02,09-22-2026 21:34:35:460,150646,173097
59.03,09-22-2026 21:34:35:470,150660,173089
59.04,09-22-2026 21:34:35:480,150659,173069
59.05,09-22-2026 21:34:35:490,150680,173078
59.06,09-22-2026 21:34:35:500,150643,173098
59.07,09-22-2026 21:34:35:510,150679,173082
59.08,09-22-2026 21:34:35:520,150646,173055
59.09,09-22-2026 21:34:35:530,150668,173071
59.1,09-22-2026 21:34:35:540,150640,173072
59.11,09-22-2026 21:34:35:550,150696,173071
59.12,09-22-2026 21:34:35:560,150647,173085
59.13,09-22-2026 21:34:35:570,150666,173085
59.14,09-22-2026 21:34:35:580,150642,173095
59.15,09-22-2026 21:34:35:590,150659,173099
59.16,09-22-2026 21:34:35:600,150646,173095
59.17,09-22-2026 21:34:35:610,150666,173097
59.18,09-22-2026 21:34:35:620,150651,173072
59.19,09-22-2026 21:34:35:630,150667,173082
59.2,09-22-2026 21:34:35:640,150667,173080
59.21,09-22-2026 21:34:35:650,150651,173074
59.22,09-22-2026 21:34:35:660,150635,173078
59.23,09-22-2026 21:34:35:670,150653,173083
59.24,09-22-2026 21:34:35:680,150621,173070
59.25,09-22-2026 21:34:35:690,150619,173077
59.26,09-22-2026 21:34:35:700,150618,173089
59.27,09-22-2026 21:34:35:710,150617,173089
59.28,09-22-2026 21:34:35:720,150608,173085
59.29,09-22-2026 21:34:35:730,150622,173077
59.3,09-22-2026 21:34:35:740,150610,173086
59.31,09-22-2026 21:34:35:750,150620,173068
59.32,09-22-2026 21:34:35:760,150618,173087
59.33,09-22-2026 21:34:35:770,150623,173097
59.34,09-22-2026 21:34:35:780,150615,173077
59.35,09-22-2026 21:34:35:790,150628,173074
59.36,09-22-2026 21:34:35:800,150627,173087
59.37,09-22-2026 21:34:35:810,150601,173082
59.38,09-22-2026 21:34:35:820,150611,173068
59.39,09-22-2026 21:34:35:830,150606,173079
59.4,09-22-2026 21:34:35:840,150612,173087
59.41,09-22-2026 21:34:35:850,150612,173096
59.42,09-22-2026 21:34:35:860,150607,173095
59.43,09-22-2026 21:34:35:870,150611,173087
59.44,09-22-2026 21:34:35:880,150641,173096
59.45,09-22-2026 21:34:35:890,150621,173080
59.46,09-22-2026 21:34:35:900,150631,173078
59.47,09-22-2026 21:34:35:910,150630,173077
59.48,09-22-2026 21:34:35:920,150623,173067
59.49,09-22-2026 21:34:35:930,150668,173078
59.5,09-22-2026 21:34:35:940,150639,173088
59.51,09-22-2026 21:34:35:950,150655,173073
59.52,09-22-2026 21:34:35:960,150657,173071
59.53,09-22-2026 21:34:35:970,150668,173085
59.54,09-22-2026 21:34:35:980,150660,173067
59.55,09-22-2026 21:34:35:990,150684,173057
59.56,09-22-2026 21:34:36:000,150669,173058
59.57,09-22-2026 21:34:36:010,150661,173068
59.58,09-22-2026 21:34:36:020,150679,173070
59.59,09-22-2026 21:34:36:030,150682,173071
59.6,09-22-2026 21:34:36:040,150704,173060
59.61,09-22-2026 21:34:36:050,150680,173072
59.62,09-22-2026 21:34:36:060,150684,173059
59.63,09-22-2026 21:34:36:070,150692,173058
59.64,09-22-2026 21:34:36:080,150686,173052
59.65,09-22-2026 21:34:36:090,150703,173078
59.66,09-22-2026 21:34:36:100,150707,173062
59.67,09-22-2026 21:34:36:110,150711,173063
59.68,09-22-2026 21:34:36:120,150714,173066
59.69,09-22-2026 21:34:36:130,150727,173078
59.7,09-22-2026 21:34:36:140,150711,173044
59.71,09-22-2026 21:34:36:150,150715,173071
59.72,09-22-2026 21:34:36:160,150714,173044
59.73,09-22-2026 21:34:36:170,150723,173082
59.74,09-22-2026 21:34:36:180,150719,173047
59.75,09-22-2026 21:34:36:190,150715,173086
59.76,09-22-2026 21:34:36:200,150717,173064
59.77,09-22-2026 21:34:36:210,150710,173110
59.78,09-22-2026 21:34:36:220,150717,173071
59.79,09-22-2026 21:34:36:230,150721,173122
59.8,09-22-2026 21:34:36:240,150728,173065
59.81,09-22-2026 21:34:36:250,150728,173158
59.82,09-22-2026 21:34:36:260,150731,173104
59.83,09-22-2026 21:34:36:270,150708,173133
59.84,09-22-2026 21:34:36:280,150736,173070
59.85,09-22-2026 21:34:36:290,150720,173124
59.86,09-22-2026 21:34:36:300,150731,173087
59.87,09-22-2026 21:34:36:310,150727,173129
59.88,09-22-2026 21:34:36:320,150735,173071
59.89,09-22-2026 21:34:36:330,150729,173128
59.9,09-22-2026 21:34:36:340,150718,173048
59.91,09-22-2026 21:34:36:350,150712,173130
59.92,09-22-2026 21:34:36:360,150726,173065
59.93,09-22-2026 21:34:36:370,150728,173129
59.94,09-22-2026 21:34:36:380,150733,173117
59.95,09-22-2026 21:34:36:390,150730,173140
59.96,09-22-2026 21:34:36:400,150726,173135
59.97,09-22-2026 21:34:36:410,150734,173159
59.98,09-22-2026 21:34:36:420,150743,173137
59.99,09-22-2026 21:34:36:430,150758,173137
60,09-22-2026 21:34:36:440,150739,173121
60.01,09-22-2026 21:34:36:450,150724,173137
60.02,09-22-2026 21:34:36:460,150722,173131
60.03,09-22-2026 21:34:36:470,150735,173126
60.04,09-22-2026 21:34:36:480,150738,173149
60.05,09-22-2026 21:34:36:490,150739,173155
60.06,09-22-2026 21:34:36:500,150714,173168
60.07,09-22-2026 21:34:36:510,150725,173155
60.08,09-22-2026 21:34:36:520,150713,173142
60.09,09-22-2026 21:34:36:530,150723,173161
60.1,09-22-2026 21:34:36:540,150713,173161
60.11,09-22-2026 21:34:36:550,150698,173148
60.12,09-22-2026 21:34:36:560,150696,173165
60.13,09-22-2026 21:34:36:570,150720,173147
60.14,09-22-2026 21:34:36:580,150706,173167
60.15,09-22-2026 21:34:36:590,150717,173144
60.16,09-22-2026 21:34:36:600,150707,173162
60.17,09-22-2026 21:34:36:610,150706,173157
60.18,09-22-2026 21:34:36:620,150715,173153
60.19,09-22-2026 21:34:36:630,150697,173129
60.2,09-22-2026 21:34:36:640,150703,173184
60.21,09-22-2026 21:34:36:650,150712,173148
60.22,09-22-2026 21:34:36:660,150712,173176
60.23,09-22-2026 21:34:36:670,150701,173137
60.24,09-22-2026 21:34:36:680,150706,173145
60.25,09-22-2026 21:34:36:690,150710,173140
60.26,09-22-2026 21:34:36:700,150688,173190
60.27,09-22-2026 21:34:36:710,150706,173137
60.28,09-22-2026 21:34:36:720,150694,173194
60.29,09-22-2026 21:34:36:730,150705,173166
60.3,09-22-2026 21:34:36:740,150677,173184
60.31,09-22-2026 21:34:36:750,150707,173144
60.32,09-22-2026 21:34:36:760,150704,173192
60.33,09-22-2026 21:34:36:770,150718,173157
60.34,09-22-2026 21:34:36:780,150720,173162
60.35,09-22-2026 21:34:36:790,150707,173132
60.36,09-22-2026 21:34:36:800,150711,173185
60.37,09-22-2026 21:34:36:810,150701,173143
60.38,09-22-2026 21:34:36:820,150717,173169
60.39,09-22-2026 21:34:36:830,150706,173159
60.4,09-22-2026 21:34:36:840,150706,173144
60.41,09-22-2026 21:34:36:850,150697,173156
60.42,09-22-2026 21:34:36:860,150695,173169
60.43,09-22-2026 21:34:36:870,150694,173137
60.44,09-22-2026 21:34:36:880,150699,173159
60.45,09-22-2026 21:34:36:890,150701,173139
60.46,09-22-2026 21:34:36:900,150703,173158
60.47,09-22-2026 21:34:36:910,150727,173151
60.48,09-22-2026 21:34:36:920,150682,173142
60.49,09-22-2026 21:34:36:930,150721,173150
60.5,09-22-2026 21:34:36:940,150668,173148
60.51,09-22-2026 21:34:36:950,150693,173150
60.52,09-22-2026 21:34:36:960,150689,173137
60.53,09-22-2026 21:34:36:970,150715,173139
60.54,09-22-2026 21:34:36:980,150672,173134
60.55,09-22-2026 21:34:36:990,150730,173148
60.56,09-22-2026 21:34:37:000,150687,173156
60.57,09-22-2026 21:34:37:010,150716,173150
60.58,09-22-2026 21:34:37:020,150680,173145
60.59,09-22-2026 21:34:37:030,150737,173118
60.6,09-22-2026 21:34:37:040,150677,173131
60.61,09-22-2026 21:34:37:050,150713,173146
60.62,09-22-2026 21:34:37:060,150674,173144
60.63,09-22-2026 21:34:37:070,150724,173145
60.64,09-22-2026 21:34:37:080,150674,173152
60.65,09-22-2026 21:34:37:090,150722,173130
60.66,09-22-2026 21:34:37:100,150663,173141
60.67,09-22-2026 21:34:37:110,150737,173123
60.68,09-22-2026 21:34:37:120,150692,173140
60.69,09-22-2026 21:34:37:130,150729,173144
60.7,09-22-2026 21:34:37:140,150654,173138
60.71,09-22-2026 21:34:37:150,150724,173132
60.72,09-22-2026 21:34:37:160,150655,173126
60.73,09-22-2026 21:34:37:170,150718,173150
60.74,09-22-2026 21:34:37:180,150699,173125
60.75,09-22-2026 21:34:37:190,150743,173129
60.76,09-22-2026 21:34:37:200,150695,173145
60.77,09-22-2026 21:34:37:210,150744,173123
60.78,09-22-2026 21:34:37:220,150703,173129
60.79,09-22-2026 21:34:37:230,150737,173126
60.8,09-22-2026 21:34:37:240,150706,173136
60.81,09-22-2026 21:34:37:250,150722,173128
60.82,09-22-2026 21:34:37:260,150724,173141
60.83,09-22-2026 21:34:37:270,150735,173137
60.84,09-22-2026 21:34:37:280,150738,173141
60.85,09-22-2026 21:34:37:290,150737,173134
60.86,09-22-2026 21:34:37:300,150743,173135
60.87,09-22-2026 21:34:37:310,150737,173145
60.88,09-22-2026 21:34:37:320,150760,173143
60.89,09-22-2026 21:34:37:330,150740,173136
60.9,09-22-2026 21:34:37:340,150742,173133
60.91,09-22-2026 21:34:37:350,150741,173125
60.92,09-22-2026 21:34:37:360,150757,173127
60.93,09-22-2026 21:34:37:370,150756,173136
60.94,09-22-2026 21:34:37:380,150770,173119
60.95,09-22-2026 21:34:37:390,150746,173132
60.96,09-22-2026 21:34:37:400,150768,173130
60.97,09-22-2026 21:34:37:410,150720,173132
60.98,09-22-2026 21:34:37:420,150754,173143
60.99,09-22-2026 21:34:37:430,150739,173130
61,09-22-2026 21:34:37:440,150760,173120
61.01,09-22-2026 21:34:37:450,150729,173124
61.02,09-22-2026 21:34:37:460,150779,173130
61.03,09-22-2026 21:34:37:470,150741,173142
61.04,09-22-2026 21:34:37:480,150760,173126
61.05,09-22-2026 21:34:37:490,150715,173128
61.06,09-22-2026 21:34:37:500,150763,173130
61.07,09-22-2026 21:34:37:510,150714,173117
61.08,09-22-2026 21:34:37:520,150764,173130
61.09,09-22-2026 21:34:37:530,150724,173144
61.1,09-22-2026 21:34:37:540,150751,173131
61.11,09-22-2026 21:34:37:550,150712,173154
61.12,09-22-2026 21:34:37:560,150743,173128
61.13,09-22-2026 21:34:37:570,150715,173142
61.14,09-22-2026 21:34:37:580,150743,173133
61.15,09-22-2026 21:34:37:590,150718,173135
61.16,09-22-2026 21:34:37:600,150735,173131
61.17,09-22-2026 21:34:37:610,150719,173128
61.18,09-22-2026 21:34:37:620,150739,173129
61.19,09-22-2026 21:34:37:630,150724,173112
61.2,09-22-2026 21:34:37:640,150741,173127
61.21,09-22-2026 21:34:37:650,150715,173148
61.22,09-22-2026 21:34:37:660,150745,173123
61.23,09-22-2026 21:34:37:670,150729,173141
61.24,09-22-2026 21:34:37:680,150713,173123
61.25,09-22-2026 21:34:37:690,150715,173119
61.26,09-22-2026 21:34:37:700,150711,173139
61.27,09-22-2026 21:34:37:710,150742,173138
61.28,09-22-2026 21:34:37:720,150702,173122
61.29,09-22-2026 21:34:37:730,150717,173146
61.3,09-22-2026 21:34:37:740,150722,173142
61.31,09-22-2026 21:34:37:750,150718,173131
61.32,09-22-2026 21:34:37:760,150742,173135
61.33,09-22-2026 21:34:37:770,150726,173142
61.34,09-22-2026 21:34:37:780,150728,173129
61.35,09-22-2026 21:34:37:790,150734,173133
61.36,09-22-2026 21:34:37:800,150727,173135
61.37,09-22-2026 21:34:37:810,150737,173138
61.38,09-22-2026 21:34:37:820,150754,173142
61.39,09-22-2026 21:34:37:830,150725,173119
61.4,09-22-2026 21:34:37:840,150741,173128
61.41,09-22-2026 21:34:37:850,150739,173129
61.42,09-22-2026 21:34:37:860,150732,173155
61.43,09-22-2026 21:34:37:870,150729,173137
61.44,09-22-2026 21:34:37:880,150757,173133
61.45,09-22-2026 21:34:37:890,150751,173124
61.46,09-22-2026 21:34:37:900,150750,173161
61.47,09-22-2026 21:34:37:910,150748,173141
61.48,09-22-2026 21:34:37:920,150725,173150
61.49,09-22-2026 21:34:37:930,150745,173157
61.5,09-22-2026 21:34:37:940,150746,173135
61.51,09-22-2026 21:34:37:950,150732,173134
61.52,09-22-2026 21:34:37:960,150758,173139
61.53,09-22-2026 21:34:37:970,150751,173135
61.54,09-22-2026 21:34:37:980,150745,173146
61.55,09-22-2026 21:34:37:990,150740,173139
61.56,09-22-2026 21:34:38:000,150748,173157
61.57,09-22-2026 21:34:38:010,150740,173134
61.58,09-22-2026 21:34:38:020,150728,173147
61.59,09-22-2026 21:34:38:030,150754,173141
61.6,09-22-2026 21:34:38:040,150743,173138
61.61,09-22-2026 21:34:38:050,150738,173143
61.62,09-22-2026 21:34:38:060,150740,173151
61.63,09-22-2026 21:34:38:070,150738,173131
61.64,09-22-2026 21:34:38:080,150741,173133
61.65,09-22-2026 21:34:38:090,150734,173113
61.66,09-22-2026 21:34:38:100,150758,173150
61.67,09-22-2026 21:34:38:110,150759,173120
61.68,09-22-2026 21:34:38:120,150759,173155
61.69,09-22-2026 21:34:38:130,150763,173128
61.7,09-22-2026 21:34:38:140,150760,173153
61.71,09-22-2026 21:34:38:150,150764,173114
61.72,09-22-2026 21:34:38:160,150785,173148
61.73,09-22-2026 21:34:38:170,150752,173115
61.74,09-22-2026 21:34:38:180,150772,173166
61.75,09-22-2026 21:34:38:190,150779,173120
61.76,09-22-2026 21:34:38:200,150774,173153
61.77,09-22-2026 21:34:38:210,150770,173113
61.78,09-22-2026 21:34:38:220,150772,173156
61.79,09-22-2026 21:34:38:230,150779,173123
61.8,09-22-2026 21:34:38:240,150783,173149
61.81,09-22-2026 21:34:38:250,150784,173101
61.82,09-22-2026 21:34:38:260,150780,173160
61.83,09-22-2026 21:34:38:270,150761,173123
61.84,09-22-2026 21:34:38:280,150780,173151
61.85,09-22-2026 21:34:38:290,150769,173103
61.86,09-22-2026 21:34:38:300,150769,173151
61.87,09-22-2026 21:34:38:310,150780,173111
61.88,09-22-2026 21:34:38:320,150780,173162
61.89,09-22-2026 21:34:38:330,150783,173104
61.9,09-22-2026 21:34:38:340,150770,173141
61.91,09-22-2026 21:34:38:350,150764,173117
61.92,09-22-2026 21:34:38:360,150765,173150
61.93,09-22-2026 21:34:38:370,150759,173122
61.94,09-22-2026 21:34:38:380,150756,173144
61.95,09-22-2026 21:34:38:390,150753,173131
61.96,09-22-2026 21:34:38:400,150746,173157
61.97,09-22-2026 21:34:38:410,150750,173124
61.98,09-22-2026 21:34:38:420,150743,173154
61.99,09-22-2026 21:34:38:430,150769,173125
62,09-22-2026 21:34:38:440,150759,173142
62.01,09-22-2026 21:34:38:450,150742,173160
62.02,09-22-2026 21:34:38:460,150751,173163
62.03,09-22-2026 21:34:38:470,150754,173163
62.04,09-22-2026 21:34:38:480,150742,173153
62.05,09-22-2026 21:34:38:490,150753,173166
62.06,09-22-2026 21:34:38:500,150727,173152
62.07,09-22-2026 21:34:38:510,150752,173169
62.08,09-22-2026 21:34:38:520,150735,173171
62.09,09-22-2026 21:34:38:530,150748,173169
62.1,09-22-2026 21:34:38:540,150748,173157
62.11,09-22-2026 21:34:38:550,150760,173149
62.12,09-22-2026 21:34:38:560,150741,173137
62.13,09-22-2026 21:34:38:570,150740,173184
62.14,09-22-2026 21:34:38:580,150756,173140
62.15,09-22-2026 21:34:38:590,150753,173173
62.16,09-22-2026 21:34:38:600,150733,173153
62.17,09-22-2026 21:34:38:610,150746,173164
62.18,09-22-2026 21:34:38:620,150755,173159
62.19,09-22-2026 21:34:38:630,150747,173170
62.2,09-22-2026 21:34:38:640,150763,173174
62.21,09-22-2026 21:34:38:650,150751,173187
62.22,09-22-2026 21:34:38:660,150753,173147
62.23,09-22-2026 21:34:38:670,150755,173166
62.24,09-22-2026 21:34:38:680,150746,173148
62.25,09-22-2026 21:34:38:690,150739,173179
62.26,09-22-2026 21:34:38:700,150742,173135
62.27,09-22-2026 21:34:38:710,150779,173166
62.28,09-22-2026 21:34:38:720,150761,173150
62.29,09-22-2026 21:34:38:730,150740,173181
62.3,09-22-2026 21:34:38:740,150750,173144
62.31,09-22-2026 21:34:38:750,150744,173173
62.32,09-22-2026 21:34:38:760,150756,173136
62.33,09-22-2026 21:34:38:770,150765,173175
62.34,09-22-2026 21:34:38:780,150758,173157
62.35,09-22-2026 21:34:38:790,150756,173183
62.36,09-22-2026 21:34:38:800,150754,173153
62.37,09-22-2026 21:34:38:810,150751,173190
62.38,09-22-2026 21:34:38:820,150774,173142
62.39,09-22-2026 21:34:38:830,150751,173153
62.4,09-22-2026 21:34:38:840,150755,173144
62.41,09-22-2026 21:34:38:850,150749,173167
62.42,09-22-2026 21:34:38:860,150756,173135
62.43,09-22-2026 21:34:38:870,150758,173159
62.44,09-22-2026 21:34:38:880,150777,173146
62.45,09-22-2026 21:34:38:890,150749,173156
62.46,09-22-2026 21:34:38:900,150756,173146
62.47,09-22-2026 21:34:38:910,150755,173146
62.48,09-22-2026 21:34:38:920,150771,173146
62.49,09-22-2026 21:34:38:930,150737,173152
62.5,09-22-2026 21:34:38:940,150763,173153
62.51,09-22-2026 21:34:38:950,150765,173140
62.52,09-22-2026 21:34:38:960,150744,173160
62.53,09-22-2026 21:34:38:970,150742,173134
62.54,09-22-2026 21:34:38:980,150758,173145
62.55,09-22-2026 21:34:38:990,150750,173156
62.56,09-22-2026 21:34:39:000,150754,173152
62.57,09-22-2026 21:34:39:010,150748,173156
62.58,09-22-2026 21:34:39:020,150788,173154
62.59,09-22-2026 21:34:39:030,150736,173133
62.6,09-22-2026 21:34:39:040,150768,173140
62.61,09-22-2026 21:34:39:050,150741,173152
62.62,09-22-2026 21:34:39:060,150778,173143
62.63,09-22-2026 21:34:39:070,150713,173141
62.64,09-22-2026 21:34:39:080,150775,173152
62.65,09-22-2026 21:34:39:090,150724,173140
62.66,09-22-2026 21:34:39:100,150764,173157
62.67,09-22-2026 21:34:39:110,150717,173142
62.68,09-22-2026 21:34:39:120,150768,173150
62.69,09-22-2026 21:34:39:130,150737,173143
62.7,09-22-2026 21:34:39:140,150766,173164
62.71,09-22-2026 21:34:39:150,150728,173152
62.72,09-22-2026 21:34:39:160,150774,173159
62.73,09-22-2026 21:34:39:170,150751,173141
62.74,09-22-2026 21:34:39:180,150797,173139
62.75,09-22-2026 21:34:39:190,150757,173169
62.76,09-22-2026 21:34:39:200,150758,173136
62.77,09-22-2026 21:34:39:210,150752,173144
62.78,09-22-2026 21:34:39:220,150774,173164
62.79,09-22-2026 21:34:39:230,150751,173154
62.8,09-22-2026 21:34:39:240,150780,173145
62.81,09-22-2026 21:34:39:250,150757,173144
62.82,09-22-2026 21:34:39:260,150767,173154
62.83,09-22-2026 21:34:39:270,150752,173148
62.84,09-22-2026 21:34:39:280,150778,173145
62.85,09-22-2026 21:34:39:290,150793,173151
62.86,09-22-2026 21:34:39:300,150765,173136
62.87,09-22-2026 21:34:39:310,150770,173136
62.88,09-22-2026 21:34:39:320,150758,173138
62.89,09-22-2026 21:34:39:330,150770,173134
62.9,09-22-2026 21:34:39:340,150759,173148
62.91,09-22-2026 21:34:39:350,150766,173151
62.92,09-22-2026 21:34:39:360,150758,173127
62.93,09-22-2026 21:34:39:370,150758,173136
62.94,09-22-2026 21:34:39:380,150758,173154
62.95,09-22-2026 21:34:39:390,150776,173142
62.96,09-22-2026 21:34:39:400,150746,173117
62.97,09-22-2026 21:34:39:410,150770,173163
62.98,09-22-2026 21:34:39:420,150742,173130
62.99,09-22-2026 21:34:39:430,150756,173142
63,09-22-2026 21:34:39:440,150746,173138
63.01,09-22-2026 21:34:39:450,150765,173133
63.02,09-22-2026 21:34:39:460,150725,173136
63.03,09-22-2026 21:34:39:470,150770,173130
63.04,09-22-2026 21:34:39:480,150729,173138
63.05,09-22-2026 21:34:39:490,150750,173132
63.06,09-22-2026 21:34:39:500,150743,173127
63.07,09-22-2026 21:34:39:510,150766,173142
63.08,09-22-2026 21:34:39:520,150745,173128
63.09,09-22-2026 21:34:39:530,150759,173134
63.1,09-22-2026 21:34:39:540,150747,173144
63.11,09-22-2026 21:34:39:550,150767,173133
63.12,09-22-2026 21:34:39:560,150744,173132
63.13,09-22-2026 21:34:39:570,150766,173140
63.14,09-22-2026 21:34:39:580,150718,173154
63.15,09-22-2026 21:34:39:590,150783,173141
63.16,09-22-2026 21:34:39:600,150729,173125
63.17,09-22-2026 21:34:39:610,150736,173123
63.18,09-22-2026 21:34:39:620,150728,173120
63.19,09-22-2026 21:34:39:630,150762,173131
63.2,09-22-2026 21:34:39:640,150744,173113
63.21,09-22-2026 21:34:39:650,150756,173138
63.22,09-22-2026 21:34:39:660,150739,173127
63.23,09-22-2026 21:34:39:670,150753,173122
63.24,09-22-2026 21:34:39:680,150736,173133
63.25,09-22-2026 21:34:39:690,150751,173118
63.26,09-22-2026 21:34:39:700,150741,173131
63.27,09-22-2026 21:34:39:710,150739,173119
63.28,09-22-2026 21:34:39:720,150735,173111
63.29,09-22-2026 21:34:39:730,150755,173134
63.3,09-22-2026 21:34:39:740,150749,173117
63.31,09-22-2026 21:34:39:750,150754,173119
63.32,09-22-2026 21:34:39:760,150743,173117
63.33,09-22-2026 21:34:39:770,150748,173124
63.34,09-22-2026 21:34:39:780,150752,173110
63.35,09-22-2026 21:34:39:790,150756,173102
63.36,09-22-2026 21:34:39:800,150755,173118
63.37,09-22-2026 21:34:39:810,150747,173112
63.38,09-22-2026 21:34:39:820,150758,173112
63.39,09-22-2026 21:34:39:830,150749,173112
63.4,09-22-2026 21:34:39:840,150744,173123
63.41,09-22-2026 21:34:39:850,150744,173107
63.42,09-22-2026 21:34:39:860,150761,173107
63.43,09-22-2026 21:34:39:870,150768,173114
63.44,09-22-2026 21:34:39:880,150769,173120
63.45,09-22-2026 21:34:39:890,150743,173121
63.46,09-22-2026 21:34:39:900,150762,173090
63.47,09-22-2026 21:34:39:910,150770,173119
63.48,09-22-2026 21:34:39:920,150783,173102
63.49,09-22-2026 21:34:39:930,150767,173116
63.5,09-22-2026 21:34:39:940,150746,173106
63.51,09-22-2026 21:34:39:950,150763,173115
63.52,09-22-2026 21:34:39:960,150771,173104
63.53,09-22-2026 21:34:39:970,150773,173124
63.54,09-22-2026 21:34:39:980,150769,173122
63.55,09-22-2026 21:34:39:990,150754,173104
63.56,09-22-2026 21:34:40:000,150787,173111
63.57,09-22-2026 21:34:40:010,150762,173107
63.58,09-22-2026 21:34:40:020,150779,173107
63.59,09-22-2026 21:34:40:030,150774,173120
63.6,09-22-2026 21:34:40:040,150782,173115
63.61,09-22-2026 21:34:40:050,150776,173123
63.62,09-22-2026 21:34:40:060,150755,173115
63.63,09-22-2026 21:34:40:070,150767,173122
63.64,09-22-2026 21:34:40:080,150773,173121
63.65,09-22-2026 21:34:40:090,150772,173134
63.66,09-22-2026 21:34:40:100,150783,173105
63.67,09-22-2026 21:34:40:110,150777,173121
63.68,09-22-2026 21:34:40:120,150791,173108
63.69,09-22-2026 21:34:40:130,150790,173111
63.7,09-22-2026 21:34:40:140,150776,173110
63.71,09-22-2026 21:34:40:150,150787,173114
63.72,09-22-2026 21:34:40:160,150800,173077
63.73,09-22-2026 21:34:40:170,150779,173109
63.74,09-22-2026 21:34:40:180,150768,173102
63.75,09-22-2026 21:34:40:190,150786,173110
63.76,09-22-2026 21:34:40:200,150773,173085
63.77,09-22-2026 21:34:40:210,150785,173132
63.78,09-22-2026 21:34:40:220,150793,173092
63.79,09-22-2026 21:34:40:230,150798,173123
63.8,09-22-2026 21:34:40:240,150791,173072
63.81,09-22-2026 21:34:40:250,150798,173116
63.82,09-22-2026 21:34:40:260,150805,173066
63.83,09-22-2026 21:34:40:270,150793,173132
63.84,09-22-2026 21:34:40:280,150792,173073
63.85,09-22-2026 21:34:40:290,150788,173131
63.86,09-22-2026 21:34:40:300,150784,173099
63.87,09-22-2026 21:34:40:310,150772,173124
63.88,09-22-2026 21:34:40:320,150769,173073
63.89,09-22-2026 21:34:40:330,150761,173126
63.9,09-22-2026 21:34:40:340,150785,173068
63.91,09-22-2026 21:34:40:350,150771,173130
63.92,09-22-2026 21:34:40:360,150764,173068
63.93,09-22-2026 21:34:40:370,150773,173124
63.94,09-22-2026 21:34:40:380,150767,173089
63.95,09-22-2026 21:34:40:390,150763,173122
63.96,09-22-2026 21:34:40:400,150769,173086
63.97,09-22-2026 21:34:40:410,150772,173137
63.98,09-22-2026 21:34:40:420,150784,173085
63.99,09-22-2026 21:34:40:430,150770,173137
64,09-22-2026 21:34:40:440,150754,173091
64.01,09-22-2026 21:34:40:450,150766,173126
64.02,09-22-2026 21:34:40:460,150760,173099
64.03,09-22-2026 21:34:40:470,150742,173134
64.04,09-22-2026 21:34:40:480,150773,173085
64.05,09-22-2026 21:34:40:490,150759,173117
64.06,09-22-2026 21:34:40:500,150752,173127
64.07,09-22-2026 21:34:40:510,150768,173135
64.08,09-22-2026 21:34:40:520,150764,173144
64.09,09-22-2026 21:34:40:530,150751,173143
64.1,09-22-2026 21:34:40:540,150767,173144
64.11,09-22-2026 21:34:40:550,150763,173138
64.12,09-22-2026 21:34:40:560,150775,173166
64.13,09-22-2026 21:34:40:570,150765,173130
64.14,09-22-2026 21:34:40:580,150776,173145
64.15,09-22-2026 21:34:40:590,150759,173134
64.16,09-22-2026 21:34:40:600,150780,173126
64.17,09-22-2026 21:34:40:610,150770,173117
64.18,09-22-2026 21:34:40:620,150777,173142
64.19,09-22-2026 21:34:40:630,150777,173131
64.2,09-22-2026 21:34:40:640,150797,173164
64.21,09-22-2026 21:34:40:650,150772,173125
64.22,09-22-2026 21:34:40:660,150779,173160
64.23,09-22-2026 21:34:40:670,150768,173139
64.24,09-22-2026 21:34:40:680,150763,173177
64.25,09-22-2026 21:34:40:690,150788,173126
64.26,09-22-2026 21:34:40:700,150757,173177
64.27,09-22-2026 21:34:40:710,150765,173131
64.28,09-22-2026 21:34:40:720,150780,173159
64.29,09-22-2026 21:34:40:730,150790,173134
64.3,09-22-2026 21:34:40:740,150786,173185
64.31,09-22-2026 21:34:40:750,150777,173134
64.32,09-22-2026 21:34:40:760,150780,173166
64.33,09-22-2026 21:34:40:770,150808,173126
64.34,09-22-2026 21:34:40:780,150772,173152
64.35,09-22-2026 21:34:40:790,150766,173127
64.36,09-22-2026 21:34:40:800,150764,173160
64.37,09-22-2026 21:34:40:810,150780,173136
64.38,09-22-2026 21:34:40:820,150794,173162
64.39,09-22-2026 21:34:40:830,150765,173132
64.4,09-22-2026 21:34:40:840,150773,173172
64.41,09-22-2026 21:34:40:850,150785,173130
64.42,09-22-2026 21:34:40:860,150767,173159
64.43,09-22-2026 21:34:40:870,150779,173155
64.44,09-22-2026 21:34:40:880,150775,173139
64.45,09-22-2026 21:34:40:890,150806,173125
64.46,09-22-2026 21:34:40:900,150776,173131
64.47,09-22-2026 21:34:40:910,150785,173139
64.48,09-22-2026 21:34:40:920,150778,173164
64.49,09-22-2026 21:34:40:930,150792,173141
64.5,09-22-2026 21:34:40:940,150773,173133
64.51,09-22-2026 21:34:40:950,150804,173138
64.52,09-22-2026 21:34:40:960,150783,173139
64.53,09-22-2026 21:34:40:970,150785,173137
64.54,09-22-2026 21:34:40:980,150758,173142
64.55,09-22-2026 21:34:40:990,150803,173164
64.56,09-22-2026 21:34:41:000,150766,173141
64.57,09-22-2026 21:34:41:010,150796,173135
64.58,09-22-2026 21:34:41:020,150749,173148
64.59,09-22-2026 21:34:41:030,150806,173157
64.6,09-22-2026 21:34:41:040,150770,173144
64.61,09-22-2026 21:34:41:050,150796,173156
64.62,09-22-2026 21:34:41:060,150750,173145
64.63,09-22-2026 21:34:41:070,150813,173141
64.64,09-22-2026 21:34:41:080,150764,173144
64.65,09-22-2026 21:34:41:090,150800,173154
64.66,09-22-2026 21:34:41:100,150744,173136
64.67,09-22-2026 21:34:41:110,150807,173138
64.68,09-22-2026 21:34:41:120,150754,173145
64.69,09-22-2026 21:34:41:130,150812,173129
64.7,09-22-2026 21:34:41:140,150756,173160
64.71,09-22-2026 21:34:41:150,150819,173132
64.72,09-22-2026 21:34:41:160,150757,173140
64.73,09-22-2026 21:34:41:170,150811,173152
64.74,09-22-2026 21:34:41:180,150768,173142
64.75,09-22-2026 21:34:41:190,150796,173147
64.76,09-22-2026 21:34:41:200,150771,173138
64.77,09-22-2026 21:34:41:210,150795,173137
64.78,09-22-2026 21:34:41:220,150736,173127
64.79,09-22-2026 21:34:41:230,150771,173164
64.8,09-22-2026 21:34:41:240,150754,173161
64.81,09-22-2026 21:34:41:250,150777,173145
64.82,09-22-2026 21:34:41:260,150775,173139
64.83,09-22-2026 21:34:41:270,150778,173157
64.84,09-22-2026 21:34:41:280,150771,173149
64.85,09-22-2026 21:34:41:290,150787,173153
64.86,09-22-2026 21:34:41:300,150782,173138
64.87,09-22-2026 21:34:41:310,150778,173133
64.88,09-22-2026 21:34:41:320,150786,173172
64.89,09-22-2026 21:34:41:330,150764,173125
64.9,09-22-2026 21:34:41:340,150787,173145
64.91,09-22-2026 21:34:41:350,150783,173138
64.92,09-22-2026 21:34:41:360,150784,173136
64.93,09-22-2026 21:34:41:370,150773,173148
64.94,09-22-2026 21:34:41:380,150791,173146
64.95,09-22-2026 21:34:41:390,150771,173156
64.96,09-22-2026 21:34:41:400,150803,173144
64.97,09-22-2026 21:34:41:410,150772,173148
64.98,09-22-2026 21:34:41:420,150792,173132
64.99,09-22-2026 21:34:41:430,150785,173127
65,09-22-2026 21:34:41:440,150792,173148
65.01,09-22-2026 21:34:41:450,150775,173152
65.02,09-22-2026 21:34:41:460,150815,173144
65.03,09-22-2026 21:34:41:470,150793,173128
65.04,09-22-2026 21:34:41:480,150798,173142
65.05,09-22-2026 21:34:41:490,150789,173152
65.06,09-22-2026 21:34:41:500,150804,173139
65.07,09-22-2026 21:34:41:510,150786,173148
65.08,09-22-2026 21:34:41:520,150811,173135
65.09,09-22-2026 21:34:41:530,150789,173134
65.1,09-22-2026 21:34:41:540,150829,173143
65.11,09-22-2026 21:34:41:550,150771,173150
65.12,09-22-2026 21:34:41:560,150804,173158
65.13,09-22-2026 21:34:41:570,150785,173133
65.14,09-22-2026 21:34:41:580,150824,173128
65.15,09-22-2026 21:34:41:590,150789,173148
65.16,09-22-2026 21:34:41:600,150792,173140
65.17,09-22-2026 21:34:41:610,150790,173151
65.18,09-22-2026 21:34:41:620,150820,173145
65.19,09-22-2026 21:34:41:630,150793,173153
65.2,09-22-2026 21:34:41:640,150816,173148
65.21,09-22-2026 21:34:41:650,150793,173142
65.22,09-22-2026 21:34:41:660,150808,173151
65.23,09-22-2026 21:34:41:670,150779,173138
65.24,09-22-2026 21:34:41:680,150815,173130
65.25,09-22-2026 21:34:41:690,150813,173139
65.26,09-22-2026 21:34:41:700,150839,173154
65.27,09-22-2026 21:34:41:710,150782,173164
65.28,09-22-2026 21:34:41:720,150819,173165
65.29,09-22-2026 21:34:41:730,150784,173137
65.3,09-22-2026 21:34:41:740,150802,173132
65.31,09-22-2026 21:34:41:750,150790,173136
65.32,09-22-2026 21:34:41:760,150803,173127
65.33,09-22-2026 21:34:41:770,150790,173149
65.34,09-22-2026 21:34:41:780,150792,173135
65.35,09-22-2026 21:34:41:790,150813,173121
65.36,09-22-2026 21:34:41:800,150811,173128
65.37,09-22-2026 21:34:41:810,150795,173139
65.38,09-22-2026 21:34:41:820,150807,173152
65.39,09-22-2026 21:34:41:830,150796,173139
65.4,09-22-2026 21:34:41:840,150796,173143
65.41,09-22-2026 21:34:41:850,150806,173146
65.42,09-22-2026 21:34:41:860,150824,173137
65.43,09-22-2026 21:34:41:870,150808,173150
65.44,09-22-2026 21:34:41:880,150804,173124
65.45,09-22-2026 21:34:41:890,150797,173137
65.46,09-22-2026 21:34:41:900,150811,173139
65.47,09-22-2026 21:34:41:910,150813,173144
65.48,09-22-2026 21:34:41:920,150822,173150
65.49,09-22-2026 21:34:41:930,150805,173136
65.5,09-22-2026 21:34:41:940,150824,173130
65.51,09-22-2026 21:34:41:950,150805,173128
65.52,09-22-2026 21:34:41:960,150828,173149
65.53,09-22-2026 21:34:41:970,150817,173135
65.54,09-22-2026 21:34:41:980,150824,173131
65.55,09-22-2026 21:34:41:990,150835,173147
65.56,09-22-2026 21:34:42:000,150830,173146
65.57,09-22-2026 21:34:42:010,150831,173141
65.58,09-22-2026 21:34:42:020,150841,173142
65.59,09-22-2026 21:34:42:030,150822,173158
65.6,09-22-2026 21:34:42:040,150816,173145
65.61,09-22-2026 21:34:42:050,150838,173124
65.62,09-22-2026 21:34:42:060,150833,173124
65.63,09-22-2026 21:34:42:070,150821,173130
65.64,09-22-2026 21:34:42:080,150816,173134
65.65,09-22-2026 21:34:42:090,150800,173120
65.66,09-22-2026 21:34:42:100,150814,173146
65.67,09-22-2026 21:34:42:110,150803,173117
65.68,09-22-2026 21:34:42:120,150814,173144
65.69,09-22-2026 21:34:42:130,150799,173141
65.7,09-22-2026 21:34:42:140,150814,173141
65.71,09-22-2026 21:34:42:150,150810,173140
65.72,09-22-2026 21:34:42:160,150799,173119
65.73,09-22-2026 21:34:42:170,150785,173153
65.74,09-22-2026 21:34:42:180,150798,173112
65.75,09-22-2026 21:34:42:190,150789,173137
65.76,09-22-2026 21:34:42:200,150787,173109
65.77,09-22-2026 21:34:42:210,150796,173164
65.78,09-22-2026 21:34:42:220,150811,173121
65.79,09-22-2026 21:34:42:230,150801,173141
65.8,09-22-2026 21:34:42:240,150789,173129
65.81,09-22-2026 21:34:42:250,150783,173157
65.82,09-22-2026 21:34:42:260,150801,173106
65.83,09-22-2026 21:34:42:270,150782,173140
65.84,09-22-2026 21:34:42:280,150801,173102
65.85,09-22-2026 21:34:42:290,150801,173160
65.86,09-22-2026 21:34:42:300,150785,173094
65.87,09-22-2026 21:34:42:310,150781,173145
65.88,09-22-2026 21:34:42:320,150798,173097
65.89,09-22-2026 21:34:42:330,150779,173139
65.9,09-22-2026 21:34:42:340,150781,173099
65.91,09-22-2026 21:34:42:350,150795,173154
65.92,09-22-2026 21:34:42:360,150788,173107
65.93,09-22-2026 21:34:42:370,150794,173155
65.94,09-22-2026 21:34:42:380,150790,173109
65.95,09-22-2026 21:34:42:390,150791,173140
65.96,09-22-2026 21:34:42:400,150781,173097
65.97,09-22-2026 21:34:42:410,150804,173140
65.98,09-22-2026 21:34:42:420,150772,173107
65.99,09-22-2026 21:34:42:430,150792,173133
66,09-22-2026 21:34:42:440,150773,173108
66.01,09-22-2026 21:34:42:450,150794,173152
66.02,09-22-2026 21:34:42:460,150792,173117
66.03,09-22-2026 21:34:42:470,150793,173135
66.04,09-22-2026 21:34:42:480,150797,173132
66.05,09-22-2026 21:34:42:490,150798,173135
66.06,09-22-2026 21:34:42:500,150801,173121
66.07,09-22-2026 21:34:42:510,150787,173126
66.08,09-22-2026 21:34:42:520,150807,173143
66.09,09-22-2026 21:34:42:530,150809,173149
66.1,09-22-2026 21:34:42:540,150806,173135
66.11,09-22-2026 21:34:42:550,150784,173149
66.12,09-22-2026 21:34:42:560,150803,173134
66.13,09-22-2026 21:34:42:570,150799,173151
66.14,09-22-2026 21:34:42:580,150812,173163
66.15,09-22-2026 21:34:42:590,150807,173138
66.16,09-22-2026 21:34:42:600,150799,173156
66.17,09-22-2026 21:34:42:610,150812,173147
66.18,09-22-2026 21:34:42:620,150798,173178
66.19,09-22-2026 21:34:42:630,150791,173152
66.2,09-22-2026 21:34:42:640,150795,173153
66.21,09-22-2026 21:34:42:650,150811,173140
66.22,09-22-2026 21:34:42:660,150810,173158
66.23,09-22-2026 21:34:42:670,150819,173147
66.24,09-22-2026 21:34:42:680,150813,173152
66.25,09-22-2026 21:34:42:690,150811,173125
66.26,09-22-2026 21:34:42:700,150819,173179
66.27,09-22-2026 21:34:42:710,150809,173128
66.28,09-22-2026 21:34:42:720,150805,173175
66.29,09-22-2026 21:34:42:730,150798,173149
66.3,09-22-2026 21:34:42:740,150803,173171
66.31,09-22-2026 21:34:42:750,150814,173141
66.32,09-22-2026 21:34:42:760,150800,173155
66.33,09-22-2026 21:34:42:770,150814,173137
66.34,09-22-2026 21:34:42:780,150798,173173
66.35,09-22-2026 21:34:42:790,150808,173147
66.36,09-22-2026 21:34:42:800,150784,173150
66.37,09-22-2026 21:34:42:810,150792,173145
66.38,09-22-2026 21:34:42:820,150814,173166
66.39,09-22-2026 21:34:42:830,150810,173148
66.4,09-22-2026 21:34:42:840,150788,173153
66.41,09-22-2026 21:34:42:850,150800,173138
66.42,09-22-2026 21:34:42:860,150796,173159
66.43,09-22-2026 21:34:42:870,150808,173149
66.44,09-22-2026 21:34:42:880,150789,173144
66.45,09-22-2026 21:34:42:890,150805,173138
66.46,09-22-2026 21:34:42:900,150800,173150
66.47,09-22-2026 21:34:42:910,150806,173132
66.48,09-22-2026 21:34:42:920,150800,173140
66.49,09-22-2026 21:34:42:930,150814,173136
66.5,09-22-2026 21:34:42:940,150799,173128
66.51,09-22-2026 21:34:42:950,150824,173144
66.52,09-22-2026 21:34:42:960,150809,173129
66.53,09-22-2026 21:34:42:970,150830,173143
66.54,09-22-2026 21:34:42:980,150807,173134
66.55,09-22-2026 21:34:42:990,150832,173145
66.56,09-22-2026 21:34:43:000,150787,173147
66.57,09-22-2026 21:34:43:010,150807,173141
66.58,09-22-2026 21:34:43:020,150789,173147
66.59,09-22-2026 21:34:43:030,150814,173128
66.6,09-22-2026 21:34:43:040,150772,173135
66.61,09-22-2026 21:34:43:050,150817,173155
66.62,09-22-2026 21:34:43:060,150771,173126
66.63,09-22-2026 21:34:43:070,150802,173150
66.64,09-22-2026 21:34:43:080,150773,173137
66.65,09-22-2026 21:34:43:090,150807,173151
66.66,09-22-2026 21:34:43:100,150754,173134
66.67,09-22-2026 21:34:43:110,150803,173151
66.68,09-22-2026 21:34:43:120,150754,173137
66.69,09-22-2026 21:34:43:130,150811,173143
66.7,09-22-2026 21:34:43:140,150766,173139
66.71,09-22-2026 21:34:43:150,150800,173121
66.72,09-22-2026 21:34:43:160,150752,173151
66.73,09-22-2026 21:34:43:170,150805,173131
66.74,09-22-2026 21:34:43:180,150755,173146
66.75,09-22-2026 21:34:43:190,150793,173146
66.76,09-22-2026 21:34:43:200,150779,173130
66.77,09-22-2026 21:34:43:210,150791,173154
66.78,09-22-2026 21:34:43:220,150776,173138
66.79,09-22-2026 21:34:43:230,150802,173141
66.8,09-22-2026 21:34:43:240,150777,173152
66.81,09-22-2026 21:34:43:250,150803,173143
66.82,09-22-2026 21:34:43:260,150780,173144
66.83,09-22-2026 21:34:43:270,150805,173130
66.84,09-22-2026 21:34:43:280,150772,173142
66.85,09-22-2026 21:34:43:290,150772,173148
66.86,09-22-2026 21:34:43:300,150808,173141
66.87,09-22-2026 21:34:43:310,150789,173132
66.88,09-22-2026 21:34:43:320,150839,173156
66.89,09-22-2026 21:34:43:330,150809,173136
66.9,09-22-2026 21:34:43:340,150818,173137
66.91,09-22-2026 21:34:43:350,150818,173135
66.92,09-22-2026 21:34:43:360,150836,173137
66.93,09-22-2026 21:34:43:370,150818,173141
66.94,09-22-2026 21:34:43:380,150818,173126
66.95,09-22-2026 21:34:43:390,150812,173142
66.96,09-22-2026 21:34:43:400,150835,173140
66.97,09-22-2026 21:34:43:410,150807,173126
66.98,09-22-2026 21:34:43:420,150851,173161
66.99,09-22-2026 21:34:43:430,150821,173130
67,09-22-2026 21:34:43:440,150835,173134
67.01,09-22-2026 21:34:43:450,150815,173133
67.02,09-22-2026 21:34:43:460,150836,173133
67.03,09-22-2026 21:34:43:470,150815,173131
67.04,09-22-2026 21:34:43:480,150834,173120
67.05,09-22-2026 21:34:43:490,150828,173132
67.06,09-22-2026 21:34:43:500,150853,173135
67.07,09-22-2026 21:34:43:510,150847,173126
67.08,09-22-2026 21:34:43:520,150879,173135
67.09,09-22-2026 21:34:43:530,150829,173130
67.1,09-22-2026 21:34:43:540,150853,173134
67.11,09-22-2026 21:34:43:550,150843,173146
67.12,09-22-2026 21:34:43:560,150872,173134
67.13,09-22-2026 21:34:43:570,150833,173141
67.14,09-22-2026 21:34:43:580,150858,173130
67.15,09-22-2026 21:34:43:590,150835,173140
67.16,09-22-2026 21:34:43:600,150840,173148
67.17,09-22-2026 21:34:43:610,150842,173142
67.18,09-22-2026 21:34:43:620,150850,173122
67.19,09-22-2026 21:34:43:630,150821,173151
67.2,09-22-2026 21:34:43:640,150856,173152
67.21,09-22-2026 21:34:43:650,150837,173141
67.22,09-22-2026 21:34:43:660,150854,173141
67.23,09-22-2026 21:34:43:670,150837,173151
67.24,09-22-2026 21:34:43:680,150847,173148
67.25,09-22-2026 21:34:43:690,150829,173146
67.26,09-22-2026 21:34:43:700,150842,173128
67.27,09-22-2026 21:34:43:710,150827,173148
67.28,09-22-2026 21:34:43:720,150831,173155
67.29,09-22-2026 21:34:43:730,150849,173139
67.3,09-22-2026 21:34:43:740,150837,173147
67.31,09-22-2026 21:34:43:750,150836,173146
67.32,09-22-2026 21:34:43:760,150864,173138
67.33,09-22-2026 21:34:43:770,150855,173147
67.34,09-22-2026 21:34:43:780,150862,173161
67.35,09-22-2026 21:34:43:790,150869,173134
67.36,09-22-2026 21:34:43:800,150863,173152
67.37,09-22-2026 21:34:43:810,150864,173149
67.38,09-22-2026 21:34:43:820,150840,173132
67.39,09-22-2026 21:34:43:830,150850,173158
67.4,09-22-2026 21:34:43:840,150849,173148
67.41,09-22-2026 21:34:43:850,150860,173144
67.42,09-22-2026 21:34:43:860,150851,173158
67.43,09-22-2026 21:34:43:870,150844,173158
67.44,09-22-2026 21:34:43:880,150863,173152
67.45,09-22-2026 21:34:43:890,150842,173135
67.46,09-22-2026 21:34:43:900,150866,173143
67.47,09-22-2026 21:34:43:910,150860,173143
67.48,09-22-2026 21:34:43:920,150858,173147
67.49,09-22-2026 21:34:43:930,150848,173143
67.5,09-22-2026 21:34:43:940,150833,173141
67.51,09-22-2026 21:34:43:950,150841,173151
67.52,09-22-2026 21:34:43:960,150820,173145
67.53,09-22-2026 21:34:43:970,150816,173149
67.54,09-22-2026 21:34:43:980,150839,173155
67.55,09-22-2026 21:34:43:990,150828,173144
67.56,09-22-2026 21:34:44:000,150833,173146
67.57,09-22-2026 21:34:44:010,150827,173133
67.58,09-22-2026 21:34:44:020,150817,173143
67.59,09-22-2026 21:34:44:030,150830,173137
67.6,09-22-2026 21:34:44:040,150847,173171
67.61,09-22-2026 21:34:44:050,150821,173147
67.62,09-22-2026 21:34:44:060,150827,173139
67.63,09-22-2026 21:34:44:070,150826,173145
67.64,09-22-2026 21:34:44:080,150831,173158
67.65,09-22-2026 21:34:44:090,150842,173146
67.66,09-22-2026 21:34:44:100,150817,173145
67.67,09-22-2026 21:34:44:110,150834,173126
67.68,09-22-2026 21:34:44:120,150834,173145
67.69,09-22-2026 21:34:44:130,150833,173125
67.7,09-22-2026 21:34:44:140,150832,173145
67.71,09-22-2026 21:34:44:150,150832,173150
67.72,09-22-2026 21:34:44:160,150827,173143
67.73,09-22-2026 21:34:44:170,150843,173111
67.74,09-22-2026 21:34:44:180,150843,173135
67.75,09-22-2026 21:34:44:190,150834,173115
67.76,09-22-2026 21:34:44:200,150833,173133
67.77,09-22-2026 21:34:44:210,150827,173098
67.78,09-22-2026 21:34:44:220,150835,173139
67.79,09-22-2026 21:34:44:230,150845,173106
67.8,09-22-2026 21:34:44:240,150840,173154
67.81,09-22-2026 21:34:44:250,150822,173090
67.82,09-22-2026 21:34:44:260,150822,173136
67.83,09-22-2026 21:34:44:270,150837,173080
67.84,09-22-2026 21:34:44:280,150835,173137
67.85,09-22-2026 21:34:44:290,150820,173072
67.86,09-22-2026 21:34:44:300,150833,173126
67.87,09-22-2026 21:34:44:310,150843,173089
67.88,09-22-2026 21:34:44:320,150835,173148
67.89,09-22-2026 21:34:44:330,150851,173106
67.9,09-22-2026 21:34:44:340,150851,173150
67.91,09-22-2026 21:34:44:350,150851,173095
67.92,09-22-2026 21:34:44:360,150850,173137
67.93,09-22-2026 21:34:44:370,150840,173113
67.94,09-22-2026 21:34:44:380,150838,173144
67.95,09-22-2026 21:34:44:390,150858,173122
67.96,09-22-2026 21:34:44:400,150835,173136
67.97,09-22-2026 21:34:44:410,150847,173119
67.98,09-22-2026 21:34:44:420,150846,173137
67.99,09-22-2026 21:34:44:430,150832,173116
68,09-22-2026 21:34:44:440,150820,173146
68.01,09-22-2026 21:34:44:450,150829,173133
68.02,09-22-2026 21:34:44:460,150844,173133
68.03,09-22-2026 21:34:44:470,150850,173140
68.04,09-22-2026 21:34:44:480,150836,173147
68.05,09-22-2026 21:34:44:490,150853,173160
68.06,09-22-2026 21:34:44:500,150860,173139
68.07,09-22-2026 21:34:44:510,150844,173164
68.08,09-22-2026 21:34:44:520,150861,173155
68.09,09-22-2026 21:34:44:530,150871,173154
68.1,09-22-2026 21:34:44:540,150881,173152
68.11,09-22-2026 21:34:44:550,150883,173157
68.12,09-22-2026 21:34:44:560,150894,173156
68.13,09-22-2026 21:34:44:570,150900,173181
68.14,09-22-2026 21:34:44:580,150891,173122
68.15,09-22-2026 21:34:44:590,150884,173155
68.16,09-22-2026 21:34:44:600,150885,173142
68.17,09-22-2026 21:34:44:610,150892,173167
68.18,09-22-2026 21:34:44:620,150894,173132
68.19,09-22-2026 21:34:44:630,150909,173162
68.2,09-22-2026 21:34:44:640,150900,173149
68.21,09-22-2026 21:34:44:650,150890,173191
68.22,09-22-2026 21:34:44:660,150881,173138
68.23,09-22-2026 21:34:44:670,150886,173188
68.24,09-22-2026 21:34:44:680,150893,173143
68.25,09-22-2026 21:34:44:690,150895,173156
68.26,09-22-2026 21:34:44:700,150880,173145
68.27,09-22-2026 21:34:44:710,150883,173168
68.28,09-22-2026 21:34:44:720,150905,173132
68.29,09-22-2026 21:34:44:730,150884,173161
68.3,09-22-2026 21:34:44:740,150879,173114
68.31,09-22-2026 21:34:44:750,150891,173139
68.32,09-22-2026 21:34:44:760,150888,173102
68.33,09-22-2026 21:34:44:770,150887,173142
68.34,09-22-2026 21:34:44:780,150907,173120
68.35,09-22-2026 21:34:44:790,150896,173133
68.36,09-22-2026 21:34:44:800,150890,173124
68.37,09-22-2026 21:34:44:810,150883,173159
68.38,09-22-2026 21:34:44:820,150888,173129
68.39,09-22-2026 21:34:44:830,150871,173153
68.4,09-22-2026 21:34:44:840,150866,173115
68.41,09-22-2026 21:34:44:850,150873,173121
68.42,09-22-2026 21:34:44:860,150876,173128
68.43,09-22-2026 21:34:44:870,150845,173140
68.44,09-22-2026 21:34:44:880,150863,173146
68.45,09-22-2026 21:34:44:890,150838,173134
68.46,09-22-2026 21:34:44:900,150881,173138
68.47,09-22-2026 21:34:44:910,150846,173154
68.48,09-22-2026 21:34:44:920,150853,173160
68.49,09-22-2026 21:34:44:930,150823,173145
68.5,09-22-2026 21:34:44:940,150867,173144
68.51,09-22-2026 21:34:44:950,150827,173150
68.52,09-22-2026 21:34:44:960,150867,173173
68.53,09-22-2026 21:34:44:970,150829,173154
68.54,09-22-2026 21:34:44:980,150843,173171
68.55,09-22-2026 21:34:44:990,150806,173155
68.56,09-22-2026 21:34:45:000,150852,173151
68.57,09-22-2026 21:34:45:010,150812,173145
68.58,09-22-2026 21:34:45:020,150854,173148
68.59,09-22-2026 21:34:45:030,150799,173141
68.6,09-22-2026 21:34:45:040,150872,173158
68.61,09-22-2026 21:34:45:050,150815,173161
68.62,09-22-2026 21:34:45:060,150860,173160
68.63,09-22-2026 21:34:45:070,150838,173156
68.64,09-22-2026 21:34:45:080,150854,173157
68.65,09-22-2026 21:34:45:090,150816,173152
68.66,09-22-2026 21:34:45:100,150866,173160
68.67,09-22-2026 21:34:45:110,150828,173146
68.68,09-22-2026 21:34:45:120,150851,173161
68.69,09-22-2026 21:34:45:130,150820,173161
68.7,09-22-2026 21:34:45:140,150856,173146
68.71,09-22-2026 21:34:45:150,150817,173166
68.72,09-22-2026 21:34:45:160,150865,173157
68.73,09-22-2026 21:34:45:170,150835,173139
68.74,09-22-2026 21:34:45:180,150858,173143
68.75,09-22-2026 21:34:45:190,150850,173137
68.76,09-22-2026 21:34:45:200,150839,173148
68.77,09-22-2026 21:34:45:210,150866,173143
68.78,09-22-2026 21:34:45:220,150850,173154
68.79,09-22-2026 21:34:45:230,150882,173136
68.8,09-22-2026 21:34:45:240,150860,173169
68.81,09-22-2026 21:34:45:250,150880,173158
68.82,09-22-2026 21:34:45:260,150854,173146
68.83,09-22-2026 21:34:45:270,150877,173165
68.84,09-22-2026 21:34:45:280,150861,173140
68.85,09-22-2026 21:34:45:290,150878,173158
68.86,09-22-2026 21:34:45:300,150858,173155
68.87,09-22-2026 21:34:45:310,150859,173168
68.88,09-22-2026 21:34:45:320,150862,173158
68.89,09-22-2026 21:34:45:330,150889,173152
68.9,09-22-2026 21:34:45:340,150853,173169
68.91,09-22-2026 21:34:45:350,150864,173144
68.92,09-22-2026 21:34:45:360,150853,173152
68.93,09-22-2026 21:34:45:370,150886,173157
68.94,09-22-2026 21:34:45:380,150849,173147
68.95,09-22-2026 21:34:45:390,150876,173165
68.96,09-22-2026 21:34:45:400,150856,173165
68.97,09-22-2026 21:34:45:410,150880,173161
68.98,09-22-2026 21:34:45:420,150855,173164
68.99,09-22-2026 21:34:45:430,150888,173147
69,09-22-2026 21:34:45:440,150850,173158
69.01,09-22-2026 21:34:45:450,150882,173174
69.02,09-22-2026 21:34:45:460,150843,173155
69.03,09-22-2026 21:34:45:470,150904,173157
69.04,09-22-2026 21:34:45:480,150853,173159
69.05,09-22-2026 21:34:45:490,150890,173169
69.06,09-22-2026 21:34:45:500,150857,173143
69.07,09-22-2026 21:34:45:510,150867,173144
69.08,09-22-2026 21:34:45:520,150847,173157
69.09,09-22-2026 21:34:45:530,150874,173148
69.1,09-22-2026 21:34:45:540,150865,173162
69.11,09-22-2026 21:34:45:550,150884,173157
69.12,09-22-2026 21:34:45:560,150879,173161
69.13,09-22-2026 21:34:45:570,150876,173152
69.14,09-22-2026 21:34:45:580,150867,173141
69.15,09-22-2026 21:34:45:590,150887,173146
69.16,09-22-2026 21:34:45:600,150878,173151
69.17,09-22-2026 21:34:45:610,150865,173150
69.18,09-22-2026 21:34:45:620,150867,173146
69.19,09-22-2026 21:34:45:630,150869,173146
69.2,09-22-2026 21:34:45:640,150872,173143
69.21,09-22-2026 21:34:45:650,150868,173151
69.22,09-22-2026 21:34:45:660,150870,173132
69.23,09-22-2026 21:34:45:670,150869,173151
69.24,09-22-2026 21:34:45:680,150877,173143
69.25,09-22-2026 21:34:45:690,150870,173143
69.26,09-22-2026 21:34:45:700,150879,173128
69.27,09-22-2026 21:34:45:710,150893,173143
69.28,09-22-2026 21:34:45:720,150873,173122
69.29,09-22-2026 21:34:45:730,150886,173127
69.3,09-22-2026 21:34:45:740,150891,173138
69.31,09-22-2026 21:34:45:750,150894,173122
69.32,09-22-2026 21:34:45:760,150888,173130
69.33,09-22-2026 21:34:45:770,150865,173151
69.34,09-22-2026 21:34:45:780,150850,173137
69.35,09-22-2026 21:34:45:790,150856,173134
69.36,09-22-2026 21:34:45:800,150858,173137
69.37,09-22-2026 21:34:45:810,150841,173133
69.38,09-22-2026 21:34:45:820,150856,173136
69.39,09-22-2026 21:34:45:830,150848,173126
69.4,09-22-2026 21:34:45:840,150860,173129
69.41,09-22-2026 21:34:45:850,150870,173144
69.42,09-22-2026 21:34:45:860,150871,173141
69.43,09-22-2026 21:34:45:870,150848,173125
69.44,09-22-2026 21:34:45:880,150854,173134
69.45,09-22-2026 21:34:45:890,150857,173147
69.46,09-22-2026 21:34:45:900,150871,173119
69.47,09-22-2026 21:34:45:910,150861,173112
69.48,09-22-2026 21:34:45:920,150858,173115
69.49,09-22-2026 21:34:45:930,150871,173139
69.5,09-22-2026 21:34:45:940,150861,173124
69.51,09-22-2026 21:34:45:950,150881,173138
69.52,09-22-2026 21:34:45:960,150866,173142
69.53,09-22-2026 21:34:45:970,150867,173147
69.54,09-22-2026 21:34:45:980,150864,173120
69.55,09-22-2026 21:34:45:990,150864,173146
69.56,09-22-2026 21:34:46:000,150850,173118
69.57,09-22-2026 21:34:46:010,150862,173135
69.58,09-22-2026 21:34:46:020,150876,173129
69.59,09-22-2026 21:34:46:030,150857,173145
69.6,09-22-2026 21:34:46:040,150865,173130
69.61,09-22-2026 21:34:46:050,150873,173150
69.62,09-22-2026 21:34:46:060,150857,173122
69.63,09-22-2026 21:34:46:070,150868,173137
69.64,09-22-2026 21:34:46:080,150866,173105
69.65,09-22-2026 21:34:46:090,150852,173146
69.66,09-22-2026 21:34:46:100,150877,173089
69.67,09-22-2026 21:34:46:110,150868,173151
69.68,09-22-2026 21:34:46:120,150883,173109
69.69,09-22-2026 21:34:46:130,150855,173152
69.7,09-22-2026 21:34:46:140,150860,173099
69.71,09-22-2026 21:34:46:150,150861,173167
69.72,09-22-2026 21:34:46:160,150875,173106
69.73,09-22-2026 21:34:46:170,150879,173151
69.74,09-22-2026 21:34:46:180,150876,173083
69.75,09-22-2026 21:34:46:190,150864,173152
69.76,09-22-2026 21:34:46:200,150877,173107
69.77,09-22-2026 21:34:46:210,150868,173169
69.78,09-22-2026 21:34:46:220,150862,173102
69.79,09-22-2026 21:34:46:230,150881,173156
69.8,09-22-2026 21:34:46:240,150860,173116
69.81,09-22-2026 21:34:46:250,150877,173173
69.82,09-22-2026 21:34:46:260,150873,173119
69.83,09-22-2026 21:34:46:270,150861,173157
69.84,09-22-2026 21:34:46:280,150870,173142
69.85,09-22-2026 21:34:46:290,150886,173173
69.86,09-22-2026 21:34:46:300,150871,173149
69.87,09-22-2026 21:34:46:310,150863,173174
69.88,09-22-2026 21:34:46:320,150874,173132
69.89,09-22-2026 21:34:46:330,150892,173160
69.9,09-22-2026 21:34:46:340,150871,173146
69.91,09-22-2026 21:34:46:350,150885,173155
69.92,09-22-2026 21:34:46:360,150885,173155
69.93,09-22-2026 21:34:46:370,150893,173161
69.94,09-22-2026 21:34:46:380,150886,173172
69.95,09-22-2026 21:34:46:390,150880,173160
69.96,09-22-2026 21:34:46:400,150880,173159
69.97,09-22-2026 21:34:46:410,150890,173161
69.98,09-22-2026 21:34:46:420,150880,173164
69.99,09-22-2026 21:34:46:430,150881,173169
70,09-22-2026 21:34:46:440,150878,173180
70.01,09-22-2026 21:34:46:450,150879,173160
70.02,09-22-2026 21:34:46:460,150883,173176
70.03,09-22-2026 21:34:46:470,150873,173168
70.04,09-22-2026 21:34:46:480,150881,173184
70.05,09-22-2026 21:34:46:490,150886,173162
70.06,09-22-2026 21:34:46:500,150876,173181
70.07,09-22-2026 21:34:46:510,150894,173175
70.08,09-22-2026 21:34:46:520,150876,173187
70.09,09-22-2026 21:34:46:530,150899,173157
70.1,09-22-2026 21:34:46:540,150858,173183
70.11,09-22-2026 21:34:46:550,150896,173147
70.12,09-22-2026 21:34:46:560,150904,173189
70.13,09-22-2026 21:34:46:570,150878,173166
70.14,09-22-2026 21:34:46:580,150903,173189
70.15,09-22-2026 21:34:46:590,150892,173170
70.16,09-22-2026 21:34:46:600,150882,173195
70.17,09-22-2026 21:34:46:610,150900,173162
70.18,09-22-2026 21:34:46:620,150906,173211
70.19,09-22-2026 21:34:46:630,150885,173157
70.2,09-22-2026 21:34:46:640,150875,173187
70.21,09-22-2026 21:34:46:650,150866,173161
70.22,09-22-2026 21:34:46:660,150882,173178
70.23,09-22-2026 21:34:46:670,150872,173162
70.24,09-22-2026 21:34:46:680,150884,173163
70.25,09-22-2026 21:34:46:690,150879,173169
70.26,09-22-2026 21:34:46:700,150872,173197
70.27,09-22-2026 21:34:46:710,150874,173164
70.28,09-22-2026 21:34:46:720,150851,173175
70.29,09-22-2026 21:34:46:730,150868,173166
70.3,09-22-2026 21:34:46:740,150844,173186
70.31,09-22-2026 21:34:46:750,150850,173171
70.32,09-22-2026 21:34:46:760,150858,173173
70.33,09-22-2026 21:34:46:770,150863,173165
70.34,09-22-2026 21:34:46:780,150849,173159
70.35,09-22-2026 21:34:46:790,150874,173179
70.36,09-22-2026 21:34:46:800,150832,173169
70.37,09-22-2026 21:34:46:810,150845,173164
70.38,09-22-2026 21:34:46:820,150831,173159
70.39,09-22-2026 21:34:46:830,150855,173164
70.4,09-22-2026 21:34:46:840,150834,173175
70.41,09-22-2026 21:34:46:850,150851,173162
70.42,09-22-2026 21:34:46:860,150818,173156
70.43,09-22-2026 21:34:46:870,150846,173144
70.44,09-22-2026 21:34:46:880,150821,173167
70.45,09-22-2026 21:34:46:890,150854,173180
70.46,09-22-2026 21:34:46:900,150833,173152
70.47,09-22-2026 21:34:46:910,150846,173174
70.48,09-22-2026 21:34:46:920,150820,173148
70.49,09-22-2026 21:34:46:930,150851,173150
70.5,09-22-2026 21:34:46:940,150828,173172
70.51,09-22-2026 21:34:46:950,150854,173158
70.52,09-22-2026 21:34:46:960,150833,173162
70.53,09-22-2026 21:34:46:970,150860,173168
70.54,09-22-2026 21:34:46:980,150821,173154
70.55,09-22-2026 21:34:46:990,150834,173142
70.56,09-22-2026 21:34:47:000,150832,173164
70.57,09-22-2026 21:34:47:010,150844,173163
70.58,09-22-2026 21:34:47:020,150825,173153
70.59,09-22-2026 21:34:47:030,150855,173145
70.6,09-22-2026 21:34:47:040,150816,173132
70.61,09-22-2026 21:34:47:050,150859,173158
70.62,09-22-2026 21:34:47:060,150855,173169
70.63,09-22-2026 21:34:47:070,150854,173162
70.64,09-22-2026 21:34:47:080,150843,173151
70.65,09-22-2026 21:34:47:090,150868,173159
70.66,09-22-2026 21:34:47:100,150851,173159
70.67,09-22-2026 21:34:47:110,150869,173156
70.68,09-22-2026 21:34:47:120,150853,173137
70.69,09-22-2026 21:34:47:130,150876,173162
70.7,09-22-2026 21:34:47:140,150853,173157
70.71,09-22-2026 21:34:47:150,150881,173159
70.72,09-22-2026 21:34:47:160,150902,173149
70.73,09-22-2026 21:34:47:170,150868,173147
70.74,09-22-2026 21:34:47:180,150876,173159
70.75,09-22-2026 21:34:47:190,150880,173161
70.76,09-22-2026 21:34:47:200,150874,173154
70.77,09-22-2026 21:34:47:210,150887,173150
70.78,09-22-2026 21:34:47:220,150885,173141
70.79,09-22-2026 21:34:47:230,150890,173143
70.8,09-22-2026 21:34:47:240,150886,173172
70.81,09-22-2026 21:34:47:250,150876,173158
70.82,09-22-2026 21:34:47:260,150898,173152
70.83,09-22-2026 21:34:47:270,150879,173166
70.84,09-22-2026 21:34:47:280,150902,173160
70.85,09-22-2026 21:34:47:290,150895,173154
70.86,09-22-2026 21:34:47:300,150893,173151
70.87,09-22-2026 21:34:47:310,150883,173155
70.88,09-22-2026 21:34:47:320,150903,173159
70.89,09-22-2026 21:34:47:330,150877,173156
70.9,09-22-2026 21:34:47:340,150923,173154
70.91,09-22-2026 21:34:47:350,150881,173161
70.92,09-22-2026 21:34:47:360,150900,173142
70.93,09-22-2026 21:34:47:370,150889,173161
70.94,09-22-2026 21:34:47:380,150909,173167
70.95,09-22-2026 21:34:47:390,150902,173156
70.96,09-22-2026 21:34:47:400,150928,173154
70.97,09-22-2026 21:34:47:410,150896,173174
70.98,09-22-2026 21:34:47:420,150925,173159
70.99,09-22-2026 21:34:47:430,150900,173144
71,09-22-2026 21:34:47:440,150921,173157
71.01,09-22-2026 21:34:47:450,150909,173155
71.02,09-22-2026 21:34:47:460,150917,173170
71.03,09-22-2026 21:34:47:470,150887,173144
71.04,09-22-2026 21:34:47:480,150901,173139
71.05,09-22-2026 21:34:47:490,150898,173165
71.06,09-22-2026 21:34:47:500,150918,173145
71.07,09-22-2026 21:34:47:510,150915,173152
71.08,09-22-2026 21:34:47:520,150916,173160
71.09,09-22-2026 21:34:47:530,150893,173172
71.1,09-22-2026 21:34:47:540,150896,173154
71.11,09-22-2026 21:34:47:550,150919,173146
71.12,09-22-2026 21:34:47:560,150921,173174
71.13,09-22-2026 21:34:47:570,150903,173149
71.14,09-22-2026 21:34:47:580,150901,173138
71.15,09-22-2026 21:34:47:590,150903,173165
71.16,09-22-2026 21:34:47:600,150915,173159
71.17,09-22-2026 21:34:47:610,150918,173172
71.18,09-22-2026 21:34:47:620,150920,173148
71.19,09-22-2026 21:34:47:630,150920,173173
71.2,09-22-2026 21:34:47:640,150905,173158
71.21,09-22-2026 21:34:47:650,150897,173157
71.22,09-22-2026 21:34:47:660,150910,173161
71.23,09-22-2026 21:34:47:670,150906,173153
71.24,09-22-2026 21:34:47:680,150917,173144
71.25,09-22-2026 21:34:47:690,150898,173177
71.26,09-22-2026 21:34:47:700,150914,173164
71.27,09-22-2026 21:34:47:710,150915,173148
71.28,09-22-2026 21:34:47:720,150913,173166
71.29,09-22-2026 21:34:47:730,150881,173139
71.3,09-22-2026 21:34:47:740,150899,173143
71.31,09-22-2026 21:34:47:750,150904,173144
71.32,09-22-2026 21:34:47:760,150879,173173
71.33,09-22-2026 21:34:47:770,150893,173157
71.34,09-22-2026 21:34:47:780,150882,173148
71.35,09-22-2026 21:34:47:790,150890,173157
71.36,09-22-2026 21:34:47:800,150891,173157
71.37,09-22-2026 21:34:47:810,150878,173169
71.38,09-22-2026 21:34:47:820,150883,173143
71.39,09-22-2026 21:34:47:830,150898,173159
71.4,09-22-2026 21:34:47:840,150876,173156
71.41,09-22-2026 21:34:47:850,150879,173156
71.42,09-22-2026 21:34:47:860,150858,173163
71.43,09-22-2026 21:34:47:870,150872,173158
71.44,09-22-2026 21:34:47:880,150874,173167
71.45,09-22-2026 21:34:47:890,150849,173156
71.46,09-22-2026 21:34:47:900,150886,173152
71.47,09-22-2026 21:34:47:910,150870,173150
71.48,09-22-2026 21:34:47:920,150855,173169
71.49,09-22-2026 21:34:47:930,150864,173173
71.5,09-22-2026 21:34:47:940,150862,173151
71.51,09-22-2026 21:34:47:950,150863,173157
71.52,09-22-2026 21:34:47:960,150876,173156
71.53,09-22-2026 21:34:47:970,150850,173153
71.54,09-22-2026 21:34:47:980,150876,173150
71.55,09-22-2026 21:34:47:990,150865,173146
71.56,09-22-2026 21:34:48:000,150869,173144
71.57,09-22-2026 21:34:48:010,150865,173131
71.58,09-22-2026 21:34:48:020,150867,173157
71.59,09-22-2026 21:34:48:030,150850,173131
71.6,09-22-2026 21:34:48:040,150853,173151
71.61,09-22-2026 21:34:48:050,150851,173127
71.62,09-22-2026 21:34:48:060,150864,173170
71.63,09-22-2026 21:34:48:070,150861,173137
71.64,09-22-2026 21:34:48:080,150843,173156
71.65,09-22-2026 21:34:48:090,150851,173106
71.66,09-22-2026 21:34:48:100,150845,173151
71.67,09-22-2026 21:34:48:110,150844,173128
71.68,09-22-2026 21:34:48:120,150823,173161
71.69,09-22-2026 21:34:48:130,150847,173110
71.7,09-22-2026 21:34:48:140,150847,173149
71.71,09-22-2026 21:34:48:150,150840,173111
71.72,09-22-2026 21:34:48:160,150831,173150
71.73,09-22-2026 21:34:48:170,150837,173101
71.74,09-22-2026 21:34:48:180,150840,173146
71.75,09-22-2026 21:34:48:190,150844,173093
71.76,09-22-2026 21:34:48:200,150839,173144
71.77,09-22-2026 21:34:48:210,150818,173085
71.78,09-22-2026 21:34:48:220,150828,173151
71.79,09-22-2026 21:34:48:230,150831,173102
71.8,09-22-2026 21:34:48:240,150847,173165
71.81,09-22-2026 21:34:48:250,150833,173114
71.82,09-22-2026 21:34:48:260,150849,173151
71.83,09-22-2026 21:34:48:270,150837,173115
71.84,09-22-2026 21:34:48:280,150838,173153
71.85,09-22-2026 21:34:48:290,150841,173139
71.86,09-22-2026 21:34:48:300,150834,173134
71.87,09-22-2026 21:34:48:310,150841,173129
71.88,09-22-2026 21:34:48:320,150836,173125
71.89,09-22-2026 21:34:48:330,150848,173110
71.9,09-22-2026 21:34:48:340,150841,173144
71.91,09-22-2026 21:34:48:350,150857,173132
71.92,09-22-2026 21:34:48:360,150849,173135
71.93,09-22-2026 21:34:48:370,150838,173139
71.94,09-22-2026 21:34:48:380,150829,173146
71.95,09-22-2026 21:34:48:390,150831,173146
71.96,09-22-2026 21:34:48:400,150849,173147
71.97,09-22-2026 21:34:48:410,150848,173167
71.98,09-22-2026 21:34:48:420,150854,173127
71.99,09-22-2026 21:34:48:430,150857,173149
72,09-22-2026 21:34:48:440,150850,173133
72.01,09-22-2026 21:34:48:450,150832,173141
72.02,09-22-2026 21:34:48:460,150865,173124
72.03,09-22-2026 21:34:48:470,150849,173160
72.04,09-22-2026 21:34:48:480,150876,173133
72.05,09-22-2026 21:34:48:490,150868,173151
72.06,09-22-2026 21:34:48:500,150866,173121
72.07,09-22-2026 21:34:48:510,150858,173148
72.08,09-22-2026 21:34:48:520,150867,173127
72.09,09-22-2026 21:34:48:530,150854,173168
72.1,09-22-2026 21:34:48:540,150878,173127
72.11,09-22-2026 21:34:48:550,150875,173155
72.12,09-22-2026 21:34:48:560,150877,173119
72.13,09-22-2026 21:34:48:570,150879,173184
72.14,09-22-2026 21:34:48:580,150880,173139
72.15,09-22-2026 21:34:48:590,150869,173166
72.16,09-22-2026 21:34:48:600,150908,173122
72.17,09-22-2026 21:34:48:610,150879,173160
72.18,09-22-2026 21:34:48:620,150879,173122
72.19,09-22-2026 21:34:48:630,150879,173163
72.2,09-22-2026 21:34:48:640,150892,173126
72.21,09-22-2026 21:34:48:650,150881,173158
72.22,09-22-2026 21:34:48:660,150881,173127
72.23,09-22-2026 21:34:48:670,150885,173152
72.24,09-22-2026 21:34:48:680,150887,173121
72.25,09-22-2026 21:34:48:690,150864,173155
72.26,09-22-2026 21:34:48:700,150901,173138
72.27,09-22-2026 21:34:48:710,150876,173151
72.28,09-22-2026 21:34:48:720,150880,173145
72.29,09-22-2026 21:34:48:730,150875,173160
72.3,09-22-2026 21:34:48:740,150883,173125
72.31,09-22-2026 21:34:48:750,150872,173153
72.32,09-22-2026 21:34:48:760,150861,173111
72.33,09-22-2026 21:34:48:770,150870,173132
72.34,09-22-2026 21:34:48:780,150874,173105
72.35,09-22-2026 21:34:48:790,150841,173135
72.36,09-22-2026 21:34:48:800,150876,173135
72.37,09-22-2026 21:34:48:810,150836,173133
72.38,09-22-2026 21:34:48:820,150861,173144
72.39,09-22-2026 21:34:48:830,150834,173129
72.4,09-22-2026 21:34:48:840,150865,173137
72.41,09-22-2026 21:34:48:850,150842,173134
72.42,09-22-2026 21:34:48:860,150877,173140
72.43,09-22-2026 21:34:48:870,150850,173142
72.44,09-22-2026 21:34:48:880,150871,173138
72.45,09-22-2026 21:34:48:890,150838,173148
72.46,09-22-2026 21:34:48:900,150869,173134
72.47,09-22-2026 21:34:48:910,150837,173147
72.48,09-22-2026 21:34:48:920,150855,173154
72.49,09-22-2026 21:34:48:930,150832,173116
72.5,09-22-2026 21:34:48:940,150850,173135
72.51,09-22-2026 21:34:48:950,150828,173126
72.52,09-22-2026 21:34:48:960,150872,173142
72.53,09-22-2026 21:34:48:970,150839,173127
72.54,09-22-2026 21:34:48:980,150861,173135
72.55,09-22-2026 21:34:48:990,150802,173133
72.56,09-22-2026 21:34:49:000,150869,173131
72.57,09-22-2026 21:34:49:010,150809,173126
72.58,09-22-2026 21:34:49:020,150863,173140
72.59,09-22-2026 21:34:49:030,150812,173141
72.6,09-22-2026 21:34:49:040,150859,173142
72.61,09-22-2026 21:34:49:050,150814,173137
72.62,09-22-2026 21:34:49:060,150858,173121
72.63,09-22-2026 21:34:49:070,150839,173135
72.64,09-22-2026 21:34:49:080,150854,173138
72.65,09-22-2026 21:34:49:090,150822,173134
72.66,09-22-2026 21:34:49:100,150860,173116
72.67,09-22-2026 21:34:49:110,150841,173126
72.68,09-22-2026 21:34:49:120,150854,173156
72.69,09-22-2026 21:34:49:130,150856,173142
72.7,09-22-2026 21:34:49:140,150863,173136
72.71,09-22-2026 21:34:49:150,150842,173146
72.72,09-22-2026 21:34:49:160,150874,173139
72.73,09-22-2026 21:34:49:170,150852,173140
72.74,09-22-2026 21:34:49:180,150877,173130
72.75,09-22-2026 21:34:49:190,150889,173140
72.76,09-22-2026 21:34:49:200,150872,173118
72.77,09-22-2026 21:34:49:210,150871,173136
72.78,09-22-2026 21:34:49:220,150851,173125
72.79,09-22-2026 21:34:49:230,150870,173131
72.8,09-22-2026 21:34:49:240,150884,173148
72.81,09-22-2026 21:34:49:250,150878,173140
72.82,09-22-2026 21:34:49:260,150865,173147
72.83,09-22-2026 21:34:49:270,150887,173149
72.84,09-22-2026 21:34:49:280,150868,173149
72.85,09-22-2026 21:34:49:290,150901,173147
72.86,09-22-2026 21:34:49:300,150862,173128
72.87,09-22-2026 21:34:49:310,150922,173150
72.88,09-22-2026 21:34:49:320,150881,173142
72.89,09-22-2026 21:34:49:330,150903,173133
72.9,09-22-2026 21:34:49:340,150886,173126
72.91,09-22-2026 21:34:49:350,150918,173132
72.92,09-22-2026 21:34:49:360,150895,173142
72.93,09-22-2026 21:34:49:370,150918,173136
72.94,09-22-2026 21:34:49:380,150898,173138
72.95,09-22-2026 21:34:49:390,150934,173137
72.96,09-22-2026 21:34:49:400,150883,173145
72.97,09-22-2026 21:34:49:410,150923,173121
72.98,09-22-2026 21:34:49:420,150878,173126
72.99,09-22-2026 21:34:49:430,150925,173135
73,09-22-2026 21:34:49:440,150896,173121
73.01,09-22-2026 21:34:49:450,150921,173136
73.02,09-22-2026 21:34:49:460,150898,173138
73.03,09-22-2026 21:34:49:470,150886,173135
73.04,09-22-2026 21:34:49:480,150877,173127
73.05,09-22-2026 21:34:49:490,150912,173135
73.06,09-22-2026 21:34:49:500,150900,173125
73.07,09-22-2026 21:34:49:510,150920,173122
73.08,09-22-2026 21:34:49:520,150889,173130
73.09,09-22-2026 21:34:49:530,150901,173137
73.1,09-22-2026 21:34:49:540,150884,173118
73.11,09-22-2026 21:34:49:550,150910,173132
73.12,09-22-2026 21:34:49:560,150897,173121
73.13,09-22-2026 21:34:49:570,150877,173138
73.14,09-22-2026 21:34:49:580,150899,173135
73.15,09-22-2026 21:34:49:590,150885,173129
73.16,09-22-2026 21:34:49:600,150904,173129
73.17,09-22-2026 21:34:49:610,150888,173129
73.18,09-22-2026 21:34:49:620,150904,173125
73.19,09-22-2026 21:34:49:630,150892,173150
73.2,09-22-2026 21:34:49:640,150898,173134
73.21,09-22-2026 21:34:49:650,150896,173129
73.22,09-22-2026 21:34:49:660,150887,173152
73.23,09-22-2026 21:34:49:670,150894,173130
73.24,09-22-2026 21:34:49:680,150890,173142
73.25,09-22-2026 21:34:49:690,150872,173143
73.26,09-22-2026 21:34:49:700,150862,173115
73.27,09-22-2026 21:34:49:710,150876,173123
73.28,09-22-2026 21:34:49:720,150887,173124
73.29,09-22-2026 21:34:49:730,150884,173150
73.3,09-22-2026 21:34:49:740,150894,173143
73.31,09-22-2026 21:34:49:750,150877,173143
73.32,09-22-2026 21:34:49:760,150867,173130
73.33,09-22-2026 21:34:49:770,150891,173128
73.34,09-22-2026 21:34:49:780,150879,173143
73.35,09-22-2026 21:34:49:790,150859,173130
73.36,09-22-2026 21:34:49:800,150872,173144
73.37,09-22-2026 21:34:49:810,150875,173134
73.38,09-22-2026 21:34:49:820,150866,173141
73.39,09-22-2026 21:34:49:830,150868,173135
73.4,09-22-2026 21:34:49:840,150872,173132
73.41,09-22-2026 21:34:49:850,150873,173128
73.42,09-22-2026 21:34:49:860,150877,173124
73.43,09-22-2026 21:34:49:870,150873,173129
73.44,09-22-2026 21:34:49:880,150858,173135
73.45,09-22-2026 21:34:49:890,150871,173120
73.46,09-22-2026 21:34:49:900,150873,173115
73.47,09-22-2026 21:34:49:910,150872,173136
73.48,09-22-2026 21:34:49:920,150865,173109
73.49,09-22-2026 21:34:49:930,150882,173127
73.5,09-22-2026 21:34:49:940,150885,173094
73.51,09-22-2026 21:34:49:950,150888,173132
73.52,09-22-2026 21:34:49:960,150880,173126
73.53,09-22-2026 21:34:49:970,150876,173129
73.54,09-22-2026 21:34:49:980,150877,173103
73.55,09-22-2026 21:34:49:990,150865,173128
73.56,09-22-2026 21:34:50:000,150856,173100
73.57,09-22-2026 21:34:50:010,150885,173123
73.58,09-22-2026 21:34:50:020,150865,173116
73.59,09-22-2026 21:34:50:030,150878,173117
73.6,09-22-2026 21:34:50:040,150879,173096
73.61,09-22-2026 21:34:50:050,150878,173119
73.62,09-22-2026 21:34:50:060,150879,173107
73.63,09-22-2026 21:34:50:070,150874,173131
73.64,09-22-2026 21:34:50:080,150876,173095
73.65,09-22-2026 21:34:50:090,150871,173134
73.66,09-22-2026 21:34:50:100,150886,173090
73.67,09-22-2026 21:34:50:110,150878,173127
73.68,09-22-2026 21:34:50:120,150880,173078
73.69,09-22-2026 21:34:50:130,150873,173127
73.7,09-22-2026 21:34:50:140,150876,173071
73.71,09-22-2026 21:34:50:150,150873,173124
73.72,09-22-2026 21:34:50:160,150877,173071
73.73,09-22-2026 21:34:50:170,150885,173136
73.74,09-22-2026 21:34:50:180,150886,173066
73.75,09-22-2026 21:34:50:190,150878,173116
73.76,09-22-2026 21:34:50:200,150886,173081
73.77,09-22-2026 21:34:50:210,150885,173121
73.78,09-22-2026 21:34:50:220,150888,173101
73.79,09-22-2026 21:34:50:230,150892,173132
73.8,09-22-2026 21:34:50:240,150898,173100
73.81,09-22-2026 21:34:50:250,150881,173138
73.82,09-22-2026 21:34:50:260,150893,173088
73.83,09-22-2026 21:34:50:270,150897,173130
73.84,09-22-2026 21:34:50:280,150890,173100
73.85,09-22-2026 21:34:50:290,150890,173126
73.86,09-22-2026 21:34:50:300,150886,173100
73.87,09-22-2026 21:34:50:310,150883,173133
73.88,09-22-2026 21:34:50:320,150899,173120
73.89,09-22-2026 21:34:50:330,150883,173123
73.9,09-22-2026 21:34:50:340,150892,173141
73.91,09-22-2026 21:34:50:350,150900,173138
73.92,09-22-2026 21:34:50:360,150893,173135
73.93,09-22-2026 21:34:50:370,150897,173122
73.94,09-22-2026 21:34:50:380,150888,173113
73.95,09-22-2026 21:34:50:390,150910,173121
73.96,09-22-2026 21:34:50:400,150894,173144
73.97,09-22-2026 21:34:50:410,150894,173126
73.98,09-22-2026 21:34:50:420,150901,173147
73.99,09-22-2026 21:34:50:430,150895,173123
74,09-22-2026 21:34:50:440,150898,173143
74.01,09-22-2026 21:34:50:450,150884,173141
74.02,09-22-2026 21:34:50:460,150894,173150
74.03,09-22-2026 21:34:50:470,150903,173116
74.04,09-22-2026 21:34:50:480,150893,173148
74.05,09-22-2026 21:34:50:490,150896,173124
74.06,09-22-2026 21:34:50:500,150898,173174
74.07,09-22-2026 21:34:50:510,150899,173136
74.08,09-22-2026 21:34:50:520,150902,173162
74.09,09-22-2026 21:34:50:530,150910,173143
74.1,09-22-2026 21:34:50:540,150900,173141
74.11,09-22-2026 21:34:50:550,150899,173130
74.12,09-22-2026 21:34:50:560,150898,173152
74.13,09-22-2026 21:34:50:570,150904,173143
74.14,09-22-2026 21:34:50:580,150898,173177
74.15,09-22-2026 21:34:50:590,150885,173149
74.16,09-22-2026 21:34:50:600,150894,173172
74.17,09-22-2026 21:34:50:610,150891,173132
74.18,09-22-2026 21:34:50:620,150882,173185
74.19,09-22-2026 21:34:50:630,150875,173112
74.2,09-22-2026 21:34:50:640,150871,173159
74.21,09-22-2026 21:34:50:650,150871,173126
74.22,09-22-2026 21:34:50:660,150878,173138
74.23,09-22-2026 21:34:50:670,150865,173127
74.24,09-22-2026 21:34:50:680,150858,173140
74.25,09-22-2026 21:34:50:690,150871,173134
74.26,09-22-2026 21:34:50:700,150860,173150
74.27,09-22-2026 21:34:50:710,150867,173147
74.28,09-22-2026 21:34:50:720,150843,173152
74.29,09-22-2026 21:34:50:730,150867,173141
74.3,09-22-2026 21:34:50:740,150830,173113
74.31,09-22-2026 21:34:50:750,150863,173138
74.32,09-22-2026 21:34:50:760,150849,173145
74.33,09-22-2026 21:34:50:770,150870,173120
74.34,09-22-2026 21:34:50:780,150857,173147
74.35,09-22-2026 21:34:50:790,150870,173143
74.36,09-22-2026 21:34:50:800,150858,173127
74.37,09-22-2026 21:34:50:810,150896,173136
74.38,09-22-2026 21:34:50:820,150866,173144
74.39,09-22-2026 21:34:50:830,150874,173159
74.4,09-22-2026 21:34:50:840,150848,173161
74.41,09-22-2026 21:34:50:850,150873,173151
74.42,09-22-2026 21:34:50:860,150845,173154
74.43,09-22-2026 21:34:50:870,150877,173151
74.44,09-22-2026 21:34:50:880,150862,173134
74.45,09-22-2026 21:34:50:890,150888,173150
74.46,09-22-2026 21:34:50:900,150856,173132
74.47,09-22-2026 21:34:50:910,150871,173134
74.48,09-22-2026 21:34:50:920,150813,173137
74.49,09-22-2026 21:34:50:930,150887,173142
74.5,09-22-2026 21:34:50:940,150832,173144
74.51,09-22-2026 21:34:50:950,150877,173150
74.52,09-22-2026 21:34:50:960,150830,173162
74.53,09-22-2026 21:34:50:970,150884,173148
74.54,09-22-2026 21:34:50:980,150859,173146
74.55,09-22-2026 21:34:50:990,150866,173144
74.56,09-22-2026 21:34:51:000,150860,173135
74.57,09-22-2026 21:34:51:010,150901,173149
74.58,09-22-2026 21:34:51:020,150865,173128
74.59,09-22-2026 21:34:51:030,150875,173132
74.6,09-22-2026 21:34:51:040,150853,173137
74.61,09-22-2026 21:34:51:050,150887,173139
74.62,09-22-2026 21:34:51:060,150878,173148
74.63,09-22-2026 21:34:51:070,150889,173155
74.64,09-22-2026 21:34:51:080,150890,173146
74.65,09-22-2026 21:34:51:090,150900,173128
74.66,09-22-2026 21:34:51:100,150894,173150
74.67,09-22-2026 21:34:51:110,150911,173143
74.68,09-22-2026 21:34:51:120,150913,173139
74.69,09-22-2026 21:34:51:130,150910,173147
74.7,09-22-2026 21:34:51:140,150902,173161
74.71,09-22-2026 21:34:51:150,150900,173145
74.72,09-22-2026 21:34:51:160,150913,173162
74.73,09-22-2026 21:34:51:170,150878,173152
74.74,09-22-2026 21:34:51:180,150908,173146
74.75,09-22-2026 21:34:51:190,150897,173138
74.76,09-22-2026 21:34:51:200,150905,173165
74.77,09-22-2026 21:34:51:210,150909,173151
74.78,09-22-2026 21:34:51:220,150906,173142
74.79,09-22-2026 21:34:51:230,150890,173162
74.8,09-22-2026 21:34:51:240,150934,173134
74.81,09-22-2026 21:34:51:250,150905,173151
74.82,09-22-2026 21:34:51:260,150919,173133
74.83,09-22-2026 21:34:51:270,150903,173136
74.84,09-22-2026 21:34:51:280,150947,173141
74.85,09-22-2026 21:34:51:290,150917,173147
74.86,09-22-2026 21:34:51:300,150923,173129
74.87,09-22-2026 21:34:51:310,150910,173153
74.88,09-22-2026 21:34:51:320,150953,173145
74.89,09-22-2026 21:34:51:330,150891,173143
74.9,09-22-2026 21:34:51:340,150921,173136
74.91,09-22-2026 21:34:51:350,150939,173149
74.92,09-22-2026 21:34:51:360,150952,173147
74.93,09-22-2026 21:34:51:370,150917,173143
74.94,09-22-2026 21:34:51:380,150924,173165
74.95,09-22-2026 21:34:51:390,150913,173140
74.96,09-22-2026 21:34:51:400,150929,173150
74.97,09-22-2026 21:34:51:410,150900,173151
74.98,09-22-2026 21:34:51:420,150949,173157
74.99,09-22-2026 21:34:51:430,150920,173153
75,09-22-2026 21:34:51:440,150920,173156
75.01,09-22-2026 21:34:51:450,150903,173151
75.02,09-22-2026 21:34:51:460,150925,173135
75.03,09-22-2026 21:34:51:470,150913,173143
75.04,09-22-2026 21:34:51:480,150903,173147
75.05,09-22-2026 21:34:51:490,150889,173166
75.06,09-22-2026 21:34:51:500,150889,173170
75.07,09-22-2026 21:34:51:510,150900,173162
75.08,09-22-2026 21:34:51:520,150899,173158
75.09,09-22-2026 21:34:51:530,150885,173149
75.1,09-22-2026 21:34:51:540,150914,173149
75.11,09-22-2026 21:34:51:550,150901,173151
75.12,09-22-2026 21:34:51:560,150887,173152
75.13,09-22-2026 21:34:51:570,150888,173145
75.14,09-22-2026 21:34:51:580,150899,173158
75.15,09-22-2026 21:34:51:590,150901,173141
75.16,09-22-2026 21:34:51:600,150896,173139
75.17,09-22-2026 21:34:51:610,150892,173149
75.18,09-22-2026 21:34:51:620,150892,173154
75.19,09-22-2026 21:34:51:630,150897,173147
75.2,09-22-2026 21:34:51:640,150897,173145
75.21,09-22-2026 21:34:51:650,150901,173146
75.22,09-22-2026 21:34:51:660,150880,173150
75.23,09-22-2026 21:34:51:670,150896,173144
75.24,09-22-2026 21:34:51:680,150898,173164
75.25,09-22-2026 21:34:51:690,150914,173152
75.26,09-22-2026 21:34:51:700,150897,173172
75.27,09-22-2026 21:34:51:710,150886,173175
75.28,09-22-2026 21:34:51:720,150909,173148
75.29,09-22-2026 21:34:51:730,150902,173163
75.3,09-22-2026 21:34:51:740,150898,173168
75.31,09-22-2026 21:34:51:750,150901,173172
75.32,09-22-2026 21:34:51:760,150887,173171
75.33,09-22-2026 21:34:51:770,150906,173162
75.34,09-22-2026 21:34:51:780,150895,173152
75.35,09-22-2026 21:34:51:790,150908,173146
75.36,09-22-2026 21:34:51:800,150909,173149
75.37,09-22-2026 21:34:51:810,150912,173163
75.38,09-22-2026 21:34:51:820,150898,173165
75.39,09-22-2026 21:34:51:830,150910,173167
75.4,09-22-2026 21:34:51:840,150903,173173
75.41,09-22-2026 21:34:51:850,150894,173153
75.42,09-22-2026 21:34:51:860,150913,173159
75.43,09-22-2026 21:34:51:870,150891,173140
75.44,09-22-2026 21:34:51:880,150912,173169
75.45,09-22-2026 21:34:51:890,150907,173149
75.46,09-22-2026 21:34:51:900,150899,173162
75.47,09-22-2026 21:34:51:910,150929,173147
75.48,09-22-2026 21:34:51:920,150920,173157
75.49,09-22-2026 21:34:51:930,150917,173136
75.5,09-22-2026 21:34:51:940,150905,173136
75.51,09-22-2026 21:34:51:950,150913,173157
75.52,09-22-2026 21:34:51:960,150923,173124
75.53,09-22-2026 21:34:51:970,150924,173164
75.54,09-22-2026 21:34:51:980,150921,173131
75.55,09-22-2026 21:34:51:990,150919,173146
75.56,09-22-2026 21:34:52:000,150907,173127
75.57,09-22-2026 21:34:52:010,150907,173156
75.58,09-22-2026 21:34:52:020,150939,173110
75.59,09-22-2026 21:34:52:030,150923,173162
75.6,09-22-2026 21:34:52:040,150918,173109
75.61,09-22-2026 21:34:52:050,150918,173166
75.62,09-22-2026 21:34:52:060,150928,173096
75.63,09-22-2026 21:34:52:070,150929,173161
75.64,09-22-2026 21:34:52:080,150925,173126
75.65,09-22-2026 21:34:52:090,150916,173153
75.66,09-22-2026 21:34:52:100,150927,173131
75.67,09-22-2026 21:34:52:110,150927,173150
75.68,09-22-2026 21:34:52:120,150932,173120
75.69,09-22-2026 21:34:52:130,150950,173167
75.7,09-22-2026 21:34:52:140,150939,173102
75.71,09-22-2026 21:34:52:150,150937,173165
75.72,09-22-2026 21:34:52:160,150936,173143
75.73,09-22-2026 21:34:52:170,150925,173170
75.74,09-22-2026 21:34:52:180,150932,173120
75.75,09-22-2026 21:34:52:190,150939,173182
75.76,09-22-2026 21:34:52:200,150939,173130
75.77,09-22-2026 21:34:52:210,150932,173166
75.78,09-22-2026 21:34:52:220,150938,173142
75.79,09-22-2026 21:34:52:230,150938,173178
75.8,09-22-2026 21:34:52:240,150929,173140
75.81,09-22-2026 21:34:52:250,150950,173166
75.82,09-22-2026 21:34:52:260,150962,173182
75.83,09-22-2026 21:34:52:270,150959,173173
75.84,09-22-2026 21:34:52:280,150930,173177
75.85,09-22-2026 21:34:52:290,150933,173177
75.86,09-22-2026 21:34:52:300,150947,173170
75.87,09-22-2026 21:34:52:310,150942,173170
75.88,09-22-2026 21:34:52:320,150961,173171
75.89,09-22-2026 21:34:52:330,150943,173165
75.9,09-22-2026 21:34:52:340,150920,173189
75.91,09-22-2026 21:34:52:350,150953,173179
75.92,09-22-2026 21:34:52:360,150918,173209
75.93,09-22-2026 21:34:52:370,150928,173166
75.94,09-22-2026 21:34:52:380,150914,173179
75.95,09-22-2026 21:34:52:390,150895,173160
75.96,09-22-2026 21:34:52:400,150926,173189
75.97,09-22-2026 21:34:52:410,150919,173159
75.98,09-22-2026 21:34:52:420,150909,173192
75.99,09-22-2026 21:34:52:430,150920,173174
76,09-22-2026 21:34:52:440,150907,173197
76.01,09-22-2026 21:34:52:450,150906,173168
76.02,09-22-2026 21:34:52:460,150908,173198
76.03,09-22-2026 21:34:52:470,150911,173167
76.04,09-22-2026 21:34:52:480,150901,173179
76.05,09-22-2026 21:34:52:490,150926,173175
76.06,09-22-2026 21:34:52:500,150902,173193
76.07,09-22-2026 21:34:52:510,150901,173174
76.08,09-22-2026 21:34:52:520,150908,173208
76.09,09-22-2026 21:34:52:530,150910,173168
76.1,09-22-2026 21:34:52:540,150900,173204
76.11,09-22-2026 21:34:52:550,150906,173161
76.12,09-22-2026 21:34:52:560,150899,173163
76.13,09-22-2026 21:34:52:570,150910,173151
76.14,09-22-2026 21:34:52:580,150912,173196
76.15,09-22-2026 21:34:52:590,150916,173150
76.16,09-22-2026 21:34:52:600,150907,173173
76.17,09-22-2026 21:34:52:610,150905,173160
76.18,09-22-2026 21:34:52:620,150903,173164
76.19,09-22-2026 21:34:52:630,150906,173184
76.2,09-22-2026 21:34:52:640,150897,173185
76.21,09-22-2026 21:34:52:650,150912,173172
76.22,09-22-2026 21:34:52:660,150888,173173
76.23,09-22-2026 21:34:52:670,150905,173173
76.24,09-22-2026 21:34:52:680,150887,173165
76.25,09-22-2026 21:34:52:690,150913,173177
76.26,09-22-2026 21:34:52:700,150877,173153
76.27,09-22-2026 21:34:52:710,150912,173167
76.28,09-22-2026 21:34:52:720,150875,173173
76.29,09-22-2026 21:34:52:730,150908,173150
76.3,09-22-2026 21:34:52:740,150868,173146
76.31,09-22-2026 21:34:52:750,150910,173176
76.32,09-22-2026 21:34:52:760,150871,173151
76.33,09-22-2026 21:34:52:770,150912,173163
76.34,09-22-2026 21:34:52:780,150893,173167
76.35,09-22-2026 21:34:52:790,150912,173164
76.36,09-22-2026 21:34:52:800,150880,173157
76.37,09-22-2026 21:34:52:810,150911,173161
76.38,09-22-2026 21:34:52:820,150886,173165
76.39,09-22-2026 21:34:52:830,150910,173164
76.4,09-22-2026 21:34:52:840,150875,173168
76.41,09-22-2026 21:34:52:850,150908,173146
76.42,09-22-2026 21:34:52:860,150857,173166
76.43,09-22-2026 21:34:52:870,150916,173154
76.44,09-22-2026 21:34:52:880,150852,173163
76.45,09-22-2026 21:34:52:890,150914,173174
76.46,09-22-2026 21:34:52:900,150870,173152
76.47,09-22-2026 21:34:52:910,150922,173154
76.48,09-22-2026 21:34:52:920,150860,173162
76.49,09-22-2026 21:34:52:930,150920,173168
76.5,09-22-2026 21:34:52:940,150865,173176
76.51,09-22-2026 21:34:52:950,150929,173167
76.52,09-22-2026 21:34:52:960,150891,173167
76.53,09-22-2026 21:34:52:970,150911,173163
76.54,09-22-2026 21:34:52:980,150879,173169
76.55,09-22-2026 21:34:52:990,150918,173159
76.56,09-22-2026 21:34:53:000,150882,173166
76.57,09-22-2026 21:34:53:010,150929,173164
76.58,09-22-2026 21:34:53:020,150899,173159
76.59,09-22-2026 21:34:53:030,150921,173152
76.6,09-22-2026 21:34:53:040,150912,173157
76.61,09-22-2026 21:34:53:050,150921,173161
76.62,09-22-2026 21:34:53:060,150906,173152
76.63,09-22-2026 21:34:53:070,150920,173149
76.64,09-22-2026 21:34:53:080,150957,173162
76.65,09-22-2026 21:34:53:090,150929,173166
76.66,09-22-2026 21:34:53:100,150940,173156
76.67,09-22-2026 21:34:53:110,150933,173168
76.68,09-22-2026 21:34:53:120,150939,173153
76.69,09-22-2026 21:34:53:130,150942,173169
76.7,09-22-2026 21:34:53:140,150935,173157
76.71,09-22-2026 21:34:53:150,150937,173152
76.72,09-22-2026 21:34:53:160,150959,173152
76.73,09-22-2026 21:34:53:170,150929,173135
76.74,09-22-2026 21:34:53:180,150955,173155
76.75,09-22-2026 21:34:53:190,150930,173152
76.76,09-22-2026 21:34:53:200,150939,173152
76.77,09-22-2026 21:34:53:210,150936,173137
76.78,09-22-2026 21:34:53:220,150935,173154
76.79,09-22-2026 21:34:53:230,150916,173159
76.8,09-22-2026 21:34:53:240,150951,173152
76.81,09-22-2026 21:34:53:250,150907,173149
76.82,09-22-2026 21:34:53:260,150920,173164
76.83,09-22-2026 21:34:53:270,150909,173150
76.84,09-22-2026 21:34:53:280,150921,173156
76.85,09-22-2026 21:34:53:290,150906,173159
76.86,09-22-2026 21:34:53:300,150934,173148
76.87,09-22-2026 21:34:53:310,150919,173162
76.88,09-22-2026 21:34:53:320,150936,173145
76.89,09-22-2026 21:34:53:330,150893,173144
76.9,09-22-2026 21:34:53:340,150920,173166
76.91,09-22-2026 21:34:53:350,150900,173154
76.92,09-22-2026 21:34:53:360,150940,173161
76.93,09-22-2026 21:34:53:370,150884,173161
76.94,09-22-2026 21:34:53:380,150917,173147
76.95,09-22-2026 21:34:53:390,150895,173158
76.96,09-22-2026 21:34:53:400,150917,173171
76.97,09-22-2026 21:34:53:410,150887,173156
76.98,09-22-2026 21:34:53:420,150922,173147
76.99,09-22-2026 21:34:53:430,150908,173150
77,09-22-2026 21:34:53:440,150916,173152
77.01,09-22-2026 21:34:53:450,150901,173157
77.02,09-22-2026 21:34:53:460,150894,173170
77.03,09-22-2026 21:34:53:470,150884,173160
77.04,09-22-2026 21:34:53:480,150932,173141
77.05,09-22-2026 21:34:53:490,150903,173147
77.06,09-22-2026 21:34:53:500,150901,173161
77.07,09-22-2026 21:34:53:510,150896,173145
77.08,09-22-2026 21:34:53:520,150897,173143
77.09,09-22-2026 21:34:53:530,150909,173137
77.1,09-22-2026 21:34:53:540,150900,173138
77.11,09-22-2026 21:34:53:550,150895,173158
77.12,09-22-2026 21:34:53:560,150903,173143
77.13,09-22-2026 21:34:53:570,150908,173137
77.14,09-22-2026 21:34:53:580,150908,173138
77.15,09-22-2026 21:34:53:590,150900,173142
77.16,09-22-2026 21:34:53:600,150915,173136
77.17,09-22-2026 21:34:53:610,150915,173135
77.18,09-22-2026 21:34:53:620,150923,173141
77.19,09-22-2026 21:34:53:630,150913,173137
77.2,09-22-2026 21:34:53:640,150911,173139
77.21,09-22-2026 21:34:53:650,150941,173149
77.22,09-22-2026 21:34:53:660,150909,173152
77.23,09-22-2026 21:34:53:670,150922,173150
77.24,09-22-2026 21:34:53:680,150931,173128
77.25,09-22-2026 21:34:53:690,150926,173146
77.26,09-22-2026 21:34:53:700,150931,173153
77.27,09-22-2026 21:34:53:710,150925,173143
77.28,09-22-2026 21:34:53:720,150930,173142
77.29,09-22-2026 21:34:53:730,150926,173158
77.3,09-22-2026 21:34:53:740,150925,173153
77.31,09-22-2026 21:34:53:750,150927,173139
77.32,09-22-2026 21:34:53:760,150915,173136
77.33,09-22-2026 21:34:53:770,150913,173139
77.34,09-22-2026 21:34:53:780,150919,173148
77.35,09-22-2026 21:34:53:790,150942,173149
77.36,09-22-2026 21:34:53:800,150925,173124
77.37,09-22-2026 21:34:53:810,150933,173148
77.38,09-22-2026 21:34:53:820,150950,173124
77.39,09-22-2026 21:34:53:830,150933,173130
77.4,09-22-2026 21:34:53:840,150943,173142
77.41,09-22-2026 21:34:53:850,150953,173111
77.42,09-22-2026 21:34:53:860,150930,173151
77.43,09-22-2026 21:34:53:870,150945,173133
77.44,09-22-2026 21:34:53:880,150923,173138
77.45,09-22-2026 21:34:53:890,150927,173120
77.46,09-22-2026 21:34:53:900,150922,173140
77.47,09-22-2026 21:34:53:910,150930,173130
77.48,09-22-2026 21:34:53:920,150943,173152
77.49,09-22-2026 21:34:53:930,150936,173128
77.5,09-22-2026 21:34:53:940,150940,173144
77.51,09-22-2026 21:34:53:950,150937,173124
77.52,09-22-2026 21:34:53:960,150928,173149
77.53,09-22-2026 21:34:53:970,150935,173125
77.54,09-22-2026 21:34:53:980,150944,173142
77.55,09-22-2026 21:34:53:990,150955,173120
77.56,09-22-2026 21:34:54:000,150936,173163
77.57,09-22-2026 21:34:54:010,150944,173116
77.58,09-22-2026 21:34:54:020,150933,173149
77.59,09-22-2026 21:34:54:030,150941,173111
77.6,09-22-2026 21:34:54:040,150938,173165
77.61,09-22-2026 21:34:54:050,150934,173101
77.62,09-22-2026 21:34:54:060,150950,173157
77.63,09-22-2026 21:34:54:070,150940,173101
77.64,09-22-2026 21:34:54:080,150929,173163
77.65,09-22-2026 21:34:54:090,150933,173126
77.66,09-22-2026 21:34:54:100,150929,173163
77.67,09-22-2026 21:34:54:110,150924,173097
77.68,09-22-2026 21:34:54:120,150926,173161
77.69,09-22-2026 21:34:54:130,150908,173086
77.7,09-22-2026 21:34:54:140,150927,173158
77.71,09-22-2026 21:34:54:150,150927,173112
77.72,09-22-2026 21:34:54:160,150911,173167
77.73,09-22-2026 21:34:54:170,150912,173133
77.74,09-22-2026 21:34:54:180,150925,173145
77.75,09-22-2026 21:34:54:190,150912,173120
77.76,09-22-2026 21:34:54:200,150917,173153
77.77,09-22-2026 21:34:54:210,150922,173142
77.78,09-22-2026 21:34:54:220,150896,173162
77.79,09-22-2026 21:34:54:230,150916,173144
77.8,09-22-2026 21:34:54:240,150924,173149
77.81,09-22-2026 21:34:54:250,150930,173135
77.82,09-22-2026 21:34:54:260,150892,173166
77.83,09-22-2026 21:34:54:270,150902,173159
77.84,09-22-2026 21:34:54:280,150898,173152
77.85,09-22-2026 21:34:54:290,150893,173165
77.86,09-22-2026 21:34:54:300,150910,173158
77.87,09-22-2026 21:34:54:310,150909,173177
77.88,09-22-2026 21:34:54:320,150921,173165
77.89,09-22-2026 21:34:54:330,150903,173161
77.9,09-22-2026 21:34:54:340,150911,173138
77.91,09-22-2026 21:34:54:350,150926,173180
77.92,09-22-2026 21:34:54:360,150916,173154
77.93,09-22-2026 21:34:54:370,150919,173173
77.94,09-22-2026 21:34:54:380,150923,173138
77.95,09-22-2026 21:34:54:390,150885,173175
77.96,09-22-2026 21:34:54:400,150909,173161
77.97,09-22-2026 21:34:54:410,150922,173171
77.98,09-22-2026 21:34:54:420,150902,173142
77.99,09-22-2026 21:34:54:430,150910,173164
78,09-22-2026 21:34:54:440,150911,173137
78.01,09-22-2026 21:34:54:450,150923,173175
78.02,09-22-2026 21:34:54:460,150897,173145
78.03,09-22-2026 21:34:54:470,150899,173196
78.04,09-22-2026 21:34:54:480,150916,173140
78.05,09-22-2026 21:34:54:490,150891,173170
78.06,09-22-2026 21:34:54:500,150918,173151
78.07,09-22-2026 21:34:54:510,150932,173171
78.08,09-22-2026 21:34:54:520,150905,173148
78.09,09-22-2026 21:34:54:530,150915,173190
78.1,09-22-2026 21:34:54:540,150931,173160
78.11,09-22-2026 21:34:54:550,150906,173160
78.12,09-22-2026 21:34:54:560,150916,173125
78.13,09-22-2026 21:34:54:570,150924,173145
78.14,09-22-2026 21:34:54:580,150920,173124
78.15,09-22-2026 21:34:54:590,150923,173145
78.16,09-22-2026 21:34:54:600,150923,173145
78.17,09-22-2026 21:34:54:610,150922,173165
78.18,09-22-2026 21:34:54:620,150919,173146
78.19,09-22-2026 21:34:54:630,150922,173144
78.2,09-22-2026 21:34:54:640,150922,173143
78.21,09-22-2026 21:34:54:650,150931,173164
78.22,09-22-2026 21:34:54:660,150919,173154
78.23,09-22-2026 21:34:54:670,150919,173160
78.24,09-22-2026 21:34:54:680,150937,173127
78.25,09-22-2026 21:34:54:690,150905,173145
78.26,09-22-2026 21:34:54:700,150932,173145
78.27,09-22-2026 21:34:54:710,150920,173147
78.28,09-22-2026 21:34:54:720,150940,173156
78.29,09-22-2026 21:34:54:730,150922,173132
78.3,09-22-2026 21:34:54:740,150927,173141
78.31,09-22-2026 21:34:54:750,150911,173138
78.32,09-22-2026 21:34:54:760,150930,173130
78.33,09-22-2026 21:34:54:770,150908,173130
78.34,09-22-2026 21:34:54:780,150932,173148
78.35,09-22-2026 21:34:54:790,150899,173145
78.36,09-22-2026 21:34:54:800,150946,173140
78.37,09-22-2026 21:34:54:810,150902,173150
78.38,09-22-2026 21:34:54:820,150937,173130
78.39,09-22-2026 21:34:54:830,150894,173139
78.4,09-22-2026 21:34:54:840,150920,173148
78.41,09-22-2026 21:34:54:850,150894,173152
78.42,09-22-2026 21:34:54:860,150932,173128
78.43,09-22-2026 21:34:54:870,150887,173141
78.44,09-22-2026 21:34:54:880,150923,173146
78.45,09-22-2026 21:34:54:890,150879,173144
78.46,09-22-2026 21:34:54:900,150927,173138
78.47,09-22-2026 21:34:54:910,150912,173142
78.48,09-22-2026 21:34:54:920,150931,173140
78.49,09-22-2026 21:34:54:930,150869,173148
78.5,09-22-2026 21:34:54:940,150911,173134
78.51,09-22-2026 21:34:54:950,150888,173130
78.52,09-22-2026 21:34:54:960,150950,173138
78.53,09-22-2026 21:34:54:970,150888,173140
78.54,09-22-2026 21:34:54:980,150930,173155
78.55,09-22-2026 21:34:54:990,150899,173135
78.56,09-22-2026 21:34:55:000,150937,173139
78.57,09-22-2026 21:34:55:010,150905,173145
78.58,09-22-2026 21:34:55:020,150923,173142
78.59,09-22-2026 21:34:55:030,150901,173128
78.6,09-22-2026 21:34:55:040,150912,173154
78.61,09-22-2026 21:34:55:050,150908,173141
78.62,09-22-2026 21:34:55:060,150901,173149
78.63,09-22-2026 21:34:55:070,150889,173150
78.64,09-22-2026 21:34:55:080,150921,173153
78.65,09-22-2026 21:34:55:090,150900,173135
78.66,09-22-2026 21:34:55:100,150897,173147
78.67,09-22-2026 21:34:55:110,150897,173122
78.68,09-22-2026 21:34:55:120,150908,173139
78.69,09-22-2026 21:34:55:130,150904,173122
78.7,09-22-2026 21:34:55:140,150879,173128
78.71,09-22-2026 21:34:55:150,150902,173131
78.72,09-22-2026 21:34:55:160,150890,173121
78.73,09-22-2026 21:34:55:170,150899,173131
78.74,09-22-2026 21:34:55:180,150887,173119
78.75,09-22-2026 21:34:55:190,150905,173122
78.76,09-22-2026 21:34:55:200,150863,173144
78.77,09-22-2026 21:34:55:210,150897,173126
78.78,09-22-2026 21:34:55:220,150880,173141
78.79,09-22-2026 21:34:55:230,150906,173134
78.8,09-22-2026 21:34:55:240,150874,173142
78.81,09-22-2026 21:34:55:250,150914,173129
78.82,09-22-2026 21:34:55:260,150875,173143
78.83,09-22-2026 21:34:55:270,150901,173146
78.84,09-22-2026 21:34:55:280,150876,173131
78.85,09-22-2026 21:34:55:290,150914,173127
78.86,09-22-2026 21:34:55:300,150882,173139
78.87,09-22-2026 21:34:55:310,150909,173150
78.88,09-22-2026 21:34:55:320,150879,173137
78.89,09-22-2026 21:34:55:330,150903,173127
78.9,09-22-2026 21:34:55:340,150875,173134
78.91,09-22-2026 21:34:55:350,150907,173117
78.92,09-22-2026 21:34:55:360,150877,173126
78.93,09-22-2026 21:34:55:370,150912,173129
78.94,09-22-2026 21:34:55:380,150886,173137
78.95,09-22-2026 21:34:55:390,150886,173136
78.96,09-22-2026 21:34:55:400,150879,173119
78.97,09-22-2026 21:34:55:410,150909,173115
78.98,09-22-2026 21:34:55:420,150893,173130
78.99,09-22-2026 21:34:55:430,150888,173125
79,09-22-2026 21:34:55:440,150874,173109
79.01,09-22-2026 21:34:55:450,150902,173110
79.02,09-22-2026 21:34:55:460,150890,173127
79.03,09-22-2026 21:34:55:470,150910,173128
79.04,09-22-2026 21:34:55:480,150872,173113
79.05,09-22-2026 21:34:55:490,150883,173135
79.06,09-22-2026 21:34:55:500,150889,173120
79.07,09-22-2026 21:34:55:510,150898,173129
79.08,09-22-2026 21:34:55:520,150878,173120
79.09,09-22-2026 21:34:55:530,150888,173132
79.1,09-22-2026 21:34:55:540,150890,173128
79.11,09-22-2026 21:34:55:550,150897,173124
79.12,09-22-2026 21:34:55:560,150898,173118
79.13,09-22-2026 21:34:55:570,150889,173143
79.14,09-22-2026 21:34:55:580,150893,173122
79.15,09-22-2026 21:34:55:590,150897,173132
79.16,09-22-2026 21:34:55:600,150910,173117
79.17,09-22-2026 21:34:55:610,150910,173122
79.18,09-22-2026 21:34:55:620,150895,173128
79.19,09-22-2026 21:34:55:630,150904,173127
79.2,09-22-2026 21:34:55:640,150895,173104
79.21,09-22-2026 21:34:55:650,150898,173112
79.22,09-22-2026 21:34:55:660,150900,173125
79.23,09-22-2026 21:34:55:670,150893,173133
79.24,09-22-2026 21:34:55:680,150915,173112
79.25,09-22-2026 21:34:55:690,150893,173125
79.26,09-22-2026 21:34:55:700,150908,173137
79.27,09-22-2026 21:34:55:710,150918,173131
79.28,09-22-2026 21:34:55:720,150908,173120
79.29,09-22-2026 21:34:55:730,150894,173123
79.3,09-22-2026 21:34:55:740,150894,173129
79.31,09-22-2026 21:34:55:750,150917,173132
79.32,09-22-2026 21:34:55:760,150897,173111
79.33,09-22-2026 21:34:55:770,150917,173130
79.34,09-22-2026 21:34:55:780,150919,173117
79.35,09-22-2026 21:34:55:790,150894,173133
79.36,09-22-2026 21:34:55:800,150898,173133
79.37,09-22-2026 21:34:55:810,150894,173124
79.38,09-22-2026 21:34:55:820,150912,173126
79.39,09-22-2026 21:34:55:830,150931,173133
79.4,09-22-2026 21:34:55:840,150912,173117
79.41,09-22-2026 21:34:55:850,150913,173124
79.42,09-22-2026 21:34:55:860,150910,173106
79.43,09-22-2026 21:34:55:870,150931,173139
79.44,09-22-2026 21:34:55:880,150907,173102
79.45,09-22-2026 21:34:55:890,150899,173140
79.46,09-22-2026 21:34:55:900,150901,173121
79.47,09-22-2026 21:34:55:910,150918,173122
79.48,09-22-2026 21:34:55:920,150891,173122
79.49,09-22-2026 21:34:55:930,150901,173137
79.5,09-22-2026 21:34:55:940,150914,173096
79.51,09-22-2026 21:34:55:950,150888,173124
79.52,09-22-2026 21:34:55:960,150906,173107
79.53,09-22-2026 21:34:55:970,150901,173135
79.54,09-22-2026 21:34:55:980,150909,173098
79.55,09-22-2026 21:34:55:990,150891,173139
79.56,09-22-2026 21:34:56:000,150893,173093
79.57,09-22-2026 21:34:56:010,150894,173128
79.58,09-22-2026 21:34:56:020,150888,173092
79.59,09-22-2026 21:34:56:030,150893,173139
79.6,09-22-2026 21:34:56:040,150883,173065
79.61,09-22-2026 21:34:56:050,150879,173133
79.62,09-22-2026 21:34:56:060,150874,173073
79.63,09-22-2026 21:34:56:070,150872,173129
79.64,09-22-2026 21:34:56:080,150891,173091
79.65,09-22-2026 21:34:56:090,150877,173119
79.66,09-22-2026 21:34:56:100,150897,173075
79.67,09-22-2026 21:34:56:110,150898,173120
79.68,09-22-2026 21:34:56:120,150864,173081
79.69,09-22-2026 21:34:56:130,150898,173131
79.7,09-22-2026 21:34:56:140,150873,173081
79.71,09-22-2026 21:34:56:150,150895,173134
79.72,09-22-2026 21:34:56:160,150894,173095
79.73,09-22-2026 21:34:56:170,150878,173134
79.74,09-22-2026 21:34:56:180,150890,173064
79.75,09-22-2026 21:34:56:190,150887,173127
79.76,09-22-2026 21:34:56:200,150890,173110
79.77,09-22-2026 21:34:56:210,150882,173137
79.78,09-22-2026 21:34:56:220,150897,173099
79.79,09-22-2026 21:34:56:230,150899,173130
79.8,09-22-2026 21:34:56:240,150889,173108
79.81,09-22-2026 21:34:56:250,150886,173141
79.82,09-22-2026 21:34:56:260,150901,173110
79.83,09-22-2026 21:34:56:270,150905,173121
79.84,09-22-2026 21:34:56:280,150897,173137
79.85,09-22-2026 21:34:56:290,150914,173120
79.86,09-22-2026 21:34:56:300,150898,173143
79.87,09-22-2026 21:34:56:310,150888,173120
79.88,09-22-2026 21:34:56:320,150895,173138
79.89,09-22-2026 21:34:56:330,150919,173131
79.9,09-22-2026 21:34:56:340,150909,173142
79.91,09-22-2026 21:34:56:350,150883,173139
79.92,09-22-2026 21:34:56:360,150914,173161
79.93,09-22-2026 21:34:56:370,150915,173121
79.94,09-22-2026 21:34:56:380,150901,173142
79.95,09-22-2026 21:34:56:390,150909,173117
79.96,09-22-2026 21:34:56:400,150902,173148
79.97,09-22-2026 21:34:56:410,150916,173112
79.98,09-22-2026 21:34:56:420,150897,173138
79.99,09-22-2026 21:34:56:430,150912,173123
80,09-22-2026 21:34:56:440,150913,173167
80.01,09-22-2026 21:34:56:450,150921,173134
80.02,09-22-2026 21:34:56:460,150913,173163
80.03,09-22-2026 21:34:56:470,150920,173135
80.04,09-22-2026 21:34:56:480,150922,173145
80.05,09-22-2026 21:34:56:490,150905,173112
80.06,09-22-2026 21:34:56:500,150918,173168
80.07,09-22-2026 21:34:56:510,150904,173131
80.08,09-22-2026 21:34:56:520,150922,173161
80.09,09-22-2026 21:34:56:530,150931,173126
80.1,09-22-2026 21:34:56:540,150931,173192
80.11,09-22-2026 21:34:56:550,150940,173140
80.12,09-22-2026 21:34:56:560,150932,173157
80.13,09-22-2026 21:34:56:570,150914,173133
80.14,09-22-2026 21:34:56:580,150928,173140
80.15,09-22-2026 21:34:56:590,150917,173131
80.16,09-22-2026 21:34:56:600,150919,173141
80.17,09-22-2026 21:34:56:610,150937,173133
80.18,09-22-2026 21:34:56:620,150922,173158
80.19,09-22-2026 21:34:56:630,150944,173131
80.2,09-22-2026 21:34:56:640,150928,173144
80.21,09-22-2026 21:34:56:650,150928,173161
80.22,09-22-2026 21:34:56:660,150930,173163
80.23,09-22-2026 21:34:56:670,150926,173130
80.24,09-22-2026 21:34:56:680,150906,173126
80.25,09-22-2026 21:34:56:690,150937,173125
80.26,09-22-2026 21:34:56:700,150925,173159
80.27,09-22-2026 21:34:56:710,150927,173140
80.28,09-22-2026 21:34:56:720,150912,173132
80.29,09-22-2026 21:34:56:730,150942,173150
80.3,09-22-2026 21:34:56:740,150897,173162
80.31,09-22-2026 21:34:56:750,150939,173145
80.32,09-22-2026 21:34:56:760,150920,173140
80.33,09-22-2026 21:34:56:770,150921,173145
80.34,09-22-2026 21:34:56:780,150907,173144
80.35,09-22-2026 21:34:56:790,150922,173121
80.36,09-22-2026 21:34:56:800,150891,173131
80.37,09-22-2026 21:34:56:810,150917,173126
80.38,09-22-2026 21:34:56:820,150882,173135
80.39,09-22-2026 21:34:56:830,150912,173132
80.4,09-22-2026 21:34:56:840,150861,173156
80.41,09-22-2026 21:34:56:850,150906,173134
80.42,09-22-2026 21:34:56:860,150862,173122
80.43,09-22-2026 21:34:56:870,150904,173129
80.44,09-22-2026 21:34:56:880,150864,173137
80.45,09-22-2026 21:34:56:890,150908,173149
80.46,09-22-2026 21:34:56:900,150866,173149
80.47,09-22-2026 21:34:56:910,150904,173138
80.48,09-22-2026 21:34:56:920,150858,173142
80.49,09-22-2026 21:34:56:930,150892,173150
80.5,09-22-2026 21:34:56:940,150867,173134
80.51,09-22-2026 21:34:56:950,150903,173147
80.52,09-22-2026 21:34:56:960,150873,173150
80.53,09-22-2026 21:34:56:970,150913,173144
80.54,09-22-2026 21:34:56:980,150880,173144
80.55,09-22-2026 21:34:56:990,150900,173156
80.56,09-22-2026 21:34:57:000,150855,173137
80.57,09-22-2026 21:34:57:010,150896,173150
80.58,09-22-2026 21:34:57:020,150883,173138
80.59,09-22-2026 21:34:57:030,150913,173152
80.6,09-22-2026 21:34:57:040,150878,173141
80.61,09-22-2026 21:34:57:050,150895,173155
80.62,09-22-2026 21:34:57:060,150909,173136
80.63,09-22-2026 21:34:57:070,150913,173147
80.64,09-22-2026 21:34:57:080,150883,173145
80.65,09-22-2026 21:34:57:090,150900,173145
80.66,09-22-2026 21:34:57:100,150914,173133
80.67,09-22-2026 21:34:57:110,150917,173147
80.68,09-22-2026 21:34:57:120,150925,173151
80.69,09-22-2026 21:34:57:130,150902,173138
80.7,09-22-2026 21:34:57:140,150921,173142
80.71,09-22-2026 21:34:57:150,150922,173126
80.72,09-22-2026 21:34:57:160,150938,173141
80.73,09-22-2026 21:34:57:170,150910,173122
80.74,09-22-2026 21:34:57:180,150928,173141
80.75,09-22-2026 21:34:57:190,150919,173141
80.76,09-22-2026 21:34:57:200,150946,173130
80.77,09-22-2026 21:34:57:210,150919,173116
80.78,09-22-2026 21:34:57:220,150929,173131
80.79,09-22-2026 21:34:57:230,150910,173118
80.8,09-22-2026 21:34:57:240,150947,173124
80.81,09-22-2026 21:34:57:250,150908,173129
80.82,09-22-2026 21:34:57:260,150940,173141
80.83,09-22-2026 21:34:57:270,150923,173128
80.84,09-22-2026 21:34:57:280,150961,173126
80.85,09-22-2026 21:34:57:290,150918,173125
80.86,09-22-2026 21:34:57:300,150953,173142
80.87,09-22-2026 21:34:57:310,150924,173125
80.88,09-22-2026 21:34:57:320,150967,173130
80.89,09-22-2026 21:34:57:330,150939,173132
80.9,09-22-2026 21:34:57:340,150979,173128
80.91,09-22-2026 21:34:57:350,150917,173140
80.92,09-22-2026 21:34:57:360,150962,173127
80.93,09-22-2026 21:34:57:370,150929,173133
80.94,09-22-2026 21:34:57:380,150944,173136
80.95,09-22-2026 21:34:57:390,150935,173127
80.96,09-22-2026 21:34:57:400,150945,173148
80.97,09-22-2026 21:34:57:410,150928,173129
80.98,09-22-2026 21:34:57:420,150937,173148
80.99,09-22-2026 21:34:57:430,150935,173133
81,09-22-2026 21:34:57:440,150960,173129
81.01,09-22-2026 21:34:57:450,150939,173140
81.02,09-22-2026 21:34:57:460,150949,173129
81.03,09-22-2026 21:34:57:470,150947,173128
81.04,09-22-2026 21:34:57:480,150947,173146
81.05,09-22-2026 21:34:57:490,150960,173135
81.06,09-22-2026 21:34:57:500,150944,173128
81.07,09-22-2026 21:34:57:510,150919,173131
81.08,09-22-2026 21:34:57:520,150946,173121
81.09,09-22-2026 21:34:57:530,150935,173137
81.1,09-22-2026 21:34:57:540,150942,173118
81.11,09-22-2026 21:34:57:550,150934,173128
81.12,09-22-2026 21:34:57:560,150929,173135
81.13,09-22-2026 21:34:57:570,150950,173122
81.14,09-22-2026 21:34:57:580,150932,173122
81.15,09-22-2026 21:34:57:590,150931,173134
81.16,09-22-2026 21:34:57:600,150935,173125
81.17,09-22-2026 21:34:57:610,150953,173153
81.18,09-22-2026 21:34:57:620,150955,173128
81.19,09-22-2026 21:34:57:630,150953,173141
81.2,09-22-2026 21:34:57:640,150956,173134
81.21,09-22-2026 21:34:57:650,150960,173121
81.22,09-22-2026 21:34:57:660,150947,173135
81.23,09-22-2026 21:34:57:670,150945,173116
81.24,09-22-2026 21:34:57:680,150962,173114
81.25,09-22-2026 21:34:57:690,150942,173136
81.26,09-22-2026 21:34:57:700,150961,173129
81.27,09-22-2026 21:34:57:710,150961,173143
81.28,09-22-2026 21:34:57:720,150955,173127
81.29,09-22-2026 21:34:57:730,150937,173120
81.3,09-22-2026 21:34:57:740,150959,173128
81.31,09-22-2026 21:34:57:750,150956,173148
81.32,09-22-2026 21:34:57:760,150951,173135
81.33,09-22-2026 21:34:57:770,150937,173139
81.34,09-22-2026 21:34:57:780,150960,173131
81.35,09-22-2026 21:34:57:790,150955,173142
81.36,09-22-2026 21:34:57:800,150934,173146
81.37,09-22-2026 21:34:57:810,150939,173137
81.38,09-22-2026 21:34:57:820,150935,173146
81.39,09-22-2026 21:34:57:830,150934,173137
81.4,09-22-2026 21:34:57:840,150933,173142
81.41,09-22-2026 21:34:57:850,150931,173131
81.42,09-22-2026 21:34:57:860,150923,173146
81.43,09-22-2026 21:34:57:870,150914,173126
81.44,09-22-2026 21:34:57:880,150917,173134
81.45,09-22-2026 21:34:57:890,150924,173134
81.46,09-22-2026 21:34:57:900,150890,173128
81.47,09-22-2026 21:34:57:910,150912,173121
81.48,09-22-2026 21:34:57:920,150910,173148
81.49,09-22-2026 21:34:57:930,150909,173137
81.5,09-22-2026 21:34:57:940,150903,173153
81.51,09-22-2026 21:34:57:950,150909,173111
81.52,09-22-2026 21:34:57:960,150893,173147
81.53,09-22-2026 21:34:57:970,150896,173113
81.54,09-22-2026 21:34:57:980,150915,173133
81.55,09-22-2026 21:34:57:990,150911,173109
81.56,09-22-2026 21:34:58:000,150896,173146
81.57,09-22-2026 21:34:58:010,150903,173100
81.58,09-22-2026 21:34:58:020,150912,173140
81.59,09-22-2026 21:34:58:030,150891,173102
81.6,09-22-2026 21:34:58:040,150892,173138
81.61,09-22-2026 21:34:58:050,150902,173094
81.62,09-22-2026 21:34:58:060,150918,173127
81.63,09-22-2026 21:34:58:070,150906,173069
81.64,09-22-2026 21:34:58:080,150905,173137
81.65,09-22-2026 21:34:58:090,150909,173097
81.66,09-22-2026 21:34:58:100,150906,173123
81.67,09-22-2026 21:34:58:110,150921,173065
81.68,09-22-2026 21:34:58:120,150912,173129
81.69,09-22-2026 21:34:58:130,150910,173088
81.7,09-22-2026 21:34:58:140,150905,173118
81.71,09-22-2026 21:34:58:150,150906,173085
81.72,09-22-2026 21:34:58:160,150914,173117
81.73,09-22-2026 21:34:58:170,150902,173097
81.74,09-22-2026 21:34:58:180,150905,173130
81.75,09-22-2026 21:34:58:190,150910,173102
81.76,09-22-2026 21:34:58:200,150929,173121
81.77,09-22-2026 21:34:58:210,150932,173108
81.78,09-22-2026 21:34:58:220,150933,173132
81.79,09-22-2026 21:34:58:230,150927,173112
81.8,09-22-2026 21:34:58:240,150914,173113
81.81,09-22-2026 21:34:58:250,150914,173124
81.82,09-22-2026 21:34:58:260,150947,173133
81.83,09-22-2026 21:34:58:270,150930,173129
81.84,09-22-2026 21:34:58:280,150940,173124
81.85,09-22-2026 21:34:58:290,150929,173104
81.86,09-22-2026 21:34:58:300,150932,173121
81.87,09-22-2026 21:34:58:310,150925,173139
81.88,09-22-2026 21:34:58:320,150938,173140
81.89,09-22-2026 21:34:58:330,150948,173145
81.9,09-22-2026 21:34:58:340,150949,173129
81.91,09-22-2026 21:34:58:350,150929,173152
81.92,09-22-2026 21:34:58:360,150924,173122
81.93,09-22-2026 21:34:58:370,150939,173139
81.94,09-22-2026 21:34:58:380,150948,173129
81.95,09-22-2026 21:34:58:390,150945,173142
81.96,09-22-2026 21:34:58:400,150953,173125
81.97,09-22-2026 21:34:58:410,150947,173131
81.98,09-22-2026 21:34:58:420,150931,173121
81.99,09-22-2026 21:34:58:430,150940,173152
82,09-22-2026 21:34:58:440,150964,173131
82.01,09-22-2026 21:34:58:450,150948,173136
82.02,09-22-2026 21:34:58:460,150940,173118
82.03,09-22-2026 21:34:58:470,150953,173154
82.04,09-22-2026 21:34:58:480,150940,173120
82.05,09-22-2026 21:34:58:490,150945,173143
82.06,09-22-2026 21:34:58:500,150957,173107
82.07,09-22-2026 21:34:58:510,150946,173160
82.08,09-22-2026 21:34:58:520,150954,173131
82.09,09-22-2026 21:34:58:530,150958,173168
82.1,09-22-2026 21:34:58:540,150964,173139
82.11,09-22-2026 21:34:58:550,150949,173166
82.12,09-22-2026 21:34:58:560,150943,173123
82.13,09-22-2026 21:34:58:570,150961,173142
82.14,09-22-2026 21:34:58:580,150972,173124
82.15,09-22-2026 21:34:58:590,150966,173137
82.16,09-22-2026 21:34:58:600,150971,173126
82.17,09-22-2026 21:34:58:610,150954,173139
82.18,09-22-2026 21:34:58:620,150956,173125
82.19,09-22-2026 21:34:58:630,150965,173150
82.2,09-22-2026 21:34:58:640,150962,173144
82.21,09-22-2026 21:34:58:650,150954,173137
82.22,09-22-2026 21:34:58:660,150957,173128
82.23,09-22-2026 21:34:58:670,150948,173116
82.24,09-22-2026 21:34:58:680,150940,173119
82.25,09-22-2026 21:34:58:690,150935,173119
82.26,09-22-2026 21:34:58:700,150956,173122
82.27,09-22-2026 21:34:58:710,150920,173117
82.28,09-22-2026 21:34:58:720,150930,173118
82.29,09-22-2026 21:34:58:730,150913,173121
82.3,09-22-2026 21:34:58:740,150933,173126
82.31,09-22-2026 21:34:58:750,150919,173118
82.32,09-22-2026 21:34:58:760,150941,173133
82.33,09-22-2026 21:34:58:770,150929,173133
82.34,09-22-2026 21:34:58:780,150921,173117
82.35,09-22-2026 21:34:58:790,150916,173133
82.36,09-22-2026 21:34:58:800,150926,173132
82.37,09-22-2026 21:34:58:810,150904,173121
82.38,09-22-2026 21:34:58:820,150934,173126
82.39,09-22-2026 21:34:58:830,150894,173131
82.4,09-22-2026 21:34:58:840,150906,173114
82.41,09-22-2026 21:34:58:850,150885,173102
82.42,09-22-2026 21:34:58:860,150932,173125
82.43,09-22-2026 21:34:58:870,150895,173126
82.44,09-22-2026 21:34:58:880,150929,173112
82.45,09-22-2026 21:34:58:890,150892,173133
82.46,09-22-2026 21:34:58:900,150932,173143
82.47,09-22-2026 21:34:58:910,150888,173120
82.48,09-22-2026 21:34:58:920,150944,173123
82.49,09-22-2026 21:34:58:930,150884,173124
82.5,09-22-2026 21:34:58:940,150928,173120
82.51,09-22-2026 21:34:58:950,150907,173114
82.52,09-22-2026 21:34:58:960,150951,173127
82.53,09-22-2026 21:34:58:970,150910,173125
82.54,09-22-2026 21:34:58:980,150949,173127
82.55,09-22-2026 21:34:58:990,150924,173138
82.56,09-22-2026 21:34:59:000,150958,173126
82.57,09-22-2026 21:34:59:010,150933,173121
82.58,09-22-2026 21:34:59:020,150967,173110
82.59,09-22-2026 21:34:59:030,150932,173111
82.6,09-22-2026 21:34:59:040,150958,173124
82.61,09-22-2026 21:34:59:050,150949,173108
82.62,09-22-2026 21:34:59:060,150955,173120
82.63,09-22-2026 21:34:59:070,150947,173100
82.64,09-22-2026 21:34:59:080,150960,173107
82.65,09-22-2026 21:34:59:090,150983,173126
82.66,09-22-2026 21:34:59:100,150971,173124
82.67,09-22-2026 21:34:59:110,150972,173123
82.68,09-22-2026 21:34:59:120,150980,173123
82.69,09-22-2026 21:34:59:130,150966,173125
82.7,09-22-2026 21:34:59:140,150980,173114
82.71,09-22-2026 21:34:59:150,150985,173117
82.72,09-22-2026 21:34:59:160,150980,173105
82.73,09-22-2026 21:34:59:170,150985,173098
82.74,09-22-2026 21:34:59:180,150981,173094
82.75,09-22-2026 21:34:59:190,150992,173096
82.76,09-22-2026 21:34:59:200,150987,173123
82.77,09-22-2026 21:34:59:210,150993,173114
82.78,09-22-2026 21:34:59:220,150977,173102
82.79,09-22-2026 21:34:59:230,150990,173100
82.8,09-22-2026 21:34:59:240,150962,173094
82.81,09-22-2026 21:34:59:250,151013,173120
82.82,09-22-2026 21:34:59:260,150966,173105
82.83,09-22-2026 21:34:59:270,151008,173107
82.84,09-22-2026 21:34:59:280,150988,173122
82.85,09-22-2026 21:34:59:290,151011,173121
82.86,09-22-2026 21:34:59:300,150971,173102
82.87,09-22-2026 21:34:59:310,151014,173096
82.88,09-22-2026 21:34:59:320,150995,173118
82.89,09-22-2026 21:34:59:330,151020,173122
82.9,09-22-2026 21:34:59:340,150982,173117
82.91,09-22-2026 21:34:59:350,151029,173108
82.92,09-22-2026 21:34:59:360,150984,173120
82.93,09-22-2026 21:34:59:370,151033,173121
82.94,09-22-2026 21:34:59:380,150987,173137
82.95,09-22-2026 21:34:59:390,151018,173152
82.96,09-22-2026 21:34:59:400,150992,173141
82.97,09-22-2026 21:34:59:410,151020,173146
82.98,09-22-2026 21:34:59:420,150999,173154
82.99,09-22-2026 21:34:59:430,151026,173136
83,09-22-2026 21:34:59:440,150994,173130
83.01,09-22-2026 21:34:59:450,151016,173140
83.02,09-22-2026 21:34:59:460,150986,173136
83.03,09-22-2026 21:34:59:470,150996,173140
83.04,09-22-2026 21:34:59:480,150994,173137
83.05,09-22-2026 21:34:59:490,151006,173136
83.06,09-22-2026 21:34:59:500,150995,173137
83.07,09-22-2026 21:34:59:510,151003,173149
83.08,09-22-2026 21:34:59:520,150986,173136
83.09,09-22-2026 21:34:59:530,150998,173152
83.1,09-22-2026 21:34:59:540,150980,173128
83.11,09-22-2026 21:34:59:550,150986,173139
83.12,09-22-2026 21:34:59:560,150997,173127
83.13,09-22-2026 21:34:59:570,150993,173152
83.14,09-22-2026 21:34:59:580,150984,173142
83.15,09-22-2026 21:34:59:590,150992,173146
83.16,09-22-2026 21:34:59:600,151010,173150
83.17,09-22-2026 21:34:59:610,150983,173144
83.18,09-22-2026 21:34:59:620,150978,173150
83.19,09-22-2026 21:34:59:630,150973,173162
83.2,09-22-2026 21:34:59:640,150977,173151
83.21,09-22-2026 21:34:59:650,150964,173159
83.22,09-22-2026 21:34:59:660,150980,173147
83.23,09-22-2026 21:34:59:670,150955,173130
83.24,09-22-2026 21:34:59:680,150970,173178
83.25,09-22-2026 21:34:59:690,150974,173154
83.26,09-22-2026 21:34:59:700,150969,173147
83.27,09-22-2026 21:34:59:710,150966,173138
83.28,09-22-2026 21:34:59:720,150959,173145
83.29,09-22-2026 21:34:59:730,150970,173140
83.3,09-22-2026 21:34:59:740,150964,173131
83.31,09-22-2026 21:34:59:750,150959,173140
83.32,09-22-2026 21:34:59:760,150975,173152
83.33,09-22-2026 21:34:59:770,150975,173156
83.34,09-22-2026 21:34:59:780,150985,173157
83.35,09-22-2026 21:34:59:790,150959,173132
83.36,09-22-2026 21:34:59:800,150976,173136
83.37,09-22-2026 21:34:59:810,150946,173150
83.38,09-22-2026 21:34:59:820,150954,173148
83.39,09-22-2026 21:34:59:830,150963,173147
83.4,09-22-2026 21:34:59:840,150958,173127
83.41,09-22-2026 21:34:59:850,150984,173135
83.42,09-22-2026 21:34:59:860,150965,173116
83.43,09-22-2026 21:34:59:870,150982,173149
83.44,09-22-2026 21:34:59:880,150967,173134
83.45,09-22-2026 21:34:59:890,150966,173133
83.46,09-22-2026 21:34:59:900,150993,173129
83.47,09-22-2026 21:34:59:910,150981,173116
83.48,09-22-2026 21:34:59:920,150970,173111
83.49,09-22-2026 21:34:59:930,150977,173133
83.5,09-22-2026 21:34:59:940,150971,173084
83.51,09-22-2026 21:34:59:950,150964,173124
83.52,09-22-2026 21:34:59:960,150985,173100
83.53,09-22-2026 21:34:59:970,150961,173122
83.54,09-22-2026 21:34:59:980,150964,173097
83.55,09-22-2026 21:34:59:990,150965,173151
83.56,09-22-2026 21:35:00:000,150983,173101
83.57,09-22-2026 21:35:00:010,150968,173149
83.58,09-22-2026 21:35:00:020,150995,173094
83.59,09-22-2026 21:35:00:030,150980,173139
83.6,09-22-2026 21:35:00:040,150977,173107
83.61,09-22-2026 21:35:00:050,150981,173136
83.62,09-22-2026 21:35:00:060,150979,173098
83.63,09-22-2026 21:35:00:070,150986,173136
83.64,09-22-2026 21:35:00:080,150981,173085
83.65,09-22-2026 21:35:00:090,150971,173143
83.66,09-22-2026 21:35:00:100,150973,173095
83.67,09-22-2026 21:35:00:110,150982,173119
83.68,09-22-2026 21:35:00:120,150964,173096
83.69,09-22-2026 21:35:00:130,150984,173129
83.7,09-22-2026 21:35:00:140,150954,173093
83.71,09-22-2026 21:35:00:150,150976,173150
83.72,09-22-2026 21:35:00:160,150982,173088
83.73,09-22-2026 21:35:00:170,150973,173149
83.74,09-22-2026 21:35:00:180,150971,173095
83.75,09-22-2026 21:35:00:190,150983,173149
83.76,09-22-2026 21:35:00:200,150990,173101
83.77,09-22-2026 21:35:00:210,150972,173158
83.78,09-22-2026 21:35:00:220,150982,173098
83.79,09-22-2026 21:35:00:230,150972,173124
83.8,09-22-2026 21:35:00:240,150987,173117
83.81,09-22-2026 21:35:00:250,150984,173143
83.82,09-22-2026 21:35:00:260,150970,173112
83.83,09-22-2026 21:35:00:270,150987,173153
83.84,09-22-2026 21:35:00:280,150987,173115
83.85,09-22-2026 21:35:00:290,150988,173137
83.86,09-22-2026 21:35:00:300,150989,173144
83.87,09-22-2026 21:35:00:310,151000,173135
83.88,09-22-2026 21:35:00:320,150988,173138
83.89,09-22-2026 21:35:00:330,150995,173141
83.9,09-22-2026 21:35:00:340,151003,173153
83.91,09-22-2026 21:35:00:350,151004,173146
83.92,09-22-2026 21:35:00:360,150983,173151
83.93,09-22-2026 21:35:00:370,150979,173131
83.94,09-22-2026 21:35:00:380,150977,173149
83.95,09-22-2026 21:35:00:390,150997,173149
83.96,09-22-2026 21:35:00:400,150986,173159
83.97,09-22-2026 21:35:00:410,150983,173120
83.98,09-22-2026 21:35:00:420,150995,173146
83.99,09-22-2026 21:35:00:430,150988,173128
84,09-22-2026 21:35:00:440,150988,173148
84.01,09-22-2026 21:35:00:450,150999,173103
84.02,09-22-2026 21:35:00:460,151009,173147
84.03,09-22-2026 21:35:00:470,151004,173112
84.04,09-22-2026 21:35:00:480,150980,173129
84.05,09-22-2026 21:35:00:490,151013,173129
84.06,09-22-2026 21:35:00:500,151015,173141
84.07,09-22-2026 21:35:00:510,151025,173103
84.08,09-22-2026 21:35:00:520,151019,173157
84.09,09-22-2026 21:35:00:530,151006,173131
84.1,09-22-2026 21:35:00:540,151023,173135
84.11,09-22-2026 21:35:00:550,151014,173102
84.12,09-22-2026 21:35:00:560,151007,173143
84.13,09-22-2026 21:35:00:570,151001,173108
84.14,09-22-2026 21:35:00:580,150979,173149
84.15,09-22-2026 21:35:00:590,150991,173119
84.16,09-22-2026 21:35:00:600,150981,173136
84.17,09-22-2026 21:35:00:610,150989,173101
84.18,09-22-2026 21:35:00:620,151005,173133
84.19,09-22-2026 21:35:00:630,150991,173101
84.2,09-22-2026 21:35:00:640,150991,173107
84.21,09-22-2026 21:35:00:650,151002,173096
84.22,09-22-2026 21:35:00:660,150992,173112
84.23,09-22-2026 21:35:00:670,151004,173104
84.24,09-22-2026 21:35:00:680,150993,173107
84.25,09-22-2026 21:35:00:690,150984,173101
84.26,09-22-2026 21:35:00:700,150960,173112
84.27,09-22-2026 21:35:00:710,150985,173106
84.28,09-22-2026 21:35:00:720,150985,173113
84.29,09-22-2026 21:35:00:730,151000,173089
84.3,09-22-2026 21:35:00:740,150990,173107
84.31,09-22-2026 21:35:00:750,150982,173091
84.32,09-22-2026 21:35:00:760,150984,173117
84.33,09-22-2026 21:35:00:770,150996,173096
84.34,09-22-2026 21:35:00:780,150972,173108
84.35,09-22-2026 21:35:00:790,150987,173123
84.36,09-22-2026 21:35:00:800,150970,173102
84.37,09-22-2026 21:35:00:810,151017,173114
84.38,09-22-2026 21:35:00:820,150985,173105
84.39,09-22-2026 21:35:00:830,151001,173109
84.4,09-22-2026 21:35:00:840,150975,173120
84.41,09-22-2026 21:35:00:850,150992,173114
84.42,09-22-2026 21:35:00:860,150979,173122
84.43,09-22-2026 21:35:00:870,151014,173105
84.44,09-22-2026 21:35:00:880,150969,173112
84.45,09-22-2026 21:35:00:890,150997,173111
84.46,09-22-2026 21:35:00:900,150975,173128
84.47,09-22-2026 21:35:00:910,151008,173111
84.48,09-22-2026 21:35:00:920,150967,173113
84.49,09-22-2026 21:35:00:930,151017,173107
84.5,09-22-2026 21:35:00:940,150973,173104
84.51,09-22-2026 21:35:00:950,151014,173103
84.52,09-22-2026 21:35:00:960,150959,173115
84.53,09-22-2026 21:35:00:970,151008,173104
84.54,09-22-2026 21:35:00:980,150965,173096
84.55,09-22-2026 21:35:00:990,151004,173106
84.56,09-22-2026 21:35:01:000,150972,173104
84.57,09-22-2026 21:35:01:010,151010,173096
84.58,09-22-2026 21:35:01:020,150968,173097
84.59,09-22-2026 21:35:01:030,151025,173105
84.6,09-22-2026 21:35:01:040,150951,173119
84.61,09-22-2026 21:35:01:050,151010,173108
84.62,09-22-2026 21:35:01:060,150977,173097
84.63,09-22-2026 21:35:01:070,151021,173098
84.64,09-22-2026 21:35:01:080,150983,173086
84.65,09-22-2026 21:35:01:090,150998,173081
84.66,09-22-2026 21:35:01:100,150987,173119
84.67,09-22-2026 21:35:01:110,151023,173120
84.68,09-22-2026 21:35:01:120,151000,173113
84.69,09-22-2026 21:35:01:130,151024,173113
84.7,09-22-2026 21:35:01:140,151001,173116
84.71,09-22-2026 21:35:01:150,151034,173097
84.72,09-22-2026 21:35:01:160,151009,173096
84.73,09-22-2026 21:35:01:170,151022,173095
84.74,09-22-2026 21:35:01:180,151001,173111
84.75,09-22-2026 21:35:01:190,151022,173106
84.76,09-22-2026 21:35:01:200,151016,173117
84.77,09-22-2026 21:35:01:210,151031,173103
84.78,09-22-2026 21:35:01:220,151027,173111
84.79,09-22-2026 21:35:01:230,151032,173101
84.8,09-22-2026 21:35:01:240,151046,173124
84.81,09-22-2026 21:35:01:250,151030,173106
84.82,09-22-2026 21:35:01:260,151054,173112
84.83,09-22-2026 21:35:01:270,151045,173113
84.84,09-22-2026 21:35:01:280,151061,173115
84.85,09-22-2026 21:35:01:290,151020,173118
84.86,09-22-2026 21:35:01:300,151051,173114
84.87,09-22-2026 21:35:01:310,151043,173110
84.88,09-22-2026 21:35:01:320,151053,173104
84.89,09-22-2026 21:35:01:330,151052,173088
84.9,09-22-2026 21:35:01:340,151063,173096
84.91,09-22-2026 21:35:01:350,151057,173103
84.92,09-22-2026 21:35:01:360,151083,173105
84.93,09-22-2026 21:35:01:370,151060,173109
84.94,09-22-2026 21:35:01:380,151069,173106
84.95,09-22-2026 21:35:01:390,151049,173124
84.96,09-22-2026 21:35:01:400,151083,173111
84.97,09-22-2026 21:35:01:410,151043,173104
84.98,09-22-2026 21:35:01:420,151074,173097
84.99,09-22-2026 21:35:01:430,151043,173110
85,09-22-2026 21:35:01:440,151069,173114
85.01,09-22-2026 21:35:01:450,151028,173123
85.02,09-22-2026 21:35:01:460,151064,173115
85.03,09-22-2026 21:35:01:470,151021,173112
85.04,09-22-2026 21:35:01:480,151077,173117
85.05,09-22-2026 21:35:01:490,151016,173117
85.06,09-22-2026 21:35:01:500,151064,173112
85.07,09-22-2026 21:35:01:510,151029,173128
85.08,09-22-2026 21:35:01:520,151061,173119
85.09,09-22-2026 21:35:01:530,151011,173113
85.1,09-22-2026 21:35:01:540,151036,173102
85.11,09-22-2026 21:35:01:550,151021,173111
85.12,09-22-2026 21:35:01:560,151047,173113
85.13,09-22-2026 21:35:01:570,151012,173104
85.14,09-22-2026 21:35:01:580,151045,173109
85.15,09-22-2026 21:35:01:590,151024,173112
85.16,09-22-2026 21:35:01:600,151034,173119
85.17,09-22-2026 21:35:01:610,151010,173127
85.18,09-22-2026 21:35:01:620,151038,173118
85.19,09-22-2026 21:35:01:630,151024,173122
85.2,09-22-2026 21:35:01:640,151038,173132
85.21,09-22-2026 21:35:01:650,151024,173128
85.22,09-22-2026 21:35:01:660,151031,173133
85.23,09-22-2026 21:35:01:670,151020,173128
85.24,09-22-2026 21:35:01:680,151023,173127
85.25,09-22-2026 21:35:01:690,151016,173124
85.26,09-22-2026 21:35:01:700,151014,173142
85.27,09-22-2026 21:35:01:710,151033,173119
85.28,09-22-2026 21:35:01:720,151038,173127
85.29,09-22-2026 21:35:01:730,151033,173105
85.3,09-22-2026 21:35:01:740,151042,173138
85.31,09-22-2026 21:35:01:750,151028,173119
85.32,09-22-2026 21:35:01:760,151017,173134
85.33,09-22-2026 21:35:01:770,151033,173117
85.34,09-22-2026 21:35:01:780,151013,173130
85.35,09-22-2026 21:35:01:790,151027,173125
85.36,09-22-2026 21:35:01:800,151032,173131
85.37,09-22-2026 21:35:01:810,151021,173114
85.38,09-22-2026 21:35:01:820,151029,173127
85.39,09-22-2026 21:35:01:830,151029,173140
85.4,09-22-2026 21:35:01:840,151029,173129
85.41,09-22-2026 21:35:01:850,151033,173124
85.42,09-22-2026 21:35:01:860,151031,173118
85.43,09-22-2026 21:35:01:870,151020,173119
85.44,09-22-2026 21:35:01:880,151050,173124
85.45,09-22-2026 21:35:01:890,151040,173119
85.46,09-22-2026 21:35:01:900,151045,173127
85.47,09-22-2026 21:35:01:910,151045,173106
85.48,09-22-2026 21:35:01:920,151052,173111
85.49,09-22-2026 21:35:01:930,151036,173115
85.5,09-22-2026 21:35:01:940,151055,173124
85.51,09-22-2026 21:35:01:950,151050,173128
85.52,09-22-2026 21:35:01:960,151049,173112
85.53,09-22-2026 21:35:01:970,151066,173110
85.54,09-22-2026 21:35:01:980,151052,173124
85.55,09-22-2026 21:35:01:990,151058,173112
85.56,09-22-2026 21:35:02:000,151066,173123
85.57,09-22-2026 21:35:02:010,151053,173102
85.58,09-22-2026 21:35:02:020,151040,173096
85.59,09-22-2026 21:35:02:030,151047,173114
85.6,09-22-2026 21:35:02:040,151056,173110
85.61,09-22-2026 21:35:02:050,151059,173101
85.62,09-22-2026 21:35:02:060,151046,173132
85.63,09-22-2026 21:35:02:070,151053,173103
85.64,09-22-2026 21:35:02:080,151061,173120
85.65,09-22-2026 21:35:02:090,151051,173125
85.66,09-22-2026 21:35:02:100,151043,173107
85.67,09-22-2026 21:35:02:110,151048,173106
85.68,09-22-2026 21:35:02:120,151066,173110
85.69,09-22-2026 21:35:02:130,151043,173105
85.7,09-22-2026 21:35:02:140,151049,173105
85.71,09-22-2026 21:35:02:150,151058,173110
85.72,09-22-2026 21:35:02:160,151051,173112
85.73,09-22-2026 21:35:02:170,151051,173120
85.74,09-22-2026 21:35:02:180,151057,173104
85.75,09-22-2026 21:35:02:190,151062,173135
85.76,09-22-2026 21:35:02:200,151060,173087
85.77,09-22-2026 21:35:02:210,151050,173114
85.78,09-22-2026 21:35:02:220,151071,173105
85.79,09-22-2026 21:35:02:230,151058,173137
85.8,09-22-2026 21:35:02:240,151070,173084
85.81,09-22-2026 21:35:02:250,151071,173125
85.82,09-22-2026 21:35:02:260,151064,173090
85.83,09-22-2026 21:35:02:270,151067,173135
85.84,09-22-2026 21:35:02:280,151069,173095
85.85,09-22-2026 21:35:02:290,151070,173117
85.86,09-22-2026 21:35:02:300,151061,173087
85.87,09-22-2026 21:35:02:310,151059,173128
85.88,09-22-2026 21:35:02:320,151070,173093
85.89,09-22-2026 21:35:02:330,151061,173126
85.9,09-22-2026 21:35:02:340,151078,173080
85.91,09-22-2026 21:35:02:350,151050,173110
85.92,09-22-2026 21:35:02:360,151067,173082
85.93,09-22-2026 21:35:02:370,151085,173122
85.94,09-22-2026 21:35:02:380,151066,173102
85.95,09-22-2026 21:35:02:390,151069,173133
85.96,09-22-2026 21:35:02:400,151071,173077
85.97,09-22-2026 21:35:02:410,151072,173129
85.98,09-22-2026 21:35:02:420,151060,173089
85.99,09-22-2026 21:35:02:430,151053,173134
86,09-22-2026 21:35:02:440,151049,173079
86.01,09-22-2026 21:35:02:450,151045,173140
86.02,09-22-2026 21:35:02:460,151052,173082
86.03,09-22-2026 21:35:02:470,151042,173147
86.04,09-22-2026 21:35:02:480,151038,173076
86.05,09-22-2026 21:35:02:490,151034,173142
86.06,09-22-2026 21:35:02:500,151047,173083
86.07,09-22-2026 21:35:02:510,151046,173152
86.08,09-22-2026 21:35:02:520,151022,173085
86.09,09-22-2026 21:35:02:530,151019,173147
86.1,09-22-2026 21:35:02:540,151023,173106
86.11,09-22-2026 21:35:02:550,151038,173135
86.12,09-22-2026 21:35:02:560,151043,173107
86.13,09-22-2026 21:35:02:570,151036,173127
86.14,09-22-2026 21:35:02:580,151015,173124
86.15,09-22-2026 21:35:02:590,151024,173141
86.16,09-22-2026 21:35:02:600,151031,173115
86.17,09-22-2026 21:35:02:610,151026,173133
86.18,09-22-2026 21:35:02:620,151042,173121
86.19,09-22-2026 21:35:02:630,151039,173155
86.2,09-22-2026 21:35:02:640,151027,173123
86.21,09-22-2026 21:35:02:650,151023,173130
86.22,09-22-2026 21:35:02:660,151030,173136
86.23,09-22-2026 21:35:02:670,151047,173148
86.24,09-22-2026 21:35:02:680,151033,173137
86.25,09-22-2026 21:35:02:690,151026,173145
86.26,09-22-2026 21:35:02:700,151053,173141
86.27,09-22-2026 21:35:02:710,151045,173149
86.28,09-22-2026 21:35:02:720,151061,173147
86.29,09-22-2026 21:35:02:730,151059,173149
86.3,09-22-2026 21:35:02:740,151058,173140
86.31,09-22-2026 21:35:02:750,151058,173136
86.32,09-22-2026 21:35:02:760,151069,173164
86.33,09-22-2026 21:35:02:770,151069,173138
86.34,09-22-2026 21:35:02:780,151036,173149
86.35,09-22-2026 21:35:02:790,151014,173137
86.36,09-22-2026 21:35:02:800,150948,173161
86.37,09-22-2026 21:35:02:810,150849,173140
86.38,09-22-2026 21:35:02:820,150761,173158
86.39,09-22-2026 21:35:02:830,150156,173136
86.4,09-22-2026 21:35:02:840,149771,173159
86.41,09-22-2026 21:35:02:850,148745,173153
86.42,09-22-2026 21:35:02:860,148137,173163
86.43,09-22-2026 21:35:02:870,148137,173155
86.44,09-22-2026 21:35:02:880,146465,173163
86.45,09-22-2026 21:35:02:890,142209,173130
86.46,09-22-2026 21:35:02:900,140385,173172
86.47,09-22-2026 21:35:02:910,140385,173131
86.48,09-22-2026 21:35:02:920,139169,173161
86.49,09-22-2026 21:35:02:930,139093,173145
86.5,09-22-2026 21:35:02:940,140309,173179
86.51,09-22-2026 21:35:02:950,140631,173131
86.52,09-22-2026 21:35:02:960,140884,173193
86.53,09-22-2026 21:35:02:970,141160,173136
86.54,09-22-2026 21:35:02:980,140309,173159
86.55,09-22-2026 21:35:02:990,140424,173137
86.56,09-22-2026 21:35:03:000,139504,173165
86.57,09-22-2026 21:35:03:010,139320,173149
86.58,09-22-2026 21:35:03:020,139228,173168
86.59,09-22-2026 21:35:03:030,139481,173139
86.6,09-22-2026 21:35:03:040,138239,173174
86.61,09-22-2026 21:35:03:050,137342,173139
86.62,09-22-2026 21:35:03:060,136407,173191
86.63,09-22-2026 21:35:03:070,136187,173171
86.64,09-22-2026 21:35:03:080,136077,173213
86.65,09-22-2026 21:35:03:090,133382,173155
86.66,09-22-2026 21:35:03:100,133327,173223
86.67,09-22-2026 21:35:03:110,132337,173177
86.68,09-22-2026 21:35:03:120,131897,173141
86.69,09-22-2026 21:35:03:130,130742,173123
86.7,09-22-2026 21:35:03:140,130357,173071
86.71,09-22-2026 21:35:03:150,129509,172906
86.72,09-22-2026 21:35:03:160,129201,172766
86.73,09-22-2026 21:35:03:170,129201,172682
86.74,09-22-2026 21:35:03:180,128893,172122
86.75,09-22-2026 21:35:03:190,128805,171604
86.76,09-22-2026 21:35:03:200,128673,171408
86.77,09-22-2026 21:35:03:210,128475,171282
86.78,09-22-2026 21:35:03:220,128189,171240
86.79,09-22-2026 21:35:03:230,127683,171226
86.8,09-22-2026 21:35:03:240,126715,171380
86.81,09-22-2026 21:35:03:250,125695,171519
86.82,09-22-2026 21:35:03:260,126773,171623
86.83,09-22-2026 21:35:03:270,128621,171563
86.84,09-22-2026 21:35:03:280,130777,171483
86.85,09-22-2026 21:35:03:290,132009,171459
86.86,09-22-2026 21:35:03:300,131547,171335
86.87,09-22-2026 21:35:03:310,126465,171267
86.88,09-22-2026 21:35:03:320,131393,171255
86.89,09-22-2026 21:35:03:330,141403,171243
86.9,09-22-2026 21:35:03:340,145253,171131
86.91,09-22-2026 21:35:03:350,145319,170970
86.92,09-22-2026 21:35:03:360,143123,170904
86.93,09-22-2026 21:35:03:370,143609,170886
86.94,09-22-2026 21:35:03:380,143429,170892
86.95,09-22-2026 21:35:03:390,143411,170598
86.96,09-22-2026 21:35:03:400,143375,170556
86.97,09-22-2026 21:35:03:410,144689,170448
86.98,09-22-2026 21:35:03:420,145157,170418
86.99,09-22-2026 21:35:03:430,145157,170262
87,09-22-2026 21:35:03:440,145139,170232
87.01,09-22-2026 21:35:03:450,145064,169996
87.02,09-22-2026 21:35:03:460,144954,169888
87.03,09-22-2026 21:35:03:470,145009,169924
87.04,09-22-2026 21:35:03:480,145284,169780
87.05,09-22-2026 21:35:03:490,145768,169636
87.06,09-22-2026 21:35:03:500,146076,169672
87.07,09-22-2026 21:35:03:510,146153,169528
87.08,09-22-2026 21:35:03:520,146142,169312
87.09,09-22-2026 21:35:03:530,146186,168880
87.1,09-22-2026 21:35:03:540,146263,165424
87.11,09-22-2026 21:35:03:550,146328,160160
87.12,09-22-2026 21:35:03:560,146391,155445
87.13,09-22-2026 21:35:03:570,146439,151345
87.14,09-22-2026 21:35:03:580,146430,147450
87.15,09-22-2026 21:35:03:590,146493,146220
87.16,09-22-2026 21:35:03:600,146451,149295
87.17,09-22-2026 21:35:03:610,146499,160775
87.18,09-22-2026 21:35:03:620,146511,170205
87.19,09-22-2026 21:35:03:630,146583,171640
87.2,09-22-2026 21:35:03:640,146631,172255
87.21,09-22-2026 21:35:03:650,146791,172411
87.22,09-22-2026 21:35:03:660,146835,172146
87.23,09-22-2026 21:35:03:670,146935,172081
87.24,09-22-2026 21:35:03:680,146951,172066
87.25,09-22-2026 21:35:03:690,147023,172056
87.26,09-22-2026 21:35:03:700,147163,172141
87.27,09-22-2026 21:35:03:710,147159,172511
87.28,09-22-2026 21:35:03:720,147151,172536
87.29,09-22-2026 21:35:03:730,147199,172586
87.3,09-22-2026 21:35:03:740,147251,172591
87.31,09-22-2026 21:35:03:750,147367,172595
87.32,09-22-2026 21:35:03:760,147421,172571
87.33,09-22-2026 21:35:03:770,147497,172595
87.34,09-22-2026 21:35:03:780,147499,172667
87.35,09-22-2026 21:35:03:790,147541,172790
87.36,09-22-2026 21:35:03:800,147533,172862
87.37,09-22-2026 21:35:03:810,147567,172874
87.38,09-22-2026 21:35:03:820,147537,172880
87.39,09-22-2026 21:35:03:830,147531,172904
87.4,09-22-2026 21:35:03:840,147483,172934
87.41,09-22-2026 21:35:03:850,147501,172932
87.42,09-22-2026 21:35:03:860,147483,172974
87.43,09-22-2026 21:35:03:870,147495,172980
87.44,09-22-2026 21:35:03:880,147468,172978
87.45,09-22-2026 21:35:03:890,147468,172996
87.46,09-22-2026 21:35:03:900,147459,172974
87.47,09-22-2026 21:35:03:910,147432,173006
87.48,09-22-2026 21:35:03:920,147489,173008
87.49,09-22-2026 21:35:03:930,147567,173040
87.5,09-22-2026 21:35:03:940,147759,173070
87.51,09-22-2026 21:35:03:950,147703,173097
87.52,09-22-2026 21:35:03:960,147807,173095
87.53,09-22-2026 21:35:03:970,147976,173103
87.54,09-22-2026 21:35:03:980,148171,173120
87.55,09-22-2026 21:35:03:990,148353,173134
87.56,09-22-2026 21:35:04:000,148496,173161
87.57,09-22-2026 21:35:04:010,148522,173175
87.58,09-22-2026 21:35:04:020,148665,173176
87.59,09-22-2026 21:35:04:030,147131,173187
87.6,09-22-2026 21:35:04:040,147456,173209
87.61,09-22-2026 21:35:04:050,147400,173243
87.62,09-22-2026 21:35:04:060,147675,173228
87.63,09-22-2026 21:35:04:070,147620,173238
87.64,09-22-2026 21:35:04:080,146685,173243
87.65,09-22-2026 21:35:04:090,146025,173254
87.66,09-22-2026 21:35:04:100,145145,173249
87.67,09-22-2026 21:35:04:110,144485,173248
87.68,09-22-2026 21:35:04:120,143990,173254
87.69,09-22-2026 21:35:04:130,141405,173233
87.7,09-22-2026 21:35:04:140,140745,173241
87.71,09-22-2026 21:35:04:150,137347,173251
87.72,09-22-2026 21:35:04:160,134911,173250
87.73,09-22-2026 21:35:04:170,132127,173239
87.74,09-22-2026 21:35:04:180,130387,173231
87.75,09-22-2026 21:35:04:190,129517,173249
87.76,09-22-2026 21:35:04:200,128299,173216
87.77,09-22-2026 21:35:04:210,127690,173226
87.78,09-22-2026 21:35:04:220,127342,173216
87.79,09-22-2026 21:35:04:230,126907,173232
87.8,09-22-2026 21:35:04:240,126298,173272
87.81,09-22-2026 21:35:04:250,125948,173269
87.82,09-22-2026 21:35:04:260,126713,173289
87.83,09-22-2026 21:35:04:270,128198,173317
87.84,09-22-2026 21:35:04:280,129818,173323
87.85,09-22-2026 21:35:04:290,129188,173313
87.86,09-22-2026 21:35:04:300,128873,173275
87.87,09-22-2026 21:35:04:310,128378,173211
87.88,09-22-2026 21:35:04:320,127703,173149
87.89,09-22-2026 21:35:04:330,126263,173211
87.9,09-22-2026 21:35:04:340,124103,173231
87.91,09-22-2026 21:35:04:350,122787,173093
87.92,09-22-2026 21:35:04:360,121907,172855
87.93,09-22-2026 21:35:04:370,119795,172743
87.94,09-22-2026 21:35:04:380,118563,172547
87.95,09-22-2026 21:35:04:390,116363,172407
87.96,09-22-2026 21:35:04:400,114955,172323
87.97,09-22-2026 21:35:04:410,113459,172169
87.98,09-22-2026 21:35:04:420,112755,172029
87.99,09-22-2026 21:35:04:430,111963,171469
88,09-22-2026 21:35:04:440,111611,171329
88.01,09-22-2026 21:35:04:450,111334,170789
88.02,09-22-2026 21:35:04:460,111719,170464
88.03,09-22-2026 21:35:04:470,112034,170139
88.04,09-22-2026 21:35:04:480,112209,169879
88.05,09-22-2026 21:35:04:490,112524,169749
88.06,09-22-2026 21:35:04:500,112489,169294
88.07,09-22-2026 21:35:04:510,112839,168774
88.08,09-22-2026 21:35:04:520,113014,167864
88.09,09-22-2026 21:35:04:530,114239,165199
88.1,09-22-2026 21:35:04:540,115709,162599
88.11,09-22-2026 21:35:04:550,117552,160176
88.12,09-22-2026 21:35:04:560,120512,156126
88.13,09-22-2026 21:35:04:570,122032,150426
88.14,09-22-2026 21:35:04:580,123632,147426
88.15,09-22-2026 21:35:04:590,124912,145476
88.16,09-22-2026 21:35:04:600,125232,143226
88.17,09-22-2026 21:35:04:610,125632,141876
88.18,09-22-2026 21:35:04:620,124032,141126
88.19,09-22-2026 21:35:04:630,115472,141126
88.2,09-22-2026 21:35:04:640,117792,143526
88.21,09-22-2026 21:35:04:650,119081,143949
88.22,09-22-2026 21:35:04:660,120845,145609
88.23,09-22-2026 21:35:04:670,122609,147767
88.24,09-22-2026 21:35:04:680,121972,148597
88.25,09-22-2026 21:35:04:690,119473,150921
88.26,09-22-2026 21:35:04:700,116435,152581
88.27,09-22-2026 21:35:04:710,119571,153162
88.28,09-22-2026 21:35:04:720,118983,154490
88.29,09-22-2026 21:35:04:730,118101,154241
88.3,09-22-2026 21:35:04:740,119522,154075
88.31,09-22-2026 21:35:04:750,119717,153602
88.32,09-22-2026 21:35:04:760,119810,152918
88.33,09-22-2026 21:35:04:770,119978,152690
88.34,09-22-2026 21:35:04:780,119822,152519
88.35,09-22-2026 21:35:04:790,119813,152424
88.36,09-22-2026 21:35:04:800,119963,152310
88.37,09-22-2026 21:35:04:810,119897,152082
88.38,09-22-2026 21:35:04:820,119810,151968
88.39,09-22-2026 21:35:04:830,119936,151607
88.4,09-22-2026 21:35:04:840,120080,151284
88.41,09-22-2026 21:35:04:850,120059,151122
88.42,09-22-2026 21:35:04:860,120116,151218
88.43,09-22-2026 21:35:04:870,120134,150962
88.44,09-22-2026 21:35:04:880,120092,151538
88.45,09-22-2026 21:35:04:890,120293,150098
88.46,09-22-2026 21:35:04:900,120371,151602
88.47,09-22-2026 21:35:04:910,120374,153714
88.48,09-22-2026 21:35:04:920,120398,153682
88.49,09-22-2026 21:35:04:930,120350,154098
88.5,09-22-2026 21:35:04:940,120329,152786
88.51,09-22-2026 21:35:04:950,120288,143667
88.52,09-22-2026 21:35:04:960,120294,145299
88.53,09-22-2026 21:35:04:970,120372,147033
88.54,09-22-2026 21:35:04:980,120345,148359
88.55,09-22-2026 21:35:04:990,120345,147645
88.56,09-22-2026 21:35:05:000,120306,146319
88.57,09-22-2026 21:35:05:010,120300,149889
88.58,09-22-2026 21:35:05:020,120135,151725
88.59,09-22-2026 21:35:05:030,120090,156621
88.6,09-22-2026 21:35:05:040,120024,156111
88.61,09-22-2026 21:35:05:050,119970,156962
88.62,09-22-2026 21:35:05:060,119970,158848
88.63,09-22-2026 21:35:05:070,120075,155773
88.64,09-22-2026 21:35:05:080,120621,155527
88.65,09-22-2026 21:35:05:090,120537,155199
88.66,09-22-2026 21:35:05:100,120600,155199
88.67,09-22-2026 21:35:05:110,120663,155732
88.68,09-22-2026 21:35:05:120,122217,157126
88.69,09-22-2026 21:35:05:130,122490,160365
88.7,09-22-2026 21:35:05:140,122532,159668
88.71,09-22-2026 21:35:05:150,122519,159734
88.72,09-22-2026 21:35:05:160,122519,159316
88.73,09-22-2026 21:35:05:170,122519,159164
88.74,09-22-2026 21:35:05:180,125301,159126
88.75,09-22-2026 21:35:05:190,126585,160874
88.76,09-22-2026 21:35:05:200,130116,162394
88.77,09-22-2026 21:35:05:210,132149,162584
88.78,09-22-2026 21:35:05:220,133968,163496
88.79,09-22-2026 21:35:05:230,135145,163800
88.8,09-22-2026 21:35:05:240,136108,163914
88.81,09-22-2026 21:35:05:250,136312,164177
88.82,09-22-2026 21:35:05:260,136728,164303
88.83,09-22-2026 21:35:05:270,137118,163313
88.84,09-22-2026 21:35:05:280,137352,162989
88.85,09-22-2026 21:35:05:290,137742,163295
88.86,09-22-2026 21:35:05:300,138444,163475
88.87,09-22-2026 21:35:05:310,139016,163745
88.88,09-22-2026 21:35:05:320,139198,164825
88.89,09-22-2026 21:35:05:330,139302,165077
88.9,09-22-2026 21:35:05:340,139614,165221
88.91,09-22-2026 21:35:05:350,139903,165610
88.92,09-22-2026 21:35:05:360,140043,165630
88.93,09-22-2026 21:35:05:370,140208,167550
88.94,09-22-2026 21:35:05:380,140278,167470
88.95,09-22-2026 21:35:05:390,140318,167510
88.96,09-22-2026 21:35:05:400,140328,167510
88.97,09-22-2026 21:35:05:410,140378,167550
88.98,09-22-2026 21:35:05:420,140273,168050
88.99,09-22-2026 21:35:05:430,139863,168130
89,09-22-2026 21:35:05:440,139858,168090
89.01,09-22-2026 21:35:05:450,139279,168138
89.02,09-22-2026 21:35:05:460,139279,168108
89.03,09-22-2026 21:35:05:470,139153,168138
89.04,09-22-2026 21:35:05:480,138901,168768
89.05,09-22-2026 21:35:05:490,136255,169053
89.06,09-22-2026 21:35:05:500,135751,169503
89.07,09-22-2026 21:35:05:510,133357,169953
89.08,09-22-2026 21:35:05:520,130585,169938
89.09,09-22-2026 21:35:05:530,127183,169878
89.1,09-22-2026 21:35:05:540,123277,169983
89.11,09-22-2026 21:35:05:550,119710,170062
89.12,09-22-2026 21:35:05:560,124085,170054
89.13,09-22-2026 21:35:05:570,131085,170126
89.14,09-22-2026 21:35:05:580,130960,170198
89.15,09-22-2026 21:35:05:590,130960,170302
89.16,09-22-2026 21:35:05:600,131085,170630
89.17,09-22-2026 21:35:05:610,131585,170886
89.18,09-22-2026 21:35:05:620,130710,170926
89.19,09-22-2026 21:35:05:630,135585,170934
89.2,09-22-2026 21:35:05:640,135085,170958
89.21,09-22-2026 21:35:05:650,129013,170935
89.22,09-22-2026 21:35:05:660,122325,170893
89.23,09-22-2026 21:35:05:670,129222,170865
89.24,09-22-2026 21:35:05:680,131939,170815
89.25,09-22-2026 21:35:05:690,135701,170801
89.26,09-22-2026 21:35:05:700,139881,170763
89.27,09-22-2026 21:35:05:710,142807,170771
89.28,09-22-2026 21:35:05:720,144479,170767
89.29,09-22-2026 21:35:05:730,145942,170813
89.3,09-22-2026 21:35:05:740,148868,170747
89.31,09-22-2026 21:35:05:750,160611,170667
89.32,09-22-2026 21:35:05:760,165643,170645
89.33,09-22-2026 21:35:05:770,169179,170579
89.34,09-22-2026 21:35:05:780,169043,170557
89.35,09-22-2026 21:35:05:790,167887,170029
89.36,09-22-2026 21:35:05:800,167071,169743
89.37,09-22-2026 21:35:05:810,167887,169369
89.38,09-22-2026 21:35:05:820,167887,169083
89.39,09-22-2026 21:35:05:830,167751,168555
89.4,09-22-2026 21:35:05:840,167887,167873
89.41,09-22-2026 21:35:05:850,167684,164727
89.42,09-22-2026 21:35:05:860,167421,169095
89.43,09-22-2026 21:35:05:870,167421,173047
89.44,09-22-2026 21:35:05:880,167684,172007
89.45,09-22-2026 21:35:05:890,163476,169719
89.46,09-22-2026 21:35:05:900,167421,168679
89.47,09-22-2026 21:35:05:910,167158,166391
89.48,09-22-2026 21:35:05:920,167421,162647
89.49,09-22-2026 21:35:05:930,156901,152663
89.5,09-22-2026 21:35:05:940,134283,146631
89.51,09-22-2026 21:35:05:950,149987,147921
89.52,09-22-2026 21:35:05:960,114491,153223
89.53,09-22-2026 21:35:05:970,78299,162140
89.54,09-22-2026 21:35:05:980,106835,162381
89.55,09-22-2026 21:35:05:990,123539,155151
89.56,09-22-2026 21:35:06:000,139547,144306
89.57,09-22-2026 21:35:06:010,156251,131774
89.58,09-22-2026 21:35:06:020,166691,132015
89.59,09-22-2026 21:35:06:030,166691,146475
89.6,09-22-2026 21:35:06:040,166691,151295
89.61,09-22-2026 21:35:06:050,167250,164184
89.62,09-22-2026 21:35:06:060,167287,162064
89.63,09-22-2026 21:35:06:070,167324,157559
89.64,09-22-2026 21:35:06:080,167435,159202
89.65,09-22-2026 21:35:06:090,167620,161269
89.66,09-22-2026 21:35:06:100,167842,160792
89.67,09-22-2026 21:35:06:110,168064,160580
89.68,09-22-2026 21:35:06:120,170839,160633
89.69,09-22-2026 21:35:06:130,171838,160845
89.7,09-22-2026 21:35:06:140,169655,161587
89.71,09-22-2026 21:35:06:150,168470,161339
89.72,09-22-2026 21:35:06:160,167950,161503
89.73,09-22-2026 21:35:06:170,167782,162323
89.74,09-22-2026 21:35:06:180,167614,163471
89.75,09-22-2026 21:35:06:190,167534,154451
89.76,09-22-2026 21:35:06:200,167502,162159
89.77,09-22-2026 21:35:06:210,167558,161831
89.78,09-22-2026 21:35:06:220,167534,165111
89.79,09-22-2026 21:35:06:230,167574,162979
89.8,09-22-2026 21:35:06:240,167582,144283
89.81,09-22-2026 21:35:06:250,167651,126868
89.82,09-22-2026 21:35:06:260,167651,104548
89.83,09-22-2026 21:35:06:270,167743,82228
89.84,09-22-2026 21:35:06:280,167904,110748
89.85,09-22-2026 21:35:06:290,168157,123148
89.86,09-22-2026 21:35:06:300,168456,139888
89.87,09-22-2026 21:35:06:310,169146,156008
89.88,09-22-2026 21:35:06:320,169859,160968
89.89,09-22-2026 21:35:06:330,170480,160968
89.9,09-22-2026 21:35:06:340,170388,160968
89.91,09-22-2026 21:35:06:350,169796,161572
89.92,09-22-2026 21:35:06:360,169186,161572
89.93,09-22-2026 21:35:06:370,168846,161572
89.94,09-22-2026 21:35:06:380,168646,161671
89.95,09-22-2026 21:35:06:390,168636,161770
89.96,09-22-2026 21:35:06:400,168636,162067
89.97,09-22-2026 21:35:06:410,168756,164047
89.98,09-22-2026 21:35:06:420,168826,172264
89.99,09-22-2026 21:35:06:430,168936,174145
90,09-22-2026 21:35:06:440,168966,169492
90.01,09-22-2026 21:35:06:450,168941,166375
90.02,09-22-2026 21:35:06:460,168905,164815
90.03,09-22-2026 21:35:06:470,168851,164287
90.04,09-22-2026 21:35:06:480,168835,163807
90.05,09-22-2026 21:35:06:490,168825,163519
90.06,09-22-2026 21:35:06:500,168851,163399
90.07,09-22-2026 21:35:06:510,168849,163399
90.08,09-22-2026 21:35:06:520,168833,163447
90.09,09-22-2026 21:35:06:530,168813,163519
90.1,09-22-2026 21:35:06:540,168789,163639
90.11,09-22-2026 21:35:06:550,168763,163771
90.12,09-22-2026 21:35:06:560,168775,163981
90.13,09-22-2026 21:35:06:570,168799,164541
90.14,09-22-2026 21:35:06:580,168791,165241
90.15,09-22-2026 21:35:06:590,168775,166081
90.16,09-22-2026 21:35:06:600,168777,167341
90.17,09-22-2026 21:35:06:610,168782,169301
90.18,09-22-2026 21:35:06:620,168746,171471
90.19,09-22-2026 21:35:06:630,168749,172661
90.2,09-22-2026 21:35:06:640,168740,172241
90.21,09-22-2026 21:35:06:650,168734,170744
90.22,09-22-2026 21:35:06:660,168745,169318
90.23,09-22-2026 21:35:06:670,168737,168421
90.24,09-22-2026 21:35:06:680,168736,167961
90.25,09-22-2026 21:35:06:690,168715,167869
90.26,09-22-2026 21:35:06:700,168713,167984
90.27,09-22-2026 21:35:06:710,168718,168283
90.28,09-22-2026 21:35:06:720,168695,168605
90.29,09-22-2026 21:35:06:730,168701,168904
90.3,09-22-2026 21:35:06:740,168702,168996
90.31,09-22-2026 21:35:06:750,168690,168949
90.32,09-22-2026 21:35:06:760,168707,168837
90.33,09-22-2026 21:35:06:770,168685,168755
90.34,09-22-2026 21:35:06:780,168694,168727
90.35,09-22-2026 21:35:06:790,168670,168783
90.36,09-22-2026 21:35:06:800,168666,168841
90.37,09-22-2026 21:35:06:810,168673,168883
90.38,09-22-2026 21:35:06:820,168663,168851
90.39,09-22-2026 21:35:06:830,168649,168825
90.4,09-22-2026 21:35:06:840,168648,168785
90.41,09-22-2026 21:35:06:850,168643,168776
90.42,09-22-2026 21:35:06:860,168654,168814
90.43,09-22-2026 21:35:06:870,168653,168834
90.44,09-22-2026 21:35:06:880,168637,168865
90.45,09-22-2026 21:35:06:890,168631,168862
90.46,09-22-2026 21:35:06:900,168632,168865
90.47,09-22-2026 21:35:06:910,168650,168872
90.48,09-22-2026 21:35:06:920,168658,168848
90.49,09-22-2026 21:35:06:930,168622,168879
90.5,09-22-2026 21:35:06:940,168612,168845
90.51,09-22-2026 21:35:06:950,168618,168914
90.52,09-22-2026 21:35:06:960,168607,168872
90.53,09-22-2026 21:35:06:970,168603,168924
90.54,09-22-2026 21:35:06:980,168606,168891
90.55,09-22-2026 21:35:06:990,168617,168933
90.56,09-22-2026 21:35:07:000,168582,168895
90.57,09-22-2026 21:35:07:010,168574,168945
90.58,09-22-2026 21:35:07:020,168578,168915
90.59,09-22-2026 21:35:07:030,168559,168930
90.6,09-22-2026 21:35:07:040,168599,168902
90.61,09-22-2026 21:35:07:050,168586,168970
90.62,09-22-2026 21:35:07:060,168585,168934
90.63,09-22-2026 21:35:07:070,168581,168979
90.64,09-22-2026 21:35:07:080,168567,168903
90.65,09-22-2026 21:35:07:090,168572,168960
90.66,09-22-2026 21:35:07:100,168569,168949
90.67,09-22-2026 21:35:07:110,168543,169020
90.68,09-22-2026 21:35:07:120,168546,168987
90.69,09-22-2026 21:35:07:130,168538,169011
90.7,09-22-2026 21:35:07:140,168529,168991
90.71,09-22-2026 21:35:07:150,168519,169036
90.72,09-22-2026 21:35:07:160,168512,169028
90.73,09-22-2026 21:35:07:170,168501,169092
90.74,09-22-2026 21:35:07:180,168504,169076
90.75,09-22-2026 21:35:07:190,168495,169096
90.76,09-22-2026 21:35:07:200,168469,169128
90.77,09-22-2026 21:35:07:210,168457,169196
90.78,09-22-2026 21:35:07:220,168472,169202
90.79,09-22-2026 21:35:07:230,168463,169212
90.8,09-22-2026 21:35:07:240,168474,169172
90.81,09-22-2026 21:35:07:250,168458,169201
90.82,09-22-2026 21:35:07:260,168451,169218
90.83,09-22-2026 21:35:07:270,168441,169236
90.84,09-22-2026 21:35:07:280,168425,169269
90.85,09-22-2026 21:35:07:290,168410,169250
90.86,09-22-2026 21:35:07:300,168404,169267
90.87,09-22-2026 21:35:07:310,168386,169240
90.88,09-22-2026 21:35:07:320,168398,169280
90.89,09-22-2026 21:35:07:330,168376,169282
90.9,09-22-2026 21:35:07:340,168398,169316
90.91,09-22-2026 21:35:07:350,168403,169304
90.92,09-22-2026 21:35:07:360,168408,169350
90.93,09-22-2026 21:35:07:370,168410,169338
90.94,09-22-2026 21:35:07:380,168390,169318
90.95,09-22-2026 21:35:07:390,168405,169323
90.96,09-22-2026 21:35:07:400,168393,169354
90.97,09-22-2026 21:35:07:410,168383,169326
90.98,09-22-2026 21:35:07:420,168377,169358
90.99,09-22-2026 21:35:07:430,168369,169345
91,09-22-2026 21:35:07:440,168373,169358
91.01,09-22-2026 21:35:07:450,168362,169336
91.02,09-22-2026 21:35:07:460,168358,169369
91.03,09-22-2026 21:35:07:470,168354,169350
91.04,09-22-2026 21:35:07:480,168339,169342
91.05,09-22-2026 21:35:07:490,168356,169285
91.06,09-22-2026 21:35:07:500,168350,169287
91.07,09-22-2026 21:35:07:510,168348,169270
91.08,09-22-2026 21:35:07:520,168352,169282
91.09,09-22-2026 21:35:07:530,168352,169271
91.1,09-22-2026 21:35:07:540,168327,169294
91.11,09-22-2026 21:35:07:550,168325,169268
91.12,09-22-2026 21:35:07:560,168324,169286
91.13,09-22-2026 21:35:07:570,168317,169232
91.14,09-22-2026 21:35:07:580,168328,169224
91.15,09-22-2026 21:35:07:590,168328,169178
91.16,09-22-2026 21:35:07:600,168302,169182
91.17,09-22-2026 21:35:07:610,168303,169142
91.18,09-22-2026 21:35:07:620,168307,169158
91.19,09-22-2026 21:35:07:630,168298,169152
91.2,09-22-2026 21:35:07:640,168302,169184
91.21,09-22-2026 21:35:07:650,168306,169202
91.22,09-22-2026 21:35:07:660,168295,169202
91.23,09-22-2026 21:35:07:670,168278,169210
91.24,09-22-2026 21:35:07:680,168264,169198
91.25,09-22-2026 21:35:07:690,168269,169192
91.26,09-22-2026 21:35:07:700,168252,169204
91.27,09-22-2026 21:35:07:710,168273,169206
91.28,09-22-2026 21:35:07:720,168248,169181
91.29,09-22-2026 21:35:07:730,168271,169164
91.3,09-22-2026 21:35:07:740,168230,169152
91.31,09-22-2026 21:35:07:750,168266,169158
91.32,09-22-2026 21:35:07:760,168216,169171
91.33,09-22-2026 21:35:07:770,168259,169188
91.34,09-22-2026 21:35:07:780,168220,169188
91.35,09-22-2026 21:35:07:790,168256,169189
91.36,09-22-2026 21:35:07:800,168224,169195
91.37,09-22-2026 21:35:07:810,168246,169195
91.38,09-22-2026 21:35:07:820,168203,169176
91.39,09-22-2026 21:35:07:830,168230,169189
91.4,09-22-2026 21:35:07:840,168201,169187
91.41,09-22-2026 21:35:07:850,168219,169201
91.42,09-22-2026 21:35:07:860,168186,169192
91.43,09-22-2026 21:35:07:870,168221,169193
91.44,09-22-2026 21:35:07:880,168162,169189
91.45,09-22-2026 21:35:07:890,168205,169201
91.46,09-22-2026 21:35:07:900,168132,169180
91.47,09-22-2026 21:35:07:910,168184,169170
91.48,09-22-2026 21:35:07:920,168143,169167
91.49,09-22-2026 21:35:07:930,168192,169161
91.5,09-22-2026 21:35:07:940,168149,169183
91.51,09-22-2026 21:35:07:950,168183,169185
91.52,09-22-2026 21:35:07:960,168167,169173
91.53,09-22-2026 21:35:07:970,168197,169164
91.54,09-22-2026 21:35:07:980,168153,169154
91.55,09-22-2026 21:35:07:990,168203,169175
91.56,09-22-2026 21:35:08:000,168177,169156
91.57,09-22-2026 21:35:08:010,168223,169169
91.58,09-22-2026 21:35:08:020,168221,169164
91.59,09-22-2026 21:35:08:030,168251,169155
91.6,09-22-2026 21:35:08:040,168287,169131
91.61,09-22-2026 21:35:08:050,168275,169157
91.62,09-22-2026 21:35:08:060,168275,169165
91.63,09-22-2026 21:35:08:070,168278,169165
91.64,09-22-2026 21:35:08:080,168304,169154
91.65,09-22-2026 21:35:08:090,168297,169170
91.66,09-22-2026 21:35:08:100,168344,169166
91.67,09-22-2026 21:35:08:110,168345,169173
91.68,09-22-2026 21:35:08:120,168356,169172
91.69,09-22-2026 21:35:08:130,168367,169176
91.7,09-22-2026 21:35:08:140,168384,169185
91.71,09-22-2026 21:35:08:150,168352,169166
91.72,09-22-2026 21:35:08:160,168380,169157
91.73,09-22-2026 21:35:08:170,168370,169144
91.74,09-22-2026 21:35:08:180,168377,169141
91.75,09-22-2026 21:35:08:190,168390,169157
91.76,09-22-2026 21:35:08:200,168407,169161
91.77,09-22-2026 21:35:08:210,168380,169137
91.78,09-22-2026 21:35:08:220,168404,169130
91.79,09-22-2026 21:35:08:230,168382,169165
91.8,09-22-2026 21:35:08:240,168408,169152
91.81,09-22-2026 21:35:08:250,168386,169195
91.82,09-22-2026 21:35:08:260,168415,169207
91.83,09-22-2026 21:35:08:270,168366,169195
91.84,09-22-2026 21:35:08:280,168412,169210
91.85,09-22-2026 21:35:08:290,168372,169231
91.86,09-22-2026 21:35:08:300,168435,169303
91.87,09-22-2026 21:35:08:310,168382,169345
91.88,09-22-2026 21:35:08:320,168426,169390
91.89,09-22-2026 21:35:08:330,168400,169456
91.9,09-22-2026 21:35:08:340,168406,169492
91.91,09-22-2026 21:35:08:350,168398,169516
91.92,09-22-2026 21:35:08:360,168408,169540
91.93,09-22-2026 21:35:08:370,168382,169561
91.94,09-22-2026 21:35:08:380,168400,169621
91.95,09-22-2026 21:35:08:390,168396,169669
91.96,09-22-2026 21:35:08:400,168394,169714
91.97,09-22-2026 21:35:08:410,168374,169786
91.98,09-22-2026 21:35:08:420,168346,169819
91.99,09-22-2026 21:35:08:430,168339,169858
92,09-22-2026 21:35:08:440,168331,169843
92.01,09-22-2026 21:35:08:450,168314,169858
92.02,09-22-2026 21:35:08:460,168299,169860
92.03,09-22-2026 21:35:08:470,168308,169898
92.04,09-22-2026 21:35:08:480,168309,169922
92.05,09-22-2026 21:35:08:490,168312,169952
92.06,09-22-2026 21:35:08:500,168337,169928
92.07,09-22-2026 21:35:08:510,168304,169937
92.08,09-22-2026 21:35:08:520,168283,169935
92.09,09-22-2026 21:35:08:530,168260,169931
92.1,09-22-2026 21:35:08:540,168213,169956
92.11,09-22-2026 21:35:08:550,168162,169957
92.12,09-22-2026 21:35:08:560,168131,169942
92.13,09-22-2026 21:35:08:570,168109,169948
92.14,09-22-2026 21:35:08:580,168131,169972
92.15,09-22-2026 21:35:08:590,168169,169955
92.16,09-22-2026 21:35:08:600,168195,169997
92.17,09-22-2026 21:35:08:610,168203,169970
92.18,09-22-2026 21:35:08:620,168208,169983
92.19,09-22-2026 21:35:08:630,168168,169979
92.2,09-22-2026 21:35:08:640,168164,169984
92.21,09-22-2026 21:35:08:650,168102,169995
92.22,09-22-2026 21:35:08:660,168122,169999
92.23,09-22-2026 21:35:08:670,168138,169967
92.24,09-22-2026 21:35:08:680,168164,169951
92.25,09-22-2026 21:35:08:690,168198,169937
92.26,09-22-2026 21:35:08:700,168212,169937
92.27,09-22-2026 21:35:08:710,168218,169931
92.28,09-22-2026 21:35:08:720,168232,169911
92.29,09-22-2026 21:35:08:730,168236,169873
92.3,09-22-2026 21:35:08:740,168232,169851
92.31,09-22-2026 21:35:08:750,168245,169824
92.32,09-22-2026 21:35:08:760,168267,169824
92.33,09-22-2026 21:35:08:770,168269,169818
92.34,09-22-2026 21:35:08:780,168272,169827
92.35,09-22-2026 21:35:08:790,168267,169833
92.36,09-22-2026 21:35:08:800,168259,169839
92.37,09-22-2026 21:35:08:810,168264,169800
92.38,09-22-2026 21:35:08:820,168263,169761
92.39,09-22-2026 21:35:08:830,168276,169638
92.4,09-22-2026 21:35:08:840,168273,169521
92.41,09-22-2026 21:35:08:850,168300,169321
92.42,09-22-2026 21:35:08:860,168302,169225
92.43,09-22-2026 21:35:08:870,168314,169171
92.44,09-22-2026 21:35:08:880,168332,169233
92.45,09-22-2026 21:35:08:890,168364,169295
92.46,09-22-2026 21:35:08:900,168370,169379
92.47,09-22-2026 21:35:08:910,168396,169361
92.48,09-22-2026 21:35:08:920,168418,169339
92.49,09-22-2026 21:35:08:930,168420,169241
92.5,09-22-2026 21:35:08:940,168434,169189
92.51,09-22-2026 21:35:08:950,168410,169070
92.52,09-22-2026 21:35:08:960,168398,169076
92.53,09-22-2026 21:35:08:970,168405,169079
92.54,09-22-2026 21:35:08:980,168414,169199
92.55,09-22-2026 21:35:08:990,168441,169235
92.56,09-22-2026 21:35:09:000,168441,169367
92.57,09-22-2026 21:35:09:010,168446,169319
92.58,09-22-2026 21:35:09:020,168423,169373
92.59,09-22-2026 21:35:09:030,168440,169307
92.6,09-22-2026 21:35:09:040,168411,169352
92.61,09-22-2026 21:35:09:050,168425,169348
92.62,09-22-2026 21:35:09:060,168479,169442
92.63,09-22-2026 21:35:09:070,168491,169408
92.64,09-22-2026 21:35:09:080,168487,169448
92.65,09-22-2026 21:35:09:090,168503,169406
92.66,09-22-2026 21:35:09:100,168509,169424
92.67,09-22-2026 21:35:09:110,168533,169416
92.68,09-22-2026 21:35:09:120,168561,169458
92.69,09-22-2026 21:35:09:130,168587,169454
92.7,09-22-2026 21:35:09:140,168539,169510
92.71,09-22-2026 21:35:09:150,168520,169480
92.72,09-22-2026 21:35:09:160,168463,169540
92.73,09-22-2026 21:35:09:170,168421,169546
92.74,09-22-2026 21:35:09:180,168370,169627
92.75,09-22-2026 21:35:09:190,168322,169606
92.76,09-22-2026 21:35:09:200,168295,169684
92.77,09-22-2026 21:35:09:210,168256,169723
92.78,09-22-2026 21:35:09:220,168220,169789
92.79,09-22-2026 21:35:09:230,168160,169798
92.8,09-22-2026 21:35:09:240,168145,169804
92.81,09-22-2026 21:35:09:250,168150,169808
92.82,09-22-2026 21:35:09:260,168102,169796
92.83,09-22-2026 21:35:09:270,168080,169829
92.84,09-22-2026 21:35:09:280,168086,169827
92.85,09-22-2026 21:35:09:290,168076,169878
92.86,09-22-2026 21:35:09:300,168030,169890
92.87,09-22-2026 21:35:09:310,167988,169910
92.88,09-22-2026 21:35:09:320,167968,169842
92.89,09-22-2026 21:35:09:330,167974,169863
92.9,09-22-2026 21:35:09:340,167984,169870
92.91,09-22-2026 21:35:09:350,168037,169936
92.92,09-22-2026 21:35:09:360,168517,170006
92.93,09-22-2026 21:35:09:370,169057,170042
92.94,09-22-2026 21:35:09:380,169117,170036
92.95,09-22-2026 21:35:09:390,169437,170088
92.96,09-22-2026 21:35:09:400,169637,170062
92.97,09-22-2026 21:35:09:410,169077,170110
92.98,09-22-2026 21:35:09:420,168037,170108
92.99,09-22-2026 21:35:09:430,167317,170154
93,09-22-2026 21:35:09:440,167117,170048
93.01,09-22-2026 21:35:09:450,166939,169963
93.02,09-22-2026 21:35:09:460,166811,169792
93.03,09-22-2026 21:35:09:470,166715,169693
93.04,09-22-2026 21:35:09:480,166647,169504
93.05,09-22-2026 21:35:09:490,166587,169441
93.06,09-22-2026 21:35:09:500,166567,169288
93.07,09-22-2026 21:35:09:510,166539,169207
93.08,09-22-2026 21:35:09:520,166491,169045
93.09,09-22-2026 21:35:09:530,166463,168955
93.1,09-22-2026 21:35:09:540,166451,168919
93.11,09-22-2026 21:35:09:550,166412,168935
93.12,09-22-2026 21:35:09:560,166398,168867
93.13,09-22-2026 21:35:09:570,166355,168939
93.14,09-22-2026 21:35:09:580,166366,168971
93.15,09-22-2026 21:35:09:590,166338,169009
93.16,09-22-2026 21:35:09:600,166327,168959
93.17,09-22-2026 21:35:09:610,166332,168953
93.18,09-22-2026 21:35:09:620,166359,168879
93.19,09-22-2026 21:35:09:630,166346,168933
93.2,09-22-2026 21:35:09:640,166364,168967
93.21,09-22-2026 21:35:09:650,166360,168991
93.22,09-22-2026 21:35:09:660,166380,170201
93.23,09-22-2026 21:35:09:670,166370,171741
93.24,09-22-2026 21:35:09:680,166410,172181
93.25,09-22-2026 21:35:09:690,166420,172456
93.26,09-22-2026 21:35:09:700,166530,172181
93.27,09-22-2026 21:35:09:710,166650,170806
93.28,09-22-2026 21:35:09:720,167010,168661
93.29,09-22-2026 21:35:09:730,167380,166461
93.3,09-22-2026 21:35:09:740,167600,165526
93.31,09-22-2026 21:35:09:750,167455,164916
93.32,09-22-2026 21:35:09:760,167401,164468
93.33,09-22-2026 21:35:09:770,167176,164146
93.34,09-22-2026 21:35:09:780,166996,163950
93.35,09-22-2026 21:35:09:790,166762,163796
93.36,09-22-2026 21:35:09:800,166699,163656
93.37,09-22-2026 21:35:09:810,166528,163502
93.38,09-22-2026 21:35:09:820,166537,163334
93.39,09-22-2026 21:35:09:830,166420,163306
93.4,09-22-2026 21:35:09:840,166447,163208
93.41,09-22-2026 21:35:09:850,166369,163138
93.42,09-22-2026 21:35:09:860,166399,163038
93.43,09-22-2026 21:35:09:870,166343,162990
93.44,09-22-2026 21:35:09:880,166381,162940
93.45,09-22-2026 21:35:09:890,166329,162908
93.46,09-22-2026 21:35:09:900,166371,162890
93.47,09-22-2026 21:35:09:910,166359,162924
93.48,09-22-2026 21:35:09:920,166387,162932
93.49,09-22-2026 21:35:09:930,166329,162926
93.5,09-22-2026 21:35:09:940,166495,162994
93.51,09-22-2026 21:35:09:950,166707,163000
93.52,09-22-2026 21:35:09:960,166690,163050
93.53,09-22-2026 21:35:09:970,167251,163125
93.54,09-22-2026 21:35:09:980,168407,163200
93.55,09-22-2026 21:35:09:990,168509,163325
93.56,09-22-2026 21:35:10:000,167234,163550
93.57,09-22-2026 21:35:10:010,166520,163950
93.58,09-22-2026 21:35:10:020,166367,164700
93.59,09-22-2026 21:35:10:030,166367,165675
93.6,09-22-2026 21:35:10:040,166350,166125
93.61,09-22-2026 21:35:10:050,166433,165862
93.62,09-22-2026 21:35:10:060,166434,165610
93.63,09-22-2026 21:35:10:070,166383,165169
93.64,09-22-2026 21:35:10:080,166362,164602
93.65,09-22-2026 21:35:10:090,166387,164098
93.66,09-22-2026 21:35:10:100,166384,163825
93.67,09-22-2026 21:35:10:110,166412,163615
93.68,09-22-2026 21:35:10:120,166428,163468
93.69,09-22-2026 21:35:10:130,166437,163342
93.7,09-22-2026 21:35:10:140,166415,163237
93.71,09-22-2026 21:35:10:150,166473,163139
93.72,09-22-2026 21:35:10:160,166488,163044
93.73,09-22-2026 21:35:10:170,166557,162959
93.74,09-22-2026 21:35:10:180,166644,162939
93.75,09-22-2026 21:35:10:190,166716,162944
93.76,09-22-2026 21:35:10:200,166779,162954
93.77,09-22-2026 21:35:10:210,166824,162984
93.78,09-22-2026 21:35:10:220,166770,162999
93.79,09-22-2026 21:35:10:230,166791,162884
93.8,09-22-2026 21:35:10:240,166734,162574
93.81,09-22-2026 21:35:10:250,166767,162331
93.82,09-22-2026 21:35:10:260,166932,162262
93.83,09-22-2026 21:35:10:270,166680,161158
93.84,09-22-2026 21:35:10:280,166590,159732
93.85,09-22-2026 21:35:10:290,166620,159893
93.86,09-22-2026 21:35:10:300,166599,161595
93.87,09-22-2026 21:35:10:310,166641,162469
93.88,09-22-2026 21:35:10:320,166614,162561
93.89,09-22-2026 21:35:10:330,166626,162607
93.9,09-22-2026 21:35:10:340,166677,162584
93.91,09-22-2026 21:35:10:350,166801,162500
93.92,09-22-2026 21:35:10:360,166837,162476
93.93,09-22-2026 21:35:10:370,166873,162596
93.94,09-22-2026 21:35:10:380,167125,162593
93.95,09-22-2026 21:35:10:390,167665,162581
93.96,09-22-2026 21:35:10:400,169825,162596
93.97,09-22-2026 21:35:10:410,171265,162593
93.98,09-22-2026 21:35:10:420,171121,162587
93.99,09-22-2026 21:35:10:430,169645,162749
94,09-22-2026 21:35:10:440,168997,162851
94.01,09-22-2026 21:35:10:450,168631,162963
94.02,09-22-2026 21:35:10:460,168127,163184
94.03,09-22-2026 21:35:10:470,167647,163587
94.04,09-22-2026 21:35:10:480,167407,163938
94.05,09-22-2026 21:35:10:490,167275,163847
94.06,09-22-2026 21:35:10:500,167191,164029
94.07,09-22-2026 21:35:10:510,167143,164042
94.08,09-22-2026 21:35:10:520,167143,164094
94.09,09-22-2026 21:35:10:530,167179,164432
94.1,09-22-2026 21:35:10:540,167323,164536
94.11,09-22-2026 21:35:10:550,167551,164216
94.12,09-22-2026 21:35:10:560,167719,164293
94.13,09-22-2026 21:35:10:570,167859,163537
94.14,09-22-2026 21:35:10:580,167927,163460
94.15,09-22-2026 21:35:10:590,167979,163446
94.16,09-22-2026 21:35:10:600,167971,163502
94.17,09-22-2026 21:35:10:610,167935,163558
94.18,09-22-2026 21:35:10:620,167887,163614
94.19,09-22-2026 21:35:10:630,167863,163719
94.2,09-22-2026 21:35:10:640,167847,163929
94.21,09-22-2026 21:35:10:650,167834,164343
94.22,09-22-2026 21:35:10:660,167822,164610
94.23,09-22-2026 21:35:10:670,167790,165055
94.24,09-22-2026 21:35:10:680,167808,166212
94.25,09-22-2026 21:35:10:690,167852,168526
94.26,09-22-2026 21:35:10:700,167892,173955
94.27,09-22-2026 21:35:10:710,167902,175646
94.28,09-22-2026 21:35:10:720,167932,174400
94.29,09-22-2026 21:35:10:730,167946,171196
94.3,09-22-2026 21:35:10:740,167972,169861
94.31,09-22-2026 21:35:10:750,167975,168879
94.32,09-22-2026 21:35:10:760,167959,167745
94.33,09-22-2026 21:35:10:770,167941,166746
94.34,09-22-2026 21:35:10:780,167921,166125
94.35,09-22-2026 21:35:10:790,167922,165801
94.36,09-22-2026 21:35:10:800,167917,165585
94.37,09-22-2026 21:35:10:810,167896,165504
94.38,09-22-2026 21:35:10:820,167878,165558
94.39,09-22-2026 21:35:10:830,167885,165828
94.4,09-22-2026 21:35:10:840,167885,166314
94.41,09-22-2026 21:35:10:850,167871,167295
94.42,09-22-2026 21:35:10:860,167887,168219
94.43,09-22-2026 21:35:10:870,167886,169185
94.44,09-22-2026 21:35:10:880,167909,169710
94.45,09-22-2026 21:35:10:890,167904,169920
94.46,09-22-2026 21:35:10:900,167922,169815
94.47,09-22-2026 21:35:10:910,167942,169668
94.48,09-22-2026 21:35:10:920,167952,169458
94.49,09-22-2026 21:35:10:930,167973,169332
94.5,09-22-2026 21:35:10:940,167968,169143
94.51,09-22-2026 21:35:10:950,167991,168978
94.52,09-22-2026 21:35:10:960,167983,168674
94.53,09-22-2026 21:35:10:970,167996,168474
94.54,09-22-2026 21:35:10:980,168015,168234
94.55,09-22-2026 21:35:10:990,168026,168178
94.56,09-22-2026 21:35:11:000,168033,168082
94.57,09-22-2026 21:35:11:010,168019,168146
94.58,09-22-2026 21:35:11:020,168030,168122
94.59,09-22-2026 21:35:11:030,168041,168218
94.6,09-22-2026 21:35:11:040,168033,168210
94.61,09-22-2026 21:35:11:050,168051,168302
94.62,09-22-2026 21:35:11:060,168044,168298
94.63,09-22-2026 21:35:11:070,168052,168362
94.64,09-22-2026 21:35:11:080,168046,168346
94.65,09-22-2026 21:35:11:090,168064,168404
94.66,09-22-2026 21:35:11:100,168057,168366
94.67,09-22-2026 21:35:11:110,168036,168366
94.68,09-22-2026 21:35:11:120,168013,168264
94.69,09-22-2026 21:35:11:130,167990,168234
94.7,09-22-2026 21:35:11:140,167969,168254
94.71,09-22-2026 21:35:11:150,167940,168237
94.72,09-22-2026 21:35:11:160,167925,168273
94.73,09-22-2026 21:35:11:170,167881,168269
94.74,09-22-2026 21:35:11:180,167886,168269
94.75,09-22-2026 21:35:11:190,167871,168253
94.76,09-22-2026 21:35:11:200,167865,168317
94.77,09-22-2026 21:35:11:210,167872,168405
94.78,09-22-2026 21:35:11:220,167866,168541
94.79,09-22-2026 21:35:11:230,167866,168585
94.8,09-22-2026 21:35:11:240,167864,168629
94.81,09-22-2026 21:35:11:250,167845,168636
94.82,09-22-2026 21:35:11:260,167852,168684
94.83,09-22-2026 21:35:11:270,167849,168724
94.84,09-22-2026 21:35:11:280,167861,168808
94.85,09-22-2026 21:35:11:290,167849,168838
94.86,09-22-2026 21:35:11:300,167834,168850
94.87,09-22-2026 21:35:11:310,167831,168830
94.88,09-22-2026 21:35:11:320,167840,168834
94.89,09-22-2026 21:35:11:330,167871,168814
94.9,09-22-2026 21:35:11:340,167894,168852
94.91,09-22-2026 21:35:11:350,167918,168874
94.92,09-22-2026 21:35:11:360,167984,168876
94.93,09-22-2026 21:35:11:370,168026,168852
94.94,09-22-2026 21:35:11:380,168072,168912
94.95,09-22-2026 21:35:11:390,168048,168902
94.96,09-22-2026 21:35:11:400,168070,168962
94.97,09-22-2026 21:35:11:410,168076,168934
94.98,09-22-2026 21:35:11:420,168066,168912
94.99,09-22-2026 21:35:11:430,168094,168856
95,09-22-2026 21:35:11:440,168088,168822
95.01,09-22-2026 21:35:11:450,168067,168796
95.02,09-22-2026 21:35:11:460,168099,168788
95.03,09-22-2026 21:35:11:470,168101,168738
95.04,09-22-2026 21:35:11:480,168101,168743
95.05,09-22-2026 21:35:11:490,168109,168717
95.06,09-22-2026 21:35:11:500,168079,168741
95.07,09-22-2026 21:35:11:510,168057,168744
95.08,09-22-2026 21:35:11:520,167999,168750
95.09,09-22-2026 21:35:11:530,167943,168762
95.1,09-22-2026 21:35:11:540,167897,168747
95.11,09-22-2026 21:35:11:550,167936,168744
95.12,09-22-2026 21:35:11:560,167978,168746
95.13,09-22-2026 21:35:11:570,167978,168746
95.14,09-22-2026 21:35:11:580,167918,168743
95.15,09-22-2026 21:35:11:590,167840,168742
95.16,09-22-2026 21:35:11:600,167582,168740
95.17,09-22-2026 21:35:11:610,167420,168725
95.18,09-22-2026 21:35:11:620,167270,168707
95.19,09-22-2026 21:35:11:630,167312,168719
95.2,09-22-2026 21:35:11:640,167324,168783
95.21,09-22-2026 21:35:11:650,167409,168891
95.22,09-22-2026 21:35:11:660,167444,169038
95.23,09-22-2026 21:35:11:670,167696,169155
95.24,09-22-2026 21:35:11:680,167878,169236
95.25,09-22-2026 21:35:11:690,168039,169227
95.26,09-22-2026 21:35:11:700,168144,169176
95.27,09-22-2026 21:35:11:710,168207,169131
95.28,09-22-2026 21:35:11:720,168158,169086
95.29,09-22-2026 21:35:11:730,168172,169065
95.3,09-22-2026 21:35:11:740,168116,169050
